employee_id,full_name,gender,dept_id,job_level,city,employment_type,hire_date,termination_date,status,monthly_salary_idr,satisfaction_score,last_performance_score,manager_id
1001,"Balidin Dongoran, S.T.",Male,9,Junior,Bandung,Permanent,2015-04-13,,Active,16680000,4.2,3.2,5095
1002,Darmana Mandala,Male,7,Mid,Medan,Permanent,2022-08-03,,Active,16330000,3.2,3.4,3090
1003,"Ciaobella Wastuti, M.Pd",Female,2,Mid,Bandung,Permanent,2015-05-11,2018-04-20,Resigned,25570000,4.5,4.0,3357
1004,Lantar Anggraini,Male,7,Mid,Yogyakarta,Permanent,2021-04-17,2024-11-03,Resigned,14590000,2.5,3.6,2039
1005,Among Iswahyudi,Female,5,Senior,Bandung,Permanent,2024-01-29,,Active,30100000,4.9,3.8,2689
1006,Daruna Mayasari,Female,2,Junior,Surabaya,Permanent,2018-02-12,,Active,20600000,4.3,4.0,2786
1007,Cut Putri Napitupulu,Female,3,Junior,Surabaya,Permanent,2016-02-01,,Active,19990000,2.6,4.1,1825
1008,"Sadina Palastri, S.Farm",Male,7,Junior,Jakarta,Probation,2023-03-08,,Active,12020000,3.1,3.7,2905
1009,Ikin Rahmawati,Female,6,Mid,Remote,Permanent,2015-11-19,,Active,19610000,3.8,3.6,1724
1010,Yessi Ardianto,Female,8,Lead,Jakarta,Permanent,2021-06-22,,Active,44500000,3.2,3.9,5008
1011,"KH. Capa Anggraini, S.Psi",Male,2,Mid,Jakarta,Contract,2023-09-02,,Active,27250000,3.8,3.5,3625
1012,Eva Pratama,Male,6,Mid,Remote,Contract,2019-04-06,,Active,20570000,5.0,3.6,5382
1013,"Tgk. Baktiono Iswahyudi, S.Sos",Male,5,Junior,Remote,Permanent,2019-02-25,,Active,15600000,3.3,3.0,2579
1014,Gatot Situmorang,Male,4,Mid,Medan,Permanent,2021-10-31,,Active,23260000,3.0,3.6,5248
1015,Tgk. Yani Gunawan,Male,9,Mid,Remote,Permanent,2020-03-08,,Active,18010000,3.1,3.6,1784
1016,"Michelle Nasyiah, S.IP",Male,1,Lead,Jakarta,Permanent,2022-09-05,,Active,53190000,3.9,1.8,4223
1017,Cindy Puspasari,Male,7,Lead,Surabaya,Permanent,2024-01-11,,Active,30890000,2.6,3.7,2112
1018,Yance Utami,Female,9,Mid,Yogyakarta,Contract,2017-05-20,,Active,22610000,4.6,2.9,3288
1019,dr. Ratih Nababan,Female,5,Senior,Bandung,Permanent,2016-08-08,,Active,35670000,5.0,3.9,3224
1020,"Betania Gunawan, S.H.",Female,1,Head,Medan,Permanent,2023-05-18,,Active,91010000,2.5,3.5,
1021,"T. Bahuwirya Pradipta, S.IP",Male,2,Mid,Jakarta,Permanent,2016-07-20,,Active,31250000,2.4,3.5,2602
1022,Indah Hasanah,Male,9,Junior,Remote,Permanent,2016-09-18,,Active,14960000,5.0,3.5,2600
1023,"Rafid Utama, S.E.",Male,3,Mid,Yogyakarta,Permanent,2019-04-26,,Active,30890000,3.5,2.9,5409
1024,Kamila Pranowo,Male,5,Senior,Remote,Contract,2022-08-18,,Active,26570000,2.5,3.6,2921
1025,"Emas Zulaika, S.Pt",Female,10,Senior,Jakarta,Permanent,2023-08-15,,Active,24570000,3.0,2.2,2873
1026,Hj. Ella Nasyidah,Male,6,Mid,Remote,Permanent,2020-02-02,2024-08-17,Resigned,21450000,3.2,3.4,3850
1027,"Hesti Marpaung, M.M.",Male,5,Intern,Remote,Permanent,2020-09-10,,Active,8940000,2.1,4.0,2636
1028,Humaira Uyainah,Male,7,Senior,Bandung,Permanent,2016-09-18,,Active,21770000,4.6,3.4,4053
1029,"Puti Prasetya, S.Psi",Male,1,Junior,Jakarta,Probation,2021-09-19,2022-04-06,Resigned,18590000,1.6,2.9,1548
1030,"Cut Ghaliyati Firmansyah, S.Psi",Female,3,Lead,Jakarta,Permanent,2017-09-07,2024-07-15,Resigned,61960000,2.4,3.3,3069
1031,Hasna Haryanto,Female,2,Senior,Bandung,Permanent,2024-02-25,2024-09-24,Resigned,43350000,3.2,3.6,1565
1032,Vino Purnawati,Male,2,Mid,Medan,Permanent,2017-12-21,,Active,27900000,3.2,4.3,2468
1033,"Iriana Prabowo, M.Kom.",Male,1,Mid,Remote,Permanent,2021-01-17,,Active,30130000,5.0,3.8,4372
1034,Syahrini Haryanti,Female,5,Mid,Remote,Permanent,2019-06-23,,Active,23590000,4.9,2.6,3790
1035,Eman Mandala,Female,7,Lead,Jakarta,Permanent,2016-05-10,,Active,33680000,3.1,3.4,4530
1036,Panca Purwanti,Male,8,Lead,Jakarta,Permanent,2021-08-07,,Active,40670000,3.5,3.1,4844
1037,T. Pangeran Padmasari,Male,10,Junior,Surabaya,Permanent,2017-07-26,2018-05-30,Resigned,13200000,2.4,3.6,2791
1038,Restu Wacana,Male,8,Mid,Bandung,Permanent,2018-02-14,,Active,25620000,1.6,3.4,3129
1039,Gawati Mandala,Female,2,Manager,Yogyakarta,Permanent,2017-09-22,,Active,69440000,5.0,2.9,3603
1040,drg. Bakijan Hardiansyah,Male,2,Senior,Yogyakarta,Permanent,2022-05-23,,Active,39430000,5.0,3.8,3490
1041,"Puti Eva Utami, S.E.",Male,3,Senior,Remote,Permanent,2022-07-21,,Active,39340000,3.8,2.5,2654
1042,"Ir. Indra Riyanti, S.Pt",Female,6,Junior,Jakarta,Permanent,2023-03-02,,Active,12190000,3.4,4.5,1633
1043,Kezia Riyanti,Male,4,Mid,Yogyakarta,Permanent,2021-01-05,,Active,25190000,4.2,3.9,5241
1044,Paris Ramadan,Female,10,Mid,Jakarta,Permanent,2017-10-20,,Active,19130000,2.1,3.9,2838
1045,Dt. Maman Latupono,Male,1,Junior,Medan,Contract,2015-07-27,,Active,22060000,3.2,2.9,1529
1046,"Timbul Nasyiah, S.T.",Male,8,Junior,Bandung,Permanent,2023-06-14,,Active,16960000,2.6,4.6,3568
1047,"Ir. Ganep Kusumo, S.Pd",Female,10,Senior,Jakarta,Permanent,2017-05-25,,Active,24480000,4.0,2.6,2218
1048,Endah Hasanah,Male,10,Manager,Yogyakarta,Permanent,2019-05-19,,Active,48480000,3.8,2.7,2147
1049,Xanana Saptono,Female,7,Mid,Bandung,Probation,2016-09-26,,Active,17080000,3.6,3.7,5432
1050,KH. Cemani Mayasari,Male,4,Mid,Jakarta,Permanent,2023-05-22,,Active,23190000,3.0,3.0,4345
1051,Tedi Utami,Male,6,Junior,Jakarta,Contract,2015-08-21,,Active,15540000,3.3,4.4,2019
1052,Zaenab Uyainah,Male,8,Mid,Bandung,Permanent,2021-09-03,,Active,22100000,4.7,3.2,2519
1053,Drs. Dalimin Mangunsong,Male,1,Mid,Medan,Permanent,2021-06-29,,Active,27700000,3.7,3.8,2587
1054,Vanesa Marpaung,Female,5,Senior,Remote,Permanent,2017-12-04,,Active,37190000,4.6,3.4,2684
1055,KH. Virman Nuraini,Female,3,Mid,Surabaya,Permanent,2019-06-10,2023-07-20,Resigned,29410000,3.5,2.7,2344
1056,Liman Sinaga,Male,6,Junior,Medan,Probation,2015-02-08,,Active,16280000,2.9,3.1,4292
1057,Anita Kusumo,Male,9,Junior,Bandung,Probation,2021-01-11,2023-01-04,Resigned,12180000,2.7,3.5,1400
1058,Yance Samosir,Male,7,Senior,Surabaya,Permanent,2024-11-10,,Active,20240000,2.8,3.1,4464
1059,Asmianto Permadi,Female,10,Junior,Remote,Permanent,2021-11-10,,Active,12210000,3.0,3.8,2219
1060,Puti Chelsea Laksita,Female,7,Mid,Surabaya,Permanent,2022-06-10,2023-04-23,Resigned,16510000,3.1,2.7,1428
1061,"Puti Vanya Nasyidah, S.E.I",Male,8,Mid,Surabaya,Permanent,2023-04-29,,Active,21770000,2.9,4.6,3972
1062,Maryanto Kusmawati,Male,9,Mid,Remote,Permanent,2023-01-18,,Active,19440000,3.6,3.6,1746
1063,R.M. Eman Nuraini,Female,10,Junior,Jakarta,Permanent,2020-09-01,,Active,12120000,2.9,3.7,2260
1064,"Ir. Lintang Prabowo, M.Pd",Female,1,Junior,Jakarta,Permanent,2024-04-20,,Active,19770000,4.0,2.8,2773
1065,"H. Muhammad Pangestu, S.Pd",Male,5,Manager,Bandung,Permanent,2022-02-22,,Active,46800000,4.1,3.7,4164
1066,Salsabila Yulianti,Female,2,Junior,Remote,Contract,2021-04-16,2022-03-16,Resigned,22070000,2.9,3.2,4777
1067,Maida Maryati,Male,10,Senior,Medan,Permanent,2024-05-11,,Active,22110000,5.0,2.3,1603
1068,Devi Prayoga,Male,3,Head,Jakarta,Contract,2015-06-21,,Active,92860000,3.2,2.6,
1069,Atma Sirait,Male,2,Senior,Jakarta,Permanent,2022-08-25,,Active,40920000,4.0,3.1,2899
1070,Lanjar Puspasari,Female,7,Mid,Bandung,Contract,2021-12-17,,Active,14960000,2.1,3.3,2736
1071,Lanjar Prasetya,Male,3,Junior,Bandung,Permanent,2024-11-19,,Active,15470000,4.3,4.4,2344
1072,Bagus Usamah,Female,3,Mid,Remote,Contract,2023-10-10,,Active,25650000,4.4,4.0,3081
1073,Dartono Hidayat,Male,9,Junior,Yogyakarta,Contract,2017-12-28,2019-09-11,Resigned,11640000,3.7,5.0,2756
1074,Satya Sitompul,Female,3,Senior,Yogyakarta,Permanent,2017-06-30,,Active,41120000,3.9,4.8,5171
1075,Kamidin Prakasa,Male,1,Lead,Yogyakarta,Permanent,2017-07-02,2020-02-28,Resigned,64580000,2.9,2.9,1471
1076,Salsabila Laksita,Male,7,Junior,Remote,Permanent,2023-09-03,,Active,10930000,3.3,3.2,2007
1077,Kayun Mustofa,Female,9,Junior,Surabaya,Permanent,2015-04-24,,Active,12920000,4.7,2.9,1606
1078,"Queen Permata, M.Kom.",Female,6,Lead,Surabaya,Permanent,2015-06-06,2020-10-16,Resigned,44560000,2.4,1.6,3030
1079,Purwanto Kusmawati,Female,2,Senior,Medan,Permanent,2019-11-23,,Active,38180000,3.0,3.6,4498
1080,"dr. Dadap Kuswoyo, S.IP",Male,5,Mid,Jakarta,Permanent,2017-11-09,2023-03-29,Resigned,19890000,3.1,3.6,3934
1081,"Irfan Thamrin, S.Farm",Male,2,Mid,Remote,Probation,2019-01-31,,Active,27130000,3.7,3.3,1918
1082,Nadia Habibi,Female,8,Lead,Remote,Contract,2022-06-10,,Active,46760000,3.5,3.9,2414
1083,"Martani Yuliarti, S.IP",Female,5,Senior,Yogyakarta,Permanent,2022-06-24,,Active,29690000,4.4,2.4,4469
1084,Hadi Sirait,Male,4,Junior,Yogyakarta,Permanent,2017-02-24,,Active,18060000,3.4,3.2,3747
1085,"R. Drajat Nababan, S.Kom",Male,10,Lead,Yogyakarta,Permanent,2021-11-26,,Active,32930000,2.6,4.1,2951
1086,drg. Cahyono Anggraini,Male,1,Senior,Yogyakarta,Contract,2018-05-29,,Active,44750000,4.5,3.0,3621
1087,Estiawan Hariyah,Female,1,Junior,Remote,Permanent,2020-03-19,,Active,21230000,4.5,3.6,1921
1088,Taufan Hutagalung,Female,8,Mid,Remote,Permanent,2023-11-26,,Active,21670000,4.1,2.7,1783
1089,Yani Pudjiastuti,Male,6,Mid,Remote,Permanent,2018-03-08,,Active,22030000,2.2,4.2,2810
1090,Asirwanda Yulianti,Male,4,Senior,Bandung,Permanent,2024-03-06,,Active,33600000,4.2,2.6,4731
1091,Dt. Bakiman Prakasa,Male,4,Mid,Jakarta,Permanent,2024-01-17,2024-07-21,Resigned,23040000,3.5,3.3,1983
1092,Hasim Laksita,Female,9,Lead,Jakarta,Permanent,2021-11-08,,Active,39630000,2.9,4.0,3798
1093,Gabriella Wacana,Male,5,Mid,Yogyakarta,Permanent,2023-01-21,,Active,22600000,3.0,3.5,4566
1094,Catur Wibowo,Male,4,Intern,Jakarta,Permanent,2022-05-11,,Active,9210000,3.4,3.0,2979
1095,Harsaya Saptono,Male,6,Mid,Remote,Permanent,2016-12-21,,Active,23150000,4.3,3.5,2586
1096,"KH. Jaeman Suwarno, S.Farm",Male,6,Intern,Jakarta,Permanent,2021-04-02,,Active,7110000,3.9,3.6,4084
1097,"Uchita Puspita, M.Kom.",Female,10,Lead,Medan,Permanent,2022-06-27,,Active,34650000,3.5,3.2,2218
1098,Dadap Sihombing,Female,9,Lead,Medan,Permanent,2021-11-14,,Active,38690000,1.6,4.4,2707
1099,Asmianto Prastuti,Female,6,Mid,Yogyakarta,Permanent,2016-10-13,,Active,22280000,4.3,3.6,2392
1100,"Puput Halim, S.Psi",Male,10,Mid,Medan,Permanent,2024-06-02,,Active,17550000,2.3,3.9,2792
1101,Asirwanda Padmasari,Male,3,Junior,Remote,Permanent,2018-01-29,,Active,18970000,2.9,2.8,2829
1102,Olivia Nuraini,Female,4,Senior,Medan,Permanent,2018-10-07,,Active,33300000,4.1,2.4,5254
1103,Asmianto Melani,Male,4,Head,Bandung,Permanent,2017-08-05,,Active,87240000,4.9,2.4,
1104,Soleh Nashiruddin,Male,4,Junior,Medan,Permanent,2019-08-27,,Active,16980000,3.3,2.7,4166
1105,Legawa Hidayat,Male,5,Senior,Yogyakarta,Contract,2017-04-27,,Active,32660000,4.5,2.5,4576
1106,"Setya Prakasa, S.Sos",Male,6,Lead,Medan,Permanent,2024-08-10,,Active,34270000,2.5,4.2,1573
1107,Wardaya Purnawati,Male,9,Junior,Yogyakarta,Contract,2018-12-11,,Active,14990000,3.6,4.8,1409
1108,Labuh Riyanti,Female,5,Senior,Medan,Contract,2021-01-13,,Active,33110000,4.0,4.1,2101
1109,Lukman Hutapea,Male,2,Manager,Yogyakarta,Permanent,2020-06-22,,Active,73100000,3.5,3.7,3603
1110,Sakura Padmasari,Female,1,Junior,Yogyakarta,Permanent,2018-10-08,,Active,21530000,3.8,3.5,3103
1111,Drs. Iriana Rajata,Female,6,Senior,Medan,Permanent,2016-06-06,,Active,33170000,3.6,4.3,5491
1112,Mulyono Sihotang,Female,1,Senior,Jakarta,Permanent,2021-08-21,,Active,38090000,3.3,3.0,4318
1113,Eman Widodo,Female,4,Mid,Bandung,Permanent,2016-07-09,,Active,27600000,5.0,3.1,5199
1114,Mumpuni Yuliarti,Female,10,Junior,Surabaya,Permanent,2018-09-02,,Active,12310000,4.1,3.5,2012
1115,Michelle Sihotang,Female,4,Senior,Yogyakarta,Permanent,2018-02-13,,Active,32180000,4.3,4.0,1685
1116,"R. Adika Haryanti, M.Ak",Male,2,Mid,Jakarta,Probation,2020-04-10,2023-10-16,Resigned,27990000,4.4,4.1,2469
1117,Puti Belinda Nasyiah,Female,8,Junior,Remote,Permanent,2017-07-07,,Active,16470000,2.7,3.2,4322
1118,Jono Saptono,Male,10,Intern,Jakarta,Permanent,2017-10-09,,Active,6340000,4.9,4.6,5355
1119,Wardi Tampubolon,Male,7,Mid,Jakarta,Permanent,2016-06-01,,Active,15300000,5.0,4.9,2275
1120,Tasnim Prasasta,Male,7,Intern,Surabaya,Permanent,2020-03-19,,Active,5530000,2.8,3.5,2232
1121,Intan Manullang,Male,3,Senior,Surabaya,Permanent,2023-09-21,,Active,43330000,3.7,2.5,5480
1122,Zahra Palastri,Male,1,Junior,Yogyakarta,Permanent,2018-07-01,,Active,19960000,3.8,2.9,2108
1123,"Ilsa Suryatmi, M.TI.",Male,5,Senior,Remote,Permanent,2015-11-08,,Active,36610000,3.2,4.4,4790
1124,Mulyanto Puspasari,Female,8,Junior,Jakarta,Contract,2024-07-14,,Active,15060000,3.1,3.2,3881
1125,Salimah Jailani,Male,2,Mid,Remote,Permanent,2018-11-23,,Active,30030000,2.0,2.9,4515
1126,Eman Latupono,Female,4,Manager,Yogyakarta,Permanent,2015-02-21,,Active,62110000,4.5,3.3,1830
1127,Paiman Puspasari,Female,3,Mid,Yogyakarta,Permanent,2022-02-16,,Active,27470000,3.7,4.6,1247
1128,Empluk Suryono,Female,1,Mid,Remote,Permanent,2016-12-22,,Active,28090000,3.1,1.9,2271
1129,R.A. Tina Siregar,Female,9,Mid,Remote,Permanent,2020-03-19,,Active,18450000,3.5,2.9,5369
1130,Mahfud Usada,Female,6,Mid,Jakarta,Permanent,2024-07-20,,Active,18940000,5.0,4.6,2810
1131,"Tgk. Ophelia Lestari, S.T.",Female,1,Mid,Medan,Permanent,2017-09-25,,Active,36610000,3.1,3.4,1905
1132,"Cut Cornelia Usada, S.Farm",Female,2,Mid,Bandung,Permanent,2018-10-09,2022-11-28,Resigned,26270000,4.8,3.6,5278
1133,"Tgk. Aurora Adriansyah, S.Psi",Female,5,Junior,Medan,Permanent,2023-12-12,2024-08-19,Resigned,14320000,3.0,3.4,4883
1134,"R.M. Makuta Saptono, S.E.",Female,6,Manager,Jakarta,Permanent,2021-03-26,2022-10-18,Resigned,44660000,4.3,3.7,1219
1135,"Maimunah Puspasari, S.Farm",Female,5,Junior,Bandung,Permanent,2020-06-24,,Active,15220000,3.7,3.2,3962
1136,Dt. Balidin Hutagalung,Female,10,Lead,Jakarta,Permanent,2020-01-10,,Active,31990000,3.6,4.9,2342
1137,"Eka Palastri, S.Gz",Female,5,Lead,Remote,Permanent,2022-10-04,,Active,41490000,3.7,3.9,4164
1138,"dr. Restu Puspasari, S.E.I",Female,3,Senior,Yogyakarta,Probation,2021-03-17,,Active,45140000,3.4,3.1,2456
1139,Dian Gunarto,Female,1,Lead,Surabaya,Permanent,2018-12-12,,Active,57280000,4.2,3.3,1020
1140,Karimah Gunarto,Male,9,Senior,Surabaya,Permanent,2016-05-09,,Active,32450000,2.8,2.0,3599
1141,Fathonah Zulaika,Male,9,Senior,Yogyakarta,Permanent,2017-02-23,,Active,28150000,5.0,4.2,4858
1142,Mulyanto Jailani,Female,3,Mid,Surabaya,Permanent,2016-02-16,,Active,30500000,3.5,2.4,4146
1143,Victoria Purwanti,Male,10,Junior,Bandung,Permanent,2018-05-23,2024-11-14,Resigned,12280000,3.9,3.4,2219
1144,"drg. Raina Mangunsong, S.H.",Male,6,Mid,Bandung,Permanent,2021-03-16,,Active,21200000,4.3,2.4,3237
1145,"R. Wirda Nugroho, S.Farm",Female,3,Junior,Medan,Permanent,2016-02-25,,Active,22490000,3.9,3.1,2503
1146,Cemani Sitorus,Female,3,Junior,Jakarta,Permanent,2019-12-10,,Active,19140000,5.0,3.8,3335
1147,"dr. Rama Winarsih, S.H.",Female,4,Senior,Yogyakarta,Permanent,2016-04-12,,Active,32130000,3.9,4.2,1575
1148,Endah Kurniawan,Male,5,Mid,Surabaya,Permanent,2016-09-13,2023-07-04,Resigned,21310000,3.2,3.1,1786
1149,Ani Halimah,Male,6,Junior,Yogyakarta,Permanent,2016-04-30,,Active,13740000,4.2,3.1,3279
1150,Daliono Haryanti,Male,1,Mid,Yogyakarta,Contract,2023-09-13,,Active,29030000,4.4,3.1,1183
1151,Ina Pradana,Female,8,Mid,Yogyakarta,Permanent,2024-08-24,,Active,18280000,2.2,4.3,2403
1152,Ajiono Wahyuni,Male,7,Lead,Jakarta,Probation,2021-11-02,,Active,26380000,3.6,5.0,4158
1153,Heru Sitompul,Male,9,Head,Jakarta,Permanent,2022-01-06,2024-05-11,Resigned,51220000,2.7,2.9,
1154,Zelaya Hidayat,Male,4,Senior,Yogyakarta,Permanent,2021-03-10,2021-09-11,Resigned,34530000,3.2,2.5,3009
1155,"T. Gara Yuniar, M.TI.",Female,3,Junior,Remote,Permanent,2018-04-07,2021-12-27,Resigned,22570000,3.1,3.7,1975
1156,Shania Nasyiah,Female,7,Mid,Surabaya,Contract,2015-10-19,,Active,18890000,2.4,2.7,1955
1157,Ana Latupono,Male,8,Mid,Bandung,Permanent,2019-10-08,,Active,24520000,3.6,3.7,5370
1158,Elma Prastuti,Female,3,Mid,Bandung,Contract,2024-04-08,2024-10-12,Resigned,27350000,4.1,3.9,3396
1159,Ani Kurniawan,Female,10,Mid,Remote,Permanent,2019-12-04,,Active,17530000,3.7,3.3,4261
1160,drg. Jelita Sihotang,Female,5,Junior,Yogyakarta,Permanent,2018-01-20,,Active,16000000,1.6,3.5,2579
1161,Rachel Melani,Male,7,Junior,Medan,Permanent,2019-11-05,,Active,11100000,3.8,4.0,1891
1162,Harsana Permata,Male,1,Senior,Medan,Permanent,2017-07-26,,Active,46560000,3.4,4.5,4982
1163,Dodo Gunawan,Male,9,Junior,Surabaya,Permanent,2023-07-30,,Active,12290000,3.4,3.2,4176
1164,"Maya Adriansyah, M.TI.",Male,3,Senior,Yogyakarta,Contract,2020-04-11,,Active,43060000,4.0,4.0,3385
1165,"Dr. Mahfud Winarsih, S.Kom",Male,1,Mid,Yogyakarta,Probation,2021-07-25,,Active,28770000,2.7,3.3,1355
1166,Mala Hidayat,Female,10,Senior,Surabaya,Permanent,2018-11-26,,Active,23590000,2.6,3.9,3289
1167,"Viman Sitompul, M.Ak",Male,2,Senior,Yogyakarta,Permanent,2018-09-12,,Active,41890000,2.9,3.2,3630
1168,Salimah Maheswara,Female,6,Senior,Jakarta,Permanent,2024-02-15,,Active,26000000,2.7,4.2,1199
1169,"Ifa Mayasari, S.Pd",Female,6,Lead,Yogyakarta,Contract,2017-10-30,,Active,47800000,3.1,4.0,4525
1170,"Hasan Simbolon, S.Sos",Male,6,Manager,Yogyakarta,Permanent,2022-05-17,,Active,48900000,3.1,3.4,1219
1171,"Ida Puspasari, S.E.I",Male,6,Intern,Yogyakarta,Permanent,2020-10-24,,Active,5760000,3.3,3.7,2066
1172,Imam Widiastuti,Male,6,Mid,Bandung,Probation,2017-04-13,,Active,21610000,3.0,3.4,5013
1173,Shania Natsir,Female,4,Junior,Jakarta,Permanent,2024-11-16,,Active,17070000,4.0,3.8,4971
1174,Ir. Ilsa Waskita,Male,7,Lead,Medan,Permanent,2022-12-17,,Active,34670000,5.0,3.8,4839
1175,Dt. Gadang Suwarno,Female,5,Mid,Jakarta,Permanent,2016-01-17,,Active,24300000,3.7,3.2,5203
1176,Irfan Prastuti,Male,6,Lead,Yogyakarta,Probation,2022-04-07,,Active,36870000,3.8,2.3,2825
1177,Hj. Janet Hastuti,Female,1,Mid,Yogyakarta,Contract,2020-09-15,,Active,31130000,3.1,3.1,4122
1178,Maimunah Wulandari,Female,2,Mid,Bandung,Permanent,2017-09-25,,Active,30780000,4.1,2.3,1327
1179,Kajen Kusmawati,Male,3,Senior,Yogyakarta,Permanent,2024-09-09,,Active,43430000,3.3,3.7,1668
1180,"KH. Oman Narpati, S.Pt",Female,6,Senior,Surabaya,Contract,2024-03-14,2024-12-11,Resigned,24820000,2.0,2.7,1494
1181,Oliva Wijayanti,Female,8,Senior,Medan,Permanent,2024-09-14,,Active,28950000,4.1,3.8,4711
1182,"Lukman Sitorus, S.Pt",Female,10,Junior,Yogyakarta,Permanent,2021-03-10,,Active,11130000,3.2,5.0,3488
1183,"R.A. Samiah Saragih, S.H.",Female,1,Senior,Remote,Permanent,2024-10-01,,Active,38750000,4.3,3.5,4595
1184,"Sutan Cakrajiya Dongoran, S.Gz",Female,9,Senior,Yogyakarta,Permanent,2017-08-14,,Active,32670000,1.8,3.8,5321
1185,Jaswadi Suryatmi,Female,5,Senior,Yogyakarta,Permanent,2022-11-28,,Active,27630000,5.0,4.4,2610
1186,"Puti Mutia Agustina, M.Farm",Male,3,Mid,Bandung,Permanent,2020-07-21,,Active,30520000,3.2,4.0,4648
1187,Nasim Winarno,Female,8,Mid,Yogyakarta,Permanent,2024-10-02,,Active,18730000,1.0,4.0,3915
1188,Lalita Prasasta,Female,7,Senior,Yogyakarta,Contract,2015-03-04,,Active,25390000,3.1,3.8,2617
1189,Marwata Ardianto,Male,7,Intern,Surabaya,Permanent,2015-11-03,,Active,5650000,2.8,2.8,2751
1190,"KH. Timbul Kurniawan, S.Farm",Female,7,Mid,Remote,Contract,2022-04-15,2023-09-13,Resigned,13300000,1.6,4.0,1584
1191,Cecep Maryati,Female,9,Junior,Yogyakarta,Contract,2018-07-21,,Active,13770000,4.3,3.8,2707
1192,Alika Puspita,Male,1,Junior,Remote,Probation,2021-12-04,2024-03-09,Resigned,21600000,2.6,2.7,2773
1193,Vero Maheswara,Male,4,Junior,Jakarta,Permanent,2023-05-17,,Active,16450000,5.0,4.2,4275
1194,Diana Hariyah,Male,3,Junior,Jakarta,Permanent,2019-12-23,2022-02-23,Resigned,16840000,2.3,4.0,3158
1195,"Karta Purwanti, M.Ak",Male,1,Junior,Yogyakarta,Permanent,2018-04-16,,Active,22100000,3.6,3.5,4551
1196,Usyi Handayani,Female,1,Junior,Bandung,Permanent,2021-05-07,,Active,23320000,2.8,3.8,5121
1197,Drs. Maria Pudjiastuti,Male,7,Junior,Medan,Permanent,2021-11-01,,Active,9960000,2.5,4.4,3654
1198,Endah Kusmawati,Female,5,Manager,Remote,Permanent,2021-07-16,2024-08-13,Resigned,49100000,3.7,2.5,4164
1199,Hana Prayoga,Female,6,Lead,Surabaya,Permanent,2022-06-24,2024-04-10,Resigned,29410000,4.1,2.6,2825
1200,"Hj. Ika Nurdiyanti, M.Kom.",Male,7,Junior,Surabaya,Probation,2015-10-30,,Active,12440000,3.8,4.0,4983
1201,"Digdaya Saefullah, M.M.",Female,10,Senior,Remote,Permanent,2022-03-02,,Active,22320000,3.6,2.9,2147
1202,Nasab Suwarno,Female,4,Senior,Yogyakarta,Permanent,2017-03-26,,Active,39780000,3.0,3.9,2927
1203,Empluk Sitorus,Female,7,Lead,Surabaya,Probation,2021-05-31,,Active,27120000,4.5,4.0,1417
1204,Puput Hutapea,Female,8,Lead,Remote,Permanent,2015-03-31,,Active,44780000,3.0,3.9,4242
1205,Cakrawangsa Pradipta,Male,10,Manager,Remote,Probation,2021-05-07,,Active,37970000,3.9,2.7,3349
1206,Talia Mangunsong,Female,3,Junior,Surabaya,Permanent,2024-05-04,,Active,20940000,3.4,3.1,3773
1207,"Gabriella Haryanto, S.Farm",Male,2,Senior,Bandung,Permanent,2021-10-22,,Active,42180000,4.1,2.7,3403
1208,Julia Namaga,Female,10,Junior,Remote,Permanent,2022-08-08,,Active,12460000,2.8,3.3,2096
1209,Lidya Halim,Male,7,Senior,Remote,Permanent,2022-01-17,2024-04-18,Resigned,23850000,3.4,4.0,2067
1210,Rafi Andriani,Female,2,Junior,Remote,Permanent,2015-05-17,,Active,22410000,3.9,4.8,5117
1211,Vera Padmasari,Female,3,Junior,Bandung,Permanent,2018-08-31,,Active,22310000,2.9,3.0,4331
1212,"Ayu Permata, S.Sos",Female,9,Junior,Surabaya,Contract,2020-12-14,,Active,13680000,4.2,3.0,2350
1213,Agnes Thamrin,Female,9,Mid,Surabaya,Permanent,2024-03-31,,Active,18510000,5.0,2.7,2354
1214,Umi Wibisono,Female,9,Mid,Bandung,Permanent,2024-01-08,2024-07-25,Resigned,18160000,3.0,3.8,5314
1215,"drg. Paulin Palastri, M.Ak",Male,9,Senior,Remote,Probation,2024-08-24,,Active,31080000,3.7,3.4,3267
1216,Jinawi Prasetya,Female,5,Mid,Jakarta,Permanent,2016-01-05,,Active,22890000,2.5,3.4,1328
1217,Maya Laksita,Male,10,Junior,Remote,Permanent,2020-02-06,,Active,12480000,3.8,3.3,4073
1218,Harsaya Sirait,Female,10,Mid,Surabaya,Permanent,2024-03-22,,Active,13900000,3.4,3.0,1166
1219,"Mustika Waskita, S.E.",Male,6,Head,Surabaya,Contract,2020-04-15,2023-12-05,Resigned,63850000,3.1,2.5,
1220,"Dr. Dian Oktaviani, M.Pd",Male,2,Senior,Remote,Permanent,2022-04-06,2024-01-21,Resigned,33680000,3.8,3.9,3221
1221,Umaya Wijaya,Female,5,Senior,Surabaya,Probation,2016-04-22,2017-03-20,Resigned,34060000,2.9,4.1,3224
1222,Ir. Salimah Dongoran,Male,4,Lead,Medan,Permanent,2016-02-03,,Active,48950000,3.6,5.0,4863
1223,Margana Aryani,Female,5,Senior,Remote,Permanent,2019-02-28,,Active,35340000,3.7,3.7,1065
1224,Sakti Hariyah,Female,3,Junior,Bandung,Contract,2021-08-02,,Active,23110000,4.7,3.4,3164
1225,Asirwanda Rajata,Male,8,Mid,Yogyakarta,Probation,2024-05-07,,Active,21690000,4.4,3.1,4937
1226,Jane Prabowo,Female,4,Senior,Bandung,Permanent,2015-05-15,,Active,33450000,2.8,4.5,1718
1227,Jane Sirait,Male,10,Mid,Remote,Permanent,2024-08-04,,Active,13090000,3.5,3.8,2894
1228,"dr. Estiawan Andriani, S.T.",Female,3,Junior,Bandung,Probation,2015-09-06,,Active,24410000,2.7,3.6,4129
1229,"Puti Nadine Budiyanto, M.Pd",Female,5,Junior,Remote,Permanent,2016-01-11,,Active,14840000,3.6,3.2,4220
1230,Wawan Tampubolon,Male,10,Junior,Bandung,Probation,2015-07-27,,Active,14220000,2.7,3.7,1609
1231,Martaka Hidayat,Male,3,Junior,Medan,Permanent,2015-10-09,,Active,23200000,3.2,4.2,4961
1232,"Ir. Arta Dabukke, S.H.",Male,2,Mid,Surabaya,Permanent,2024-02-13,,Active,25430000,3.8,2.7,4459
1233,Salman Damanik,Male,7,Mid,Bandung,Probation,2018-02-09,,Active,18300000,3.1,4.7,1804
1234,R. Halima Mahendra,Female,2,Mid,Jakarta,Permanent,2023-12-15,2024-11-28,Resigned,25880000,3.1,2.0,5081
1235,Salsabila Latupono,Female,7,Intern,Medan,Permanent,2023-11-10,,Active,4970000,3.2,3.5,3042
1236,R.A. Nadia Rajasa,Male,2,Mid,Remote,Permanent,2017-12-22,,Active,33140000,4.6,3.3,4156
1237,"Tgk. Caturangga Sudiati, M.Ak",Male,2,Senior,Surabaya,Permanent,2023-05-13,2024-06-25,Resigned,38390000,4.4,5.0,2071
1238,"Tina Latupono, S.E.",Male,1,Junior,Medan,Permanent,2020-01-26,,Active,21670000,2.8,2.5,1053
1239,Cici Prastuti,Female,4,Head,Jakarta,Permanent,2020-02-20,,Active,82400000,4.0,4.0,
1240,Wisnu Saragih,Female,6,Senior,Remote,Permanent,2024-07-02,,Active,28950000,3.4,2.9,4992
1241,Hj. Keisha Widodo,Female,1,Senior,Surabaya,Permanent,2015-10-29,,Active,47420000,4.1,3.2,3404
1242,"Faizah Hutagalung, M.Farm",Male,1,Mid,Remote,Permanent,2016-05-31,,Active,31760000,2.8,3.0,5058
1243,"Yance Utami, S.H.",Female,4,Mid,Medan,Permanent,2019-04-10,,Active,25500000,2.6,3.5,2718
1244,Mursinin Sihombing,Female,10,Mid,Jakarta,Contract,2016-02-11,,Active,18970000,5.0,4.4,3231
1245,"Hj. Rahayu Lazuardi, M.Farm",Male,1,Mid,Bandung,Permanent,2019-10-28,,Active,31890000,2.2,3.0,4372
1246,"Dt. Ganjaran Nasyidah, S.Farm",Female,7,Junior,Jakarta,Permanent,2019-06-22,,Active,12980000,4.0,3.1,2905
1247,"Hairyanto Hidayat, M.TI.",Female,3,Senior,Remote,Probation,2022-06-17,2023-05-19,Resigned,38790000,3.4,2.6,4989
1248,"Ganep Budiman, S.Farm",Male,8,Mid,Jakarta,Permanent,2016-01-09,,Active,22800000,3.5,4.9,2078
1249,"Dr. Cici Astuti, S.I.Kom",Female,6,Junior,Medan,Probation,2024-02-08,2024-08-21,Resigned,12800000,3.3,3.8,2019
1250,"Tri Haryanti, S.E.I",Female,6,Mid,Remote,Probation,2022-07-07,2023-12-31,Resigned,20100000,3.6,3.9,5484
1251,Elma Nurdiyanti,Female,5,Senior,Jakarta,Probation,2024-09-25,,Active,29650000,2.5,4.6,3200
1252,"Emong Susanti, M.Pd",Female,2,Mid,Bandung,Permanent,2018-12-11,2022-04-13,Resigned,27400000,3.0,3.2,4127
1253,"drg. Jaka Fujiati, M.Farm",Female,10,Senior,Surabaya,Contract,2017-07-07,,Active,26730000,3.5,2.9,3198
1254,Janet Prasasta,Female,7,Senior,Medan,Permanent,2016-04-15,,Active,22320000,3.8,3.4,1035
1255,"Puti Indah Hartati, S.H.",Female,5,Mid,Medan,Permanent,2024-06-23,,Active,24090000,4.2,3.5,4164
1256,"drg. Kairav Suryatmi, S.Sos",Male,5,Junior,Remote,Permanent,2021-10-30,,Active,14490000,3.4,3.6,5281
1257,Ana Lailasari,Male,4,Mid,Surabaya,Probation,2018-01-24,,Active,26700000,2.5,4.0,2696
1258,"dr. Elvina Laksita, S.Kom",Female,9,Mid,Bandung,Permanent,2015-01-26,,Active,22370000,3.0,3.5,4140
1259,Wirda Rajata,Female,6,Mid,Remote,Probation,2015-10-13,,Active,20960000,4.1,4.0,3863
1260,Indah Riyanti,Male,8,Mid,Yogyakarta,Permanent,2023-05-15,,Active,24120000,4.5,3.9,1371
1261,"Ika Puspita, S.Ked",Female,2,Senior,Remote,Permanent,2016-10-06,,Active,44850000,3.8,2.4,3490
1262,Sutan Bakiadi Permadi,Male,10,Mid,Bandung,Permanent,2024-11-27,,Active,16010000,3.2,3.7,1025
1263,"Laila Lestari, M.Pd",Male,4,Junior,Remote,Permanent,2022-07-23,2024-04-16,Resigned,15820000,2.6,3.8,4870
1264,"Sutan Muhammad Kusmawati, M.Kom.",Female,1,Mid,Medan,Permanent,2019-08-24,,Active,31610000,3.4,2.5,2854
1265,Widya Budiyanto,Female,1,Senior,Remote,Permanent,2016-03-30,,Active,43910000,4.7,2.9,1139
1266,Emil Prasetya,Female,8,Mid,Medan,Permanent,2015-07-06,,Active,27700000,4.0,3.8,2505
1267,Talia Prasasta,Male,3,Mid,Bandung,Permanent,2018-05-19,,Active,28540000,2.7,3.8,2288
1268,Salimah Prastuti,Female,2,Junior,Remote,Permanent,2018-09-05,2024-09-30,Resigned,21430000,3.0,2.4,2802
1269,Nabila Puspasari,Male,4,Lead,Bandung,Permanent,2019-04-07,,Active,46490000,4.1,4.3,4358
1270,Tgk. Irwan Pudjiastuti,Female,7,Junior,Remote,Permanent,2015-10-23,,Active,11660000,2.4,3.5,2380
1271,Kamila Hasanah,Male,10,Manager,Surabaya,Permanent,2020-02-27,,Active,36610000,5.0,3.9,2218
1272,Ina Ramadan,Female,7,Senior,Surabaya,Permanent,2022-12-16,,Active,27300000,2.5,3.6,1624
1273,Banawa Nababan,Male,5,Junior,Medan,Permanent,2018-08-23,,Active,15620000,4.2,4.4,3421
1274,Devi Nasyiah,Female,7,Mid,Jakarta,Permanent,2015-12-27,,Active,16920000,3.5,4.0,5494
1275,"H. Cengkal Nababan, S.Kom",Female,3,Senior,Remote,Permanent,2020-11-16,2023-02-09,Resigned,40100000,3.1,3.5,1668
1276,"Novi Saefullah, M.Farm",Female,5,Senior,Medan,Permanent,2023-09-27,,Active,29140000,4.8,3.2,5219
1277,"Dr. Lembah Suryono, S.IP",Male,9,Junior,Remote,Probation,2023-09-15,,Active,13700000,3.4,3.1,3193
1278,"R.A. Ida Pradana, S.I.Kom",Male,9,Senior,Surabaya,Permanent,2017-08-25,,Active,32920000,4.1,3.6,4093
1279,Gada Budiman,Male,2,Senior,Jakarta,Permanent,2023-07-11,,Active,38810000,2.8,1.9,3735
1280,"Patricia Mahendra, S.T.",Female,5,Senior,Medan,Permanent,2020-03-15,,Active,31900000,3.3,4.0,2928
1281,Asmadi Puspasari,Female,2,Junior,Surabaya,Permanent,2024-09-09,,Active,19380000,4.5,4.6,2397
1282,Tami Mahendra,Male,5,Senior,Surabaya,Contract,2020-04-04,,Active,26080000,3.4,3.3,4368
1283,"Taswir Lestari, S.IP",Male,6,Mid,Surabaya,Permanent,2018-12-12,,Active,24140000,3.6,3.3,2243
1284,"Cut Queen Suryono, M.Kom.",Male,8,Mid,Surabaya,Permanent,2015-08-22,,Active,25070000,4.4,3.1,4362
1285,Maida Siregar,Male,4,Mid,Yogyakarta,Permanent,2021-11-24,,Active,22000000,3.2,2.6,4870
1286,Aslijan Ramadan,Male,3,Junior,Medan,Permanent,2020-01-17,,Active,19870000,3.1,3.3,2779
1287,"Dr. Calista Haryanto, S.Sos",Female,4,Lead,Bandung,Probation,2021-10-14,,Active,49130000,4.5,2.7,4658
1288,Belinda Permata,Female,7,Manager,Surabaya,Probation,2016-02-28,,Active,43470000,3.6,3.0,2112
1289,"Mahfud Habibi, S.E.I",Male,8,Junior,Jakarta,Permanent,2020-08-28,,Active,14140000,3.9,2.9,2596
1290,Rosman Pratiwi,Female,8,Manager,Medan,Permanent,2019-12-05,,Active,55170000,3.0,3.6,4012
1291,Chelsea Prayoga,Female,7,Junior,Surabaya,Permanent,2018-03-04,,Active,13720000,4.2,2.9,1755
1292,Kalim Agustina,Male,7,Intern,Surabaya,Permanent,2023-11-07,,Active,5980000,5.0,2.8,4179
1293,Ir. Widya Safitri,Male,10,Junior,Surabaya,Permanent,2021-04-04,,Active,10630000,4.4,3.5,5384
1294,Prayoga Nurdiyanti,Male,6,Senior,Surabaya,Permanent,2018-09-27,2020-10-25,Resigned,32430000,3.6,3.4,2855
1295,Mila Handayani,Female,6,Mid,Jakarta,Permanent,2016-06-12,,Active,24990000,4.7,2.6,3813
1296,Zelda Rahmawati,Female,2,Junior,Bandung,Permanent,2022-03-20,,Active,20170000,2.9,2.9,3722
1297,Ina Purnawati,Male,5,Manager,Medan,Permanent,2022-03-31,,Active,52030000,4.0,2.5,4164
1298,Cut Rahmi Januar,Female,5,Lead,Bandung,Permanent,2018-06-19,,Active,43170000,4.5,5.0,4164
1299,"Sutan Luis Prabowo, S.T.",Female,7,Mid,Bandung,Permanent,2017-02-25,,Active,17570000,4.3,3.5,4794
1300,"Bajragin Manullang, S.H.",Female,1,Mid,Medan,Permanent,2024-06-20,,Active,31150000,3.0,3.5,3130
1301,Kusuma Hutagalung,Male,10,Mid,Medan,Permanent,2022-06-04,,Active,18740000,3.7,4.1,1025
1302,Ade Wasita,Female,6,Mid,Remote,Permanent,2016-09-23,,Active,22780000,4.3,2.9,3741
1303,Shakila Riyanti,Male,7,Mid,Yogyakarta,Permanent,2023-02-01,,Active,14400000,3.0,3.9,3090
1304,Icha Firmansyah,Male,7,Lead,Remote,Contract,2019-12-25,,Active,30360000,3.2,2.0,4158
1305,Edward Suryono,Male,8,Junior,Yogyakarta,Contract,2020-12-27,,Active,15900000,5.0,3.3,2389
1306,"Zelda Hasanah, S.Pt",Male,6,Junior,Medan,Probation,2019-02-15,,Active,15210000,2.9,2.9,5382
1307,"Daruna Saptono, M.Farm",Female,4,Lead,Yogyakarta,Permanent,2023-08-18,,Active,39930000,5.0,3.0,2256
1308,"Rangga Napitupulu, S.Farm",Female,8,Senior,Medan,Permanent,2016-10-25,,Active,36750000,4.2,3.5,5008
1309,Kenari Prasetyo,Female,4,Junior,Surabaya,Permanent,2015-08-02,,Active,14140000,3.4,3.5,4998
1310,"Cakrawala Santoso, S.E.I",Male,3,Senior,Jakarta,Permanent,2022-12-23,,Active,38090000,1.9,3.4,5322
1311,Asmuni Marbun,Male,4,Mid,Medan,Permanent,2018-01-22,,Active,24680000,3.4,2.9,1154
1312,"T. Legawa Purnawati, S.Pd",Female,2,Junior,Bandung,Contract,2016-01-11,,Active,20000000,4.6,3.2,1069
1313,Dewi Hastuti,Female,1,Mid,Yogyakarta,Permanent,2015-04-20,,Active,35250000,4.6,4.0,3404
1314,"Ilsa Waskita, S.T.",Male,6,Junior,Surabaya,Permanent,2019-05-01,,Active,13320000,4.0,4.5,1692
1315,Dr. Jumadi Farida,Female,9,Mid,Remote,Permanent,2016-02-10,,Active,19680000,4.0,3.6,1317
1316,Liman Gunarto,Male,9,Senior,Yogyakarta,Permanent,2016-07-17,,Active,29790000,4.9,3.7,1092
1317,Unjani Sinaga,Male,9,Lead,Yogyakarta,Permanent,2023-07-06,,Active,37770000,4.3,5.0,1500
1318,Tgk. Aisyah Iswahyudi,Male,5,Mid,Bandung,Permanent,2015-03-19,,Active,26200000,4.7,4.0,3851
1319,Yono Wulandari,Female,10,Junior,Bandung,Permanent,2016-03-31,,Active,13600000,4.0,3.7,1901
1320,"Ir. Rini Damanik, S.T.",Male,10,Junior,Medan,Permanent,2017-09-03,,Active,12650000,3.9,2.4,4071
1321,Cut Vanesa Natsir,Male,9,Mid,Medan,Permanent,2024-05-20,,Active,17230000,3.8,4.0,3014
1322,Padma Yulianti,Male,10,Intern,Jakarta,Permanent,2023-01-22,2024-10-02,Resigned,6070000,5.0,2.7,4294
1323,Indah Najmudin,Male,8,Intern,Remote,Permanent,2021-05-26,,Active,7680000,3.2,3.7,5118
1324,drg. Siska Lestari,Female,6,Mid,Medan,Permanent,2015-10-05,,Active,23020000,3.1,3.4,1426
1325,Jarwadi Tampubolon,Male,8,Lead,Jakarta,Permanent,2019-05-19,,Active,43210000,4.0,2.5,4496
1326,Juli Sinaga,Female,10,Mid,Surabaya,Contract,2017-11-04,,Active,18270000,4.4,3.3,4824
1327,"Bala Marpaung, S.Psi",Female,2,Senior,Remote,Permanent,2017-09-14,,Active,38180000,4.3,3.8,3056
1328,Talia Lailasari,Female,5,Lead,Surabaya,Contract,2016-06-30,2023-02-10,Resigned,40240000,3.7,3.2,4683
1329,Salimah Wacana,Male,9,Mid,Yogyakarta,Probation,2024-04-24,,Active,19950000,3.8,3.0,4396
1330,"Drs. Ani Hasanah, S.Pt",Female,1,Lead,Jakarta,Permanent,2022-01-31,2022-12-15,Resigned,56980000,2.5,3.9,4225
1331,Hafshah Sinaga,Female,6,Junior,Jakarta,Contract,2015-06-01,,Active,16680000,4.9,3.9,3012
1332,Prasetyo Waskita,Male,3,Lead,Medan,Permanent,2018-07-16,,Active,57990000,4.0,2.2,2456
1333,"Drs. Yunita Adriansyah, M.Pd",Female,1,Lead,Surabaya,Permanent,2017-11-03,2020-06-22,Resigned,59520000,3.0,3.7,3404
1334,Laras Habibi,Male,6,Mid,Surabaya,Permanent,2024-09-16,,Active,19130000,2.5,2.8,5457
1335,Karja Tarihoran,Female,3,Manager,Remote,Permanent,2019-11-25,,Active,67990000,3.4,3.9,2002
1336,Dr. Sari Handayani,Female,7,Junior,Yogyakarta,Permanent,2018-10-20,,Active,12470000,2.1,3.2,4104
1337,"Dt. Damu Santoso, M.Pd",Female,4,Mid,Jakarta,Permanent,2023-12-10,,Active,24450000,4.1,3.2,1287
1338,Wira Suwarno,Male,8,Mid,Bandung,Permanent,2019-10-30,,Active,24440000,3.6,4.7,4937
1339,Tami Laksita,Female,10,Mid,Remote,Permanent,2016-02-25,,Active,20870000,3.4,3.3,3207
1340,Alambana Usamah,Female,4,Senior,Bandung,Permanent,2021-10-04,,Active,32950000,3.8,2.4,4373
1341,R.A. Titin Manullang,Female,1,Mid,Medan,Probation,2020-01-06,2022-06-26,Resigned,32580000,3.4,4.5,4561
1342,Puspa Budiman,Female,10,Junior,Jakarta,Permanent,2022-03-04,,Active,13530000,4.5,3.6,3554
1343,dr. Bakiman Prasetyo,Female,9,Junior,Remote,Permanent,2019-01-28,,Active,14540000,4.6,3.1,1846
1344,"Puti Malika Lazuardi, S.E.I",Male,3,Junior,Remote,Contract,2016-08-07,,Active,22560000,2.9,3.0,4904
1345,Tina Siregar,Male,6,Senior,Remote,Permanent,2016-06-01,,Active,36610000,3.7,3.4,3707
1346,H. Empluk Agustina,Female,10,Mid,Remote,Permanent,2021-05-12,2022-09-18,Resigned,17880000,3.3,3.7,1205
1347,"Dr. Nadine Prasasta, M.M.",Female,2,Mid,Jakarta,Permanent,2019-03-04,,Active,27420000,3.9,2.4,2558
1348,R.M. Harjo Nainggolan,Female,9,Senior,Surabaya,Permanent,2019-06-19,,Active,30430000,4.2,2.7,2770
1349,Drs. Ulva Mansur,Male,4,Senior,Yogyakarta,Permanent,2015-04-17,,Active,42070000,3.7,3.0,3952
1350,"Puti Ika Agustina, S.Psi",Male,9,Senior,Remote,Permanent,2017-12-08,,Active,26580000,4.3,3.2,3923
1351,"Dr. Emas Adriansyah, S.Pd",Female,6,Manager,Yogyakarta,Permanent,2022-10-13,,Active,50750000,4.8,3.1,1219
1352,"Ifa Rahmawati, M.Farm",Male,7,Junior,Bandung,Contract,2024-07-25,,Active,10390000,4.2,2.8,4158
1353,"Jindra Maryadi, M.M.",Female,10,Mid,Surabaya,Permanent,2015-12-26,,Active,20390000,4.2,3.8,4652
1354,drg. Gangsar Sitorus,Male,6,Mid,Surabaya,Contract,2021-03-02,,Active,22780000,3.3,3.9,5011
1355,KH. Kenari Waluyo,Male,1,Senior,Bandung,Permanent,2023-11-25,,Active,38680000,3.1,3.1,1678
1356,Janet Nainggolan,Male,7,Junior,Yogyakarta,Permanent,2023-11-19,2024-12-05,Resigned,9810000,3.5,3.6,5101
1357,"Halima Pertiwi, S.Sos",Female,10,Mid,Medan,Permanent,2020-03-29,,Active,18560000,4.6,4.8,5354
1358,Sabri Zulkarnain,Male,7,Senior,Remote,Permanent,2015-09-27,,Active,27020000,3.7,2.9,5375
1359,Galiono Kusmawati,Female,2,Mid,Medan,Permanent,2023-08-17,,Active,27550000,5.0,2.3,1261
1360,"Yessi Wibowo, S.Sos",Female,1,Junior,Remote,Permanent,2022-03-16,2024-01-02,Resigned,21550000,3.7,3.3,1033
1361,"Prima Yulianti, S.E.I",Male,4,Mid,Medan,Permanent,2024-11-05,,Active,22820000,3.9,2.0,3229
1362,Ani Mahendra,Male,3,Mid,Yogyakarta,Permanent,2023-08-11,,Active,26950000,3.7,4.1,3957
1363,Drs. Gamblang Januar,Male,4,Lead,Bandung,Permanent,2024-04-28,,Active,43450000,5.0,3.5,1785
1364,"Dr. Cinthia Novitasari, M.M.",Male,5,Senior,Bandung,Permanent,2018-08-14,,Active,31000000,3.5,3.0,3100
1365,Najam Megantara,Female,2,Junior,Remote,Probation,2024-06-26,2024-12-26,Resigned,18970000,3.7,3.4,4740
1366,Safina Mangunsong,Female,5,Senior,Medan,Permanent,2016-05-27,,Active,32710000,3.2,3.6,3790
1367,Jarwadi Saptono,Male,5,Mid,Bandung,Permanent,2021-08-21,,Active,20290000,3.8,2.9,5444
1368,Sarah Widodo,Female,6,Mid,Jakarta,Contract,2024-06-13,,Active,17480000,3.4,4.6,3176
1369,"Bajragin Sitompul, M.Pd",Male,6,Senior,Medan,Permanent,2015-11-29,2023-08-06,Resigned,31040000,3.4,3.5,1426
1370,Jamalia Utami,Male,6,Lead,Medan,Permanent,2023-08-08,,Active,41690000,4.6,3.7,5491
1371,"Vanya Laksita, M.Pd",Female,8,Senior,Remote,Probation,2022-01-12,,Active,35530000,3.2,3.6,4259
1372,Lasmanto Hidayat,Female,4,Mid,Remote,Permanent,2017-09-30,,Active,24200000,3.0,2.8,2651
1373,Laswi Suwarno,Female,6,Junior,Bandung,Permanent,2015-10-26,,Active,14460000,3.4,2.7,3487
1374,Pangeran Iswahyudi,Female,7,Junior,Bandung,Permanent,2020-03-17,2024-02-07,Resigned,11720000,3.3,2.5,2905
1375,Cinthia Usada,Female,6,Senior,Surabaya,Probation,2023-03-27,,Active,28220000,3.6,2.3,1199
1376,"Cinthia Handayani, S.E.",Male,10,Senior,Medan,Permanent,2023-07-13,,Active,26660000,3.6,2.7,2792
1377,"Ifa Dabukke, S.Gz",Male,3,Junior,Bandung,Permanent,2020-03-25,2023-03-30,Resigned,17260000,2.7,4.0,1074
1378,Wulan Hakim,Male,8,Junior,Medan,Permanent,2018-04-03,,Active,15460000,4.0,3.3,5261
1379,Kani Wahyudin,Male,3,Senior,Medan,Permanent,2024-02-15,,Active,34120000,3.9,3.1,2995
1380,Dalima Prasasta,Male,2,Mid,Yogyakarta,Permanent,2023-07-23,2024-10-08,Resigned,28270000,4.2,2.7,3949
1381,dr. Karya Zulaika,Female,7,Mid,Medan,Permanent,2020-07-30,2023-04-11,Resigned,16510000,1.2,4.4,1887
1382,"R.M. Cawisono Natsir, S.Pt",Male,1,Mid,Jakarta,Permanent,2017-05-31,,Active,30040000,3.6,5.0,4181
1383,drg. Raina Zulaika,Female,4,Mid,Remote,Permanent,2021-09-13,,Active,20190000,3.3,2.9,4441
1384,Jamal Padmasari,Female,10,Junior,Yogyakarta,Permanent,2021-01-07,2022-02-11,Resigned,8890000,3.7,3.5,2989
1385,Daru Hariyah,Female,3,Junior,Yogyakarta,Permanent,2023-02-27,,Active,18500000,3.9,2.4,4876
1386,"Dodo Haryanti, S.T.",Female,5,Senior,Bandung,Permanent,2015-07-29,,Active,38520000,3.6,4.8,2610
1387,"Adika Hastuti, S.Pd",Female,7,Mid,Yogyakarta,Permanent,2015-10-29,,Active,15140000,4.4,3.4,1632
1388,"Kenes Manullang, S.Pt",Female,3,Senior,Remote,Permanent,2024-04-03,,Active,42130000,3.9,3.6,5171
1389,Jelita Rahmawati,Male,9,Junior,Surabaya,Permanent,2016-02-01,,Active,13960000,3.5,3.9,4196
1390,Suci Anggraini,Female,3,Mid,Medan,Permanent,2023-06-20,,Active,28390000,4.1,3.3,4906
1391,"Hafshah Hasanah, S.Pd",Male,2,Mid,Surabaya,Contract,2015-07-05,2024-01-01,Resigned,27640000,3.7,3.6,1207
1392,Harjo Laksmiwati,Female,10,Junior,Medan,Permanent,2016-09-02,,Active,13830000,3.1,3.3,4192
1393,Dasa Wibowo,Female,1,Mid,Medan,Permanent,2016-10-27,,Active,30680000,4.4,2.9,2092
1394,dr. Ratih Sihombing,Female,2,Mid,Medan,Permanent,2021-08-28,,Active,23970000,4.1,4.2,2732
1395,"Ida Damanik, S.Sos",Female,8,Senior,Surabaya,Permanent,2020-04-29,,Active,35980000,4.2,3.4,4529
1396,Ajeng Pratiwi,Male,1,Junior,Remote,Contract,2019-09-03,,Active,18130000,3.9,3.0,2106
1397,"Hj. Victoria Hardiansyah, M.Ak",Male,2,Junior,Remote,Contract,2021-09-10,,Active,20990000,4.0,3.5,2929
1398,"Najwa Suwarno, S.H.",Male,5,Mid,Bandung,Permanent,2023-02-02,2024-12-04,Resigned,19710000,3.0,4.3,5360
1399,dr. Gawati Usada,Female,2,Senior,Bandung,Permanent,2016-08-28,,Active,47610000,2.7,4.5,4635
1400,Lukman Ramadan,Male,9,Mid,Yogyakarta,Permanent,2017-02-20,2021-02-23,Resigned,19600000,3.5,4.4,5466
1401,"Perkasa Wahyuni, S.E.I",Male,5,Junior,Medan,Probation,2019-08-08,,Active,15740000,3.6,2.9,4804
1402,"Bakti Utami, S.Gz",Male,4,Manager,Medan,Permanent,2022-11-30,2023-12-27,Resigned,64510000,3.5,2.7,5155
1403,Winda Farida,Female,10,Junior,Bandung,Permanent,2020-11-22,,Active,11220000,4.1,3.6,4082
1404,Labuh Utama,Female,1,Junior,Remote,Permanent,2021-02-15,,Active,19830000,4.3,3.6,3664
1405,"Diah Iswahyudi, S.Pd",Female,10,Lead,Bandung,Permanent,2021-11-03,,Active,33430000,4.8,5.0,3353
1406,Ulva Agustina,Female,6,Manager,Surabaya,Permanent,2017-07-10,,Active,50070000,4.0,2.9,1794
1407,Daliono Mustofa,Male,4,Intern,Surabaya,Permanent,2022-09-28,,Active,8350000,4.6,4.1,2848
1408,"Dr. Taufik Utama, M.TI.",Female,10,Junior,Yogyakarta,Contract,2018-03-24,2024-10-22,Resigned,12210000,3.4,3.3,2461
1409,T. Radika Marbun,Female,9,Mid,Bandung,Permanent,2024-03-06,,Active,17330000,2.9,3.0,2165
1410,Yunita Laksmiwati,Female,9,Lead,Remote,Permanent,2023-01-04,2024-09-27,Resigned,35440000,3.4,2.7,5321
1411,"T. Pangeran Sirait, S.IP",Female,4,Senior,Surabaya,Probation,2017-05-26,2023-12-07,Resigned,38560000,3.2,2.0,3089
1412,Citra Megantara,Female,1,Mid,Bandung,Permanent,2016-07-16,2023-08-12,Resigned,34180000,3.3,3.9,1915
1413,"Sutan Satya Wastuti, S.Sos",Male,8,Mid,Jakarta,Permanent,2022-02-26,,Active,23870000,3.7,3.9,1520
1414,"Drs. Karimah Iswahyudi, S.Sos",Female,4,Mid,Bandung,Permanent,2016-02-16,,Active,25660000,2.0,3.1,5111
1415,Eman Nasyiah,Male,3,Junior,Yogyakarta,Permanent,2019-07-25,,Active,18030000,3.7,3.7,4988
1416,Jaeman Uwais,Male,6,Mid,Surabaya,Permanent,2023-06-24,,Active,19730000,3.3,3.5,2933
1417,"Pangestu Wulandari, S.T.",Male,7,Manager,Bandung,Permanent,2023-08-15,2024-11-30,Resigned,36820000,2.8,2.6,4158
1418,drg. Yuni Uyainah,Male,6,Senior,Bandung,Probation,2016-12-18,,Active,32820000,3.2,4.1,2250
1419,Cici Wulandari,Male,2,Mid,Yogyakarta,Permanent,2024-05-18,,Active,25020000,4.3,3.0,4219
1420,Jarwi Dongoran,Female,9,Mid,Surabaya,Permanent,2024-10-31,,Active,20070000,4.0,1.8,3798
1421,Drs. Jane Suryatmi,Male,5,Junior,Remote,Permanent,2018-10-04,,Active,14850000,2.7,3.4,5444
1422,Marsudi Haryanto,Female,9,Mid,Yogyakarta,Permanent,2016-07-03,,Active,24190000,3.2,4.0,1459
1423,"Ridwan Hariyah, S.Pd",Male,9,Mid,Remote,Permanent,2018-09-16,2024-05-06,Resigned,20140000,2.5,3.4,1098
1424,"Hasan Latupono, S.E.I",Male,3,Junior,Surabaya,Permanent,2015-02-27,,Active,20360000,3.6,3.3,1023
1425,Warsita Firgantoro,Male,7,Mid,Remote,Contract,2016-12-19,,Active,15950000,4.7,3.2,1739
1426,Nilam Latupono,Female,6,Lead,Yogyakarta,Permanent,2020-10-11,,Active,37130000,4.6,3.8,4643
1427,Daryani Nasyiah,Male,7,Junior,Bandung,Permanent,2016-07-29,,Active,12590000,3.1,2.7,2623
1428,Harsanto Hasanah,Female,7,Senior,Surabaya,Probation,2017-08-22,,Active,20650000,3.7,4.7,1288
1429,Salsabila Namaga,Female,3,Lead,Jakarta,Permanent,2021-07-13,,Active,54040000,4.4,4.8,3073
1430,Rini Mangunsong,Female,9,Mid,Remote,Permanent,2022-10-08,,Active,19850000,3.3,3.4,2996
1431,Safina Januar,Female,9,Mid,Medan,Probation,2016-10-16,,Active,23990000,3.7,3.6,1459
1432,"Dr. Raisa Wasita, S.T.",Female,8,Junior,Surabaya,Permanent,2022-09-28,2024-01-23,Resigned,16080000,3.2,2.9,3495
1433,Muhammad Uwais,Male,6,Junior,Yogyakarta,Permanent,2016-07-01,,Active,12910000,3.6,4.8,4719
1434,Ibun Handayani,Female,1,Senior,Yogyakarta,Permanent,2019-08-31,,Active,41130000,3.4,4.0,1591
1435,Sabar Tarihoran,Male,5,Mid,Medan,Contract,2023-07-18,,Active,19710000,3.5,2.8,1108
1436,Mahfud Uwais,Male,5,Senior,Remote,Permanent,2020-11-22,,Active,31060000,3.9,3.9,3422
1437,Ir. Gatot Halim,Male,4,Mid,Medan,Permanent,2015-09-10,,Active,26020000,5.0,3.2,5492
1438,Ika Nainggolan,Male,7,Senior,Medan,Permanent,2016-11-04,,Active,23490000,4.2,3.9,5494
1439,Warta Hasanah,Male,2,Junior,Jakarta,Contract,2023-01-15,,Active,20750000,4.8,2.5,2469
1440,Mujur Prabowo,Female,5,Mid,Medan,Permanent,2024-01-26,2024-08-26,Resigned,21970000,4.1,2.9,2638
1441,"Manah Riyanti, S.Ked",Male,7,Senior,Surabaya,Permanent,2021-04-07,,Active,25480000,4.4,4.1,3169
1442,Panji Sitorus,Female,1,Mid,Remote,Permanent,2017-11-08,,Active,30810000,3.3,3.9,2164
1443,Budi Pratiwi,Male,8,Junior,Remote,Permanent,2015-07-05,,Active,17470000,2.3,3.2,3575
1444,Bagiya Puspasari,Male,8,Mid,Yogyakarta,Permanent,2015-10-10,,Active,23770000,3.7,4.3,1036
1445,Langgeng Pratama,Female,10,Senior,Remote,Probation,2017-01-07,,Active,25640000,3.1,4.4,2951
1446,"R.A. Julia Maulana, M.Ak",Female,2,Mid,Yogyakarta,Permanent,2019-03-14,,Active,30550000,4.5,3.5,3735
1447,Enteng Maulana,Female,7,Senior,Remote,Contract,2019-03-19,,Active,24730000,4.1,4.0,4305
1448,Kayun Ramadan,Male,9,Junior,Jakarta,Permanent,2022-04-30,,Active,12160000,3.8,3.6,2620
1449,"R.M. Balapati Wijayanti, S.Ked",Female,6,Mid,Bandung,Contract,2020-12-06,,Active,23500000,3.1,4.3,5464
1450,Aditya Tamba,Male,4,Mid,Remote,Permanent,2018-05-07,,Active,24690000,3.8,2.4,3572
1451,"KH. Dasa Rahmawati, S.Psi",Female,7,Intern,Surabaya,Permanent,2024-03-26,2024-11-19,Resigned,4720000,2.8,3.1,5076
1452,Cayadi Saptono,Male,2,Junior,Jakarta,Permanent,2024-10-24,,Active,19770000,2.2,3.8,2495
1453,Budi Andriani,Female,7,Junior,Jakarta,Permanent,2021-11-23,,Active,10150000,2.8,2.9,4769
1454,R. Panca Haryanto,Male,9,Senior,Yogyakarta,Permanent,2016-02-18,,Active,29070000,5.0,3.4,1664
1455,Melinda Tarihoran,Male,5,Senior,Yogyakarta,Permanent,2017-09-29,,Active,32360000,3.8,2.8,4348
1456,Drs. Balangga Hartati,Male,10,Mid,Jakarta,Permanent,2023-06-17,,Active,15110000,3.7,4.1,4928
1457,Sutan Warsita Susanti,Female,9,Junior,Remote,Permanent,2017-08-17,,Active,13500000,2.9,4.1,1348
1458,Ozy Wahyuni,Female,8,Mid,Bandung,Probation,2017-08-28,,Active,24630000,3.1,4.3,1783
1459,T. Jagapati Yuniar,Male,9,Lead,Jakarta,Permanent,2019-08-21,,Active,41050000,4.0,3.4,1790
1460,Aswani Kuswandari,Male,3,Junior,Medan,Permanent,2022-01-08,,Active,19070000,4.0,3.4,5264
1461,"drg. Maria Kurniawan, M.Kom.",Female,5,Mid,Medan,Permanent,2022-03-20,,Active,20120000,4.0,4.4,2101
1462,"Maimunah Hidayanto, S.Pt",Female,7,Mid,Bandung,Permanent,2019-07-31,2022-03-07,Resigned,15010000,3.2,3.3,1203
1463,Rachel Maulana,Female,8,Junior,Surabaya,Contract,2017-09-14,,Active,17060000,4.9,3.6,4621
1464,Budi Saefullah,Male,7,Lead,Jakarta,Permanent,2024-01-14,,Active,31310000,5.0,3.5,4158
1465,Hj. Restu Pudjiastuti,Female,8,Mid,Yogyakarta,Permanent,2021-04-01,,Active,22300000,4.0,2.0,1875
1466,"Jane Wibowo, M.Ak",Male,2,Mid,Yogyakarta,Contract,2018-09-14,,Active,28570000,3.3,4.2,2602
1467,T. Jaeman Mayasari,Male,3,Mid,Bandung,Permanent,2021-01-02,,Active,28650000,3.1,3.1,5057
1468,drg. Cinthia Latupono,Female,9,Junior,Jakarta,Contract,2022-07-22,,Active,15200000,3.5,4.7,5072
1469,"Hj. Sadina Puspasari, S.Kom",Male,1,Mid,Remote,Permanent,2024-01-09,,Active,28630000,4.4,2.8,4115
1470,Mila Pradana,Male,9,Mid,Surabaya,Permanent,2020-05-17,,Active,20820000,2.8,3.3,2707
1471,Jessica Hasanah,Male,1,Manager,Remote,Permanent,2017-05-17,,Active,65050000,4.3,3.1,4497
1472,Lidya Kuswoyo,Female,5,Mid,Remote,Permanent,2017-09-20,,Active,22980000,4.5,3.4,2514
1473,Maria Sihotang,Male,2,Senior,Surabaya,Permanent,2021-03-11,,Active,42820000,3.2,4.1,3357
1474,"Dodo Wahyudin, S.E.I",Female,8,Mid,Medan,Contract,2018-06-17,,Active,24760000,3.9,4.1,2611
1475,"Virman Kusmawati, S.Pt",Female,1,Junior,Remote,Permanent,2016-02-08,,Active,25130000,3.7,3.6,4054
1476,Radika Hutasoit,Female,6,Senior,Yogyakarta,Permanent,2017-04-12,,Active,30940000,3.7,4.1,4534
1477,Ian Kuswoyo,Male,8,Mid,Medan,Probation,2023-04-25,2024-03-03,Resigned,18890000,2.7,3.8,2896
1478,"Ulya Wahyudin, S.E.I",Female,3,Senior,Surabaya,Permanent,2018-04-24,,Active,41540000,4.2,3.9,3067
1479,Dt. Langgeng Purwanti,Male,5,Intern,Remote,Permanent,2020-08-07,,Active,6300000,2.9,4.7,5313
1480,Tgk. Mumpuni Maheswara,Female,9,Mid,Yogyakarta,Permanent,2023-02-11,,Active,19150000,3.0,3.4,3570
1481,Kamila Widiastuti,Female,5,Senior,Yogyakarta,Permanent,2016-11-24,2023-07-09,Resigned,33540000,3.1,4.3,3790
1482,"dr. Taswir Habibi, S.Pd",Male,6,Mid,Remote,Permanent,2020-11-16,2021-10-14,Resigned,20060000,2.6,2.7,5464
1483,Tgk. Kamila Jailani,Male,9,Mid,Bandung,Permanent,2019-08-17,2023-08-27,Resigned,19970000,2.1,3.8,1746
1484,Drs. Gabriella Mangunsong,Male,8,Junior,Yogyakarta,Permanent,2015-02-07,,Active,18510000,3.7,2.6,1487
1485,"Jaya Prasetyo, S.IP",Female,1,Mid,Jakarta,Permanent,2022-05-24,,Active,29070000,3.9,3.0,1915
1486,Zulfa Puspita,Female,9,Mid,Surabaya,Permanent,2015-02-18,2023-09-22,Resigned,21510000,4.1,2.9,3138
1487,Calista Setiawan,Female,8,Mid,Remote,Permanent,2015-03-12,,Active,23950000,2.8,4.0,5229
1488,R.A. Yani Aryani,Male,2,Junior,Medan,Permanent,2016-03-14,,Active,19420000,3.4,3.2,2890
1489,"Drs. Vivi Oktaviani, M.Ak",Male,3,Mid,Surabaya,Permanent,2021-12-13,,Active,28500000,3.2,4.7,4623
1490,"Margana Puspita, S.Ked",Female,4,Mid,Yogyakarta,Permanent,2015-11-20,,Active,23090000,5.0,2.7,2259
1491,Hj. Yance Santoso,Male,10,Senior,Remote,Contract,2022-10-26,,Active,23800000,3.1,2.8,3845
1492,Cemeti Saputra,Male,5,Senior,Remote,Permanent,2022-05-01,,Active,27750000,4.0,4.0,5203
1493,"Vanesa Saragih, S.Psi",Male,8,Mid,Medan,Permanent,2019-07-19,,Active,21510000,4.2,3.4,3384
1494,Agnes Najmudin,Male,6,Lead,Yogyakarta,Permanent,2022-11-18,2024-10-09,Resigned,36520000,3.8,2.7,4917
1495,"R. Padmi Wahyuni, S.Sos",Female,2,Intern,Jakarta,Contract,2021-05-06,,Active,10530000,4.6,3.4,4459
1496,Caket Usada,Male,5,Senior,Remote,Contract,2017-07-30,,Active,31850000,4.2,3.4,1297
1497,Bakijan Nuraini,Female,9,Mid,Remote,Probation,2018-01-15,2019-05-14,Resigned,21270000,3.9,3.1,1821
1498,Harimurti Andriani,Male,8,Senior,Surabaya,Permanent,2017-01-04,,Active,33580000,2.7,3.8,3045
1499,Jasmin Manullang,Male,2,Junior,Jakarta,Permanent,2021-08-01,2024-04-22,Resigned,20030000,3.5,2.6,1565
1500,Ira Simbolon,Male,9,Manager,Yogyakarta,Permanent,2021-05-10,,Active,45810000,4.6,4.0,5095
1501,"Drs. Lembah Hutasoit, S.Gz",Female,7,Mid,Bandung,Contract,2019-04-22,,Active,15990000,3.5,3.8,4559
1502,Candrakanta Safitri,Male,7,Mid,Surabaya,Permanent,2020-08-13,,Active,16530000,4.4,3.6,4794
1503,Mursita Hutapea,Female,4,Senior,Surabaya,Permanent,2017-08-08,,Active,39710000,3.9,2.8,1685
1504,Maimunah Wijayanti,Female,3,Mid,Yogyakarta,Permanent,2023-09-04,2024-07-19,Resigned,22890000,3.8,2.2,5177
1505,Nova Sudiati,Female,8,Junior,Yogyakarta,Permanent,2021-03-15,,Active,15760000,4.0,4.8,2515
1506,Lidya Saputra,Female,8,Mid,Surabaya,Contract,2015-12-18,,Active,23480000,3.6,4.3,2138
1507,Perkasa Mulyani,Male,7,Senior,Yogyakarta,Permanent,2015-12-03,,Active,25660000,1.9,3.1,3169
1508,Gangsar Astuti,Male,10,Intern,Surabaya,Permanent,2023-04-18,,Active,6280000,3.7,5.0,3353
1509,Edi Wastuti,Male,8,Senior,Surabaya,Permanent,2018-06-16,,Active,31980000,3.4,1.9,1900
1510,"Lega Laksita, M.TI.",Male,4,Senior,Medan,Permanent,2017-02-06,,Active,33810000,3.2,4.1,4373
1511,"Gaiman Gunawan, S.H.",Female,1,Senior,Medan,Permanent,2016-02-28,2020-08-14,Resigned,48620000,3.1,3.6,2376
1512,Rahayu Hakim,Female,5,Mid,Surabaya,Permanent,2024-09-07,,Active,22680000,3.4,3.5,4965
1513,Damu Sihombing,Male,1,Senior,Bandung,Permanent,2023-02-16,,Active,36190000,2.6,3.6,2828
1514,Pranata Mandala,Male,7,Lead,Bandung,Permanent,2022-09-08,,Active,30740000,3.8,3.2,2200
1515,"T. Elvin Simbolon, S.IP",Female,9,Junior,Yogyakarta,Permanent,2020-07-12,2021-12-16,Resigned,12050000,1.9,4.3,3002
1516,Jamal Astuti,Female,10,Mid,Surabaya,Permanent,2020-06-06,,Active,15950000,2.7,4.3,4261
1517,Cager Wibowo,Male,6,Junior,Medan,Permanent,2023-01-31,,Active,13580000,4.5,4.3,1597
1518,H. Dartono Mardhiyah,Female,4,Mid,Jakarta,Probation,2016-03-14,,Active,30580000,3.7,4.2,1663
1519,Ir. Reksa Thamrin,Female,9,Lead,Surabaya,Permanent,2024-06-09,,Active,35500000,2.9,3.4,1790
1520,Hasta Gunarto,Female,8,Senior,Remote,Probation,2024-02-23,,Active,29330000,4.1,4.0,3274
1521,Anita Haryanti,Male,7,Mid,Remote,Permanent,2018-05-15,,Active,16920000,3.3,3.4,1804
1522,Setya Sihotang,Female,8,Senior,Surabaya,Permanent,2016-12-28,,Active,32600000,3.9,3.3,1082
1523,drg. Queen Waskita,Female,6,Junior,Surabaya,Permanent,2021-06-16,,Active,13460000,3.3,3.0,1692
1524,"Suci Agustina, S.Pd",Female,8,Mid,Bandung,Permanent,2019-02-04,2022-09-30,Resigned,20570000,2.9,2.8,5093
1525,Halim Damanik,Male,7,Manager,Jakarta,Probation,2022-08-24,,Active,38990000,4.5,2.9,4158
1526,Ella Safitri,Female,2,Junior,Surabaya,Contract,2022-12-11,,Active,19400000,3.7,3.0,2116
1527,Yance Tarihoran,Male,9,Senior,Yogyakarta,Permanent,2024-03-08,,Active,27040000,2.0,3.3,1538
1528,Ibrani Kurniawan,Male,3,Senior,Surabaya,Permanent,2022-02-07,,Active,33880000,3.5,3.0,1335
1529,Ibrani Rahmawati,Female,1,Mid,Medan,Permanent,2023-11-07,2024-08-27,Resigned,26900000,2.0,2.7,1831
1530,Paramita Hutapea,Female,1,Mid,Remote,Permanent,2020-12-28,,Active,32990000,4.1,2.1,2915
1531,Ira Sirait,Male,3,Lead,Remote,Contract,2023-11-13,,Active,48310000,3.0,2.8,1668
1532,Ganda Narpati,Male,10,Mid,Remote,Permanent,2016-03-23,,Active,18620000,4.2,3.1,1717
1533,Kajen Usada,Male,9,Senior,Medan,Probation,2022-04-04,,Active,29700000,3.0,3.0,5294
1534,Karta Melani,Female,7,Mid,Yogyakarta,Permanent,2023-06-10,,Active,15660000,4.2,4.2,2067
1535,Utama Tampubolon,Male,9,Mid,Remote,Permanent,2017-11-25,,Active,18360000,3.8,2.9,2527
1536,Titi Yuliarti,Male,10,Junior,Yogyakarta,Permanent,2019-12-31,,Active,12750000,3.7,4.1,1695
1537,"R. Gilda Jailani, S.E.I",Male,8,Junior,Yogyakarta,Permanent,2018-11-13,,Active,16120000,4.6,3.9,4213
1538,Faizah Natsir,Female,9,Manager,Remote,Permanent,2015-12-18,,Active,48810000,4.1,3.5,2546
1539,R. Vanya Yolanda,Female,2,Mid,Bandung,Permanent,2018-11-06,,Active,26610000,3.6,2.5,2732
1540,Cecep Utami,Female,3,Mid,Remote,Permanent,2020-05-04,2024-11-17,Resigned,24060000,3.6,5.0,5425
1541,Malika Pratiwi,Male,3,Mid,Jakarta,Contract,2018-05-14,2020-02-24,Resigned,29670000,2.7,2.8,3244
1542,"Drs. Ikin Zulaika, M.Farm",Male,5,Junior,Remote,Permanent,2022-08-05,,Active,13990000,3.8,3.7,4954
1543,"Makara Oktaviani, S.Psi",Male,5,Lead,Medan,Permanent,2021-03-10,,Active,41810000,4.1,3.4,1198
1544,"Hj. Iriana Maryadi, M.M.",Female,7,Senior,Remote,Permanent,2017-08-07,,Active,24540000,2.7,4.2,5101
1545,Jarwadi Handayani,Female,8,Junior,Bandung,Permanent,2019-06-09,2023-05-16,Resigned,16300000,3.1,3.4,4842
1546,"Gadang Saefullah, M.Farm",Female,3,Manager,Bandung,Permanent,2019-05-12,2021-01-20,Resigned,67100000,3.1,3.3,1747
1547,Garan Mayasari,Male,10,Mid,Bandung,Permanent,2021-06-22,2024-12-22,Resigned,15400000,3.4,3.3,1067
1548,Galak Hariyah,Male,1,Mid,Yogyakarta,Permanent,2020-02-18,2024-05-20,Resigned,30040000,3.6,4.7,2166
1549,Ani Hakim,Female,9,Senior,Yogyakarta,Permanent,2021-09-11,,Active,25140000,2.3,2.8,1851
1550,Yance Suwarno,Female,8,Mid,Medan,Permanent,2018-12-12,,Active,24850000,2.8,3.2,2859
1551,Mariadi Iswahyudi,Female,9,Mid,Remote,Permanent,2021-11-21,,Active,18150000,3.9,2.7,1625
1552,Ir. Ophelia Winarno,Male,10,Junior,Bandung,Permanent,2017-09-04,,Active,14980000,3.9,4.4,3349
1553,Ratna Puspasari,Male,3,Junior,Medan,Permanent,2020-09-23,,Active,20980000,4.3,3.0,2800
1554,"H. Umar Gunarto, M.M.",Female,4,Mid,Remote,Permanent,2019-09-29,,Active,18470000,4.6,3.2,3295
1555,"Drs. Martana Nainggolan, S.Psi",Male,6,Mid,Surabaya,Permanent,2021-03-22,,Active,20370000,4.1,4.0,4427
1556,Dr. Olivia Maryadi,Female,3,Senior,Jakarta,Contract,2024-06-10,,Active,46360000,3.1,3.2,3067
1557,Ihsan Jailani,Male,1,Mid,Medan,Permanent,2020-06-07,2023-01-29,Resigned,33520000,2.5,3.1,4270
1558,"Tgk. Nasab Hutasoit, M.TI.",Female,8,Senior,Yogyakarta,Permanent,2019-08-03,,Active,37950000,4.4,4.6,4012
1559,"Cawuk Gunarto, S.H.",Female,4,Senior,Medan,Permanent,2020-06-24,,Active,35600000,4.4,3.4,4441
1560,"Maida Farida, M.TI.",Male,5,Junior,Medan,Permanent,2018-04-11,2021-04-15,Resigned,16510000,4.0,4.4,3400
1561,Drs. Capa Utama,Female,8,Junior,Yogyakarta,Permanent,2021-05-05,,Active,15750000,2.7,4.3,2156
1562,Intan Wibisono,Male,1,Manager,Surabaya,Permanent,2021-06-03,2024-12-16,Resigned,77840000,3.8,2.6,2805
1563,Vicky Sirait,Male,10,Junior,Medan,Permanent,2023-07-10,,Active,11530000,3.4,3.6,2005
1564,"Liman Habibi, S.Psi",Female,2,Junior,Remote,Permanent,2016-02-24,,Active,21970000,3.6,4.9,4400
1565,Gambira Kuswoyo,Female,2,Lead,Yogyakarta,Permanent,2024-10-23,,Active,45270000,3.5,3.5,2495
1566,Ir. Harsana Suryono,Male,4,Mid,Jakarta,Permanent,2019-12-04,,Active,25080000,4.1,3.8,4887
1567,Tari Wahyuni,Male,6,Intern,Medan,Permanent,2017-05-09,,Active,7490000,3.7,2.9,2806
1568,R. Juli Hutapea,Female,8,Junior,Bandung,Contract,2016-11-10,,Active,16690000,4.5,3.0,3612
1569,Hj. Dinda Tampubolon,Male,6,Mid,Surabaya,Permanent,2021-05-24,,Active,20030000,2.8,3.7,5462
1570,Safina Wijayanti,Male,4,Mid,Surabaya,Permanent,2018-08-18,,Active,26690000,4.7,3.8,1663
1571,Diah Riyanti,Female,4,Mid,Remote,Contract,2024-08-15,,Active,27030000,3.4,4.0,2183
1572,"Chelsea Saragih, M.Pd",Male,6,Mid,Jakarta,Probation,2023-05-31,,Active,18530000,3.5,2.6,1369
1573,Syahrini Sitompul,Male,6,Manager,Bandung,Permanent,2022-11-13,,Active,42070000,2.6,3.3,5491
1574,"R. Salsabila Novitasari, S.Pt",Female,3,Mid,Remote,Permanent,2024-04-16,,Active,23850000,4.0,2.8,3335
1575,"Mumpuni Anggraini, M.TI.",Male,4,Lead,Remote,Permanent,2021-06-23,,Active,49150000,2.9,3.9,3089
1576,Anita Tarihoran,Female,7,Mid,Jakarta,Permanent,2015-11-06,,Active,17080000,3.7,4.1,4903
1577,Elvina Prabowo,Female,7,Mid,Surabaya,Permanent,2022-10-16,,Active,15330000,3.5,4.3,1447
1578,Vivi Laksita,Female,2,Mid,Remote,Permanent,2018-09-02,,Active,28080000,3.8,4.6,2602
1579,Darmanto Mandala,Female,1,Mid,Surabaya,Contract,2022-02-13,,Active,29080000,4.7,2.9,1333
1580,Bahuwarna Sihombing,Female,10,Junior,Bandung,Permanent,2017-06-11,,Active,12430000,2.8,3.9,5326
1581,"Puti Ophelia Namaga, M.TI.",Female,9,Junior,Medan,Permanent,2024-04-15,,Active,12480000,3.8,2.8,2996
1582,Mitra Sirait,Female,2,Senior,Jakarta,Permanent,2023-11-03,2024-10-22,Resigned,35940000,3.3,2.2,3770
1583,"Drs. Cahyadi Riyanti, S.Sos",Female,5,Mid,Bandung,Permanent,2015-03-08,,Active,21010000,3.9,3.0,1386
1584,Carub Najmudin,Male,7,Senior,Remote,Contract,2019-10-19,,Active,25630000,3.2,3.1,1304
1585,"Ir. Yessi Marbun, M.M.",Female,1,Junior,Surabaya,Permanent,2016-10-13,,Active,20680000,2.3,3.5,2823
1586,Hendra Utama,Female,7,Junior,Jakarta,Permanent,2017-10-22,2020-02-26,Resigned,11240000,2.5,2.5,4435
1587,"Najib Prakasa, M.M.",Female,10,Junior,Bandung,Permanent,2023-02-21,,Active,12810000,2.1,3.6,1456
1588,Tgk. Umi Hassanah,Male,2,Lead,Yogyakarta,Permanent,2022-11-22,2023-12-25,Resigned,54790000,3.7,2.9,4232
1589,Kasusra Permadi,Male,7,Intern,Jakarta,Permanent,2020-10-28,,Active,5700000,2.9,3.3,2897
1590,Yessi Halimah,Female,1,Junior,Remote,Permanent,2024-02-29,2024-12-13,Resigned,20840000,3.6,4.4,3860
1591,"R.A. Kartika Wastuti, M.Farm",Male,1,Lead,Remote,Contract,2017-07-26,,Active,60720000,3.0,4.7,5107
1592,Malika Suryono,Male,2,Mid,Surabaya,Permanent,2018-07-07,,Active,31450000,3.5,3.1,5397
1593,"dr. Jefri Nuraini, S.Farm",Male,3,Senior,Bandung,Permanent,2022-03-12,,Active,44450000,2.6,2.9,1335
1594,Rendy Pangestu,Male,5,Mid,Yogyakarta,Permanent,2021-11-04,,Active,23590000,2.4,2.5,4877
1595,"Drs. Cahyo Ramadan, S.Gz",Male,3,Junior,Yogyakarta,Permanent,2022-01-16,,Active,16980000,3.7,3.7,1994
1596,"Jaya Wahyudin, M.Pd",Female,8,Junior,Jakarta,Permanent,2024-08-23,,Active,14130000,3.5,3.9,2991
1597,Narji Maryati,Male,6,Mid,Surabaya,Probation,2021-08-11,,Active,21460000,2.9,3.2,4654
1598,"Puti Intan Hutasoit, S.E.",Female,1,Mid,Remote,Permanent,2023-11-15,2024-07-22,Resigned,27530000,2.7,4.1,4233
1599,Mila Mulyani,Female,5,Lead,Jakarta,Contract,2023-09-26,,Active,35710000,2.7,5.0,5203
1600,Radika Fujiati,Female,5,Junior,Medan,Permanent,2017-04-21,,Active,16830000,4.9,4.2,3200
1601,Warsita Prasetya,Female,4,Junior,Bandung,Permanent,2018-04-25,,Active,18690000,4.7,3.7,5209
1602,"Dr. Kamaria Dongoran, S.Farm",Male,6,Senior,Medan,Permanent,2017-09-14,,Active,32470000,1.9,3.5,3030
1603,Harto Mardhiyah,Male,10,Lead,Bandung,Permanent,2019-01-19,,Active,30380000,2.7,4.0,1205
1604,Gilda Winarno,Female,5,Senior,Bandung,Permanent,2019-02-05,,Active,32130000,3.8,3.5,1297
1605,Hardi Prasetyo,Male,9,Mid,Jakarta,Permanent,2015-03-10,,Active,21120000,4.8,3.9,2620
1606,Galuh Januar,Male,9,Mid,Yogyakarta,Permanent,2015-09-05,,Active,19710000,2.2,3.7,3923
1607,"Hj. Juli Maulana, S.E.I",Female,1,Mid,Jakarta,Permanent,2019-10-01,,Active,30860000,3.0,2.2,4225
1608,Edison Halimah,Male,9,Mid,Medan,Probation,2018-02-10,2019-06-28,Resigned,19090000,4.3,2.7,2413
1609,"Yance Mandala, M.Kom.",Male,10,Lead,Medan,Permanent,2021-01-06,,Active,34420000,4.6,3.8,2147
1610,Raisa Ardianto,Male,10,Mid,Remote,Probation,2018-06-24,,Active,19400000,3.6,2.5,1736
1611,Ajiman Rajasa,Male,7,Senior,Yogyakarta,Permanent,2015-08-26,,Active,24220000,2.5,4.2,4794
1612,Rafid Maryadi,Male,3,Junior,Remote,Permanent,2018-06-20,,Active,20890000,3.4,3.5,5235
1613,H. Lulut Nuraini,Male,6,Lead,Remote,Permanent,2015-02-21,,Active,43710000,3.4,3.8,3279
1614,Carla Suwarno,Female,5,Senior,Remote,Permanent,2018-11-21,,Active,34750000,3.3,4.2,4683
1615,Gada Maheswara,Female,4,Junior,Surabaya,Permanent,2016-06-03,,Active,18840000,3.9,5.0,2089
1616,Digdaya Andriani,Male,3,Manager,Surabaya,Contract,2023-08-26,,Active,61850000,4.4,4.3,1747
1617,"Putu Oktaviani, M.M.",Female,8,Mid,Remote,Permanent,2020-11-15,2024-08-06,Resigned,20970000,4.7,2.8,5127
1618,Balapati Mandasari,Female,3,Mid,Yogyakarta,Contract,2020-09-23,,Active,27790000,4.8,2.1,3899
1619,Drs. Anita Usamah,Male,8,Junior,Jakarta,Contract,2019-02-15,,Active,17120000,3.4,5.0,2887
1620,Drs. Dimas Megantara,Male,9,Junior,Jakarta,Permanent,2017-07-24,,Active,14330000,3.0,2.6,2878
1621,Maria Adriansyah,Male,6,Intern,Yogyakarta,Probation,2017-09-28,2022-04-25,Resigned,7700000,3.8,4.8,4064
1622,dr. Halima Pertiwi,Male,5,Junior,Remote,Permanent,2024-08-13,,Active,11830000,3.8,3.5,5405
1623,Fitria Widiastuti,Female,8,Junior,Yogyakarta,Contract,2017-07-08,,Active,15550000,4.1,3.5,4662
1624,"Bakiadi Novitasari, S.I.Kom",Female,7,Manager,Medan,Permanent,2018-01-16,,Active,32960000,2.9,3.4,4158
1625,Xanana Novitasari,Male,9,Lead,Medan,Probation,2017-01-04,,Active,46110000,2.9,3.1,2279
1626,Dr. Panji Mayasari,Female,10,Mid,Surabaya,Permanent,2015-10-10,,Active,16410000,4.3,3.8,2791
1627,Dt. Harsaya Halimah,Female,3,Junior,Jakarta,Permanent,2018-09-02,2024-04-13,Resigned,19680000,3.3,3.9,5425
1628,Makara Wibisono,Female,6,Junior,Remote,Permanent,2021-04-28,,Active,12220000,3.1,4.0,5272
1629,Hafshah Budiyanto,Female,2,Senior,Yogyakarta,Probation,2019-02-17,,Active,37230000,4.2,4.4,4585
1630,Winda Hidayat,Male,2,Intern,Bandung,Permanent,2023-03-20,,Active,11340000,2.4,2.6,5366
1631,Halima Wahyuni,Female,1,Junior,Surabaya,Permanent,2015-04-08,,Active,26360000,3.5,4.4,4946
1632,"Bala Prastuti, S.Psi",Male,7,Senior,Remote,Permanent,2018-10-04,2023-06-21,Resigned,21100000,3.1,4.1,2411
1633,Artawan Thamrin,Male,6,Senior,Bandung,Permanent,2017-04-20,,Active,30720000,4.5,3.4,4216
1634,Tgk. Rahmat Yuniar,Male,10,Mid,Jakarta,Permanent,2016-08-06,,Active,17170000,3.0,3.6,3198
1635,Radika Hariyah,Male,5,Mid,Remote,Contract,2024-06-25,,Active,20910000,2.9,2.9,3360
1636,"Natalia Usamah, S.E.",Female,6,Senior,Medan,Permanent,2023-05-22,2024-01-05,Resigned,29620000,4.0,3.7,4992
1637,"R.M. Atma Haryanti, S.Gz",Female,4,Junior,Jakarta,Permanent,2015-11-03,,Active,18310000,4.6,3.0,2728
1638,Farah Gunawan,Male,10,Junior,Surabaya,Probation,2017-08-27,,Active,12180000,3.3,4.0,3434
1639,"Sutan Timbul Gunarto, S.Psi",Female,1,Intern,Surabaya,Permanent,2022-11-10,,Active,10830000,2.2,3.3,5015
1640,Oliva Widodo,Female,3,Lead,Bandung,Permanent,2017-08-14,2020-05-20,Resigned,53100000,3.9,3.7,3917
1641,"Drs. Nabila Ramadan, S.Gz",Male,9,Senior,Yogyakarta,Permanent,2016-09-28,2022-04-11,Resigned,27880000,2.9,4.8,2455
1642,"Ir. Dadap Suwarno, S.I.Kom",Male,4,Senior,Bandung,Permanent,2021-01-04,,Active,37360000,3.5,4.5,1685
1643,"Cut Zelaya Yolanda, S.Psi",Female,10,Senior,Jakarta,Permanent,2017-12-21,,Active,27710000,4.3,2.8,2218
1644,Dewi Uwais,Female,10,Mid,Medan,Permanent,2024-04-07,,Active,16280000,2.9,3.3,4732
1645,Lalita Farida,Female,7,Junior,Surabaya,Permanent,2016-08-30,2019-12-09,Resigned,10790000,1.9,3.0,2035
1646,Jessica Nashiruddin,Male,6,Mid,Bandung,Permanent,2022-08-05,,Active,20080000,2.5,4.5,5272
1647,Talia Mandasari,Female,5,Mid,Remote,Permanent,2024-08-01,,Active,20640000,2.6,3.5,4877
1648,Wirda Maryati,Male,9,Senior,Jakarta,Permanent,2020-03-07,2021-06-16,Resigned,29710000,3.7,2.9,4701
1649,Wani Hutasoit,Male,8,Mid,Yogyakarta,Permanent,2016-06-19,,Active,26670000,3.5,3.4,4283
1650,"Lintang Hutapea, S.Farm",Male,6,Senior,Jakarta,Permanent,2021-07-13,,Active,33090000,4.7,4.0,4216
1651,R. Puji Sihombing,Male,8,Mid,Yogyakarta,Contract,2017-03-20,,Active,22610000,2.8,3.2,4017
1652,Ciaobella Hutapea,Male,2,Senior,Surabaya,Permanent,2024-07-02,,Active,34610000,2.0,2.9,1654
1653,Salimah Sihombing,Female,7,Mid,Yogyakarta,Contract,2015-07-27,2022-06-30,Resigned,19080000,3.0,2.1,1464
1654,Melinda Suartini,Female,2,Lead,Yogyakarta,Permanent,2020-07-25,2024-11-20,Resigned,53260000,4.0,3.0,2331
1655,"Maria Marbun, M.M.",Male,6,Mid,Bandung,Permanent,2017-02-05,2022-08-04,Resigned,20180000,2.4,2.1,1078
1656,Melinda Gunarto,Male,4,Junior,Yogyakarta,Contract,2022-04-05,,Active,16290000,3.7,3.0,2394
1657,"Kamila Susanti, S.Farm",Female,7,Mid,Bandung,Permanent,2015-09-07,2020-06-20,Resigned,18060000,2.9,4.8,3865
1658,Suci Hakim,Male,4,Senior,Medan,Contract,2022-01-27,,Active,33770000,3.2,4.3,4588
1659,Mumpuni Uyainah,Female,7,Lead,Yogyakarta,Permanent,2023-10-08,,Active,31920000,2.4,3.9,1417
1660,Karimah Mulyani,Female,1,Junior,Medan,Permanent,2018-11-10,,Active,22860000,4.8,4.1,4270
1661,"H. Mustika Manullang, S.Ked",Female,8,Senior,Bandung,Permanent,2017-01-06,2024-03-15,Resigned,37070000,3.3,2.9,4242
1662,Samsul Sudiati,Female,6,Mid,Yogyakarta,Permanent,2015-08-28,,Active,25060000,3.3,4.0,2392
1663,"Purwa Farida, S.Gz",Male,4,Senior,Remote,Permanent,2016-10-15,,Active,38490000,4.1,3.4,1685
1664,Bagas Prakasa,Male,9,Lead,Bandung,Permanent,2023-07-27,,Active,32010000,4.9,2.3,5321
1665,"Ir. Ghani Tarihoran, S.Sos",Female,3,Junior,Bandung,Permanent,2018-12-24,,Active,20230000,3.7,2.6,2344
1666,Cut Rahmi Mangunsong,Female,6,Junior,Surabaya,Contract,2024-01-16,,Active,13520000,3.5,3.5,2066
1667,"Ihsan Uwais, S.I.Kom",Male,8,Intern,Medan,Permanent,2022-11-21,,Active,7630000,3.8,3.3,1487
1668,Vanesa Hutagalung,Male,3,Manager,Yogyakarta,Permanent,2024-05-20,,Active,73850000,2.4,4.0,1747
1669,R. Paris Utama,Male,6,Junior,Bandung,Permanent,2020-07-01,2021-04-22,Resigned,13370000,4.0,3.0,2608
1670,Iriana Yulianti,Male,6,Mid,Surabaya,Contract,2020-11-26,,Active,22070000,3.7,3.4,3237
1671,Hilda Latupono,Male,8,Mid,Surabaya,Permanent,2024-01-17,2024-08-29,Resigned,19760000,3.6,4.7,4751
1672,Oman Nashiruddin,Male,4,Junior,Bandung,Permanent,2021-07-30,,Active,16220000,3.0,4.1,3759
1673,Padma Wibisono,Female,10,Senior,Remote,Permanent,2015-10-25,,Active,26350000,4.0,3.6,3349
1674,R. Eluh Rajata,Male,8,Mid,Bandung,Probation,2018-10-10,,Active,25820000,4.5,4.2,2389
1675,"Melinda Prabowo, M.Ak",Female,10,Senior,Yogyakarta,Permanent,2023-11-18,,Active,25740000,3.2,3.0,1603
1676,Talia Lestari,Male,6,Mid,Remote,Contract,2022-12-06,,Active,19280000,1.3,2.2,1406
1677,Banawi Mansur,Female,5,Mid,Bandung,Permanent,2017-07-03,,Active,20300000,3.6,3.6,4576
1678,"Puti Mila Natsir, M.M.",Female,1,Lead,Jakarta,Probation,2016-06-05,,Active,68020000,3.5,2.2,3541
1679,Rusman Zulaika,Female,8,Junior,Medan,Permanent,2024-07-16,,Active,15290000,4.0,3.8,2078
1680,"dr. Salwa Situmorang, S.Pt",Female,3,Mid,Bandung,Permanent,2024-01-26,,Active,27550000,3.0,3.6,2593
1681,Dr. Elvin Salahudin,Male,5,Lead,Remote,Permanent,2020-07-25,,Active,38500000,5.0,3.6,3851
1682,"R. Tania Uyainah, S.E.",Female,8,Lead,Jakarta,Contract,2018-08-01,,Active,40820000,4.0,3.3,4529
1683,"Tgk. Kacung Prasetyo, S.IP",Female,6,Mid,Bandung,Permanent,2020-01-04,2021-09-04,Resigned,20120000,4.6,4.3,4917
1684,Prima Mandala,Female,1,Intern,Remote,Permanent,2017-11-17,,Active,10330000,4.4,3.4,3866
1685,Paiman Lailasari,Female,4,Lead,Bandung,Contract,2019-11-30,,Active,50390000,3.7,3.6,1830
1686,Gatra Puspasari,Female,3,Mid,Medan,Permanent,2024-11-20,,Active,28400000,3.8,4.0,4010
1687,dr. Nadia Puspasari,Female,9,Junior,Remote,Permanent,2023-11-05,,Active,13860000,3.1,2.2,3439
1688,Luwar Irawan,Male,3,Junior,Jakarta,Permanent,2016-10-28,,Active,22130000,2.4,4.7,4869
1689,Galak Widodo,Female,7,Junior,Jakarta,Permanent,2017-12-05,,Active,9770000,3.4,4.1,2897
1690,"Tantri Kuswandari, M.TI.",Female,9,Mid,Medan,Probation,2016-10-21,,Active,18550000,5.0,3.3,3896
1691,Vivi Wasita,Male,8,Junior,Medan,Contract,2018-10-16,,Active,15090000,4.0,4.2,4213
1692,"Ir. Belinda Mahendra, S.Psi",Male,6,Mid,Bandung,Permanent,2019-11-02,,Active,22490000,5.0,3.3,1168
1693,"Bagya Hartati, M.M.",Female,7,Junior,Bandung,Probation,2016-10-05,2020-12-19,Resigned,10790000,3.0,4.3,2900
1694,"Kariman Situmorang, S.E.I",Female,3,Junior,Remote,Permanent,2022-10-26,,Active,21440000,4.6,2.9,3064
1695,"Drs. Suci Rahmawati, S.E.",Female,10,Mid,Jakarta,Permanent,2018-05-03,,Active,17770000,2.7,5.0,4412
1696,"R.M. Ian Mardhiyah, S.Gz",Female,5,Mid,Yogyakarta,Permanent,2016-09-21,2017-04-04,Resigned,23230000,4.2,3.1,3883
1697,"Puti Padma Mangunsong, S.Pd",Female,10,Junior,Bandung,Permanent,2017-03-28,,Active,11730000,5.0,3.9,1271
1698,Caraka Sinaga,Female,8,Lead,Jakarta,Permanent,2015-12-02,,Active,42400000,2.8,4.0,3274
1699,"Genta Situmorang, M.TI.",Female,2,Intern,Remote,Permanent,2020-04-12,,Active,9960000,3.7,4.6,3689
1700,Zulfa Hutapea,Female,2,Junior,Yogyakarta,Permanent,2017-01-27,,Active,20280000,1.7,4.5,4579
1701,Faizah Usada,Female,9,Manager,Yogyakarta,Permanent,2015-07-02,,Active,50280000,3.8,3.2,3798
1702,T. Budi Utami,Female,2,Intern,Jakarta,Permanent,2021-04-30,2022-05-13,Resigned,9790000,3.6,4.3,2159
1703,Raisa Nasyidah,Female,6,Junior,Medan,Permanent,2023-06-26,,Active,13230000,3.8,2.8,4505
1704,Jefri Yuniar,Female,9,Senior,Medan,Permanent,2024-03-06,,Active,28270000,2.9,3.9,5017
1705,Lega Prastuti,Female,3,Mid,Yogyakarta,Permanent,2021-06-03,,Active,29850000,3.6,4.1,4632
1706,Cawisono Wahyuni,Female,3,Senior,Medan,Permanent,2024-07-29,,Active,37330000,3.8,2.9,2654
1707,Ir. Jessica Pratiwi,Male,5,Senior,Yogyakarta,Permanent,2016-05-07,,Active,35350000,4.3,4.0,4368
1708,Rudi Dabukke,Male,4,Mid,Bandung,Permanent,2017-05-17,,Active,24060000,4.0,4.1,1721
1709,Arsipatra Yuniar,Male,10,Junior,Remote,Permanent,2022-08-30,,Active,11800000,3.6,3.0,3989
1710,"Drs. Eman Yulianti, S.Kom",Female,5,Junior,Jakarta,Permanent,2018-08-02,,Active,16630000,4.0,4.9,1185
1711,"Drs. Hamzah Safitri, S.Ked",Female,7,Junior,Surabaya,Permanent,2021-03-11,,Active,9760000,2.3,3.1,5305
1712,Sari Palastri,Male,5,Mid,Medan,Permanent,2023-10-27,,Active,21690000,4.0,3.7,3189
1713,Syahrini Sihombing,Female,2,Mid,Bandung,Permanent,2016-04-05,,Active,28090000,5.0,3.6,3435
1714,Hesti Waskita,Male,9,Junior,Jakarta,Contract,2016-03-08,,Active,16640000,4.4,2.6,4041
1715,Mutia Hidayanto,Female,8,Junior,Yogyakarta,Permanent,2024-11-04,,Active,12970000,4.1,3.0,5104
1716,"Almira Manullang, M.M.",Female,2,Manager,Yogyakarta,Permanent,2015-06-03,,Active,67150000,4.5,3.4,3603
1717,Novi Hariyah,Female,10,Lead,Surabaya,Permanent,2015-06-08,,Active,38220000,3.5,3.4,2104
1718,Ganep Sudiati,Male,4,Lead,Surabaya,Contract,2023-05-13,,Active,48750000,4.4,3.6,1830
1719,Galar Simanjuntak,Male,6,Mid,Surabaya,Permanent,2018-10-15,,Active,22910000,4.2,4.4,1426
1720,"Zelda Situmorang, S.Sos",Female,2,Senior,Jakarta,Probation,2024-08-16,,Active,38840000,3.7,3.2,1109
1721,Prabawa Uwais,Male,4,Senior,Remote,Permanent,2016-07-04,,Active,41070000,3.2,3.1,2927
1722,Dr. Balamantri Simanjuntak,Female,5,Junior,Medan,Permanent,2018-01-08,,Active,14550000,3.8,3.4,2237
1723,Jaka Maheswara,Male,1,Senior,Remote,Permanent,2019-12-15,2022-09-23,Resigned,40300000,2.7,3.3,1471
1724,Mila Prayoga,Female,6,Senior,Bandung,Permanent,2024-03-16,2024-12-22,Resigned,29140000,5.0,3.9,1170
1725,Bakti Hardiansyah,Female,5,Senior,Medan,Contract,2016-07-09,,Active,33170000,3.3,3.3,3422
1726,Kiandra Susanti,Male,10,Junior,Jakarta,Permanent,2016-12-12,2019-09-10,Resigned,11240000,2.6,3.3,1733
1727,Hilda Manullang,Female,9,Senior,Remote,Permanent,2015-07-27,,Active,26700000,2.7,3.6,3440
1728,"dr. Ratih Sihotang, S.Kom",Female,9,Mid,Yogyakarta,Permanent,2024-03-27,,Active,19760000,5.0,2.9,1140
1729,"R.M. Jamil Mulyani, M.M.",Male,3,Senior,Yogyakarta,Permanent,2022-08-22,2024-03-05,Resigned,40140000,2.8,4.1,1640
1730,Ina Mandasari,Male,1,Junior,Medan,Permanent,2024-10-05,,Active,18370000,4.4,3.0,3292
1731,Bakijan Wijaya,Male,10,Mid,Remote,Contract,2024-05-24,,Active,17660000,3.5,3.8,4720
1732,drg. Dimas Pratama,Male,6,Mid,Bandung,Contract,2018-03-13,2019-03-31,Resigned,20960000,1.9,3.4,4643
1733,dr. Alika Hardiansyah,Male,10,Mid,Bandung,Permanent,2024-08-11,,Active,14840000,3.7,4.1,2461
1734,Nilam Riyanti,Female,6,Junior,Jakarta,Contract,2022-04-22,,Active,13230000,4.6,3.5,2799
1735,"Hj. Samiah Halimah, S.Pd",Male,5,Junior,Remote,Permanent,2020-04-25,,Active,13150000,3.3,2.1,3934
1736,Dt. Slamet Kurniawan,Male,10,Lead,Surabaya,Permanent,2017-07-05,,Active,36960000,4.2,2.2,2989
1737,Diana Saptono,Female,8,Junior,Surabaya,Permanent,2019-10-02,,Active,12920000,2.6,4.1,4888
1738,"Karimah Waskita, S.I.Kom",Male,4,Junior,Medan,Contract,2020-03-26,,Active,15520000,2.6,4.0,4138
1739,Himawan Habibi,Female,7,Senior,Remote,Probation,2021-07-22,2024-11-30,Resigned,22680000,4.4,2.2,2226
1740,Drs. Febi Tarihoran,Female,5,Lead,Medan,Permanent,2021-04-18,,Active,45200000,3.7,4.2,2935
1741,T. Bagya Winarno,Male,8,Mid,Remote,Permanent,2020-05-27,2022-06-12,Resigned,24530000,3.7,3.2,3539
1742,drg. Prakosa Pudjiastuti,Female,6,Senior,Remote,Permanent,2017-12-05,,Active,27820000,3.5,4.8,1835
1743,Yunita Oktaviani,Male,7,Senior,Jakarta,Contract,2020-10-19,,Active,23940000,3.3,3.4,3441
1744,"Lurhur Lazuardi, S.E.I",Female,2,Mid,Bandung,Permanent,2022-05-29,,Active,21800000,4.9,3.2,3835
1745,Hartana Wahyudin,Female,2,Junior,Yogyakarta,Permanent,2018-04-25,,Active,19400000,4.0,3.9,1039
1746,"Tgk. Kalim Utama, S.E.I",Male,9,Lead,Medan,Contract,2021-07-16,,Active,38200000,3.7,3.1,3267
1747,Luhung Melani,Female,3,Head,Remote,Permanent,2023-02-23,,Active,93770000,4.5,2.8,
1748,Olivia Gunarto,Female,1,Junior,Surabaya,Contract,2022-07-14,,Active,19680000,4.0,4.5,1862
1749,Aris Mandala,Male,2,Senior,Bandung,Permanent,2018-04-18,,Active,44430000,3.7,3.4,3809
1750,"Juli Kusmawati, M.TI.",Male,7,Senior,Remote,Permanent,2022-08-16,,Active,22460000,4.3,4.2,3168
1751,Eka Sudiati,Female,10,Mid,Surabaya,Permanent,2017-07-03,,Active,18890000,3.9,2.7,3052
1752,R.M. Gamanto Suryatmi,Female,8,Junior,Surabaya,Permanent,2019-03-03,,Active,17130000,4.4,4.1,4362
1753,Elisa Wijaya,Male,5,Senior,Medan,Permanent,2020-04-11,2024-04-29,Resigned,31870000,3.3,3.3,4425
1754,Tgk. Rika Sirait,Male,3,Mid,Medan,Permanent,2020-04-18,,Active,31890000,3.9,3.8,3218
1755,Dr. Kasiran Lestari,Female,7,Mid,Jakarta,Contract,2020-12-10,,Active,15400000,4.5,2.6,1659
1756,"Padmi Salahudin, M.Kom.",Male,10,Mid,Surabaya,Permanent,2016-07-16,,Active,19490000,3.8,3.2,4850
1757,"Cut Kartika Sitompul, S.IP",Female,2,Manager,Remote,Permanent,2016-08-09,,Active,77420000,4.1,2.3,3603
1758,Restu Samosir,Male,3,Junior,Bandung,Permanent,2020-06-20,,Active,18750000,1.9,3.3,2667
1759,"H. Teddy Usamah, S.Ked",Male,5,Junior,Bandung,Permanent,2015-01-20,,Active,14900000,2.8,4.7,1137
1760,Dr. Hani Yolanda,Male,5,Lead,Yogyakarta,Contract,2021-06-18,,Active,41720000,4.8,1.7,1884
1761,"KH. Labuh Permata, S.H.",Male,3,Manager,Remote,Permanent,2016-06-14,,Active,80200000,3.7,4.9,2002
1762,"Anastasia Padmasari, M.Kom.",Female,5,Mid,Jakarta,Permanent,2020-05-09,,Active,19180000,4.0,2.7,2882
1763,Karna Usamah,Female,5,Mid,Medan,Permanent,2015-02-27,,Active,24200000,4.6,3.5,3178
1764,"Raina Wibowo, S.E.I",Male,7,Manager,Bandung,Permanent,2022-01-10,,Active,37580000,4.8,2.8,2112
1765,"Hj. Hesti Firmansyah, M.Farm",Female,6,Senior,Yogyakarta,Permanent,2018-07-02,,Active,27610000,4.8,3.8,1426
1766,"Carla Nainggolan, S.Ked",Female,1,Mid,Surabaya,Probation,2016-11-15,2017-11-17,Resigned,31510000,4.2,4.8,4946
1767,Iriana Andriani,Female,4,Mid,Medan,Permanent,2023-03-01,,Active,22970000,3.3,2.6,2889
1768,Hendri Putra,Male,7,Junior,Yogyakarta,Permanent,2018-11-04,,Active,11400000,3.3,4.0,1035
1769,Olivia Suryatmi,Male,10,Mid,Yogyakarta,Permanent,2016-11-06,,Active,17310000,3.9,3.0,5162
1770,Zizi Halim,Male,4,Junior,Bandung,Permanent,2023-02-26,,Active,14360000,4.3,3.2,4185
1771,"Dina Maryati, S.Kom",Male,8,Lead,Remote,Contract,2016-05-19,,Active,47150000,4.0,2.9,4496
1772,Tgk. Mujur Kuswandari,Female,10,Junior,Medan,Permanent,2024-10-30,,Active,10990000,2.8,3.2,2714
1773,dr. Galar Natsir,Male,2,Mid,Jakarta,Permanent,2022-06-04,2022-12-21,Resigned,27440000,2.9,4.2,2429
1774,Patricia Siregar,Female,7,Mid,Medan,Permanent,2019-12-25,,Active,17220000,2.8,4.5,4955
1775,Tgk. Murti Zulaika,Male,1,Junior,Remote,Permanent,2017-04-21,,Active,21640000,2.9,3.5,5309
1776,"Rangga Saptono, M.Ak",Female,8,Junior,Surabaya,Permanent,2022-06-03,2024-05-15,Resigned,13570000,3.2,4.4,3098
1777,Febi Prayoga,Male,7,Junior,Jakarta,Permanent,2019-09-12,,Active,12280000,4.1,3.3,1632
1778,Puti Salahudin,Male,6,Senior,Jakarta,Permanent,2018-03-03,,Active,31620000,3.9,4.3,5272
1779,Wardaya Salahudin,Male,4,Mid,Medan,Probation,2023-09-22,,Active,21610000,3.3,4.5,4873
1780,"T. Niyaga Pranowo, M.Kom.",Female,4,Junior,Bandung,Permanent,2022-11-21,,Active,16590000,3.7,3.2,2768
1781,Natalia Tampubolon,Female,4,Junior,Yogyakarta,Permanent,2017-04-30,,Active,16780000,2.8,4.8,2768
1782,KH. Najam Saefullah,Male,2,Senior,Jakarta,Contract,2015-02-22,,Active,45700000,4.6,3.8,4823
1783,Dewi Pertiwi,Female,8,Senior,Medan,Permanent,2016-09-02,,Active,35630000,4.6,3.4,3274
1784,"Kenari Wibowo, S.Sos",Male,9,Senior,Yogyakarta,Probation,2017-11-14,,Active,26340000,3.7,4.3,4271
1785,"dr. Vera Maulana, S.Pd",Female,4,Head,Jakarta,Contract,2017-12-17,,Active,76720000,4.4,4.2,
1786,Edward Hutapea,Male,5,Senior,Remote,Permanent,2024-07-22,,Active,32330000,4.2,5.0,4936
1787,Maimunah Yolanda,Male,1,Mid,Jakarta,Permanent,2016-01-25,,Active,30710000,3.7,3.7,4181
1788,Ulva Kuswandari,Male,8,Senior,Surabaya,Permanent,2022-06-10,,Active,35020000,4.1,4.2,1010
1789,Damar Nasyiah,Female,9,Mid,Remote,Permanent,2021-12-21,,Active,15600000,4.7,3.5,5152
1790,Putri Saputra,Female,9,Manager,Yogyakarta,Permanent,2017-01-19,2022-01-12,Resigned,42970000,3.3,4.0,1153
1791,Balangga Susanti,Female,10,Mid,Yogyakarta,Permanent,2022-09-26,,Active,15710000,4.3,3.5,2873
1792,"Rini Permadi, S.H.",Male,1,Senior,Jakarta,Probation,2016-04-08,2024-11-27,Resigned,40430000,3.7,3.0,4872
1793,Mulyono Nuraini,Male,3,Lead,Medan,Permanent,2016-02-29,,Active,65930000,4.2,2.9,3219
1794,Makuta Pradipta,Female,6,Head,Surabaya,Permanent,2017-01-12,,Active,73050000,3.3,2.4,
1795,Baktianto Zulkarnain,Male,10,Lead,Jakarta,Contract,2020-06-01,,Active,31590000,3.8,4.4,2147
1796,Tina Halimah,Female,2,Senior,Surabaya,Permanent,2015-07-08,2023-05-09,Resigned,48670000,3.3,4.0,3348
1797,Maman Mandala,Male,9,Mid,Medan,Permanent,2022-07-06,,Active,19840000,3.7,4.4,1317
1798,Yoga Pudjiastuti,Male,2,Senior,Bandung,Permanent,2019-11-08,,Active,44760000,4.4,4.3,2925
1799,Hasim Yolanda,Female,7,Mid,Medan,Contract,2016-08-31,,Active,15650000,3.4,4.4,1659
1800,Natalia Yulianti,Male,2,Junior,Bandung,Permanent,2015-02-17,,Active,17330000,2.4,2.3,1220
1801,Praba Suwarno,Female,3,Senior,Bandung,Permanent,2024-07-21,,Active,42750000,4.0,2.3,2456
1802,Irma Yuliarti,Female,6,Junior,Surabaya,Permanent,2018-08-06,,Active,16000000,2.0,4.1,3973
1803,Umaya Irawan,Male,2,Senior,Yogyakarta,Contract,2021-03-04,,Active,38140000,4.4,3.5,3543
1804,"Kemal Pradipta, M.Pd",Male,7,Lead,Medan,Permanent,2020-02-24,,Active,28930000,3.8,3.2,3441
1805,"Tari Firgantoro, S.E.",Female,6,Lead,Yogyakarta,Permanent,2020-01-06,,Active,38720000,2.4,4.2,4917
1806,Zalindra Nugroho,Male,1,Mid,Jakarta,Permanent,2016-02-25,,Active,32240000,3.8,3.8,4770
1807,Raihan Widodo,Male,10,Mid,Medan,Permanent,2024-04-05,2024-12-18,Resigned,17120000,4.0,3.5,2325
1808,"drg. Cengkir Siregar, S.Gz",Male,10,Lead,Surabaya,Permanent,2022-05-05,,Active,34530000,4.6,3.5,3151
1809,Emin Purnawati,Male,6,Senior,Surabaya,Permanent,2024-02-27,2024-12-19,Resigned,25510000,3.7,3.4,1078
1810,Puti Juli Suryono,Female,4,Mid,Remote,Permanent,2023-01-14,,Active,21950000,4.6,1.9,3148
1811,Syahrini Palastri,Male,6,Senior,Jakarta,Permanent,2023-07-08,,Active,26010000,3.2,2.8,4206
1812,drg. Tirtayasa Mansur,Female,1,Intern,Remote,Permanent,2021-02-21,,Active,8210000,3.6,2.8,5096
1813,"Drs. Nadia Saputra, S.Kom",Male,5,Junior,Jakarta,Permanent,2020-07-09,2023-04-23,Resigned,14080000,3.3,3.7,4696
1814,"R. Gamblang Marpaung, M.M.",Male,2,Mid,Bandung,Permanent,2017-02-07,2022-01-01,Resigned,34030000,2.2,4.1,1749
1815,"Edi Nashiruddin, S.Ked",Male,8,Senior,Jakarta,Probation,2023-01-14,2024-09-09,Resigned,28700000,1.3,4.4,4012
1816,"Jessica Sihombing, M.Farm",Male,7,Mid,Yogyakarta,Permanent,2023-08-29,,Active,13550000,3.3,3.3,4457
1817,"Praba Nababan, S.E.",Male,7,Intern,Medan,Probation,2020-08-05,2021-05-11,Resigned,5870000,3.4,3.9,2356
1818,Hj. Latika Aryani,Female,10,Junior,Bandung,Permanent,2020-09-13,,Active,12980000,2.5,2.9,2073
1819,Tgk. Bakianto Wacana,Male,5,Junior,Jakarta,Permanent,2023-03-12,,Active,16410000,4.8,2.4,5347
1820,"Bakiono Nashiruddin, S.E.I",Female,10,Lead,Yogyakarta,Probation,2020-08-26,,Active,27780000,4.0,4.1,1271
1821,Janet Prayoga,Male,9,Senior,Surabaya,Probation,2018-01-25,,Active,33050000,3.2,3.6,3923
1822,Elon Winarno,Female,8,Junior,Medan,Permanent,2024-01-10,2024-10-21,Resigned,14730000,4.3,3.6,3098
1823,Ivan Santoso,Female,3,Junior,Surabaya,Permanent,2024-06-15,,Active,18040000,4.5,4.2,3315
1824,Ilsa Padmasari,Male,6,Senior,Remote,Permanent,2017-04-02,,Active,28160000,3.9,3.0,4879
1825,"Queen Anggriawan, S.T.",Female,3,Senior,Bandung,Permanent,2022-07-17,2024-11-08,Resigned,33930000,3.1,3.6,1616
1826,"Gatra Prakasa, S.Gz",Female,9,Senior,Medan,Permanent,2022-12-19,2024-06-11,Resigned,24570000,2.6,3.6,4682
1827,"Banara Hastuti, S.Pd",Female,2,Junior,Medan,Permanent,2022-07-24,,Active,20540000,2.5,2.8,1032
1828,Halim Mardhiyah,Female,10,Lead,Jakarta,Permanent,2024-01-24,2024-08-18,Resigned,26940000,3.2,3.1,3349
1829,"Vera Saragih, S.IP",Male,3,Mid,Bandung,Probation,2022-07-08,2023-10-04,Resigned,27770000,3.4,3.7,3482
1830,"Vero Sihombing, S.I.Kom",Female,4,Head,Remote,Contract,2016-08-22,,Active,81030000,5.0,2.5,
1831,R.A. Gawati Mansur,Male,1,Senior,Surabaya,Contract,2023-06-14,,Active,40990000,2.5,4.2,4807
1832,Eva Hasanah,Male,6,Mid,Remote,Permanent,2021-11-28,,Active,22320000,2.6,3.1,1878
1833,"Rachel Wahyudin, S.Farm",Male,7,Senior,Yogyakarta,Permanent,2023-04-29,,Active,21280000,3.4,4.0,2275
1834,"Pia Halimah, M.Pd",Female,2,Mid,Yogyakarta,Permanent,2022-10-09,,Active,25900000,3.2,2.8,1207
1835,"Ir. Rudi Pratama, S.H.",Female,6,Manager,Bandung,Permanent,2021-03-11,2023-02-03,Resigned,52130000,4.2,3.3,5491
1836,"Perkasa Riyanti, S.Pt",Female,6,Mid,Remote,Permanent,2024-04-22,,Active,19860000,3.7,3.2,3008
1837,drg. Karsana Tarihoran,Female,5,Junior,Remote,Permanent,2023-06-20,,Active,16250000,3.1,3.4,2473
1838,Vero Pratiwi,Male,6,Mid,Remote,Permanent,2018-04-19,,Active,20920000,4.2,3.2,1418
1839,Aswani Pudjiastuti,Male,3,Mid,Yogyakarta,Permanent,2023-03-30,,Active,29000000,3.1,3.8,1388
1840,Sutan Kemal Nasyiah,Female,9,Mid,Bandung,Permanent,2021-03-29,,Active,19710000,3.6,3.3,5156
1841,Catur Simbolon,Female,4,Mid,Remote,Probation,2015-01-24,,Active,25140000,3.4,4.6,1830
1842,"Drs. Maimunah Latupono, S.Kom",Male,2,Senior,Medan,Permanent,2016-09-21,,Active,36110000,5.0,2.9,3723
1843,"Restu Lestari, S.Pt",Female,4,Mid,Medan,Permanent,2020-07-02,,Active,20220000,3.0,2.6,3817
1844,drg. Rusman Hakim,Female,10,Senior,Bandung,Permanent,2020-11-22,,Active,25030000,5.0,2.8,2873
1845,Diah Mulyani,Male,2,Junior,Yogyakarta,Permanent,2019-08-31,,Active,18830000,3.4,2.6,5397
1846,Mutia Pratiwi,Male,9,Mid,Surabaya,Permanent,2024-11-27,,Active,19300000,2.1,2.9,3342
1847,Kurnia Hariyah,Female,8,Junior,Medan,Permanent,2017-06-13,,Active,17330000,4.2,3.2,5108
1848,"Respati Samosir, S.Ked",Male,9,Mid,Yogyakarta,Permanent,2016-04-14,,Active,20190000,4.1,3.6,1410
1849,Hamima Adriansyah,Male,1,Mid,Surabaya,Permanent,2015-06-13,,Active,30940000,3.0,3.8,2539
1850,"Gasti Prastuti, S.Pt",Male,9,Junior,Remote,Permanent,2019-04-30,,Active,14470000,3.8,3.8,3564
1851,Indra Situmorang,Female,9,Lead,Yogyakarta,Permanent,2020-10-07,,Active,39820000,4.3,4.0,3798
1852,"Bella Namaga, S.Gz",Female,2,Mid,Medan,Permanent,2022-04-22,,Active,28970000,4.4,3.7,2428
1853,Warji Halimah,Male,6,Mid,Medan,Permanent,2016-11-16,,Active,24170000,3.9,4.3,5168
1854,Edison Wasita,Male,4,Senior,Bandung,Contract,2017-05-13,,Active,33490000,3.6,4.0,1785
1855,Pranawa Mansur,Female,10,Mid,Remote,Contract,2024-05-15,2024-12-15,Resigned,15410000,2.4,4.2,5361
1856,"Ir. Omar Yuliarti, S.Farm",Female,10,Junior,Jakarta,Permanent,2022-04-02,,Active,11580000,5.0,3.7,1326
1857,Kezia Hassanah,Male,9,Mid,Surabaya,Permanent,2015-04-08,,Active,24100000,3.7,2.3,2996
1858,"drg. Keisha Hutapea, M.Pd",Male,8,Senior,Medan,Permanent,2015-08-11,2018-12-04,Resigned,32500000,2.5,4.2,4529
1859,Martani Tampubolon,Male,3,Mid,Yogyakarta,Permanent,2017-11-25,,Active,28920000,4.6,3.3,1074
1860,Cemani Nasyiah,Female,3,Mid,Medan,Permanent,2018-07-19,2020-05-13,Resigned,30810000,4.4,5.0,5177
1861,Paris Mahendra,Male,4,Junior,Jakarta,Permanent,2023-06-24,,Active,15230000,5.0,3.4,1685
1862,"Genta Adriansyah, S.Ked",Male,1,Mid,Jakarta,Permanent,2019-01-05,,Active,34170000,3.5,4.0,4946
1863,Malika Wulandari,Female,10,Senior,Yogyakarta,Permanent,2021-10-20,2024-06-09,Resigned,26170000,3.7,3.3,4692
1864,"Puji Anggraini, M.Pd",Male,1,Mid,Bandung,Permanent,2020-04-25,2022-01-15,Resigned,30200000,2.2,3.7,3664
1865,Yuni Pradana,Female,2,Mid,Remote,Contract,2022-02-10,,Active,31040000,3.3,3.4,3477
1866,Jagaraga Situmorang,Female,8,Mid,Medan,Permanent,2015-02-15,,Active,24690000,3.1,2.9,4846
1867,Enteng Nainggolan,Male,6,Senior,Yogyakarta,Permanent,2015-01-21,,Active,30180000,2.9,3.3,2692
1868,"Vanesa Kusumo, S.Gz",Male,2,Junior,Bandung,Permanent,2018-06-02,2022-10-07,Resigned,22770000,2.8,2.7,4573
1869,"Ir. Hari Susanti, S.Ked",Male,3,Junior,Medan,Contract,2016-10-21,,Active,20960000,3.6,3.4,2017
1870,Danang Hidayat,Male,3,Mid,Medan,Contract,2016-04-14,,Active,29300000,5.0,3.1,1478
1871,Legawa Firmansyah,Female,3,Senior,Surabaya,Permanent,2022-03-25,,Active,40980000,2.2,3.5,2654
1872,Rahayu Wulandari,Female,10,Senior,Medan,Permanent,2016-02-07,,Active,29520000,4.3,3.6,3151
1873,"Alika Prasasta, S.Gz",Female,4,Junior,Bandung,Permanent,2019-01-02,2023-03-04,Resigned,17430000,4.3,2.6,1337
1874,Maida Pradipta,Male,9,Junior,Yogyakarta,Permanent,2017-03-03,,Active,14050000,4.7,2.9,2032
1875,Sutan Perkasa Hakim,Female,8,Senior,Medan,Permanent,2022-10-11,,Active,32620000,4.3,4.1,1682
1876,Jefri Siregar,Female,7,Senior,Surabaya,Permanent,2019-10-21,,Active,23130000,3.5,3.4,3264
1877,Rahman Permata,Male,1,Senior,Yogyakarta,Permanent,2022-12-27,,Active,43360000,4.7,3.1,4946
1878,Ratih Rahimah,Female,6,Lead,Surabaya,Contract,2016-07-04,,Active,43530000,4.1,2.3,4216
1879,"Ir. Reza Sinaga, S.H.",Female,6,Mid,Surabaya,Permanent,2019-12-30,,Active,22010000,2.9,3.5,1939
1880,Dinda Wijayanti,Male,1,Intern,Jakarta,Contract,2016-12-20,,Active,10990000,3.4,3.1,2635
1881,Sutan Hendri Salahudin,Male,3,Senior,Remote,Permanent,2021-01-15,2021-12-17,Resigned,41670000,2.8,3.6,3776
1882,Almira Puspita,Male,9,Lead,Jakarta,Contract,2024-07-11,,Active,32570000,3.0,4.2,5321
1883,R. Sari Wastuti,Female,6,Senior,Jakarta,Permanent,2023-08-17,,Active,32150000,4.1,3.3,4643
1884,Puti Lailasari,Female,5,Manager,Surabaya,Permanent,2022-05-02,,Active,49360000,2.8,4.3,1967
1885,Gangsar Yuniar,Female,5,Senior,Medan,Permanent,2016-07-02,,Active,31990000,4.3,3.1,3594
1886,"Harjaya Novitasari, S.Psi",Female,7,Lead,Medan,Permanent,2020-08-18,2022-06-18,Resigned,35610000,1.8,3.6,4839
1887,"Lidya Wasita, S.E.I",Male,7,Senior,Medan,Probation,2020-01-02,,Active,22330000,3.5,4.5,5046
1888,Keisha Nashiruddin,Male,6,Mid,Surabaya,Permanent,2023-04-03,,Active,18050000,3.0,3.0,4677
1889,"Dr. Jasmani Permadi, S.H.",Female,6,Mid,Bandung,Permanent,2017-08-07,2022-03-27,Resigned,25460000,3.0,3.5,5225
1890,Zamira Megantara,Male,9,Mid,Surabaya,Permanent,2020-10-22,,Active,19940000,3.8,3.2,4093
1891,"drg. Vinsen Hakim, M.Pd",Female,7,Mid,Remote,Permanent,2024-11-19,,Active,15770000,3.7,3.1,3169
1892,Lidya Puspita,Female,4,Senior,Medan,Permanent,2024-05-12,,Active,32840000,2.4,2.1,5492
1893,R.M. Harsanto Prasasta,Male,2,Senior,Surabaya,Permanent,2019-03-23,,Active,36900000,2.2,4.4,5393
1894,Farhunnisa Sitompul,Male,9,Junior,Bandung,Permanent,2020-10-17,,Active,13350000,2.5,4.1,3337
1895,"Bahuwirya Hartati, S.I.Kom",Female,6,Junior,Yogyakarta,Contract,2024-03-01,,Active,14870000,4.4,3.5,1838
1896,Kawaca Nainggolan,Male,5,Junior,Yogyakarta,Permanent,2020-08-17,,Active,14820000,2.7,4.4,1885
1897,Embuh Waluyo,Male,8,Junior,Bandung,Permanent,2020-10-08,,Active,14370000,3.7,3.1,2122
1898,"Lukita Suartini, S.Gz",Male,1,Senior,Jakarta,Permanent,2019-01-23,,Active,46700000,3.0,3.8,4946
1899,"Puti Fitriani Rahmawati, M.Pd",Female,8,Senior,Jakarta,Permanent,2024-02-05,,Active,33890000,4.1,3.5,5008
1900,Jatmiko Pranowo,Female,8,Manager,Bandung,Permanent,2020-05-16,,Active,60560000,4.0,4.0,4844
1901,"dr. Ilsa Budiman, S.Kom",Female,10,Mid,Bandung,Permanent,2015-04-02,,Active,17790000,4.7,4.2,1097
1902,Yono Lazuardi,Male,10,Junior,Jakarta,Contract,2016-07-05,,Active,11160000,2.6,4.2,2782
1903,"Usyi Kuswandari, S.H.",Male,4,Mid,Bandung,Permanent,2015-08-18,,Active,21540000,3.6,3.3,2246
1904,"Rahmi Putra, S.Sos",Female,2,Mid,Remote,Permanent,2021-09-20,,Active,25430000,4.1,3.5,1720
1905,Kusuma Sinaga,Female,1,Lead,Yogyakarta,Contract,2015-12-18,2023-04-04,Resigned,58580000,2.4,3.3,1471
1906,"T. Harjasa Hastuti, M.Pd",Male,7,Senior,Medan,Permanent,2017-06-17,,Active,26480000,3.4,4.5,1624
1907,"Gatot Samosir, S.T.",Male,8,Mid,Surabaya,Permanent,2021-12-27,,Active,24250000,2.9,1.8,3129
1908,Oliva Mandasari,Female,4,Senior,Jakarta,Permanent,2020-02-01,,Active,31890000,3.7,3.4,3345
1909,Cinthia Halimah,Female,9,Senior,Medan,Contract,2016-06-25,2019-03-30,Resigned,28720000,4.5,2.1,1882
1910,"Tgk. Vinsen Putra, S.I.Kom",Female,3,Intern,Bandung,Permanent,2024-04-08,2024-10-17,Resigned,9050000,3.4,3.6,4644
1911,Laras Gunawan,Male,3,Junior,Medan,Permanent,2024-11-04,,Active,18650000,4.9,4.0,1478
1912,R.A. Ulya Maulana,Male,6,Mid,Medan,Permanent,2020-05-29,,Active,21900000,4.5,1.5,2451
1913,Elon Puspasari,Male,4,Junior,Yogyakarta,Permanent,2023-09-09,,Active,17750000,3.6,3.0,2612
1914,Ir. Tantri Agustina,Female,2,Senior,Medan,Permanent,2024-10-23,,Active,35170000,4.2,4.1,1757
1915,Eva Napitupulu,Female,1,Senior,Surabaya,Permanent,2023-11-09,,Active,38070000,2.8,4.5,5058
1916,Ghaliyati Wibowo,Male,1,Mid,Yogyakarta,Permanent,2019-10-09,,Active,29740000,4.9,2.9,3351
1917,R.A. Najwa Pudjiastuti,Male,10,Junior,Medan,Permanent,2018-03-06,,Active,13050000,4.8,3.5,4082
1918,"Warsa Sirait, S.T.",Male,2,Lead,Jakarta,Permanent,2015-01-23,,Active,55620000,3.1,3.9,4241
1919,"drg. Nyoman Yuniar, M.Kom.",Male,8,Junior,Bandung,Permanent,2020-10-29,2024-12-27,Resigned,15520000,3.6,4.1,3596
1920,Ella Thamrin,Female,1,Intern,Bandung,Permanent,2019-08-02,,Active,9700000,2.2,3.5,3424
1921,Cahyono Palastri,Female,1,Mid,Yogyakarta,Permanent,2017-12-06,,Active,27370000,2.6,4.0,2780
1922,Fitria Namaga,Female,2,Senior,Bandung,Permanent,2022-08-19,,Active,44150000,3.9,3.7,3339
1923,"Yusuf Halim, M.TI.",Female,8,Junior,Medan,Permanent,2017-01-02,,Active,19120000,3.8,3.5,4242
1924,Salman Hutagalung,Female,3,Senior,Remote,Permanent,2021-06-24,,Active,45290000,2.5,3.3,3067
1925,"Hj. Alika Ardianto, S.Farm",Male,5,Junior,Jakarta,Permanent,2024-08-03,,Active,15710000,2.9,2.0,4889
1926,Saiful Usamah,Female,8,Junior,Bandung,Permanent,2023-10-13,,Active,16820000,3.8,2.6,3576
1927,Bagas Maryadi,Female,10,Mid,Medan,Permanent,2023-10-25,,Active,16960000,3.3,3.1,4850
1928,Darimin Mayasari,Male,9,Mid,Remote,Permanent,2016-10-20,,Active,23200000,2.1,4.3,4405
1929,Kasiyah Halim,Male,5,Junior,Yogyakarta,Permanent,2024-03-26,2024-12-07,Resigned,12290000,2.8,3.7,4269
1930,Hj. Salwa Susanti,Female,7,Senior,Medan,Permanent,2017-06-27,,Active,26640000,3.4,3.3,4059
1931,Sakura Laksita,Female,4,Senior,Medan,Permanent,2019-06-30,,Active,32260000,2.9,2.7,3516
1932,Adiarja Nasyidah,Male,8,Junior,Remote,Permanent,2023-09-04,,Active,13980000,3.2,2.8,4783
1933,dr. Adinata Budiyanto,Male,8,Senior,Medan,Permanent,2017-04-06,,Active,38410000,3.0,2.7,1036
1934,H. Endra Nasyiah,Male,4,Senior,Medan,Permanent,2023-10-17,,Active,33560000,3.5,4.4,5248
1935,Anita Mardhiyah,Male,1,Mid,Remote,Permanent,2022-07-23,2023-09-20,Resigned,29520000,4.0,3.4,1678
1936,"Hj. Mala Nugroho, S.IP",Male,4,Junior,Yogyakarta,Permanent,2015-12-22,,Active,15730000,3.5,3.9,5155
1937,Karna Maryadi,Female,3,Mid,Medan,Permanent,2019-07-19,,Active,32630000,4.1,3.8,4961
1938,Dadi Safitri,Male,5,Mid,Remote,Contract,2016-01-05,,Active,23790000,2.0,4.7,2610
1939,T. Rahman Thamrin,Female,6,Lead,Surabaya,Permanent,2018-11-24,,Active,44270000,4.5,2.6,1134
1940,Wulan Widodo,Male,2,Junior,Medan,Permanent,2020-02-06,,Active,21850000,3.1,5.0,1914
1941,Hardi Waskita,Male,6,Senior,Medan,Permanent,2019-07-26,,Active,32850000,1.2,3.2,3939
1942,Padmi Prasasta,Female,4,Mid,Medan,Probation,2018-10-24,,Active,22720000,3.3,4.8,3622
1943,"Genta Salahudin, S.Pt",Female,10,Head,Yogyakarta,Permanent,2022-10-14,,Active,49670000,3.3,5.0,
1944,"Sidiq Yulianti, S.Gz",Male,9,Senior,Yogyakarta,Permanent,2023-06-30,,Active,27650000,3.2,3.5,1851
1945,Halim Wibowo,Male,5,Mid,Yogyakarta,Permanent,2020-05-28,2021-04-11,Resigned,22380000,3.6,3.4,3706
1946,Puspa Kusmawati,Male,6,Mid,Surabaya,Permanent,2022-08-04,,Active,20560000,2.5,3.2,5011
1947,Makuta Anggriawan,Female,8,Mid,Remote,Contract,2020-10-16,,Active,19440000,3.6,3.5,1783
1948,"Ella Hutasoit, M.Kom.",Male,5,Intern,Jakarta,Permanent,2018-03-22,2022-07-19,Resigned,7700000,2.9,4.9,1108
1949,"drg. Septi Sitompul, M.Farm",Male,3,Senior,Bandung,Contract,2020-05-05,,Active,40870000,3.8,2.7,2797
1950,"Puti Paris Gunarto, S.H.",Female,1,Senior,Remote,Probation,2017-01-18,,Active,42690000,4.5,3.5,1591
1951,Umay Purnawati,Male,3,Junior,Bandung,Permanent,2020-08-05,,Active,20910000,3.4,3.6,2595
1952,Humaira Gunawan,Female,9,Mid,Bandung,Contract,2017-04-26,,Active,22510000,3.6,2.0,5303
1953,Mahdi Setiawan,Female,4,Junior,Jakarta,Probation,2016-09-30,,Active,20410000,2.7,4.1,4066
1954,Drs. Maryadi Firmansyah,Female,9,Intern,Medan,Probation,2021-11-19,2024-10-11,Resigned,7270000,2.6,3.3,3500
1955,Wisnu Sihotang,Female,7,Senior,Yogyakarta,Contract,2019-03-01,,Active,22830000,3.0,2.6,2200
1956,Yono Pranowo,Female,7,Junior,Medan,Permanent,2020-07-03,,Active,11430000,3.7,3.3,3211
1957,R. Umi Widodo,Male,4,Mid,Jakarta,Permanent,2023-05-31,,Active,23420000,2.1,3.7,5119
1958,Eja Marpaung,Female,10,Senior,Jakarta,Permanent,2020-05-13,,Active,23890000,2.5,4.8,3289
1959,R.A. Qori Wibisono,Female,1,Mid,Bandung,Permanent,2024-08-25,,Active,26610000,4.5,3.1,1792
1960,"Usman Namaga, S.Psi",Male,8,Junior,Surabaya,Permanent,2022-10-31,,Active,16220000,4.0,3.3,4017
1961,Usyi Mandala,Male,6,Senior,Medan,Permanent,2022-07-24,,Active,31410000,4.6,3.5,4416
1962,"H. Nyoman Hutapea, M.TI.",Female,4,Mid,Bandung,Permanent,2021-11-14,,Active,22150000,3.2,4.2,5385
1963,"Jelita Habibi, S.IP",Male,9,Senior,Medan,Permanent,2018-01-08,,Active,28320000,3.7,4.1,3049
1964,Gina Hutagalung,Male,8,Senior,Yogyakarta,Permanent,2020-08-04,,Active,33740000,4.3,2.8,1010
1965,Rahmi Susanti,Female,9,Lead,Surabaya,Permanent,2019-02-04,,Active,36500000,2.6,3.4,3798
1966,drg. Vicky Simbolon,Male,4,Mid,Jakarta,Permanent,2021-06-16,,Active,24650000,4.0,2.2,3516
1967,Mahesa Saputra,Male,5,Head,Yogyakarta,Permanent,2021-03-24,,Active,64430000,4.4,4.6,
1968,"drg. Joko Pradana, S.I.Kom",Male,6,Intern,Bandung,Permanent,2020-04-21,,Active,6860000,5.0,2.9,1742
1969,dr. Ian Nashiruddin,Male,2,Mid,Medan,Permanent,2024-07-11,,Active,28750000,4.1,3.8,3723
1970,"Lanang Wijayanti, S.Sos",Female,5,Senior,Medan,Permanent,2018-05-13,,Active,30690000,4.6,2.3,3201
1971,Prasetyo Safitri,Male,2,Junior,Bandung,Contract,2022-09-29,,Active,21000000,3.6,4.0,1865
1972,Wirda Prayoga,Female,9,Manager,Yogyakarta,Permanent,2024-05-29,,Active,45950000,3.7,4.2,5095
1973,"Belinda Hutasoit, S.T.",Female,6,Mid,Medan,Probation,2019-01-18,,Active,24210000,2.7,2.5,3237
1974,Harjasa Usada,Female,10,Junior,Surabaya,Contract,2018-11-10,2020-09-16,Resigned,14050000,3.7,4.3,3837
1975,Okta Wibisono,Male,3,Mid,Remote,Permanent,2021-06-20,,Active,25680000,3.8,5.0,3916
1976,Karen Kurniawan,Female,2,Junior,Medan,Permanent,2018-12-25,,Active,18380000,3.4,3.7,2682
1977,Adhiarja Samosir,Female,5,Senior,Surabaya,Permanent,2015-11-18,,Active,35340000,3.9,3.0,2514
1978,Karen Saputra,Male,5,Senior,Surabaya,Permanent,2024-09-26,,Active,32720000,2.3,3.3,4469
1979,Cahyadi Irawan,Female,4,Intern,Jakarta,Permanent,2024-07-09,,Active,8960000,3.8,4.9,3589
1980,Irfan Hassanah,Male,5,Junior,Surabaya,Permanent,2018-07-08,,Active,14330000,1.8,3.4,5246
1981,Dr. Kambali Wasita,Female,6,Senior,Surabaya,Permanent,2018-01-16,,Active,27340000,4.4,3.1,4505
1982,Akarsana Irawan,Female,8,Senior,Jakarta,Permanent,2019-08-23,,Active,32350000,4.4,3.1,4812
1983,Puspa Iswahyudi,Male,4,Senior,Remote,Permanent,2022-06-04,,Active,31580000,4.5,3.9,1287
1984,Ir. Violet Simbolon,Male,5,Senior,Jakarta,Permanent,2017-05-12,2019-01-03,Resigned,28010000,3.5,4.3,4311
1985,"drg. Amalia Siregar, S.Farm",Female,3,Senior,Medan,Permanent,2021-02-24,2023-11-14,Resigned,42200000,4.0,3.8,3899
1986,Victoria Hutasoit,Male,5,Mid,Bandung,Permanent,2016-03-01,,Active,23970000,2.4,3.5,1753
1987,"Putri Prasasta, M.Farm",Female,2,Senior,Remote,Permanent,2018-06-21,,Active,42300000,3.3,3.6,3435
1988,R.M. Mahdi Wibowo,Male,3,Junior,Bandung,Permanent,2016-06-21,,Active,21810000,4.2,3.3,2637
1989,Cahyono Santoso,Female,5,Mid,Yogyakarta,Permanent,2024-08-25,,Active,16920000,3.5,3.2,4889
1990,Hasna Lailasari,Female,10,Intern,Remote,Permanent,2021-02-24,,Active,6140000,2.8,3.1,5123
1991,Atma Marbun,Female,3,Mid,Medan,Permanent,2022-01-28,,Active,29670000,3.4,3.8,5177
1992,Ika Andriani,Female,2,Mid,Bandung,Contract,2018-11-23,,Active,28660000,4.2,3.5,4421
1993,Novi Hutagalung,Female,5,Junior,Surabaya,Permanent,2018-06-15,,Active,15170000,3.6,2.4,4567
1994,Hafshah Prayoga,Male,3,Mid,Bandung,Permanent,2015-01-01,,Active,29730000,3.5,3.9,4032
1995,"Sari Lailasari, M.Ak",Female,8,Junior,Yogyakarta,Permanent,2020-12-31,2024-04-01,Resigned,13440000,3.4,3.3,3931
1996,R.A. Michelle Kurniawan,Female,1,Senior,Jakarta,Permanent,2023-12-13,2024-08-08,Resigned,47800000,2.0,4.3,2780
1997,Gadang Ardianto,Male,1,Senior,Yogyakarta,Permanent,2019-08-14,,Active,44870000,5.0,3.1,1075
1998,Juli Safitri,Male,2,Junior,Yogyakarta,Contract,2023-01-07,,Active,21380000,3.8,4.2,3125
1999,Wani Sitompul,Male,2,Junior,Medan,Permanent,2017-12-13,2021-02-16,Resigned,18310000,3.2,3.2,1011
2000,Juli Astuti,Female,4,Junior,Medan,Contract,2018-03-12,,Active,18460000,3.5,3.1,5063
2001,"Hj. Rina Mansur, S.Pd",Female,8,Mid,Bandung,Permanent,2017-02-09,,Active,22870000,3.9,3.3,3972
2002,Rahmi Pangestu,Male,3,Head,Yogyakarta,Permanent,2022-02-21,,Active,93680000,4.2,3.2,
2003,Iriana Nugroho,Female,3,Senior,Bandung,Permanent,2017-02-08,,Active,39030000,4.6,4.0,4648
2004,Jamalia Siregar,Male,6,Senior,Surabaya,Permanent,2017-01-31,,Active,29760000,3.8,3.1,2687
2005,"Talia Usada, M.Kom.",Female,10,Mid,Bandung,Permanent,2023-02-26,2023-10-10,Resigned,19160000,4.2,3.8,5167
2006,R.A. Jane Waluyo,Male,9,Senior,Yogyakarta,Probation,2018-11-01,,Active,26710000,2.9,2.9,4581
2007,Yuliana Wijaya,Female,7,Mid,Surabaya,Permanent,2022-10-25,,Active,14850000,5.0,3.1,3498
2008,Calista Pratiwi,Male,8,Mid,Yogyakarta,Permanent,2015-08-18,,Active,23300000,4.7,2.7,1875
2009,Lega Palastri,Female,8,Mid,Surabaya,Contract,2017-01-13,,Active,26830000,2.9,2.8,2519
2010,Mahmud Pudjiastuti,Male,8,Mid,Remote,Permanent,2016-05-14,,Active,25410000,4.1,3.5,2655
2011,Wawan Hariyah,Female,5,Mid,Jakarta,Permanent,2017-10-09,,Active,24890000,4.2,3.9,5444
2012,"Fathonah Farida, S.Pd",Male,10,Manager,Bandung,Permanent,2020-11-04,,Active,46880000,3.9,3.0,2147
2013,"Puti Yuliana Wasita, M.Kom.",Female,10,Manager,Remote,Probation,2018-08-16,2019-08-03,Resigned,43010000,4.0,2.1,4732
2014,Mahesa Sihombing,Male,10,Junior,Surabaya,Permanent,2017-11-03,,Active,13960000,3.9,2.9,2236
2015,Dono Wahyuni,Male,3,Junior,Jakarta,Permanent,2024-09-07,,Active,16320000,2.9,3.7,1055
2016,Nasrullah Anggraini,Female,9,Mid,Medan,Permanent,2018-08-22,2022-03-24,Resigned,19460000,1.8,3.8,4049
2017,"dr. Bagya Hassanah, M.Ak",Male,3,Mid,Medan,Contract,2015-02-06,,Active,36560000,1.9,3.0,3067
2018,Restu Wacana,Female,1,Junior,Surabaya,Permanent,2022-09-20,,Active,20060000,3.3,4.2,1241
2019,Dr. Virman Andriani,Male,6,Mid,Remote,Permanent,2016-10-07,,Active,24180000,3.9,4.3,1494
2020,Dt. Paiman Tarihoran,Male,2,Intern,Bandung,Permanent,2015-09-02,,Active,12000000,2.7,3.9,1040
2021,"Yessi Nasyiah, M.Ak",Male,1,Junior,Surabaya,Probation,2016-05-30,,Active,23890000,4.9,2.9,1997
2022,"Vinsen Hutasoit, S.IP",Female,4,Mid,Remote,Permanent,2024-01-13,,Active,23620000,4.1,3.0,4013
2023,"Sutan Maryadi Widiastuti, S.I.Kom",Female,3,Junior,Surabaya,Contract,2019-01-07,,Active,21120000,3.6,3.2,2807
2024,Marsudi Suryatmi,Female,2,Junior,Surabaya,Permanent,2022-12-04,,Active,20470000,4.5,3.3,4317
2025,Kardi Yuliarti,Female,6,Lead,Medan,Permanent,2017-02-16,,Active,40360000,3.4,4.8,1170
2026,"Marsudi Wacana, S.Psi",Female,4,Lead,Medan,Contract,2018-02-01,,Active,50380000,3.3,4.0,5155
2027,"dr. Balamantri Anggriawan, S.IP",Male,3,Junior,Yogyakarta,Permanent,2015-10-10,,Active,24060000,4.6,4.2,1055
2028,Gawati Melani,Female,8,Mid,Jakarta,Permanent,2021-01-27,,Active,23110000,3.7,4.1,3063
2029,"Padma Puspita, M.Farm",Female,4,Junior,Jakarta,Permanent,2023-03-25,,Active,15560000,4.4,4.3,4887
2030,"Ratih Prasetya, M.M.",Female,8,Intern,Surabaya,Permanent,2023-09-14,,Active,7460000,3.5,4.4,1487
2031,Kania Hariyah,Female,2,Mid,Yogyakarta,Permanent,2017-02-16,,Active,31530000,2.5,3.0,3625
2032,"Ir. Lanjar Mardhiyah, S.E.I",Male,9,Mid,Yogyakarta,Permanent,2021-11-16,,Active,19090000,4.8,3.5,2756
2033,Aisyah Laksmiwati,Male,4,Manager,Jakarta,Permanent,2016-01-30,,Active,66620000,2.3,4.2,2866
2034,Ega Agustina,Male,4,Mid,Bandung,Permanent,2017-01-01,,Active,26820000,5.0,4.1,3284
2035,Bambang Megantara,Male,7,Mid,Yogyakarta,Permanent,2016-02-09,2023-10-18,Resigned,15220000,3.1,3.6,3745
2036,Ira Siregar,Female,7,Junior,Medan,Permanent,2015-07-21,,Active,12050000,4.2,4.2,4188
2037,Violet Putra,Male,1,Senior,Jakarta,Permanent,2017-05-04,,Active,48220000,4.2,3.7,4428
2038,drg. Gantar Kusmawati,Male,1,Junior,Yogyakarta,Contract,2019-01-18,,Active,22520000,4.6,4.5,2532
2039,Ismail Hartati,Male,7,Lead,Medan,Permanent,2024-03-27,,Active,32660000,3.7,4.6,3091
2040,Betania Salahudin,Male,6,Senior,Bandung,Probation,2024-05-10,,Active,26990000,3.6,4.2,5272
2041,Rusman Latupono,Male,10,Mid,Medan,Permanent,2016-02-19,,Active,16140000,3.3,2.7,4107
2042,Samsul Siregar,Male,8,Junior,Medan,Permanent,2020-11-25,,Active,17580000,3.3,3.8,3282
2043,"Balangga Wastuti, S.E.",Male,4,Senior,Yogyakarta,Permanent,2021-04-06,,Active,30870000,4.2,4.2,3952
2044,"Hesti Maryati, S.E.",Female,4,Mid,Remote,Permanent,2022-07-25,,Active,22060000,5.0,2.6,4295
2045,R.M. Gamblang Purwanti,Male,8,Junior,Medan,Permanent,2016-11-14,,Active,15780000,3.2,2.8,1875
2046,Malika Pradipta,Female,1,Junior,Medan,Permanent,2022-05-17,,Active,19530000,4.6,4.6,3131
2047,"dr. Lasmono Nashiruddin, S.E.",Female,2,Mid,Surabaya,Contract,2018-07-14,,Active,32530000,2.3,3.8,1716
2048,"Maryadi Astuti, S.Sos",Female,9,Junior,Remote,Permanent,2023-07-28,,Active,13170000,3.2,4.1,1321
2049,Okto Susanti,Male,7,Junior,Yogyakarta,Permanent,2021-04-25,,Active,12930000,3.5,2.8,2897
2050,Ihsan Rahayu,Female,10,Senior,Yogyakarta,Probation,2019-01-14,,Active,23540000,3.2,3.5,2989
2051,Kayla Ardianto,Male,4,Junior,Medan,Permanent,2023-02-22,2024-01-13,Resigned,14270000,3.0,3.4,3041
2052,"Gabriella Putra, S.T.",Male,8,Intern,Bandung,Contract,2018-05-21,2021-05-13,Resigned,9240000,3.7,4.1,4036
2053,"H. Rusman Haryanto, M.Farm",Male,2,Mid,Remote,Contract,2023-08-27,,Active,30200000,3.2,3.7,3435
2054,Raharja Nasyiah,Male,1,Junior,Bandung,Permanent,2016-01-22,2020-07-15,Resigned,24030000,3.5,4.2,1877
2055,Ghani Simbolon,Female,1,Lead,Surabaya,Contract,2021-07-12,,Active,50860000,4.1,3.6,2828
2056,Jagapati Latupono,Male,9,Junior,Bandung,Permanent,2021-05-25,,Active,12830000,3.2,3.9,3841
2057,Salsabila Lestari,Female,5,Intern,Yogyakarta,Contract,2023-11-22,,Active,7630000,4.7,2.8,1013
2058,Ir. Galar Riyanti,Male,2,Mid,Jakarta,Permanent,2021-09-04,,Active,25250000,4.0,4.4,4317
2059,Rahmi Wijaya,Female,4,Junior,Surabaya,Permanent,2015-11-18,,Active,17720000,3.9,2.8,2625
2060,Puti Kamaria Thamrin,Female,2,Mid,Jakarta,Contract,2019-09-03,,Active,28160000,2.6,3.4,4021
2061,"Dr. Raina Natsir, S.Pd",Male,10,Junior,Medan,Probation,2023-05-21,,Active,12620000,3.4,4.6,1795
2062,Ir. Chelsea Wulandari,Female,2,Senior,Jakarta,Permanent,2015-08-10,,Active,46440000,3.5,3.3,3297
2063,Galar Lazuardi,Male,10,Junior,Bandung,Permanent,2018-08-31,,Active,12870000,2.5,3.4,2474
2064,Gaduh Latupono,Female,9,Mid,Medan,Permanent,2019-12-31,,Active,18510000,2.8,2.4,2762
2065,Hardi Megantara,Male,9,Mid,Yogyakarta,Permanent,2019-11-05,,Active,17230000,4.3,3.5,3337
2066,dr. Hari Riyanti,Female,6,Lead,Remote,Permanent,2015-12-05,,Active,42750000,3.5,3.8,4204
2067,Kamal Winarno,Female,7,Lead,Medan,Permanent,2017-12-11,,Active,30890000,4.2,3.4,3264
2068,Fitria Laksita,Male,7,Junior,Bandung,Permanent,2023-07-19,2024-10-27,Resigned,10870000,4.3,2.9,5441
2069,"Kawaya Yuliarti, S.E.",Male,9,Mid,Remote,Permanent,2021-04-17,,Active,16210000,2.7,3.3,3049
2070,R.M. Jindra Suwarno,Male,3,Junior,Yogyakarta,Permanent,2015-10-21,,Active,22470000,2.4,3.7,3855
2071,Cengkir Sihotang,Male,2,Lead,Yogyakarta,Permanent,2016-04-05,,Active,59110000,2.7,3.5,2602
2072,"Dr. Raina Habibi, S.I.Kom",Male,5,Junior,Remote,Permanent,2018-08-06,,Active,15200000,2.1,3.9,4596
2073,Jayeng Mansur,Female,10,Mid,Medan,Contract,2016-11-24,,Active,17880000,3.8,3.6,4994
2074,Rahman Winarno,Female,3,Junior,Bandung,Permanent,2021-12-27,2022-08-09,Resigned,22000000,2.3,3.1,4876
2075,Dr. Martani Lailasari,Female,1,Mid,Jakarta,Permanent,2016-09-30,,Active,32360000,3.7,3.2,3146
2076,Silvia Lestari,Male,7,Mid,Bandung,Contract,2017-09-22,,Active,17390000,4.4,3.5,1804
2077,Titin Handayani,Female,7,Intern,Jakarta,Permanent,2015-02-26,,Active,6090000,4.1,2.7,2356
2078,Eli Hutasoit,Female,8,Senior,Remote,Permanent,2015-04-04,,Active,34730000,4.7,3.5,4711
2079,Cut Wulan Prasetya,Male,9,Senior,Surabaya,Permanent,2021-02-16,,Active,30290000,3.3,3.5,5321
2080,Ami Saefullah,Male,5,Junior,Jakarta,Permanent,2022-10-18,,Active,15620000,2.1,3.3,4365
2081,Kawaya Suwarno,Male,7,Senior,Surabaya,Permanent,2017-11-12,,Active,24290000,4.6,3.6,2736
2082,Purwadi Haryanti,Female,9,Junior,Jakarta,Permanent,2015-08-06,,Active,16620000,3.3,3.0,5321
2083,Dr. Pia Melani,Female,6,Junior,Remote,Permanent,2022-06-08,,Active,14960000,3.0,3.8,5028
2084,Kemal Latupono,Male,1,Lead,Remote,Permanent,2015-03-20,,Active,57700000,4.3,4.5,3268
2085,Vicky Palastri,Female,9,Senior,Jakarta,Contract,2020-09-13,,Active,26310000,4.3,3.8,4093
2086,"dr. Puput Gunarto, M.M.",Female,4,Mid,Jakarta,Permanent,2024-09-20,,Active,20680000,2.7,4.3,5155
2087,Sutan Irwan Jailani,Female,8,Senior,Jakarta,Permanent,2021-04-15,,Active,29300000,3.1,3.4,4174
2088,"Yance Yolanda, S.H.",Female,6,Junior,Remote,Permanent,2018-09-28,,Active,15330000,1.9,3.4,1449
2089,Ami Hartati,Female,4,Mid,Remote,Permanent,2022-09-03,,Active,22290000,5.0,3.6,3598
2090,Kamaria Irawan,Female,5,Mid,Yogyakarta,Contract,2024-02-08,2024-10-10,Resigned,20270000,2.7,4.2,5475
2091,Zelaya Lazuardi,Male,10,Junior,Bandung,Permanent,2021-03-23,,Active,11800000,2.6,3.2,1634
2092,"KH. Dasa Pranowo, M.Farm",Female,1,Senior,Yogyakarta,Permanent,2022-05-14,2024-11-26,Resigned,46540000,2.9,3.2,2433
2093,"Kamaria Suryatmi, S.Farm",Male,4,Mid,Bandung,Permanent,2019-09-06,,Active,25320000,3.0,4.1,3890
2094,Latif Mandala,Female,5,Mid,Medan,Permanent,2021-10-15,,Active,20150000,2.9,2.7,1019
2095,"Sutan Rahmat Putra, S.Gz",Male,2,Manager,Bandung,Contract,2021-07-07,,Active,76680000,4.2,2.7,3603
2096,dr. Patricia Setiawan,Female,10,Mid,Medan,Contract,2022-09-21,,Active,14600000,1.6,4.3,2894
2097,Drs. Ella Sinaga,Female,3,Junior,Bandung,Permanent,2023-08-21,2024-12-02,Resigned,20620000,4.2,3.7,4453
2098,"Icha Siregar, M.Farm",Male,8,Mid,Bandung,Permanent,2017-01-24,,Active,26450000,4.3,4.5,3948
2099,Zamira Mulyani,Female,2,Mid,Yogyakarta,Permanent,2024-11-14,,Active,29270000,3.3,4.0,5182
2100,"Rahman Kuswoyo, S.E.I",Female,5,Junior,Jakarta,Permanent,2016-09-14,,Active,16260000,2.3,3.8,1472
2101,"KH. Hendra Halim, S.T.",Male,5,Manager,Medan,Permanent,2023-07-20,,Active,54900000,3.7,3.2,2738
2102,"Hj. Dian Mustofa, S.H.",Male,3,Senior,Remote,Permanent,2021-09-08,,Active,37870000,4.3,4.4,5177
2103,Narji Sinaga,Male,2,Mid,Bandung,Permanent,2022-09-19,,Active,25520000,4.4,4.1,2062
2104,"R.A. Vanya Wastuti, S.Sos",Female,10,Manager,Bandung,Contract,2022-12-26,,Active,35900000,4.0,2.9,1943
2105,Dinda Permata,Female,10,Mid,Bandung,Permanent,2020-04-24,2021-11-20,Resigned,17150000,2.9,4.1,1603
2106,"Embuh Utami, S.Farm",Male,1,Senior,Bandung,Permanent,2018-01-10,,Active,46340000,3.7,4.1,4872
2107,Mila Hutagalung,Male,3,Intern,Bandung,Probation,2023-07-01,,Active,10430000,3.8,3.1,1705
2108,"Putu Iswahyudi, S.Sos",Female,1,Senior,Remote,Permanent,2024-09-21,,Active,43960000,3.3,3.7,1562
2109,H. Estiawan Uwais,Female,1,Mid,Jakarta,Permanent,2017-10-07,,Active,25410000,1.6,3.0,2642
2110,Nova Simbolon,Female,6,Senior,Medan,Probation,2023-01-28,,Active,27540000,5.0,2.9,1169
2111,Cut Vicky Iswahyudi,Male,9,Mid,Jakarta,Contract,2020-11-02,2023-11-22,Resigned,23580000,2.9,3.9,2241
2112,"Michelle Usada, S.I.Kom",Male,7,Head,Remote,Permanent,2020-10-25,,Active,55470000,2.9,4.0,
2113,"Puti Wulan Nasyidah, S.Sos",Female,7,Junior,Jakarta,Permanent,2020-10-15,,Active,9910000,3.5,4.1,5198
2114,Ikhsan Prabowo,Female,7,Mid,Surabaya,Permanent,2019-06-19,,Active,17980000,3.8,4.2,3070
2115,Hasna Sinaga,Female,6,Mid,Jakarta,Permanent,2018-04-20,,Active,22360000,3.9,3.3,3863
2116,"Tgk. Jessica Pudjiastuti, M.Farm",Male,2,Mid,Yogyakarta,Permanent,2020-03-13,,Active,29210000,3.2,4.1,1798
2117,Karya Laksita,Male,6,Junior,Remote,Permanent,2017-01-06,,Active,16280000,3.8,3.7,1939
2118,"Tgk. Tugiman Zulaika, S.Gz",Female,3,Mid,Jakarta,Permanent,2019-08-21,,Active,32990000,2.7,3.8,4090
2119,Baktiadi Utami,Male,3,Junior,Surabaya,Permanent,2024-11-23,,Active,18950000,3.5,3.3,5292
2120,"drg. Agus Maheswara, S.E.",Male,2,Senior,Jakarta,Permanent,2023-01-21,,Active,36300000,4.0,4.1,3880
2121,Mutia Adriansyah,Female,5,Junior,Medan,Permanent,2022-02-10,,Active,15650000,3.0,4.0,1753
2122,Farah Mustofa,Male,8,Senior,Jakarta,Permanent,2019-04-01,,Active,33750000,3.9,3.3,2262
2123,"Gada Manullang, S.T.",Female,10,Mid,Bandung,Permanent,2021-05-05,,Active,18450000,4.6,3.1,1166
2124,Marwata Tarihoran,Male,1,Mid,Jakarta,Permanent,2017-01-02,,Active,34400000,4.6,3.0,2828
2125,Chelsea Wahyudin,Female,1,Junior,Yogyakarta,Permanent,2023-03-10,,Active,21110000,2.7,4.5,4067
2126,"Unggul Yulianti, S.E.",Male,5,Senior,Bandung,Permanent,2016-04-26,,Active,32980000,4.4,3.5,4975
2127,Harto Utami,Female,5,Junior,Yogyakarta,Permanent,2015-02-20,,Active,17270000,3.7,3.8,1938
2128,Tari Pradipta,Male,7,Mid,Bandung,Permanent,2021-10-26,,Active,17590000,3.8,3.5,3567
2129,Safina Iswahyudi,Female,10,Mid,Jakarta,Permanent,2020-02-02,,Active,17250000,3.6,4.4,4836
2130,"Cinta Adriansyah, S.Kom",Male,9,Mid,Surabaya,Permanent,2017-09-29,,Active,23840000,4.3,2.9,1965
2131,Citra Mustofa,Male,4,Mid,Jakarta,Permanent,2015-07-20,,Active,27220000,3.4,3.4,2246
2132,R.A. Padma Zulaika,Male,8,Senior,Remote,Permanent,2016-08-18,,Active,33820000,4.0,3.5,4174
2133,Ajeng Anggriawan,Female,3,Mid,Jakarta,Permanent,2018-09-18,,Active,31460000,4.1,3.0,2995
2134,"Jasmin Lazuardi, S.Farm",Male,4,Manager,Medan,Permanent,2016-10-22,,Active,66570000,3.3,4.9,1830
2135,"Diah Kuswandari, S.Pt",Male,5,Senior,Surabaya,Probation,2020-02-09,,Active,32730000,4.6,3.6,1760
2136,Harjo Irawan,Male,4,Intern,Yogyakarta,Contract,2023-08-14,2024-08-16,Resigned,7340000,3.3,3.1,5328
2137,"Yani Jailani, S.IP",Female,9,Intern,Surabaya,Permanent,2024-06-16,,Active,6270000,3.0,3.2,2620
2138,Kartika Salahudin,Male,8,Lead,Surabaya,Permanent,2022-10-16,,Active,38020000,3.9,4.6,4012
2139,Harjaya Mansur,Male,4,Mid,Jakarta,Permanent,2022-10-21,2023-06-17,Resigned,23430000,1.6,3.7,1147
2140,"Murti Megantara, S.Pt",Male,9,Lead,Medan,Probation,2020-06-04,,Active,41000000,4.5,3.8,5095
2141,Drs. Adika Suryatmi,Female,3,Mid,Surabaya,Permanent,2019-10-16,,Active,28350000,2.1,3.2,4135
2142,"Catur Farida, S.I.Kom",Female,3,Lead,Yogyakarta,Permanent,2016-06-15,,Active,61120000,3.8,3.7,2456
2143,"Gabriella Utami, S.E.I",Female,4,Mid,Medan,Permanent,2020-07-10,,Active,27590000,3.5,3.3,3530
2144,Raisa Handayani,Female,4,Mid,Yogyakarta,Permanent,2017-03-03,2017-12-06,Resigned,23710000,3.7,2.9,3573
2145,"R.A. Clara Januar, S.E.I",Male,7,Mid,Medan,Probation,2023-04-09,,Active,16170000,5.0,2.9,4158
2146,"R. Lanjar Winarno, S.I.Kom",Female,2,Senior,Medan,Contract,2015-07-06,,Active,45530000,3.2,2.6,3361
2147,Iriana Mandala,Male,10,Head,Remote,Permanent,2015-02-16,,Active,53970000,4.1,4.6,
2148,Enteng Yuliarti,Male,5,Junior,Medan,Permanent,2018-06-14,,Active,15120000,3.7,3.6,2237
2149,Drajat Puspasari,Male,1,Junior,Surabaya,Permanent,2016-04-11,,Active,24060000,4.2,3.2,3909
2150,Ir. Tantri Sudiati,Male,4,Junior,Surabaya,Probation,2024-05-01,2024-12-09,Resigned,15300000,3.6,4.2,3969
2151,Victoria Dongoran,Female,6,Junior,Remote,Permanent,2020-04-27,,Active,14740000,3.6,3.3,4473
2152,"Hj. Ilsa Putra, M.TI.",Male,1,Mid,Medan,Contract,2022-01-13,,Active,31230000,2.8,4.0,4270
2153,Drs. Fitriani Wijaya,Female,6,Junior,Remote,Permanent,2023-10-17,,Active,12150000,3.5,3.9,5239
2154,Septi Habibi,Female,8,Junior,Surabaya,Permanent,2021-05-03,,Active,16490000,4.0,2.8,3033
2155,"KH. Xanana Permadi, M.Kom.",Male,9,Mid,Surabaya,Contract,2017-05-03,,Active,19800000,5.0,3.2,3771
2156,Carla Permadi,Female,8,Mid,Surabaya,Contract,2015-09-29,,Active,25210000,3.6,3.9,4932
2157,Suci Riyanti,Female,4,Junior,Bandung,Permanent,2019-03-17,,Active,16250000,3.4,2.7,4863
2158,Karsana Budiman,Female,2,Mid,Surabaya,Permanent,2017-02-06,,Active,29680000,4.0,3.3,3297
2159,Jamalia Mustofa,Female,2,Senior,Jakarta,Permanent,2022-12-17,2024-08-11,Resigned,38350000,3.3,2.2,4232
2160,Zelda Purnawati,Male,6,Junior,Surabaya,Permanent,2019-03-03,,Active,17100000,3.1,3.8,1805
2161,Karimah Palastri,Female,10,Mid,Bandung,Contract,2016-12-17,2017-11-15,Resigned,16020000,3.1,4.1,2838
2162,"Cawuk Halimah, S.Pt",Female,5,Senior,Medan,Permanent,2020-09-03,2023-11-15,Resigned,32100000,5.0,3.8,3647
2163,Langgeng Hidayat,Female,6,Mid,Medan,Permanent,2020-06-03,,Active,21920000,2.6,3.6,3237
2164,Eluh Pratama,Female,1,Lead,Jakarta,Contract,2016-08-09,,Active,66030000,3.2,3.3,1562
2165,Virman Halim,Male,9,Senior,Yogyakarta,Permanent,2017-04-20,,Active,27800000,3.2,3.4,4143
2166,"dr. Jono Suwarno, M.TI.",Male,1,Senior,Jakarta,Permanent,2015-01-17,,Active,42000000,5.0,2.5,2642
2167,"dr. Indra Wacana, S.Pt",Male,5,Senior,Jakarta,Permanent,2018-09-27,,Active,29690000,2.6,2.7,4164
2168,"Kawaca Nasyiah, M.Ak",Female,1,Mid,Surabaya,Permanent,2015-04-03,,Active,36430000,3.6,3.2,1241
2169,Estiawan Hutasoit,Male,7,Junior,Surabaya,Permanent,2018-08-07,,Active,10910000,3.3,3.9,1272
2170,Cindy Melani,Female,9,Junior,Jakarta,Permanent,2023-09-01,,Active,15020000,2.2,2.6,2600
2171,Respati Mangunsong,Male,6,Mid,Medan,Permanent,2018-01-25,2024-11-01,Resigned,20380000,3.7,3.8,3526
2172,Tgk. Hartaka Rahmawati,Female,1,Mid,Bandung,Probation,2021-02-28,,Active,32320000,3.0,2.7,2372
2173,"Prabowo Yulianti, S.Pt",Female,7,Senior,Jakarta,Permanent,2021-06-09,,Active,21370000,4.3,3.9,1464
2174,Tami Fujiati,Female,4,Senior,Bandung,Permanent,2021-01-23,,Active,33880000,4.2,1.7,2134
2175,"Zulfa Permadi, S.Gz",Male,8,Mid,Jakarta,Permanent,2016-03-09,,Active,22940000,4.2,4.0,1308
2176,Bakianto Fujiati,Male,10,Junior,Medan,Permanent,2022-11-26,,Active,11890000,3.8,2.8,1159
2177,Jaeman Suryatmi,Female,7,Senior,Surabaya,Contract,2021-11-29,,Active,22010000,4.1,2.9,4370
2178,Cut Ira Widiastuti,Male,1,Mid,Medan,Permanent,2023-06-23,,Active,27220000,3.8,3.0,1355
2179,"Sakura Natsir, S.IP",Female,5,Mid,Remote,Permanent,2016-02-03,,Active,21450000,3.4,3.9,5203
2180,Nugraha Mandala,Female,2,Intern,Bandung,Contract,2020-04-11,2022-01-09,Resigned,8040000,2.5,2.8,1032
2181,"Ajeng Marpaung, M.Kom.",Female,8,Mid,Remote,Contract,2019-01-28,,Active,24450000,3.9,2.8,3815
2182,Putri Maryati,Female,10,Mid,Surabaya,Permanent,2023-11-05,,Active,15310000,2.2,3.8,4261
2183,"H. Eka Marbun, S.I.Kom",Male,4,Senior,Surabaya,Permanent,2015-09-25,,Active,34210000,2.2,3.2,3531
2184,Pangestu Santoso,Male,10,Senior,Medan,Permanent,2018-03-02,,Active,25000000,3.6,4.1,1136
2185,"Devi Dabukke, S.Psi",Male,9,Lead,Jakarta,Permanent,2019-07-20,,Active,37380000,2.6,3.8,1538
2186,"dr. Empluk Novitasari, S.Pt",Male,1,Junior,Yogyakarta,Permanent,2023-11-20,2024-09-13,Resigned,17850000,2.8,3.3,4026
2187,Tania Permata,Male,8,Junior,Bandung,Probation,2021-12-18,,Active,14330000,4.2,3.5,4198
2188,"Bahuwarna Mandasari, M.M.",Female,7,Junior,Remote,Permanent,2015-09-28,,Active,12510000,2.2,3.4,1653
2189,Tgk. Asman Mandasari,Female,9,Mid,Medan,Permanent,2021-05-12,,Active,19380000,3.2,2.3,4493
2190,"Ir. Eli Uwais, S.E.",Male,4,Junior,Remote,Probation,2022-06-07,,Active,15010000,2.9,3.6,4528
2191,Vera Jailani,Female,8,Junior,Yogyakarta,Permanent,2016-04-13,,Active,15520000,3.1,4.3,3612
2192,Hj. Tari Latupono,Male,5,Mid,Surabaya,Probation,2024-03-21,,Active,16920000,3.3,3.7,3715
2193,Opung Melani,Male,4,Mid,Surabaya,Permanent,2021-09-16,2024-04-29,Resigned,21600000,3.6,3.5,1222
2194,Artawan Budiman,Male,2,Mid,Bandung,Contract,2016-01-06,,Active,30020000,3.4,3.8,3774
2195,Arsipatra Halimah,Male,2,Mid,Yogyakarta,Permanent,2023-06-28,2024-03-10,Resigned,24860000,2.7,3.7,1040
2196,Kiandra Maryadi,Female,4,Junior,Bandung,Permanent,2021-11-26,,Active,15770000,3.6,3.6,4584
2197,Wadi Firgantoro,Female,9,Mid,Remote,Permanent,2018-05-12,,Active,21940000,4.5,4.7,3049
2198,KH. Vino Yolanda,Female,4,Mid,Surabaya,Probation,2023-01-19,,Active,21590000,5.0,3.3,2033
2199,Genta Sinaga,Male,10,Mid,Yogyakarta,Contract,2021-11-09,,Active,19130000,3.5,2.9,1253
2200,Hamzah Simanjuntak,Female,7,Manager,Medan,Probation,2015-09-13,,Active,42810000,4.0,1.6,4815
2201,Yunita Hutagalung,Male,2,Junior,Surabaya,Permanent,2022-11-20,,Active,17600000,3.4,2.8,4240
2202,dr. Devi Mardhiyah,Female,5,Junior,Yogyakarta,Permanent,2024-09-15,,Active,13540000,3.8,4.3,4617
2203,"Umay Habibi, S.E.",Female,2,Mid,Yogyakarta,Permanent,2022-01-04,,Active,25920000,5.0,3.9,4443
2204,Rangga Maryati,Female,4,Junior,Bandung,Permanent,2021-02-10,,Active,17870000,3.8,3.4,3822
2205,Xanana Wacana,Male,2,Senior,Surabaya,Contract,2021-03-25,,Active,38080000,3.5,2.6,3782
2206,Tomi Hastuti,Male,6,Mid,Remote,Permanent,2018-03-27,,Active,21680000,2.8,3.5,2451
2207,"Tgk. Vicky Saragih, S.Psi",Male,8,Mid,Bandung,Permanent,2015-10-21,,Active,22840000,3.4,4.3,5008
2208,Kadir Hasanah,Female,3,Junior,Bandung,Permanent,2022-05-18,,Active,19760000,3.7,3.6,4623
2209,Gading Pangestu,Female,5,Junior,Remote,Permanent,2024-08-24,,Active,14090000,4.6,4.6,4736
2210,Padmi Sihombing,Female,3,Junior,Yogyakarta,Permanent,2021-12-27,2023-11-28,Resigned,17520000,2.0,4.7,2763
2211,"Sarah Prasasta, M.M.",Female,6,Senior,Bandung,Permanent,2019-04-25,,Active,28490000,3.7,2.9,5011
2212,Rika Lailasari,Male,9,Intern,Remote,Permanent,2021-06-25,,Active,5950000,2.5,4.1,1140
2213,"KH. Daliman Palastri, S.H.",Female,7,Mid,Medan,Permanent,2019-08-10,,Active,16920000,4.4,3.1,4839
2214,Adiarja Wasita,Male,6,Junior,Surabaya,Permanent,2021-05-16,,Active,12260000,3.6,2.7,1302
2215,Daruna Namaga,Female,10,Mid,Surabaya,Permanent,2022-09-29,2024-09-17,Resigned,16230000,3.7,2.9,3198
2216,Siska Anggriawan,Male,10,Lead,Jakarta,Permanent,2020-11-13,,Active,34190000,3.6,3.4,3672
2217,Ade Wahyuni,Male,7,Junior,Medan,Permanent,2022-09-02,,Active,13290000,3.1,4.4,3413
2218,Zizi Samosir,Male,10,Head,Jakarta,Permanent,2018-11-08,,Active,59190000,2.9,4.0,
2219,Danang Nuraini,Female,10,Senior,Yogyakarta,Permanent,2021-06-08,,Active,20070000,4.1,3.5,3699
2220,Hari Lestari,Female,1,Mid,Remote,Probation,2018-03-30,,Active,32290000,4.0,3.3,3257
2221,Caket Setiawan,Female,3,Junior,Surabaya,Permanent,2023-02-25,,Active,19690000,3.4,1.9,5171
2222,Artawan Pradipta,Female,5,Junior,Jakarta,Permanent,2021-06-26,,Active,16760000,3.4,3.7,4397
2223,"Drs. Laras Wahyudin, M.M.",Female,1,Intern,Jakarta,Permanent,2024-01-27,,Active,9510000,4.2,3.0,5003
2224,"Chelsea Prastuti, S.IP",Male,10,Junior,Surabaya,Permanent,2016-06-03,,Active,13880000,3.7,1.8,2956
2225,R.M. Makuta Wijaya,Female,6,Junior,Jakarta,Permanent,2018-02-01,,Active,13660000,4.3,2.7,5464
2226,Lega Purnawati,Male,7,Manager,Remote,Permanent,2021-08-20,,Active,36580000,3.8,3.7,2112
2227,Ibrahim Wijayanti,Male,4,Senior,Bandung,Permanent,2017-12-06,,Active,34180000,4.7,4.3,1126
2228,Dasa Siregar,Male,8,Mid,Bandung,Permanent,2018-11-05,,Active,23770000,3.5,2.9,4174
2229,Zizi Sihotang,Male,5,Lead,Yogyakarta,Permanent,2024-05-23,,Active,39790000,2.9,3.5,2921
2230,"dr. Naradi Simbolon, S.Psi",Male,5,Mid,Remote,Permanent,2022-05-30,,Active,22410000,3.3,3.5,2335
2231,Humaira Pradipta,Female,2,Mid,Jakarta,Permanent,2015-08-11,,Active,25300000,3.3,3.6,2336
2232,Warsa Pangestu,Female,7,Junior,Yogyakarta,Permanent,2019-06-22,,Active,11710000,3.5,3.4,1209
2233,Purwadi Padmasari,Male,7,Junior,Yogyakarta,Permanent,2019-04-05,,Active,10450000,3.3,4.8,4053
2234,Chandra Kurniawan,Male,9,Mid,Jakarta,Permanent,2020-12-12,,Active,20210000,4.0,3.5,3798
2235,Ihsan Hastuti,Female,9,Junior,Medan,Permanent,2019-04-14,,Active,11830000,2.1,3.5,1728
2236,Laila Lazuardi,Male,10,Mid,Remote,Permanent,2016-02-03,,Active,18960000,3.0,4.4,3294
2237,Tgk. Yoga Pranowo,Female,5,Mid,Surabaya,Permanent,2021-11-05,,Active,20780000,3.8,3.8,3425
2238,Ina Hariyah,Female,8,Junior,Medan,Permanent,2023-12-31,2024-12-12,Resigned,16000000,2.8,4.0,4668
2239,Zulaikha Lazuardi,Male,6,Junior,Bandung,Permanent,2023-03-27,,Active,15090000,3.4,4.2,3487
2240,Candrakanta Sihombing,Male,10,Mid,Remote,Permanent,2018-07-07,,Active,19220000,3.5,3.2,3231
2241,"Ir. Azalea Pratama, S.Psi",Male,9,Senior,Medan,Permanent,2015-02-18,,Active,29510000,2.8,3.8,1098
2242,Bakijan Prayoga,Female,8,Senior,Surabaya,Permanent,2018-12-10,2021-01-08,Resigned,30600000,2.5,3.9,4844
2243,Lala Mulyani,Male,6,Senior,Remote,Contract,2021-12-12,2024-02-08,Resigned,27770000,3.7,4.0,2825
2244,Murti Salahudin,Male,3,Senior,Remote,Probation,2021-09-21,,Active,42290000,3.4,3.8,2382
2245,Yuliana Natsir,Male,1,Junior,Yogyakarta,Permanent,2024-08-08,,Active,21540000,4.3,3.3,5242
2246,Wawan Waskita,Male,4,Senior,Surabaya,Permanent,2016-03-30,,Active,35760000,4.4,2.7,3952
2247,"Dr. Puti Pudjiastuti, S.H.",Male,8,Mid,Surabaya,Permanent,2022-03-01,,Active,22260000,2.0,3.3,3986
2248,Jail Jailani,Female,3,Senior,Jakarta,Permanent,2017-11-20,,Active,47900000,3.5,3.4,1640
2249,"KH. Cahyono Maheswara, S.Ked",Male,6,Mid,Jakarta,Permanent,2019-04-17,,Active,19920000,5.0,2.7,2741
2250,Radika Prasetya,Female,6,Lead,Yogyakarta,Probation,2016-12-29,,Active,43710000,4.6,4.1,1219
2251,Dalimin Wacana,Male,3,Mid,Remote,Permanent,2021-11-04,,Active,27610000,4.0,3.1,4869
2252,Silvia Usamah,Male,3,Mid,Bandung,Permanent,2021-01-23,,Active,30020000,4.3,2.4,4484
2253,"Bakiadi Padmasari, M.Farm",Male,3,Junior,Jakarta,Permanent,2019-12-14,,Active,18820000,5.0,3.2,4437
2254,Yulia Hutagalung,Male,5,Junior,Yogyakarta,Permanent,2021-05-29,,Active,12260000,2.6,3.4,5288
2255,Atmaja Napitupulu,Female,8,Senior,Jakarta,Probation,2016-09-01,,Active,35830000,3.9,4.3,4316
2256,"Ibun Mahendra, S.Pt",Female,4,Manager,Surabaya,Contract,2017-12-27,,Active,56300000,4.5,3.0,1239
2257,"dr. Dewi Gunarto, M.M.",Male,4,Junior,Yogyakarta,Permanent,2020-10-12,,Active,16230000,4.3,4.3,4578
2258,Cawisadi Pertiwi,Female,9,Senior,Jakarta,Permanent,2024-06-19,,Active,26940000,4.8,5.0,1153
2259,Yuni Widodo,Male,4,Senior,Yogyakarta,Permanent,2019-04-24,,Active,37790000,5.0,4.4,4005
2260,Ana Wibowo,Female,10,Mid,Yogyakarta,Permanent,2018-09-27,,Active,17950000,2.5,3.5,5326
2261,"Irsad Natsir, S.I.Kom",Male,1,Mid,Surabaya,Permanent,2019-02-05,,Active,30410000,3.4,2.8,5256
2262,Upik Nashiruddin,Female,8,Lead,Remote,Permanent,2023-07-12,,Active,38320000,3.5,3.2,4496
2263,Indah Hassanah,Male,7,Junior,Surabaya,Permanent,2019-04-23,,Active,11660000,4.2,3.1,1886
2264,Anom Susanti,Male,9,Junior,Yogyakarta,Permanent,2022-01-27,,Active,14410000,2.3,5.0,3659
2265,Ir. Hesti Yuliarti,Female,1,Senior,Jakarta,Permanent,2023-03-31,,Active,45580000,3.7,3.1,4428
2266,Najwa Zulkarnain,Male,6,Junior,Medan,Permanent,2020-06-26,,Active,15310000,4.6,3.1,4818
2267,drg. Aswani Irawan,Female,3,Lead,Yogyakarta,Probation,2020-12-27,,Active,58020000,2.7,4.5,1761
2268,Kiandra Mandala,Male,7,Lead,Surabaya,Contract,2015-06-01,,Active,39160000,4.9,4.5,1288
2269,Farah Yuniar,Male,9,Mid,Remote,Permanent,2019-07-19,2024-07-24,Resigned,19380000,2.4,3.5,1909
2270,"Dr. Drajat Usamah, M.Pd",Female,10,Mid,Medan,Permanent,2022-08-09,,Active,17690000,2.7,2.3,2216
2271,"Dt. Harjaya Tamba, M.Kom.",Male,1,Lead,Yogyakarta,Permanent,2015-10-23,2017-11-20,Resigned,61420000,4.4,4.4,4946
2272,KH. Jayeng Situmorang,Female,10,Intern,Remote,Permanent,2021-12-07,2024-05-23,Resigned,4900000,2.9,2.8,3204
2273,Drs. Janet Wibisono,Male,7,Junior,Jakarta,Permanent,2022-02-04,2023-06-13,Resigned,12530000,3.5,3.4,4087
2274,Elvina Dongoran,Male,9,Mid,Jakarta,Permanent,2024-05-14,,Active,16830000,3.1,1.7,1348
2275,Rina Prasetya,Male,7,Lead,Yogyakarta,Permanent,2015-09-16,,Active,33530000,4.3,4.7,1417
2276,Umar Setiawan,Female,1,Mid,Remote,Permanent,2018-08-21,,Active,32810000,4.3,4.4,3103
2277,Rusman Halimah,Male,3,Mid,Bandung,Permanent,2018-08-10,,Active,29940000,3.8,2.6,4090
2278,Tgk. Pranata Padmasari,Male,3,Mid,Bandung,Permanent,2018-10-06,2022-04-29,Resigned,28950000,3.4,3.4,5157
2279,Capa Januar,Male,9,Manager,Bandung,Permanent,2022-10-23,,Active,37540000,4.0,3.4,2546
2280,Maryadi Permadi,Male,4,Senior,Medan,Permanent,2016-06-30,2024-01-29,Resigned,39670000,3.8,2.6,4863
2281,Patricia Hakim,Male,7,Lead,Jakarta,Permanent,2015-03-06,,Active,30930000,3.0,4.2,2112
2282,"Sutan Kamal Wibisono, S.I.Kom",Male,5,Intern,Medan,Contract,2016-01-01,,Active,8700000,3.3,4.0,3810
2283,"R. Elma Prakasa, M.Farm",Female,5,Junior,Yogyakarta,Permanent,2022-10-11,,Active,16480000,3.4,3.0,3382
2284,Yani Tamba,Male,2,Mid,Medan,Permanent,2016-08-09,,Active,28290000,3.0,3.0,3625
2285,Cut Tiara Thamrin,Male,8,Junior,Jakarta,Permanent,2016-12-15,,Active,18540000,4.6,3.3,2948
2286,Ir. Dinda Pratiwi,Female,7,Senior,Remote,Contract,2021-11-11,,Active,21820000,2.9,3.2,4839
2287,Raihan Lailasari,Female,7,Junior,Medan,Permanent,2018-11-25,,Active,10310000,2.9,3.5,4061
2288,T. Cayadi Lestari,Male,3,Senior,Medan,Permanent,2020-12-11,,Active,45840000,4.7,2.1,3073
2289,Bakijan Hakim,Male,9,Junior,Remote,Permanent,2020-03-16,,Active,12760000,3.0,3.2,3439
2290,Luhung Prasetya,Male,8,Junior,Remote,Contract,2017-03-04,2019-05-04,Resigned,17100000,2.6,3.8,2913
2291,Karsa Kuswandari,Female,5,Intern,Jakarta,Permanent,2020-07-30,2024-10-29,Resigned,7620000,3.2,4.1,2742
2292,Gamblang Susanti,Female,1,Senior,Surabaya,Permanent,2018-03-13,,Active,44660000,4.4,3.1,3404
2293,Reksa Mustofa,Female,9,Mid,Medan,Permanent,2015-06-27,2016-07-25,Resigned,18660000,4.0,2.9,1459
2294,Tina Nugroho,Male,3,Mid,Jakarta,Contract,2020-06-09,,Active,29180000,3.9,3.6,1640
2295,"Tgk. Asmuni Damanik, S.E.I",Female,2,Junior,Yogyakarta,Permanent,2021-08-24,,Active,18900000,2.7,3.8,4498
2296,R. Vicky Kusumo,Female,4,Mid,Surabaya,Permanent,2017-07-31,,Active,23460000,3.3,3.1,3622
2297,"Drs. Zelda Utama, S.Pt",Male,10,Junior,Bandung,Permanent,2023-04-10,,Active,12180000,3.3,4.1,5351
2298,Tiara Wijayanti,Male,3,Mid,Yogyakarta,Permanent,2015-10-29,,Active,34510000,3.6,3.0,5322
2299,Rini Januar,Female,1,Senior,Medan,Permanent,2016-08-16,,Active,49320000,4.4,3.4,4982
2300,Ilsa Sinaga,Female,3,Senior,Remote,Permanent,2019-03-10,,Active,39230000,3.8,3.8,3037
2301,Candrakanta Fujiati,Female,6,Mid,Bandung,Permanent,2018-01-09,,Active,23040000,4.4,4.4,5380
2302,"Ir. Yosef Laksita, S.Psi",Male,5,Junior,Yogyakarta,Permanent,2018-02-23,,Active,12310000,4.5,3.6,4311
2303,Nugraha Purwanti,Male,4,Junior,Surabaya,Permanent,2023-07-12,,Active,14150000,3.4,3.7,2979
2304,"Raisa Tamba, S.H.",Male,4,Mid,Bandung,Permanent,2021-06-25,,Active,25600000,2.4,4.1,5428
2305,"Lanjar Natsir, S.Sos",Female,4,Junior,Medan,Permanent,2024-09-01,,Active,15750000,3.5,3.4,3307
2306,Uchita Sihombing,Female,2,Senior,Remote,Contract,2018-02-17,2023-06-04,Resigned,39730000,2.9,4.3,4823
2307,Cecep Adriansyah,Male,5,Mid,Bandung,Contract,2018-09-02,,Active,19640000,3.4,4.4,5203
2308,"Queen Wijaya, M.Farm",Male,9,Lead,Yogyakarta,Probation,2021-06-07,,Active,39570000,3.1,3.9,2279
2309,Cemplunk Suartini,Male,4,Senior,Medan,Permanent,2020-04-11,,Active,39780000,4.0,4.1,1222
2310,Yessi Suryatmi,Female,6,Junior,Remote,Contract,2020-05-17,,Active,14960000,3.4,3.1,1692
2311,Manah Pratiwi,Female,6,Junior,Medan,Permanent,2020-07-21,,Active,14150000,5.0,4.5,5062
2312,Waluyo Mandasari,Female,10,Mid,Bandung,Permanent,2017-06-11,2021-04-02,Resigned,15750000,3.7,2.9,1863
2313,Gamblang Hutagalung,Male,10,Junior,Surabaya,Permanent,2015-03-07,,Active,11290000,4.4,4.4,1205
2314,Ganjaran Simanjuntak,Female,2,Junior,Medan,Permanent,2024-08-15,,Active,17850000,3.6,3.3,2884
2315,Makara Irawan,Female,4,Junior,Remote,Permanent,2020-03-14,,Active,15160000,4.8,4.1,2086
2316,"Hj. Suci Sitorus, M.M.",Female,3,Senior,Remote,Permanent,2022-01-11,,Active,46960000,3.6,3.9,1429
2317,Eman Pranowo,Male,9,Mid,Surabaya,Permanent,2019-04-26,,Active,20120000,2.3,4.0,3609
2318,Mustofa Hidayat,Female,10,Mid,Remote,Probation,2019-10-11,,Active,16930000,2.5,3.7,3052
2319,Hamima Kurniawan,Male,9,Mid,Medan,Contract,2023-11-01,,Active,15600000,3.6,3.5,5314
2320,"Ade Hardiansyah, S.Sos",Male,10,Junior,Remote,Permanent,2020-10-09,,Active,11010000,4.6,2.9,1025
2321,Uchita Andriani,Male,4,Senior,Yogyakarta,Permanent,2016-03-30,,Active,33300000,3.9,2.3,4969
2322,Tasdik Zulkarnain,Female,9,Senior,Medan,Permanent,2019-02-09,,Active,29660000,4.8,2.6,4682
2323,Keisha Tampubolon,Male,6,Mid,Bandung,Permanent,2016-07-20,,Active,22130000,4.9,2.8,4525
2324,dr. Baktianto Kuswandari,Female,1,Senior,Medan,Contract,2023-04-09,,Active,39070000,2.0,5.0,2828
2325,"Drs. Martana Prasetyo, S.E.",Male,10,Lead,Bandung,Permanent,2023-06-12,,Active,28290000,2.9,4.0,2147
2326,Belinda Firmansyah,Female,4,Senior,Surabaya,Permanent,2020-08-24,,Active,35810000,3.4,4.0,3952
2327,Ayu Simanjuntak,Female,8,Senior,Medan,Permanent,2018-11-15,,Active,33990000,2.7,3.5,4012
2328,Ciaobella Hidayanto,Male,6,Mid,Remote,Contract,2020-04-09,,Active,20840000,3.6,3.0,2764
2329,Ella Waluyo,Female,6,Junior,Remote,Probation,2020-01-26,,Active,14750000,2.7,2.6,2066
2330,Opan Hutagalung,Male,5,Lead,Yogyakarta,Permanent,2017-02-10,,Active,40720000,2.9,3.3,5203
2331,R. Gandi Riyanti,Female,2,Manager,Jakarta,Permanent,2017-01-02,,Active,76300000,1.4,5.0,3603
2332,Dr. Tiara Dabukke,Female,8,Junior,Yogyakarta,Permanent,2016-04-03,,Active,19060000,3.7,2.3,3789
2333,Safina Marbun,Male,5,Junior,Jakarta,Permanent,2020-11-02,,Active,16610000,3.5,3.7,2928
2334,drg. Endah Habibi,Male,6,Junior,Yogyakarta,Permanent,2020-04-25,,Active,14310000,3.9,3.3,5484
2335,Gamblang Putra,Male,5,Senior,Jakarta,Contract,2018-04-09,,Active,35300000,4.5,5.0,3172
2336,Hasan Puspasari,Male,2,Senior,Remote,Permanent,2024-05-12,,Active,39700000,5.0,3.2,3735
2337,"Titi Namaga, S.T.",Female,9,Senior,Surabaya,Permanent,2022-05-09,,Active,31480000,3.6,3.8,1092
2338,"Eko Salahudin, S.H.",Female,1,Mid,Bandung,Contract,2020-02-19,,Active,28060000,3.9,4.0,2603
2339,Asirwanda Wijaya,Female,8,Senior,Bandung,Permanent,2016-12-04,,Active,34580000,3.3,4.2,3101
2340,Drs. Zaenab Lestari,Female,5,Junior,Bandung,Permanent,2023-08-19,,Active,13890000,3.0,2.8,4182
2341,Asmadi Tarihoran,Female,9,Junior,Bandung,Permanent,2016-11-12,,Active,14160000,2.7,3.2,2079
2342,Irsad Irawan,Female,10,Manager,Remote,Permanent,2017-01-16,,Active,39930000,4.2,3.2,4732
2343,Yuni Wijayanti,Male,5,Junior,Jakarta,Probation,2016-10-22,,Active,17170000,3.0,3.2,2767
2344,"Limar Kuswandari, S.Kom",Male,3,Senior,Bandung,Permanent,2019-12-11,,Active,47460000,3.2,1.4,5171
2345,Akarsana Putra,Male,10,Senior,Surabaya,Permanent,2022-06-19,,Active,21720000,4.3,3.6,1795
2346,Makuta Siregar,Female,2,Lead,Medan,Permanent,2021-01-20,,Active,62710000,2.5,3.8,1757
2347,Jasmani Latupono,Male,9,Mid,Bandung,Probation,2019-07-16,,Active,19880000,3.1,4.1,2413
2348,Violet Widodo,Female,8,Mid,Medan,Permanent,2016-10-01,2023-05-15,Resigned,28080000,4.7,2.9,4679
2349,Nurul Wijayanti,Female,1,Senior,Medan,Permanent,2020-04-25,,Active,40120000,2.3,3.5,1471
2350,Cornelia Yuniar,Female,9,Manager,Remote,Permanent,2018-10-19,,Active,51770000,2.5,2.5,5466
2351,dr. Cengkal Uwais,Male,7,Mid,Jakarta,Permanent,2016-07-25,,Active,17780000,4.4,4.0,2112
2352,Kartika Nashiruddin,Female,10,Manager,Yogyakarta,Permanent,2021-12-04,,Active,44220000,2.9,3.0,2147
2353,Aurora Saptono,Female,7,Intern,Bandung,Permanent,2015-08-14,,Active,5910000,4.0,4.1,3632
2354,Nadia Saptono,Male,9,Senior,Surabaya,Permanent,2023-10-06,,Active,25870000,2.0,3.0,3442
2355,Raihan Santoso,Male,9,Mid,Remote,Permanent,2021-01-14,,Active,18820000,4.3,3.6,3781
2356,Cut Eka Widiastuti,Male,7,Junior,Yogyakarta,Permanent,2020-09-27,,Active,11860000,1.0,3.1,2808
2357,Bakiadi Winarsih,Male,1,Junior,Bandung,Permanent,2022-06-24,,Active,16920000,3.2,2.3,4067
2358,Yani Namaga,Female,2,Mid,Jakarta,Permanent,2019-02-23,,Active,25960000,4.0,3.2,1207
2359,Usyi Rahmawati,Female,10,Senior,Medan,Permanent,2018-06-15,,Active,24510000,4.0,4.1,2846
2360,Kadir Halim,Female,1,Mid,Yogyakarta,Permanent,2023-04-26,,Active,29160000,3.3,3.6,4286
2361,"drg. Yuliana Nurdiyanti, S.Farm",Female,10,Junior,Bandung,Contract,2023-03-04,,Active,11140000,4.7,4.3,1445
2362,Ir. Sakti Kusmawati,Male,10,Junior,Yogyakarta,Probation,2016-08-11,,Active,13000000,3.8,2.9,3198
2363,R.A. Nabila Salahudin,Female,9,Junior,Medan,Permanent,2015-09-28,,Active,14970000,4.6,4.4,3756
2364,Harto Firmansyah,Male,7,Intern,Surabaya,Permanent,2015-01-28,,Active,6160000,3.1,2.3,3470
2365,Drs. Umay Maryati,Female,4,Junior,Bandung,Permanent,2022-12-19,,Active,17630000,3.2,4.2,3978
2366,"Drs. Murti Safitri, S.E.I",Female,9,Mid,Jakarta,Contract,2018-03-31,,Active,20160000,4.1,2.8,4287
2367,Wasis Hassanah,Female,1,Mid,Yogyakarta,Permanent,2024-05-11,,Active,31850000,3.7,3.9,1905
2368,Warta Marbun,Female,3,Junior,Bandung,Permanent,2017-07-08,2018-01-14,Resigned,23800000,4.2,3.3,1121
2369,Respati Nababan,Female,10,Mid,Surabaya,Permanent,2016-05-23,,Active,16830000,3.7,2.7,3699
2370,Artanto Anggraini,Female,10,Junior,Jakarta,Permanent,2022-09-18,,Active,11780000,4.8,3.7,1751
2371,Mahmud Fujiati,Female,4,Junior,Jakarta,Permanent,2020-07-12,,Active,15920000,4.0,4.4,2768
2372,Ridwan Utami,Female,1,Senior,Yogyakarta,Contract,2021-07-08,,Active,40660000,3.1,2.8,4150
2373,Rafid Riyanti,Female,3,Mid,Surabaya,Permanent,2022-10-14,,Active,29920000,3.7,5.0,4484
2374,Jamalia Hidayat,Male,4,Mid,Jakarta,Permanent,2024-06-24,2024-12-30,Resigned,22960000,2.7,3.6,1721
2375,Harsanto Puspita,Female,10,Junior,Surabaya,Permanent,2024-11-06,,Active,11830000,5.0,3.8,2184
2376,Puspa Simbolon,Female,1,Lead,Surabaya,Permanent,2019-01-19,,Active,54580000,4.6,3.8,4497
2377,"Tgk. Putri Haryanti, S.Ked",Female,2,Junior,Jakarta,Permanent,2020-12-09,,Active,23450000,5.0,4.5,4241
2378,"H. Leo Rahmawati, M.TI.",Male,4,Mid,Medan,Permanent,2023-07-30,2024-04-20,Resigned,21970000,3.8,3.5,2321
2379,"dr. Balidin Agustina, S.E.I",Female,7,Senior,Surabaya,Permanent,2024-04-09,,Active,24230000,4.3,3.6,1764
2380,Kasim Rahmawati,Female,7,Mid,Surabaya,Contract,2016-01-28,,Active,17870000,1.9,3.0,1804
2381,Puti Cici Pratiwi,Male,2,Mid,Surabaya,Permanent,2016-07-14,,Active,29650000,3.8,3.8,4289
2382,"R. Panji Suwarno, M.Pd",Female,3,Manager,Bandung,Permanent,2018-10-25,,Active,65120000,3.5,2.3,1068
2383,Laras Saptono,Male,10,Junior,Bandung,Contract,2020-08-23,,Active,13350000,3.6,3.9,1844
2384,Safina Laksita,Male,7,Lead,Jakarta,Permanent,2019-09-06,,Active,32630000,5.0,3.1,4476
2385,Ir. Nabila Firgantoro,Male,10,Junior,Surabaya,Permanent,2015-03-13,,Active,11960000,3.1,2.6,1958
2386,Enteng Waskita,Male,9,Mid,Medan,Permanent,2024-02-29,,Active,17320000,4.5,3.3,3756
2387,Lasmanto Sudiati,Female,4,Junior,Jakarta,Permanent,2016-12-06,,Active,19140000,3.4,3.2,1337
2388,"Marsito Wacana, S.Gz",Male,7,Senior,Remote,Permanent,2017-06-29,2019-08-01,Resigned,22110000,3.6,3.2,4158
2389,Julia Prakasa,Male,8,Senior,Yogyakarta,Permanent,2017-05-09,2018-09-22,Resigned,35620000,2.5,1.8,2664
2390,Panca Kusmawati,Male,5,Mid,Yogyakarta,Permanent,2015-11-15,2021-10-17,Resigned,21390000,2.6,3.6,2610
2391,Kasiyah Damanik,Male,9,Senior,Medan,Permanent,2015-05-15,,Active,26360000,3.9,2.8,4518
2392,Yuliana Sihombing,Female,6,Senior,Jakarta,Permanent,2016-05-02,,Active,32180000,4.7,3.0,1939
2393,Indah Lestari,Male,3,Junior,Medan,Permanent,2023-06-18,2024-02-16,Resigned,18260000,3.0,5.0,2800
2394,"Hj. Cinthia Pradana, S.E.I",Male,4,Mid,Jakarta,Permanent,2017-01-26,,Active,27240000,3.5,4.6,5111
2395,Uli Handayani,Female,3,Mid,Bandung,Contract,2021-07-02,,Active,27550000,3.5,4.8,2570
2396,"Tgk. Embuh Agustina, M.Ak",Male,1,Mid,Jakarta,Contract,2020-08-30,,Active,28470000,4.9,3.5,4150
2397,"Bakidin Nainggolan, M.M.",Male,2,Senior,Bandung,Probation,2020-12-06,,Active,42000000,3.4,4.1,2602
2398,Vino Wasita,Male,3,Senior,Remote,Permanent,2023-06-16,,Active,43180000,3.0,2.6,3073
2399,"Nova Maryati, S.I.Kom",Male,8,Senior,Yogyakarta,Permanent,2020-08-27,,Active,33150000,4.1,3.1,4711
2400,"Cut Oliva Manullang, S.Pt",Male,1,Mid,Jakarta,Permanent,2019-12-06,,Active,27100000,4.9,3.2,1355
2401,Titin Mayasari,Female,2,Junior,Medan,Permanent,2019-04-04,,Active,20050000,3.9,4.8,2518
2402,Diana Novitasari,Male,10,Junior,Jakarta,Permanent,2023-07-16,,Active,11590000,3.3,4.0,1828
2403,Cut Ellis Nababan,Male,8,Senior,Remote,Permanent,2020-07-23,,Active,32370000,3.8,4.3,4012
2404,"R.A. Zalindra Hakim, S.H.",Male,4,Senior,Jakarta,Permanent,2015-12-03,,Active,33850000,3.4,4.6,3345
2405,Jaga Hardiansyah,Female,1,Junior,Remote,Probation,2021-09-25,,Active,18850000,4.2,3.3,2106
2406,Tiara Napitupulu,Female,1,Intern,Surabaya,Probation,2017-07-14,,Active,11080000,2.8,3.7,2172
2407,Kartika Hariyah,Female,3,Junior,Yogyakarta,Probation,2017-02-12,,Active,20160000,3.1,3.6,3535
2408,dr. Makara Maheswara,Female,3,Mid,Remote,Permanent,2017-01-04,2023-01-06,Resigned,33310000,2.7,3.0,2316
2409,"Among Permadi, S.I.Kom",Female,7,Mid,Jakarta,Permanent,2020-11-10,,Active,18580000,4.1,3.5,5494
2410,Rina Hassanah,Female,4,Junior,Jakarta,Permanent,2019-06-29,,Active,16310000,5.0,2.7,3772
2411,Yosef Kusmawati,Male,7,Lead,Bandung,Permanent,2015-09-23,,Active,36060000,3.4,3.3,4815
2412,Drs. Kamaria Situmorang,Female,10,Mid,Yogyakarta,Permanent,2016-05-17,,Active,17450000,3.3,4.1,5354
2413,Raihan Rajata,Female,9,Senior,Medan,Permanent,2023-07-30,,Active,24610000,4.6,3.8,5095
2414,"Yance Iswahyudi, S.Pd",Female,8,Head,Medan,Probation,2018-12-29,,Active,73330000,4.4,4.1,
2415,Harsana Hardiansyah,Female,3,Mid,Yogyakarta,Permanent,2020-09-25,,Active,26460000,4.2,2.5,1793
2416,Sabar Pertiwi,Female,4,Senior,Remote,Probation,2020-06-27,,Active,36190000,4.4,3.3,2866
2417,"Sutan Sabri Prasetya, S.H.",Male,2,Senior,Jakarta,Permanent,2016-02-12,,Active,46880000,3.0,4.8,3770
2418,"Danang Santoso, S.Farm",Male,8,Mid,Remote,Permanent,2017-01-03,,Active,27710000,2.4,3.5,5054
2419,Dt. Saka Zulaika,Female,7,Senior,Jakarta,Permanent,2021-12-22,,Active,23220000,4.4,4.3,1804
2420,Jasmani Mustofa,Female,7,Senior,Surabaya,Permanent,2023-11-22,,Active,19290000,2.8,3.8,2736
2421,"Cawuk Rahimah, S.Ked",Female,10,Junior,Surabaya,Contract,2020-08-29,,Active,11200000,3.1,4.0,1159
2422,Dono Sudiati,Male,1,Intern,Jakarta,Permanent,2023-07-27,2024-08-30,Resigned,9640000,1.8,4.4,1557
2423,"T. Narji Yuniar, S.T.",Female,6,Mid,Yogyakarta,Permanent,2024-07-25,,Active,18650000,3.6,3.5,5009
2424,Keisha Tampubolon,Male,6,Junior,Surabaya,Contract,2021-03-30,,Active,14400000,3.6,3.1,2799
2425,Hafshah Pratama,Male,4,Junior,Surabaya,Permanent,2020-07-06,,Active,17370000,4.5,4.2,4295
2426,Ilsa Wastuti,Female,9,Mid,Remote,Permanent,2023-07-27,2024-09-30,Resigned,19190000,3.5,3.4,1153
2427,Drs. Hasta Padmasari,Female,7,Mid,Bandung,Permanent,2020-05-03,,Active,14580000,4.7,4.7,1254
2428,Adiarja Melani,Female,2,Senior,Yogyakarta,Permanent,2017-12-14,,Active,34520000,4.1,4.3,4241
2429,"Saiful Wahyudin, M.Pd",Female,2,Senior,Surabaya,Permanent,2023-08-06,,Active,41920000,2.4,3.6,3378
2430,"Legawa Sudiati, S.Pd",Male,4,Junior,Surabaya,Contract,2016-06-09,,Active,16040000,4.4,2.9,2193
2431,Silvia Kurniawan,Male,5,Mid,Surabaya,Permanent,2023-08-01,,Active,21040000,3.4,2.1,4602
2432,Bella Sirait,Female,4,Mid,Yogyakarta,Permanent,2018-11-14,,Active,25590000,3.4,2.3,1103
2433,Suci Simbolon,Male,1,Manager,Surabaya,Permanent,2017-10-11,,Active,76360000,3.8,2.9,1020
2434,"Tgk. Hana Yolanda, S.Pd",Male,2,Mid,Surabaya,Permanent,2024-09-29,,Active,25920000,4.2,3.3,4312
2435,Cakrawala Maryati,Female,5,Junior,Yogyakarta,Permanent,2015-06-03,,Active,15250000,4.2,3.2,5347
2436,"Sutan Uda Hakim, M.Ak",Female,10,Senior,Medan,Permanent,2017-12-28,2023-10-01,Resigned,26960000,3.2,3.9,4732
2437,Salimah Simanjuntak,Female,8,Junior,Surabaya,Permanent,2019-03-28,,Active,15940000,2.3,3.1,1088
2438,"Cahyono Dongoran, M.Kom.",Female,1,Senior,Bandung,Permanent,2016-02-14,,Active,50300000,2.4,3.5,4225
2439,Hana Andriani,Female,9,Junior,Surabaya,Probation,2016-11-13,,Active,13390000,4.4,2.7,3756
2440,Kayla Firgantoro,Male,9,Mid,Jakarta,Contract,2020-07-28,,Active,17710000,1.8,3.3,4143
2441,Ir. Yulia Nainggolan,Male,4,Mid,Surabaya,Probation,2018-03-23,,Active,26270000,2.4,3.5,4969
2442,Tari Prasetya,Female,10,Lead,Remote,Contract,2024-01-09,2024-07-30,Resigned,31680000,3.6,2.6,2352
2443,"Kasusra Uyainah, M.Kom.",Male,1,Mid,Jakarta,Permanent,2021-08-21,,Active,26080000,3.5,3.5,1020
2444,"Gatot Mayasari, S.Pd",Female,4,Mid,Jakarta,Permanent,2019-10-16,,Active,24650000,3.9,3.2,3148
2445,"R. Zaenab Wahyuni, M.Pd",Female,8,Mid,Yogyakarta,Permanent,2020-08-29,,Active,21230000,3.7,3.8,2596
2446,Emil Kuswoyo,Female,9,Junior,Surabaya,Permanent,2017-03-30,,Active,16810000,2.6,3.8,4611
2447,Dian Rajata,Female,4,Junior,Bandung,Contract,2022-07-13,,Active,17760000,2.7,2.5,2481
2448,"Yani Purwanti, S.E.",Male,2,Mid,Remote,Probation,2021-06-20,,Active,27640000,3.4,3.8,5070
2449,"Uda Sitorus, S.Pt",Female,8,Senior,Medan,Contract,2018-01-02,,Active,33160000,1.7,3.1,4012
2450,Garang Prasetyo,Female,5,Mid,Jakarta,Permanent,2021-05-07,,Active,19800000,4.3,3.1,3811
2451,"Ina Andriani, S.Psi",Female,6,Senior,Remote,Permanent,2020-03-09,2021-07-10,Resigned,28640000,2.5,3.3,2687
2452,Hana Padmasari,Female,3,Junior,Surabaya,Contract,2024-06-19,,Active,21300000,4.3,4.1,4010
2453,Malika Lazuardi,Male,4,Senior,Yogyakarta,Permanent,2022-02-09,,Active,33260000,4.1,3.4,2256
2454,Anastasia Usada,Female,6,Senior,Remote,Permanent,2022-03-31,,Active,32470000,3.0,2.9,3279
2455,Ir. Raina Hidayanto,Female,9,Lead,Bandung,Permanent,2017-09-03,,Active,44790000,3.0,3.0,1701
2456,Febi Mardhiyah,Female,3,Manager,Yogyakarta,Permanent,2020-03-16,,Active,70250000,1.1,3.7,2002
2457,Taswir Zulaika,Male,9,Senior,Bandung,Permanent,2017-04-07,,Active,27870000,3.9,3.0,1965
2458,Paris Salahudin,Female,10,Junior,Remote,Contract,2022-05-21,,Active,11360000,5.0,3.7,4412
2459,Anastasia Maryadi,Female,6,Mid,Surabaya,Permanent,2023-10-10,2024-05-19,Resigned,15960000,4.7,1.8,2243
2460,Daliono Siregar,Male,10,Mid,Remote,Permanent,2019-07-26,,Active,15790000,4.4,3.7,1675
2461,Qori Haryanti,Male,10,Senior,Remote,Contract,2019-06-14,,Active,24770000,3.5,2.9,4619
2462,Galih Najmudin,Male,3,Junior,Medan,Probation,2016-04-03,,Active,22130000,3.2,3.9,5069
2463,"R. Jinawi Sitorus, S.E.",Female,7,Junior,Bandung,Permanent,2020-07-26,,Active,11070000,1.8,4.0,5018
2464,Siska Hakim,Female,3,Junior,Remote,Permanent,2018-09-10,,Active,18360000,4.8,4.2,2938
2465,Jabal Saefullah,Male,10,Lead,Jakarta,Permanent,2019-09-29,,Active,35860000,3.2,4.0,2013
2466,Prabawa Narpati,Female,4,Mid,Medan,Permanent,2019-12-06,,Active,25500000,3.4,3.2,3041
2467,R. Nurul Irawan,Female,7,Junior,Surabaya,Permanent,2022-11-05,,Active,10850000,4.2,4.0,2128
2468,Luwes Fujiati,Female,2,Senior,Surabaya,Contract,2022-08-28,,Active,39090000,4.7,3.0,1716
2469,"Ikhsan Waskita, S.Farm",Male,2,Senior,Surabaya,Contract,2019-01-26,,Active,39770000,3.7,2.6,3490
2470,Kiandra Ardianto,Male,4,Intern,Medan,Permanent,2022-03-28,,Active,7840000,2.8,3.1,4193
2471,Kasusra Pangestu,Male,9,Mid,Remote,Permanent,2022-09-30,,Active,18610000,3.6,4.8,5321
2472,"Kasiyah Budiman, S.Psi",Female,5,Junior,Remote,Permanent,2018-06-20,,Active,14040000,3.3,3.1,3958
2473,"Dr. Dadap Budiyanto, S.Ked",Male,5,Mid,Yogyakarta,Permanent,2020-12-30,,Active,20250000,2.5,3.4,1297
2474,"Oskar Prayoga, S.H.",Female,10,Lead,Bandung,Permanent,2017-11-12,,Active,33580000,2.8,3.5,2951
2475,"Jelita Saragih, S.E.I",Male,5,Mid,Remote,Permanent,2019-12-03,,Active,22770000,3.3,2.3,1786
2476,Harjo Mardhiyah,Male,1,Junior,Yogyakarta,Permanent,2018-01-27,,Active,22750000,3.6,2.8,3874
2477,Tgk. Eli Haryanto,Female,1,Senior,Yogyakarta,Contract,2024-06-07,,Active,43500000,2.2,2.9,5256
2478,"Cut Ifa Siregar, M.M.",Male,10,Junior,Medan,Permanent,2024-03-30,2024-10-29,Resigned,12500000,4.7,2.6,3213
2479,"Putri Riyanti, M.TI.",Female,8,Junior,Medan,Permanent,2021-10-02,,Active,15810000,3.5,2.3,1674
2480,Maya Mansur,Female,2,Senior,Remote,Permanent,2022-10-18,2023-06-08,Resigned,39160000,5.0,2.9,1565
2481,Nurul Tamba,Female,4,Mid,Jakarta,Permanent,2023-11-15,,Active,21890000,5.0,2.4,2889
2482,"Sutan Catur Waskita, S.Ked",Female,8,Mid,Jakarta,Permanent,2018-07-09,,Active,22420000,3.5,3.9,2859
2483,Darmana Mustofa,Male,3,Junior,Yogyakarta,Contract,2024-07-01,,Active,18890000,4.5,3.7,2926
2484,Oskar Damanik,Female,10,Mid,Remote,Permanent,2020-01-24,,Active,16940000,2.8,3.1,4692
2485,Drs. Ella Maheswara,Male,9,Mid,Surabaya,Contract,2022-09-16,,Active,18170000,5.0,4.1,1317
2486,Tania Yulianti,Male,5,Mid,Bandung,Permanent,2015-12-12,,Active,24920000,3.5,5.0,2162
2487,"Dt. Harimurti Uyainah, S.T.",Female,5,Intern,Bandung,Permanent,2024-05-11,,Active,7610000,2.2,2.8,4277
2488,"Dr. Leo Hardiansyah, M.Ak",Male,8,Intern,Remote,Permanent,2021-04-06,,Active,7760000,3.3,4.1,1225
2489,Mitra Kurniawan,Male,10,Junior,Bandung,Permanent,2020-03-09,2024-08-11,Resigned,12690000,3.3,2.3,3446
2490,"Raihan Damanik, S.Gz",Female,1,Mid,Jakarta,Probation,2021-09-25,,Active,28530000,3.3,3.0,3541
2491,"Calista Agustina, M.M.",Male,10,Junior,Yogyakarta,Permanent,2021-05-12,2024-10-19,Resigned,13290000,3.8,2.4,5300
2492,Dewi Pudjiastuti,Female,6,Senior,Jakarta,Permanent,2024-04-11,,Active,29040000,3.6,4.0,2250
2493,Nabila Mangunsong,Male,1,Junior,Surabaya,Permanent,2017-02-19,,Active,23910000,3.9,3.7,4995
2494,Marsito Usamah,Female,4,Mid,Bandung,Permanent,2019-04-14,,Active,25810000,3.7,3.8,1202
2495,Gada Andriani,Female,2,Manager,Yogyakarta,Permanent,2023-02-24,,Active,65710000,5.0,3.1,3603
2496,"Baktianto Wijayanti, M.TI.",Male,9,Mid,Surabaya,Permanent,2015-04-28,,Active,20160000,2.4,3.2,5474
2497,Sarah Sudiati,Female,10,Mid,Remote,Permanent,2017-10-14,,Active,18110000,4.7,4.2,4836
2498,"Dina Andriani, S.IP",Male,10,Mid,Surabaya,Probation,2015-02-12,,Active,20140000,3.9,4.4,2700
2499,H. Lasmanto Lazuardi,Female,6,Intern,Remote,Permanent,2022-09-14,2024-04-08,Resigned,7410000,2.7,4.1,4968
2500,Calista Kurniawan,Female,7,Mid,Jakarta,Permanent,2015-10-27,2016-12-20,Resigned,16190000,3.6,3.4,5305
2501,Faizah Sudiati,Male,5,Mid,Medan,Probation,2020-04-12,,Active,21600000,3.7,2.4,4164
2502,Prayogo Saptono,Male,5,Junior,Medan,Permanent,2015-01-22,,Active,17830000,3.7,3.0,5319
2503,"Drs. Farah Tamba, S.Farm",Female,3,Senior,Medan,Permanent,2022-07-12,,Active,42610000,3.7,3.7,2267
2504,Elisa Gunarto,Male,8,Mid,Surabaya,Contract,2017-12-02,2023-12-09,Resigned,24080000,2.8,3.6,5194
2505,drg. Viktor Pranowo,Male,8,Senior,Medan,Permanent,2016-01-03,,Active,33430000,3.7,3.2,2814
2506,"Novi Sitompul, S.H.",Female,2,Intern,Bandung,Permanent,2016-04-23,,Active,12290000,3.5,3.7,3399
2507,Adinata Winarsih,Female,9,Junior,Yogyakarta,Permanent,2023-05-22,,Active,11600000,4.0,3.5,2527
2508,Umaya Kusumo,Female,5,Mid,Surabaya,Permanent,2021-11-15,,Active,21870000,3.4,3.5,4576
2509,"Ir. Salsabila Lailasari, S.E.I",Female,7,Junior,Yogyakarta,Permanent,2016-11-06,,Active,12240000,3.9,3.3,2419
2510,Purwadi Melani,Male,8,Junior,Remote,Permanent,2021-03-26,,Active,14340000,2.6,3.9,5371
2511,Nyoman Januar,Female,3,Lead,Jakarta,Permanent,2015-08-06,,Active,53110000,5.0,2.7,4490
2512,Syahrini Pradipta,Male,7,Mid,Remote,Permanent,2020-04-10,,Active,16560000,3.8,3.9,1441
2513,Ida Saptono,Male,8,Senior,Remote,Permanent,2020-07-20,2023-01-16,Resigned,29810000,3.7,4.2,4174
2514,Alika Januar,Female,5,Lead,Jakarta,Permanent,2020-07-12,2021-11-07,Resigned,35140000,4.0,2.7,1884
2515,"R. Azalea Siregar, S.I.Kom",Male,8,Mid,Bandung,Permanent,2024-09-26,,Active,21120000,2.7,3.6,2947
2516,"Ir. Galar Aryani, S.IP",Female,4,Junior,Medan,Permanent,2021-04-26,,Active,16700000,4.2,3.5,4018
2517,Soleh Gunawan,Male,3,Junior,Bandung,Permanent,2020-11-24,,Active,21810000,4.7,4.3,3209
2518,Simon Mandala,Male,2,Mid,Remote,Permanent,2017-10-05,,Active,30910000,2.4,2.3,3007
2519,"Marsudi Narpati, S.Psi",Female,8,Senior,Remote,Permanent,2015-04-17,,Active,39860000,3.4,3.6,4316
2520,Maida Oktaviani,Female,10,Senior,Jakarta,Contract,2021-08-15,,Active,26040000,4.3,2.2,3989
2521,Uchita Iswahyudi,Male,1,Mid,Remote,Permanent,2015-04-29,,Active,34930000,3.8,4.2,2583
2522,Yulia Siregar,Female,3,Intern,Medan,Permanent,2022-01-17,,Active,10820000,4.0,3.1,4159
2523,Balijan Wacana,Female,5,Mid,Yogyakarta,Permanent,2015-06-29,,Active,20890000,4.8,4.3,1984
2524,Mutia Saputra,Male,8,Lead,Remote,Permanent,2017-05-15,,Active,40190000,3.6,2.5,4846
2525,"drg. Shakila Kuswandari, S.Farm",Male,6,Junior,Yogyakarta,Permanent,2023-05-05,2024-09-04,Resigned,15080000,3.2,4.3,1597
2526,"Timbul Marbun, S.IP",Female,9,Lead,Yogyakarta,Permanent,2016-12-30,,Active,38630000,3.8,3.6,4634
2527,Mursinin Halim,Male,9,Manager,Yogyakarta,Permanent,2016-10-29,,Active,56060000,3.4,4.7,1153
2528,"R. Ciaobella Agustina, M.Farm",Male,9,Mid,Yogyakarta,Permanent,2016-05-08,,Active,19320000,3.3,4.2,4049
2529,Wani Purnawati,Female,4,Lead,Surabaya,Permanent,2022-09-06,,Active,39400000,2.9,3.9,1830
2530,"Ismail Najmudin, M.Ak",Female,2,Junior,Yogyakarta,Contract,2020-09-30,,Active,19360000,2.8,3.4,4672
2531,Victoria Tamba,Female,1,Mid,Yogyakarta,Permanent,2018-01-04,,Active,34410000,5.0,2.6,3734
2532,Cut Zelda Mustofa,Female,1,Mid,Bandung,Permanent,2024-02-04,,Active,28250000,3.3,4.5,3860
2533,Nova Kusumo,Female,9,Junior,Yogyakarta,Permanent,2016-01-16,2020-05-13,Resigned,15580000,2.4,3.6,5185
2534,Maida Gunawan,Male,2,Junior,Remote,Permanent,2020-07-21,,Active,15980000,3.9,2.8,2576
2535,Elon Yolanda,Female,2,Mid,Yogyakarta,Permanent,2020-04-01,,Active,30540000,2.8,3.1,4963
2536,Amalia Wastuti,Male,1,Mid,Bandung,Permanent,2022-09-03,,Active,31020000,3.3,4.1,2854
2537,KH. Paiman Permata,Female,8,Mid,Jakarta,Permanent,2021-05-17,2022-04-18,Resigned,21000000,4.0,3.7,3721
2538,"Padmi Prasetyo, S.Psi",Female,5,Junior,Remote,Permanent,2019-08-19,2023-10-30,Resigned,16150000,2.8,4.0,2229
2539,Dr. Malik Safitri,Female,1,Senior,Jakarta,Permanent,2018-12-26,,Active,45950000,4.5,3.5,4982
2540,Ian Wijayanti,Male,1,Senior,Yogyakarta,Permanent,2016-04-11,,Active,50680000,3.6,3.9,4807
2541,"Hilda Laksmiwati, S.I.Kom",Male,6,Junior,Jakarta,Permanent,2024-06-14,,Active,11400000,2.6,3.2,4307
2542,"Murti Yuniar, S.Sos",Female,8,Junior,Yogyakarta,Permanent,2018-07-09,,Active,15510000,4.6,2.3,1698
2543,Salman Puspita,Female,3,Mid,Surabaya,Probation,2021-12-30,,Active,28770000,4.4,4.1,3571
2544,Cut Ajeng Yuniar,Male,9,Mid,Remote,Probation,2017-05-14,,Active,20410000,2.9,4.9,2748
2545,Johan Halimah,Female,7,Senior,Yogyakarta,Permanent,2024-10-10,,Active,22320000,4.6,1.8,3169
2546,"Dr. Eli Hutagalung, M.Kom.",Male,9,Head,Remote,Permanent,2019-06-06,2020-11-18,Resigned,60220000,3.6,3.0,
2547,Halima Sitompul,Female,5,Senior,Remote,Permanent,2024-09-28,,Active,28750000,3.0,3.5,1967
2548,Alika Mayasari,Female,1,Junior,Medan,Permanent,2018-05-25,,Active,21690000,3.9,3.6,1921
2549,Kunthara Yuniar,Female,8,Junior,Bandung,Permanent,2024-01-09,,Active,14390000,2.9,3.0,4844
2550,Latika Prakasa,Male,3,Mid,Remote,Probation,2016-04-03,,Active,32540000,4.5,3.4,4761
2551,Jagaraga Handayani,Male,2,Mid,Bandung,Permanent,2017-05-07,,Active,25860000,4.8,3.3,4635
2552,"Drs. Ikin Irawan, M.Kom.",Female,5,Mid,Medan,Permanent,2024-06-11,,Active,20000000,3.1,3.1,4687
2553,Iriana Lazuardi,Female,4,Mid,Yogyakarta,Permanent,2023-08-19,,Active,23180000,2.5,4.2,2663
2554,Uli Yolanda,Male,1,Mid,Remote,Permanent,2016-11-11,,Active,35190000,3.9,2.8,4770
2555,Baktiono Waskita,Female,7,Mid,Medan,Permanent,2020-04-15,2023-04-20,Resigned,16000000,2.9,4.4,2897
2556,Ani Puspita,Female,5,Senior,Yogyakarta,Permanent,2021-05-21,,Active,31030000,2.8,1.0,2738
2557,Dt. Rudi Iswahyudi,Male,2,Lead,Remote,Permanent,2016-02-25,,Active,57520000,5.0,4.6,1757
2558,"Drs. Yoga Safitri, S.Pd",Female,2,Senior,Medan,Permanent,2024-07-07,,Active,42430000,3.9,4.3,4828
2559,Dr. Danang Yolanda,Female,6,Mid,Yogyakarta,Permanent,2015-06-01,,Active,24100000,4.8,4.2,3237
2560,"Jaga Siregar, S.I.Kom",Female,5,Junior,Medan,Permanent,2017-08-07,,Active,16740000,3.3,3.9,2126
2561,"Cut Yuliana Prasetyo, M.M.",Female,9,Junior,Yogyakarta,Permanent,2021-03-16,2024-01-14,Resigned,13050000,4.1,2.8,4239
2562,Putri Safitri,Female,10,Mid,Jakarta,Permanent,2020-01-11,,Active,16510000,3.7,5.0,1491
2563,Dr. Tina Wahyuni,Male,8,Junior,Bandung,Permanent,2020-04-06,,Active,15290000,2.2,2.8,2772
2564,Tina Hartati,Female,9,Mid,Remote,Permanent,2021-10-02,,Active,16790000,2.7,3.6,5170
2565,Bakti Wahyuni,Male,3,Senior,Remote,Permanent,2024-11-26,,Active,43270000,5.0,3.5,4989
2566,Ade Siregar,Female,5,Lead,Remote,Permanent,2024-05-05,,Active,38760000,3.1,4.0,3201
2567,Yance Usada,Female,6,Senior,Bandung,Permanent,2023-12-20,,Active,31790000,3.5,3.0,1078
2568,"T. Kuncara Nurdiyanti, S.I.Kom",Female,3,Mid,Remote,Permanent,2022-09-30,,Active,32440000,2.6,3.1,2382
2569,"Cici Gunawan, S.E.",Male,1,Mid,Yogyakarta,Permanent,2017-03-28,,Active,31670000,4.0,4.5,4708
2570,Dina Wasita,Female,3,Senior,Bandung,Permanent,2020-07-15,,Active,39120000,5.0,3.6,5480
2571,Dodo Suryatmi,Male,6,Mid,Surabaya,Permanent,2019-01-09,,Active,21370000,3.2,5.0,3008
2572,Dacin Lazuardi,Male,5,Lead,Medan,Permanent,2024-04-14,,Active,35650000,4.2,2.2,4889
2573,"drg. Gasti Haryanti, S.Kom",Male,5,Junior,Medan,Permanent,2018-10-15,,Active,16390000,4.4,3.4,3848
2574,"Jessica Kurniawan, S.Farm",Male,3,Senior,Surabaya,Contract,2020-06-15,,Active,44390000,3.1,3.8,3776
2575,Wira Usada,Male,8,Senior,Surabaya,Contract,2023-08-21,,Active,32570000,4.2,4.5,4844
2576,"Hj. Rini Maheswara, M.M.",Male,2,Mid,Yogyakarta,Probation,2022-12-03,2024-08-22,Resigned,29290000,4.3,3.9,2397
2577,Sakura Rahmawati,Male,5,Junior,Medan,Contract,2016-03-09,,Active,17420000,3.4,3.5,2126
2578,R.M. Yoga Mandasari,Male,7,Junior,Medan,Permanent,2024-03-27,,Active,10850000,4.7,3.7,4476
2579,Karta Hardiansyah,Male,5,Senior,Surabaya,Permanent,2024-10-07,,Active,30100000,4.8,2.9,5288
2580,dr. Salman Padmasari,Female,5,Mid,Medan,Permanent,2022-12-10,,Active,22270000,4.4,4.4,4954
2581,Oni Nugroho,Male,10,Junior,Surabaya,Contract,2016-09-23,,Active,10750000,3.0,3.1,2436
2582,"Ratna Natsir, S.E.I",Male,1,Junior,Yogyakarta,Permanent,2024-07-07,,Active,19490000,3.6,3.1,3538
2583,Harsanto Wahyuni,Male,1,Lead,Yogyakarta,Permanent,2017-10-01,,Active,64710000,3.5,4.9,2805
2584,Ir. Janet Mayasari,Male,5,Junior,Remote,Permanent,2015-12-16,,Active,16390000,2.3,3.3,5032
2585,Lili Sudiati,Female,7,Mid,Bandung,Permanent,2022-01-22,,Active,15560000,3.5,3.3,4163
2586,"Vanesa Prayoga, S.T.",Female,6,Senior,Yogyakarta,Permanent,2023-10-30,,Active,26720000,5.0,3.2,4643
2587,Jasmin Sihombing,Female,1,Senior,Medan,Contract,2020-02-23,,Active,38570000,3.8,3.4,3541
2588,Yani Mansur,Female,7,Junior,Jakarta,Permanent,2015-05-02,,Active,13980000,4.5,3.9,1441
2589,Hendri Suartini,Male,8,Junior,Yogyakarta,Probation,2015-12-14,,Active,17020000,3.0,2.9,1509
2590,"Ulva Mulyani, S.Pd",Male,1,Mid,Jakarta,Permanent,2019-11-13,2024-08-12,Resigned,30850000,3.8,5.0,1086
2591,"Drs. Zelda Sihotang, M.Pd",Male,7,Mid,Surabaya,Permanent,2021-06-11,2024-11-06,Resigned,15510000,3.1,3.7,1887
2592,"Darimin Pangestu, S.Kom",Female,7,Junior,Surabaya,Permanent,2023-02-03,,Active,10390000,4.6,3.8,3436
2593,Tgk. Silvia Situmorang,Female,3,Senior,Bandung,Permanent,2020-12-01,,Active,46310000,3.5,3.5,3069
2594,"Cahyadi Yulianti, S.E.",Female,4,Mid,Medan,Permanent,2022-03-22,,Active,23730000,3.6,4.1,3557
2595,Dr. Marsito Uyainah,Female,3,Mid,Remote,Permanent,2022-10-27,,Active,26920000,3.7,2.5,4761
2596,Titin Latupono,Male,8,Senior,Jakarta,Permanent,2024-11-17,,Active,35440000,4.2,2.1,4529
2597,"Tgk. Kanda Kuswandari, M.Farm",Female,8,Mid,Bandung,Permanent,2023-02-18,,Active,22310000,3.8,5.0,4510
2598,Hj. Titin Agustina,Female,2,Junior,Surabaya,Permanent,2017-05-25,2024-01-29,Resigned,19660000,3.5,3.9,2892
2599,"Pangeran Nasyidah, S.Pd",Male,5,Mid,Medan,Permanent,2015-04-06,2024-09-07,Resigned,24230000,4.4,3.1,5203
2600,"drg. Yani Budiman, M.TI.",Male,9,Mid,Remote,Permanent,2024-05-01,,Active,17900000,4.2,2.1,2079
2601,Ajiono Wibowo,Male,8,Junior,Surabaya,Permanent,2023-03-18,2024-03-22,Resigned,14200000,4.2,4.0,2887
2602,Asmadi Winarsih,Female,2,Manager,Remote,Probation,2016-05-22,,Active,77600000,5.0,3.9,3603
2603,Daliono Santoso,Female,1,Senior,Jakarta,Permanent,2018-05-05,,Active,49830000,4.3,3.1,4807
2604,"KH. Caraka Suwarno, S.T.",Male,9,Mid,Medan,Permanent,2024-01-12,,Active,16400000,3.5,4.3,3049
2605,Salman Halim,Male,9,Mid,Remote,Contract,2018-12-05,,Active,19500000,3.3,2.2,5095
2606,"Violet Sihombing, S.Kom",Male,6,Junior,Remote,Permanent,2023-01-04,,Active,14810000,2.2,3.0,1742
2607,"Dr. Anggabaya Tamba, M.M.",Female,1,Junior,Surabaya,Permanent,2020-10-16,,Active,19460000,3.1,2.9,4122
2608,Latif Wulandari,Male,6,Mid,Yogyakarta,Permanent,2022-12-24,,Active,17800000,2.8,3.2,5168
2609,"Putri Prasetyo, M.Pd",Male,10,Mid,Yogyakarta,Permanent,2019-10-07,,Active,17090000,2.9,2.9,1844
2610,Gilda Melani,Male,5,Lead,Yogyakarta,Permanent,2019-02-21,,Active,44650000,3.9,3.6,5219
2611,"KH. Raditya Suwarno, S.Gz",Female,8,Senior,Yogyakarta,Permanent,2024-10-11,,Active,31620000,5.0,2.3,1900
2612,Kayla Agustina,Female,4,Senior,Yogyakarta,Permanent,2022-09-23,,Active,33670000,2.4,4.8,2256
2613,"Ir. Galar Puspasari, S.Gz",Female,4,Mid,Bandung,Permanent,2024-03-28,2024-11-27,Resigned,24540000,3.5,5.0,5279
2614,Paiman Ramadan,Female,8,Junior,Medan,Contract,2016-06-13,,Active,16950000,4.5,3.7,4035
2615,Lukman Handayani,Male,9,Junior,Jakarta,Permanent,2022-10-15,2024-08-09,Resigned,12510000,2.6,2.6,2269
2616,"R.A. Siska Yuliarti, S.I.Kom",Female,2,Senior,Yogyakarta,Permanent,2016-05-01,,Active,37960000,1.9,4.8,2557
2617,"Drs. Kenes Suartini, S.Kom",Female,7,Lead,Medan,Permanent,2021-05-30,,Active,31280000,4.6,3.2,2200
2618,"H. Yoga Nababan, S.Pd",Female,4,Lead,Surabaya,Permanent,2018-06-02,,Active,52570000,2.8,4.7,2866
2619,Elma Zulaika,Male,6,Mid,Medan,Permanent,2023-11-15,2024-11-29,Resigned,19390000,3.2,3.7,2211
2620,Cengkir Natsir,Female,9,Senior,Remote,Permanent,2018-03-07,,Active,32520000,3.0,2.9,2816
2621,"Oliva Lazuardi, S.Sos",Male,4,Senior,Jakarta,Permanent,2021-02-20,,Active,33100000,2.3,3.0,3009
2622,Ikhsan Setiawan,Female,10,Junior,Surabaya,Contract,2021-05-06,,Active,13790000,3.1,2.5,2199
2623,T. Cager Marpaung,Female,7,Mid,Medan,Permanent,2024-05-10,,Active,14170000,2.9,2.9,3001
2624,Tgk. Agnes Sitompul,Male,6,Junior,Yogyakarta,Permanent,2020-08-29,,Active,15300000,3.4,3.0,4902
2625,Titin Mangunsong,Male,4,Senior,Jakarta,Contract,2024-09-18,,Active,30900000,5.0,3.0,2866
2626,Candra Sinaga,Female,8,Mid,Yogyakarta,Permanent,2019-05-06,,Active,24510000,2.8,3.8,1036
2627,Cut Vicky Utami,Male,1,Mid,Remote,Permanent,2022-07-09,,Active,28730000,4.4,3.9,2164
2628,Hj. Ilsa Lestari,Male,6,Mid,Jakarta,Permanent,2024-09-16,,Active,22670000,2.9,3.8,4416
2629,"Drs. Kunthara Tamba, S.Pt",Female,9,Junior,Remote,Permanent,2021-04-17,,Active,13750000,4.9,4.0,1423
2630,"H. Galiono Novitasari, S.H.",Male,5,Senior,Jakarta,Probation,2021-12-09,,Active,29570000,1.8,1.7,2856
2631,Karma Hidayat,Male,9,Mid,Jakarta,Permanent,2023-06-02,,Active,18080000,3.1,4.0,4140
2632,"Dr. Capa Agustina, M.Pd",Male,6,Mid,Bandung,Permanent,2015-03-19,,Active,22420000,3.5,3.7,1883
2633,dr. Bakiman Tampubolon,Female,4,Junior,Medan,Permanent,2015-12-13,,Active,19060000,2.3,4.3,1154
2634,Tasdik Prabowo,Male,8,Mid,Jakarta,Permanent,2020-07-06,,Active,21230000,4.8,1.7,1290
2635,"Gamblang Sitompul, S.I.Kom",Male,1,Junior,Surabaya,Permanent,2019-08-27,2023-02-08,Resigned,21680000,2.2,5.0,4374
2636,Gasti Safitri,Male,5,Mid,Medan,Permanent,2016-04-14,,Active,22270000,2.1,5.0,2630
2637,drg. Kanda Yulianti,Male,3,Lead,Jakarta,Permanent,2017-01-18,,Active,59990000,4.9,3.5,2456
2638,Balijan Winarsih,Female,5,Senior,Medan,Probation,2022-08-11,,Active,32080000,4.1,4.1,1740
2639,Melinda Permadi,Male,2,Senior,Surabaya,Permanent,2015-04-22,,Active,43750000,4.0,4.6,3056
2640,"Luwes Oktaviani, S.H.",Female,8,Mid,Surabaya,Permanent,2016-08-06,,Active,24370000,4.8,2.7,2242
2641,Mahmud Sinaga,Male,1,Junior,Medan,Permanent,2015-08-01,,Active,23210000,4.6,4.8,1177
2642,Wulan Latupono,Female,1,Lead,Yogyakarta,Probation,2020-09-14,,Active,58480000,4.1,4.0,3404
2643,Hamima Namaga,Female,2,Junior,Medan,Permanent,2015-09-06,,Active,19710000,3.5,2.4,2899
2644,"Intan Dongoran, M.TI.",Female,4,Junior,Bandung,Contract,2015-04-29,,Active,18650000,3.3,3.9,2256
2645,"dr. Oliva Melani, M.M.",Male,6,Junior,Medan,Permanent,2018-01-07,,Active,15530000,4.1,4.3,4505
2646,Aurora Sihombing,Male,7,Mid,Bandung,Permanent,2023-07-23,,Active,13810000,2.0,2.0,1739
2647,"Dadi Sinaga, M.TI.",Female,4,Mid,Medan,Permanent,2020-01-01,2024-01-22,Resigned,27100000,2.0,3.6,3229
2648,Warta Kuswoyo,Male,7,Mid,Bandung,Contract,2019-03-10,,Active,16040000,3.9,3.9,4544
2649,Yahya Nasyiah,Female,1,Junior,Jakarta,Contract,2021-03-23,,Active,20340000,3.9,2.7,3225
2650,Dt. Luis Haryanto,Female,6,Junior,Jakarta,Permanent,2022-04-28,,Active,14210000,3.1,4.1,4460
2651,Mumpuni Usamah,Female,4,Lead,Remote,Permanent,2018-01-24,,Active,35910000,2.8,2.9,3089
2652,"Sutan Saka Anggraini, S.IP",Female,7,Senior,Medan,Contract,2024-06-12,,Active,22580000,3.1,3.7,1464
2653,Kawaya Fujiati,Female,4,Senior,Medan,Permanent,2015-07-06,,Active,35360000,3.9,3.8,2529
2654,"Rendy Hidayanto, S.E.I",Female,3,Lead,Jakarta,Contract,2016-01-03,,Active,59990000,3.2,3.4,2456
2655,Jagaraga Sitompul,Female,8,Senior,Medan,Permanent,2024-11-06,,Active,29880000,2.9,3.2,3972
2656,Bakianto Hidayanto,Female,9,Junior,Surabaya,Permanent,2024-11-29,,Active,14060000,3.5,4.4,4405
2657,Cemani Ramadan,Female,6,Mid,Surabaya,Permanent,2018-01-23,,Active,20860000,4.1,3.8,2764
2658,R. Kamal Pradana,Female,8,Mid,Remote,Permanent,2021-09-21,,Active,21550000,2.6,3.8,2132
2659,Laila Wibisono,Male,3,Intern,Jakarta,Permanent,2021-10-29,,Active,10730000,4.0,3.2,4453
2660,Siti Waskita,Female,2,Mid,Remote,Permanent,2021-03-26,,Active,27470000,3.5,2.2,2925
2661,Iriana Budiyanto,Female,8,Senior,Remote,Permanent,2021-01-13,,Active,33220000,4.5,3.5,4711
2662,Samiah Lazuardi,Male,2,Mid,Yogyakarta,Permanent,2024-05-01,,Active,29520000,2.5,3.9,1399
2663,Dt. Maras Safitri,Female,4,Senior,Medan,Permanent,2024-02-12,,Active,32730000,3.0,3.3,1363
2664,Praba Padmasari,Male,8,Lead,Remote,Probation,2024-05-30,,Active,40180000,1.7,3.0,2896
2665,Naradi Hidayanto,Male,2,Lead,Bandung,Permanent,2020-03-10,,Active,55190000,2.3,3.8,3221
2666,Olivia Kurniawan,Male,3,Junior,Remote,Probation,2023-05-02,2024-03-20,Resigned,17740000,3.1,3.4,4438
2667,Winda Sihombing,Female,3,Senior,Remote,Permanent,2017-02-23,2024-07-08,Resigned,47350000,2.7,2.8,1668
2668,Puti Intan Farida,Male,9,Junior,Surabaya,Permanent,2017-08-17,,Active,14070000,1.6,2.8,1153
2669,Lala Wijayanti,Female,3,Intern,Bandung,Permanent,2022-11-23,,Active,9750000,3.8,2.0,5425
2670,Jasmani Manullang,Female,7,Lead,Medan,Permanent,2016-03-30,,Active,31880000,3.8,2.4,4530
2671,Sutan Cahya Wijaya,Male,8,Senior,Remote,Permanent,2021-03-10,2024-11-07,Resigned,32890000,2.1,3.1,2896
2672,"KH. Samsul Palastri, S.Pd",Male,5,Junior,Remote,Permanent,2015-09-25,,Active,16190000,3.3,3.5,3233
2673,"Cakrabirawa Salahudin, S.I.Kom",Female,9,Mid,Medan,Permanent,2021-05-23,,Active,19610000,2.0,4.0,3599
2674,Kadir Puspita,Female,4,Junior,Jakarta,Probation,2017-02-24,,Active,18600000,3.6,4.3,3627
2675,Bancar Gunarto,Female,1,Mid,Yogyakarta,Permanent,2022-08-20,,Active,28810000,4.1,4.8,1020
2676,Kemal Riyanti,Female,2,Junior,Remote,Permanent,2022-03-10,,Active,16550000,2.8,2.6,1207
2677,Paulin Pudjiastuti,Female,2,Junior,Yogyakarta,Permanent,2019-11-07,,Active,17990000,2.7,3.1,5070
2678,Gaduh Pranowo,Female,10,Junior,Jakarta,Contract,2020-07-22,,Active,12270000,4.5,4.0,3416
2679,"Ulya Situmorang, S.Kom",Male,9,Junior,Yogyakarta,Permanent,2015-07-12,,Active,15270000,3.8,4.1,5314
2680,Septi Mulyani,Female,6,Mid,Surabaya,Permanent,2015-01-22,,Active,23510000,3.8,3.8,4992
2681,Caraka Nashiruddin,Male,8,Junior,Yogyakarta,Probation,2023-04-09,2024-09-23,Resigned,11280000,2.5,3.4,3338
2682,Latif Ramadan,Male,2,Mid,Surabaya,Permanent,2017-03-17,,Active,28920000,4.0,2.9,4021
2683,Balijan Najmudin,Male,6,Mid,Jakarta,Permanent,2015-04-25,,Active,21800000,3.4,3.4,1824
2684,"Raharja Purnawati, S.Gz",Female,5,Lead,Yogyakarta,Permanent,2024-06-04,2024-12-07,Resigned,35970000,2.6,3.1,2921
2685,"Drs. Malika Yuliarti, M.Pd",Female,10,Junior,Medan,Contract,2024-05-02,2024-12-10,Resigned,11830000,3.4,2.6,2820
2686,Elvin Winarsih,Male,10,Lead,Yogyakarta,Permanent,2023-09-13,,Active,31870000,3.2,3.4,2342
2687,Dwi Januar,Female,6,Lead,Jakarta,Contract,2021-06-29,,Active,43050000,3.4,3.8,4917
2688,Olga Prastuti,Female,6,Mid,Remote,Permanent,2018-07-07,,Active,22560000,4.4,4.1,1476
2689,Julia Tamba,Male,5,Lead,Yogyakarta,Permanent,2015-09-11,,Active,43480000,3.1,3.6,2856
2690,Mumpuni Yolanda,Female,6,Mid,Medan,Permanent,2015-09-27,2016-11-08,Resigned,23650000,3.0,3.8,4968
2691,Baktianto Suryono,Female,7,Senior,Yogyakarta,Permanent,2019-07-04,2024-03-19,Resigned,25310000,3.8,2.4,4476
2692,Puti Febi Simanjuntak,Male,6,Lead,Yogyakarta,Contract,2020-02-01,,Active,43770000,4.6,3.0,4204
2693,Mila Sitompul,Male,2,Mid,Remote,Contract,2018-10-23,,Active,29230000,3.0,4.5,1720
2694,Hj. Ina Padmasari,Female,6,Junior,Bandung,Permanent,2020-10-19,,Active,12650000,4.7,3.4,3885
2695,Karya Purnawati,Male,8,Mid,Medan,Contract,2021-09-03,,Active,23250000,2.8,3.5,1010
2696,Yani Sihotang,Male,4,Senior,Medan,Permanent,2021-06-05,,Active,34440000,3.9,3.3,5248
2697,Ella Ardianto,Female,10,Mid,Yogyakarta,Permanent,2020-05-25,,Active,16030000,4.6,4.5,4952
2698,Hilda Prasetya,Male,3,Junior,Surabaya,Permanent,2023-12-09,2024-07-08,Resigned,21090000,3.9,4.0,4805
2699,"Ulya Yuniar, S.Farm",Female,1,Mid,Medan,Permanent,2018-06-28,,Active,31390000,3.8,3.0,1997
2700,Zaenab Tarihoran,Male,10,Senior,Surabaya,Permanent,2020-04-07,,Active,23300000,3.3,3.6,1048
2701,Mustika Sitompul,Male,9,Junior,Remote,Permanent,2020-10-21,,Active,15120000,2.7,3.0,2085
2702,Malika Hassanah,Male,1,Lead,Medan,Contract,2020-09-08,,Active,53810000,4.2,2.2,3366
2703,Vicky Samosir,Female,7,Junior,Bandung,Permanent,2018-11-09,,Active,13320000,4.2,4.2,3264
2704,Puspa Kurniawan,Male,8,Mid,Remote,Permanent,2023-10-22,2024-07-24,Resigned,18760000,3.0,2.9,1010
2705,Mariadi Sudiati,Female,6,Senior,Medan,Permanent,2021-09-22,,Active,27590000,3.4,2.8,1370
2706,Saadat Setiawan,Female,9,Junior,Surabaya,Permanent,2021-11-28,,Active,14440000,4.4,2.6,4908
2707,"R. Paulin Napitupulu, S.T.",Female,9,Manager,Jakarta,Permanent,2024-10-28,,Active,46100000,4.0,4.2,2546
2708,"Sari Hutagalung, S.Pt",Male,10,Lead,Bandung,Permanent,2022-03-01,,Active,29030000,4.8,3.7,2104
2709,Samsul Mayasari,Male,5,Mid,Surabaya,Contract,2017-09-06,,Active,21350000,4.2,3.6,2882
2710,"Among Prastuti, M.Farm",Female,8,Junior,Jakarta,Permanent,2017-04-20,,Active,15800000,4.5,3.4,1395
2711,Vivi Rahayu,Male,6,Mid,Bandung,Permanent,2019-01-05,2020-02-24,Resigned,20420000,2.9,4.1,1294
2712,Umaya Firgantoro,Male,9,Mid,Surabaya,Permanent,2022-01-29,,Active,18980000,2.6,3.0,4418
2713,T. Kenari Namaga,Male,1,Mid,Bandung,Permanent,2017-03-26,,Active,31660000,4.5,3.2,2106
2714,Safina Maryadi,Female,10,Senior,Bandung,Permanent,2023-01-23,2024-03-29,Resigned,22830000,1.8,3.5,3699
2715,Kania Prasetyo,Male,7,Senior,Jakarta,Permanent,2024-06-14,,Active,23570000,4.1,3.9,2039
2716,"Drs. Oskar Siregar, S.E.I",Male,4,Mid,Jakarta,Permanent,2019-04-02,,Active,23890000,3.2,2.1,5302
2717,Olivia Melani,Male,8,Mid,Surabaya,Contract,2018-06-03,,Active,23380000,5.0,3.6,3796
2718,Hasta Utama,Male,4,Senior,Medan,Contract,2020-11-28,,Active,36360000,4.3,4.5,3284
2719,Dt. Mujur Permadi,Male,6,Senior,Bandung,Permanent,2016-04-30,2018-04-15,Resigned,30570000,3.7,1.9,1835
2720,"Ir. Silvia Marbun, M.TI.",Female,10,Manager,Medan,Permanent,2022-10-15,,Active,41970000,3.4,2.4,3672
2721,Ivan Manullang,Male,7,Mid,Medan,Permanent,2015-07-09,,Active,16160000,4.0,4.9,1611
2722,Karya Pratiwi,Female,8,Intern,Jakarta,Permanent,2023-11-09,2024-07-09,Resigned,8000000,4.1,3.0,2772
2723,"Teddy Maulana, M.Kom.",Female,7,Mid,Medan,Probation,2024-10-15,,Active,15990000,4.3,2.8,1288
2724,Azalea Prasetya,Female,3,Junior,Yogyakarta,Contract,2017-05-07,,Active,25300000,3.1,2.2,3385
2725,"drg. Daru Haryanto, S.T.",Male,10,Senior,Remote,Permanent,2016-11-16,,Active,27060000,3.7,4.4,5376
2726,Gina Gunarto,Female,2,Mid,Bandung,Permanent,2020-08-04,,Active,25650000,3.4,2.9,3770
2727,"Danang Maryati, S.I.Kom",Female,7,Mid,Remote,Probation,2020-11-22,,Active,14020000,3.6,4.4,2736
2728,Nadine Hasanah,Female,4,Mid,Remote,Probation,2018-01-04,,Active,28510000,3.1,2.8,4345
2729,Arta Yulianti,Male,3,Junior,Bandung,Permanent,2017-04-28,,Active,21730000,2.5,3.4,1158
2730,Ciaobella Nurdiyanti,Male,10,Senior,Yogyakarta,Permanent,2019-06-10,2022-04-25,Resigned,24180000,3.2,2.6,1603
2731,"Radit Saefullah, S.T.",Female,7,Mid,Bandung,Permanent,2017-11-08,,Active,16500000,4.7,3.3,2715
2732,Drs. Qori Natsir,Female,2,Senior,Bandung,Permanent,2019-12-26,,Active,37540000,4.4,3.9,3625
2733,Safina Waluyo,Female,4,Mid,Yogyakarta,Permanent,2020-09-29,,Active,24340000,3.9,3.9,3519
2734,Rini Yolanda,Female,5,Mid,Yogyakarta,Permanent,2019-08-03,,Active,21440000,4.5,3.4,5475
2735,"Puti Padma Ramadan, S.Sos",Female,9,Mid,Bandung,Permanent,2015-04-12,,Active,24030000,4.3,2.9,1350
2736,Kariman Waskita,Male,7,Lead,Surabaya,Contract,2019-01-10,,Active,32360000,4.5,3.6,3264
2737,Yuliana Situmorang,Male,2,Mid,Bandung,Permanent,2023-10-24,,Active,29040000,2.8,3.0,3031
2738,Widya Laksmiwati,Male,5,Head,Surabaya,Permanent,2019-01-15,2020-08-27,Resigned,74140000,4.4,2.9,
2739,Cut Olivia Mandala,Female,7,Mid,Remote,Contract,2017-10-21,,Active,15670000,3.7,2.5,4440
2740,Eli Pradana,Male,2,Junior,Bandung,Probation,2022-11-30,,Active,20590000,2.4,4.7,4156
2741,Kamidin Yuniar,Female,6,Senior,Surabaya,Contract,2015-02-04,,Active,32410000,3.1,2.6,2250
2742,Gabriella Maryadi,Female,5,Mid,Remote,Permanent,2019-07-20,,Active,21870000,2.1,3.0,1364
2743,Candrakanta Tarihoran,Male,9,Junior,Bandung,Permanent,2024-09-14,,Active,14090000,3.1,2.6,2673
2744,Puti Salimah Pradana,Male,2,Mid,Medan,Contract,2020-04-27,,Active,26830000,4.0,3.9,3490
2745,Yessi Sitompul,Female,1,Intern,Surabaya,Contract,2023-02-07,,Active,8820000,4.0,2.7,1935
2746,"Calista Laksmiwati, M.Kom.",Female,7,Junior,Bandung,Permanent,2024-06-26,2024-12-29,Resigned,10820000,3.2,3.7,2268
2747,Fathonah Rahayu,Male,8,Lead,Bandung,Permanent,2019-03-15,,Active,45090000,3.7,4.0,4242
2748,Marsudi Zulkarnain,Male,9,Senior,Surabaya,Permanent,2020-08-09,,Active,27160000,5.0,3.1,5156
2749,Dimaz Gunawan,Female,8,Junior,Yogyakarta,Permanent,2019-10-10,,Active,15880000,3.2,3.2,3881
2750,Kemal Rahayu,Female,4,Senior,Medan,Contract,2018-08-28,,Active,34490000,3.2,3.2,1287
2751,Cahyanto Usamah,Male,7,Lead,Surabaya,Permanent,2016-09-21,,Active,35370000,3.6,2.3,3441
2752,Dt. Tri Pertiwi,Female,9,Mid,Yogyakarta,Permanent,2019-04-11,,Active,19290000,4.3,3.6,3049
2753,Asman Marbun,Female,8,Mid,Surabaya,Permanent,2017-02-10,,Active,26960000,3.7,4.6,5261
2754,Elvina Maryati,Female,7,Mid,Jakarta,Permanent,2022-03-02,,Active,16500000,4.3,3.8,3873
2755,Rahayu Pratiwi,Male,8,Senior,Medan,Permanent,2015-05-12,,Active,38860000,3.5,3.2,3045
2756,"Ajiman Wijayanti, S.Pd",Male,9,Senior,Surabaya,Permanent,2017-03-26,2022-01-19,Resigned,27500000,3.8,2.8,2546
2757,Darijan Hassanah,Female,1,Senior,Yogyakarta,Permanent,2022-05-25,,Active,43410000,3.4,4.5,2642
2758,Dr. Novi Narpati,Male,7,Junior,Yogyakarta,Permanent,2016-12-04,,Active,12780000,3.6,3.0,1544
2759,Radika Zulkarnain,Male,8,Junior,Yogyakarta,Permanent,2016-06-12,,Active,16970000,4.0,2.6,2575
2760,R. Wulan Padmasari,Female,3,Mid,Bandung,Permanent,2024-09-15,,Active,26770000,4.4,4.2,2267
2761,"R. Sarah Wahyuni, M.TI.",Female,7,Junior,Surabaya,Permanent,2016-10-12,,Active,11560000,2.7,4.1,4778
2762,Eli Siregar,Female,9,Senior,Yogyakarta,Permanent,2018-02-02,2020-03-07,Resigned,29670000,3.0,2.2,1965
2763,Rina Rahayu,Female,3,Mid,Medan,Permanent,2021-10-13,,Active,23600000,4.1,3.9,3396
2764,Dartono Waluyo,Female,6,Senior,Jakarta,Permanent,2020-02-28,,Active,28380000,4.0,2.5,1351
2765,Diah Kurniawan,Female,4,Lead,Yogyakarta,Permanent,2022-04-01,,Active,42900000,3.1,3.4,4863
2766,Damar Nurdiyanti,Female,8,Junior,Bandung,Permanent,2019-05-21,,Active,12010000,1.4,3.3,4792
2767,"Drs. Silvia Andriani, S.E.I",Male,5,Senior,Yogyakarta,Permanent,2021-12-05,,Active,29570000,2.4,2.8,3790
2768,Puti Elma Kusmawati,Male,4,Mid,Yogyakarta,Permanent,2022-11-01,,Active,23670000,3.6,3.6,4358
2769,Ir. Ani Nasyidah,Male,4,Junior,Bandung,Permanent,2017-09-08,,Active,17750000,4.6,3.5,2432
2770,KH. Banara Iswahyudi,Female,9,Lead,Remote,Permanent,2022-06-23,,Active,35250000,3.5,2.8,4581
2771,Sakura Mustofa,Male,9,Junior,Medan,Permanent,2020-07-14,,Active,13360000,2.3,3.7,3923
2772,Drs. Yunita Adriansyah,Female,8,Mid,Medan,Permanent,2015-11-10,,Active,21960000,3.9,2.9,4812
2773,"Ir. Martaka Astuti, M.TI.",Female,1,Mid,Surabaya,Permanent,2019-08-07,,Active,31450000,1.0,4.1,5404
2774,Kartika Gunawan,Male,1,Intern,Remote,Permanent,2020-03-08,2024-04-04,Resigned,9710000,3.8,3.7,2675
2775,"Paris Aryani, S.H.",Female,9,Junior,Yogyakarta,Contract,2019-04-11,,Active,12940000,3.6,3.9,2197
2776,"drg. Paiman Wibowo, S.I.Kom",Female,7,Junior,Remote,Contract,2015-06-04,2017-03-14,Resigned,13240000,3.5,3.6,4178
2777,Ir. Cinthia Anggraini,Female,6,Senior,Yogyakarta,Permanent,2022-07-08,,Active,29150000,3.1,2.4,2957
2778,Dodo Kuswandari,Male,10,Mid,Remote,Probation,2021-02-24,,Active,16930000,2.2,3.6,3434
2779,"Sutan Upik Hutasoit, S.Pd",Male,3,Mid,Bandung,Permanent,2020-04-12,,Active,30930000,3.2,3.7,2637
2780,Drs. Laila Rajasa,Male,1,Manager,Jakarta,Permanent,2021-10-22,2023-02-15,Resigned,71350000,3.7,3.1,1020
2781,Adhiarja Ardianto,Female,6,Senior,Remote,Permanent,2016-11-20,2017-07-03,Resigned,30320000,3.6,3.5,3176
2782,Drs. Devi Nurdiyanti,Female,10,Mid,Jakarta,Contract,2019-01-06,2023-07-07,Resigned,18000000,3.3,2.0,1736
2783,Harimurti Yolanda,Male,6,Mid,Remote,Contract,2019-12-16,,Active,19520000,4.1,2.9,2949
2784,Malik Sihotang,Male,10,Junior,Yogyakarta,Permanent,2019-05-19,,Active,12610000,3.9,2.5,1795
2785,Karen Kurniawan,Male,1,Mid,Bandung,Probation,2015-07-19,,Active,32780000,4.2,3.6,2854
2786,Irsad Yulianti,Female,2,Mid,Jakarta,Permanent,2017-09-04,,Active,29290000,4.5,2.9,3523
2787,Tgk. Hana Nasyiah,Male,1,Junior,Remote,Permanent,2018-10-12,,Active,23010000,3.7,3.7,3272
2788,Padmi Utama,Male,6,Mid,Remote,Permanent,2024-11-22,,Active,18980000,4.1,4.8,2741
2789,Tgk. Sabrina Widodo,Male,6,Mid,Jakarta,Contract,2015-06-30,,Active,21190000,3.9,2.9,2110
2790,"Sutan Hendri Puspasari, M.Pd",Female,5,Mid,Medan,Permanent,2021-04-21,,Active,19550000,3.3,3.1,1185
2791,Elma Uwais,Female,10,Lead,Jakarta,Permanent,2019-10-19,2021-06-27,Resigned,32560000,2.4,3.2,3151
2792,Dr. Jayadi Ramadan,Male,10,Head,Surabaya,Permanent,2015-03-03,,Active,54740000,3.8,4.4,
2793,Ratih Situmorang,Male,10,Junior,Surabaya,Permanent,2020-02-23,2024-04-29,Resigned,11660000,2.8,2.6,5027
2794,"H. Hasta Mandala, S.IP",Female,8,Mid,Yogyakarta,Permanent,2015-06-29,2018-06-08,Resigned,24910000,3.7,3.0,3986
2795,"Ghaliyati Hassanah, S.E.",Female,1,Mid,Medan,Permanent,2016-02-22,,Active,34300000,3.4,1.9,3761
2796,Dariati Melani,Male,3,Junior,Remote,Permanent,2021-09-23,,Active,18230000,3.7,3.9,1158
2797,Winda Sirait,Male,3,Manager,Remote,Permanent,2018-09-22,,Active,70380000,4.4,3.9,2002
2798,"Dr. Luwes Habibi, S.E.",Female,5,Senior,Medan,Contract,2015-10-04,,Active,35780000,4.6,3.8,1328
2799,Siska Ardianto,Female,6,Mid,Remote,Permanent,2019-04-16,,Active,21160000,3.3,3.9,2392
2800,"R. Ridwan Maulana, M.Kom.",Male,3,Senior,Surabaya,Permanent,2017-08-10,2019-06-29,Resigned,51030000,3.6,4.6,4989
2801,drg. Clara Haryanto,Female,2,Junior,Jakarta,Permanent,2023-06-29,2024-02-04,Resigned,16330000,1.8,3.6,2899
2802,Gawati Uwais,Female,2,Senior,Yogyakarta,Permanent,2018-04-29,,Active,43700000,2.7,3.2,4828
2803,Lulut Firgantoro,Male,4,Senior,Medan,Probation,2017-09-02,,Active,38390000,4.4,3.8,4658
2804,"Kiandra Wacana, M.Ak",Female,6,Mid,Bandung,Permanent,2023-04-16,,Active,22200000,3.1,2.7,1180
2805,"Karma Suwarno, M.Ak",Male,1,Head,Yogyakarta,Permanent,2020-11-03,,Active,100490000,3.6,3.3,
2806,Warsita Natsir,Female,6,Mid,Surabaya,Permanent,2023-06-02,2024-12-08,Resigned,19420000,3.5,3.3,1345
2807,"Jumari Farida, S.Ked",Male,3,Mid,Remote,Permanent,2021-01-18,2022-12-07,Resigned,31590000,2.3,3.4,4331
2808,Soleh Wahyuni,Male,7,Lead,Medan,Permanent,2021-10-26,,Active,31480000,3.3,3.8,4794
2809,"Dr. Edison Nababan, S.Gz",Female,3,Junior,Yogyakarta,Permanent,2022-01-23,2024-12-28,Resigned,19640000,3.3,4.2,4169
2810,"Drs. Kajen Maryati, S.H.",Male,6,Senior,Bandung,Probation,2015-08-02,,Active,32780000,3.5,3.5,2692
2811,R. Samiah Firgantoro,Male,6,Mid,Medan,Contract,2016-01-11,,Active,23830000,2.9,3.4,1168
2812,Halima Yolanda,Male,3,Mid,Yogyakarta,Permanent,2017-08-25,,Active,30660000,4.4,3.4,4146
2813,Candrakanta Irawan,Female,3,Junior,Bandung,Permanent,2016-11-03,,Active,19740000,5.0,2.5,1388
2814,Victoria Wacana,Male,8,Lead,Yogyakarta,Probation,2018-05-26,,Active,45970000,4.5,3.6,4012
2815,Salsabila Widodo,Male,7,Mid,Yogyakarta,Permanent,2018-01-18,,Active,15400000,3.7,3.8,2652
2816,Rini Pangestu,Female,9,Lead,Yogyakarta,Permanent,2019-06-20,,Active,36110000,3.4,3.1,1972
2817,Dt. Okto Hidayat,Female,6,Mid,Jakarta,Permanent,2023-07-12,2024-09-10,Resigned,17670000,3.4,3.0,3652
2818,Kunthara Suryono,Female,5,Senior,Surabaya,Permanent,2024-07-30,,Active,27490000,3.0,3.6,3790
2819,"Yance Purwanti, M.Farm",Male,3,Junior,Surabaya,Permanent,2021-03-14,,Active,18740000,4.6,4.2,5171
2820,Jelita Saefullah,Female,10,Mid,Medan,Permanent,2020-02-01,,Active,19560000,3.3,2.9,5351
2821,Luluh Nababan,Male,3,Junior,Yogyakarta,Permanent,2018-09-26,,Active,23370000,4.5,3.2,2926
2822,Latika Permata,Male,9,Mid,Remote,Permanent,2015-01-18,2021-02-25,Resigned,20590000,3.1,2.7,1625
2823,Elon Natsir,Female,1,Mid,Yogyakarta,Probation,2019-07-16,,Active,31710000,5.0,4.7,4173
2824,Ophelia Kurniawan,Female,7,Lead,Remote,Probation,2019-04-23,,Active,33550000,3.0,4.7,1525
2825,R. Jefri Sihombing,Male,6,Manager,Jakarta,Permanent,2019-08-02,,Active,47940000,3.8,2.8,1219
2826,Calista Mulyani,Male,6,Junior,Surabaya,Permanent,2017-03-06,,Active,14960000,3.3,2.5,4537
2827,Paulin Permata,Female,9,Mid,Remote,Permanent,2020-09-18,,Active,19200000,4.0,4.1,4642
2828,Talia Handayani,Male,1,Manager,Yogyakarta,Permanent,2022-04-20,,Active,71920000,3.3,3.8,1020
2829,Padmi Laksmiwati,Male,3,Mid,Remote,Permanent,2020-05-10,2022-11-16,Resigned,28760000,3.1,4.0,5235
2830,"Sutan Praba Sirait, M.M.",Male,4,Mid,Bandung,Permanent,2022-10-27,,Active,21160000,2.9,4.1,4138
2831,"Jagaraga Rahmawati, S.Ked",Female,2,Mid,Bandung,Permanent,2022-08-21,,Active,29140000,4.5,4.8,2331
2832,Calista Rajata,Male,2,Junior,Remote,Permanent,2015-02-20,2016-08-31,Resigned,22160000,4.0,2.4,3453
2833,Harjaya Usada,Female,3,Junior,Jakarta,Permanent,2019-06-17,,Active,20520000,2.6,3.1,4657
2834,"Sutan Murti Pradana, S.Psi",Male,1,Junior,Yogyakarta,Permanent,2024-10-28,,Active,21110000,3.6,4.1,4309
2835,Kamila Maryati,Female,4,Mid,Remote,Contract,2020-08-12,,Active,22540000,3.4,3.3,3089
2836,Dt. Naradi Saptono,Female,5,Mid,Remote,Contract,2023-03-26,,Active,22130000,2.7,4.1,4877
2837,Edward Iswahyudi,Male,9,Mid,Surabaya,Contract,2022-02-18,,Active,18840000,4.8,3.7,2413
2838,Samiah Siregar,Female,10,Senior,Remote,Permanent,2023-05-25,,Active,25670000,2.6,3.8,5364
2839,Kadir Nugroho,Female,3,Senior,Yogyakarta,Permanent,2015-01-27,,Active,48710000,2.5,1.3,4986
2840,Iriana Thamrin,Male,9,Mid,Medan,Permanent,2023-09-05,,Active,18750000,2.9,4.0,2322
2841,Tugiman Pertiwi,Female,5,Mid,Bandung,Permanent,2023-03-22,,Active,20550000,3.9,3.0,4277
2842,Elvina Zulaika,Male,9,Mid,Medan,Probation,2017-03-22,,Active,16730000,3.4,2.5,5315
2843,Jamil Pangestu,Female,7,Junior,Bandung,Permanent,2021-05-11,,Active,10990000,2.3,4.0,4920
2844,Oman Permadi,Male,2,Senior,Surabaya,Probation,2024-01-28,,Active,40900000,2.9,4.5,3297
2845,"Tgk. Farhunnisa Pradana, S.Kom",Female,10,Mid,Medan,Permanent,2019-12-11,,Active,17610000,3.1,3.5,1609
2846,"R.A. Zalindra Safitri, S.I.Kom",Male,10,Lead,Yogyakarta,Permanent,2015-11-23,,Active,36160000,2.8,2.7,2147
2847,Prayogo Kurniawan,Male,1,Mid,Yogyakarta,Permanent,2018-11-02,2021-12-17,Resigned,34170000,3.4,3.7,3854
2848,Viman Hutapea,Male,4,Junior,Jakarta,Permanent,2015-02-08,2024-01-11,Resigned,17780000,2.4,4.0,2553
2849,"Yahya Wijayanti, M.Kom.",Male,2,Senior,Jakarta,Permanent,2016-02-01,,Active,42690000,3.4,5.0,3770
2850,Cut Vanesa Namaga,Female,2,Mid,Surabaya,Permanent,2020-06-13,,Active,29560000,5.0,3.2,2732
2851,Samsul Laksmiwati,Female,6,Intern,Surabaya,Probation,2019-02-27,,Active,7010000,5.0,4.1,1703
2852,Raina Sihotang,Male,4,Mid,Yogyakarta,Permanent,2019-01-19,,Active,22130000,3.9,4.0,4929
2853,Ratih Saefullah,Female,1,Senior,Jakarta,Permanent,2024-10-16,,Active,38980000,4.2,3.8,1330
2854,Elvina Melani,Female,1,Senior,Bandung,Permanent,2023-02-18,,Active,42110000,3.3,2.0,1562
2855,Lala Prasetya,Male,6,Lead,Remote,Permanent,2024-09-29,,Active,39940000,3.0,3.1,4204
2856,"Drs. Cagak Habibi, M.TI.",Male,5,Manager,Remote,Permanent,2019-02-18,,Active,53560000,4.4,4.1,3200
2857,"dr. Jati Namaga, S.Gz",Female,1,Mid,Bandung,Permanent,2020-10-10,,Active,35060000,4.1,4.5,5320
2858,Tgk. Hartana Natsir,Female,7,Lead,Jakarta,Probation,2015-03-10,,Active,35880000,3.1,3.7,1764
2859,Devi Maryati,Female,8,Manager,Medan,Permanent,2022-08-08,,Active,54570000,4.8,3.4,4012
2860,Iriana Anggriawan,Male,8,Junior,Yogyakarta,Probation,2018-11-27,,Active,16550000,2.2,3.5,1010
2861,Mursita Pranowo,Male,4,Junior,Medan,Permanent,2023-03-27,,Active,13560000,2.6,4.0,2803
2862,Ratna Januar,Male,2,Junior,Medan,Contract,2024-10-02,,Active,18860000,3.2,4.2,4743
2863,Karen Suryatmi,Male,7,Lead,Jakarta,Permanent,2016-06-07,,Active,37100000,2.3,3.3,4794
2864,"Tgk. Fitria Pudjiastuti, S.T.",Female,6,Senior,Jakarta,Permanent,2016-11-19,,Active,33920000,3.8,4.0,2855
2865,Embuh Halimah,Male,1,Mid,Jakarta,Permanent,2017-09-23,2019-03-23,Resigned,29690000,3.2,1.5,5404
2866,dr. Karimah Nashiruddin,Male,4,Head,Surabaya,Contract,2016-10-18,,Active,71770000,3.9,3.7,
2867,Lintang Pranowo,Female,3,Mid,Remote,Permanent,2017-06-21,,Active,29100000,3.3,3.3,5177
2868,Tira Wahyudin,Male,4,Intern,Remote,Permanent,2022-06-18,2024-06-14,Resigned,8480000,3.4,3.4,1770
2869,Zulaikha Wacana,Male,5,Senior,Bandung,Probation,2023-12-03,,Active,29320000,4.1,4.4,4425
2870,Mila Najmudin,Male,7,Junior,Remote,Permanent,2022-03-22,,Active,10050000,3.2,2.2,1387
2871,R. Ratih Pradana,Female,8,Junior,Medan,Probation,2022-05-02,,Active,17320000,3.7,4.4,2994
2872,"Puti Tantri Saputra, S.H.",Female,4,Senior,Surabaya,Permanent,2024-01-25,,Active,36140000,3.4,3.9,4588
2873,dr. Sabri Wibowo,Male,10,Lead,Bandung,Permanent,2016-04-01,2023-05-20,Resigned,33000000,3.3,3.2,4732
2874,Cakrabuana Maryadi,Male,5,Junior,Surabaya,Probation,2021-06-04,,Active,14900000,3.9,4.4,3824
2875,Yani Anggriawan,Male,8,Junior,Bandung,Contract,2018-06-27,2024-12-25,Resigned,15120000,3.1,4.1,1671
2876,Imam Mandasari,Female,9,Senior,Remote,Probation,2018-08-02,,Active,29200000,4.1,2.9,1092
2877,Tugiman Usamah,Male,7,Junior,Medan,Permanent,2020-10-29,,Active,13030000,4.2,4.2,3367
2878,Dr. Najib Sihotang,Female,9,Mid,Yogyakarta,Permanent,2015-02-07,,Active,19330000,3.3,2.1,5369
2879,"drg. Eja Ramadan, M.Pd",Female,1,Junior,Yogyakarta,Permanent,2024-05-22,2024-12-31,Resigned,19080000,3.7,2.9,3268
2880,"Ir. Alika Widodo, S.IP",Female,8,Junior,Remote,Permanent,2016-08-20,,Active,17350000,2.8,3.7,2961
2881,"Elisa Halim, S.Kom",Female,10,Mid,Remote,Permanent,2018-06-19,,Active,18720000,5.0,2.3,4619
2882,"Tgk. Nabila Usamah, S.IP",Female,5,Manager,Yogyakarta,Permanent,2022-01-28,,Active,54190000,5.0,4.3,4164
2883,Uli Sitorus,Female,2,Senior,Surabaya,Permanent,2015-08-29,,Active,42620000,3.5,3.4,3403
2884,Karen Tarihoran,Male,2,Mid,Bandung,Permanent,2024-07-05,,Active,25780000,4.5,4.4,1922
2885,Dr. Wardi Rajasa,Male,4,Junior,Yogyakarta,Permanent,2024-09-14,,Active,15880000,3.5,3.5,3345
2886,Ayu Zulkarnain,Female,10,Mid,Bandung,Probation,2024-02-21,,Active,16430000,1.9,4.3,3615
2887,Gara Wastuti,Female,8,Mid,Yogyakarta,Probation,2018-10-14,,Active,24520000,3.8,3.5,3111
2888,R.A. Ratih Permata,Female,7,Junior,Remote,Permanent,2019-05-21,,Active,12000000,4.9,4.4,3991
2889,"Martaka Nasyiah, S.E.",Male,4,Manager,Yogyakarta,Permanent,2022-11-11,,Active,54180000,3.1,2.7,5155
2890,"T. Garang Simbolon, M.TI.",Female,2,Mid,Jakarta,Contract,2023-06-09,,Active,26640000,3.4,3.1,2146
2891,Vicky Hassanah,Female,1,Mid,Medan,Permanent,2020-02-18,,Active,29920000,4.3,2.7,2854
2892,Harjaya Susanti,Female,2,Senior,Bandung,Permanent,2018-04-07,,Active,44040000,2.4,2.8,3770
2893,Malika Usamah,Male,7,Lead,Surabaya,Permanent,2023-03-31,,Active,30600000,4.7,3.6,4530
2894,Taswir Marbun,Male,10,Senior,Bandung,Permanent,2022-08-10,,Active,21070000,3.5,4.2,3294
2895,"Respati Sirait, S.Farm",Female,1,Senior,Jakarta,Permanent,2022-08-15,,Active,44900000,3.7,4.1,5058
2896,"Luwar Pertiwi, S.Sos",Female,8,Head,Jakarta,Probation,2017-01-05,,Active,78730000,3.0,4.1,
2897,"Puti Cindy Marpaung, S.Psi",Female,7,Senior,Bandung,Permanent,2021-08-27,,Active,24520000,4.3,3.1,3745
2898,Galar Simanjuntak,Female,1,Mid,Yogyakarta,Permanent,2017-09-30,2020-12-09,Resigned,32740000,4.1,2.7,3130
2899,"Erik Santoso, M.Ak",Male,2,Manager,Remote,Probation,2022-04-27,,Active,63540000,5.0,3.5,3603
2900,"Harto Saputra, M.M.",Male,7,Mid,Remote,Permanent,2023-09-21,,Active,15630000,3.8,3.8,3387
2901,"Tgk. Pangeran Rahmawati, M.TI.",Female,9,Junior,Jakarta,Permanent,2019-02-13,2020-04-06,Resigned,14310000,3.2,4.7,1784
2902,Laras Marbun,Male,4,Senior,Medan,Permanent,2015-04-05,,Active,41890000,3.6,3.1,1363
2903,Sabar Damanik,Male,5,Junior,Yogyakarta,Permanent,2023-11-28,,Active,12900000,3.5,3.6,3729
2904,Ozy Prakasa,Female,7,Junior,Jakarta,Permanent,2018-05-07,,Active,11070000,3.9,3.1,3169
2905,"Dwi Hutapea, S.Kom",Male,7,Mid,Jakarta,Permanent,2019-07-19,,Active,16080000,4.7,4.7,2384
2906,Hasta Jailani,Female,10,Junior,Medan,Permanent,2015-09-19,,Active,10960000,4.0,2.8,3488
2907,Atma Kusmawati,Male,10,Junior,Remote,Contract,2023-06-14,,Active,11440000,3.5,3.4,2236
2908,Dt. Akarsana Widodo,Male,10,Mid,Bandung,Permanent,2024-08-31,,Active,18120000,2.6,4.3,2791
2909,KH. Bakda Jailani,Female,1,Lead,Jakarta,Permanent,2023-12-23,,Active,52780000,4.2,4.4,1471
2910,Raina Mangunsong,Male,4,Mid,Surabaya,Contract,2022-04-27,2024-05-21,Resigned,22350000,2.6,4.3,3143
2911,Marwata Wibisono,Male,10,Mid,Medan,Permanent,2015-12-13,,Active,15570000,3.7,3.9,3247
2912,Ghaliyati Prayoga,Male,6,Junior,Remote,Permanent,2019-09-29,,Active,13770000,3.8,3.4,2243
2913,"Intan Handayani, S.E.I",Female,8,Senior,Medan,Contract,2015-07-09,,Active,34700000,2.1,4.4,2961
2914,Karsa Narpati,Female,9,Mid,Bandung,Permanent,2022-05-23,,Active,20140000,3.9,4.4,3249
2915,Anom Wijayanti,Female,1,Senior,Surabaya,Permanent,2020-11-10,,Active,48000000,3.6,2.7,1562
2916,Zelda Simbolon,Male,9,Mid,Bandung,Permanent,2022-09-18,2023-05-01,Resigned,16840000,3.3,3.3,1704
2917,"Dr. Nadia Namaga, S.T.",Male,8,Senior,Bandung,Probation,2018-05-12,,Active,33150000,4.0,3.5,2948
2918,drg. Cahya Namaga,Male,8,Junior,Bandung,Permanent,2021-08-20,,Active,14990000,3.2,3.8,4799
2919,Lantar Riyanti,Female,3,Junior,Surabaya,Permanent,2015-11-01,,Active,24400000,2.9,2.9,3483
2920,Siti Usada,Male,4,Intern,Surabaya,Permanent,2019-06-27,,Active,6950000,4.3,3.8,4901
2921,drg. Paramita Uyainah,Male,5,Manager,Remote,Permanent,2021-01-04,2023-01-05,Resigned,48070000,2.9,3.9,1967
2922,"Kasusra Saragih, S.I.Kom",Male,3,Mid,Remote,Permanent,2023-01-05,,Active,26110000,5.0,4.0,1729
2923,Puput Pradana,Male,6,Mid,Surabaya,Probation,2019-09-16,,Active,20400000,3.7,1.9,1426
2924,"R. Ilyas Samosir, S.I.Kom",Female,10,Mid,Bandung,Permanent,2019-04-02,2023-02-16,Resigned,15330000,3.1,3.8,1673
2925,Hana Mangunsong,Male,2,Lead,Medan,Permanent,2020-12-16,,Active,61510000,3.5,3.4,1757
2926,Ajeng Adriansyah,Female,3,Senior,Surabaya,Permanent,2022-03-07,2023-08-10,Resigned,32690000,2.9,3.2,1332
2927,KH. Samsul Mansur,Male,4,Lead,Bandung,Permanent,2018-01-25,2022-10-15,Resigned,49330000,2.2,2.7,2134
2928,Irma Halimah,Male,5,Lead,Bandung,Permanent,2023-10-12,,Active,36220000,3.4,3.0,4739
2929,Dt. Malik Lestari,Female,2,Mid,Yogyakarta,Permanent,2021-08-08,,Active,26940000,2.8,3.5,4430
2930,"drg. Eja Anggriawan, S.Farm",Female,7,Mid,Surabaya,Permanent,2022-11-09,,Active,15840000,3.5,3.6,3168
2931,"T. Lembah Pradipta, S.Ked",Male,10,Senior,Yogyakarta,Permanent,2015-07-16,,Active,26330000,3.6,3.9,1097
2932,Tgk. Dacin Zulkarnain,Female,6,Mid,Surabaya,Permanent,2020-05-07,,Active,19390000,3.5,4.2,4265
2933,dr. Harto Prayoga,Male,6,Senior,Medan,Permanent,2022-05-17,2023-12-05,Resigned,27970000,2.8,3.3,1613
2934,Nasrullah Yuliarti,Male,3,Junior,Surabaya,Permanent,2023-02-19,,Active,18000000,4.6,5.0,4167
2935,Yance Waluyo,Male,5,Manager,Remote,Permanent,2022-08-09,,Active,46270000,4.8,4.2,2738
2936,Eluh Hutapea,Female,5,Mid,Medan,Permanent,2018-12-20,,Active,19960000,3.4,2.7,5338
2937,Sari Permadi,Female,8,Mid,Bandung,Permanent,2020-11-02,,Active,22390000,3.8,3.4,5370
2938,KH. Raharja Suryatmi,Male,3,Mid,Surabaya,Contract,2018-06-05,,Active,25480000,4.4,1.7,5157
2939,"H. Mahdi Saputra, S.Pd",Male,1,Intern,Jakarta,Permanent,2015-11-11,,Active,10720000,4.8,2.2,1150
2940,"Paiman Nasyidah, S.T.",Male,10,Senior,Medan,Probation,2015-12-13,,Active,27410000,3.3,2.6,3289
2941,Fitriani Hidayat,Male,8,Mid,Remote,Permanent,2019-10-03,,Active,20830000,2.5,4.0,2913
2942,Cahya Siregar,Female,6,Senior,Remote,Contract,2020-10-10,,Active,28670000,2.4,5.0,3176
2943,Makuta Hasanah,Male,1,Junior,Remote,Permanent,2019-07-19,2021-02-07,Resigned,21100000,3.6,3.7,4913
2944,Dr. Humaira Oktaviani,Female,10,Senior,Surabaya,Permanent,2022-11-17,,Active,22200000,3.6,3.2,2465
2945,Fitriani Sinaga,Male,10,Mid,Bandung,Permanent,2021-10-23,,Active,18150000,4.2,3.4,1795
2946,Cakrawangsa Hardiansyah,Male,1,Mid,Medan,Permanent,2016-12-17,2018-12-13,Resigned,33580000,3.3,5.0,5044
2947,Dt. Cengkir Jailani,Male,8,Senior,Bandung,Permanent,2019-09-28,,Active,28250000,3.0,2.5,3828
2948,Hasna Mahendra,Male,8,Lead,Bandung,Contract,2018-10-16,,Active,43790000,3.1,4.1,3972
2949,"Maida Anggriawan, S.H.",Male,6,Senior,Surabaya,Permanent,2018-04-03,2022-01-14,Resigned,29830000,2.5,2.6,3451
2950,Cakrawangsa Budiman,Female,10,Senior,Remote,Permanent,2017-06-09,,Active,23630000,4.2,3.7,1271
2951,Gasti Siregar,Male,10,Manager,Yogyakarta,Permanent,2020-03-11,,Active,41040000,4.2,1.4,4732
2952,Ira Mandasari,Male,3,Junior,Surabaya,Permanent,2021-11-26,,Active,22090000,5.0,3.6,3726
2953,Malika Firmansyah,Male,8,Mid,Bandung,Permanent,2018-12-03,,Active,25270000,2.7,2.5,2596
2954,Cindy Maulana,Male,3,Lead,Bandung,Permanent,2016-02-20,,Active,57540000,4.5,3.3,1335
2955,Emas Wijaya,Male,9,Junior,Yogyakarta,Permanent,2019-08-10,,Active,15250000,3.6,3.6,5440
2956,Kenari Halimah,Female,10,Mid,Surabaya,Permanent,2017-07-15,,Active,16470000,2.8,3.5,4619
2957,Dadi Ramadan,Female,6,Lead,Surabaya,Permanent,2017-01-16,,Active,37840000,4.2,3.9,5491
2958,"drg. Yance Budiman, S.IP",Female,3,Mid,Bandung,Permanent,2022-05-12,,Active,27760000,3.4,2.9,1074
2959,"H. Drajat Winarno, M.M.",Female,2,Senior,Remote,Permanent,2015-01-24,,Active,48760000,4.3,3.1,4241
2960,Okto Firmansyah,Male,5,Mid,Yogyakarta,Permanent,2018-03-12,2023-02-10,Resigned,21390000,3.5,3.8,1604
2961,Jagaraga Kuswoyo,Male,8,Lead,Yogyakarta,Probation,2016-10-18,,Active,50370000,2.8,5.0,4529
2962,Ir. Daniswara Kusmawati,Female,10,Mid,Medan,Permanent,2016-05-01,,Active,18030000,2.8,2.9,1863
2963,Sabrina Saragih,Male,2,Intern,Yogyakarta,Permanent,2018-08-23,,Active,11120000,2.9,2.6,4665
2964,Endah Usamah,Female,3,Junior,Jakarta,Permanent,2016-06-22,2018-03-05,Resigned,22910000,2.3,2.7,3468
2965,"Azalea Pudjiastuti, M.TI.",Female,3,Junior,Bandung,Permanent,2020-08-10,2024-12-08,Resigned,21450000,3.7,3.8,3847
2966,Dono Laksmiwati,Female,5,Mid,Remote,Permanent,2019-10-26,,Active,20100000,3.4,2.9,2229
2967,"Emin Napitupulu, S.I.Kom",Female,6,Intern,Yogyakarta,Permanent,2018-03-31,2019-08-31,Resigned,6970000,3.1,2.5,3028
2968,Saka Widiastuti,Male,4,Mid,Bandung,Permanent,2023-03-07,,Active,22800000,2.9,3.2,3009
2969,Balidin Prakasa,Male,4,Mid,Remote,Permanent,2024-09-09,,Active,26460000,2.7,3.9,4969
2970,"Ibrahim Simbolon, S.Ked",Female,8,Mid,Jakarta,Permanent,2017-03-23,,Active,24060000,4.8,4.8,4283
2971,Putu Saefullah,Male,10,Lead,Medan,Permanent,2017-02-11,,Active,35830000,2.9,3.9,3672
2972,Puti Lala Prasasta,Male,4,Mid,Yogyakarta,Permanent,2017-07-28,,Active,27480000,3.4,3.9,2404
2973,Artanto Prastuti,Male,10,Junior,Medan,Permanent,2016-08-21,,Active,12740000,2.5,5.0,4606
2974,"H. Jaswadi Riyanti, S.E.I",Male,1,Junior,Surabaya,Permanent,2019-04-07,,Active,21010000,3.8,5.0,2372
2975,Vera Irawan,Male,9,Intern,Yogyakarta,Permanent,2017-06-27,,Active,7010000,2.7,3.1,2289
2976,Candrakanta Mandasari,Female,5,Mid,Surabaya,Permanent,2022-03-22,2023-01-08,Resigned,22480000,3.1,3.9,1604
2977,Mahfud Safitri,Female,4,Senior,Surabaya,Contract,2022-12-24,,Active,36410000,3.3,3.2,2256
2978,Vanya Utami,Male,2,Mid,Remote,Permanent,2015-06-17,2023-05-11,Resigned,29430000,4.6,3.3,5402
2979,Asmuni Tamba,Female,4,Senior,Medan,Permanent,2020-04-17,,Active,35510000,2.8,3.2,4863
2980,"Candra Nasyiah, S.IP",Male,4,Junior,Surabaya,Permanent,2017-10-30,,Active,14660000,3.0,4.7,1559
2981,Jinawi Pradipta,Male,8,Mid,Remote,Permanent,2016-02-01,,Active,24430000,2.6,3.4,2449
2982,Puti Yuliarti,Male,2,Junior,Surabaya,Permanent,2018-09-18,,Active,20960000,3.8,2.7,5433
2983,"Tgk. Reksa Farida, S.Kom",Female,4,Junior,Bandung,Permanent,2017-09-02,,Active,17300000,3.2,3.9,1767
2984,Malik Waluyo,Male,1,Junior,Remote,Permanent,2016-03-11,,Active,23340000,4.4,2.9,1530
2985,Tari Mansur,Male,3,Junior,Remote,Contract,2021-07-30,,Active,18000000,4.5,3.5,1937
2986,Azalea Laksita,Male,1,Mid,Jakarta,Permanent,2022-11-26,,Active,28970000,3.3,4.3,1112
2987,"Maida Purwanti, S.Pd",Female,5,Junior,Bandung,Permanent,2018-05-19,,Active,14020000,3.5,3.3,3172
2988,H. Jindra Nainggolan,Male,4,Senior,Yogyakarta,Permanent,2015-06-29,,Active,39710000,3.2,3.8,2765
2989,R. Puji Tampubolon,Female,10,Manager,Medan,Probation,2024-11-01,,Active,38120000,5.0,3.8,2792
2990,Uchita Hastuti,Female,7,Junior,Jakarta,Contract,2020-01-11,,Active,10400000,3.1,2.9,4919
2991,Yance Rahimah,Male,8,Mid,Medan,Contract,2020-05-31,,Active,20740000,2.6,3.2,2389
2992,"Drs. Elisa Hidayat, M.TI.",Male,4,Junior,Bandung,Permanent,2021-09-20,,Active,15040000,3.9,3.1,4686
2993,Ihsan Sihombing,Male,7,Mid,Bandung,Permanent,2023-11-28,,Active,14320000,4.2,3.9,2691
2994,"Tgk. Puput Utama, M.M.",Female,8,Senior,Medan,Probation,2020-07-20,,Active,31180000,4.0,3.5,3101
2995,Prayoga Uyainah,Male,3,Lead,Yogyakarta,Permanent,2019-11-29,,Active,56140000,3.4,3.2,4989
2996,dr. Oskar Nashiruddin,Female,9,Senior,Bandung,Permanent,2019-06-30,,Active,26910000,4.4,3.6,1317
2997,Lukman Utama,Male,9,Junior,Remote,Permanent,2021-05-31,,Active,12450000,3.1,3.7,3133
2998,"Drs. Digdaya Sinaga, S.Pt",Female,3,Junior,Medan,Permanent,2020-08-25,,Active,24160000,3.3,3.0,3506
2999,"Kawaya Wibisono, S.Kom",Male,4,Senior,Medan,Permanent,2018-04-28,,Active,34920000,3.7,4.7,1685
3000,Ir. Jamal Puspasari,Male,8,Junior,Surabaya,Permanent,2015-07-06,,Active,20100000,3.6,3.9,4896
3001,Luwar Suryono,Male,7,Senior,Bandung,Permanent,2024-11-28,,Active,24810000,3.8,3.5,3264
3002,Laila Yuniar,Male,9,Mid,Bandung,Permanent,2022-03-16,,Active,17540000,3.9,2.4,3015
3003,Carla Kuswoyo,Male,8,Junior,Medan,Probation,2022-04-10,,Active,14620000,4.0,3.2,3797
3004,Ir. Bagas Gunawan,Female,6,Lead,Medan,Permanent,2015-12-07,,Active,37170000,4.5,3.7,1406
3005,"R. Elma Firmansyah, S.Kom",Male,1,Junior,Surabaya,Permanent,2019-07-31,,Active,20200000,3.6,3.6,1557
3006,Jayeng Nababan,Male,1,Mid,Surabaya,Permanent,2022-01-07,,Active,33980000,3.9,3.9,3678
3007,Anggabaya Pertiwi,Female,2,Senior,Jakarta,Permanent,2016-12-24,,Active,46100000,4.4,4.3,5373
3008,"Raihan Wibisono, M.Kom.",Male,6,Senior,Yogyakarta,Probation,2023-02-07,,Active,30110000,4.6,3.0,3004
3009,Drs. Nardi Rahayu,Female,4,Lead,Medan,Permanent,2024-10-03,,Active,42290000,3.1,3.6,1126
3010,Alika Utama,Female,9,Junior,Bandung,Permanent,2017-06-22,,Active,13050000,4.5,4.0,1728
3011,Luluh Hidayanto,Female,6,Junior,Remote,Permanent,2016-09-29,,Active,15850000,3.3,3.0,3077
3012,Wadi Pranowo,Female,6,Senior,Jakarta,Permanent,2016-08-30,,Active,32550000,3.1,2.8,1573
3013,"Joko Hutapea, M.M.",Female,7,Junior,Bandung,Permanent,2017-01-27,,Active,12180000,2.8,3.6,4394
3014,"Ir. Aswani Tarihoran, M.Pd",Female,9,Lead,Jakarta,Permanent,2023-03-07,2024-01-25,Resigned,33230000,3.2,3.5,3251
3015,"Lidya Uwais, S.Gz",Male,9,Senior,Medan,Permanent,2024-03-02,,Active,26880000,4.7,4.0,2707
3016,"Ir. Hasna Nuraini, S.Gz",Male,9,Junior,Yogyakarta,Contract,2015-10-23,,Active,16900000,2.8,4.0,1129
3017,"Belinda Sihombing, S.Pt",Female,2,Mid,Bandung,Permanent,2016-02-15,,Active,28160000,2.8,3.1,1782
3018,Yosef Maryati,Male,10,Mid,Jakarta,Permanent,2021-10-07,2023-05-03,Resigned,17350000,2.7,3.8,2352
3019,Baktianto Pradipta,Male,5,Senior,Jakarta,Permanent,2023-07-25,,Active,30900000,3.2,2.9,3172
3020,dr. Dadap Nababan,Male,9,Mid,Jakarta,Probation,2018-01-01,2018-08-24,Resigned,20640000,4.4,1.8,2350
3021,Ir. Drajat Purnawati,Male,9,Mid,Surabaya,Contract,2021-01-30,,Active,18390000,4.4,4.6,4565
3022,"Warta Nugroho, M.Pd",Male,4,Intern,Yogyakarta,Contract,2017-04-08,2024-01-27,Resigned,8200000,3.6,3.0,5428
3023,"Puti Agustina, S.IP",Female,3,Senior,Bandung,Permanent,2018-09-20,,Active,47650000,4.0,2.4,2511
3024,"Ir. Koko Tamba, M.M.",Female,9,Junior,Jakarta,Contract,2022-01-14,,Active,15240000,3.3,3.8,3319
3025,"Salwa Aryani, S.IP",Male,4,Mid,Medan,Contract,2021-02-08,,Active,21180000,5.0,5.0,1721
3026,Prima Najmudin,Female,5,Senior,Jakarta,Permanent,2016-08-03,2019-08-06,Resigned,32190000,3.2,2.8,2566
3027,dr. Johan Sirait,Female,7,Lead,Surabaya,Permanent,2016-08-26,,Active,33820000,3.3,4.8,4839
3028,"Candrakanta Nasyidah, M.Ak",Female,6,Mid,Jakarta,Permanent,2022-09-13,,Active,20280000,3.2,4.1,1650
3029,Kamila Sihotang,Male,7,Senior,Surabaya,Permanent,2017-07-08,2021-03-03,Resigned,23690000,4.4,2.4,2863
3030,Tgk. Surya Wahyudin,Female,6,Manager,Jakarta,Contract,2016-04-29,,Active,50670000,3.4,4.0,5491
3031,Vanesa Usada,Male,2,Senior,Surabaya,Permanent,2016-12-30,,Active,46880000,3.3,3.0,4963
3032,Yunita Sinaga,Female,2,Mid,Remote,Permanent,2016-09-07,,Active,27710000,5.0,3.6,3782
3033,R.A. Padmi Palastri,Female,8,Mid,Surabaya,Contract,2018-11-27,,Active,24310000,4.9,4.8,2339
3034,Harimurti Pudjiastuti,Female,4,Manager,Remote,Contract,2017-12-23,,Active,58020000,3.2,2.3,1785
3035,"Hamima Tarihoran, M.M.",Male,2,Mid,Bandung,Permanent,2024-08-30,,Active,25130000,3.2,3.5,2899
3036,Lala Adriansyah,Male,9,Mid,Yogyakarta,Permanent,2018-08-04,,Active,20220000,3.8,3.5,4624
3037,"Ami Suryono, M.Ak",Female,3,Manager,Remote,Permanent,2024-02-19,2024-12-04,Resigned,63500000,5.0,3.5,1747
3038,Karja Mansur,Male,6,Mid,Bandung,Permanent,2018-08-16,,Active,20660000,2.4,3.2,4467
3039,Agnes Salahudin,Female,6,Mid,Yogyakarta,Permanent,2018-07-31,,Active,19860000,3.9,4.0,1633
3040,Dariati Sihotang,Female,9,Junior,Surabaya,Permanent,2021-09-30,,Active,12790000,4.1,3.1,3217
3041,Prasetyo Saefullah,Male,4,Senior,Yogyakarta,Permanent,2019-04-19,,Active,38880000,2.9,4.4,4588
3042,Dr. Kala Pertiwi,Female,7,Senior,Bandung,Permanent,2020-12-21,,Active,20310000,3.5,3.9,2112
3043,R. Cinta Firgantoro,Female,9,Mid,Remote,Contract,2020-11-28,,Active,18080000,4.9,3.3,5294
3044,Kani Mangunsong,Male,2,Junior,Jakarta,Permanent,2022-11-19,2024-05-22,Resigned,15200000,2.4,2.9,2557
3045,Eman Utama,Male,8,Lead,Bandung,Probation,2019-01-24,,Active,45670000,3.1,2.8,4496
3046,R.A. Gina Rajasa,Male,3,Mid,Bandung,Permanent,2018-12-01,,Active,30050000,2.4,3.1,2565
3047,"T. Bakiman Pertiwi, S.Sos",Male,2,Junior,Yogyakarta,Permanent,2024-05-14,,Active,19940000,4.1,5.0,2417
3048,R.A. Uchita Hutagalung,Male,2,Junior,Jakarta,Probation,2015-08-17,,Active,23300000,4.6,4.1,1394
3049,"Jane Laksmiwati, S.E.",Male,9,Lead,Remote,Probation,2019-03-27,,Active,43280000,3.2,2.6,5017
3050,Yunita Permata,Female,2,Junior,Remote,Permanent,2015-08-10,,Active,23190000,3.2,4.8,3633
3051,"Puti Rina Yuniar, S.Pd",Female,10,Lead,Bandung,Permanent,2024-05-23,,Active,32270000,4.1,3.2,2013
3052,Opan Permata,Female,10,Senior,Jakarta,Permanent,2016-08-01,2017-12-09,Resigned,24440000,3.1,4.3,2342
3053,Cindy Hakim,Female,7,Mid,Yogyakarta,Permanent,2016-09-05,,Active,18550000,5.0,4.2,1358
3054,"Tgk. Gantar Fujiati, S.Farm",Female,7,Mid,Surabaya,Permanent,2020-04-09,,Active,14810000,4.8,3.3,3273
3055,"Puti Vera Pradana, M.Ak",Male,7,Junior,Remote,Permanent,2018-03-20,2019-05-19,Resigned,12010000,3.0,2.4,2727
3056,Mahesa Usamah,Male,2,Lead,Yogyakarta,Contract,2020-08-23,,Active,51010000,3.4,4.0,2899
3057,Anastasia Samosir,Female,10,Junior,Surabaya,Contract,2021-03-19,,Active,11610000,3.9,2.7,2778
3058,Dt. Galuh Namaga,Female,9,Senior,Bandung,Permanent,2022-12-15,,Active,31510000,3.5,4.0,5474
3059,R. Jane Mardhiyah,Male,2,Intern,Bandung,Permanent,2020-11-06,,Active,11280000,2.9,3.5,3937
3060,"Gawati Mangunsong, S.Gz",Female,4,Junior,Bandung,Contract,2021-12-10,2023-07-14,Resigned,18100000,3.6,2.9,4863
3061,"Opan Wijaya, M.M.",Male,10,Senior,Yogyakarta,Permanent,2024-02-27,,Active,23910000,5.0,3.2,2352
3062,"Drs. Kamal Mayasari, S.Pt",Female,6,Mid,Jakarta,Contract,2024-04-11,,Active,17560000,3.1,5.0,1170
3063,Ian Siregar,Female,8,Senior,Jakarta,Permanent,2017-03-08,2018-11-05,Resigned,28440000,1.9,2.7,3154
3064,"dr. Cakrajiya Mustofa, S.Psi",Female,3,Mid,Bandung,Permanent,2015-04-25,,Active,32560000,3.3,3.6,1138
3065,Jaswadi Pertiwi,Male,8,Junior,Surabaya,Permanent,2017-05-17,,Active,15730000,3.4,3.7,2228
3066,"Alika Pudjiastuti, S.Sos",Male,8,Junior,Bandung,Permanent,2022-02-27,,Active,16670000,2.9,5.0,4842
3067,Chelsea Wacana,Male,3,Lead,Yogyakarta,Permanent,2021-04-28,,Active,61610000,4.9,4.6,3650
3068,dr. Prayitna Mustofa,Female,2,Junior,Jakarta,Probation,2016-01-17,,Active,22420000,3.1,3.4,4777
3069,"R.M. Jaya Purwanti, S.Kom",Female,3,Manager,Surabaya,Permanent,2019-06-19,,Active,70000000,2.5,2.7,3073
3070,Lala Yulianti,Female,7,Senior,Jakarta,Permanent,2016-06-14,,Active,25070000,3.5,3.4,2824
3071,R.A. Putri Susanti,Male,7,Mid,Bandung,Permanent,2020-08-18,,Active,14880000,3.1,3.8,3825
3072,"Paramita Prayoga, S.H.",Female,7,Mid,Jakarta,Permanent,2020-05-07,,Active,14860000,4.2,2.4,4442
3073,Emas Astuti,Male,3,Head,Remote,Permanent,2022-08-27,,Active,100920000,3.0,3.1,
3074,Silvia Permata,Male,10,Mid,Remote,Permanent,2024-12-01,,Active,19510000,3.4,2.3,2714
3075,Balidin Winarsih,Male,7,Mid,Remote,Permanent,2020-08-16,,Active,16000000,5.0,4.3,2411
3076,Lintang Utama,Female,9,Junior,Surabaya,Permanent,2020-01-07,,Active,13020000,3.4,4.5,1213
3077,Fitriani Sinaga,Female,6,Lead,Remote,Permanent,2015-06-13,,Active,41490000,3.6,4.6,1406
3078,Rina Yolanda,Male,2,Mid,Bandung,Permanent,2021-11-05,,Active,27730000,3.0,1.6,1629
3079,Prasetya Samosir,Female,4,Junior,Bandung,Permanent,2016-02-03,,Active,16600000,2.5,4.4,2866
3080,Gara Susanti,Female,7,Junior,Jakarta,Permanent,2021-02-19,,Active,11050000,4.1,3.1,2739
3081,"Dr. Sarah Maulana, M.M.",Female,3,Senior,Surabaya,Permanent,2018-07-08,,Active,44280000,3.0,3.7,1640
3082,Wahyu Pradipta,Female,2,Junior,Jakarta,Permanent,2021-06-19,,Active,19730000,2.9,3.3,2616
3083,Mahdi Wahyudin,Female,8,Senior,Surabaya,Permanent,2017-11-22,,Active,33590000,4.6,5.0,1036
3084,Praba Hutasoit,Female,3,Senior,Jakarta,Probation,2022-04-17,,Active,43900000,2.1,3.2,4986
3085,Okta Habibi,Female,1,Mid,Surabaya,Permanent,2015-06-12,,Active,29970000,3.6,4.1,3854
3086,Warta Safitri,Male,9,Mid,Medan,Probation,2019-12-11,,Active,21200000,4.4,3.2,4908
3087,Taswir Suwarno,Female,2,Mid,Medan,Permanent,2015-12-08,,Active,33460000,3.4,2.8,1716
3088,Gangsa Kusumo,Male,5,Mid,Jakarta,Permanent,2021-12-17,,Active,19020000,4.2,3.9,5269
3089,Mila Halimah,Male,4,Manager,Jakarta,Permanent,2022-11-06,,Active,53550000,4.3,2.9,5155
3090,Gamblang Pranowo,Male,7,Senior,Medan,Permanent,2018-04-05,,Active,19940000,2.8,3.7,1304
3091,"Paulin Prabowo, S.Kom",Male,7,Manager,Yogyakarta,Permanent,2017-07-02,,Active,39560000,3.3,3.2,4815
3092,Dr. Pardi Rajata,Female,4,Junior,Medan,Contract,2020-03-23,,Active,16990000,3.2,3.2,2830
3093,drg. Luthfi Megantara,Female,2,Manager,Jakarta,Contract,2016-03-22,2024-12-02,Resigned,65100000,3.2,4.5,3603
3094,"Tami Winarsih, S.Ked",Female,2,Junior,Yogyakarta,Permanent,2023-08-13,,Active,19620000,3.6,3.5,3774
3095,Restu Wijayanti,Female,2,Junior,Yogyakarta,Permanent,2018-11-03,,Active,21380000,5.0,3.5,2095
3096,Dt. Dodo Narpati,Female,9,Senior,Jakarta,Permanent,2016-04-13,,Active,28220000,3.2,4.1,4287
3097,Edi Pangestu,Female,9,Junior,Surabaya,Permanent,2016-08-19,,Active,16290000,4.8,2.1,1784
3098,"H. Lasmanto Saputra, S.Gz",Female,8,Mid,Surabaya,Contract,2015-09-13,,Active,24510000,5.0,3.9,3796
3099,Safina Anggriawan,Female,10,Junior,Remote,Permanent,2017-05-24,2018-02-21,Resigned,11410000,4.0,3.0,2886
3100,Harsanto Wijayanti,Female,5,Lead,Bandung,Permanent,2022-02-16,,Active,42280000,3.8,3.5,3851
3101,Salimah Wahyuni,Female,8,Lead,Remote,Permanent,2015-12-01,,Active,41750000,4.4,3.6,1900
3102,Zelaya Kurniawan,Female,6,Mid,Bandung,Contract,2020-11-19,2022-10-31,Resigned,19520000,3.3,2.5,4415
3103,Erik Yulianti,Male,1,Senior,Surabaya,Permanent,2019-10-22,,Active,46190000,3.7,4.1,4872
3104,Gina Wibowo,Female,1,Mid,Medan,Permanent,2019-09-13,,Active,32280000,4.2,3.8,2092
3105,H. Baktiadi Sihotang,Male,5,Mid,Remote,Permanent,2022-10-24,,Active,23330000,4.5,3.1,3555
3106,Zelaya Riyanti,Male,4,Mid,Medan,Permanent,2021-04-16,,Active,24480000,3.3,4.1,1363
3107,R. Cengkir Napitupulu,Male,5,Senior,Remote,Permanent,2018-08-19,,Active,32880000,3.1,4.1,2330
3108,drg. Kanda Damanik,Female,9,Mid,Yogyakarta,Probation,2015-02-28,,Active,23390000,3.3,5.0,4858
3109,Dirja Nuraini,Female,2,Junior,Remote,Permanent,2024-09-10,,Active,17810000,4.7,4.4,1032
3110,Juli Lestari,Male,10,Mid,Bandung,Permanent,2020-01-20,,Active,14190000,4.3,3.4,3989
3111,Uli Manullang,Male,8,Senior,Bandung,Permanent,2015-05-30,,Active,42530000,3.4,4.2,4812
3112,Ganjaran Thamrin,Male,2,Mid,Surabaya,Permanent,2021-09-27,,Active,26060000,3.4,4.8,1031
3113,Sari Sihombing,Male,3,Mid,Jakarta,Permanent,2022-08-15,,Active,28560000,3.6,2.4,3218
3114,Jais Saefullah,Female,6,Junior,Surabaya,Permanent,2015-03-08,,Active,15580000,2.0,3.2,4408
3115,"Dt. Luis Rajasa, S.Sos",Male,3,Mid,Yogyakarta,Permanent,2022-11-04,,Active,28090000,2.4,4.2,4090
3116,"Cut Puti Setiawan, S.H.",Female,6,Senior,Yogyakarta,Permanent,2018-12-13,,Active,32360000,3.0,2.6,2855
3117,Ganep Wijaya,Female,7,Senior,Yogyakarta,Permanent,2016-04-09,,Active,24800000,4.0,4.5,4538
3118,"Cahyo Irawan, S.Sos",Male,2,Senior,Medan,Permanent,2021-03-14,,Active,38340000,4.1,2.7,3378
3119,Ir. Luwar Utami,Female,9,Mid,Remote,Permanent,2024-06-23,,Active,17600000,2.8,3.1,3337
3120,"Darsirah Agustina, S.H.",Female,1,Junior,Jakarta,Probation,2022-11-15,,Active,19270000,3.7,3.6,2521
3121,R. Maria Saragih,Male,4,Mid,Medan,Probation,2016-01-03,,Active,27490000,2.6,3.8,3041
3122,dr. Melinda Namaga,Male,7,Junior,Medan,Probation,2020-07-26,,Active,11620000,4.9,3.4,4636
3123,Danang Yolanda,Male,6,Mid,Medan,Contract,2022-02-07,,Active,19450000,2.8,2.7,2825
3124,Laksana Namaga,Female,5,Mid,Bandung,Permanent,2024-07-20,,Active,22440000,2.9,2.9,1496
3125,"Raharja Pangestu, S.E.I",Female,2,Senior,Yogyakarta,Probation,2016-04-13,,Active,41920000,4.4,3.3,1918
3126,Shakila Novitasari,Female,9,Senior,Yogyakarta,Contract,2023-11-26,,Active,25540000,2.5,3.5,3659
3127,Irfan Maulana,Female,3,Junior,Bandung,Permanent,2015-02-01,,Active,20240000,3.4,3.8,2002
3128,"Wardi Pratiwi, S.E.",Female,2,Senior,Surabaya,Contract,2024-11-11,,Active,36900000,4.1,3.5,4616
3129,Betania Puspita,Female,8,Senior,Yogyakarta,Permanent,2022-07-20,,Active,32000000,5.0,4.1,4242
3130,H. Banara Nashiruddin,Male,1,Lead,Medan,Contract,2016-09-20,,Active,54140000,1.2,3.5,4497
3131,Zalindra Maulana,Female,1,Mid,Bandung,Permanent,2018-10-04,2024-01-27,Resigned,35630000,3.0,2.2,3103
3132,"Ana Simanjuntak, S.Farm",Female,9,Junior,Yogyakarta,Contract,2017-02-28,,Active,13580000,4.5,4.6,3170
3133,Ilsa Handayani,Female,9,Mid,Yogyakarta,Probation,2016-06-11,,Active,17670000,3.6,4.2,4642
3134,"Yuni Uyainah, S.T.",Male,2,Mid,Medan,Permanent,2019-07-10,,Active,27100000,3.3,3.6,2306
3135,Prayogo Nainggolan,Male,7,Junior,Bandung,Permanent,2016-02-12,,Active,12330000,4.1,3.2,4815
3136,Cahyadi Nashiruddin,Female,2,Mid,Surabaya,Contract,2024-06-15,,Active,27580000,3.2,3.2,1796
3137,Prabowo Suryatmi,Male,4,Mid,Jakarta,Permanent,2018-08-13,,Active,24330000,2.6,3.6,4863
3138,Tgk. Rachel Purnawati,Male,9,Senior,Bandung,Permanent,2022-01-19,,Active,25930000,3.2,3.2,4093
3139,R.A. Rina Pradipta,Male,8,Mid,Remote,Permanent,2021-05-31,,Active,23120000,4.8,3.4,5093
3140,Mahfud Dongoran,Female,5,Mid,Surabaya,Permanent,2022-02-11,,Active,21260000,5.0,3.3,2767
3141,Cindy Kuswandari,Male,5,Senior,Bandung,Permanent,2018-05-01,,Active,30620000,3.8,4.2,2330
3142,Jefri Suartini,Female,1,Intern,Jakarta,Permanent,2023-08-22,,Active,10860000,3.7,2.8,1766
3143,Tania Yulianti,Male,4,Senior,Jakarta,Permanent,2022-01-13,2024-02-25,Resigned,36760000,5.0,4.7,4969
3144,Fitria Wibisono,Male,1,Senior,Surabaya,Contract,2016-03-14,,Active,46030000,3.9,3.5,2828
3145,Nabila Mandala,Male,7,Junior,Surabaya,Contract,2015-11-13,,Active,11190000,2.7,2.6,4614
3146,Dadi Prasetyo,Male,1,Lead,Jakarta,Permanent,2019-05-20,2024-05-02,Resigned,57440000,2.2,2.5,3366
3147,Hasan Budiman,Female,10,Junior,Yogyakarta,Permanent,2022-01-06,2024-06-07,Resigned,12310000,3.3,2.7,4606
3148,Laras Prasetya,Female,4,Lead,Bandung,Permanent,2022-02-08,,Active,39510000,3.7,3.2,1402
3149,"Salsabila Pangestu, S.Kom",Male,7,Senior,Remote,Permanent,2017-01-01,,Active,25790000,4.5,3.2,3027
3150,Cecep Farida,Male,3,Mid,Surabaya,Permanent,2016-04-25,,Active,28070000,3.4,4.3,2398
3151,"Ir. Nurul Simbolon, M.M.",Male,10,Manager,Surabaya,Probation,2016-10-10,,Active,43550000,3.0,3.1,2792
3152,Irsad Waskita,Male,1,Mid,Medan,Permanent,2021-10-18,2022-05-09,Resigned,30140000,3.9,3.9,4429
3153,"Dt. Lulut Wibowo, S.Psi",Male,1,Mid,Jakarta,Contract,2017-06-04,,Active,32680000,4.2,3.7,2540
3154,Rahmi Pertiwi,Male,8,Manager,Remote,Permanent,2018-09-03,2020-02-06,Resigned,53710000,3.3,3.8,2414
3155,Drs. Paramita Yuniar,Male,2,Mid,Bandung,Probation,2018-01-01,,Active,27510000,2.6,4.0,4635
3156,"Winda Firgantoro, M.TI.",Female,10,Senior,Surabaya,Permanent,2022-12-10,,Active,27500000,2.9,3.6,2791
3157,Jabal Hasanah,Female,2,Mid,Yogyakarta,Probation,2019-11-22,,Active,27840000,2.0,1.7,4498
3158,"Cut Hesti Maryati, M.Pd",Female,3,Mid,Remote,Permanent,2016-12-09,,Active,31690000,3.5,4.2,1310
3159,Unjani Gunarto,Female,8,Junior,Medan,Permanent,2016-02-26,,Active,16080000,3.7,2.8,2122
3160,dr. Kariman Usamah,Male,4,Senior,Yogyakarta,Permanent,2023-02-05,,Active,37220000,3.3,2.2,3516
3161,Dadap Siregar,Female,9,Intern,Jakarta,Permanent,2024-02-24,,Active,6700000,4.6,3.0,3343
3162,Lala Sihombing,Female,6,Junior,Surabaya,Contract,2017-03-29,,Active,14110000,3.1,3.8,1106
3163,"T. Jail Marbun, S.Farm",Male,1,Senior,Jakarta,Probation,2020-01-15,,Active,41960000,3.6,4.2,1678
3164,Rahmi Habibi,Female,3,Mid,Medan,Contract,2021-07-31,,Active,31830000,2.8,2.9,3218
3165,"Padma Megantara, M.M.",Female,10,Lead,Surabaya,Permanent,2019-06-20,2020-12-19,Resigned,32120000,4.1,3.3,2013
3166,"Hj. Mila Iswahyudi, M.TI.",Male,9,Junior,Bandung,Permanent,2019-01-05,,Active,13590000,3.3,3.6,4187
3167,Cemeti Padmasari,Female,7,Mid,Jakarta,Permanent,2016-08-17,,Active,15280000,3.1,3.5,2736
3168,"Puji Mansur, S.Sos",Male,7,Lead,Yogyakarta,Permanent,2023-01-15,,Active,29100000,4.4,3.1,4158
3169,Janet Hartati,Female,7,Lead,Yogyakarta,Permanent,2017-08-10,,Active,31280000,3.7,3.3,4530
3170,Cemani Hasanah,Male,9,Mid,Medan,Permanent,2020-11-29,,Active,17620000,3.6,3.8,3342
3171,R.A. Mutia Iswahyudi,Male,5,Junior,Yogyakarta,Permanent,2021-06-08,,Active,15140000,3.7,3.6,2486
3172,Janet Yulianti,Female,5,Lead,Bandung,Permanent,2018-07-25,,Active,37100000,4.4,2.8,4425
3173,"Wulan Marpaung, S.IP",Female,4,Junior,Yogyakarta,Permanent,2020-08-04,2022-08-16,Resigned,14330000,3.9,1.9,2618
3174,Balijan Hartati,Female,10,Mid,Medan,Permanent,2016-12-01,,Active,18320000,3.8,2.6,1844
3175,"Gilang Hutasoit, M.TI.",Male,3,Senior,Yogyakarta,Permanent,2018-03-13,2018-09-28,Resigned,49090000,4.0,3.8,2511
3176,"Kiandra Melani, M.Ak",Female,6,Manager,Medan,Permanent,2015-06-01,,Active,52700000,3.3,3.2,5491
3177,Harja Pudjiastuti,Male,4,Junior,Yogyakarta,Permanent,2015-10-12,,Active,17690000,3.5,2.7,2999
3178,Aurora Narpati,Female,5,Senior,Yogyakarta,Permanent,2018-07-23,,Active,32240000,4.0,3.6,4975
3179,Padmi Wahyuni,Female,8,Senior,Yogyakarta,Permanent,2020-07-15,,Active,35600000,5.0,2.9,4679
3180,"R. Elisa Maulana, S.E.",Female,1,Mid,Jakarta,Contract,2020-07-13,,Active,27390000,3.5,3.9,4225
3181,"H. Aslijan Andriani, S.Pd",Male,10,Mid,Jakarta,Permanent,2015-04-30,,Active,18050000,3.4,2.8,2050
3182,Titi Hassanah,Female,9,Mid,Yogyakarta,Permanent,2024-08-29,,Active,16420000,2.8,3.6,1821
3183,Sari Najmudin,Male,3,Mid,Surabaya,Contract,2017-02-21,,Active,30760000,4.4,2.3,5289
3184,Uda Mustofa,Male,2,Junior,Surabaya,Contract,2022-09-20,,Active,19470000,4.7,3.7,4312
3185,Ade Oktaviani,Male,7,Junior,Jakarta,Permanent,2016-03-29,2020-02-23,Resigned,9760000,3.5,1.6,5259
3186,"T. Adinata Haryanti, M.Kom.",Female,2,Mid,Bandung,Permanent,2018-01-10,,Active,31250000,3.7,3.7,1588
3187,"Dr. Puji Ardianto, M.Ak",Male,1,Junior,Bandung,Permanent,2016-06-01,,Active,23950000,5.0,3.3,4432
3188,Gilda Pratama,Female,2,Intern,Jakarta,Permanent,2022-02-21,,Active,9860000,3.4,3.5,4550
3189,Hj. Nabila Hasanah,Male,5,Manager,Yogyakarta,Probation,2021-06-25,,Active,50810000,3.4,3.1,3200
3190,Maimunah Hutapea,Female,10,Manager,Bandung,Permanent,2023-08-31,,Active,42470000,2.3,3.4,4732
3191,Ir. Agnes Prasasta,Female,1,Junior,Remote,Permanent,2022-12-23,2024-02-24,Resigned,22990000,3.8,3.5,1950
3192,T. Lukman Utami,Male,9,Senior,Jakarta,Permanent,2022-10-17,2024-09-02,Resigned,24500000,2.9,2.9,2279
3193,Sutan Asirwanda Nashiruddin,Male,9,Mid,Bandung,Permanent,2020-04-01,,Active,16380000,4.4,3.4,4049
3194,Asman Yolanda,Female,4,Junior,Medan,Permanent,2017-05-04,,Active,16490000,3.6,4.2,2750
3195,Ani Maulana,Female,8,Junior,Remote,Permanent,2023-07-12,,Active,15330000,3.7,3.6,2917
3196,"Cut Salwa Permata, M.Ak",Male,3,Junior,Bandung,Permanent,2024-07-04,,Active,19270000,2.4,3.3,2415
3197,Julia Irawan,Female,8,Junior,Medan,Permanent,2019-04-29,,Active,17250000,3.7,3.6,4035
3198,Balangga Agustina,Female,10,Lead,Bandung,Permanent,2017-02-08,2022-05-05,Resigned,31670000,4.1,3.3,1943
3199,Caraka Wulandari,Male,9,Mid,Jakarta,Permanent,2016-08-26,,Active,21610000,3.8,3.9,1648
3200,Rahmi Wijayanti,Male,5,Head,Bandung,Permanent,2015-03-09,,Active,70420000,4.3,3.1,
3201,"Tira Riyanti, M.Farm",Female,5,Manager,Surabaya,Permanent,2022-06-04,,Active,52540000,5.0,3.2,3200
3202,"Dr. Cecep Hasanah, M.Farm",Male,2,Mid,Bandung,Permanent,2018-12-22,,Active,28530000,4.0,2.5,2849
3203,Ani Iswahyudi,Female,7,Mid,Yogyakarta,Permanent,2020-09-11,,Active,14150000,4.7,4.3,5375
3204,"T. Gaman Uwais, S.Sos",Male,10,Mid,Remote,Probation,2015-07-21,,Active,16640000,4.7,3.6,3151
3205,"Puti Vanya Aryani, M.Pd",Male,10,Mid,Bandung,Permanent,2018-04-19,,Active,16510000,4.0,3.0,5326
3206,Erik Halimah,Female,5,Junior,Remote,Permanent,2020-10-25,,Active,14870000,3.1,3.3,4566
3207,Banawi Saefullah,Male,10,Senior,Jakarta,Contract,2016-03-30,,Active,24620000,2.9,3.7,2013
3208,Paramita Zulkarnain,Female,6,Senior,Surabaya,Permanent,2017-09-04,2019-04-20,Resigned,31320000,2.9,3.5,3451
3209,Sutan Mursinin Pranowo,Female,3,Mid,Bandung,Permanent,2019-05-25,,Active,29730000,3.6,2.0,3957
3210,Cut Cici Pertiwi,Female,5,Junior,Surabaya,Permanent,2020-07-21,2022-03-09,Resigned,16700000,3.1,2.7,5405
3211,"Siti Nuraini, S.Pt",Female,7,Mid,Medan,Contract,2023-03-25,2023-12-24,Resigned,14110000,3.9,3.3,3336
3212,Tari Suartini,Female,4,Junior,Remote,Permanent,2023-04-16,,Active,13340000,3.1,4.2,2647
3213,"H. Edward Aryani, M.Ak",Female,10,Mid,Surabaya,Contract,2022-08-23,2023-08-29,Resigned,16860000,3.2,3.3,2951
3214,"dr. Hana Novitasari, M.Farm",Male,7,Junior,Yogyakarta,Permanent,2015-02-22,,Active,12420000,3.3,3.5,4773
3215,dr. Diah Susanti,Male,3,Mid,Bandung,Permanent,2017-12-16,,Active,31840000,3.3,3.4,4988
3216,Dr. Putri Usamah,Male,2,Senior,Yogyakarta,Permanent,2021-08-30,,Active,35750000,3.8,3.4,4777
3217,Nilam Najmudin,Female,9,Mid,Jakarta,Permanent,2024-10-16,,Active,15630000,2.7,4.3,2816
3218,R.A. Titin Siregar,Male,3,Senior,Surabaya,Contract,2021-05-12,,Active,41490000,3.6,4.8,2654
3219,Abyasa Lazuardi,Male,3,Manager,Jakarta,Permanent,2023-06-20,,Active,66150000,5.0,4.0,1747
3220,Jaka Utami,Female,8,Junior,Surabaya,Probation,2020-01-28,,Active,17100000,4.4,4.4,1524
3221,"R. Okto Pranowo, M.Ak",Female,2,Manager,Surabaya,Permanent,2022-06-10,,Active,67060000,3.7,3.5,3603
3222,Laras Gunawan,Female,2,Mid,Medan,Permanent,2018-05-18,,Active,29470000,3.5,2.8,2417
3223,Kamaria Purwanti,Female,9,Senior,Medan,Permanent,2016-04-06,,Active,29210000,4.7,3.5,1701
3224,"Ir. Danuja Anggriawan, S.Kom",Male,5,Lead,Bandung,Permanent,2016-08-28,,Active,48350000,4.5,3.7,1297
3225,"Intan Rajasa, S.Pt",Male,1,Mid,Bandung,Permanent,2019-01-03,,Active,37710000,3.1,3.2,2805
3226,Ifa Mayasari,Female,3,Mid,Jakarta,Permanent,2019-01-12,,Active,32900000,3.1,2.8,5157
3227,Tgk. Pranata Ardianto,Female,10,Mid,Surabaya,Contract,2022-03-01,,Active,19310000,4.1,3.9,4756
3228,Mahfud Sitorus,Female,2,Junior,Surabaya,Contract,2024-10-28,,Active,17540000,2.6,3.6,1629
3229,Lala Purnawati,Female,4,Senior,Yogyakarta,Probation,2018-09-18,,Active,38720000,1.6,3.6,2026
3230,Cut Zahra Natsir,Female,1,Senior,Remote,Permanent,2018-06-20,2024-10-16,Resigned,44440000,2.6,2.8,1020
3231,Gamblang Sirait,Male,10,Senior,Medan,Probation,2019-11-11,,Active,25420000,5.0,2.8,4780
3232,"Jatmiko Kusmawati, S.Gz",Female,2,Mid,Jakarta,Permanent,2018-03-27,,Active,29940000,4.9,3.0,3216
3233,"Cahya Laksmiwati, S.E.I",Male,5,Senior,Medan,Probation,2020-03-25,,Active,33830000,2.2,3.4,1198
3234,"Jagaraga Nasyiah, S.Psi",Male,4,Junior,Jakarta,Contract,2018-05-28,,Active,15670000,2.7,3.8,3143
3235,Violet Zulkarnain,Male,10,Mid,Medan,Permanent,2020-02-03,2022-03-03,Resigned,16850000,3.7,2.4,2846
3236,"Amelia Nurdiyanti, S.Pd",Female,5,Intern,Remote,Contract,2018-06-06,2022-11-14,Resigned,7300000,2.5,3.0,1148
3237,Hj. Iriana Puspita,Male,6,Senior,Surabaya,Contract,2017-10-26,,Active,35740000,3.0,2.8,3515
3238,Dt. Daniswara Permata,Male,7,Intern,Bandung,Probation,2015-12-19,,Active,5780000,2.5,3.4,1521
3239,"Gamblang Thamrin, S.Pt",Male,7,Mid,Jakarta,Permanent,2019-11-05,,Active,15640000,3.2,3.5,2081
3240,Estiono Dabukke,Male,4,Mid,Bandung,Contract,2020-04-22,,Active,23620000,3.6,4.2,1718
3241,Keisha Utami,Female,7,Junior,Jakarta,Contract,2019-09-27,,Active,12430000,3.3,3.6,5174
3242,R.M. Kenzie Sudiati,Female,2,Mid,Medan,Permanent,2021-09-11,,Active,25850000,3.9,4.6,5304
3243,Fitria Riyanti,Female,10,Mid,Remote,Permanent,2024-01-08,,Active,15200000,1.9,4.9,2104
3244,Saka Samosir,Female,3,Senior,Bandung,Permanent,2016-07-09,,Active,41130000,2.4,2.0,1793
3245,"Zamira Sihotang, S.Gz",Male,3,Mid,Remote,Permanent,2018-05-02,,Active,32700000,3.7,3.4,2267
3246,Laras Irawan,Male,1,Senior,Yogyakarta,Permanent,2019-03-20,,Active,42250000,2.7,3.9,1591
3247,Gilda Wahyudin,Female,10,Senior,Remote,Permanent,2022-10-14,,Active,22760000,3.6,3.5,4780
3248,Yance Sihombing,Female,1,Mid,Yogyakarta,Probation,2018-12-21,,Active,30950000,3.6,3.7,4770
3249,Karna Sihombing,Female,9,Senior,Jakarta,Probation,2015-04-24,,Active,30770000,3.4,3.3,5156
3250,Balidin Wahyudin,Female,6,Mid,Medan,Contract,2015-12-29,,Active,22740000,3.8,4.2,4126
3251,"Dt. Prayogo Pangestu, S.Pt",Male,9,Manager,Bandung,Permanent,2021-07-05,,Active,44810000,3.4,3.1,1153
3252,Ophelia Dongoran,Female,5,Mid,Yogyakarta,Permanent,2015-08-08,,Active,23190000,3.6,3.6,1978
3253,"drg. Utama Mardhiyah, S.E.I",Male,8,Junior,Medan,Permanent,2020-03-10,,Active,15350000,2.9,3.0,2339
3254,Ganep Laksmiwati,Male,4,Junior,Remote,Permanent,2015-12-13,,Active,17930000,4.4,3.7,3869
3255,"Paramita Saragih, S.Psi",Male,5,Junior,Yogyakarta,Permanent,2024-03-20,,Active,13400000,4.8,3.9,3795
3256,Pranawa Januar,Male,8,Intern,Remote,Permanent,2016-05-12,,Active,9290000,3.8,3.5,5118
3257,"Drs. Shania Mustofa, S.Kom",Male,1,Senior,Bandung,Permanent,2022-11-13,,Active,39240000,3.9,4.0,1562
3258,"Ani Haryanti, S.Sos",Female,6,Mid,Remote,Permanent,2016-07-12,,Active,21560000,3.7,3.1,1375
3259,"Zelaya Nurdiyanti, S.IP",Male,7,Mid,Remote,Probation,2018-05-17,,Active,15670000,4.3,3.9,4919
3260,Galang Gunawan,Male,1,Junior,Remote,Permanent,2024-01-13,,Active,19880000,3.8,5.0,2490
3261,"Samsul Riyanti, S.Pt",Male,1,Junior,Jakarta,Permanent,2015-01-01,,Active,21750000,3.6,2.8,1471
3262,Nadia Gunawan,Male,9,Mid,Medan,Permanent,2017-04-16,2018-01-21,Resigned,20160000,3.1,3.2,1348
3263,Karma Wahyuni,Male,1,Junior,Yogyakarta,Probation,2016-05-13,,Active,23240000,2.7,3.0,3866
3264,"Ira Damanik, M.Farm",Male,7,Manager,Surabaya,Contract,2024-06-09,,Active,39740000,2.9,3.6,4815
3265,"T. Manah Pranowo, S.Psi",Female,2,Mid,Jakarta,Permanent,2024-08-20,,Active,30790000,3.2,3.6,2883
3266,Dadi Suwarno,Male,5,Junior,Remote,Permanent,2017-01-26,,Active,16860000,3.7,3.3,2579
3267,Patricia Simanjuntak,Male,9,Manager,Medan,Permanent,2020-09-26,,Active,53500000,3.0,3.0,3798
3268,"drg. Mumpuni Lazuardi, S.T.",Female,1,Manager,Jakarta,Probation,2018-04-02,,Active,75650000,3.7,3.8,2805
3269,Candrakanta Saefullah,Female,9,Junior,Yogyakarta,Permanent,2019-02-13,,Active,13480000,3.4,3.4,1062
3270,Aditya Oktaviani,Male,8,Mid,Yogyakarta,Permanent,2020-03-15,,Active,24300000,4.0,2.8,2575
3271,Dr. Baktiono Putra,Female,5,Junior,Jakarta,Permanent,2020-02-16,2022-10-20,Resigned,15770000,3.5,3.0,3466
3272,Tgk. Kunthara Simanjuntak,Male,1,Mid,Remote,Permanent,2022-03-27,,Active,31990000,2.8,2.6,3230
3273,Dinda Suryono,Male,7,Lead,Yogyakarta,Contract,2018-12-23,,Active,32790000,4.5,3.0,3441
3274,R.A. Ella Hidayanto,Female,8,Manager,Surabaya,Permanent,2018-02-08,2020-05-16,Resigned,57750000,2.7,3.7,2896
3275,Rahmi Sirait,Male,6,Mid,Medan,Permanent,2018-11-29,,Active,20980000,4.7,3.6,5462
3276,drg. Asirwanda Mustofa,Male,9,Mid,Surabaya,Permanent,2016-12-15,,Active,22660000,2.8,2.2,2391
3277,Jarwi Wulandari,Female,3,Mid,Bandung,Permanent,2020-02-26,,Active,28170000,5.0,3.0,5235
3278,Balamantri Winarno,Female,10,Junior,Remote,Permanent,2019-06-02,2024-08-12,Resigned,12050000,4.6,2.4,4729
3279,Bakianto Aryani,Female,6,Manager,Medan,Permanent,2021-10-17,,Active,48450000,4.2,3.8,1794
3280,Elma Riyanti,Female,7,Junior,Medan,Probation,2016-06-14,,Active,13630000,4.2,2.3,1358
3281,Hj. Zalindra Hassanah,Female,7,Mid,Yogyakarta,Permanent,2021-07-22,,Active,17460000,4.0,4.2,4224
3282,dr. Ira Sitorus,Male,8,Mid,Bandung,Permanent,2024-07-21,,Active,19890000,2.8,3.8,4012
3283,"R.A. Tania Winarsih, M.Pd",Male,6,Senior,Yogyakarta,Permanent,2020-08-07,,Active,31550000,4.0,3.9,4554
3284,Virman Hastuti,Male,4,Lead,Remote,Contract,2023-08-28,,Active,38710000,3.6,2.2,3034
3285,R. Cornelia Hastuti,Male,3,Mid,Yogyakarta,Permanent,2024-11-16,,Active,26710000,2.9,3.3,4690
3286,Jaga Saragih,Female,8,Senior,Surabaya,Permanent,2015-09-21,,Active,39670000,4.4,4.4,1036
3287,"Margana Hastuti, M.Kom.",Male,10,Junior,Medan,Permanent,2019-12-14,,Active,11860000,2.9,4.7,1346
3288,Warta Prasetyo,Male,9,Senior,Remote,Permanent,2016-12-13,,Active,25990000,4.8,3.6,5440
3289,Satya Susanti,Male,10,Lead,Bandung,Permanent,2022-02-23,,Active,33560000,4.3,3.8,1048
3290,Karimah Wijaya,Female,6,Junior,Bandung,Permanent,2019-11-28,,Active,16050000,3.5,4.1,4505
3291,Naradi Widiastuti,Male,8,Junior,Bandung,Permanent,2019-11-13,,Active,18840000,3.3,3.3,1010
3292,Winda Simbolon,Male,1,Senior,Jakarta,Permanent,2022-01-20,,Active,40230000,4.8,3.1,1020
3293,Nova Dabukke,Male,9,Junior,Yogyakarta,Permanent,2015-01-22,,Active,15210000,4.1,4.2,5236
3294,Jaswadi Kusumo,Male,10,Lead,Remote,Probation,2018-10-27,,Active,35390000,3.3,3.7,4255
3295,Natalia Hariyah,Female,4,Lead,Medan,Contract,2017-02-17,,Active,44820000,2.9,4.2,2033
3296,"R. Intan Tampubolon, M.Ak",Female,3,Intern,Medan,Contract,2018-12-31,,Active,10160000,4.1,3.0,3315
3297,R. Oni Jailani,Male,2,Lead,Yogyakarta,Contract,2019-12-03,,Active,57600000,3.9,3.7,3603
3298,Yuliana Kurniawan,Male,9,Mid,Surabaya,Permanent,2016-06-04,,Active,22510000,2.9,4.1,1538
3299,Puti Yulianti,Female,7,Junior,Medan,Permanent,2017-08-02,,Active,12880000,4.5,3.8,4559
3300,Prima Sihombing,Male,1,Mid,Surabaya,Permanent,2024-03-18,,Active,25600000,2.3,3.8,2805
3301,drg. Himawan Rahayu,Female,3,Mid,Bandung,Probation,2015-10-06,,Active,32310000,3.6,3.4,4090
3302,Halima Safitri,Male,1,Junior,Medan,Probation,2020-12-28,,Active,21750000,3.3,2.6,5446
3303,Kuncara Manullang,Female,1,Lead,Medan,Permanent,2019-06-24,,Active,50900000,2.3,2.7,2805
3304,Kiandra Haryanto,Male,10,Junior,Surabaya,Permanent,2021-07-15,,Active,11990000,3.6,3.1,3970
3305,Fathonah Rahayu,Male,7,Mid,Bandung,Permanent,2018-10-16,,Active,16260000,4.5,4.1,4442
3306,Violet Fujiati,Male,2,Mid,Remote,Contract,2016-07-24,2020-10-01,Resigned,30530000,3.1,2.0,1237
3307,dr. Puji Prakasa,Male,4,Mid,Medan,Contract,2017-08-23,,Active,27820000,4.7,2.6,2653
3308,Mujur Winarsih,Male,9,Junior,Yogyakarta,Permanent,2018-11-17,,Active,14350000,3.6,3.0,4011
3309,Okta Pertiwi,Male,9,Junior,Bandung,Permanent,2021-03-08,,Active,12800000,3.4,3.6,3133
3310,"Dr. Calista Rahayu, M.Ak",Male,7,Mid,Bandung,Permanent,2016-03-02,2022-05-09,Resigned,16530000,4.0,4.0,3623
3311,Jane Puspita,Female,6,Mid,Bandung,Permanent,2020-05-10,,Active,18510000,3.8,3.5,4534
3312,Rizki Handayani,Male,10,Senior,Bandung,Permanent,2015-04-18,,Active,27620000,4.0,2.9,3198
3313,Gaiman Waskita,Female,7,Senior,Jakarta,Permanent,2022-08-25,,Active,23650000,3.6,2.5,3169
3314,Liman Kurniawan,Male,5,Mid,Remote,Permanent,2019-05-05,,Active,22310000,4.9,4.2,1977
3315,"Rahmat Riyanti, S.Sos",Female,3,Mid,Yogyakarta,Permanent,2021-02-28,,Active,27700000,4.4,3.5,5157
3316,Nilam Yuliarti,Female,5,Mid,Yogyakarta,Contract,2018-12-11,,Active,23230000,3.4,4.5,2126
3317,"Aswani Iswahyudi, S.Kom",Male,3,Mid,Jakarta,Permanent,2017-08-08,,Active,31060000,4.7,3.5,4128
3318,"R. Ratna Usada, S.Ked",Male,1,Senior,Bandung,Contract,2023-12-29,2024-12-27,Resigned,40450000,3.1,3.5,3648
3319,"R.M. Mitra Maryadi, M.M.",Male,9,Mid,Bandung,Permanent,2015-08-21,,Active,21120000,3.7,2.8,3223
3320,T. Harsaya Susanti,Female,6,Mid,Bandung,Probation,2018-12-03,,Active,19730000,3.7,3.5,5413
3321,Dr. Faizah Putra,Male,10,Junior,Remote,Permanent,2021-10-18,,Active,11670000,3.8,3.8,2881
3322,"Tomi Simanjuntak, S.Pd",Male,2,Mid,Medan,Permanent,2015-11-09,,Active,25720000,3.6,3.3,3056
3323,Hj. Ilsa Fujiati,Female,1,Junior,Remote,Permanent,2024-08-18,,Active,20320000,4.0,4.8,5141
3324,"Jelita Irawan, M.Farm",Female,10,Mid,Remote,Permanent,2023-10-01,,Active,17600000,3.2,3.0,2436
3325,Luwar Melani,Female,1,Senior,Medan,Permanent,2018-07-30,,Active,45380000,4.5,3.7,3891
3326,Zulfa Mahendra,Female,6,Mid,Medan,Permanent,2019-08-10,,Active,23340000,3.8,4.2,5464
3327,"Tgk. Almira Uwais, M.Pd",Male,8,Senior,Medan,Permanent,2017-04-13,,Active,34510000,3.2,4.8,2414
3328,Abyasa Purwanti,Male,7,Junior,Bandung,Permanent,2016-05-17,,Active,11770000,4.6,4.0,4433
3329,"dr. Carla Suryono, S.Ked",Male,2,Senior,Yogyakarta,Probation,2022-10-31,,Active,35510000,2.0,3.7,3603
3330,Ian Rahayu,Male,9,Senior,Surabaya,Permanent,2020-08-05,,Active,31470000,4.5,3.2,2816
3331,Sari Simanjuntak,Female,6,Junior,Jakarta,Permanent,2018-05-15,,Active,15420000,4.2,3.6,4120
3332,"Kezia Waskita, S.Sos",Female,8,Junior,Yogyakarta,Permanent,2020-07-21,2023-03-11,Resigned,17680000,3.3,3.2,4662
3333,Puji Prabowo,Male,5,Junior,Remote,Permanent,2017-04-22,,Active,15630000,4.6,3.0,3805
3334,"Cawuk Kusmawati, S.E.I",Male,9,Mid,Medan,Permanent,2022-05-29,,Active,19150000,4.7,2.8,4143
3335,Kala Winarno,Male,3,Senior,Surabaya,Probation,2021-10-29,,Active,36100000,3.1,2.9,3917
3336,"dr. Zaenab Agustina, S.E.I",Female,7,Senior,Bandung,Permanent,2024-02-01,,Active,22610000,2.7,2.8,3273
3337,Salsabila Mahendra,Female,9,Senior,Yogyakarta,Contract,2023-02-20,,Active,26740000,4.6,3.8,4642
3338,Adikara Hidayanto,Male,8,Mid,Remote,Probation,2024-01-21,2024-10-26,Resigned,22340000,3.5,3.7,2994
3339,"Agus Megantara, M.Kom.",Female,2,Lead,Medan,Permanent,2024-08-17,,Active,48010000,4.5,4.5,3603
3340,"Ibrani Mansur, S.Pt",Female,6,Mid,Yogyakarta,Permanent,2016-10-27,,Active,20910000,3.5,3.4,1418
3341,Maras Agustina,Male,9,Junior,Surabaya,Contract,2016-06-24,,Active,15060000,4.1,2.9,3832
3342,"Dr. Winda Suartini, S.Farm",Female,9,Senior,Medan,Permanent,2015-12-17,,Active,36950000,3.7,4.1,1153
3343,R. Mutia Melani,Female,9,Junior,Surabaya,Permanent,2015-06-08,,Active,15030000,2.6,3.6,2914
3344,Puspa Hartati,Female,10,Junior,Medan,Permanent,2023-10-10,,Active,11560000,2.6,2.8,3970
3345,Kamila Prasetyo,Female,4,Lead,Surabaya,Contract,2021-05-17,,Active,44900000,3.5,4.5,4863
3346,Irwan Suartini,Female,8,Mid,Yogyakarta,Permanent,2020-03-10,2020-09-24,Resigned,21030000,2.4,3.7,2414
3347,Koko Mandasari,Female,5,Junior,Medan,Permanent,2020-05-20,,Active,13130000,2.4,3.9,1080
3348,"R.A. Tania Mardhiyah, S.T.",Male,2,Lead,Surabaya,Contract,2021-07-01,,Active,61640000,3.7,2.1,3435
3349,Puji Permata,Female,10,Head,Surabaya,Permanent,2015-09-20,,Active,55690000,3.8,3.0,
3350,Ami Firgantoro,Female,3,Mid,Bandung,Permanent,2017-11-29,,Active,30130000,3.0,2.7,4945
3351,Dr. Tiara Uwais,Male,1,Senior,Remote,Permanent,2016-08-24,,Active,52510000,3.9,3.5,2909
3352,Laksana Laksmiwati,Male,8,Mid,Medan,Contract,2022-05-05,2024-10-01,Resigned,24020000,3.6,2.5,1661
3353,"Cindy Megantara, M.TI.",Female,10,Manager,Bandung,Permanent,2015-06-21,,Active,45530000,3.0,3.2,3672
3354,"Tgk. Nadia Maryati, S.Pt",Female,2,Mid,Medan,Permanent,2017-11-20,2022-05-05,Resigned,34630000,2.4,2.8,1922
3355,Drs. Bakidin Prasasta,Male,6,Junior,Medan,Permanent,2018-12-03,,Active,14260000,4.1,2.9,1259
3356,Siti Wijayanti,Male,8,Lead,Medan,Permanent,2017-08-28,,Active,46700000,3.8,2.9,4012
3357,"Bahuwarna Usada, M.Pd",Female,2,Lead,Surabaya,Permanent,2015-10-20,,Active,66710000,5.0,4.0,1716
3358,"Drs. Galang Suryatmi, S.Gz",Female,5,Junior,Surabaya,Probation,2021-10-22,,Active,14890000,4.3,3.9,3100
3359,Patricia Anggriawan,Female,10,Junior,Surabaya,Permanent,2020-04-11,,Active,12040000,3.2,4.1,2161
3360,Mutia Mulyani,Male,5,Senior,Bandung,Contract,2019-02-17,2024-11-02,Resigned,32800000,3.6,3.5,2101
3361,Queen Sitompul,Male,2,Lead,Surabaya,Permanent,2016-03-11,,Active,59910000,2.8,3.2,3435
3362,Kamila Sihombing,Female,6,Mid,Medan,Permanent,2017-05-30,,Active,21480000,3.7,2.4,2586
3363,Eli Firgantoro,Male,2,Senior,Remote,Permanent,2019-04-10,,Active,39620000,3.7,3.3,3809
3364,"Rina Sihombing, M.Farm",Male,3,Senior,Medan,Permanent,2017-07-08,,Active,36200000,4.3,4.0,4648
3365,Almira Usamah,Female,10,Junior,Medan,Contract,2021-01-16,,Active,11810000,2.8,3.5,1339
3366,Ratna Narpati,Female,1,Manager,Yogyakarta,Permanent,2022-05-24,,Active,74250000,3.3,2.7,4497
3367,Cut Sakura Siregar,Male,7,Mid,Bandung,Permanent,2024-05-17,,Active,14730000,4.1,2.7,1887
3368,"H. Leo Dongoran, S.Pd",Female,2,Mid,Remote,Probation,2017-08-03,,Active,30410000,3.9,3.2,4430
3369,Chelsea Mahendra,Male,2,Mid,Yogyakarta,Permanent,2019-12-28,,Active,31470000,2.6,3.9,2468
3370,R. Soleh Setiawan,Female,1,Mid,Surabaya,Permanent,2021-04-14,,Active,29790000,4.2,2.8,3246
3371,Diah Susanti,Male,6,Junior,Bandung,Permanent,2020-01-13,,Active,15360000,3.1,3.1,1476
3372,Ika Rajasa,Male,2,Senior,Yogyakarta,Permanent,2021-01-11,,Active,36840000,3.9,2.7,3348
3373,Opung Kusumo,Male,7,Junior,Surabaya,Permanent,2021-10-16,,Active,12290000,3.0,3.1,1254
3374,R. Rika Maryadi,Male,4,Mid,Medan,Probation,2015-11-30,,Active,26620000,5.0,3.9,2280
3375,"Ivan Uwais, S.E.",Female,9,Mid,Bandung,Contract,2022-02-04,,Active,21170000,3.4,4.0,1664
3376,Violet Prakasa,Female,2,Mid,Yogyakarta,Permanent,2015-03-05,,Active,34360000,3.0,3.9,2616
3377,Elvina Nuraini,Female,3,Junior,Yogyakarta,Permanent,2023-05-01,2023-11-14,Resigned,17700000,2.9,4.4,2867
3378,"Cut Jasmin Hutasoit, S.E.I",Male,2,Manager,Medan,Contract,2015-10-27,,Active,76910000,4.4,2.6,3603
3379,R. Zalindra Lailasari,Female,9,Lead,Remote,Permanent,2018-12-22,,Active,40550000,5.0,3.4,4634
3380,"dr. Prasetya Winarno, S.H.",Female,9,Mid,Surabaya,Permanent,2016-05-02,,Active,20920000,4.3,2.8,2413
3381,"Irnanto Uyainah, S.E.",Male,1,Mid,Yogyakarta,Contract,2023-02-06,2024-08-02,Resigned,30130000,3.1,2.3,4318
3382,Koko Situmorang,Female,5,Mid,Surabaya,Permanent,2023-04-22,,Active,18700000,2.9,2.5,1024
3383,Maras Saptono,Male,9,Senior,Medan,Contract,2023-03-24,,Active,29170000,4.9,2.8,1965
3384,"R. Aslijan Marbun, M.M.",Male,8,Senior,Medan,Permanent,2016-09-15,,Active,37570000,2.9,3.0,2747
3385,Nabila Sihombing,Female,3,Lead,Bandung,Permanent,2019-04-03,,Active,56060000,3.8,3.4,2382
3386,Ulva Nasyidah,Female,9,Senior,Yogyakarta,Permanent,2023-09-02,2024-07-30,Resigned,32800000,1.1,2.2,5391
3387,Harjasa Zulaika,Female,7,Senior,Surabaya,Permanent,2018-03-14,,Active,23470000,3.9,4.3,5101
3388,"Kayla Kusmawati, S.T.",Male,5,Mid,Remote,Contract,2015-06-21,,Active,23590000,2.8,4.0,3934
3389,Karta Fujiati,Male,10,Mid,Medan,Contract,2019-10-30,,Active,16260000,2.2,2.5,3198
3390,Edward Hassanah,Female,2,Mid,Bandung,Permanent,2016-02-12,,Active,31000000,2.1,2.9,5124
3391,Shania Sihotang,Female,5,Mid,Bandung,Permanent,2020-06-16,,Active,21840000,4.7,3.0,4348
3392,Ir. Yahya Gunarto,Female,4,Mid,Bandung,Permanent,2021-10-18,,Active,22050000,4.0,2.6,3727
3393,Vero Nasyidah,Male,7,Mid,Medan,Permanent,2016-01-29,,Active,20550000,3.9,4.2,1174
3394,"Garang Astuti, M.Ak",Male,3,Junior,Medan,Permanent,2021-09-17,,Active,22120000,2.7,2.6,1055
3395,"Sidiq Saputra, S.Psi",Male,4,Mid,Jakarta,Permanent,2015-01-28,,Active,27420000,3.1,3.7,5428
3396,Hasna Januar,Female,3,Senior,Yogyakarta,Permanent,2021-05-28,,Active,40680000,4.5,3.2,3037
3397,Safina Padmasari,Female,10,Mid,Remote,Permanent,2018-04-23,,Active,18360000,3.6,4.3,3996
3398,Malika Wulandari,Male,10,Junior,Yogyakarta,Permanent,2019-12-26,,Active,11440000,5.0,2.6,4619
3399,"Halima Wulandari, M.Farm",Male,2,Junior,Jakarta,Probation,2018-02-14,,Active,19720000,3.7,3.3,1796
3400,"Sutan Karma Sirait, S.E.",Male,5,Senior,Remote,Permanent,2023-05-07,,Active,28580000,3.5,3.8,3594
3401,Pia Anggriawan,Male,1,Mid,Yogyakarta,Permanent,2020-09-07,,Active,29120000,4.6,3.5,3761
3402,"Adika Hidayat, S.Ked",Male,9,Mid,Jakarta,Permanent,2022-12-05,,Active,17990000,4.6,1.9,2079
3403,Cinthia Novitasari,Female,2,Lead,Remote,Contract,2017-02-18,,Active,48480000,3.2,3.8,2095
3404,Mahdi Hassanah,Male,1,Manager,Bandung,Permanent,2022-02-11,,Active,65530000,5.0,4.0,2805
3405,Gawati Suryono,Female,8,Junior,Remote,Permanent,2024-10-12,,Active,14650000,2.6,3.0,2242
3406,Febi Firmansyah,Female,8,Senior,Bandung,Permanent,2016-09-12,,Active,26040000,3.3,3.5,1698
3407,Lukman Iswahyudi,Female,6,Junior,Jakarta,Probation,2016-06-23,,Active,16570000,3.3,3.9,5252
3408,Wakiman Riyanti,Male,2,Mid,Yogyakarta,Permanent,2015-01-14,,Active,30660000,4.3,4.1,4672
3409,"Tugiman Pratama, M.Ak",Male,1,Junior,Yogyakarta,Permanent,2022-12-18,,Active,20270000,3.6,4.1,2360
3410,"Banawi Lazuardi, S.Pt",Female,7,Mid,Remote,Permanent,2022-01-28,,Active,15660000,4.4,3.0,2388
3411,"Ir. Diah Waluyo, M.Farm",Male,6,Junior,Bandung,Contract,2024-11-04,,Active,13320000,4.8,2.5,1662
3412,"R.M. Umar Kusumo, S.E.",Female,6,Mid,Yogyakarta,Permanent,2020-06-30,,Active,22400000,4.1,3.9,2942
3413,Ida Hastuti,Female,7,Senior,Surabaya,Permanent,2018-04-25,2020-01-25,Resigned,22840000,2.6,3.8,2281
3414,"Waluyo Hutagalung, M.M.",Female,7,Mid,Jakarta,Permanent,2018-08-25,2023-11-27,Resigned,16450000,2.9,2.1,1428
3415,Vivi Aryani,Female,7,Junior,Yogyakarta,Permanent,2022-05-29,2024-11-07,Resigned,12860000,2.3,4.1,3497
3416,"Salwa Sinaga, S.T.",Female,10,Mid,Yogyakarta,Permanent,2024-06-03,,Active,16890000,2.7,4.1,2442
3417,Purwadi Hidayanto,Male,4,Junior,Medan,Permanent,2015-04-29,,Active,18070000,4.5,4.5,5458
3418,Vicky Halim,Female,4,Mid,Surabaya,Permanent,2015-09-07,,Active,23260000,2.6,4.0,2529
3419,Kayla Sitorus,Female,2,Senior,Yogyakarta,Permanent,2019-08-12,,Active,40430000,5.0,4.3,3357
3420,Eka Saptono,Female,7,Senior,Remote,Permanent,2015-08-12,,Active,23040000,4.4,3.0,4059
3421,Irnanto Hidayat,Male,5,Mid,Bandung,Permanent,2018-06-17,,Active,21920000,3.6,4.1,1760
3422,Farah Suryatmi,Male,5,Manager,Remote,Permanent,2021-01-04,,Active,50570000,4.1,3.8,1967
3423,Elma Yuliarti,Female,3,Mid,Jakarta,Probation,2016-06-13,,Active,32310000,4.0,3.5,4161
3424,Cici Megantara,Male,1,Junior,Remote,Permanent,2023-12-31,,Active,18140000,2.9,3.3,5044
3425,KH. Irfan Pratama,Female,5,Manager,Jakarta,Permanent,2023-08-07,,Active,50900000,3.3,3.4,1967
3426,Hj. Cici Handayani,Male,7,Mid,Bandung,Contract,2019-01-23,,Active,18880000,3.4,4.4,3582
3427,"Hana Jailani, S.Gz",Female,5,Junior,Surabaya,Contract,2024-08-22,,Active,12270000,3.8,2.4,1583
3428,Bagus Pertiwi,Female,10,Mid,Medan,Permanent,2018-09-19,,Active,17120000,4.4,5.0,3862
3429,"Hafshah Hassanah, S.Ked",Male,9,Junior,Medan,Permanent,2015-05-28,,Active,13430000,2.1,3.7,1316
3430,Eka Yolanda,Female,2,Junior,Bandung,Permanent,2023-11-16,,Active,18600000,3.5,3.8,4707
3431,"Abyasa Firgantoro, S.Sos",Male,5,Senior,Remote,Permanent,2017-07-31,,Active,29960000,3.5,4.8,2738
3432,Eka Sitompul,Female,8,Mid,Yogyakarta,Permanent,2023-05-30,2024-12-31,Resigned,19230000,2.7,3.6,3083
3433,Ratih Adriansyah,Male,3,Mid,Surabaya,Contract,2024-03-05,,Active,23440000,4.2,3.7,4761
3434,H. Wage Lestari,Male,10,Senior,Remote,Permanent,2015-10-30,,Active,29100000,2.8,2.9,3353
3435,Maya Waskita,Female,2,Manager,Medan,Contract,2015-03-24,2021-10-16,Resigned,69880000,5.0,2.3,3603
3436,"Puti Puput Prasetyo, S.Ked",Male,7,Mid,Yogyakarta,Permanent,2023-04-03,,Active,18800000,4.1,4.7,2173
3437,Shakila Laksmiwati,Female,9,Mid,Medan,Permanent,2023-10-20,,Active,18830000,3.9,4.9,2350
3438,Kasim Nasyiah,Female,7,Mid,Jakarta,Permanent,2018-01-27,,Active,16980000,3.8,4.1,3117
3439,Juli Zulaika,Female,9,Mid,Jakarta,Permanent,2019-03-23,,Active,17400000,2.9,3.2,2756
3440,Lalita Hakim,Female,9,Manager,Surabaya,Contract,2021-04-16,,Active,43940000,3.2,2.8,2546
3441,"Yusuf Yuliarti, S.Pt",Male,7,Manager,Remote,Permanent,2019-04-16,2022-07-26,Resigned,39890000,3.1,2.8,4815
3442,Patricia Siregar,Female,9,Lead,Jakarta,Permanent,2023-07-22,,Active,34040000,3.5,4.0,3798
3443,Saadat Haryanti,Male,4,Intern,Yogyakarta,Permanent,2019-06-16,,Active,8680000,4.0,3.9,2387
3444,"KH. Elvin Yuliarti, S.Kom",Male,5,Junior,Bandung,Contract,2022-03-17,,Active,15320000,3.0,3.3,2742
3445,Kadir Gunarto,Male,1,Senior,Bandung,Contract,2016-01-26,,Active,49650000,2.2,4.6,4649
3446,Salimah Nainggolan,Female,10,Lead,Bandung,Permanent,2021-08-27,,Active,34600000,3.3,3.4,1943
3447,Tami Wibisono,Female,1,Mid,Medan,Permanent,2020-11-13,,Active,33080000,4.0,2.7,1183
3448,Lasmono Tamba,Male,7,Mid,Yogyakarta,Permanent,2023-08-10,,Active,13430000,2.0,3.6,3070
3449,Chelsea Usamah,Female,4,Junior,Remote,Permanent,2024-05-10,2024-11-26,Resigned,15200000,3.1,3.8,4909
3450,Unjani Nainggolan,Female,5,Junior,Remote,Permanent,2024-10-09,,Active,14100000,3.6,3.6,2330
3451,Argono Nababan,Female,6,Lead,Remote,Permanent,2021-02-12,,Active,36990000,2.2,3.0,1170
3452,Najib Rahayu,Female,5,Mid,Medan,Contract,2022-12-13,,Active,20340000,3.5,3.0,4164
3453,Jindra Wibisono,Male,2,Senior,Jakarta,Permanent,2016-03-06,,Active,44990000,4.0,4.2,4585
3454,Prima Namaga,Male,6,Mid,Jakarta,Permanent,2016-10-25,,Active,23530000,4.2,3.6,3515
3455,"Gaiman Mandasari, M.Pd",Female,8,Mid,Jakarta,Contract,2024-10-02,,Active,20350000,4.0,4.2,3111
3456,"Dr. Anita Firgantoro, S.Psi",Female,8,Mid,Medan,Permanent,2016-11-30,,Active,25360000,3.6,2.0,1964
3457,Gandi Gunarto,Female,5,Mid,Yogyakarta,Probation,2019-06-24,2020-08-17,Resigned,23320000,2.1,3.8,5269
3458,Devi Prabowo,Female,1,Junior,Surabaya,Permanent,2020-11-10,,Active,23580000,3.5,2.1,3860
3459,"Ir. Mulyanto Nurdiyanti, M.M.",Male,10,Mid,Remote,Permanent,2016-08-02,,Active,18570000,3.4,3.5,1067
3460,"Tedi Nasyiah, S.E.I",Female,6,Mid,Yogyakarta,Permanent,2020-10-28,,Active,20770000,4.1,4.9,1636
3461,"Ratna Pradipta, S.Pt",Female,4,Senior,Bandung,Permanent,2023-05-17,,Active,35980000,4.7,3.0,2134
3462,Oman Megantara,Female,6,Mid,Bandung,Permanent,2015-02-10,,Active,22330000,4.9,2.8,5009
3463,Safina Budiyanto,Male,7,Junior,Bandung,Permanent,2015-01-23,,Active,13530000,4.4,4.9,4433
3464,Raina Gunawan,Male,4,Intern,Jakarta,Permanent,2021-01-11,,Active,9090000,3.2,3.3,2150
3465,Nardi Yulianti,Female,6,Junior,Surabaya,Permanent,2021-08-31,,Active,15010000,3.6,2.8,1838
3466,Aditya Natsir,Male,5,Senior,Bandung,Permanent,2018-11-13,,Active,27840000,4.0,3.9,2882
3467,"Asirwanda Samosir, S.IP",Female,8,Senior,Surabaya,Permanent,2021-07-21,,Active,28960000,2.3,3.3,2961
3468,Rahmi Narpati,Female,3,Senior,Remote,Permanent,2017-11-09,,Active,42680000,4.5,3.8,4490
3469,"Ir. Bella Kurniawan, S.IP",Male,4,Mid,Remote,Permanent,2021-08-24,,Active,24370000,4.3,3.6,5113
3470,Rina Susanti,Male,7,Mid,Bandung,Contract,2017-12-12,,Active,15510000,4.4,3.1,3027
3471,Atma Pangestu,Female,10,Junior,Medan,Permanent,2018-09-14,,Active,13990000,3.2,3.7,1643
3472,Jessica Wastuti,Female,9,Junior,Bandung,Probation,2017-05-07,,Active,16170000,3.7,3.0,1470
3473,Jane Lazuardi,Male,2,Junior,Bandung,Permanent,2024-01-04,,Active,18780000,1.9,4.0,3363
3474,"Kamal Palastri, S.E.I",Male,9,Mid,Bandung,Permanent,2018-08-17,2019-09-14,Resigned,23480000,3.2,3.6,1098
3475,Zalindra Prabowo,Female,8,Junior,Surabaya,Permanent,2019-10-09,,Active,16160000,3.5,4.4,1698
3476,"Dt. Lega Natsir, S.Psi",Male,1,Mid,Yogyakarta,Permanent,2017-09-13,,Active,30840000,1.5,3.2,2092
3477,Banawa Saefullah,Female,2,Senior,Medan,Permanent,2018-12-25,,Active,42360000,3.1,4.0,4127
3478,Praba Agustina,Male,6,Mid,Bandung,Probation,2024-11-26,,Active,17350000,3.0,3.4,2781
3479,Mursinin Uwais,Female,1,Mid,Medan,Permanent,2022-12-23,2024-09-10,Resigned,28430000,3.1,3.7,3505
3480,R.M. Ismail Prasasta,Female,3,Junior,Remote,Permanent,2022-09-08,2024-05-25,Resigned,18000000,3.0,4.3,5322
3481,Cut Diana Januar,Male,3,Junior,Yogyakarta,Permanent,2024-09-17,,Active,17140000,2.5,3.1,4979
3482,"Ir. Luwar Waluyo, S.E.",Female,3,Senior,Medan,Permanent,2023-03-03,,Active,41860000,2.6,3.4,4945
3483,Tasnim Laksita,Male,3,Mid,Remote,Probation,2019-04-16,,Active,30250000,4.3,3.5,1924
3484,Adiarja Ardianto,Male,9,Mid,Bandung,Permanent,2019-12-16,,Active,21270000,4.6,2.7,1821
3485,Wira Irawan,Female,10,Mid,Surabaya,Permanent,2018-09-07,2023-04-24,Resigned,19430000,3.3,4.6,5167
3486,"Sadina Rahayu, S.Pd",Male,4,Mid,Remote,Permanent,2021-10-21,,Active,21600000,4.3,3.6,4345
3487,Talia Kusmawati,Female,6,Senior,Remote,Permanent,2019-06-20,2023-11-10,Resigned,28060000,3.6,3.9,3741
3488,"Dian Putra, S.E.I",Male,10,Mid,Remote,Probation,2021-06-01,,Active,16790000,1.2,4.4,4091
3489,"Emong Nurdiyanti, M.M.",Female,1,Junior,Remote,Contract,2020-07-01,,Active,24860000,3.2,3.7,1921
3490,Halima Natsir,Male,2,Lead,Medan,Contract,2015-06-06,,Active,60120000,4.7,3.4,1757
3491,Cut Rina Najmudin,Male,10,Junior,Bandung,Permanent,2022-11-30,,Active,11380000,4.1,3.3,3052
3492,"Najwa Suryatmi, S.Pt",Male,1,Junior,Remote,Permanent,2015-08-18,,Active,25770000,4.3,3.9,4561
3493,"Raden Sihombing, S.I.Kom",Male,2,Intern,Bandung,Permanent,2024-08-14,,Active,9130000,2.4,4.0,5070
3494,Agnes Puspita,Male,7,Mid,Surabaya,Contract,2018-09-24,,Active,16490000,3.8,3.2,5046
3495,Dadi Lazuardi,Male,8,Senior,Surabaya,Permanent,2021-07-31,,Active,35430000,3.8,3.9,4846
3496,R. Lasmanto Tarihoran,Female,4,Intern,Remote,Permanent,2019-09-02,,Active,8120000,3.0,3.2,1931
3497,"Drs. Ophelia Prasetya, M.M.",Male,7,Senior,Bandung,Permanent,2024-04-02,,Active,21990000,3.6,3.5,1764
3498,"Ir. Maryanto Pranowo, S.T.",Male,7,Senior,Surabaya,Permanent,2016-12-07,,Active,27920000,3.4,4.9,2824
3499,Dagel Kusumo,Female,4,Mid,Jakarta,Permanent,2016-12-09,,Active,26640000,3.3,5.0,1202
3500,"R.M. Mahdi Kusmawati, M.Kom.",Female,9,Junior,Medan,Contract,2016-04-27,,Active,16130000,5.0,2.9,3276
3501,Capa Winarsih,Male,8,Junior,Jakarta,Permanent,2021-05-08,,Active,14980000,4.6,3.6,2917
3502,Asmadi Yuliarti,Male,5,Junior,Bandung,Permanent,2017-01-17,,Active,14880000,3.3,4.5,3958
3503,Intan Pranowo,Male,3,Junior,Bandung,Permanent,2023-08-07,2024-02-08,Resigned,19250000,3.1,3.1,5235
3504,Hafshah Sitorus,Female,1,Mid,Bandung,Permanent,2015-11-29,,Active,31630000,5.0,3.1,4122
3505,Dr. Aurora Jailani,Male,1,Senior,Bandung,Permanent,2023-05-20,,Active,37400000,3.6,3.9,2376
3506,"Anastasia Nasyiah, S.E.",Female,3,Lead,Surabaya,Permanent,2022-12-01,,Active,51540000,3.9,3.1,1747
3507,Panji Dabukke,Female,1,Senior,Bandung,Permanent,2019-08-23,,Active,49950000,3.6,3.7,2642
3508,Oliva Latupono,Male,3,Mid,Surabaya,Permanent,2016-12-26,,Active,30810000,4.6,3.9,1640
3509,Umar Prakasa,Female,10,Mid,Medan,Permanent,2016-01-14,,Active,20010000,2.0,2.6,4500
3510,"Maimunah Rahayu, M.Farm",Female,3,Mid,Bandung,Permanent,2024-04-20,,Active,29960000,3.8,3.1,2800
3511,Lili Napitupulu,Female,10,Mid,Bandung,Probation,2016-09-29,,Active,17840000,3.0,2.8,4261
3512,"Shania Simbolon, S.H.",Female,3,Junior,Remote,Contract,2018-11-21,,Active,21730000,2.8,3.4,4437
3513,"R. Gamani Pradana, S.IP",Male,9,Mid,Medan,Permanent,2018-11-02,,Active,22300000,4.0,2.5,3659
3514,Okto Zulkarnain,Female,1,Junior,Bandung,Permanent,2016-01-07,,Active,26100000,4.3,2.8,3538
3515,"R.A. Keisha Prasetya, S.Pt",Female,6,Lead,Medan,Permanent,2017-12-04,2019-09-17,Resigned,44710000,2.0,4.1,3176
3516,Restu Laksita,Male,4,Lead,Surabaya,Permanent,2020-04-30,2024-02-10,Resigned,45400000,3.4,3.0,1103
3517,Tirtayasa Fujiati,Female,5,Mid,Jakarta,Permanent,2022-05-20,,Active,19780000,3.3,4.8,2135
3518,Darijan Suryatmi,Male,8,Junior,Jakarta,Permanent,2022-01-22,,Active,15410000,4.6,3.8,2947
3519,Elma Wibisono,Female,4,Senior,Jakarta,Permanent,2018-10-02,,Active,35610000,2.9,2.5,3089
3520,Diana Haryanti,Female,6,Mid,Jakarta,Permanent,2018-06-08,2021-01-05,Resigned,20740000,2.7,4.0,1765
3521,"Febi Usamah, S.I.Kom",Female,7,Mid,Yogyakarta,Permanent,2021-08-28,,Active,15440000,3.7,3.1,3750
3522,Farah Sitorus,Female,8,Mid,Surabaya,Permanent,2024-05-09,2024-12-21,Resigned,23270000,2.1,3.9,4888
3523,Anggabaya Purnawati,Female,2,Senior,Jakarta,Probation,2022-08-11,,Active,44020000,3.7,4.2,1654
3524,Estiono Mansur,Male,10,Junior,Medan,Permanent,2023-07-23,,Active,10980000,3.4,3.1,1353
3525,Simon Hastuti,Female,10,Intern,Yogyakarta,Permanent,2023-09-06,2024-12-24,Resigned,5850000,3.2,4.1,3052
3526,Lili Narpati,Male,6,Senior,Surabaya,Contract,2020-09-28,,Active,31060000,4.5,4.0,2066
3527,"Tgk. Darmaji Sihombing, M.Ak",Male,7,Junior,Bandung,Permanent,2021-05-15,,Active,11990000,4.2,3.8,3617
3528,Paiman Uyainah,Male,5,Mid,Bandung,Contract,2016-01-06,,Active,22450000,5.0,3.8,2738
3529,R. Ratih Puspasari,Female,7,Senior,Jakarta,Permanent,2019-06-10,,Active,23750000,3.8,3.4,2226
3530,"R.A. Clara Zulkarnain, M.TI.",Male,4,Senior,Surabaya,Permanent,2024-11-25,,Active,31840000,3.9,4.1,2866
3531,Zelda Pratama,Male,4,Lead,Jakarta,Permanent,2024-08-14,,Active,40660000,3.4,3.3,4358
3532,Dr. Zalindra Hariyah,Male,7,Junior,Surabaya,Permanent,2022-09-05,,Active,11430000,4.1,4.4,3420
3533,Amalia Aryani,Male,7,Mid,Medan,Permanent,2018-11-12,,Active,15440000,4.4,4.2,1428
3534,"Hilda Prayoga, S.Psi",Male,5,Junior,Yogyakarta,Permanent,2020-04-18,,Active,15570000,3.2,3.1,1635
3535,Ratna Prasetya,Male,3,Mid,Bandung,Permanent,2019-05-07,2024-02-12,Resigned,28960000,3.5,4.0,5409
3536,R. Queen Ardianto,Female,2,Mid,Remote,Contract,2018-03-05,,Active,27730000,2.1,3.8,3339
3537,Aurora Gunarto,Female,4,Mid,Remote,Permanent,2020-12-27,2024-03-21,Resigned,21490000,4.1,4.6,3034
3538,Uchita Mayasari,Male,1,Mid,Bandung,Permanent,2017-06-27,,Active,28220000,3.3,3.7,3103
3539,Irwan Nuraini,Female,8,Senior,Jakarta,Permanent,2019-01-23,,Active,33830000,2.8,2.2,1771
3540,Natalia Januar,Female,4,Mid,Bandung,Permanent,2015-11-13,,Active,24500000,3.4,3.8,2043
3541,Nilam Permadi,Male,1,Manager,Jakarta,Permanent,2017-05-15,,Active,75520000,4.1,2.7,1020
3542,Kalim Budiman,Male,1,Junior,Yogyakarta,Permanent,2019-10-10,2022-01-04,Resigned,20910000,3.3,3.0,3660
3543,"Uchita Wasita, S.Kom",Female,2,Lead,Yogyakarta,Permanent,2015-05-23,,Active,62940000,4.6,1.9,4241
3544,Gatot Sihombing,Female,4,Mid,Jakarta,Permanent,2022-08-26,,Active,21830000,3.7,3.8,1931
3545,Marsudi Iswahyudi,Male,2,Mid,Jakarta,Permanent,2018-11-19,,Active,29330000,4.7,3.3,2205
3546,Jatmiko Winarsih,Female,2,Mid,Bandung,Permanent,2024-01-05,,Active,24210000,4.5,1.9,1987
3547,Elisa Haryanti,Female,10,Mid,Yogyakarta,Permanent,2022-09-12,,Active,16950000,3.3,3.5,4756
3548,"Ir. Ulva Padmasari, S.Ked",Female,6,Intern,Surabaya,Permanent,2019-09-27,,Active,7180000,4.5,2.9,3577
3549,Malika Mandala,Male,1,Mid,Yogyakarta,Permanent,2021-10-08,,Active,27810000,4.9,3.6,2349
3550,"drg. Fitria Uwais, M.M.",Female,9,Junior,Medan,Probation,2022-12-26,,Active,12750000,3.1,4.0,3170
3551,"Siska Adriansyah, S.Pt",Male,1,Mid,Medan,Permanent,2023-10-23,2024-11-23,Resigned,29820000,3.6,3.5,2828
3552,Shakila Sitorus,Male,1,Junior,Surabaya,Permanent,2016-09-07,2023-10-18,Resigned,19820000,3.5,3.0,3621
3553,Dt. Ega Aryani,Female,5,Mid,Jakarta,Permanent,2019-11-17,2021-12-12,Resigned,21450000,2.7,3.1,3851
3554,"T. Nalar Suryatmi, M.Pd",Female,10,Mid,Medan,Permanent,2020-02-29,,Active,17720000,2.8,2.3,2325
3555,R.A. Winda Hutapea,Female,5,Senior,Surabaya,Permanent,2019-10-10,,Active,33430000,2.8,3.2,2935
3556,dr. Unjani Hakim,Male,6,Mid,Surabaya,Permanent,2021-02-01,,Active,20070000,3.7,3.0,1426
3557,Ir. Galih Habibi,Male,4,Senior,Remote,Permanent,2020-01-04,,Active,37440000,2.7,4.2,5492
3558,Harjo Utama,Male,7,Lead,Medan,Permanent,2019-01-03,,Active,34280000,3.8,3.9,4530
3559,Raina Gunarto,Male,5,Manager,Bandung,Permanent,2016-12-18,2018-07-08,Resigned,54110000,2.9,4.4,4164
3560,Karimah Natsir,Female,10,Junior,Surabaya,Probation,2019-11-01,,Active,13910000,3.1,2.6,5439
3561,"Kurnia Hidayat, M.Pd",Male,8,Junior,Remote,Contract,2024-04-04,,Active,12770000,3.4,4.8,4755
3562,"Vicky Putra, S.E.I",Female,2,Mid,Jakarta,Permanent,2015-06-16,2020-02-16,Resigned,31360000,3.3,4.0,3630
3563,Halima Namaga,Male,4,Mid,Remote,Permanent,2019-04-14,,Active,22420000,4.4,2.7,3598
3564,Martaka Kuswandari,Female,9,Mid,Bandung,Probation,2019-09-27,,Active,20130000,4.0,4.2,5017
3565,"Umi Prastuti, S.Kom",Female,4,Intern,Jakarta,Contract,2023-02-03,,Active,7430000,3.8,2.9,4341
3566,"H. Prabawa Prasetyo, S.Psi",Female,9,Mid,Medan,Permanent,2016-04-21,,Active,19840000,3.6,4.1,5321
3567,Hasna Mardhiyah,Female,7,Senior,Bandung,Permanent,2021-11-26,,Active,25900000,3.9,4.1,3169
3568,"Indra Saefullah, S.Gz",Male,8,Mid,Bandung,Permanent,2019-03-13,,Active,21040000,3.8,2.1,2389
3569,Hardana Situmorang,Female,8,Senior,Bandung,Permanent,2018-01-30,,Active,37380000,4.0,3.1,1204
3570,Nova Mardhiyah,Male,9,Lead,Bandung,Permanent,2021-10-12,,Active,38920000,3.5,3.4,1790
3571,R. Jarwadi Nasyidah,Female,3,Senior,Jakarta,Contract,2015-01-21,,Active,46040000,2.9,4.0,3069
3572,"Rudi Nasyidah, S.Pd",Male,4,Senior,Medan,Contract,2018-01-30,,Active,37890000,3.6,3.5,5248
3573,Raina Uwais,Female,4,Senior,Jakarta,Permanent,2016-02-02,,Active,36700000,3.7,3.4,2529
3574,"Ir. Warsita Haryanto, S.Kom",Male,2,Mid,Remote,Permanent,2015-09-19,,Active,29640000,3.3,3.8,3625
3575,Clara Hutapea,Female,8,Mid,Medan,Permanent,2021-08-05,,Active,22150000,3.2,3.9,4662
3576,Elma Suwarno,Female,8,Mid,Jakarta,Permanent,2020-05-02,,Active,23020000,4.2,3.9,3685
3577,Balangga Marbun,Female,6,Mid,Bandung,Permanent,2018-11-19,,Active,18760000,4.3,4.5,2764
3578,Carla Maulana,Female,7,Junior,Bandung,Permanent,2017-05-12,,Active,12410000,4.0,3.6,4163
3579,Eka Putra,Female,8,Junior,Medan,Probation,2019-07-09,2024-10-15,Resigned,16440000,2.4,4.1,3282
3580,Ir. Ajimin Sihombing,Female,3,Senior,Jakarta,Permanent,2021-04-18,,Active,41670000,3.8,3.1,2267
3581,Sabrina Namaga,Female,5,Junior,Surabaya,Permanent,2018-05-30,,Active,18590000,3.9,4.2,1083
3582,Jasmani Situmorang,Female,7,Lead,Medan,Permanent,2015-05-02,,Active,32890000,5.0,3.5,1417
3583,Maimunah Yuliarti,Female,3,Mid,Jakarta,Permanent,2021-05-02,,Active,29770000,5.0,4.2,4690
3584,Erik Nainggolan,Female,10,Junior,Bandung,Permanent,2021-03-29,,Active,13160000,4.4,1.6,1201
3585,Ajimin Pradipta,Male,7,Junior,Jakarta,Permanent,2019-03-31,,Active,12200000,4.4,4.2,5460
3586,"Drs. Septi Sitorus, S.Farm",Male,10,Mid,Medan,Permanent,2017-05-15,,Active,18250000,2.9,4.9,5361
3587,dr. Safina Yuliarti,Male,2,Junior,Remote,Probation,2023-08-08,,Active,19880000,3.7,3.2,1032
3588,"Tgk. Jayeng Rahayu, M.TI.",Female,9,Junior,Yogyakarta,Contract,2018-12-12,,Active,12970000,3.4,2.6,2735
3589,"Drs. Maimunah Haryanti, S.Pd",Female,4,Junior,Remote,Permanent,2018-08-01,,Active,17140000,3.6,4.3,3765
3590,R. Widya Samosir,Female,5,Junior,Yogyakarta,Permanent,2020-08-19,,Active,15100000,2.9,4.5,5475
3591,Paiman Rajata,Female,9,Junior,Surabaya,Contract,2020-07-19,,Active,14290000,2.8,3.9,3276
3592,Jayadi Wahyudin,Female,6,Mid,Bandung,Permanent,2016-10-04,,Active,23260000,2.6,2.8,1426
3593,Vera Hardiansyah,Male,3,Junior,Yogyakarta,Permanent,2020-12-21,,Active,22190000,2.9,3.7,4167
3594,Garan Suryono,Male,5,Manager,Yogyakarta,Probation,2019-04-20,,Active,58170000,3.3,3.8,2738
3595,Eli Safitri,Female,1,Mid,Medan,Permanent,2017-02-12,,Active,30960000,2.9,2.8,5242
3596,Narji Nasyiah,Male,8,Mid,Yogyakarta,Probation,2021-09-21,,Active,22690000,2.3,3.0,4322
3597,Elvina Natsir,Female,6,Mid,Medan,Permanent,2021-11-02,,Active,18080000,2.7,2.8,2211
3598,"Hj. Wulan Mangunsong, S.E.",Male,4,Lead,Remote,Permanent,2019-02-25,2023-01-06,Resigned,43430000,4.4,3.6,1103
3599,Bambang Gunarto,Male,9,Lead,Yogyakarta,Permanent,2024-07-14,,Active,31840000,3.3,3.7,1701
3600,Ratih Mahendra,Male,5,Mid,Remote,Probation,2016-12-18,,Active,22340000,2.7,4.7,5430
3601,Hana Uwais,Female,10,Intern,Bandung,Permanent,2016-06-27,2017-04-29,Resigned,6550000,3.1,1.6,4294
3602,Danang Purwanti,Female,2,Senior,Yogyakarta,Probation,2017-09-30,,Active,44740000,3.7,4.2,5402
3603,"Ami Widiastuti, S.Psi",Male,2,Head,Jakarta,Contract,2020-03-04,,Active,96950000,3.0,3.5,
3604,Dalima Wahyudin,Female,7,Mid,Bandung,Permanent,2024-10-12,,Active,14210000,2.9,3.1,4530
3605,Puput Marpaung,Male,5,Junior,Remote,Permanent,2015-01-29,,Active,16470000,3.3,3.9,1148
3606,T. Banawi Dongoran,Female,7,Senior,Yogyakarta,Probation,2024-09-01,,Active,22550000,2.8,3.2,4538
3607,Najwa Maulana,Male,2,Lead,Remote,Probation,2023-01-10,,Active,53210000,3.8,3.6,3880
3608,Jamalia Mangunsong,Male,9,Intern,Remote,Permanent,2019-12-02,,Active,7730000,4.6,2.7,2069
3609,Okta Palastri,Female,9,Senior,Jakarta,Permanent,2024-04-15,,Active,30120000,4.4,3.9,4634
3610,Tgk. Marsudi Sihombing,Female,8,Junior,Jakarta,Permanent,2019-10-22,,Active,17790000,3.9,3.2,1204
3611,Icha Pertiwi,Female,2,Junior,Jakarta,Permanent,2023-07-02,,Active,19510000,2.7,3.7,4015
3612,"Cakrajiya Pratiwi, M.M.",Female,8,Mid,Bandung,Contract,2019-08-19,,Active,22440000,4.1,2.6,1788
3613,Shakila Kusumo,Female,6,Mid,Surabaya,Permanent,2017-05-10,,Active,20840000,2.8,4.3,4610
3614,"Natalia Gunarto, S.E.I",Male,9,Mid,Yogyakarta,Permanent,2020-02-20,,Active,20380000,3.1,3.8,2413
3615,"Kusuma Latupono, S.Pd",Female,10,Senior,Yogyakarta,Permanent,2018-11-03,,Active,28250000,2.1,4.3,1795
3616,Himawan Safitri,Female,7,Senior,Surabaya,Permanent,2022-11-05,,Active,23380000,3.8,3.5,1152
3617,"R.A. Melinda Tamba, S.Pt",Male,7,Mid,Jakarta,Permanent,2016-08-29,,Active,17380000,2.5,3.2,5432
3618,Amelia Sudiati,Female,9,Mid,Surabaya,Permanent,2021-04-27,,Active,20410000,4.0,3.6,4793
3619,"Dagel Padmasari, M.TI.",Male,4,Mid,Yogyakarta,Permanent,2021-05-14,,Active,24640000,3.1,4.0,2026
3620,Purwa Setiawan,Female,4,Senior,Remote,Permanent,2016-09-24,,Active,31670000,3.2,5.0,2765
3621,Ajimin Hutasoit,Female,1,Lead,Remote,Permanent,2024-08-20,,Active,58760000,4.1,3.9,4649
3622,drg. Murti Winarsih,Male,4,Senior,Medan,Permanent,2021-07-16,,Active,33580000,4.0,2.5,2026
3623,Kambali Wijaya,Female,7,Senior,Medan,Permanent,2023-02-01,,Active,23690000,3.1,2.8,1203
3624,Joko Simanjuntak,Male,6,Junior,Medan,Contract,2018-11-10,,Active,14170000,4.7,2.7,4340
3625,Ir. Oni Hakim,Female,2,Lead,Yogyakarta,Permanent,2020-11-13,,Active,51780000,1.8,3.0,3093
3626,"Gatra Widodo, S.E.I",Female,8,Mid,Yogyakarta,Permanent,2016-12-19,,Active,21850000,4.6,4.6,1558
3627,"Zulaikha Aryani, S.I.Kom",Male,4,Mid,Bandung,Permanent,2018-11-03,,Active,24410000,3.7,2.3,3148
3628,Kasiyah Budiman,Female,4,Intern,Jakarta,Permanent,2021-10-28,,Active,8300000,3.1,3.1,3092
3629,Jelita Tampubolon,Female,9,Mid,Remote,Contract,2020-08-05,,Active,19740000,5.0,2.3,1215
3630,Melinda Purwanti,Male,2,Lead,Remote,Permanent,2023-04-25,,Active,54750000,4.2,3.8,2602
3631,Darijan Handayani,Male,8,Junior,Surabaya,Permanent,2018-09-11,,Active,15970000,3.8,3.2,1204
3632,"Lidya Handayani, S.Pd",Male,7,Junior,Medan,Permanent,2023-12-13,2024-11-02,Resigned,10870000,3.3,3.5,1272
3633,Reksa Anggraini,Female,2,Mid,Remote,Probation,2023-12-10,,Active,28720000,2.8,4.5,4443
3634,"Lidya Mandala, M.Farm",Male,7,Mid,Yogyakarta,Permanent,2017-07-24,,Active,15900000,4.3,3.8,3070
3635,Puti Dinda Pranowo,Female,3,Mid,Remote,Contract,2021-03-10,2022-09-30,Resigned,28920000,2.8,2.6,2800
3636,Nabila Novitasari,Male,3,Junior,Jakarta,Permanent,2016-06-26,,Active,19570000,3.6,3.2,5112
3637,Bella Rahayu,Male,6,Junior,Yogyakarta,Permanent,2021-07-26,,Active,13490000,3.9,4.4,2687
3638,"dr. Bakidin Ardianto, S.Farm",Male,9,Intern,Jakarta,Permanent,2018-07-30,,Active,7430000,4.0,3.8,1410
3639,"Vinsen Saputra, S.Farm",Male,8,Mid,Bandung,Permanent,2019-12-16,,Active,24610000,4.0,3.0,4812
3640,Kala Hariyah,Male,6,Junior,Medan,Permanent,2021-09-16,,Active,13440000,4.7,3.2,3889
3641,"Qori Mandala, S.Kom",Female,4,Junior,Remote,Contract,2024-08-28,,Active,13170000,3.3,5.0,3879
3642,Rafi Wibowo,Male,5,Senior,Medan,Permanent,2021-08-09,,Active,33900000,4.2,3.1,4809
3643,Puspa Lestari,Male,9,Junior,Medan,Permanent,2017-10-28,,Active,14180000,3.6,2.5,5453
3644,Ridwan Sihombing,Male,7,Senior,Medan,Permanent,2018-09-08,,Active,24340000,4.1,3.3,5494
3645,"Ir. Ilsa Lailasari, M.Pd",Female,10,Senior,Bandung,Permanent,2017-12-18,,Active,27060000,3.3,3.4,2720
3646,"Malika Prasetyo, S.Ked",Female,5,Junior,Bandung,Permanent,2022-01-07,,Active,16310000,2.4,2.7,5048
3647,"Dt. Candra Saptono, S.Pd",Female,5,Manager,Bandung,Permanent,2020-09-18,,Active,47250000,3.4,3.3,1967
3648,"Rafid Usada, M.Kom.",Female,1,Lead,Yogyakarta,Permanent,2022-07-19,,Active,57900000,4.6,3.5,2805
3649,Martani Widiastuti,Male,8,Mid,Bandung,Permanent,2017-03-03,,Active,21100000,4.4,2.7,1900
3650,Lidya Nugroho,Female,3,Manager,Yogyakarta,Permanent,2018-08-03,,Active,81090000,3.0,3.7,2002
3651,Shakila Yuliarti,Female,10,Mid,Remote,Permanent,2021-11-01,,Active,18730000,4.8,4.1,4255
3652,Alambana Lazuardi,Male,6,Lead,Bandung,Contract,2017-02-25,,Active,45740000,3.3,3.4,3176
3653,"T. Jumadi Hidayat, M.Ak",Male,4,Mid,Yogyakarta,Permanent,2018-08-26,,Active,24900000,5.0,3.9,3519
3654,"Karen Prastuti, M.Kom.",Female,7,Mid,Bandung,Probation,2023-09-29,,Active,13580000,2.5,3.2,2808
3655,drg. Hana Utami,Female,3,Mid,Surabaya,Permanent,2024-08-08,,Active,24820000,4.1,3.3,5322
3656,"Jaswadi Lazuardi, S.I.Kom",Female,2,Intern,Remote,Permanent,2023-02-24,,Active,9360000,3.9,3.4,2448
3657,H. Kamal Budiyanto,Female,5,Junior,Yogyakarta,Permanent,2019-10-09,,Active,14790000,3.3,3.6,3019
3658,"Tgk. Elisa Prastuti, S.Gz",Female,3,Mid,Surabaya,Permanent,2015-08-15,,Active,32890000,3.0,3.5,1068
3659,Galuh Hariyah,Male,9,Lead,Jakarta,Contract,2020-02-15,,Active,35850000,3.9,3.3,1538
3660,"Diana Tamba, S.E.",Male,1,Mid,Surabaya,Permanent,2017-05-04,,Active,27490000,3.3,5.0,3257
3661,Empluk Tarihoran,Female,5,Junior,Yogyakarta,Permanent,2015-04-07,,Active,16740000,4.0,3.6,4670
3662,Siska Tamba,Male,1,Senior,Yogyakarta,Contract,2023-12-11,2024-10-14,Resigned,47250000,3.3,2.3,2642
3663,Elvin Siregar,Male,8,Mid,Surabaya,Permanent,2015-11-01,,Active,26600000,3.1,2.3,4846
3664,Ir. Waluyo Hutagalung,Female,1,Senior,Yogyakarta,Permanent,2015-07-08,,Active,47240000,3.6,2.3,3303
3665,Sutan Pranata Utami,Female,9,Junior,Medan,Permanent,2017-10-20,,Active,14040000,3.9,4.2,5332
3666,Prakosa Kuswoyo,Male,1,Mid,Surabaya,Permanent,2016-02-20,2020-06-21,Resigned,27990000,3.7,3.2,5096
3667,R. Puji Sinaga,Female,3,Mid,Remote,Permanent,2018-03-10,2020-03-09,Resigned,28820000,2.7,3.8,2142
3668,"dr. Yunita Sihombing, S.T.",Female,4,Junior,Medan,Permanent,2024-03-30,2024-10-15,Resigned,15180000,3.2,2.9,1518
3669,"Nalar Tarihoran, S.IP",Male,2,Mid,Surabaya,Permanent,2021-04-20,2023-03-03,Resigned,30330000,1.9,3.4,4672
3670,Drs. Garan Megantara,Female,7,Junior,Surabaya,Permanent,2021-03-30,,Active,10680000,2.7,3.3,4162
3671,Cahyo Maryati,Male,4,Junior,Remote,Permanent,2023-08-29,,Active,17220000,5.0,2.7,2481
3672,Kasiyah Laksita,Female,10,Head,Yogyakarta,Permanent,2024-07-27,,Active,49020000,3.8,3.9,
3673,Jasmin Marpaung,Male,6,Mid,Bandung,Permanent,2017-01-24,,Active,20280000,3.4,3.4,2243
3674,Darimin Mangunsong,Female,3,Mid,Remote,Permanent,2017-03-26,,Active,29380000,3.2,3.4,1478
3675,Sutan Radika Nainggolan,Male,1,Mid,Yogyakarta,Permanent,2016-07-28,2021-09-02,Resigned,34530000,2.0,5.0,1678
3676,"Dr. Luwes Novitasari, M.Pd",Female,7,Mid,Jakarta,Contract,2023-12-14,2024-10-24,Resigned,15240000,3.4,2.9,2858
3677,"Puspa Latupono, S.Farm",Female,10,Junior,Jakarta,Probation,2015-03-08,,Active,12850000,4.5,2.6,2951
3678,Citra Latupono,Female,1,Lead,Surabaya,Permanent,2023-11-11,,Active,57110000,3.7,4.4,4946
3679,"R. Anita Kuswandari, S.I.Kom",Male,2,Lead,Medan,Contract,2023-03-28,2023-11-10,Resigned,48410000,4.1,4.4,2602
3680,Shakila Tarihoran,Male,3,Mid,Jakarta,Permanent,2023-12-16,,Active,29010000,5.0,2.1,4976
3681,Rendy Handayani,Female,5,Mid,Bandung,Permanent,2021-11-03,,Active,23490000,3.5,4.4,1978
3682,Drs. Vanesa Siregar,Female,9,Mid,Yogyakarta,Contract,2024-03-03,,Active,17780000,4.6,4.4,4908
3683,Nyana Sihombing,Male,3,Senior,Bandung,Permanent,2022-04-18,,Active,45550000,3.0,4.3,3037
3684,Panca Lazuardi,Female,2,Senior,Remote,Permanent,2020-02-03,,Active,40210000,4.1,3.1,4127
3685,Cagak Megantara,Female,8,Senior,Surabaya,Permanent,2015-03-29,,Active,37460000,3.0,3.2,3789
3686,"Ghaliyati Samosir, S.E.I",Female,1,Mid,Yogyakarta,Permanent,2015-03-19,2019-04-27,Resigned,33370000,5.0,2.8,1112
3687,Cager Hutapea,Male,6,Mid,Surabaya,Permanent,2021-07-21,,Active,19550000,3.7,2.1,1981
3688,Shakila Kusumo,Male,5,Senior,Surabaya,Contract,2023-08-20,,Active,33620000,4.2,3.6,2610
3689,Ajiman Laksmiwati,Male,2,Senior,Bandung,Permanent,2017-02-12,,Active,41220000,3.8,2.6,2495
3690,"dr. Artanto Napitupulu, S.IP",Male,1,Mid,Jakarta,Permanent,2015-04-18,,Active,33520000,4.3,3.1,4884
3691,Putu Wahyuni,Female,3,Senior,Surabaya,Probation,2015-10-11,,Active,44280000,3.2,2.6,1747
3692,Drs. Asmuni Halimah,Male,9,Junior,Yogyakarta,Probation,2017-04-06,,Active,13270000,3.7,3.5,3798
3693,Upik Ramadan,Male,5,Mid,Jakarta,Permanent,2017-06-08,,Active,21340000,4.5,3.3,2101
3694,Atmaja Sihombing,Female,3,Mid,Yogyakarta,Permanent,2016-05-19,,Active,29470000,3.3,4.0,1528
3695,"Adikara Kuswoyo, S.IP",Male,5,Senior,Yogyakarta,Permanent,2019-04-08,2022-03-21,Resigned,28580000,4.1,3.7,4576
3696,R.A. Rini Pangestu,Female,1,Junior,Jakarta,Probation,2021-08-14,,Active,21340000,4.4,3.6,3292
3697,Mumpuni Tampubolon,Male,3,Senior,Jakarta,Probation,2016-10-29,,Active,40560000,4.1,3.5,2954
3698,Bakijan Maulana,Female,4,Mid,Yogyakarta,Permanent,2023-05-29,,Active,21530000,3.3,2.5,4441
3699,"Tgk. Ratna Tampubolon, S.I.Kom",Male,10,Lead,Yogyakarta,Permanent,2023-12-20,,Active,30380000,4.2,3.2,1048
3700,Sabar Mardhiyah,Male,9,Junior,Yogyakarta,Permanent,2020-02-15,2022-09-30,Resigned,11690000,2.9,3.2,1500
3701,"H. Luwar Permadi, M.TI.",Male,9,Senior,Surabaya,Contract,2018-12-23,,Active,27690000,3.6,4.1,1538
3702,Puti Cinthia Prastuti,Female,2,Junior,Bandung,Probation,2024-07-04,,Active,16350000,3.9,4.8,3562
3703,"Dt. Karsana Pratama, S.Kom",Male,3,Junior,Yogyakarta,Contract,2022-04-18,,Active,19650000,3.1,2.3,4128
3704,Ella Nasyiah,Male,3,Mid,Surabaya,Permanent,2018-01-30,,Active,30850000,5.0,3.1,3335
3705,Olga Januar,Male,3,Mid,Bandung,Permanent,2016-12-27,,Active,32490000,3.9,3.8,3571
3706,Viman Mayasari,Male,5,Senior,Jakarta,Permanent,2022-10-18,,Active,31410000,2.7,4.8,3790
3707,"Dr. Karimah Rahmawati, S.E.",Male,6,Lead,Surabaya,Permanent,2024-09-18,,Active,37410000,4.3,3.2,4216
3708,Samiah Kurniawan,Female,3,Junior,Bandung,Probation,2024-03-26,2024-10-14,Resigned,18510000,3.4,3.4,3433
3709,Rafid Thamrin,Male,3,Mid,Remote,Permanent,2023-04-28,,Active,31350000,3.1,3.8,2300
3710,Lintang Prabowo,Male,9,Junior,Bandung,Permanent,2023-10-27,2024-08-29,Resigned,12410000,4.4,4.4,2876
3711,Sutan Hasim Kusumo,Female,10,Mid,Surabaya,Permanent,2024-06-08,,Active,18250000,4.3,4.6,2791
3712,"Tgk. Bancar Hastuti, S.IP",Male,9,Junior,Jakarta,Permanent,2018-09-20,2024-06-27,Resigned,13770000,4.4,4.2,1538
3713,R.M. Jumari Tarihoran,Male,5,Junior,Yogyakarta,Permanent,2019-07-28,,Active,16170000,4.6,4.7,3794
3714,"Irma Puspita, S.Gz",Male,3,Mid,Surabaya,Contract,2016-10-09,,Active,34760000,3.3,4.2,4135
3715,Gamanto Lailasari,Male,5,Senior,Jakarta,Probation,2019-09-16,,Active,37240000,4.4,3.7,4975
3716,Harsana Suryono,Female,2,Mid,Medan,Permanent,2019-08-28,,Active,28340000,3.5,4.9,5393
3717,Rahayu Saragih,Male,5,Junior,Surabaya,Permanent,2018-06-29,,Active,18250000,3.0,3.7,1148
3718,"Saadat Handayani, S.H.",Female,3,Junior,Jakarta,Permanent,2021-11-18,,Active,17890000,3.9,4.1,1055
3719,dr. Elvin Aryani,Male,10,Junior,Bandung,Contract,2016-05-30,,Active,15120000,3.3,5.0,4107
3720,Sabri Hidayat,Male,9,Junior,Remote,Permanent,2017-07-12,,Active,15240000,5.0,2.9,3383
3721,"Dr. Shania Uwais, S.E.",Female,8,Senior,Jakarta,Permanent,2018-03-02,,Active,34890000,3.9,3.7,4711
3722,Mursita Lestari,Female,2,Mid,Surabaya,Permanent,2017-01-26,,Active,26650000,3.3,2.8,1588
3723,"Bala Widodo, M.M.",Female,2,Lead,Medan,Permanent,2022-06-30,,Active,49980000,4.2,5.0,3221
3724,Ir. Murti Hutasoit,Female,8,Junior,Surabaya,Permanent,2023-07-10,,Active,16280000,2.8,3.0,4925
3725,Cakrabirawa Widodo,Male,9,Mid,Jakarta,Permanent,2021-07-01,,Active,17880000,2.7,2.3,1664
3726,Talia Rahayu,Female,3,Mid,Bandung,Permanent,2022-02-01,2023-02-18,Resigned,28950000,3.3,4.6,1949
3727,Opung Narpati,Male,4,Senior,Bandung,Permanent,2024-05-14,,Active,27000000,3.3,2.7,3284
3728,Galih Napitupulu,Male,3,Junior,Surabaya,Permanent,2021-06-01,,Active,18190000,3.1,3.0,5154
3729,Farah Riyanti,Female,5,Senior,Yogyakarta,Permanent,2020-01-26,,Active,30330000,2.6,4.1,1760
3730,"drg. Dewi Pradipta, S.Farm",Female,6,Mid,Remote,Permanent,2016-04-27,,Active,22550000,4.3,2.7,2719
3731,"Najwa Setiawan, M.Farm",Female,5,Junior,Bandung,Permanent,2018-10-13,,Active,17120000,3.5,3.3,4229
3732,Tgk. Usyi Yuniar,Female,1,Mid,Remote,Permanent,2023-08-29,,Active,28010000,2.7,4.5,2349
3733,Kani Kusmawati,Female,7,Intern,Jakarta,Contract,2023-07-24,,Active,5180000,4.2,4.3,5375
3734,"Luhung Waskita, M.Kom.",Female,1,Senior,Bandung,Permanent,2022-03-15,2024-03-20,Resigned,40890000,3.9,2.8,4982
3735,T. Cakrajiya Hasanah,Female,2,Lead,Remote,Permanent,2024-04-22,2024-12-28,Resigned,47770000,2.8,2.0,2331
3736,Banawi Ramadan,Female,8,Junior,Medan,Probation,2018-06-11,,Active,16970000,4.9,3.3,5224
3737,Najwa Pradipta,Male,6,Junior,Bandung,Permanent,2024-09-21,,Active,13330000,3.1,2.3,1912
3738,"Wardaya Mansur, S.Ked",Male,4,Mid,Bandung,Permanent,2016-08-03,,Active,23190000,4.0,3.6,3573
3739,Okto Habibi,Male,7,Mid,Medan,Permanent,2023-03-24,,Active,14380000,4.3,4.4,1272
3740,"Puti Najwa Wastuti, S.Ked",Male,3,Lead,Medan,Permanent,2021-04-24,,Active,49870000,3.2,3.5,5154
3741,Harjaya Suartini,Female,6,Lead,Medan,Permanent,2021-01-18,,Active,37930000,3.3,3.5,4643
3742,"Gamanto Mangunsong, S.Pd",Male,5,Mid,Remote,Permanent,2016-02-15,,Active,19660000,4.9,4.0,1024
3743,Ir. Cinta Hutagalung,Male,5,Junior,Remote,Permanent,2024-06-15,,Active,12300000,2.9,4.4,2101
3744,"Pardi Nurdiyanti, M.Kom.",Female,10,Intern,Jakarta,Probation,2024-08-16,,Active,5410000,2.9,3.7,2562
3745,"drg. Damar Sihombing, M.Kom.",Female,7,Lead,Medan,Probation,2018-04-29,,Active,32760000,3.4,3.7,4530
3746,Ophelia Rajata,Female,10,Intern,Remote,Probation,2020-03-31,,Active,6140000,4.0,1.9,3672
3747,Tgk. Rusman Namaga,Male,4,Mid,Medan,Permanent,2015-11-03,,Active,25960000,4.0,3.2,2718
3748,Dt. Wawan Firmansyah,Male,1,Mid,Jakarta,Permanent,2023-03-24,,Active,32600000,4.1,3.4,2376
3749,Devi Winarno,Female,3,Junior,Bandung,Permanent,2016-07-28,,Active,23140000,3.1,3.5,2408
3750,Iriana Waluyo,Male,7,Senior,Remote,Permanent,2019-05-22,,Active,27160000,2.9,4.2,4506
3751,Michelle Firgantoro,Male,7,Intern,Jakarta,Permanent,2017-10-15,,Active,6000000,3.1,3.5,2592
3752,Cecep Puspita,Female,7,Junior,Jakarta,Permanent,2016-07-29,,Active,13110000,3.9,4.7,1119
3753,"Satya Sihombing, S.E.",Male,6,Mid,Remote,Permanent,2017-04-23,,Active,17700000,2.1,3.4,3922
3754,Mala Mansur,Female,5,Mid,Medan,Permanent,2015-02-14,,Active,22190000,3.3,2.3,1137
3755,Tina Wibisono,Male,7,Junior,Yogyakarta,Permanent,2023-08-27,,Active,11800000,2.6,3.4,4398
3756,Vanesa Kusumo,Female,9,Senior,Medan,Permanent,2018-05-08,,Active,29870000,3.1,3.8,3014
3757,Hj. Nurul Wahyuni,Female,1,Junior,Surabaya,Probation,2016-09-21,2021-01-16,Resigned,22480000,3.4,3.3,2702
3758,Ir. Kayun Pertiwi,Male,9,Junior,Surabaya,Permanent,2019-04-12,,Active,12530000,4.5,3.9,4278
3759,Nabila Purwanti,Female,4,Mid,Remote,Permanent,2019-10-11,,Active,22140000,4.7,3.5,2999
3760,"R. Ophelia Hakim, S.Sos",Female,10,Intern,Jakarta,Permanent,2023-07-04,2024-09-23,Resigned,5180000,3.1,2.0,4468
3761,Nilam Rahayu,Female,1,Lead,Remote,Permanent,2017-09-15,,Active,54410000,3.6,2.6,1562
3762,Raisa Wastuti,Female,9,Mid,Surabaya,Contract,2019-09-24,2020-10-23,Resigned,19720000,3.9,3.2,4793
3763,Vivi Suryono,Female,7,Mid,Surabaya,Permanent,2017-10-27,,Active,19010000,4.0,2.2,5379
3764,Almira Dabukke,Female,2,Senior,Remote,Contract,2018-12-31,2020-01-22,Resigned,42140000,3.5,2.5,3949
3765,Cut Dian Utama,Male,4,Mid,Medan,Permanent,2021-07-27,,Active,25240000,2.5,4.5,1402
3766,Yessi Padmasari,Female,5,Senior,Remote,Permanent,2016-03-01,,Active,32780000,4.5,3.2,4164
3767,Prakosa Utami,Female,2,Junior,Remote,Permanent,2021-10-20,,Active,19180000,3.4,2.2,4015
3768,Kezia Kuswoyo,Male,10,Junior,Remote,Probation,2021-08-15,,Active,11950000,2.3,3.8,2219
3769,Jelita Tamba,Male,10,Junior,Bandung,Permanent,2016-04-26,,Active,14990000,4.5,5.0,2697
3770,Kamaria Hakim,Female,2,Manager,Remote,Permanent,2024-02-22,,Active,61490000,3.0,3.3,3603
3771,"Dipa Prayoga, S.H.",Female,9,Senior,Medan,Permanent,2024-07-22,,Active,28280000,3.3,3.1,1701
3772,"Galang Rahayu, S.Pt",Female,4,Senior,Remote,Permanent,2024-02-13,,Active,33510000,4.5,3.4,3009
3773,"Bella Samosir, S.IP",Male,3,Mid,Jakarta,Permanent,2017-06-03,,Active,28400000,4.5,4.6,2800
3774,Ella Damanik,Female,2,Senior,Yogyakarta,Contract,2016-02-09,,Active,40370000,3.4,4.0,3782
3775,Tgk. Aris Haryanti,Female,10,Mid,Surabaya,Contract,2024-07-11,,Active,17360000,2.8,3.2,4314
3776,"Saka Anggraini, M.Farm",Female,3,Lead,Bandung,Permanent,2018-12-14,,Active,56160000,4.9,2.6,3917
3777,dr. Emas Damanik,Male,8,Mid,Remote,Permanent,2018-08-22,,Active,21860000,3.8,4.1,3327
3778,"Nadine Rahmawati, S.Ked",Male,8,Junior,Medan,Permanent,2017-05-07,,Active,17470000,5.0,2.8,2917
3779,Keisha Pertiwi,Female,8,Junior,Bandung,Contract,2023-06-13,,Active,17530000,4.8,3.0,2917
3780,Janet Pertiwi,Male,7,Mid,Medan,Permanent,2018-09-29,,Active,16880000,4.8,3.3,3644
3781,Respati Lestari,Male,9,Senior,Jakarta,Contract,2018-07-20,,Active,31310000,3.6,5.0,2140
3782,Muhammad Wulandari,Male,2,Lead,Medan,Permanent,2022-03-04,,Active,52460000,4.0,5.0,2495
3783,Gandi Mandasari,Male,9,Senior,Surabaya,Contract,2023-06-26,,Active,26960000,3.1,2.9,3599
3784,KH. Prakosa Widiastuti,Female,5,Senior,Yogyakarta,Contract,2018-12-07,,Active,31200000,4.4,4.6,3794
3785,Eli Susanti,Male,7,Intern,Jakarta,Permanent,2016-11-21,,Active,6090000,4.2,3.1,1049
3786,Karimah Fujiati,Female,4,Mid,Medan,Permanent,2020-09-04,,Active,26320000,4.6,4.3,2259
3787,Jamal Usada,Male,2,Junior,Jakarta,Permanent,2019-06-19,,Active,19950000,1.7,3.8,1178
3788,"Puti Zaenab Nasyiah, S.Kom",Male,5,Mid,Remote,Permanent,2022-12-24,,Active,20920000,3.1,3.4,4098
3789,Hani Hardiansyah,Female,8,Lead,Medan,Permanent,2016-08-20,,Active,46070000,3.6,4.0,2896
3790,Queen Wacana,Male,5,Lead,Surabaya,Permanent,2019-04-27,2023-12-09,Resigned,38190000,3.0,3.2,4469
3791,"Sutan Leo Iswahyudi, M.Farm",Male,5,Mid,Yogyakarta,Contract,2018-08-19,,Active,23150000,3.3,2.7,1276
3792,Lega Sirait,Male,3,Junior,Jakarta,Permanent,2021-02-22,2023-03-04,Resigned,21750000,2.4,2.2,2141
3793,Betania Purnawati,Male,2,Mid,Yogyakarta,Permanent,2017-10-01,,Active,30280000,4.0,3.2,2732
3794,"Dr. Jaswadi Aryani, S.Kom",Male,5,Lead,Jakarta,Contract,2016-08-18,2019-11-09,Resigned,50500000,2.8,3.2,4975
3795,Wulan Hutagalung,Female,5,Mid,Medan,Permanent,2024-05-25,,Active,19930000,4.2,2.8,1884
3796,"Ridwan Sihombing, M.TI.",Male,8,Senior,Medan,Permanent,2019-08-16,2023-01-09,Resigned,32990000,2.8,4.1,3101
3797,"T. Ian Wijayanti, M.Pd",Female,8,Mid,Surabaya,Contract,2023-05-17,,Active,22400000,3.5,4.1,4316
3798,Farah Agustina,Female,9,Head,Bandung,Permanent,2019-11-02,,Active,65520000,3.1,2.6,
3799,Hafshah Oktaviani,Female,4,Mid,Bandung,Permanent,2015-11-12,,Active,28120000,2.6,3.2,2979
3800,drg. Mumpuni Pudjiastuti,Male,1,Mid,Bandung,Permanent,2023-12-03,,Active,25800000,4.0,3.6,3648
3801,Teguh Budiyanto,Female,4,Junior,Medan,Permanent,2021-01-01,,Active,14320000,3.6,2.1,1043
3802,"Niyaga Maryati, S.E.",Female,4,Mid,Medan,Contract,2023-01-18,,Active,23350000,3.1,3.9,2988
3803,Dr. Gabriella Wijayanti,Male,1,Mid,Jakarta,Permanent,2020-03-20,,Active,34010000,3.4,2.7,1020
3804,"Dr. Hasna Uyainah, M.Pd",Female,9,Junior,Jakarta,Probation,2020-07-29,,Active,14430000,3.6,4.0,1459
3805,"Drs. Simon Fujiati, M.Farm",Male,5,Mid,Medan,Permanent,2015-04-01,,Active,26070000,2.8,3.5,4519
3806,"Sari Halim, M.TI.",Female,9,Junior,Bandung,Permanent,2020-05-06,,Active,12180000,4.7,3.3,4049
3807,Galih Hariyah,Female,7,Senior,Surabaya,Permanent,2015-09-25,,Active,27120000,4.0,3.3,3091
3808,Dimas Maryadi,Male,7,Mid,Yogyakarta,Permanent,2023-01-01,,Active,13270000,2.8,3.8,3997
3809,"Silvia Salahudin, S.Farm",Male,2,Lead,Yogyakarta,Permanent,2019-06-12,,Active,61560000,4.4,3.6,3378
3810,Jamalia Haryanto,Female,5,Senior,Medan,Probation,2018-09-15,,Active,29000000,3.0,3.8,1065
3811,"Damu Zulkarnain, S.T.",Male,5,Senior,Remote,Permanent,2023-08-05,,Active,33290000,4.5,3.6,4809
3812,"Tgk. Septi Marpaung, S.T.",Male,8,Junior,Surabaya,Permanent,2021-11-01,2024-06-10,Resigned,13410000,2.5,3.2,3045
3813,"Limar Prakasa, S.Sos",Male,6,Senior,Remote,Permanent,2021-11-19,2023-07-15,Resigned,31910000,3.3,4.0,1794
3814,Balijan Maryadi,Male,5,Mid,Bandung,Contract,2017-10-16,,Active,24630000,3.7,3.3,1282
3815,Alambana Prasasta,Male,8,Senior,Remote,Permanent,2022-04-13,,Active,29100000,2.7,3.1,3828
3816,"T. Jaiman Laksita, M.Pd",Male,9,Mid,Medan,Permanent,2016-01-21,,Active,23380000,4.1,2.2,1882
3817,Lintang Yuliarti,Female,4,Senior,Remote,Permanent,2024-01-10,,Active,33000000,1.3,3.8,1830
3818,Damar Manullang,Female,1,Lead,Surabaya,Permanent,2017-01-19,,Active,58150000,5.0,3.8,1020
3819,Diana Dabukke,Female,6,Junior,Jakarta,Permanent,2024-11-09,,Active,12890000,1.6,3.9,5011
3820,Widya Setiawan,Female,8,Mid,Remote,Permanent,2017-04-01,,Active,22020000,2.9,3.4,5318
3821,"Kunthara Nugroho, S.Gz",Female,9,Junior,Medan,Permanent,2020-01-25,,Active,13540000,3.9,3.3,2140
3822,"Nova Damanik, S.Gz",Male,4,Mid,Surabaya,Permanent,2021-03-31,,Active,24230000,4.9,3.1,2803
3823,"Puti Iriana Suartini, S.Pd",Male,5,Junior,Yogyakarta,Permanent,2020-12-07,2023-04-05,Resigned,15860000,3.2,3.9,5405
3824,"Puti Laila Utama, S.Pt",Female,5,Senior,Bandung,Permanent,2024-08-20,,Active,27960000,3.1,3.1,2566
3825,Zalindra Mandala,Female,7,Lead,Surabaya,Permanent,2017-01-14,,Active,32570000,4.2,2.8,1288
3826,Balidin Pertiwi,Male,5,Junior,Bandung,Contract,2021-09-22,,Active,12700000,2.8,3.8,1255
3827,"Olivia Lazuardi, M.TI.",Male,2,Mid,Yogyakarta,Permanent,2020-09-09,,Active,31670000,3.5,4.3,4127
3828,"Radit Prastuti, M.TI.",Male,8,Lead,Jakarta,Contract,2021-01-10,,Active,40660000,3.8,3.6,4846
3829,Najwa Iswahyudi,Female,6,Junior,Remote,Permanent,2018-04-08,,Active,16120000,4.0,3.0,4427
3830,Limar Maheswara,Male,10,Mid,Medan,Permanent,2016-02-13,,Active,16180000,5.0,4.0,4116
3831,"KH. Galar Sitompul, M.Farm",Female,4,Mid,Medan,Contract,2020-02-06,,Active,24000000,4.6,3.0,4731
3832,"Kayla Prakasa, S.Farm",Female,9,Mid,Jakarta,Permanent,2016-04-21,,Active,20910000,3.3,3.9,2762
3833,Cakrabirawa Kurniawan,Female,10,Mid,Yogyakarta,Permanent,2016-08-02,,Active,18700000,3.5,3.3,5351
3834,Dariati Saefullah,Female,7,Junior,Yogyakarta,Contract,2015-06-20,,Active,12200000,2.9,2.7,4330
3835,Laila Rajasa,Male,2,Senior,Remote,Permanent,2024-07-04,,Active,35370000,3.6,2.6,4828
3836,"Ir. Amelia Lestari, M.Pd",Female,3,Mid,Bandung,Permanent,2023-06-28,,Active,28240000,3.7,4.1,1310
3837,Tira Kusumo,Male,10,Mid,Surabaya,Probation,2020-01-09,,Active,17680000,2.6,1.5,2989
3838,Puji Anggraini,Female,5,Mid,Jakarta,Permanent,2019-07-14,,Active,23840000,3.2,2.4,1786
3839,Sabrina Prayoga,Female,9,Junior,Yogyakarta,Permanent,2016-03-03,,Active,13500000,2.5,2.7,2258
3840,Violet Maulana,Female,4,Junior,Surabaya,Permanent,2020-07-31,,Active,15550000,3.7,4.5,4851
3841,Nabila Uwais,Male,9,Mid,Bandung,Probation,2020-11-30,,Active,20290000,2.7,2.9,4239
3842,"Tgk. Ayu Yuliarti, M.Ak",Female,10,Junior,Medan,Permanent,2021-08-03,,Active,12300000,2.9,3.3,2012
3843,Saadat Wijayanti,Female,8,Mid,Jakarta,Probation,2023-04-16,2023-10-27,Resigned,21780000,4.5,4.8,1698
3844,"Dt. Muhammad Winarsih, S.H.",Female,8,Junior,Medan,Permanent,2017-02-10,,Active,16460000,2.5,2.8,2255
3845,Puspa Winarno,Female,10,Lead,Bandung,Permanent,2023-04-14,,Active,32360000,4.3,4.0,1205
3846,Suci Tarihoran,Male,10,Junior,Bandung,Contract,2017-05-28,,Active,14880000,4.5,2.4,2182
3847,"Ir. Banawi Nasyidah, S.H.",Female,3,Mid,Yogyakarta,Permanent,2015-10-26,,Active,31910000,2.8,3.5,5057
3848,"Dr. Kayla Anggriawan, S.Sos",Male,5,Senior,Bandung,Contract,2015-07-05,,Active,35630000,2.0,3.4,5473
3849,Ilsa Iswahyudi,Male,6,Junior,Remote,Contract,2018-04-04,2021-06-11,Resigned,15910000,2.4,2.7,3526
3850,"R.A. Ifa Pranowo, S.E.",Female,6,Senior,Bandung,Permanent,2016-12-26,,Active,29860000,2.6,3.6,1794
3851,Siti Simanjuntak,Female,5,Manager,Medan,Permanent,2015-07-03,,Active,53780000,3.5,4.0,4164
3852,"KH. Margana Wasita, S.Gz",Female,10,Mid,Remote,Permanent,2024-11-21,,Active,17280000,2.7,2.7,4366
3853,Zelaya Hutapea,Female,4,Mid,Remote,Permanent,2017-04-19,,Active,20600000,1.6,3.6,3573
3854,"Dr. Nadine Zulkarnain, S.Psi",Female,1,Lead,Yogyakarta,Contract,2019-08-04,,Active,59540000,3.3,3.1,2433
3855,"Lintang Januar, S.E.",Female,3,Senior,Bandung,Contract,2018-02-13,,Active,42130000,3.9,3.3,5171
3856,"Hana Mayasari, S.Pt",Female,1,Junior,Remote,Permanent,2017-11-04,,Active,21260000,3.9,2.5,3621
3857,Lili Suartini,Male,8,Junior,Bandung,Permanent,2022-10-21,,Active,15740000,3.4,4.3,3596
3858,"Yulia Pudjiastuti, S.Psi",Male,6,Junior,Jakarta,Permanent,2015-10-16,,Active,14790000,4.0,3.5,2692
3859,Talia Dabukke,Female,5,Senior,Surabaya,Permanent,2015-09-30,,Active,38650000,4.3,4.6,5360
3860,"Dt. Maras Yuniar, S.E.",Female,1,Senior,Remote,Permanent,2022-08-20,,Active,39000000,1.7,2.5,1905
3861,"Ibun Yuniar, S.E.I",Female,4,Mid,Surabaya,Permanent,2018-03-12,,Active,22910000,3.5,4.4,1503
3862,Himawan Pangestu,Male,10,Senior,Bandung,Probation,2019-06-06,,Active,25020000,4.2,4.2,2708
3863,"Gaduh Sihotang, M.Farm",Female,6,Senior,Jakarta,Permanent,2017-04-02,,Active,29700000,4.9,4.6,4534
3864,Balapati Manullang,Male,10,Junior,Yogyakarta,Permanent,2016-04-01,,Active,12840000,4.4,3.7,3434
3865,Kariman Yulianti,Male,7,Senior,Surabaya,Permanent,2017-09-17,,Active,25680000,4.2,4.2,3168
3866,"R.M. Slamet Riyanti, S.Farm",Male,1,Mid,Jakarta,Permanent,2019-12-16,,Active,32390000,3.9,2.6,2092
3867,"Tgk. Jabal Kuswandari, S.E.I",Male,7,Mid,Jakarta,Permanent,2023-08-14,2024-07-21,Resigned,16360000,3.3,4.8,2736
3868,Ellis Rahayu,Male,10,Junior,Surabaya,Probation,2018-10-30,,Active,11940000,4.9,4.3,1357
3869,"dr. Wirda Suryono, S.Kom",Female,4,Mid,Jakarta,Permanent,2020-03-07,2024-04-14,Resigned,20890000,2.6,2.8,2988
3870,Heryanto Uwais,Male,2,Junior,Bandung,Permanent,2018-04-10,,Active,19350000,2.6,3.4,2053
3871,Hartana Waluyo,Male,10,Junior,Yogyakarta,Permanent,2018-10-07,,Active,12860000,3.5,3.5,2182
3872,"Ir. Genta Damanik, S.Ked",Female,8,Lead,Medan,Permanent,2015-10-12,,Active,46600000,3.0,4.3,3972
3873,Ir. Luwar Utami,Male,7,Senior,Surabaya,Permanent,2016-08-10,,Active,25210000,2.9,4.3,2411
3874,Umaya Irawan,Male,1,Mid,Jakarta,Permanent,2019-08-07,,Active,28910000,3.7,4.5,1434
3875,Faizah Saptono,Male,6,Junior,Surabaya,Permanent,2023-02-13,,Active,14620000,3.0,3.3,3275
3876,"Zulaikha Narpati, S.Gz",Male,10,Junior,Jakarta,Permanent,2022-09-03,2024-03-26,Resigned,10560000,2.2,3.8,2609
3877,Raina Aryani,Female,10,Junior,Bandung,Permanent,2023-08-15,,Active,11050000,1.9,3.7,2050
3878,Tgk. Eka Irawan,Male,8,Intern,Jakarta,Permanent,2021-04-27,,Active,9590000,2.5,3.1,2504
3879,Ella Purnawati,Female,4,Senior,Surabaya,Permanent,2021-05-29,,Active,37250000,2.5,2.7,1830
3880,Aditya Novitasari,Female,2,Manager,Bandung,Permanent,2020-01-16,,Active,73940000,4.0,3.3,3603
3881,Vera Hasanah,Female,8,Senior,Remote,Permanent,2018-11-14,,Active,33600000,4.1,3.5,3356
3882,"Hj. Nilam Lazuardi, S.H.",Male,7,Lead,Surabaya,Permanent,2020-02-04,,Active,27920000,2.9,3.5,1525
3883,"Farhunnisa Nainggolan, S.T.",Female,5,Senior,Yogyakarta,Probation,2022-02-22,,Active,28770000,3.1,2.8,5219
3884,Ulva Lailasari,Male,4,Mid,Yogyakarta,Contract,2019-02-16,,Active,25390000,3.7,3.8,5111
3885,Diah Astuti,Male,6,Mid,Remote,Contract,2015-06-24,,Active,21360000,3.8,3.2,2492
3886,"R.A. Rahayu Pratama, S.Pd",Male,5,Senior,Surabaya,Permanent,2019-07-06,2023-07-08,Resigned,32610000,2.5,2.3,4683
3887,"Shania Nainggolan, S.Farm",Female,1,Mid,Yogyakarta,Permanent,2019-09-21,,Active,27610000,3.7,4.0,2828
3888,Hasan Maulana,Female,7,Senior,Surabaya,Permanent,2019-05-11,,Active,21900000,2.3,3.9,2411
3889,Elvin Saptono,Female,6,Mid,Bandung,Permanent,2016-06-29,,Active,19160000,4.8,4.4,5380
3890,Lasmanto Hartati,Male,4,Senior,Remote,Permanent,2021-05-17,,Active,35900000,3.1,4.6,4005
3891,Hairyanto Padmasari,Female,1,Lead,Yogyakarta,Permanent,2020-03-12,,Active,54770000,4.1,3.2,4497
3892,"Marsudi Haryanti, S.Pt",Female,7,Junior,Yogyakarta,Permanent,2017-05-24,,Active,12210000,4.4,1.8,4394
3893,Jarwadi Mansur,Female,10,Junior,Medan,Permanent,2018-05-15,,Active,12870000,4.4,3.5,3247
3894,"dr. Talia Widodo, S.Kom",Male,4,Mid,Bandung,Permanent,2017-06-08,,Active,27530000,2.8,2.9,4508
3895,"Kiandra Anggraini, M.Ak",Female,9,Mid,Jakarta,Permanent,2017-01-08,,Active,20590000,3.2,4.3,1454
3896,Belinda Kuswoyo,Female,9,Senior,Surabaya,Probation,2021-05-13,,Active,23130000,3.3,3.5,3599
3897,Dt. Aslijan Sitorus,Male,5,Junior,Bandung,Permanent,2022-03-11,,Active,13580000,3.3,3.9,1386
3898,Jarwi Thamrin,Female,6,Senior,Remote,Permanent,2020-04-03,,Active,28330000,3.4,3.4,2692
3899,Hj. Wani Rahimah,Female,3,Lead,Medan,Permanent,2018-07-19,,Active,54960000,3.1,2.9,1668
3900,"Ulva Gunawan, S.Ked",Male,1,Senior,Jakarta,Permanent,2022-08-01,2023-04-04,Resigned,43230000,2.5,2.7,4423
3901,Ophelia Safitri,Male,7,Mid,Surabaya,Probation,2018-09-19,,Active,16460000,2.7,3.8,4387
3902,Ilsa Widodo,Female,1,Junior,Bandung,Permanent,2017-04-11,,Active,21690000,2.8,2.8,4548
3903,"Hairyanto Mustofa, M.Pd",Male,9,Junior,Surabaya,Permanent,2019-01-26,,Active,15890000,3.4,2.8,1952
3904,Laksana Nugroho,Female,6,Junior,Bandung,Permanent,2020-04-29,,Active,15650000,3.0,3.9,3673
3905,Ella Mardhiyah,Male,6,Junior,Bandung,Permanent,2023-12-31,,Active,14690000,2.7,3.7,2110
3906,Jessica Hastuti,Male,9,Junior,Yogyakarta,Permanent,2020-12-20,,Active,11860000,2.3,4.6,3442
3907,Bakidin Simanjuntak,Female,10,Junior,Remote,Contract,2022-11-06,,Active,11050000,4.9,3.8,3227
3908,"Paris Astuti, S.E.I",Male,2,Junior,Bandung,Contract,2016-04-09,,Active,23230000,4.0,5.0,2884
3909,Calista Sihotang,Male,1,Mid,Yogyakarta,Permanent,2023-06-23,2024-07-02,Resigned,27150000,3.8,4.3,3818
3910,Cagak Mandasari,Male,6,Mid,Yogyakarta,Permanent,2023-08-09,2024-08-08,Resigned,18590000,3.2,3.9,2949
3911,"Tgk. Ulva Tarihoran, S.Farm",Male,3,Junior,Yogyakarta,Probation,2020-01-07,,Active,21800000,2.8,3.7,1937
3912,Hani Suryatmi,Female,9,Junior,Surabaya,Permanent,2018-10-23,,Active,14430000,4.0,4.6,2916
3913,"Tgk. Padma Sihotang, S.Farm",Male,7,Lead,Yogyakarta,Contract,2021-12-31,,Active,31390000,3.0,3.7,2200
3914,Galih Lestari,Male,9,Junior,Bandung,Probation,2023-11-14,,Active,12080000,3.6,3.4,2816
3915,"R.M. Kala Wahyuni, M.M.",Female,8,Senior,Jakarta,Permanent,2018-04-12,,Active,33550000,3.7,3.6,3828
3916,Dacin Maryadi,Female,3,Senior,Medan,Permanent,2015-03-07,,Active,37410000,2.2,4.3,5322
3917,Dartono Najmudin,Male,3,Manager,Bandung,Permanent,2019-02-04,,Active,65690000,3.9,4.3,1068
3918,Jarwadi Rajata,Male,3,Junior,Bandung,Permanent,2020-06-28,,Active,21060000,4.5,3.7,1574
3919,Nrima Hastuti,Male,6,Senior,Yogyakarta,Probation,2022-11-09,,Active,30300000,4.0,2.4,4206
3920,Calista Lailasari,Female,5,Mid,Remote,Permanent,2015-06-15,2024-06-18,Resigned,20660000,2.7,2.4,3642
3921,Ilyas Tamba,Male,8,Mid,Bandung,Contract,2018-09-25,,Active,22120000,3.4,2.4,1899
3922,"Putri Laksita, M.M.",Male,6,Senior,Surabaya,Permanent,2023-03-29,,Active,31150000,3.2,3.1,4788
3923,Carla Maulana,Female,9,Lead,Remote,Permanent,2019-04-06,,Active,36370000,2.7,4.4,5391
3924,Gantar Iswahyudi,Female,1,Junior,Medan,Contract,2018-10-06,,Active,23670000,3.1,2.3,3366
3925,Taswir Suryono,Female,1,Senior,Bandung,Probation,2019-07-26,,Active,43760000,3.8,3.7,4223
3926,Rafid Narpati,Female,10,Senior,Surabaya,Permanent,2021-03-12,,Active,22810000,3.3,3.4,4406
3927,"Oni Saputra, M.Farm",Female,4,Senior,Remote,Contract,2022-07-14,,Active,33030000,4.4,4.0,2765
3928,"Lanang Prabowo, M.Farm",Male,9,Junior,Jakarta,Permanent,2015-04-05,,Active,13930000,3.0,3.7,1826
3929,Karsa Pertiwi,Male,1,Mid,Bandung,Permanent,2019-03-10,2022-11-20,Resigned,30010000,3.7,2.3,4372
3930,Hamzah Hutagalung,Male,9,Mid,Remote,Contract,2015-02-09,,Active,18420000,3.4,3.8,1701
3931,Pranawa Mandasari,Male,8,Senior,Yogyakarta,Permanent,2016-10-01,,Active,33700000,4.0,3.9,4711
3932,"Bakiono Sitompul, S.Ked",Female,5,Senior,Medan,Permanent,2023-10-25,,Active,27970000,2.9,2.6,4809
3933,Sabrina Zulaika,Male,8,Junior,Jakarta,Permanent,2017-03-28,,Active,18130000,3.6,4.1,4242
3934,Hartana Wahyudin,Male,5,Senior,Remote,Permanent,2015-01-16,,Active,35670000,4.1,3.9,1543
3935,Puti Zalindra Sinaga,Male,5,Mid,Remote,Permanent,2023-01-15,2024-06-06,Resigned,20900000,4.0,2.2,3200
3936,Alambana Hutapea,Female,1,Senior,Medan,Permanent,2024-03-02,2024-10-31,Resigned,41600000,2.5,4.6,3146
3937,Yance Wahyuni,Female,2,Mid,Medan,Contract,2018-03-25,,Active,26100000,3.4,3.3,1279
3938,Mutia Utami,Male,1,Junior,Jakarta,Permanent,2019-12-18,2020-06-27,Resigned,20550000,3.6,2.6,1862
3939,Rina Wahyuni,Male,6,Lead,Medan,Probation,2017-12-14,2024-07-10,Resigned,41110000,3.6,2.7,1134
3940,Gambira Gunawan,Male,7,Junior,Bandung,Permanent,2022-11-18,,Active,10460000,2.9,4.3,4251
3941,"Luthfi Hartati, S.Psi",Female,3,Intern,Bandung,Permanent,2023-06-25,,Active,9930000,3.4,4.4,2070
3942,"Uchita Purnawati, S.E.I",Female,4,Senior,Remote,Permanent,2021-09-29,,Active,34040000,2.8,3.0,1402
3943,Setya Hardiansyah,Female,9,Mid,Remote,Permanent,2017-10-24,,Active,21510000,4.2,2.8,4581
3944,"Ir. Eko Sinaga, S.Gz",Male,3,Senior,Remote,Permanent,2022-05-06,,Active,39840000,4.5,3.8,2637
3945,"Belinda Pudjiastuti, M.Ak",Male,6,Junior,Surabaya,Contract,2015-09-22,2021-10-03,Resigned,14970000,3.5,3.1,2690
3946,Cornelia Wacana,Male,2,Mid,Yogyakarta,Permanent,2021-12-13,,Active,24120000,4.4,4.2,2959
3947,Elma Permadi,Female,7,Junior,Remote,Permanent,2015-02-19,,Active,13150000,2.2,3.8,3001
3948,"dr. Bakidin Damanik, S.Kom",Female,8,Senior,Remote,Probation,2022-10-30,,Active,33610000,3.7,2.4,1325
3949,Harsanto Waskita,Female,2,Lead,Yogyakarta,Permanent,2023-02-26,,Active,46250000,4.5,5.0,3435
3950,Septi Yolanda,Female,2,Senior,Yogyakarta,Permanent,2019-02-26,,Active,43090000,2.8,3.2,2557
3951,Banawa Salahudin,Male,10,Junior,Jakarta,Permanent,2017-07-23,,Active,12420000,3.5,3.5,3051
3952,Wani Astuti,Female,4,Lead,Surabaya,Probation,2020-03-19,,Active,41920000,3.6,3.4,2866
3953,"Yani Saragih, M.Ak",Female,4,Mid,Yogyakarta,Permanent,2020-03-14,,Active,23600000,5.0,3.7,3772
3954,Gatot Widiastuti,Male,4,Senior,Yogyakarta,Probation,2023-04-11,,Active,31420000,4.4,3.6,5492
3955,Rafi Uwais,Male,5,Intern,Remote,Permanent,2023-11-03,2024-12-09,Resigned,6300000,2.9,3.5,2011
3956,Sutan Jindra Hassanah,Female,2,Mid,Remote,Contract,2015-02-27,,Active,29440000,4.1,3.7,2428
3957,Nabila Santoso,Male,3,Lead,Bandung,Permanent,2021-08-25,,Active,52140000,3.2,3.1,1747
3958,Ir. Lintang Iswahyudi,Female,5,Senior,Surabaya,Permanent,2020-04-18,,Active,34050000,3.6,3.3,5203
3959,"dr. Rosman Uwais, M.Ak",Female,1,Mid,Medan,Permanent,2019-05-26,,Active,30870000,4.1,3.5,5125
3960,Ibrahim Usamah,Male,3,Junior,Yogyakarta,Permanent,2020-06-15,,Active,20350000,3.9,3.7,1247
3961,Cornelia Gunarto,Male,2,Junior,Jakarta,Permanent,2020-06-19,,Active,18910000,2.7,2.3,3297
3962,Tgk. Jaiman Wastuti,Male,5,Mid,Remote,Permanent,2015-10-02,,Active,21800000,2.9,3.8,3026
3963,Marsudi Mangunsong,Female,3,Junior,Yogyakarta,Contract,2016-08-02,,Active,20910000,4.2,2.4,3218
3964,Paramita Usamah,Female,4,Junior,Remote,Permanent,2020-07-02,2022-09-20,Resigned,15540000,3.5,3.4,1490
3965,"Karna Hutasoit, S.Pd",Female,1,Mid,Medan,Permanent,2022-09-02,,Active,30850000,3.4,3.0,4852
3966,Maya Hutapea,Male,5,Junior,Remote,Permanent,2020-12-09,,Active,13330000,3.8,3.8,3794
3967,"drg. Eja Maryadi, S.E.I",Male,6,Junior,Yogyakarta,Permanent,2019-02-22,,Active,16860000,5.0,3.8,2711
3968,"Unggul Salahudin, S.H.",Female,5,Junior,Bandung,Probation,2019-02-24,,Active,15310000,4.1,3.1,3962
3969,dr. Ega Purnawati,Male,4,Mid,Remote,Contract,2024-10-11,,Active,23340000,2.8,4.4,4020
3970,Kusuma Hutagalung,Female,10,Mid,Medan,Contract,2023-10-28,2024-07-21,Resigned,12820000,3.5,5.0,2951
3971,Kambali Kurniawan,Male,1,Senior,Remote,Permanent,2016-06-04,,Active,50040000,4.1,3.8,2828
3972,dr. Hendri Kuswoyo,Male,8,Manager,Bandung,Contract,2022-12-10,,Active,47650000,2.4,4.0,4012
3973,Salimah Purnawati,Male,6,Mid,Jakarta,Permanent,2020-06-24,,Active,20740000,3.8,5.0,3279
3974,"Tgk. Kamila Rajasa, M.Farm",Male,3,Junior,Medan,Permanent,2019-04-23,,Active,21050000,2.1,3.7,3709
3975,Pranawa Mardhiyah,Female,3,Junior,Remote,Permanent,2020-03-10,,Active,19870000,3.8,3.9,5396
3976,Balijan Wijayanti,Female,4,Senior,Surabaya,Permanent,2019-05-15,,Active,33600000,3.1,4.2,4863
3977,Elma Najmudin,Female,3,Mid,Yogyakarta,Permanent,2024-07-04,,Active,26590000,3.6,3.1,1706
3978,"drg. Aurora Hutasoit, S.Farm",Male,4,Senior,Medan,Permanent,2018-09-02,,Active,36360000,2.7,3.5,3284
3979,"Ifa Sihotang, M.Farm",Male,2,Junior,Surabaya,Permanent,2023-10-15,,Active,19750000,3.5,2.8,1992
3980,"Mutia Winarsih, M.M.",Female,3,Mid,Bandung,Contract,2021-10-13,,Active,28710000,3.9,3.8,4331
3981,Tgk. Jasmin Nashiruddin,Male,9,Manager,Surabaya,Permanent,2021-09-13,,Active,47430000,2.7,3.7,5466
3982,Cengkal Hutapea,Male,10,Mid,Surabaya,Permanent,2020-11-14,,Active,15260000,2.6,3.4,3672
3983,"Rahmi Rajata, S.IP",Female,8,Mid,Jakarta,Permanent,2019-09-29,,Active,21830000,3.9,4.4,1204
3984,Patricia Budiyanto,Male,6,Junior,Jakarta,Permanent,2016-08-13,,Active,16610000,3.3,3.4,5082
3985,Harto Latupono,Female,10,Mid,Bandung,Permanent,2015-11-19,,Active,18310000,3.6,4.7,3615
3986,Cawisono Yolanda,Female,8,Lead,Yogyakarta,Permanent,2021-03-24,,Active,46250000,4.4,3.5,2414
3987,Michelle Waskita,Male,9,Mid,Bandung,Permanent,2018-01-25,,Active,19980000,3.3,3.8,2337
3988,"Hj. Uli Suartini, M.Kom.",Female,10,Junior,Surabaya,Probation,2018-03-12,2020-02-16,Resigned,11430000,1.7,2.4,4732
3989,Raina Susanti,Male,10,Lead,Medan,Permanent,2015-08-03,,Active,37010000,4.1,4.6,4994
3990,Shakila Wulandari,Male,2,Junior,Yogyakarta,Permanent,2018-07-15,,Active,19970000,5.0,4.0,4400
3991,"Samiah Widodo, S.Pd",Female,7,Senior,Bandung,Permanent,2022-04-01,,Active,24730000,4.0,3.6,1417
3992,Budi Mansur,Male,5,Mid,Medan,Permanent,2022-03-21,,Active,23230000,4.0,3.9,4954
3993,Dadap Kusumo,Male,3,Mid,Remote,Permanent,2024-11-26,,Active,30840000,4.0,3.6,3468
3994,"Cut Tami Nainggolan, S.Ked",Male,1,Intern,Bandung,Permanent,2020-07-27,2021-06-11,Resigned,10140000,3.3,3.0,4827
3995,Jaya Yulianti,Male,1,Junior,Surabaya,Probation,2023-01-02,,Active,21580000,3.1,4.1,1333
3996,Martaka Permadi,Female,10,Senior,Jakarta,Permanent,2015-11-29,,Active,27020000,2.8,3.3,3294
3997,Zaenab Utami,Male,7,Senior,Yogyakarta,Permanent,2020-11-19,,Active,27120000,3.7,4.8,4457
3998,"Drs. Fitriani Irawan, S.Pd",Male,5,Junior,Bandung,Permanent,2024-02-18,,Active,13030000,4.8,3.2,3422
3999,"drg. Cakrajiya Kusmawati, S.Farm",Female,5,Senior,Remote,Permanent,2017-07-20,,Active,27130000,3.8,3.9,1760
4000,Bambang Marbun,Male,10,Mid,Remote,Permanent,2015-08-03,,Active,19540000,2.2,2.8,1253
4001,Okta Handayani,Male,7,Senior,Bandung,Probation,2015-06-22,,Active,24330000,4.0,2.9,1304
4002,Nadine Damanik,Male,5,Senior,Yogyakarta,Permanent,2020-08-12,,Active,29390000,3.2,3.5,2572
4003,"Dr. Restu Prasasta, S.Kom",Female,7,Mid,Surabaya,Permanent,2015-03-20,,Active,17490000,1.6,3.2,4387
4004,Qori Wijaya,Female,2,Mid,Bandung,Permanent,2021-03-02,,Active,27620000,4.5,3.4,3880
4005,Ganda Anggriawan,Male,4,Lead,Jakarta,Permanent,2017-07-29,,Active,42030000,5.0,4.1,2256
4006,Lasmono Astuti,Male,4,Senior,Medan,Contract,2021-07-10,,Active,38300000,5.0,3.1,3148
4007,Zizi Lailasari,Male,2,Mid,Medan,Permanent,2019-06-15,,Active,27260000,5.0,2.1,1749
4008,"Ratna Riyanti, M.Pd",Female,10,Junior,Medan,Permanent,2017-12-24,,Active,14180000,2.4,4.5,3018
4009,Ani Laksita,Male,2,Junior,Surabaya,Permanent,2023-06-17,,Active,19910000,4.8,3.9,3669
4010,Nova Mulyani,Female,3,Senior,Surabaya,Permanent,2019-05-28,,Active,47070000,4.5,3.4,3506
4011,Ir. Shania Laksita,Female,9,Mid,Remote,Permanent,2021-10-07,,Active,20650000,3.3,3.7,4493
4012,Nasab Halim,Female,8,Head,Jakarta,Permanent,2017-04-18,,Active,72190000,4.5,3.4,
4013,Dt. Indra Permata,Male,4,Senior,Bandung,Permanent,2023-05-01,,Active,34180000,4.3,3.5,4873
4014,Puspa Haryanto,Female,3,Mid,Bandung,Contract,2024-05-04,,Active,32770000,3.1,3.7,3084
4015,Septi Agustina,Female,2,Senior,Remote,Permanent,2019-01-18,,Active,40660000,5.0,3.8,1588
4016,Calista Lailasari,Female,2,Intern,Surabaya,Permanent,2017-06-07,,Active,9540000,4.1,4.0,2899
4017,Hj. Jelita Hassanah,Male,8,Senior,Yogyakarta,Probation,2024-08-25,,Active,29080000,3.4,2.4,4844
4018,"Maya Damanik, S.E.",Female,4,Mid,Yogyakarta,Permanent,2023-01-27,,Active,24860000,3.2,2.8,5119
4019,Tari Nababan,Male,4,Senior,Medan,Permanent,2020-07-06,,Active,32880000,4.8,3.0,4081
4020,Jelita Farida,Male,4,Senior,Jakarta,Contract,2015-11-15,,Active,44420000,4.8,4.5,4441
4021,Jono Prasetya,Male,2,Senior,Surabaya,Probation,2024-08-11,,Active,32030000,2.0,3.7,3880
4022,Hj. Jessica Suartini,Female,3,Junior,Medan,Probation,2019-12-28,,Active,19140000,2.8,4.1,1478
4023,"Hj. Nadia Mustofa, S.Pd",Male,3,Junior,Remote,Permanent,2015-08-08,,Active,18900000,4.1,4.0,4628
4024,"Tania Wibisono, S.Farm",Female,9,Junior,Jakarta,Permanent,2023-04-27,,Active,13950000,2.0,3.7,2600
4025,"Hj. Safina Tarihoran, M.Kom.",Male,9,Junior,Jakarta,Permanent,2018-05-03,,Active,15830000,4.1,3.2,1015
4026,"R.M. Luthfi Pranowo, S.Pd",Female,1,Senior,Bandung,Permanent,2020-02-15,,Active,40580000,4.3,3.3,4428
4027,"Ulva Irawan, M.Kom.",Male,7,Mid,Yogyakarta,Permanent,2024-11-14,,Active,14810000,3.9,3.6,1028
4028,Cawuk Pangestu,Male,2,Mid,Yogyakarta,Contract,2015-12-19,,Active,26330000,3.4,4.9,4312
4029,Luluh Lestari,Female,4,Mid,Yogyakarta,Permanent,2018-01-11,2024-11-01,Resigned,25760000,4.1,3.1,4019
4030,Putu Agustina,Male,10,Senior,Jakarta,Permanent,2017-06-01,2022-02-20,Resigned,27590000,2.5,2.7,1609
4031,Ilsa Prakasa,Female,4,Junior,Bandung,Probation,2024-04-24,,Active,15690000,4.3,2.7,4887
4032,Kalim Hardiansyah,Male,3,Senior,Remote,Permanent,2022-05-13,2023-08-23,Resigned,35950000,2.6,3.8,2797
4033,Gatot Rajata,Female,7,Mid,Jakarta,Permanent,2017-04-10,,Active,16010000,3.9,3.4,2039
4034,Shania Manullang,Male,5,Intern,Jakarta,Probation,2017-08-19,,Active,8050000,4.5,3.3,3794
4035,Raden Mardhiyah,Male,8,Mid,Yogyakarta,Permanent,2024-10-17,,Active,19970000,2.0,3.6,1181
4036,Respati Haryanto,Female,8,Mid,Remote,Permanent,2023-11-18,,Active,21170000,4.1,4.1,4322
4037,Mala Latupono,Female,7,Junior,Yogyakarta,Contract,2015-12-29,,Active,11310000,4.2,3.4,4180
4038,R.A. Devi Purwanti,Male,10,Senior,Surabaya,Permanent,2019-03-09,,Active,28200000,3.8,2.7,3353
4039,Jinawi Rajata,Male,2,Junior,Surabaya,Permanent,2018-08-06,,Active,19600000,4.2,2.5,3007
4040,Violet Thamrin,Female,4,Mid,Surabaya,Permanent,2019-03-05,,Active,23640000,3.1,3.7,4254
4041,"Dt. Prasetya Puspita, S.T.",Male,9,Senior,Yogyakarta,Permanent,2024-02-18,,Active,22280000,3.2,3.0,1701
4042,Simon Mulyani,Female,5,Mid,Jakarta,Permanent,2019-01-15,,Active,20470000,3.3,3.5,1019
4043,Hj. Ciaobella Hardiansyah,Male,10,Senior,Remote,Permanent,2018-09-25,,Active,29320000,5.0,3.6,3353
4044,Wirda Haryanti,Male,4,Mid,Remote,Permanent,2015-06-25,,Active,26790000,1.7,4.1,1202
4045,"Puti Cici Suryatmi, M.Ak",Female,4,Intern,Remote,Permanent,2021-01-21,,Active,7670000,3.5,2.7,4873
4046,"R. Ridwan Purwanti, S.Gz",Male,9,Junior,Remote,Permanent,2024-02-26,,Active,13800000,3.9,3.9,3049
4047,R. Caturangga Usamah,Female,3,Mid,Medan,Permanent,2024-11-16,,Active,25780000,4.6,3.8,1478
4048,Tedi Putra,Male,8,Mid,Remote,Permanent,2021-06-15,2022-11-14,Resigned,21500000,3.1,3.1,2327
4049,Endah Siregar,Female,9,Senior,Medan,Probation,2020-06-26,2023-01-26,Resigned,25840000,3.8,3.6,3251
4050,"Maimunah Mayasari, M.Kom.",Female,1,Junior,Remote,Permanent,2017-06-16,,Active,21930000,3.0,3.2,3541
4051,"Cinthia Mangunsong, S.I.Kom",Male,5,Senior,Yogyakarta,Permanent,2017-07-13,,Active,33610000,3.5,3.1,2572
4052,Yuliana Mandala,Male,9,Junior,Jakarta,Permanent,2023-01-12,2024-12-08,Resigned,13570000,3.6,3.2,3725
4053,Samsul Pangestu,Male,7,Lead,Bandung,Permanent,2022-10-17,,Active,32200000,5.0,3.0,1417
4054,Lidya Ardianto,Female,1,Mid,Jakarta,Probation,2024-04-03,2024-12-20,Resigned,25520000,4.1,2.3,2642
4055,Rafid Kusmawati,Male,2,Junior,Jakarta,Permanent,2015-04-07,2019-01-27,Resigned,20790000,4.1,2.4,2194
4056,Irma Mayasari,Male,7,Lead,Jakarta,Permanent,2015-10-02,,Active,30260000,5.0,3.5,4839
4057,Bakiadi Santoso,Female,8,Mid,Remote,Permanent,2022-06-02,,Active,24030000,3.3,4.0,3045
4058,Tina Agustina,Female,10,Senior,Surabaya,Permanent,2019-05-08,,Active,25280000,3.6,5.0,1943
4059,Siti Widiastuti,Female,7,Manager,Jakarta,Permanent,2022-02-14,,Active,36120000,4.1,4.0,4815
4060,Cakrawangsa Nuraini,Male,8,Junior,Jakarta,Permanent,2020-08-09,,Active,15640000,3.0,3.7,2122
4061,Winda Pradana,Female,7,Mid,Medan,Permanent,2024-08-28,,Active,17150000,2.3,3.4,4119
4062,Rama Aryani,Female,6,Senior,Surabaya,Probation,2022-09-21,,Active,28760000,3.3,4.2,3451
4063,Laila Haryanti,Female,9,Lead,Yogyakarta,Permanent,2015-04-22,,Active,33770000,3.6,3.2,5017
4064,"Drs. Wulan Zulaika, S.I.Kom",Male,6,Mid,Jakarta,Permanent,2020-04-29,2021-05-02,Resigned,20230000,2.5,1.7,4292
4065,Ilyas Maulana,Male,2,Junior,Surabaya,Permanent,2020-02-06,,Active,19420000,3.2,3.6,3390
4066,"Dt. Nasim Maryati, S.Pt",Female,4,Mid,Medan,Permanent,2015-05-21,,Active,19910000,3.6,3.5,1226
4067,Gandi Sihotang,Female,1,Mid,Jakarta,Permanent,2017-06-06,,Active,31220000,4.4,3.2,3257
4068,Vera Marbun,Male,8,Mid,Jakarta,Probation,2021-08-27,,Active,24190000,4.8,3.4,3915
4069,Almira Wijaya,Female,3,Senior,Yogyakarta,Permanent,2015-10-11,,Active,52480000,5.0,2.7,5154
4070,"Dt. Mitra Yuniar, S.E.I",Female,6,Junior,Remote,Permanent,2023-12-27,,Active,14890000,3.6,3.5,1670
4071,Cut Siti Wijayanti,Female,10,Mid,Yogyakarta,Permanent,2021-07-26,2024-12-15,Resigned,14730000,3.0,4.6,2013
4072,T. Hari Wacana,Female,10,Mid,Jakarta,Permanent,2018-04-16,,Active,18880000,3.0,3.7,1271
4073,"Naradi Puspasari, S.Pd",Female,10,Mid,Jakarta,Permanent,2019-10-14,2021-02-22,Resigned,16470000,2.7,2.5,5351
4074,"Uli Sihotang, S.I.Kom",Female,1,Mid,Yogyakarta,Permanent,2017-10-17,2020-04-07,Resigned,30730000,3.7,4.4,2037
4075,Raden Setiawan,Male,10,Lead,Yogyakarta,Permanent,2017-07-04,2024-07-17,Resigned,32120000,1.7,2.3,1271
4076,Drs. Viman Maulana,Female,6,Mid,Jakarta,Permanent,2024-01-25,,Active,18970000,2.9,3.6,5382
4077,"Latika Hassanah, S.Kom",Male,10,Junior,Medan,Permanent,2016-06-24,,Active,10870000,3.4,2.7,2182
4078,Drs. Pandu Safitri,Female,7,Senior,Remote,Permanent,2020-07-25,,Active,20950000,4.8,2.9,1464
4079,"Ilyas Situmorang, S.Sos",Female,3,Mid,Yogyakarta,Permanent,2022-02-13,,Active,23620000,3.6,2.6,5040
4080,"Sutan Teguh Sihombing, S.Pt",Female,4,Mid,Yogyakarta,Permanent,2019-11-23,,Active,26250000,3.8,3.7,1411
4081,Kawaya Sitorus,Male,4,Lead,Remote,Permanent,2017-12-12,,Active,47100000,4.1,3.8,2033
4082,Tari Mahendra,Female,10,Mid,Bandung,Permanent,2020-09-08,,Active,18240000,2.6,2.4,1609
4083,Dr. Edi Prabowo,Male,7,Mid,Remote,Permanent,2015-12-20,,Active,18410000,3.7,4.3,3745
4084,Kajen Puspasari,Female,6,Senior,Jakarta,Probation,2021-04-01,,Active,35500000,5.0,3.8,1078
4085,Putri Siregar,Male,7,Mid,Medan,Permanent,2021-07-12,,Active,14240000,3.3,3.6,1739
4086,"Ir. Capa Damanik, S.Ked",Male,10,Mid,Remote,Permanent,2016-08-26,,Active,15760000,3.9,2.9,2838
4087,"Dr. Lega Rajata, S.H.",Male,7,Mid,Jakarta,Permanent,2019-03-04,,Active,16830000,4.3,4.4,4903
4088,"Tgk. Tari Anggraini, M.TI.",Female,3,Mid,Surabaya,Contract,2021-07-26,,Active,28740000,2.5,4.0,1640
4089,Opan Halim,Male,1,Junior,Yogyakarta,Contract,2018-08-01,,Active,24030000,4.2,2.1,2084
4090,"dr. Hana Utami, M.TI.",Male,3,Senior,Yogyakarta,Permanent,2022-06-12,,Active,39420000,2.8,2.6,4448
4091,Dewi Hardiansyah,Male,10,Senior,Remote,Permanent,2019-05-08,,Active,25940000,4.6,2.8,2792
4092,"Ir. Wage Maheswara, M.M.",Male,7,Mid,Medan,Permanent,2016-08-21,,Active,18750000,3.6,2.8,1428
4093,Queen Ardianto,Male,9,Lead,Jakarta,Permanent,2020-05-10,,Active,39240000,2.5,2.4,1701
4094,Jessica Prakasa,Male,2,Junior,Remote,Permanent,2022-01-11,,Active,20350000,1.9,2.5,4015
4095,"H. Laksana Pratiwi, M.Pd",Male,7,Junior,Jakarta,Permanent,2024-04-14,,Active,12560000,4.1,4.4,3617
4096,"Ir. Gina Tampubolon, S.Pd",Male,7,Intern,Yogyakarta,Permanent,2024-10-06,,Active,5090000,3.5,3.8,4179
4097,Salwa Pertiwi,Female,3,Mid,Bandung,Permanent,2019-05-20,,Active,29860000,4.0,3.1,3396
4098,"Cahyono Waluyo, M.TI.",Male,5,Lead,Medan,Contract,2020-05-17,,Active,41290000,2.4,3.1,2935
4099,"Hilda Jailani, S.Psi",Male,5,Mid,Surabaya,Permanent,2017-09-15,,Active,21860000,2.2,4.7,2610
4100,Drs. Dadi Tarihoran,Male,10,Junior,Yogyakarta,Permanent,2019-11-08,,Active,12320000,5.0,5.0,4994
4101,Cinthia Maulana,Male,8,Junior,Bandung,Permanent,2022-11-25,,Active,15040000,3.9,2.6,1858
4102,"Lintang Zulkarnain, S.Pt",Male,10,Mid,Surabaya,Permanent,2019-02-22,,Active,17320000,4.2,3.3,3061
4103,Aswani Anggraini,Female,9,Junior,Medan,Permanent,2018-05-28,,Active,15480000,3.0,3.4,1015
4104,Jaswadi Prabowo,Female,7,Mid,Medan,Permanent,2024-08-04,,Active,14720000,3.7,2.7,4001
4105,Citra Uwais,Male,1,Mid,Remote,Permanent,2020-04-06,,Active,31210000,3.2,4.3,2915
4106,"Karsa Waskita, M.Farm",Female,5,Senior,Remote,Permanent,2020-12-22,,Active,29140000,3.7,2.9,5115
4107,Dr. Prayogo Widodo,Female,10,Senior,Medan,Permanent,2018-01-16,,Active,30090000,4.0,4.2,2012
4108,"Tgk. Restu Mandasari, S.Farm",Female,8,Junior,Medan,Permanent,2018-08-20,,Active,17250000,3.6,3.3,1550
4109,Shakila Lestari,Female,6,Mid,Medan,Permanent,2017-02-24,,Active,21730000,2.0,2.1,1134
4110,"Lidya Marpaung, S.E.I",Female,6,Junior,Remote,Permanent,2017-12-16,,Active,15420000,3.1,2.3,2586
4111,R.M. Jayeng Haryanti,Male,6,Mid,Surabaya,Permanent,2023-12-30,,Active,19540000,4.8,4.6,2040
4112,Niyaga Mulyani,Female,2,Lead,Surabaya,Permanent,2022-12-28,,Active,59380000,4.2,3.4,4232
4113,"Drs. Devi Prabowo, M.M.",Female,2,Senior,Jakarta,Permanent,2021-07-10,,Active,41470000,4.1,3.6,3378
4114,Ami Manullang,Female,8,Junior,Medan,Contract,2022-02-28,,Active,15830000,4.9,2.5,3612
4115,Tgk. Viman Lazuardi,Female,1,Senior,Yogyakarta,Permanent,2017-01-19,,Active,44390000,3.7,3.8,3648
4116,drg. Carla Lazuardi,Female,10,Senior,Medan,Permanent,2020-06-06,,Active,27680000,4.3,2.5,2686
4117,Queen Siregar,Female,5,Senior,Jakarta,Permanent,2016-08-22,,Active,32190000,2.6,3.1,2935
4118,Karman Mangunsong,Female,10,Junior,Yogyakarta,Permanent,2024-02-13,,Active,11120000,3.7,2.8,2697
4119,Hardana Samosir,Male,7,Senior,Yogyakarta,Permanent,2024-02-08,,Active,22030000,3.0,3.5,4056
4120,Ilsa Sihombing,Female,6,Mid,Bandung,Permanent,2020-09-24,,Active,21830000,2.9,4.7,5416
4121,Ana Megantara,Female,1,Lead,Medan,Permanent,2022-01-16,,Active,56710000,3.1,3.4,1562
4122,Purwanto Rahmawati,Female,1,Lead,Bandung,Permanent,2019-05-04,,Active,58770000,4.5,3.7,2805
4123,Alika Samosir,Female,1,Mid,Jakarta,Permanent,2023-07-11,,Active,27900000,3.9,3.1,1162
4124,Gasti Najmudin,Male,3,Junior,Surabaya,Permanent,2018-02-10,2024-08-09,Resigned,20410000,3.6,3.3,1870
4125,"Dr. Ade Maheswara, M.Pd",Male,4,Mid,Bandung,Permanent,2023-05-02,,Active,18840000,3.6,3.6,4508
4126,Betania Gunawan,Male,6,Senior,Medan,Permanent,2015-02-10,,Active,35770000,4.2,3.2,5013
4127,Novi Pertiwi,Female,2,Lead,Bandung,Permanent,2019-10-27,,Active,52700000,5.0,4.6,2095
4128,Padmi Hartati,Female,3,Senior,Bandung,Permanent,2021-03-13,,Active,43490000,3.0,4.7,2797
4129,Violet Waluyo,Female,3,Senior,Bandung,Permanent,2023-07-20,2024-07-30,Resigned,40600000,2.6,4.0,5322
4130,Zahra Sudiati,Male,8,Junior,Remote,Permanent,2016-10-18,,Active,16210000,4.4,3.6,1157
4131,Prabowo Mandala,Female,5,Lead,Jakarta,Permanent,2024-01-29,,Active,38880000,3.4,3.3,1065
4132,Ir. Jagaraga Hartati,Female,9,Intern,Medan,Permanent,2017-06-24,,Active,6840000,3.1,2.8,2712
4133,"Ikin Maryadi, S.Psi",Male,7,Intern,Jakarta,Permanent,2017-06-21,,Active,5630000,3.3,4.0,2035
4134,Raharja Oktaviani,Female,4,Mid,Medan,Contract,2019-11-18,,Active,24000000,3.5,4.1,4558
4135,"Leo Wasita, S.Sos",Female,3,Senior,Jakarta,Permanent,2017-05-24,,Active,46330000,3.2,3.8,3917
4136,Uda Widodo,Female,6,Senior,Yogyakarta,Contract,2019-12-18,,Active,28380000,3.6,3.2,4505
4137,Puput Gunawan,Female,6,Junior,Surabaya,Permanent,2015-04-05,,Active,16000000,3.5,1.7,4216
4138,"Tirtayasa Handayani, S.T.",Female,4,Senior,Medan,Permanent,2019-11-24,,Active,33620000,3.6,2.7,3516
4139,"Bakidin Marbun, S.Ked",Male,10,Mid,Yogyakarta,Contract,2020-08-06,,Active,19070000,2.4,3.7,3615
4140,Hj. Wulan Saragih,Male,9,Lead,Jakarta,Permanent,2019-03-08,,Active,40290000,4.5,3.7,5466
4141,Ir. Bancar Yuniar,Female,7,Mid,Bandung,Permanent,2016-11-20,,Active,17270000,2.6,3.8,2067
4142,R. Dadi Safitri,Female,10,Mid,Surabaya,Contract,2019-07-18,2024-01-17,Resigned,15190000,1.4,4.0,2792
4143,Drs. Praba Habibi,Female,9,Manager,Jakarta,Permanent,2021-09-25,,Active,46190000,3.7,3.2,1153
4144,Drs. Fitriani Kusmawati,Male,6,Mid,Yogyakarta,Permanent,2022-03-28,,Active,19280000,4.4,3.0,1961
4145,Dt. Banawa Wahyuni,Male,9,Junior,Surabaya,Permanent,2019-05-12,,Active,14490000,3.7,3.6,1410
4146,R.M. Yono Budiyanto,Female,3,Senior,Yogyakarta,Permanent,2019-11-23,,Active,41900000,3.3,3.0,5171
4147,Winda Putra,Female,6,Junior,Surabaya,Contract,2018-11-27,,Active,15570000,4.5,3.6,2855
4148,Radit Prastuti,Female,4,Senior,Bandung,Contract,2020-05-14,,Active,34080000,4.5,3.9,3531
4149,Chelsea Nasyidah,Male,9,Junior,Surabaya,Permanent,2024-06-26,2024-12-29,Resigned,12740000,3.4,3.5,3923
4150,dr. Lalita Rahmawati,Male,1,Lead,Bandung,Permanent,2016-01-04,,Active,77360000,4.0,3.4,4595
4151,Joko Damanik,Male,10,Mid,Yogyakarta,Permanent,2017-10-22,2021-02-28,Resigned,16640000,3.8,3.8,5376
4152,Maya Najmudin,Male,6,Junior,Bandung,Permanent,2024-08-17,,Active,12810000,4.0,4.5,4549
4153,Aisyah Nuraini,Female,9,Junior,Bandung,Contract,2016-11-13,,Active,13020000,3.7,3.0,4187
4154,Kezia Rajasa,Male,5,Senior,Remote,Permanent,2021-06-03,,Active,32320000,4.9,2.4,5115
4155,Balijan Januar,Female,2,Senior,Bandung,Permanent,2019-09-30,,Active,41610000,2.8,3.7,4828
4156,R.M. Edison Megantara,Male,2,Senior,Jakarta,Permanent,2021-10-04,,Active,43620000,3.3,2.2,4443
4157,Dodo Irawan,Female,9,Senior,Medan,Permanent,2024-03-01,,Active,26590000,4.0,3.4,5095
4158,Gaiman Wasita,Female,7,Head,Remote,Permanent,2021-03-16,,Active,56830000,2.5,2.5,
4159,"Cawisadi Halim, M.Ak",Male,3,Mid,Surabaya,Contract,2017-10-03,,Active,32340000,2.6,4.1,2511
4160,Elvina Dongoran,Female,10,Senior,Medan,Permanent,2020-10-03,,Active,21880000,3.5,2.7,1943
4161,"Amelia Salahudin, S.Sos",Male,3,Senior,Jakarta,Permanent,2019-06-02,,Active,41600000,4.5,3.5,1030
4162,Galuh Megantara,Male,7,Mid,Surabaya,Permanent,2017-09-17,,Active,15390000,3.9,3.5,4457
4163,Janet Rajata,Female,7,Senior,Bandung,Permanent,2020-03-09,,Active,22470000,3.8,3.3,3168
4164,Yunita Lazuardi,Male,5,Head,Jakarta,Permanent,2016-10-25,,Active,67580000,4.4,3.4,
4165,Damar Permadi,Female,5,Mid,Medan,Contract,2016-07-10,2022-03-08,Resigned,18120000,2.2,3.1,5338
4166,"Drs. Langgeng Prakasa, M.Kom.",Female,4,Senior,Yogyakarta,Contract,2021-03-04,,Active,37940000,3.9,4.2,3009
4167,KH. Johan Winarno,Female,3,Mid,Surabaya,Contract,2022-04-05,,Active,34540000,2.5,2.7,2574
4168,Embuh Halim,Female,5,Junior,Yogyakarta,Permanent,2023-06-06,,Active,15400000,3.1,4.2,3026
4169,Malika Puspasari,Female,3,Mid,Bandung,Permanent,2016-06-01,,Active,30100000,3.3,3.3,4499
4170,Bella Laksmiwati,Female,9,Junior,Medan,Contract,2024-06-10,,Active,14320000,3.7,3.0,3599
4171,Hasim Usada,Female,7,Mid,Jakarta,Permanent,2019-03-20,,Active,17320000,4.0,2.6,3420
4172,Vino Budiyanto,Male,7,Mid,Remote,Permanent,2023-06-01,2024-07-07,Resigned,16700000,4.7,4.1,1438
4173,Puspa Rahmawati,Female,1,Senior,Remote,Permanent,2024-09-13,,Active,45150000,4.0,3.9,4595
4174,"Baktianto Prayoga, M.Pd",Female,8,Manager,Jakarta,Contract,2019-06-12,,Active,48200000,4.7,1.7,4242
4175,"Panji Mahendra, S.Pd",Female,4,Junior,Yogyakarta,Permanent,2017-11-01,,Active,16770000,3.3,3.1,5111
4176,drg. Melinda Hutasoit,Female,9,Mid,Bandung,Permanent,2024-11-23,,Active,19130000,4.8,2.9,3223
4177,"Hj. Olivia Putra, S.E.I",Male,8,Senior,Remote,Probation,2017-10-02,,Active,32770000,3.2,4.3,3101
4178,Puput Narpati,Female,7,Mid,Yogyakarta,Contract,2019-03-13,2022-04-18,Resigned,15980000,2.7,3.5,1035
4179,"Sutan Kawaya Anggraini, M.Pd",Female,7,Junior,Surabaya,Contract,2015-11-16,,Active,11360000,2.7,3.5,3393
4180,Azalea Adriansyah,Female,7,Senior,Yogyakarta,Permanent,2015-06-15,,Active,20850000,3.7,3.7,4056
4181,"Dr. Yance Safitri, S.Pd",Female,1,Senior,Medan,Permanent,2017-03-03,,Active,44350000,4.4,3.9,3268
4182,"Caturangga Adriansyah, S.Gz",Male,5,Mid,Medan,Permanent,2016-08-20,,Active,23960000,3.7,3.6,1543
4183,Humaira Rahimah,Male,1,Mid,Medan,Permanent,2020-09-17,,Active,31360000,3.1,3.3,3854
4184,Zalindra Zulaika,Female,4,Mid,Medan,Permanent,2019-07-11,,Active,22020000,3.2,3.4,1663
4185,Kamaria Usamah,Female,4,Mid,Medan,Permanent,2018-03-13,,Active,26060000,3.7,2.9,4254
4186,Lanang Melani,Female,4,Mid,Medan,Permanent,2023-07-04,,Active,21800000,3.6,4.0,2902
4187,Aurora Marpaung,Male,9,Mid,Yogyakarta,Permanent,2016-09-20,,Active,21300000,4.2,4.8,5188
4188,"Patricia Pratiwi, S.Pt",Female,7,Lead,Surabaya,Permanent,2023-03-16,,Active,27160000,3.9,4.8,4815
4189,Clara Widodo,Male,1,Mid,Surabaya,Permanent,2016-01-17,,Active,33580000,3.3,4.1,4225
4190,"Dewi Mandala, M.Pd",Male,5,Mid,Bandung,Permanent,2015-06-30,,Active,23500000,3.0,2.7,4311
4191,Mala Pranowo,Male,6,Junior,Bandung,Permanent,2019-09-07,,Active,16040000,4.1,3.2,5485
4192,Drs. Wani Simanjuntak,Female,10,Mid,Bandung,Contract,2017-05-12,2018-08-06,Resigned,17380000,2.2,2.8,4116
4193,"Warsita Siregar, S.T.",Female,4,Mid,Jakarta,Permanent,2023-02-26,,Active,25390000,4.7,4.5,4980
4194,"H. Jabal Saputra, S.H.",Male,6,Junior,Jakarta,Permanent,2022-07-18,,Active,12570000,3.8,3.4,1369
4195,"Galur Siregar, S.Kom",Female,4,Junior,Surabaya,Contract,2021-12-01,,Active,18530000,3.5,2.8,1642
4196,Rahayu Sitompul,Female,9,Senior,Remote,Permanent,2021-06-21,,Active,27510000,3.1,3.6,4858
4197,Vino Mansur,Female,10,Mid,Remote,Contract,2020-11-27,,Active,17190000,5.0,3.7,1820
4198,"Virman Adriansyah, M.Ak",Female,8,Mid,Bandung,Permanent,2024-01-16,,Active,21050000,3.4,3.3,1899
4199,Agnes Anggriawan,Male,6,Senior,Surabaya,Probation,2019-11-13,,Active,28410000,3.1,3.1,1078
4200,"Cawuk Zulkarnain, M.Pd",Female,10,Senior,Yogyakarta,Permanent,2020-08-05,,Active,22430000,3.2,4.5,1736
4201,"Tiara Lestari, S.Sos",Female,8,Junior,Jakarta,Contract,2023-12-28,,Active,13200000,3.2,2.5,4570
4202,R. Pandu Yulianti,Male,6,Intern,Bandung,Permanent,2024-06-21,,Active,7360000,4.0,4.9,2687
4203,"Bahuwarna Nasyiah, S.Ked",Male,6,Mid,Medan,Permanent,2016-02-08,,Active,21880000,2.6,3.3,2764
4204,"Hj. Maimunah Wulandari, S.IP",Female,6,Manager,Surabaya,Permanent,2019-09-14,,Active,42830000,2.1,4.4,1219
4205,Yulia Waluyo,Male,9,Mid,Remote,Permanent,2021-12-27,,Active,17900000,3.4,4.3,3798
4206,"Ir. Kani Wibisono, S.E.",Female,6,Lead,Yogyakarta,Permanent,2015-08-22,,Active,36560000,3.7,3.3,1573
4207,"Cut Dewi Hariyah, S.I.Kom",Female,9,Mid,Surabaya,Permanent,2015-05-06,,Active,20340000,4.2,3.2,5253
4208,Ibun Anggriawan,Male,3,Mid,Yogyakarta,Probation,2020-06-15,,Active,31780000,3.7,3.3,3776
4209,Paiman Damanik,Female,8,Senior,Yogyakarta,Contract,2021-08-07,,Active,31130000,5.0,4.2,1682
4210,"T. Maman Tamba, S.Kom",Female,1,Mid,Bandung,Permanent,2017-09-23,,Active,30540000,3.7,3.4,3318
4211,Rahman Susanti,Female,9,Mid,Jakarta,Permanent,2021-08-27,,Active,23240000,4.0,3.2,3379
4212,"Gadang Prasetya, S.H.",Male,8,Mid,Bandung,Permanent,2023-12-06,,Active,21720000,4.0,3.7,2947
4213,Karen Firgantoro,Female,8,Mid,Remote,Permanent,2016-01-14,,Active,19660000,3.3,4.7,3495
4214,Nilam Sudiati,Male,5,Junior,Jakarta,Permanent,2015-01-09,,Active,14440000,4.5,2.6,4469
4215,Adiarja Napitupulu,Female,3,Senior,Remote,Permanent,2022-08-12,,Active,44080000,4.7,2.6,5177
4216,"Hj. Lala Kusumo, S.T.",Male,6,Manager,Surabaya,Permanent,2015-06-15,2019-06-02,Resigned,47040000,2.8,2.7,1794
4217,Drs. Nilam Narpati,Male,5,Mid,Bandung,Contract,2015-06-11,,Active,23740000,3.5,2.7,3811
4218,Sutan Maryanto Pratiwi,Female,8,Mid,Jakarta,Permanent,2024-03-29,,Active,18830000,3.8,4.0,2896
4219,"Mahmud Suartini, M.Farm",Female,2,Lead,Jakarta,Contract,2021-11-25,,Active,52220000,4.4,4.5,2602
4220,Atmaja Rahmawati,Female,5,Mid,Medan,Contract,2016-07-21,,Active,22990000,4.6,3.6,2921
4221,Panca Haryanto,Male,1,Mid,Medan,Permanent,2022-03-20,,Active,27080000,3.7,4.1,3854
4222,Eka Purnawati,Male,1,Junior,Yogyakarta,Contract,2022-09-23,,Active,23080000,4.0,3.7,3404
4223,"R.A. Putri Saefullah, S.Kom",Male,1,Manager,Yogyakarta,Permanent,2022-10-17,,Active,67490000,3.3,2.6,1020
4224,"Hj. Ayu Wastuti, M.Pd",Female,7,Lead,Yogyakarta,Permanent,2018-04-17,,Active,34590000,5.0,2.5,4794
4225,Tgk. Sabrina Purwanti,Male,1,Manager,Surabaya,Permanent,2023-11-28,,Active,76160000,3.3,2.9,2805
4226,Ade Aryani,Male,3,Senior,Remote,Permanent,2017-09-12,,Active,45460000,2.7,3.0,5154
4227,"Muni Yulianti, S.Gz",Male,1,Senior,Jakarta,Permanent,2015-08-29,,Active,49830000,3.1,2.6,1562
4228,"dr. Mala Wasita, S.T.",Female,4,Junior,Jakarta,Permanent,2016-05-31,,Active,17530000,4.0,3.3,3622
4229,Maman Maryati,Female,5,Mid,Bandung,Permanent,2022-09-17,,Active,22630000,3.1,2.3,3189
4230,Nilam Tarihoran,Female,5,Lead,Remote,Probation,2019-08-06,2023-09-13,Resigned,46370000,3.7,2.5,1065
4231,KH. Artawan Prasetyo,Female,5,Junior,Yogyakarta,Permanent,2022-12-14,,Active,14000000,3.3,3.9,1221
4232,Estiawan Andriani,Female,2,Manager,Surabaya,Permanent,2016-10-03,,Active,81820000,3.2,2.8,3603
4233,drg. Galih Ardianto,Male,1,Senior,Surabaya,Permanent,2024-06-07,,Active,42980000,3.7,2.5,1905
4234,Febi Sitorus,Female,5,Junior,Yogyakarta,Contract,2020-03-13,,Active,15830000,3.4,2.9,1298
4235,Tasnim Pertiwi,Female,7,Junior,Surabaya,Permanent,2020-01-16,,Active,12580000,3.6,4.0,2930
4236,"Dt. Okto Prasetyo, S.Farm",Female,1,Junior,Medan,Contract,2022-05-20,,Active,19060000,5.0,3.5,3504
4237,Vero Prayoga,Male,9,Mid,Bandung,Probation,2015-01-31,,Active,18190000,2.9,3.4,4271
4238,Catur Sitompul,Female,9,Junior,Surabaya,Permanent,2016-01-17,,Active,15320000,4.6,3.4,2197
4239,Bella Utami,Male,9,Senior,Yogyakarta,Probation,2017-09-10,,Active,28390000,4.1,3.1,1459
4240,"Bakti Dabukke, M.Kom.",Male,2,Senior,Jakarta,Permanent,2023-01-31,2023-09-07,Resigned,39510000,2.0,3.7,2925
4241,Yani Dongoran,Female,2,Manager,Surabaya,Permanent,2023-12-22,,Active,64860000,3.8,3.1,3603
4242,Hj. Juli Ramadan,Female,8,Head,Medan,Permanent,2023-08-27,,Active,65760000,3.7,3.8,
4243,Balangga Kusmawati,Male,6,Mid,Remote,Permanent,2018-09-23,,Active,18880000,2.4,3.3,1176
4244,Yusuf Siregar,Female,7,Junior,Medan,Probation,2020-12-14,,Active,11230000,3.3,3.4,4983
4245,"Cut Yuni Sitorus, M.TI.",Male,3,Mid,Remote,Contract,2019-11-17,,Active,29860000,4.6,4.2,2797
4246,"Sutan Warsa Hidayanto, M.Ak",Female,9,Junior,Surabaya,Permanent,2023-01-24,,Active,13120000,2.4,3.0,4618
4247,Dr. Vanesa Kuswoyo,Female,5,Mid,Jakarta,Permanent,2015-07-02,,Active,21430000,3.5,4.4,3224
4248,"Ivan Prastuti, S.IP",Male,6,Junior,Yogyakarta,Probation,2020-04-27,,Active,14030000,3.4,3.9,1670
4249,Aswani Firmansyah,Male,7,Mid,Bandung,Permanent,2018-07-14,,Active,16630000,3.6,3.7,2268
4250,Iriana Haryanto,Female,3,Mid,Bandung,Permanent,2022-04-24,,Active,25930000,2.0,5.0,3580
4251,"R.M. Aswani Handayani, S.Gz",Female,7,Mid,Medan,Permanent,2019-06-06,,Active,18060000,4.1,3.3,1441
4252,Rahmi Utami,Male,1,Junior,Yogyakarta,Permanent,2024-03-18,,Active,21410000,3.1,4.7,4575
4253,Bella Jailani,Male,10,Mid,Surabaya,Permanent,2015-11-08,,Active,20120000,2.8,3.8,4116
4254,"Asman Purwanti, S.Gz",Female,4,Senior,Remote,Contract,2015-03-08,,Active,36650000,4.3,2.7,4381
4255,Zizi Wibowo,Female,10,Manager,Jakarta,Permanent,2023-08-16,,Active,45580000,3.3,2.3,2218
4256,Cinta Safitri,Male,1,Junior,Surabaya,Permanent,2020-12-27,,Active,20920000,4.4,3.2,4827
4257,"dr. Daruna Rahimah, M.Ak",Male,8,Junior,Surabaya,Permanent,2019-05-13,,Active,15250000,3.0,2.2,4882
4258,Jaeman Winarno,Male,3,Senior,Jakarta,Permanent,2015-02-28,,Active,47320000,4.4,3.5,3776
4259,Wulan Aryani,Male,8,Lead,Remote,Permanent,2020-05-19,2021-08-07,Resigned,40480000,4.5,2.9,4844
4260,Ir. Cinthia Sirait,Male,8,Junior,Surabaya,Permanent,2022-05-16,,Active,16170000,1.8,4.6,1866
4261,"Wakiman Wulandari, S.Ked",Female,10,Senior,Surabaya,Permanent,2017-04-15,,Active,26500000,3.6,3.8,5376
4262,Padma Sitompul,Female,8,Mid,Remote,Permanent,2018-06-21,,Active,22230000,2.9,3.0,3986
4263,R.A. Cici Jailani,Male,3,Senior,Jakarta,Contract,2015-11-09,,Active,45710000,5.0,2.6,5409
4264,Legawa Hidayat,Male,8,Mid,Bandung,Permanent,2017-09-08,2021-03-17,Resigned,21480000,2.2,3.4,4932
4265,R.A. Queen Mahendra,Female,6,Senior,Medan,Permanent,2018-10-14,2024-06-29,Resigned,31960000,3.2,3.4,5272
4266,"Kacung Rajasa, S.I.Kom",Female,1,Junior,Surabaya,Permanent,2023-10-23,2024-06-06,Resigned,18050000,3.4,4.4,2554
4267,Novi Safitri,Male,5,Mid,Remote,Permanent,2021-02-11,,Active,22210000,3.2,4.5,3886
4268,Fitria Prasasta,Male,4,Mid,Surabaya,Permanent,2015-09-17,,Active,27400000,3.6,3.3,4166
4269,Raditya Gunawan,Male,5,Senior,Remote,Permanent,2020-05-14,,Active,31250000,5.0,3.3,2935
4270,Cagak Saragih,Female,1,Senior,Yogyakarta,Permanent,2024-07-27,,Active,38780000,4.8,2.8,4223
4271,drg. Oliva Yulianti,Female,9,Lead,Remote,Permanent,2017-05-19,2024-11-01,Resigned,32270000,2.7,4.0,3798
4272,"Tgk. Galang Padmasari, M.Pd",Male,4,Mid,Yogyakarta,Permanent,2023-05-09,2024-10-06,Resigned,20950000,2.5,3.4,2259
4273,"R.M. Cakrajiya Halimah, S.Pd",Female,10,Mid,Surabaya,Permanent,2019-05-06,,Active,18350000,3.6,3.7,3699
4274,dr. Icha Uwais,Male,6,Senior,Jakarta,Permanent,2015-05-30,,Active,34400000,3.3,4.1,1613
4275,Karja Rahmawati,Male,4,Mid,Remote,Permanent,2022-06-15,,Active,21510000,4.4,3.3,1287
4276,"Mustika Maulana, S.Gz",Male,7,Junior,Jakarta,Permanent,2018-07-14,,Active,11470000,2.0,4.4,4530
4277,Jono Purwanti,Male,5,Senior,Jakarta,Permanent,2021-09-01,,Active,33250000,3.5,3.2,2330
4278,"Cut Lintang Situmorang, S.Kom",Female,9,Mid,Medan,Permanent,2020-07-17,,Active,18470000,3.4,3.3,4642
4279,Manah Pangestu,Female,6,Junior,Jakarta,Contract,2016-05-05,,Active,16220000,4.2,2.9,3462
4280,"R. Ganep Nainggolan, M.Kom.",Female,5,Mid,Surabaya,Permanent,2017-10-04,2023-01-09,Resigned,22570000,2.3,1.4,1970
4281,"Talia Hastuti, M.Ak",Male,6,Mid,Remote,Probation,2015-08-13,,Active,24040000,2.6,1.8,3030
4282,"Julia Prastuti, M.Farm",Male,3,Junior,Bandung,Permanent,2022-10-21,2024-05-11,Resigned,16980000,3.4,2.7,4904
4283,Raisa Salahudin,Female,8,Senior,Surabaya,Permanent,2015-11-01,,Active,34750000,3.3,3.4,2414
4284,Julia Marpaung,Female,6,Mid,Jakarta,Permanent,2023-04-14,,Active,17850000,3.3,3.3,3741
4285,Jaeman Gunarto,Female,4,Junior,Jakarta,Contract,2018-09-04,,Active,16960000,3.0,4.1,5222
4286,Gawati Adriansyah,Male,1,Senior,Surabaya,Permanent,2019-01-24,2021-01-14,Resigned,41800000,3.1,4.1,5404
4287,"Darmana Pradana, M.M.",Male,9,Lead,Medan,Contract,2017-01-18,,Active,36610000,4.6,4.2,5294
4288,R.A. Halima Laksmiwati,Male,3,Mid,Medan,Permanent,2015-07-21,,Active,29310000,4.6,3.7,4716
4289,"Vivi Sitompul, S.Sos",Male,2,Senior,Medan,Contract,2024-02-07,,Active,31600000,2.1,3.3,4828
4290,Heru Nashiruddin,Female,7,Junior,Jakarta,Contract,2021-03-12,,Active,9400000,3.3,4.1,1058
4291,"Cut Karen Anggriawan, S.Pt",Male,7,Senior,Yogyakarta,Permanent,2018-07-01,,Active,21770000,4.2,3.2,4158
4292,Ana Puspita,Female,6,Senior,Bandung,Permanent,2018-01-07,,Active,30230000,3.5,3.8,1351
4293,Caket Siregar,Male,10,Mid,Jakarta,Permanent,2016-03-13,,Active,17540000,4.6,3.1,2838
4294,Febi Usamah,Female,10,Senior,Surabaya,Permanent,2019-07-21,,Active,24830000,4.4,3.8,2342
4295,dr. Aurora Dabukke,Male,4,Senior,Bandung,Permanent,2015-12-02,,Active,41140000,4.1,2.7,4731
4296,Dalimin Suryono,Male,5,Mid,Yogyakarta,Permanent,2022-01-27,,Active,21410000,3.2,3.8,4954
4297,Darmaji Saptono,Male,3,Junior,Remote,Permanent,2016-11-24,,Active,22620000,3.4,2.1,1871
4298,"Ellis Sirait, M.Pd",Female,4,Junior,Surabaya,Permanent,2015-01-22,,Active,19630000,4.2,4.7,4605
4299,Cemani Napitupulu,Male,8,Mid,Jakarta,Permanent,2020-07-10,,Active,19610000,3.2,3.7,2524
4300,Cecep Saptono,Female,3,Intern,Surabaya,Permanent,2017-02-27,,Active,9480000,3.8,2.9,2958
4301,Ajimat Wastuti,Female,7,Mid,Medan,Permanent,2021-08-16,,Active,14250000,3.2,4.7,1304
4302,Harjasa Yolanda,Male,6,Junior,Jakarta,Permanent,2021-11-29,,Active,12660000,3.6,4.6,2323
4303,"R. Gandi Pranowo, S.Pd",Female,3,Junior,Jakarta,Probation,2022-04-09,,Active,19640000,2.2,3.2,1267
4304,Halima Uwais,Female,10,Senior,Surabaya,Permanent,2021-08-16,,Active,27630000,4.4,3.9,2013
4305,"Tgk. Mitra Narpati, M.TI.",Male,7,Lead,Jakarta,Probation,2024-02-18,,Active,28200000,2.2,3.1,4794
4306,"Drs. Teguh Fujiati, S.Pt",Male,8,Senior,Bandung,Probation,2016-06-26,,Active,39180000,4.0,3.6,2524
4307,Cakrabirawa Mustofa,Male,6,Mid,Bandung,Probation,2023-03-15,2024-03-31,Resigned,20570000,2.8,3.8,4427
4308,"Sutan Dadi Nasyidah, S.Sos",Female,8,Junior,Remote,Permanent,2016-04-06,,Active,17560000,4.2,3.8,2634
4309,"Kasiyah Simanjuntak, M.Ak",Male,1,Mid,Yogyakarta,Permanent,2024-04-22,,Active,25390000,2.8,3.5,3163
4310,Siska Prasasta,Male,5,Intern,Remote,Contract,2020-01-06,2024-07-26,Resigned,8120000,5.0,2.7,4670
4311,Prabowo Susanti,Female,5,Lead,Yogyakarta,Permanent,2018-08-24,,Active,40160000,3.1,3.2,4739
4312,R.A. Zulaikha Nasyiah,Female,2,Senior,Remote,Permanent,2019-12-22,,Active,45470000,3.4,3.0,4219
4313,Widya Maryadi,Female,3,Junior,Remote,Contract,2018-12-17,,Active,20430000,3.8,4.9,3335
4314,Hilda Habibi,Male,10,Senior,Surabaya,Permanent,2020-06-29,,Active,27090000,2.5,3.1,4780
4315,"Raden Setiawan, S.E.I",Female,6,Senior,Bandung,Permanent,2015-01-13,,Active,30490000,5.0,3.2,1426
4316,"Drs. Restu Lestari, S.Kom",Male,8,Lead,Surabaya,Permanent,2023-05-24,,Active,44390000,4.2,2.7,4529
4317,"Cindy Halimah, M.Ak",Male,2,Senior,Surabaya,Permanent,2024-11-18,,Active,40880000,4.5,2.5,3348
4318,Caturangga Melani,Female,1,Lead,Jakarta,Permanent,2023-08-17,2024-11-10,Resigned,58790000,4.4,3.1,1562
4319,Umi Yuliarti,Female,1,Senior,Yogyakarta,Permanent,2018-05-26,,Active,47770000,3.3,3.4,4318
4320,"Dr. Hardi Mandasari, M.TI.",Female,5,Mid,Yogyakarta,Permanent,2024-05-31,,Active,19810000,2.8,3.4,2869
4321,Elma Sinaga,Female,3,Junior,Bandung,Permanent,2017-06-22,,Active,23000000,4.0,4.2,2316
4322,"Kasiyah Novitasari, M.Kom.",Male,8,Senior,Bandung,Probation,2022-03-27,,Active,36460000,2.5,2.1,2138
4323,"Nilam Kusmawati, S.T.",Male,3,Junior,Surabaya,Permanent,2016-03-25,,Active,22540000,3.3,3.6,4986
4324,drg. Suci Padmasari,Male,2,Mid,Medan,Contract,2018-01-18,,Active,34710000,3.9,3.4,4942
4325,"Argono Pranowo, S.H.",Female,6,Mid,Bandung,Contract,2015-03-25,2016-12-02,Resigned,19650000,4.0,3.5,1078
4326,Jabal Prakasa,Female,2,Senior,Remote,Probation,2024-01-30,,Active,42800000,4.3,2.8,1039
4327,Gasti Samosir,Male,9,Junior,Medan,Permanent,2022-01-14,,Active,13680000,3.6,2.3,1213
4328,Keisha Pertiwi,Male,4,Junior,Medan,Permanent,2018-09-02,,Active,15690000,3.8,3.7,3942
4329,Warji Wahyudin,Female,7,Junior,Bandung,Permanent,2015-01-06,,Active,11090000,4.5,4.9,3053
4330,Pia Hutasoit,Female,7,Senior,Surabaya,Permanent,2023-01-31,,Active,23850000,3.9,3.6,2226
4331,Pardi Hutasoit,Female,3,Senior,Yogyakarta,Permanent,2021-07-29,,Active,38980000,3.2,3.1,2954
4332,Maimunah Maryati,Female,10,Intern,Medan,Permanent,2016-01-29,,Active,6350000,4.2,3.6,3304
4333,Ghaliyati Padmasari,Male,2,Junior,Surabaya,Permanent,2018-08-23,2022-11-26,Resigned,21270000,3.3,3.6,2159
4334,Jaka Mulyani,Male,9,Mid,Bandung,Permanent,2020-12-21,,Active,18680000,5.0,3.4,1459
4335,dr. Maria Hartati,Male,7,Junior,Bandung,Permanent,2022-09-26,2024-10-23,Resigned,8840000,3.3,2.6,3441
4336,Mala Wasita,Male,2,Junior,Medan,Probation,2017-04-19,,Active,20570000,3.3,4.4,5344
4337,Wani Mandasari,Male,2,Senior,Medan,Permanent,2016-02-25,,Active,41420000,5.0,4.5,2665
4338,Humaira Wibowo,Male,5,Senior,Bandung,Permanent,2017-06-23,,Active,34060000,2.0,3.9,2566
4339,Cemani Handayani,Male,4,Mid,Yogyakarta,Permanent,2017-11-16,2024-12-15,Resigned,24800000,4.4,3.3,1103
4340,Eman Yuliarti,Female,6,Mid,Yogyakarta,Contract,2022-03-18,,Active,22870000,2.3,3.0,1351
4341,Gatot Hutasoit,Male,4,Junior,Medan,Permanent,2018-10-27,,Active,18090000,3.0,2.5,3772
4342,Zaenab Mardhiyah,Female,4,Intern,Remote,Permanent,2023-11-15,,Active,7970000,3.5,4.8,5241
4343,Dr. Margana Hutapea,Male,6,Senior,Surabaya,Permanent,2015-06-30,,Active,29840000,3.5,3.6,3451
4344,"T. Wira Pradana, S.IP",Male,9,Mid,Bandung,Contract,2024-06-11,,Active,19910000,3.1,2.8,1098
4345,Bagus Tarihoran,Female,4,Senior,Bandung,Probation,2016-02-14,2023-02-24,Resigned,30370000,4.2,2.5,1239
4346,Kenes Pangestu,Female,4,Junior,Surabaya,Probation,2015-01-01,,Active,15310000,4.4,4.1,4029
4347,Faizah Wulandari,Female,10,Junior,Jakarta,Permanent,2021-03-28,,Active,11480000,3.9,3.7,5376
4348,Hafshah Sihombing,Male,5,Lead,Bandung,Contract,2022-06-26,,Active,45750000,3.5,5.0,2738
4349,"Yulia Zulaika, S.T.",Male,8,Junior,Bandung,Contract,2023-04-09,2024-01-05,Resigned,13890000,3.4,3.7,5193
4350,Nrima Suartini,Male,4,Senior,Jakarta,Permanent,2016-06-27,,Active,34280000,3.7,4.0,2256
4351,Sabar Palastri,Male,2,Mid,Remote,Contract,2021-12-08,2022-10-04,Resigned,25430000,2.9,2.9,4241
4352,Ajeng Salahudin,Male,5,Mid,Surabaya,Contract,2019-02-10,,Active,22350000,4.7,4.3,4469
4353,Yuni Situmorang,Female,10,Junior,Bandung,Permanent,2016-09-22,,Active,11900000,3.6,2.1,4820
4354,"dr. Warsita Waskita, M.Farm",Male,6,Mid,Medan,Permanent,2016-12-02,,Active,23950000,2.8,2.1,5380
4355,"Ir. Adinata Halimah, M.TI.",Female,3,Junior,Bandung,Permanent,2016-03-20,2018-06-23,Resigned,23050000,3.1,2.6,1975
4356,"R.M. Sakti Widodo, S.H.",Female,3,Junior,Remote,Contract,2016-03-20,,Active,22950000,2.9,4.2,4448
4357,Nyoman Pranowo,Female,6,Junior,Medan,Contract,2023-01-02,,Active,13900000,1.6,3.4,1836
4358,Gina Maryati,Female,4,Manager,Medan,Permanent,2020-01-30,,Active,65620000,3.6,3.1,1830
4359,Drs. Usyi Hastuti,Male,5,Junior,Medan,Contract,2020-01-14,,Active,14580000,3.8,3.7,4596
4360,"Yulia Hariyah, S.Psi",Female,1,Mid,Remote,Contract,2018-02-17,2021-01-09,Resigned,25470000,2.2,2.5,2433
4361,"R. Galar Nainggolan, S.Farm",Male,6,Senior,Yogyakarta,Permanent,2017-03-14,,Active,30000000,2.7,2.5,4879
4362,"H. Hamzah Pranowo, M.M.",Female,8,Senior,Jakarta,Contract,2016-01-08,,Active,32750000,4.4,2.9,2262
4363,Zulaikha Puspita,Male,8,Junior,Remote,Permanent,2015-08-09,,Active,16910000,3.7,3.2,1308
4364,Hardi Mandala,Male,2,Mid,Remote,Permanent,2021-04-13,,Active,26810000,4.2,3.8,2925
4365,R. Ina Anggriawan,Male,5,Mid,Medan,Contract,2015-08-05,,Active,23340000,2.5,3.4,3107
4366,Yessi Wahyuni,Male,10,Senior,Medan,Contract,2017-09-12,,Active,27470000,3.4,3.8,4255
4367,"dr. Jessica Prasetyo, S.Farm",Male,9,Senior,Jakarta,Permanent,2017-09-16,,Active,34840000,3.4,3.5,1790
4368,Silvia Waskita,Male,5,Lead,Medan,Permanent,2017-11-29,,Active,44670000,3.7,2.8,3200
4369,"KH. Muhammad Nasyiah, S.Pd",Male,7,Mid,Bandung,Permanent,2015-06-30,,Active,20000000,4.4,2.3,3029
4370,Rini Damanik,Male,7,Lead,Medan,Permanent,2022-11-02,,Active,30470000,4.3,3.7,4530
4371,Cut Dina Mangunsong,Female,1,Mid,Remote,Permanent,2015-10-20,,Active,32130000,4.4,4.3,3925
4372,Qori Usamah,Female,1,Senior,Surabaya,Probation,2020-03-02,,Active,44830000,4.4,3.7,3891
4373,"Drs. Vino Sudiati, M.Farm",Female,4,Lead,Jakarta,Permanent,2015-05-03,2015-12-16,Resigned,41320000,3.4,5.0,2033
4374,"drg. Kezia Putra, S.Sos",Male,1,Senior,Jakarta,Permanent,2024-09-04,,Active,38450000,4.3,1.9,4122
4375,Kasusra Winarno,Male,9,Mid,Remote,Permanent,2023-06-30,,Active,18320000,3.9,4.0,4405
4376,Jaswadi Kurniawan,Male,8,Mid,Yogyakarta,Contract,2022-09-18,2023-06-25,Resigned,19090000,2.9,3.5,3986
4377,Qori Hartati,Female,5,Mid,Remote,Probation,2015-08-23,,Active,23720000,4.6,3.3,3811
4378,"Umar Sihombing, S.Pt",Male,6,Mid,Surabaya,Permanent,2023-01-24,2024-07-18,Resigned,18510000,2.9,3.0,1824
4379,Bala Wulandari,Male,8,Junior,Remote,Permanent,2023-11-30,,Active,15620000,3.1,4.1,1338
4380,R.M. Anggabaya Suartini,Female,3,Junior,Medan,Contract,2017-12-04,,Active,21030000,5.0,2.5,3226
4381,Aisyah Nashiruddin,Female,4,Lead,Jakarta,Permanent,2018-03-22,,Active,43320000,4.0,4.0,4358
4382,Bagiya Winarno,Female,1,Mid,Jakarta,Permanent,2020-08-15,,Active,29400000,2.2,2.2,2324
4383,Farhunnisa Pradipta,Female,7,Mid,Yogyakarta,Permanent,2015-06-15,,Active,18560000,4.4,3.2,2824
4384,Sakura Novitasari,Male,1,Junior,Bandung,Permanent,2015-01-12,,Active,24020000,4.6,3.7,4054
4385,Jaeman Hakim,Female,6,Junior,Medan,Permanent,2015-12-30,,Active,16900000,2.5,3.8,4893
4386,Padma Anggriawan,Male,1,Senior,Jakarta,Permanent,2019-07-18,,Active,40740000,2.9,3.6,4225
4387,Gamanto Zulkarnain,Male,7,Senior,Surabaya,Permanent,2023-12-12,2024-08-06,Resigned,20990000,2.6,3.8,4775
4388,Endah Kusumo,Male,8,Junior,Bandung,Contract,2019-02-08,,Active,18320000,2.4,2.6,4322
4389,Kawaca Andriani,Female,3,Mid,Jakarta,Permanent,2023-03-08,2024-09-03,Resigned,30580000,3.9,3.7,4906
4390,Uli Hidayat,Male,9,Junior,Yogyakarta,Permanent,2019-07-24,,Active,14800000,4.9,3.7,4682
4391,Zelaya Putra,Female,3,Mid,Jakarta,Permanent,2021-12-06,,Active,30980000,4.6,2.2,4898
4392,Tedi Putra,Male,7,Junior,Jakarta,Probation,2016-05-30,2019-11-27,Resigned,12610000,3.8,4.2,1653
4393,Mala Widiastuti,Female,6,Mid,Jakarta,Contract,2017-11-01,,Active,22220000,4.0,3.1,5413
4394,Endah Suartini,Male,7,Mid,Surabaya,Probation,2017-12-07,,Active,16190000,4.0,3.9,3264
4395,Tgk. Rini Pangestu,Male,1,Mid,Yogyakarta,Contract,2021-02-20,,Active,28300000,3.2,4.4,4575
4396,H. Mahdi Haryanti,Male,9,Senior,Remote,Permanent,2020-10-13,,Active,28560000,3.4,3.1,4701
4397,Farah Ardianto,Male,5,Mid,Bandung,Permanent,2019-06-26,,Active,18380000,3.4,4.2,2689
4398,Ivan Haryanto,Male,7,Senior,Remote,Permanent,2022-10-24,,Active,23470000,5.0,3.3,4188
4399,"drg. Rahmi Prayoga, M.TI.",Male,10,Junior,Remote,Permanent,2020-11-06,,Active,12000000,2.7,3.6,1675
4400,Qori Lestari,Female,2,Mid,Jakarta,Permanent,2019-07-28,,Active,28100000,5.0,2.5,3782
4401,Malika Permata,Female,10,Mid,Surabaya,Permanent,2023-06-26,,Active,15940000,4.2,4.7,4732
4402,Okto Iswahyudi,Female,4,Junior,Jakarta,Permanent,2017-05-26,2020-09-18,Resigned,18920000,3.6,2.5,3786
4403,Septi Hasanah,Male,1,Junior,Remote,Permanent,2024-03-21,,Active,18360000,4.6,2.8,1831
4404,Tira Salahudin,Female,6,Junior,Surabaya,Contract,2023-06-01,,Active,14630000,2.6,3.3,3885
4405,Rahmi Natsir,Male,9,Senior,Bandung,Permanent,2017-02-03,,Active,28980000,2.6,3.4,2526
4406,Hilda Nugroho,Female,10,Lead,Bandung,Permanent,2018-10-24,,Active,34190000,3.7,3.9,2951
4407,drg. Michelle Winarno,Male,4,Senior,Surabaya,Permanent,2022-07-01,2024-01-18,Resigned,33790000,3.5,3.7,2927
4408,"Cemplunk Purnawati, S.IP",Female,6,Mid,Medan,Probation,2024-09-05,,Active,17220000,3.9,3.9,2243
4409,Tami Gunawan,Male,10,Intern,Surabaya,Permanent,2023-08-29,2024-04-20,Resigned,5160000,3.0,3.8,4072
4410,Timbul Manullang,Male,8,Senior,Surabaya,Permanent,2024-04-24,,Active,31770000,4.4,3.3,1682
4411,Sari Nasyiah,Male,1,Junior,Remote,Permanent,2020-03-22,,Active,19160000,3.4,3.8,1016
4412,Salwa Hidayat,Female,10,Senior,Remote,Permanent,2015-06-03,,Active,28530000,3.8,3.2,1205
4413,"Tari Pratama, M.Kom.",Female,1,Mid,Bandung,Permanent,2017-09-05,,Active,32610000,4.1,4.0,4372
4414,Vanesa Puspasari,Female,6,Junior,Surabaya,Permanent,2017-03-06,,Active,16020000,3.8,4.3,5468
4415,Gading Hutagalung,Male,6,Senior,Bandung,Contract,2019-06-05,,Active,31050000,5.0,3.3,1170
4416,"R. Johan Simbolon, S.Farm",Male,6,Lead,Yogyakarta,Permanent,2016-01-23,,Active,39380000,4.8,2.1,3030
4417,Eli Ramadan,Male,6,Senior,Bandung,Permanent,2021-02-07,2022-09-16,Resigned,30260000,2.6,3.2,5272
4418,Jono Gunawan,Male,9,Senior,Yogyakarta,Permanent,2020-07-10,,Active,25960000,4.1,5.0,3251
4419,Aisyah Hidayanto,Male,6,Intern,Jakarta,Permanent,2015-06-10,,Active,7860000,4.9,3.7,1095
4420,"Marsito Wulandari, M.M.",Male,2,Junior,Medan,Permanent,2023-05-31,,Active,19070000,4.0,3.1,2665
4421,Jasmin Wacana,Female,2,Senior,Yogyakarta,Permanent,2019-05-14,2022-08-31,Resigned,42780000,2.5,2.9,3435
4422,"R.A. Lala Firgantoro, S.Ked",Male,5,Junior,Bandung,Contract,2015-02-13,,Active,17610000,2.9,4.1,4975
4423,Calista Mansur,Male,1,Lead,Jakarta,Permanent,2021-07-28,2024-05-22,Resigned,57350000,3.9,2.3,3541
4424,Salsabila Hariyah,Male,6,Mid,Surabaya,Permanent,2017-09-28,,Active,21090000,4.0,3.4,1824
4425,Malika Hidayat,Female,5,Manager,Medan,Permanent,2017-12-16,,Active,53140000,2.6,3.1,5203
4426,Kuncara Wahyuni,Female,6,Mid,Remote,Permanent,2015-01-13,,Active,19190000,4.3,2.9,2110
4427,Nasab Farida,Female,6,Senior,Bandung,Contract,2021-11-02,,Active,31690000,2.6,3.7,4788
4428,Jarwi Setiawan,Male,1,Lead,Jakarta,Contract,2018-06-28,,Active,59570000,5.0,3.7,1471
4429,"R. Ella Budiyanto, M.Ak",Female,1,Lead,Bandung,Permanent,2016-03-21,,Active,62140000,5.0,4.0,2780
4430,Cecep Sihombing,Female,2,Senior,Medan,Permanent,2018-11-05,,Active,40740000,5.0,4.1,4635
4431,Kasusra Wijaya,Female,3,Junior,Remote,Permanent,2017-03-08,,Active,18160000,3.9,5.0,1924
4432,Bahuwarna Winarsih,Male,1,Mid,Bandung,Permanent,2021-10-20,,Active,28860000,3.8,2.7,1997
4433,"Dt. Murti Saputra, S.E.I",Female,7,Mid,Yogyakarta,Permanent,2018-01-31,,Active,16800000,3.5,2.9,3042
4434,Kani Nugroho,Female,10,Mid,Remote,Permanent,2015-05-30,,Active,18890000,3.3,3.2,1958
4435,Nasab Firmansyah,Female,7,Mid,Remote,Permanent,2023-05-19,2024-05-20,Resigned,14550000,3.9,2.9,3498
4436,"Kasiran Pratama, M.M.",Female,10,Mid,Yogyakarta,Permanent,2017-08-31,,Active,18150000,4.2,4.1,2465
4437,"Alika Usada, M.TI.",Male,3,Mid,Jakarta,Permanent,2020-10-28,,Active,31290000,3.4,4.1,5388
4438,"Mujur Wahyuni, S.IP",Female,3,Lead,Jakarta,Probation,2023-10-02,,Active,53730000,4.7,3.8,5154
4439,Shakila Samosir,Male,10,Intern,Surabaya,Permanent,2020-10-31,,Active,6560000,2.9,3.0,1353
4440,Anastasia Rahimah,Male,7,Senior,Jakarta,Permanent,2024-03-05,,Active,21010000,4.1,3.3,5101
4441,Asirwada Waluyo,Female,4,Lead,Remote,Permanent,2015-10-25,,Active,44790000,3.2,4.2,4658
4442,"Sutan Wisnu Prayoga, S.I.Kom",Male,7,Senior,Surabaya,Permanent,2023-08-11,2024-07-30,Resigned,20730000,3.6,2.7,1203
4443,Daliono Iswahyudi,Female,2,Lead,Yogyakarta,Permanent,2020-09-16,,Active,44540000,3.8,4.1,3435
4444,Imam Dabukke,Female,7,Intern,Yogyakarta,Permanent,2022-01-09,,Active,5360000,3.8,3.1,1576
4445,Gandi Nababan,Male,3,Junior,Medan,Contract,2021-12-19,,Active,18340000,4.1,3.7,2395
4446,"Mulyono Haryanto, S.H.",Female,10,Mid,Jakarta,Permanent,2023-05-29,,Active,16700000,3.1,3.2,4952
4447,Raditya Widiastuti,Male,8,Junior,Yogyakarta,Contract,2023-11-26,,Active,11840000,2.0,2.2,4888
4448,Nyoman Marbun,Female,3,Lead,Remote,Contract,2018-05-07,,Active,51830000,3.9,3.2,1335
4449,Heryanto Mulyani,Male,1,Mid,Remote,Permanent,2019-07-27,2021-05-15,Resigned,32220000,4.0,3.1,2477
4450,Rahman Simbolon,Male,1,Junior,Yogyakarta,Permanent,2015-08-07,2020-03-30,Resigned,20330000,2.9,3.3,1086
4451,Putri Utami,Male,5,Junior,Medan,Permanent,2021-10-16,,Active,14810000,2.7,4.0,3886
4452,Leo Pranowo,Male,5,Junior,Bandung,Probation,2024-01-04,2024-11-25,Resigned,13540000,2.4,3.4,1967
4453,dr. Wakiman Aryani,Female,3,Mid,Bandung,Permanent,2017-11-11,,Active,32970000,4.1,2.5,4484
4454,Daru Prabowo,Female,7,Mid,Yogyakarta,Contract,2023-08-07,,Active,16070000,4.2,2.4,1886
4455,Garda Sinaga,Female,1,Mid,Medan,Permanent,2024-04-23,,Active,26520000,3.8,3.7,2299
4456,Aditya Wacana,Female,2,Mid,Surabaya,Permanent,2016-01-03,,Active,33160000,3.1,2.7,1167
4457,"Galih Budiman, S.Sos",Female,7,Lead,Medan,Permanent,2021-06-30,,Active,30850000,4.9,3.5,1624
4458,Jagapati Prasetya,Female,5,Junior,Medan,Contract,2021-05-04,2021-12-13,Resigned,16050000,2.8,4.3,4856
4459,Maryadi Setiawan,Male,2,Senior,Jakarta,Permanent,2016-12-18,,Active,39690000,4.0,4.1,1757
4460,"Leo Uwais, S.Gz",Male,6,Lead,Yogyakarta,Permanent,2018-04-20,,Active,37760000,4.0,4.6,4525
4461,Timbul Pratama,Male,8,Mid,Jakarta,Probation,2019-07-29,,Active,22210000,3.7,3.9,1964
4462,Ilsa Rahimah,Female,7,Junior,Jakarta,Permanent,2016-09-26,,Active,11920000,3.7,3.9,1755
4463,Ciaobella Nasyiah,Female,3,Junior,Bandung,Permanent,2015-05-06,,Active,21000000,3.2,3.3,2248
4464,"Drs. Cawisono Ramadan, S.IP",Female,7,Lead,Remote,Permanent,2021-04-19,,Active,28890000,4.4,3.4,5494
4465,dr. Siti Wibisono,Male,10,Mid,Medan,Contract,2018-08-27,,Active,18210000,4.7,2.8,5354
4466,"Wahyu Mansur, S.Psi",Male,5,Mid,Medan,Permanent,2020-10-31,,Active,19950000,3.8,3.7,4822
4467,Makara Simanjuntak,Female,6,Lead,Yogyakarta,Contract,2024-04-14,2024-11-24,Resigned,40190000,3.1,4.3,1406
4468,"Hj. Novi Hidayat, S.Psi",Male,10,Mid,Medan,Permanent,2016-08-06,,Active,20490000,3.9,4.7,1166
4469,Lulut Padmasari,Female,5,Manager,Bandung,Permanent,2015-05-03,,Active,55610000,3.4,4.2,5203
4470,Kezia Melani,Female,7,Junior,Yogyakarta,Permanent,2021-02-08,,Active,11760000,3.5,3.1,2815
4471,"Opung Pradipta, M.TI.",Male,7,Senior,Medan,Permanent,2023-10-15,,Active,25100000,3.5,5.0,4815
4472,Cut Gina Damanik,Female,9,Junior,Bandung,Permanent,2022-01-25,2024-11-19,Resigned,12530000,4.3,2.9,3762
4473,Puti Ira Prakasa,Female,6,Mid,Remote,Contract,2024-01-26,,Active,19440000,3.8,3.2,2392
4474,"Maria Prasasta, M.Ak",Male,1,Mid,Surabaya,Permanent,2023-08-06,2024-10-29,Resigned,29440000,3.3,1.0,4946
4475,Asmuni Mandala,Male,10,Junior,Surabaya,Permanent,2017-10-28,,Active,13750000,2.5,4.0,3205
4476,Najwa Sihombing,Male,7,Manager,Surabaya,Contract,2017-09-12,,Active,41900000,3.8,2.2,4815
4477,Cakrawangsa Waluyo,Female,2,Mid,Jakarta,Contract,2022-01-08,,Active,30850000,3.9,3.7,4156
4478,Maras Firgantoro,Male,6,Mid,Jakarta,Permanent,2020-05-13,,Active,18880000,4.1,3.6,2451
4479,Virman Rahimah,Female,9,Mid,Yogyakarta,Permanent,2021-09-25,,Active,20920000,5.0,4.2,5185
4480,Ulya Sitompul,Male,3,Mid,Yogyakarta,Permanent,2016-04-23,,Active,33450000,4.0,3.8,3944
4481,Estiawan Simanjuntak,Male,4,Mid,Medan,Permanent,2015-11-29,,Active,24120000,1.9,4.8,4590
4482,"Panji Gunarto, M.TI.",Male,5,Junior,Yogyakarta,Permanent,2015-07-16,,Active,15300000,3.3,2.7,5288
4483,"dr. Marsudi Suwarno, S.Ked",Female,8,Mid,Medan,Permanent,2015-11-25,,Active,23760000,4.2,4.1,5093
4484,Slamet Sitompul,Female,3,Lead,Bandung,Contract,2015-08-11,,Active,58360000,4.2,3.1,3037
4485,Hesti Putra,Male,7,Mid,Yogyakarta,Permanent,2024-10-11,,Active,15580000,4.4,2.6,3029
4486,Dt. Umaya Widiastuti,Male,9,Mid,Bandung,Permanent,2015-07-26,,Active,20790000,3.9,3.8,1092
4487,Rama Prasetya,Female,1,Mid,Yogyakarta,Permanent,2015-03-10,,Active,32450000,3.2,3.4,1950
4488,drg. Putri Sinaga,Female,5,Mid,Yogyakarta,Contract,2019-05-20,2023-11-17,Resigned,22530000,1.1,3.0,5288
4489,Ilyas Usamah,Female,6,Junior,Remote,Permanent,2023-07-23,,Active,13780000,2.5,2.6,4062
4490,Atmaja Lestari,Male,3,Manager,Remote,Contract,2018-11-12,2020-05-22,Resigned,64480000,2.9,2.1,3073
4491,Xanana Nababan,Female,9,Junior,Bandung,Permanent,2019-04-24,,Active,14390000,2.7,3.7,3223
4492,Mahesa Megantara,Male,2,Mid,Jakarta,Permanent,2023-08-17,,Active,28460000,2.3,4.8,3835
4493,Budi Iswahyudi,Female,9,Senior,Bandung,Permanent,2015-10-03,,Active,28120000,3.7,3.6,3267
4494,Lega Pudjiastuti,Male,8,Junior,Surabaya,Permanent,2016-01-01,,Active,18930000,4.1,4.4,1248
4495,"R.A. Gilda Mayasari, S.Pt",Male,8,Junior,Yogyakarta,Permanent,2017-04-09,,Active,17750000,3.7,3.9,4212
4496,Tari Hastuti,Male,8,Head,Remote,Permanent,2020-03-16,2021-08-14,Resigned,86470000,4.1,2.7,
4497,Eli Napitupulu,Male,1,Head,Bandung,Permanent,2015-01-02,,Active,110980000,2.7,4.9,
4498,Irwan Nugroho,Male,2,Lead,Remote,Permanent,2024-04-02,,Active,46710000,2.5,3.4,1757
4499,R.A. Ilsa Suwarno,Female,3,Senior,Surabaya,Permanent,2020-07-23,,Active,34820000,3.7,3.9,2654
4500,Dr. Siska Pangestu,Male,10,Lead,Remote,Permanent,2017-06-12,,Active,39820000,1.8,3.6,4619
4501,Zelda Laksmiwati,Female,5,Junior,Remote,Probation,2017-12-19,,Active,15340000,4.6,3.2,3189
4502,Wasis Tarihoran,Female,5,Mid,Yogyakarta,Permanent,2015-07-15,,Active,23540000,3.6,4.5,1725
4503,Keisha Marbun,Male,10,Junior,Surabaya,Probation,2024-03-02,2024-10-03,Resigned,9780000,2.1,4.3,1943
4504,Maida Anggraini,Male,1,Mid,Surabaya,Contract,2020-01-25,,Active,28450000,5.0,2.7,4121
4505,Drs. Oman Astuti,Female,6,Lead,Bandung,Contract,2020-04-10,,Active,39390000,3.3,3.9,4204
4506,"R.M. Reza Laksmiwati, S.Ked",Female,7,Lead,Bandung,Permanent,2022-06-26,,Active,28770000,4.4,4.7,2200
4507,"dr. Irsad Hutasoit, S.Pd",Male,1,Mid,Medan,Permanent,2022-03-02,2024-01-14,Resigned,29150000,3.2,3.1,4884
4508,Drs. Eva Puspasari,Male,4,Senior,Surabaya,Permanent,2016-02-24,,Active,39690000,2.9,2.8,3516
4509,"Ellis Rajasa, S.Sos",Female,10,Mid,Surabaya,Permanent,2016-12-03,,Active,18820000,3.3,3.9,2730
4510,Ina Hasanah,Female,8,Senior,Medan,Permanent,2023-10-18,,Active,33530000,1.0,3.8,1082
4511,Keisha Purwanti,Female,9,Mid,Medan,Permanent,2024-09-19,,Active,15490000,3.8,4.1,4239
4512,Dr. Belinda Sitorus,Male,2,Mid,Medan,Permanent,2024-07-05,,Active,26130000,5.0,3.6,2417
4513,Nasrullah Halimah,Female,2,Mid,Medan,Permanent,2019-07-31,2021-05-09,Resigned,30390000,4.8,2.4,2120
4514,Chandra Nainggolan,Male,3,Junior,Medan,Permanent,2020-07-11,,Active,19670000,4.7,3.9,2760
4515,Adinata Mardhiyah,Female,2,Senior,Jakarta,Permanent,2019-07-08,,Active,46410000,5.0,3.9,3880
4516,"Tari Wahyudin, M.Kom.",Male,7,Junior,Yogyakarta,Permanent,2019-07-08,,Active,11070000,4.7,5.0,1417
4517,Lidya Widodo,Female,3,Senior,Bandung,Contract,2020-10-23,,Active,42110000,5.0,3.9,3037
4518,"Kasiyah Winarno, M.Kom.",Male,9,Manager,Yogyakarta,Permanent,2019-02-04,,Active,46390000,4.6,3.7,3798
4519,Syahrini Rahmawati,Male,5,Senior,Bandung,Permanent,2022-05-22,,Active,29450000,4.2,2.4,5288
4520,Hasan Firgantoro,Female,3,Senior,Jakarta,Probation,2018-09-05,,Active,43770000,3.3,2.9,1335
4521,Harsana Pratiwi,Female,5,Senior,Medan,Probation,2015-03-02,,Active,30120000,4.1,4.7,3851
4522,Dagel Fujiati,Male,8,Junior,Medan,Permanent,2022-09-13,,Active,15960000,2.3,3.7,2247
4523,Vera Tampubolon,Male,8,Mid,Bandung,Permanent,2020-11-11,,Active,22890000,2.8,2.8,4510
4524,H. Jindra Usada,Male,8,Junior,Yogyakarta,Permanent,2018-09-02,,Active,15010000,3.6,4.0,1157
4525,"Kartika Hakim, S.Sos",Male,6,Manager,Remote,Permanent,2021-04-02,,Active,50520000,3.2,2.8,5491
4526,Unjani Prayoga,Female,1,Mid,Surabaya,Contract,2021-12-28,,Active,27840000,4.6,4.4,4872
4527,Jati Firmansyah,Male,10,Junior,Surabaya,Contract,2016-10-10,2017-09-09,Resigned,12510000,4.7,1.7,1067
4528,"dr. Siti Wastuti, S.Ked",Male,4,Senior,Yogyakarta,Probation,2022-06-05,,Active,31280000,4.0,3.2,1575
4529,"Salwa Yuliarti, S.E.I",Female,8,Manager,Remote,Permanent,2020-09-09,,Active,54400000,3.2,4.0,2414
4530,Rahmi Hasanah,Female,7,Manager,Medan,Permanent,2024-06-27,,Active,38230000,3.2,2.7,2112
4531,"Cakrajiya Rajasa, S.H.",Male,6,Intern,Yogyakarta,Permanent,2022-04-05,2023-09-22,Resigned,5490000,2.7,2.5,1426
4532,Ir. Salimah Marpaung,Female,10,Mid,Jakarta,Permanent,2024-02-01,,Active,15800000,2.3,3.9,4928
4533,Bambang Iswahyudi,Female,6,Junior,Bandung,Permanent,2016-01-11,,Active,15460000,3.6,3.4,4902
4534,"Narji Winarno, S.Sos",Female,6,Lead,Bandung,Permanent,2020-01-08,,Active,42470000,3.6,4.1,1573
4535,"Rini Hutapea, M.TI.",Male,8,Mid,Yogyakarta,Permanent,2015-04-18,,Active,21630000,1.7,3.3,1900
4536,Taufik Anggraini,Male,3,Junior,Remote,Probation,2021-11-20,2024-02-20,Resigned,19490000,3.7,3.0,5180
4537,Radit Aryani,Female,6,Mid,Yogyakarta,Permanent,2021-11-05,,Active,19430000,3.1,3.4,2040
4538,Talia Sihombing,Female,7,Lead,Bandung,Contract,2020-09-02,,Active,29680000,3.2,3.0,3441
4539,Dr. Maryanto Wibowo,Male,6,Mid,Bandung,Permanent,2018-08-04,,Active,20120000,4.9,4.0,3813
4540,Tgk. Uchita Zulkarnain,Male,10,Intern,Surabaya,Permanent,2023-11-13,,Active,6120000,3.0,3.9,2950
4541,"H. Tedi Irawan, S.IP",Male,9,Junior,Remote,Permanent,2019-06-21,,Active,15610000,4.5,3.5,4196
4542,"Kemal Situmorang, S.E.I",Male,7,Mid,Jakarta,Permanent,2019-02-19,2021-02-19,Resigned,16000000,3.4,3.1,4815
4543,Ulva Pranowo,Female,4,Mid,Yogyakarta,Permanent,2023-06-22,,Active,19390000,3.5,4.4,1402
4544,"Lala Samosir, S.Ked",Female,7,Senior,Jakarta,Permanent,2022-09-09,,Active,25700000,3.9,3.1,5305
4545,Rahman Lestari,Male,6,Junior,Medan,Permanent,2016-11-18,,Active,14820000,4.1,2.8,4553
4546,Bakti Hidayat,Female,8,Junior,Surabaya,Permanent,2024-07-23,,Active,13990000,3.1,3.6,5231
4547,"H. Hamzah Novitasari, S.Farm",Female,3,Junior,Bandung,Permanent,2020-03-01,,Active,19590000,3.7,3.6,4014
4548,"Edward Astuti, S.E.",Female,1,Mid,Remote,Probation,2017-01-30,,Active,30410000,3.2,3.5,4429
4549,Hardi Nashiruddin,Female,6,Mid,Bandung,Contract,2023-11-08,,Active,19550000,3.2,5.0,4216
4550,"Diana Napitupulu, M.Kom.",Male,2,Junior,Medan,Probation,2021-02-15,,Active,19150000,4.7,3.3,3202
4551,Jefri Kusumo,Female,1,Mid,Jakarta,Permanent,2019-07-17,,Active,32740000,4.5,2.9,2540
4552,Qori Prabowo,Female,2,Senior,Surabaya,Permanent,2017-02-03,,Active,46010000,4.9,2.4,3735
4553,Daliono Halim,Female,6,Mid,Surabaya,Permanent,2016-12-29,,Active,23240000,4.2,3.3,1835
4554,"Elvina Nababan, S.T.",Male,6,Lead,Bandung,Contract,2019-07-12,,Active,40670000,4.4,2.4,1835
4555,"drg. Maida Utami, M.Ak",Male,9,Mid,Remote,Permanent,2018-11-07,,Active,20220000,4.3,4.7,4645
4556,Taswir Usada,Male,9,Mid,Medan,Permanent,2024-08-25,,Active,18210000,4.7,4.1,1184
4557,Bahuwirya Sihombing,Female,10,Mid,Remote,Permanent,2019-02-21,,Active,18950000,4.7,4.0,2461
4558,Harja Maheswara,Female,4,Senior,Medan,Permanent,2019-05-02,,Active,34790000,2.6,3.1,3598
4559,Bella Siregar,Female,7,Senior,Remote,Permanent,2023-06-24,,Active,24450000,3.7,2.7,4056
4560,Lanang Prakasa,Female,3,Mid,Remote,Permanent,2017-07-07,2021-06-11,Resigned,35480000,3.5,4.2,1379
4561,Nova Wulandari,Male,1,Senior,Medan,Permanent,2024-05-02,2024-12-29,Resigned,39650000,3.9,3.8,1016
4562,"R. Adika Halim, S.T.",Male,10,Junior,Remote,Permanent,2017-03-26,,Active,11290000,4.4,1.8,1067
4563,"Dt. Mulya Padmasari, S.Gz",Male,7,Mid,Jakarta,Contract,2018-01-07,,Active,17580000,2.4,4.3,3498
4564,Danuja Nurdiyanti,Male,1,Mid,Surabaya,Permanent,2019-06-04,,Active,30030000,4.1,4.2,2757
4565,"Dt. Harimurti Suartini, M.TI.",Male,9,Manager,Bandung,Permanent,2018-08-31,,Active,53590000,4.4,3.1,1153
4566,"T. Wardi Laksita, M.Kom.",Male,5,Senior,Bandung,Contract,2019-02-08,,Active,30990000,2.5,3.5,2610
4567,"Tgk. Lukita Aryani, S.Psi",Female,5,Mid,Medan,Permanent,2023-03-01,,Active,19040000,4.1,1.8,4790
4568,Sabrina Siregar,Female,6,Senior,Jakarta,Permanent,2020-01-07,,Active,32720000,4.1,3.5,1351
4569,Yuliana Permadi,Female,6,Senior,Remote,Contract,2024-06-29,,Active,27960000,4.6,3.8,3279
4570,Salwa Wacana,Female,8,Senior,Jakarta,Permanent,2023-08-19,,Active,26310000,3.1,1.7,3986
4571,Rahmi Hakim,Male,8,Junior,Medan,Probation,2020-02-14,,Active,16220000,4.1,4.2,3495
4572,Julia Januar,Male,7,Junior,Yogyakarta,Permanent,2022-10-22,,Active,10790000,4.2,2.8,1755
4573,Jaga Wacana,Male,2,Mid,Surabaya,Permanent,2023-07-01,,Active,24050000,3.5,3.3,4552
4574,"Zahra Mandala, S.Ked",Male,4,Mid,Medan,Contract,2024-06-21,,Active,20390000,4.3,3.8,1222
4575,Puti Paris Setiawan,Female,1,Senior,Bandung,Probation,2019-07-06,,Active,48620000,4.1,4.5,2376
4576,"Umi Prayoga, S.I.Kom",Female,5,Lead,Medan,Permanent,2019-09-01,2021-12-23,Resigned,31230000,2.4,2.2,4164
4577,Raina Wahyuni,Female,10,Junior,Surabaya,Contract,2021-01-16,,Active,11800000,2.7,2.7,2318
4578,"Dr. Oliva Zulkarnain, S.Kom",Male,4,Mid,Medan,Permanent,2020-07-11,,Active,20750000,3.2,3.7,4929
4579,Makuta Sinaga,Female,2,Senior,Remote,Permanent,2021-01-26,,Active,41190000,4.7,3.4,2665
4580,Mahesa Tarihoran,Female,7,Junior,Remote,Contract,2023-12-07,,Active,8230000,2.1,3.1,3001
4581,"Cut Yani Simbolon, M.M.",Female,9,Manager,Surabaya,Probation,2016-12-29,,Active,50180000,5.0,3.0,3798
4582,Luluh Laksita,Male,4,Mid,Yogyakarta,Probation,2015-12-06,,Active,25080000,3.2,3.2,5254
4583,Ulya Suryatmi,Male,10,Senior,Jakarta,Contract,2016-07-11,,Active,26940000,3.4,4.3,2442
4584,"R. Gantar Aryani, M.Kom.",Male,4,Mid,Surabaya,Permanent,2016-09-30,,Active,22850000,3.6,2.7,2621
4585,"Sabri Januar, S.Sos",Male,2,Lead,Bandung,Permanent,2015-10-25,,Active,56210000,2.1,2.6,3603
4586,Rachel Nababan,Male,4,Senior,Jakarta,Permanent,2023-12-18,2024-09-04,Resigned,32710000,3.5,2.5,3531
4587,"Dinda Nurdiyanti, M.Farm",Female,8,Junior,Medan,Permanent,2018-10-24,,Active,15400000,3.2,4.5,4846
4588,"H. Johan Firmansyah, S.E.I",Female,4,Lead,Remote,Permanent,2021-03-25,,Active,43400000,4.3,3.4,4658
4589,Wulan Irawan,Female,7,Intern,Medan,Permanent,2018-03-10,,Active,4740000,3.5,3.9,1438
4590,Zahra Wulandari,Female,4,Senior,Remote,Permanent,2021-07-30,,Active,35220000,3.5,2.9,1126
4591,drg. Cawisadi Hassanah,Female,7,Junior,Bandung,Permanent,2024-07-15,,Active,9930000,3.2,3.6,3211
4592,Jaya Wijayanti,Female,2,Mid,Remote,Permanent,2023-01-25,,Active,28150000,3.9,5.0,2665
4593,Sutan Dimaz Prabowo,Male,1,Mid,Medan,Probation,2016-06-15,,Active,32940000,3.9,2.8,1513
4594,Parman Wahyuni,Male,6,Junior,Jakarta,Permanent,2019-02-19,,Active,14320000,2.5,4.2,1835
4595,"Clara Kurniawan, S.Farm",Male,1,Manager,Jakarta,Permanent,2022-12-08,,Active,64820000,3.7,4.2,2805
4596,"Ana Marpaung, S.Psi",Male,5,Mid,Medan,Permanent,2024-05-18,2024-11-26,Resigned,19560000,3.1,3.4,5052
4597,Vivi Setiawan,Male,6,Mid,Jakarta,Permanent,2022-01-11,,Active,19310000,2.2,3.4,4840
4598,Najib Rajasa,Male,5,Senior,Yogyakarta,Permanent,2016-01-04,,Active,31840000,2.8,3.8,3422
4599,"Jaswadi Winarsih, S.IP",Male,7,Junior,Yogyakarta,Permanent,2017-04-15,,Active,12030000,2.6,4.3,2076
4600,"Cahya Nasyidah, M.Kom.",Male,1,Junior,Medan,Permanent,2023-08-08,,Active,19920000,2.5,2.9,4497
4601,Raden Sitorus,Female,4,Mid,Surabaya,Permanent,2016-12-25,,Active,22380000,3.6,4.0,3345
4602,"R.A. Ratih Rahimah, S.Pt",Female,5,Senior,Surabaya,Permanent,2017-12-02,,Active,32960000,5.0,2.3,2572
4603,"Gangsa Waluyo, S.Sos",Female,6,Junior,Bandung,Contract,2020-06-04,,Active,14630000,4.7,3.9,3008
4604,"Maras Purwanti, S.Farm",Male,9,Mid,Medan,Contract,2018-08-25,2020-02-25,Resigned,20110000,2.8,3.8,3756
4605,"Sutan Darmana Rajata, S.IP",Female,4,Senior,Medan,Permanent,2019-04-16,,Active,35010000,3.4,2.8,3089
4606,Clara Kusumo,Male,10,Mid,Bandung,Permanent,2019-05-27,2024-10-06,Resigned,17320000,3.2,4.6,1808
4607,Ganep Rahayu,Male,1,Mid,Jakarta,Permanent,2022-03-28,,Active,26770000,5.0,3.6,5125
4608,Panca Latupono,Male,10,Junior,Remote,Permanent,2017-03-23,,Active,14440000,3.2,3.3,2129
4609,dr. Dian Sihotang,Male,6,Intern,Surabaya,Permanent,2024-05-24,,Active,6160000,3.2,3.5,4534
4610,Ratih Adriansyah,Male,6,Senior,Medan,Permanent,2021-06-19,,Active,34050000,3.0,2.2,4460
4611,Almira Rahayu,Female,9,Senior,Jakarta,Permanent,2024-11-19,,Active,28560000,3.5,3.8,4858
4612,Sutan Slamet Wibisono,Female,3,Junior,Jakarta,Permanent,2022-05-16,,Active,18780000,3.3,2.8,2800
4613,Jamalia Utama,Male,9,Mid,Bandung,Contract,2021-03-15,,Active,19040000,3.4,3.2,2756
4614,"Ir. Warji Mahendra, M.TI.",Female,7,Senior,Bandung,Contract,2022-04-29,,Active,22160000,3.2,2.6,5305
4615,"Luhung Rahayu, S.H.",Male,5,Junior,Surabaya,Permanent,2018-08-04,,Active,15490000,3.6,4.0,4736
4616,Harto Anggriawan,Male,2,Manager,Yogyakarta,Permanent,2020-06-26,,Active,70990000,3.5,3.0,3603
4617,drg. Galih Maulana,Female,5,Mid,Surabaya,Permanent,2017-06-15,2022-05-10,Resigned,24020000,3.8,2.3,3200
4618,"Tgk. Zalindra Prasetya, M.Kom.",Male,9,Senior,Surabaya,Permanent,2021-05-27,,Active,28450000,1.9,3.6,4581
4619,"Jaga Maulana, M.Ak",Female,10,Manager,Jakarta,Permanent,2021-11-08,,Active,41030000,3.6,4.8,2792
4620,Dalima Widiastuti,Female,8,Mid,Medan,Permanent,2021-10-08,,Active,23780000,3.2,3.8,2513
4621,"Cut Rahayu Simanjuntak, S.Pd",Male,8,Senior,Bandung,Permanent,2021-05-27,2022-04-15,Resigned,24870000,2.9,2.2,2664
4622,H. Bancar Saefullah,Male,8,Mid,Yogyakarta,Permanent,2022-06-23,,Active,22370000,3.4,3.8,4283
4623,"Ir. Natalia Usamah, S.Kom",Female,3,Senior,Remote,Contract,2023-01-23,2024-12-05,Resigned,47460000,2.2,3.5,2511
4624,Icha Waluyo,Female,9,Senior,Medan,Probation,2016-07-20,,Active,31880000,3.3,4.6,1882
4625,Rusman Sitorus,Male,6,Mid,Jakarta,Permanent,2016-06-19,2024-07-12,Resigned,20820000,1.8,3.4,5380
4626,Raden Pranowo,Female,4,Junior,Remote,Contract,2019-06-15,,Active,17240000,3.5,4.0,1090
4627,"R.A. Tira Habibi, S.E.",Male,7,Senior,Surabaya,Permanent,2016-12-10,2017-12-07,Resigned,23220000,3.9,4.3,1464
4628,"Dr. Titi Wijaya, S.Pd",Female,3,Mid,Remote,Contract,2021-10-20,,Active,26490000,3.2,3.2,4961
4629,"Hj. Zizi Manullang, S.Ked",Female,10,Junior,Remote,Permanent,2018-12-01,,Active,11880000,2.6,3.8,4981
4630,dr. Gandi Anggraini,Female,3,Junior,Bandung,Permanent,2022-06-26,,Active,19800000,3.3,4.3,4935
4631,"Jasmani Tampubolon, S.Sos",Female,8,Mid,Jakarta,Permanent,2015-09-07,,Active,24050000,4.4,3.6,4322
4632,Belinda Nuraini,Female,3,Senior,Remote,Permanent,2018-05-22,2023-03-25,Resigned,50120000,1.2,1.6,3073
4633,"Intan Suryono, S.Kom",Female,2,Junior,Surabaya,Contract,2016-03-24,,Active,22570000,3.5,3.2,3348
4634,"Zamira Pudjiastuti, S.Sos",Male,9,Manager,Medan,Contract,2017-05-10,,Active,45740000,3.3,4.1,5466
4635,Cahyadi Sinaga,Male,2,Lead,Remote,Permanent,2015-04-04,,Active,57720000,2.8,5.0,2095
4636,"KH. Laksana Habibi, S.Pd",Female,7,Mid,Bandung,Permanent,2022-06-12,2023-10-15,Resigned,17700000,5.0,1.8,1955
4637,Safina Marpaung,Male,10,Junior,Bandung,Contract,2015-08-21,,Active,11920000,4.6,2.1,2474
4638,R. Maimunah Laksmiwati,Female,5,Mid,Medan,Permanent,2020-04-09,2024-08-12,Resigned,20720000,3.6,4.4,4975
4639,Dalima Pranowo,Male,10,Mid,Remote,Permanent,2016-08-17,,Active,18570000,3.1,3.2,4116
4640,Rangga Napitupulu,Male,6,Mid,Jakarta,Contract,2016-04-18,,Active,19990000,2.9,2.8,1835
4641,"Sadina Anggriawan, S.I.Kom",Female,4,Senior,Remote,Permanent,2019-08-07,,Active,36000000,3.9,3.5,4588
4642,"Zamira Permata, S.IP",Male,9,Lead,Remote,Permanent,2021-10-17,,Active,38860000,2.5,2.6,5466
4643,"Panji Maulana, S.Sos",Male,6,Head,Bandung,Contract,2019-04-17,,Active,65090000,4.2,2.4,
4644,Shania Narpati,Male,3,Mid,Jakarta,Permanent,2016-05-10,,Active,27400000,3.7,3.1,4146
4645,Bakti Tamba,Female,9,Senior,Medan,Permanent,2022-06-03,,Active,23220000,2.0,3.4,5321
4646,Elma Habibi,Male,7,Mid,Remote,Permanent,2017-03-21,,Active,19870000,3.2,4.9,4476
4647,Kamidin Yulianti,Male,3,Junior,Yogyakarta,Permanent,2018-04-17,,Active,23380000,2.9,2.9,2812
4648,Rika Fujiati,Male,3,Lead,Yogyakarta,Permanent,2021-01-05,2022-07-05,Resigned,55430000,4.1,3.4,1335
4649,Lutfan Waskita,Female,1,Manager,Bandung,Permanent,2023-09-17,,Active,70790000,4.2,4.1,2805
4650,Anom Lazuardi,Female,4,Mid,Jakarta,Contract,2016-12-22,2020-08-28,Resigned,24420000,3.7,3.9,4081
4651,Hasta Lestari,Female,1,Lead,Surabaya,Contract,2022-01-05,,Active,52880000,4.0,4.5,4595
4652,Shakila Riyanti,Female,10,Senior,Surabaya,Permanent,2016-07-05,,Active,25490000,4.8,4.7,2218
4653,Martani Waluyo,Male,1,Junior,Bandung,Permanent,2024-06-02,,Active,20090000,3.8,4.3,3325
4654,"H. Raden Winarsih, S.Pt",Female,6,Senior,Jakarta,Contract,2018-12-04,,Active,29340000,3.2,4.1,1219
4655,"drg. Saka Yulianti, S.Sos",Male,9,Junior,Remote,Permanent,2024-01-12,,Active,12690000,2.9,4.0,1400
4656,Siti Yolanda,Female,2,Junior,Medan,Permanent,2016-06-09,,Active,21300000,2.7,2.8,2306
4657,Kartika Anggriawan,Male,3,Senior,Jakarta,Permanent,2023-09-15,2024-10-31,Resigned,39900000,3.4,2.2,3917
4658,Bambang Hutasoit,Male,4,Manager,Medan,Permanent,2019-10-03,,Active,59850000,1.9,3.2,5155
4659,Jindra Yuniar,Female,4,Mid,Bandung,Permanent,2019-05-06,,Active,24930000,3.0,3.5,1103
4660,"Upik Melani, S.H.",Male,3,Intern,Remote,Permanent,2017-11-28,,Active,9690000,3.6,3.5,3396
4661,Langgeng Pertiwi,Male,6,Mid,Jakarta,Permanent,2016-07-30,,Active,18860000,3.8,3.0,4315
4662,Dr. Ika Kuswoyo,Female,8,Lead,Bandung,Permanent,2021-11-20,,Active,40520000,3.5,4.3,2896
4663,"Drs. Cemeti Winarno, M.Kom.",Female,6,Junior,Medan,Permanent,2015-09-05,,Active,16700000,3.4,3.0,4968
4664,"Nardi Fujiati, S.Pd",Male,1,Junior,Medan,Permanent,2019-11-02,,Active,21560000,3.8,2.9,3595
4665,R. Cinthia Simbolon,Male,2,Senior,Medan,Permanent,2016-06-16,2020-02-08,Resigned,41790000,2.9,4.6,4823
4666,Nasab Nasyiah,Male,1,Intern,Bandung,Contract,2018-11-03,,Active,10690000,3.5,4.0,3995
4667,Halim Damanik,Male,3,Mid,Surabaya,Permanent,2017-06-27,,Active,30660000,5.0,4.1,4438
4668,Puti Nasyiah,Male,8,Mid,Yogyakarta,Probation,2016-05-25,2020-12-17,Resigned,24230000,2.3,4.4,2262
4669,"KH. Karta Lestari, S.Pt",Female,7,Mid,Surabaya,Permanent,2019-02-18,,Active,16790000,3.0,3.1,2691
4670,Drs. Kawaya Yulianti,Female,5,Mid,Surabaya,Permanent,2019-12-19,,Active,19200000,4.8,3.9,2798
4671,Parman Pranowo,Female,9,Junior,Surabaya,Permanent,2024-06-16,2024-12-20,Resigned,13630000,3.2,4.9,3036
4672,"Usman Lazuardi, S.E.",Male,2,Senior,Surabaya,Permanent,2016-07-14,,Active,40870000,3.3,2.4,3607
4673,"Ir. Talia Najmudin, S.Ked",Male,3,Mid,Jakarta,Contract,2016-03-28,2017-05-25,Resigned,31660000,3.1,3.6,3571
4674,drg. Raharja Sihotang,Male,9,Junior,Remote,Contract,2015-06-08,,Active,15670000,2.5,3.5,2006
4675,Arta Mahendra,Male,3,Lead,Surabaya,Permanent,2016-02-16,,Active,60660000,2.3,2.9,3037
4676,R.A. Safina Marpaung,Male,2,Junior,Medan,Permanent,2020-06-25,,Active,19060000,3.5,4.0,5488
4677,Kanda Rajasa,Male,6,Senior,Yogyakarta,Permanent,2020-10-18,2023-05-06,Resigned,30070000,3.0,2.4,3741
4678,"Cut Chelsea Maheswara, M.TI.",Male,2,Junior,Surabaya,Permanent,2024-09-27,,Active,20410000,2.0,4.3,2194
4679,Karimah Palastri,Female,8,Lead,Jakarta,Permanent,2015-12-12,,Active,46010000,2.6,2.9,5008
4680,Indra Wahyuni,Male,1,Mid,Surabaya,Permanent,2017-10-06,2020-10-28,Resigned,34170000,3.7,3.1,2828
4681,Drajat Salahudin,Male,7,Junior,Surabaya,Probation,2024-02-13,,Active,10680000,3.2,4.6,4849
4682,Warsita Maryati,Female,9,Lead,Yogyakarta,Permanent,2020-07-08,,Active,36760000,3.7,4.3,3440
4683,"T. Maryanto Nasyidah, M.M.",Male,5,Manager,Bandung,Permanent,2015-04-12,2020-08-25,Resigned,58220000,2.9,3.5,5203
4684,Koko Lestari,Female,6,Senior,Yogyakarta,Permanent,2020-01-05,,Active,29590000,3.5,2.1,4460
4685,"Iriana Nurdiyanti, S.I.Kom",Female,2,Senior,Medan,Permanent,2015-05-02,,Active,40100000,4.0,4.4,1109
4686,Drs. Oni Pranowo,Male,4,Senior,Bandung,Permanent,2022-07-11,,Active,31040000,3.3,2.8,4731
4687,"Cinthia Wijayanti, S.Gz",Male,5,Senior,Yogyakarta,Probation,2024-03-23,,Active,34050000,4.9,2.1,2330
4688,Argono Nainggolan,Female,7,Mid,Bandung,Permanent,2019-06-01,,Active,15150000,4.2,3.6,1304
4689,Eja Pratama,Male,2,Mid,Remote,Contract,2020-11-18,2022-02-24,Resigned,24550000,2.0,2.7,3125
4690,Luhung Puspasari,Male,3,Lead,Surabaya,Permanent,2015-05-12,,Active,68360000,4.7,3.5,2382
4691,Lantar Tamba,Female,6,Junior,Surabaya,Permanent,2016-02-15,,Active,15480000,3.9,4.0,4340
4692,Dian Oktaviani,Male,10,Lead,Jakarta,Permanent,2023-06-20,2024-02-14,Resigned,31300000,2.9,5.0,1205
4693,Citra Pudjiastuti,Female,1,Mid,Surabaya,Permanent,2022-06-23,,Active,28610000,3.7,3.7,3303
4694,Hana Wibowo,Female,7,Intern,Medan,Permanent,2021-07-26,,Active,6010000,2.9,3.3,3606
4695,"Unggul Marpaung, S.Sos",Female,1,Junior,Remote,Probation,2021-06-09,2023-04-30,Resigned,19930000,3.9,3.5,1950
4696,Chelsea Rajasa,Male,5,Mid,Jakarta,Permanent,2018-07-21,,Active,21650000,5.0,4.1,1967
4697,"Irwan Megantara, M.Pd",Male,5,Mid,Remote,Contract,2024-01-22,,Active,19840000,2.9,3.5,2684
4698,Bagus Usamah,Female,1,Junior,Medan,Probation,2019-06-06,,Active,24160000,4.6,3.5,3130
4699,"Hasna Usada, S.Kom",Male,6,Junior,Medan,Permanent,2022-04-08,2024-01-22,Resigned,11760000,2.1,3.2,4939
4700,"Kasiyah Pratiwi, M.TI.",Male,8,Junior,Medan,Permanent,2024-02-15,,Active,13880000,3.1,3.7,3931
4701,R. Lili Mangunsong,Female,9,Manager,Yogyakarta,Probation,2016-02-23,,Active,49360000,3.7,4.1,5466
4702,Winda Fujiati,Male,7,Mid,Jakarta,Permanent,2017-06-04,,Active,17870000,4.4,5.0,3991
4703,Aisyah Suartini,Female,2,Mid,Bandung,Permanent,2017-10-13,,Active,32650000,4.4,3.9,4828
4704,Bahuwarna Saputra,Female,8,Senior,Remote,Probation,2017-01-19,,Active,32800000,3.7,4.1,3045
4705,Kasiran Kusumo,Female,4,Mid,Jakarta,Probation,2021-07-15,,Active,27630000,3.8,3.2,1147
4706,"Kuncara Wasita, S.Pt",Female,10,Mid,Bandung,Contract,2024-01-19,2024-09-22,Resigned,17310000,3.1,3.4,3446
4707,Suci Irawan,Male,2,Mid,Jakarta,Permanent,2015-04-18,,Active,29910000,4.5,4.6,1796
4708,Juli Saputra,Male,1,Senior,Jakarta,Contract,2016-03-08,,Active,46030000,4.8,3.9,1471
4709,Taswir Prasetyo,Male,4,Junior,Remote,Permanent,2022-01-27,,Active,16100000,3.5,2.6,3573
4710,Ajeng Januar,Male,6,Junior,Remote,Permanent,2017-08-21,,Active,14310000,4.1,4.1,2571
4711,Gawati Waluyo,Female,8,Lead,Jakarta,Probation,2016-08-23,,Active,41490000,3.3,3.3,1290
4712,Purwa Maheswara,Male,7,Mid,Medan,Permanent,2023-03-13,,Active,16360000,4.2,2.6,5472
4713,Karsa Samosir,Female,4,Junior,Jakarta,Probation,2022-06-02,,Active,15320000,2.5,3.5,3799
4714,Dr. Cinta Nuraini,Female,9,Junior,Bandung,Permanent,2017-12-01,,Active,14280000,3.7,3.6,5440
4715,Tira Pertiwi,Male,5,Junior,Surabaya,Permanent,2020-01-23,,Active,14370000,4.4,4.8,1435
4716,"Tgk. Puspa Saputra, M.Ak",Male,3,Senior,Medan,Permanent,2021-05-28,,Active,41050000,4.1,2.7,3067
4717,Usman Hardiansyah,Male,7,Junior,Jakarta,Permanent,2021-01-17,,Active,11150000,3.5,3.8,4542
4718,Galiono Wibisono,Male,3,Junior,Yogyakarta,Permanent,2019-09-12,,Active,18990000,4.1,3.7,2316
4719,Gangsar Wastuti,Male,6,Mid,Jakarta,Permanent,2024-06-11,2024-12-26,Resigned,20600000,2.1,4.2,4554
4720,"Dr. Kusuma Riyanti, S.Sos",Female,10,Senior,Remote,Permanent,2016-01-10,,Active,29230000,3.4,3.4,2846
4721,Rika Mahendra,Male,1,Junior,Remote,Contract,2020-09-23,,Active,22210000,3.6,4.2,3272
4722,Ajeng Mulyani,Female,6,Mid,Yogyakarta,Permanent,2023-11-16,2024-11-01,Resigned,16930000,2.8,2.4,1961
4723,"Eva Wahyuni, S.E.I",Male,5,Junior,Yogyakarta,Permanent,2020-03-12,,Active,16330000,3.7,3.0,3932
4724,Harja Purnawati,Female,4,Intern,Surabaya,Permanent,2022-06-15,,Active,9450000,4.0,3.4,3092
4725,"Hasna Habibi, S.I.Kom",Female,4,Mid,Surabaya,Contract,2017-07-28,,Active,27140000,3.4,3.7,3727
4726,"Victoria Prayoga, M.Ak",Male,8,Junior,Jakarta,Permanent,2023-11-11,,Active,14590000,4.0,4.1,2917
4727,Tiara Haryanti,Male,3,Mid,Remote,Permanent,2020-07-17,,Active,28210000,2.0,3.3,1121
4728,Ismail Thamrin,Female,6,Junior,Remote,Permanent,2018-03-09,,Active,15330000,4.5,4.9,3320
4729,"drg. Jefri Suwarno, S.T.",Male,10,Mid,Surabaya,Permanent,2018-09-27,,Active,18310000,3.4,4.1,3151
4730,Putri Pradana,Female,9,Junior,Remote,Permanent,2021-07-07,,Active,12590000,4.1,3.5,1454
4731,Siska Irawan,Female,4,Lead,Jakarta,Contract,2017-01-14,,Active,43320000,4.0,3.4,2866
4732,Laila Sihotang,Female,10,Head,Medan,Permanent,2022-11-15,,Active,52010000,4.0,3.2,
4733,"Puti Siska Hutapea, S.Pt",Male,6,Senior,Medan,Permanent,2023-01-29,,Active,28390000,4.8,3.9,4554
4734,"Halima Iswahyudi, S.E.",Female,7,Mid,Bandung,Permanent,2020-01-30,,Active,14230000,3.2,5.0,4119
4735,Cut Chelsea Suwarno,Male,10,Junior,Jakarta,Permanent,2016-09-18,,Active,11040000,2.7,3.5,2846
4736,drg. Respati Anggriawan,Male,5,Mid,Bandung,Contract,2018-12-27,,Active,24910000,3.2,4.1,3794
4737,Shania Melani,Female,3,Mid,Bandung,Permanent,2018-02-01,,Active,30780000,4.3,3.0,2800
4738,"Diana Kuswandari, M.Kom.",Male,8,Intern,Medan,Permanent,2017-12-25,,Active,9120000,4.4,4.0,4101
4739,Ir. Murti Nasyidah,Male,5,Manager,Bandung,Probation,2021-11-20,2023-08-08,Resigned,46160000,4.0,3.4,5203
4740,"Dewi Waskita, S.Ked",Female,2,Mid,Yogyakarta,Permanent,2020-05-18,2023-10-29,Resigned,21410000,3.5,3.4,4665
4741,R.A. Yance Ardianto,Male,8,Junior,Jakarta,Permanent,2019-10-07,2024-12-05,Resigned,15380000,2.5,3.3,1933
4742,"Lintang Nasyidah, S.I.Kom",Male,4,Junior,Jakarta,Permanent,2017-05-28,,Active,16170000,4.0,3.5,3894
4743,Okta Wijayanti,Male,2,Lead,Medan,Permanent,2019-01-05,,Active,57510000,3.5,3.9,1716
4744,"Drs. Silvia Sudiati, S.Gz",Male,1,Junior,Remote,Permanent,2024-03-15,,Active,21940000,3.8,3.1,1033
4745,Dr. Ella Wulandari,Male,5,Junior,Yogyakarta,Contract,2017-05-23,,Active,17260000,3.5,3.4,2767
4746,"Dr. Unggul Prasetyo, S.E.",Female,9,Mid,Jakarta,Contract,2017-02-03,,Active,19730000,2.2,3.7,4618
4747,Ghani Mansur,Female,4,Junior,Yogyakarta,Permanent,2021-03-28,,Active,14790000,5.0,1.9,4887
4748,Tgk. Wawan Habibi,Male,2,Junior,Surabaya,Permanent,2016-11-09,,Active,21650000,3.2,3.1,3403
4749,Nilam Wibowo,Female,9,Junior,Medan,Permanent,2016-08-15,,Active,16540000,2.9,3.7,2528
4750,Hardi Kusumo,Female,8,Mid,Remote,Permanent,2022-04-17,2023-04-29,Resigned,20420000,4.6,3.4,5403
4751,Shania Prayoga,Male,8,Senior,Yogyakarta,Contract,2023-11-01,,Active,31780000,3.4,3.5,3274
4752,"Drs. Zizi Lazuardi, S.Pd",Female,6,Mid,Remote,Permanent,2023-06-22,,Active,17990000,3.7,3.0,2451
4753,Novi Sihombing,Male,10,Junior,Medan,Permanent,2022-11-07,2024-11-07,Resigned,12610000,3.0,2.5,4151
4754,Gabriella Adriansyah,Male,1,Mid,Remote,Permanent,2021-02-17,,Active,32660000,3.6,3.6,2540
4755,"Siti Purnawati, S.Sos",Female,8,Senior,Bandung,Permanent,2020-03-06,,Active,32680000,1.8,4.6,4812
4756,Virman Samosir,Male,10,Senior,Medan,Contract,2019-12-19,,Active,24090000,3.7,3.3,2325
4757,"Kamidin Firgantoro, M.M.",Male,6,Junior,Surabaya,Permanent,2023-10-30,,Active,14640000,4.1,3.5,5225
4758,Dr. Amelia Tamba,Female,8,Senior,Surabaya,Permanent,2022-01-10,,Active,32670000,3.5,3.4,2138
4759,Latif Haryanti,Male,5,Mid,Yogyakarta,Permanent,2022-11-02,,Active,22220000,4.7,3.4,3958
4760,Ifa Thamrin,Female,3,Senior,Yogyakarta,Permanent,2018-06-30,,Active,41910000,4.0,3.6,1616
4761,Adhiarja Tampubolon,Male,3,Senior,Surabaya,Probation,2018-09-02,,Active,43970000,3.9,4.0,3219
4762,"Fitria Wacana, S.I.Kom",Male,9,Mid,Remote,Permanent,2016-03-29,2018-03-31,Resigned,19010000,3.5,4.1,2165
4763,Baktianto Astuti,Male,10,Senior,Yogyakarta,Probation,2015-08-28,,Active,28460000,3.3,3.9,4780
4764,Faizah Hutasoit,Male,3,Junior,Remote,Permanent,2022-10-25,,Active,21190000,3.9,3.4,2595
4765,Dr. Uda Mangunsong,Male,4,Mid,Yogyakarta,Permanent,2015-10-16,,Active,22410000,3.7,3.4,2326
4766,Dewi Laksita,Male,10,Mid,Medan,Permanent,2017-07-19,,Active,18780000,3.0,3.5,3052
4767,Chandra Wahyuni,Female,2,Junior,Bandung,Permanent,2017-04-28,,Active,16960000,4.1,2.3,5366
4768,Genta Halimah,Male,5,Mid,Surabaya,Permanent,2016-02-14,,Active,23770000,3.5,3.0,2630
4769,Kasiyah Salahudin,Male,7,Mid,Jakarta,Permanent,2019-04-02,,Active,16150000,3.3,3.1,2275
4770,Maria Najmudin,Female,1,Senior,Medan,Permanent,2024-01-19,2024-11-29,Resigned,41060000,4.5,3.7,1016
4771,KH. Embuh Kurniawan,Male,8,Junior,Yogyakarta,Permanent,2018-04-16,,Active,17660000,2.8,3.3,1698
4772,Sakura Farida,Female,8,Senior,Medan,Permanent,2023-10-23,,Active,31570000,3.9,2.3,1698
4773,Cahyono Thamrin,Female,7,Mid,Surabaya,Contract,2020-07-30,,Active,16550000,3.1,4.2,4471
4774,"Maya Ardianto, S.I.Kom",Female,1,Mid,Surabaya,Permanent,2016-10-24,2020-10-15,Resigned,36140000,3.3,3.6,2092
4775,"R.A. Carla Nainggolan, S.Pd",Female,7,Lead,Surabaya,Permanent,2020-06-30,,Active,29930000,4.8,5.0,4158
4776,Cahyanto Widodo,Male,5,Junior,Surabaya,Permanent,2021-05-28,,Active,14500000,4.1,2.7,1967
4777,Uli Sitompul,Male,2,Lead,Medan,Permanent,2017-02-26,,Active,56660000,4.1,2.7,2495
4778,Caraka Widiastuti,Male,7,Mid,Surabaya,Permanent,2017-09-20,,Active,15420000,3.4,3.5,3313
4779,Warta Kuswandari,Female,6,Junior,Bandung,Contract,2024-10-27,,Active,13100000,4.8,1.5,1168
4780,"Emas Lazuardi, S.Farm",Male,10,Lead,Remote,Permanent,2023-08-22,,Active,30770000,2.8,4.2,3349
4781,Pia Lailasari,Male,7,Mid,Medan,Permanent,2019-06-13,,Active,17460000,2.9,3.4,1209
4782,"Ir. Nasab Mahendra, S.Psi",Male,6,Junior,Yogyakarta,Permanent,2015-08-08,2023-08-31,Resigned,18050000,3.3,4.0,1169
4783,"KH. Purwadi Wacana, M.TI.",Male,8,Mid,Surabaya,Permanent,2016-04-30,,Active,22930000,4.0,3.0,4711
4784,"Ulya Wibisono, S.E.I",Female,6,Mid,Yogyakarta,Permanent,2019-10-20,,Active,22550000,4.8,3.9,4788
4785,Yusuf Kurniawan,Female,6,Junior,Surabaya,Permanent,2018-06-26,,Active,14660000,3.4,4.0,4243
4786,"Dt. Budi Mangunsong, S.I.Kom",Female,10,Intern,Surabaya,Permanent,2015-04-24,2017-10-14,Resigned,6840000,3.0,3.9,2686
4787,Dt. Pranata Prakasa,Male,9,Intern,Medan,Contract,2016-01-14,,Active,6290000,3.5,4.1,4878
4788,Mustika Siregar,Female,6,Lead,Remote,Permanent,2020-12-24,,Active,40640000,4.8,3.9,4643
4789,Rina Anggriawan,Male,4,Junior,Medan,Permanent,2015-01-26,,Active,16440000,3.4,2.6,1257
4790,Natalia Siregar,Female,5,Lead,Yogyakarta,Permanent,2021-08-08,,Active,42590000,5.0,3.0,4683
4791,Nova Hutasoit,Female,8,Mid,Bandung,Permanent,2021-04-07,2022-03-15,Resigned,18880000,2.4,3.5,2671
4792,"dr. Dirja Safitri, S.E.I",Female,8,Mid,Jakarta,Probation,2019-12-24,,Active,22610000,3.4,3.0,4937
4793,"Oni Nashiruddin, S.H.",Female,9,Senior,Yogyakarta,Contract,2020-01-02,2024-07-10,Resigned,26650000,2.4,4.4,5391
4794,Vivi Latupono,Male,7,Manager,Jakarta,Permanent,2022-02-28,,Active,30420000,3.4,2.9,2112
4795,"Tgk. Tira Prayoga, S.Farm",Male,6,Mid,Surabaya,Permanent,2016-11-05,2023-04-08,Resigned,24170000,2.5,3.3,3030
4796,Jasmani Jailani,Female,2,Mid,Surabaya,Permanent,2018-11-02,,Active,27200000,4.7,3.3,1079
4797,"Titi Mardhiyah, M.Ak",Female,7,Mid,Jakarta,Permanent,2024-09-18,,Active,13420000,4.4,3.6,1254
4798,Dacin Rahayu,Female,2,Intern,Surabaya,Probation,2024-03-08,,Active,9160000,2.5,4.3,1918
4799,"Mahesa Maryadi, S.H.",Male,8,Mid,Remote,Permanent,2018-06-22,,Active,21490000,3.9,2.9,4812
4800,Cahyadi Wacana,Male,7,Junior,Surabaya,Permanent,2020-08-24,,Active,10770000,3.6,2.6,4506
4801,Endra Nababan,Female,9,Junior,Surabaya,Permanent,2015-07-13,2020-11-01,Resigned,15440000,3.6,3.0,2189
4802,Irsad Budiyanto,Female,8,Junior,Surabaya,Permanent,2018-03-14,,Active,15620000,4.0,3.6,3569
4803,R.A. Cornelia Habibi,Male,4,Junior,Jakarta,Permanent,2024-06-25,,Active,15810000,3.3,3.9,4345
4804,Laila Novitasari,Male,5,Mid,Yogyakarta,Permanent,2016-09-23,,Active,22150000,4.7,2.0,1223
4805,Tira Usada,Female,3,Mid,Remote,Contract,2022-08-26,,Active,28800000,2.2,2.5,3855
4806,Darman Sirait,Male,3,Mid,Yogyakarta,Permanent,2020-01-21,,Active,28810000,2.7,3.5,3023
4807,Natalia Halim,Male,1,Lead,Remote,Permanent,2022-06-14,,Active,56620000,3.8,3.3,2780
4808,dr. Margana Habibi,Male,9,Junior,Bandung,Contract,2020-06-27,,Active,12820000,3.6,4.3,5474
4809,Carla Santoso,Female,5,Lead,Jakarta,Contract,2022-09-07,,Active,39810000,4.1,2.8,4425
4810,Indah Tampubolon,Female,1,Junior,Jakarta,Permanent,2023-01-04,2023-09-03,Resigned,19030000,3.5,4.6,3325
4811,"Lili Prayoga, S.Psi",Female,4,Junior,Surabaya,Permanent,2017-10-08,,Active,17670000,4.2,1.9,4339
4812,Cemplunk Gunarto,Male,8,Lead,Bandung,Permanent,2015-05-16,,Active,50300000,3.2,3.4,4496
4813,Aslijan Wijayanti,Male,5,Junior,Bandung,Permanent,2017-12-28,,Active,15220000,3.9,3.5,2556
4814,"Janet Prabowo, S.Pd",Male,7,Mid,Jakarta,Contract,2024-11-17,,Active,14980000,3.2,2.5,3313
4815,Indah Sudiati,Male,7,Head,Yogyakarta,Permanent,2020-10-09,2023-06-27,Resigned,55390000,3.0,2.7,
4816,Irfan Nashiruddin,Female,8,Junior,Yogyakarta,Permanent,2020-10-07,,Active,14390000,3.2,3.2,4177
4817,Nurul Utama,Male,7,Mid,Remote,Probation,2018-02-16,,Active,19870000,5.0,2.7,1358
4818,Ilsa Kusumo,Female,6,Mid,Medan,Permanent,2017-12-08,,Active,19390000,2.8,3.1,1633
4819,Mulyono Budiman,Female,7,Mid,Medan,Permanent,2022-09-20,2024-11-25,Resigned,15630000,2.6,2.3,4903
4820,"Kusuma Mustofa, S.Psi",Male,10,Mid,Remote,Permanent,2015-03-05,,Active,17400000,4.3,3.6,3989
4821,Ulya Tarihoran,Female,6,Junior,Jakarta,Permanent,2017-09-13,,Active,13810000,3.3,3.9,3556
4822,"Victoria Rahmawati, M.TI.",Female,5,Senior,Surabaya,Contract,2020-08-19,,Active,33040000,5.0,3.0,2935
4823,dr. Gilda Yulianti,Female,2,Lead,Medan,Permanent,2024-01-06,,Active,50580000,4.2,4.5,4616
4824,Fathonah Padmasari,Male,10,Senior,Jakarta,Permanent,2023-07-28,,Active,23430000,2.0,4.3,2474
4825,Clara Kurniawan,Female,1,Junior,Bandung,Contract,2020-05-25,,Active,18100000,3.0,3.9,1598
4826,Lasmono Suartini,Male,5,Mid,Remote,Permanent,2018-01-28,,Active,23270000,2.8,2.7,3019
4827,Artanto Rahmawati,Female,1,Mid,Jakarta,Contract,2017-08-10,,Active,28610000,5.0,3.1,4561
4828,"Rendy Nainggolan, S.Kom",Female,2,Lead,Surabaya,Permanent,2022-12-20,,Active,47510000,3.4,3.6,3880
4829,"Melinda Januar, S.Pt",Male,10,Junior,Bandung,Permanent,2024-04-29,,Active,12010000,4.9,2.3,2215
4830,Drs. Gangsa Sihombing,Male,2,Mid,Medan,Contract,2020-11-05,,Active,27240000,4.1,4.4,4430
4831,"Nabila Pangestu, M.Pd",Male,2,Mid,Remote,Permanent,2016-04-06,,Active,29100000,4.0,4.2,5182
4832,"Eva Gunawan, S.E.I",Male,1,Junior,Bandung,Probation,2019-05-25,,Active,21560000,2.9,3.2,2376
4833,Hari Pudjiastuti,Male,6,Mid,Medan,Probation,2016-12-07,,Active,20140000,2.8,4.4,4062
4834,"Hafshah Purwanti, S.I.Kom",Male,7,Intern,Jakarta,Permanent,2016-11-18,2017-11-16,Resigned,6340000,3.5,2.6,1161
4835,Melinda Usamah,Male,4,Junior,Jakarta,Permanent,2016-12-20,,Active,18930000,4.0,3.6,2304
4836,"Devi Fujiati, S.Pt",Female,10,Senior,Jakarta,Permanent,2020-03-04,,Active,24920000,2.2,3.8,5376
4837,Lili Novitasari,Male,9,Junior,Medan,Permanent,2020-09-11,,Active,12300000,3.4,4.3,2317
4838,KH. Ajimin Marbun,Female,9,Mid,Jakarta,Permanent,2023-01-07,,Active,17600000,3.2,2.8,4642
4839,Tgk. Tami Mustofa,Female,7,Manager,Jakarta,Permanent,2017-02-14,,Active,44710000,5.0,2.7,2112
4840,Aurora Pratiwi,Male,6,Senior,Surabaya,Permanent,2021-03-15,,Active,30120000,3.7,2.8,5471
4841,Putu Nainggolan,Male,7,Junior,Jakarta,Contract,2021-08-12,,Active,10020000,2.4,3.3,4330
4842,"Yulia Widodo, M.Kom.",Female,8,Senior,Medan,Permanent,2019-09-21,,Active,26510000,3.2,2.6,5008
4843,"Kasiran Mulyani, S.Pt",Male,7,Junior,Medan,Permanent,2018-07-13,,Active,12240000,4.0,3.6,2648
4844,Ismail Melani,Male,8,Head,Jakarta,Permanent,2015-05-23,2024-02-08,Resigned,84490000,3.1,3.3,
4845,Putri Wibisono,Female,9,Mid,Surabaya,Probation,2017-01-17,2020-08-31,Resigned,23300000,3.6,3.1,4793
4846,Rachel Saputra,Female,8,Manager,Surabaya,Permanent,2019-11-28,,Active,58690000,4.1,3.2,2414
4847,Cengkal Adriansyah,Male,9,Junior,Remote,Permanent,2019-11-21,,Active,14940000,4.0,2.3,1821
4848,Kenzie Pratama,Female,2,Mid,Yogyakarta,Contract,2016-01-12,2023-10-13,Resigned,29860000,4.5,2.3,4127
4849,Cut Widya Mulyani,Female,7,Mid,Jakarta,Permanent,2024-09-23,,Active,14660000,4.8,3.2,5340
4850,Olivia Novitasari,Male,10,Senior,Medan,Permanent,2018-03-01,2023-09-01,Resigned,23700000,3.3,4.2,3349
4851,Ilsa Prasetya,Female,4,Senior,Medan,Permanent,2021-11-20,,Active,31300000,3.2,2.5,2866
4852,Titin Santoso,Female,1,Senior,Jakarta,Permanent,2015-06-21,,Active,44360000,4.1,2.8,5058
4853,R. Cawisono Prasetyo,Male,6,Senior,Bandung,Permanent,2019-10-27,,Active,30390000,3.3,3.3,1351
4854,Kasusra Prakasa,Male,6,Mid,Medan,Permanent,2019-03-28,,Active,19570000,3.2,3.7,2933
4855,Azalea Uyainah,Female,10,Junior,Yogyakarta,Contract,2016-10-14,,Active,13020000,3.9,4.1,1357
4856,Wardaya Setiawan,Male,5,Senior,Medan,Permanent,2021-01-20,,Active,30590000,3.8,3.3,5473
4857,Emong Habibi,Male,3,Mid,Remote,Permanent,2020-04-19,,Active,28610000,2.8,2.3,2142
4858,"Drajat Pranowo, M.Pd",Female,9,Lead,Surabaya,Permanent,2023-10-07,,Active,38180000,2.7,2.9,4518
4859,Abyasa Yulianti,Female,3,Mid,Jakarta,Permanent,2017-01-09,,Active,28950000,3.2,4.6,2667
4860,Siti Suartini,Female,2,Junior,Bandung,Permanent,2015-04-06,,Active,21500000,3.5,2.6,1419
4861,Jane Hutasoit,Male,6,Mid,Remote,Permanent,2016-06-27,,Active,25390000,4.3,2.7,3515
4862,"Pia Saptono, S.E.I",Female,1,Junior,Remote,Permanent,2020-02-05,,Active,20900000,3.8,4.8,4382
4863,Rahmi Sihombing,Male,4,Manager,Medan,Contract,2019-04-07,2020-03-13,Resigned,61470000,2.7,4.3,5155
4864,Amelia Utami,Female,2,Mid,Yogyakarta,Permanent,2016-07-24,,Active,29100000,3.0,4.0,4963
4865,"Cut Yuni Tamba, S.H.",Female,10,Junior,Yogyakarta,Permanent,2016-04-27,,Active,12670000,2.4,4.6,4972
4866,"Indah Nugroho, S.T.",Male,8,Mid,Yogyakarta,Permanent,2022-07-11,,Active,20320000,4.1,4.0,4621
4867,Kawaya Wahyuni,Male,10,Senior,Surabaya,Permanent,2023-10-17,2024-06-27,Resigned,24170000,4.5,3.7,3051
4868,"Ir. Cici Wibowo, S.T.",Female,4,Mid,Bandung,Permanent,2016-07-18,,Active,26280000,4.6,3.5,4929
4869,"Hj. Siska Suartini, M.Pd",Female,3,Lead,Jakarta,Permanent,2018-10-01,,Active,60140000,4.4,3.7,2002
4870,Rendy Handayani,Female,4,Senior,Surabaya,Contract,2023-02-01,,Active,30280000,4.9,3.1,3034
4871,Gamani Santoso,Male,3,Senior,Remote,Permanent,2024-03-26,,Active,40710000,3.6,2.7,5171
4872,Laksana Usamah,Female,1,Lead,Surabaya,Permanent,2024-05-06,,Active,60240000,3.7,3.8,4223
4873,"KH. Harto Mangunsong, M.M.",Male,4,Lead,Bandung,Permanent,2015-01-12,,Active,47350000,4.2,3.5,1785
4874,Omar Fujiati,Female,2,Junior,Remote,Permanent,2020-07-28,,Active,19750000,3.7,4.0,3546
4875,Dalima Kuswandari,Male,7,Junior,Bandung,Probation,2015-09-17,,Active,11750000,3.8,2.1,4559
4876,Jumari Najmudin,Female,3,Mid,Jakarta,Permanent,2019-08-07,,Active,28330000,3.3,4.5,2003
4877,Fitria Nugroho,Male,5,Senior,Bandung,Permanent,2024-04-11,2024-12-07,Resigned,30250000,3.6,3.1,4230
4878,Kairav Lestari,Female,9,Junior,Surabaya,Permanent,2023-02-01,,Active,14150000,5.0,3.6,2914
4879,"Elvina Yuliarti, S.Pd",Male,6,Lead,Medan,Permanent,2020-06-11,,Active,42450000,3.6,3.5,3030
4880,Galak Marpaung,Female,3,Junior,Jakarta,Permanent,2023-01-16,,Active,21000000,3.2,3.9,1870
4881,Rendy Wijaya,Female,4,Mid,Medan,Probation,2015-10-24,,Active,31250000,4.4,3.0,3148
4882,"Lulut Nainggolan, S.Pt",Female,8,Senior,Jakarta,Contract,2015-01-26,,Active,38060000,3.0,3.1,2262
4883,Bagus Aryani,Male,5,Mid,Surabaya,Probation,2016-01-10,,Active,22760000,4.2,4.2,2167
4884,Jaeman Yuliarti,Male,1,Senior,Jakarta,Probation,2024-06-18,,Active,39770000,5.0,2.9,1075
4885,Cinthia Novitasari,Male,6,Mid,Jakarta,Permanent,2018-07-14,,Active,20290000,3.8,3.9,4610
4886,Ozy Budiman,Male,6,Junior,Yogyakarta,Permanent,2023-05-05,,Active,12910000,2.8,3.2,2328
4887,Puti Keisha Winarno,Male,4,Senior,Jakarta,Contract,2017-03-28,2022-11-30,Resigned,33560000,3.6,4.7,1830
4888,Balapati Budiman,Female,8,Senior,Surabaya,Contract,2022-08-19,2024-06-24,Resigned,33130000,3.0,2.8,3154
4889,"Ir. Warji Gunawan, S.E.I",Male,5,Manager,Surabaya,Permanent,2024-11-02,,Active,50250000,2.5,3.9,4164
4890,Prasetya Hutasoit,Female,8,Senior,Remote,Permanent,2022-11-03,,Active,30660000,3.9,3.7,4662
4891,Dinda Utami,Female,9,Junior,Medan,Permanent,2019-08-20,,Active,12870000,2.7,4.5,1430
4892,Cut Widya Anggriawan,Female,7,Mid,Surabaya,Permanent,2018-11-12,,Active,16780000,3.9,3.7,3913
4893,"R. Kemba Sirait, S.Pt",Female,6,Mid,Remote,Permanent,2023-08-04,,Active,21620000,4.6,2.8,5200
4894,Cahyono Kuswandari,Male,2,Junior,Surabaya,Contract,2020-04-26,,Active,19120000,3.8,3.9,2448
4895,"Drs. Tri Handayani, S.E.",Male,4,Mid,Remote,Permanent,2017-05-23,,Active,22410000,4.4,3.1,3530
4896,Julia Kuswandari,Male,8,Senior,Bandung,Permanent,2017-11-22,,Active,38340000,3.8,2.6,2896
4897,Dimaz Hakim,Female,4,Intern,Jakarta,Permanent,2017-06-27,,Active,8530000,2.2,3.8,4588
4898,H. Emas Utami,Female,3,Senior,Remote,Permanent,2017-05-23,,Active,45880000,4.1,4.3,3506
4899,R. Ajimat Gunawan,Female,3,Mid,Bandung,Permanent,2020-11-16,,Active,33750000,5.0,3.2,1041
4900,Kenari Sihombing,Male,2,Junior,Yogyakarta,Contract,2019-09-20,,Active,19490000,3.7,4.1,1842
4901,Kajen Agustina,Female,4,Junior,Yogyakarta,Permanent,2015-06-09,,Active,14490000,3.3,3.7,4601
4902,Abyasa Prasetyo,Male,6,Mid,Surabaya,Probation,2023-01-18,,Active,23200000,3.5,4.4,2705
4903,Darsirah Aryani,Male,7,Senior,Bandung,Permanent,2021-02-19,,Active,23140000,2.6,2.8,2112
4904,Dalima Thamrin,Male,3,Mid,Remote,Probation,2019-04-17,,Active,32420000,4.1,4.1,1179
4905,"Edison Prasetyo, S.Sos",Female,4,Junior,Medan,Permanent,2019-07-21,,Active,16320000,4.0,3.8,4441
4906,"Tasdik Kusumo, M.Kom.",Female,3,Lead,Yogyakarta,Probation,2015-08-06,,Active,61890000,4.3,3.6,1668
4907,Balapati Prasetyo,Male,10,Junior,Medan,Permanent,2019-05-31,,Active,10460000,4.7,4.0,4071
4908,Yahya Suryono,Male,9,Senior,Bandung,Permanent,2019-01-31,,Active,27840000,3.9,3.8,1664
4909,Citra Susanti,Male,4,Mid,Medan,Permanent,2023-03-06,,Active,24250000,2.0,3.6,4873
4910,Devi Tarihoran,Female,6,Junior,Yogyakarta,Permanent,2023-08-03,2024-02-20,Resigned,12890000,1.9,4.6,2423
4911,Umar Gunawan,Female,7,Junior,Jakarta,Contract,2023-03-12,2024-07-11,Resigned,11070000,2.8,3.6,1584
4912,R. Elma Aryani,Male,7,Junior,Yogyakarta,Permanent,2015-12-08,,Active,12870000,3.6,3.4,1203
4913,Tgk. Limar Najmudin,Female,1,Senior,Remote,Permanent,2016-01-24,,Active,52930000,3.1,3.2,4225
4914,"Irwan Maryadi, S.Pd",Female,6,Intern,Remote,Permanent,2024-01-13,2024-11-01,Resigned,7290000,2.6,4.3,4109
4915,Tgk. Kamaria Jailani,Male,1,Mid,Yogyakarta,Permanent,2016-11-19,,Active,31130000,3.3,3.6,4227
4916,Najwa Wijayanti,Female,5,Junior,Surabaya,Permanent,2017-08-15,,Active,16780000,4.2,4.4,3105
4917,Hani Hutagalung,Male,6,Manager,Jakarta,Contract,2022-08-27,,Active,44960000,3.8,4.6,4643
4918,"Dt. Setya Maryadi, S.E.I",Male,1,Mid,Surabaya,Contract,2017-01-16,,Active,33430000,2.9,3.4,1996
4919,Dalima Wibisono,Female,7,Senior,Jakarta,Permanent,2024-10-11,,Active,21440000,4.6,3.8,4305
4920,Tantri Kuswandari,Female,7,Senior,Jakarta,Permanent,2023-07-09,,Active,25030000,3.6,4.3,2858
4921,"Puti Carla Permata, S.Farm",Male,1,Junior,Remote,Probation,2018-10-13,,Active,22070000,3.9,4.5,4183
4922,"Indah Maulana, S.Pt",Female,2,Mid,Remote,Permanent,2023-12-13,,Active,27250000,4.7,3.1,4232
4923,Dian Najmudin,Female,5,Mid,Surabaya,Permanent,2022-02-08,,Active,20090000,3.8,3.1,1221
4924,"dr. Garan Simanjuntak, M.Kom.",Female,5,Mid,Yogyakarta,Permanent,2015-06-29,,Active,20280000,3.7,3.0,4877
4925,Novi Zulkarnain,Female,8,Mid,Bandung,Permanent,2022-11-24,,Active,24860000,4.1,4.2,3972
4926,Hj. Juli Mandala,Male,3,Junior,Medan,Permanent,2018-12-20,,Active,18800000,4.5,3.3,5292
4927,"Ir. Viman Prasasta, S.Sos",Male,3,Mid,Jakarta,Permanent,2017-08-02,,Active,26420000,3.1,3.8,3683
4928,Pia Mandasari,Female,10,Lead,Medan,Permanent,2018-03-25,,Active,32510000,4.3,3.6,3349
4929,Dr. Jumadi Nasyidah,Female,4,Senior,Bandung,Permanent,2023-09-01,,Active,38880000,3.0,3.0,4441
4930,Sutan Harjo Hutasoit,Male,1,Intern,Bandung,Probation,2015-01-13,,Active,11450000,3.1,3.1,2376
4931,drg. Paramita Permata,Male,2,Mid,Remote,Probation,2019-10-21,2023-09-22,Resigned,29980000,3.9,4.2,3357
4932,"H. Rosman Prasetya, S.Pt",Female,8,Senior,Surabaya,Permanent,2015-09-21,,Active,33140000,4.4,3.0,3154
4933,Gilang Adriansyah,Male,1,Junior,Surabaya,Contract,2017-06-25,,Active,21880000,3.4,2.9,2037
4934,Soleh Budiyanto,Male,1,Junior,Bandung,Contract,2021-02-12,,Active,21950000,3.7,3.8,3666
4935,Puti Kusmawati,Female,3,Mid,Jakarta,Permanent,2016-08-23,2021-06-26,Resigned,32550000,3.1,3.1,4690
4936,Viman Kusumo,Female,5,Lead,Medan,Permanent,2020-06-17,,Active,42060000,3.0,2.9,3425
4937,Viktor Tampubolon,Male,8,Lead,Medan,Permanent,2019-06-18,,Active,41840000,3.8,2.7,4844
4938,Zizi Mandala,Female,10,Junior,Surabaya,Permanent,2023-01-16,,Active,13310000,3.9,3.8,3775
4939,Michelle Megantara,Male,6,Mid,Remote,Permanent,2020-05-15,,Active,23000000,2.9,3.2,5291
4940,"Drs. Lili Prasasta, S.Kom",Male,5,Senior,Surabaya,Permanent,2022-06-05,,Active,30490000,3.6,4.1,1884
4941,"R.A. Amelia Mandala, S.IP",Female,7,Mid,Jakarta,Permanent,2024-08-31,,Active,18940000,2.1,4.2,4544
4942,"Tiara Megantara, S.Sos",Female,2,Senior,Bandung,Permanent,2019-03-25,,Active,42520000,3.3,4.3,5182
4943,"Aisyah Anggraini, S.I.Kom",Male,7,Junior,Jakarta,Permanent,2017-06-11,2021-11-02,Resigned,12370000,1.8,5.0,4614
4944,Nardi Kurniawan,Male,5,Junior,Bandung,Contract,2019-04-04,,Active,13160000,2.6,4.4,4519
4945,"Laksana Hidayanto, M.Kom.",Male,3,Lead,Medan,Permanent,2018-03-16,,Active,64030000,3.3,4.0,1761
4946,"Ir. Endah Dabukke, S.E.I",Male,1,Manager,Medan,Permanent,2022-01-15,,Active,65950000,3.9,5.0,1020
4947,Dinda Hutapea,Male,1,Senior,Surabaya,Permanent,2017-06-15,,Active,48530000,4.3,2.9,1333
4948,Bahuwarna Budiman,Male,6,Mid,Medan,Permanent,2015-10-13,2016-08-18,Resigned,22090000,4.1,4.3,2492
4949,drg. Eka Najmudin,Female,8,Mid,Surabaya,Permanent,2024-05-29,,Active,24590000,4.3,4.2,4012
4950,Uli Mandala,Female,7,Junior,Jakarta,Permanent,2020-09-21,,Active,12150000,2.8,4.8,2815
4951,"Paris Salahudin, M.Kom.",Male,10,Junior,Yogyakarta,Permanent,2015-12-29,,Active,11850000,3.0,2.8,1733
4952,Tantri Sirait,Male,10,Senior,Surabaya,Contract,2021-11-29,,Active,23790000,3.3,3.5,3845
4953,Violet Yuliarti,Female,6,Junior,Medan,Permanent,2020-02-13,,Active,14650000,4.4,4.2,3275
4954,"Amalia Suwarno, S.IP",Female,5,Senior,Bandung,Permanent,2018-08-17,,Active,29400000,2.4,3.3,4790
4955,Asmuni Yuniar,Female,7,Senior,Bandung,Probation,2018-06-30,2019-07-05,Resigned,23880000,3.7,2.6,3882
4956,Lukita Natsir,Male,3,Mid,Bandung,Contract,2019-09-13,,Active,28620000,2.0,3.9,3916
4957,R.M. Adikara Widodo,Male,8,Mid,Medan,Permanent,2020-02-18,,Active,22690000,3.4,4.0,3063
4958,"drg. Sabrina Hasanah, M.Pd",Female,10,Senior,Jakarta,Permanent,2020-03-07,,Active,25270000,2.3,5.0,2352
4959,"Yance Rajata, M.Farm",Male,1,Mid,Jakarta,Permanent,2015-01-05,,Active,35650000,2.3,2.7,3925
4960,T. Nyana Pradana,Female,5,Mid,Medan,Permanent,2024-06-10,2024-12-29,Resigned,23410000,3.3,2.8,2229
4961,Endah Saputra,Male,3,Senior,Bandung,Permanent,2019-11-03,,Active,39260000,2.5,4.7,1030
4962,Karman Waluyo,Male,6,Junior,Medan,Contract,2015-10-04,,Active,14520000,3.8,4.2,4378
4963,Paiman Prabowo,Female,2,Lead,Medan,Permanent,2023-02-08,2024-08-15,Resigned,54720000,3.1,3.3,3603
4964,Raina Hakim,Male,8,Junior,Bandung,Permanent,2023-09-01,2024-10-08,Resigned,15380000,3.3,3.5,1371
4965,Hartaka Nashiruddin,Female,5,Senior,Remote,Permanent,2021-03-03,,Active,37070000,3.2,4.6,1740
4966,"Drs. Rahmi Hutagalung, M.M.",Female,8,Mid,Remote,Probation,2021-05-19,,Active,23020000,3.6,4.4,4174
4967,Iriana Yolanda,Male,2,Junior,Yogyakarta,Permanent,2022-11-23,,Active,20600000,2.0,5.0,1207
4968,"Halim Wibowo, S.E.",Male,6,Senior,Bandung,Permanent,2022-12-13,2024-05-23,Resigned,25610000,3.7,4.1,5471
4969,Rangga Wahyudin,Male,4,Lead,Yogyakarta,Permanent,2015-10-03,,Active,48770000,2.5,3.4,4658
4970,"Irwan Nababan, S.T.",Male,1,Junior,Yogyakarta,Contract,2020-09-13,,Active,23540000,3.1,2.3,1548
4971,Bala Hutagalung,Female,4,Mid,Surabaya,Contract,2018-09-20,,Active,26810000,3.3,3.7,3573
4972,Rahmi Sitorus,Male,10,Mid,Bandung,Permanent,2020-10-05,2023-12-05,Resigned,16450000,3.8,2.7,3051
4973,Digdaya Suryono,Male,8,Mid,Surabaya,Permanent,2021-03-07,,Active,22270000,3.0,3.5,2575
4974,Kemba Kurniawan,Male,8,Senior,Bandung,Permanent,2016-07-08,,Active,29680000,4.4,3.6,1682
4975,Danuja Riyanti,Male,5,Manager,Surabaya,Permanent,2018-02-10,,Active,58380000,3.8,2.9,5203
4976,Praba Saragih,Male,3,Senior,Remote,Permanent,2023-05-28,,Active,44290000,3.0,3.8,4675
4977,Kusuma Pangestu,Female,6,Junior,Remote,Permanent,2019-01-14,,Active,16030000,2.4,5.0,4539
4978,"Wisnu Firmansyah, S.H.",Male,8,Mid,Remote,Permanent,2022-07-20,2024-10-19,Resigned,21500000,3.1,2.8,3948
4979,Chelsea Purnawati,Male,3,Mid,Jakarta,Permanent,2022-02-10,,Active,25270000,3.7,3.3,1247
4980,Cut Padmi Laksmiwati,Male,4,Lead,Bandung,Permanent,2017-06-16,,Active,41420000,3.1,3.4,2866
4981,Asirwada Sihotang,Female,10,Senior,Bandung,Permanent,2019-01-11,,Active,22840000,2.9,3.3,5364
4982,Warsa Saragih,Male,1,Lead,Bandung,Permanent,2017-09-25,,Active,56150000,3.4,3.8,2805
4983,Garda Suryono,Male,7,Senior,Jakarta,Permanent,2020-08-23,2023-01-07,Resigned,22450000,3.9,3.7,1035
4984,Olivia Nababan,Female,9,Junior,Surabaya,Permanent,2017-03-18,2018-05-07,Resigned,10700000,2.6,3.2,3262
4985,Umi Wijaya,Male,3,Intern,Yogyakarta,Permanent,2024-04-15,,Active,8860000,4.0,3.7,4904
4986,"Kani Mustofa, S.IP",Male,3,Lead,Bandung,Permanent,2021-11-08,,Active,55480000,3.1,2.9,3917
4987,Laila Mardhiyah,Male,5,Junior,Jakarta,Permanent,2022-04-23,2024-06-23,Resigned,13760000,2.9,3.2,4164
4988,Jefri Maryadi,Male,3,Senior,Jakarta,Contract,2020-04-07,2024-03-02,Resigned,36060000,1.9,3.6,1747
4989,Langgeng Wibowo,Male,3,Manager,Medan,Permanent,2021-07-12,,Active,78560000,3.4,3.0,2002
4990,Rini Firgantoro,Male,5,Mid,Remote,Permanent,2017-12-15,,Active,22590000,4.5,3.7,5360
4991,Elisa Maryadi,Female,10,Junior,Yogyakarta,Permanent,2015-10-01,,Active,10640000,3.1,2.8,5354
4992,"Jaiman Hutapea, S.Pt",Male,6,Manager,Jakarta,Permanent,2023-12-27,,Active,50290000,4.5,2.0,1219
4993,"Gina Pratama, S.E.I",Male,4,Junior,Medan,Contract,2020-08-14,2023-05-22,Resigned,16200000,2.6,3.7,4018
4994,"H. Caraka Mardhiyah, M.TI.",Female,10,Manager,Yogyakarta,Permanent,2024-06-08,,Active,45550000,2.8,2.7,4732
4995,"Rachel Yulianti, M.TI.",Male,1,Mid,Bandung,Permanent,2019-04-19,2021-12-30,Resigned,31490000,2.1,4.3,4227
4996,"Tgk. Ikin Mustofa, S.Psi",Female,2,Junior,Surabaya,Permanent,2019-01-22,,Active,20420000,3.4,4.5,3937
4997,Karen Oktaviani,Female,10,Mid,Yogyakarta,Probation,2018-05-15,,Active,17390000,2.9,3.2,2436
4998,"drg. Azalea Zulaika, S.Sos",Female,4,Mid,Medan,Permanent,2017-03-15,,Active,23600000,3.4,4.2,5067
4999,Daniswara Suryatmi,Male,1,Senior,Jakarta,Permanent,2021-05-13,,Active,40480000,3.8,3.7,3648
5000,Puti Eva Purnawati,Female,2,Mid,Bandung,Contract,2016-11-16,,Active,25960000,3.9,2.6,1261
5001,"Jamal Kuswoyo, S.Ked",Female,9,Junior,Jakarta,Permanent,2016-07-05,,Active,15130000,2.9,3.5,5440
5002,Pranata Saragih,Male,5,Junior,Yogyakarta,Permanent,2017-11-13,,Active,15210000,4.6,3.5,2928
5003,KH. Purwa Irawan,Female,1,Mid,Surabaya,Permanent,2022-05-05,,Active,31270000,3.3,4.7,2805
5004,Cinta Hasanah,Male,8,Mid,Medan,Permanent,2016-02-20,,Active,24110000,2.9,3.7,1290
5005,Ella Sihombing,Male,4,Junior,Medan,Probation,2020-12-26,,Active,15640000,3.4,2.9,1942
5006,Bagas Setiawan,Male,9,Senior,Yogyakarta,Permanent,2023-04-19,,Active,26760000,5.0,2.9,2707
5007,dr. Kamila Irawan,Male,2,Mid,Remote,Permanent,2023-02-14,,Active,28970000,3.7,2.6,3684
5008,Cemani Haryanti,Female,8,Manager,Medan,Permanent,2017-12-15,,Active,58140000,3.8,3.5,2414
5009,Nabila Rajasa,Male,6,Senior,Surabaya,Probation,2016-07-02,,Active,33480000,4.1,4.0,1176
5010,"drg. Martaka Mandala, S.IP",Male,10,Intern,Surabaya,Permanent,2019-02-06,,Active,6830000,3.2,3.2,3243
5011,Dr. Azalea Utama,Male,6,Lead,Bandung,Probation,2017-10-02,,Active,43110000,3.4,2.5,3279
5012,"Tgk. Lalita Wasita, M.Ak",Male,8,Junior,Jakarta,Permanent,2024-01-27,,Active,15480000,2.1,2.2,1982
5013,"Cager Farida, S.I.Kom",Female,6,Lead,Yogyakarta,Permanent,2024-07-06,,Active,32920000,1.8,2.5,4917
5014,Drs. Wawan Sihotang,Female,7,Mid,Yogyakarta,Permanent,2023-01-23,,Active,15930000,4.1,4.4,3117
5015,Chelsea Zulaika,Female,1,Mid,Surabaya,Permanent,2022-09-26,,Active,29980000,4.7,4.8,1997
5016,Ophelia Hartati,Female,1,Senior,Remote,Contract,2019-07-03,,Active,40900000,3.9,4.2,1471
5017,Sabrina Gunarto,Female,9,Manager,Remote,Permanent,2023-02-04,,Active,46390000,2.8,3.1,2546
5018,Hj. Amelia Prasasta,Male,7,Senior,Yogyakarta,Permanent,2019-01-16,,Active,23170000,3.3,3.1,2824
5019,"Yuni Purwanti, S.Ked",Female,8,Senior,Yogyakarta,Probation,2024-08-12,,Active,32350000,5.0,2.8,1082
5020,Simon Jailani,Female,1,Lead,Surabaya,Permanent,2024-01-19,2024-09-08,Resigned,53180000,3.0,3.6,4595
5021,Keisha Manullang,Male,6,Junior,Jakarta,Permanent,2018-11-06,,Active,14460000,3.6,2.6,4840
5022,drg. Zulaikha Hidayanto,Male,5,Junior,Medan,Contract,2021-06-03,,Active,16360000,3.7,2.7,2684
5023,Harsanto Hariyah,Female,3,Junior,Surabaya,Permanent,2020-09-11,,Active,22910000,4.4,3.3,3046
5024,"Bakiman Tampubolon, M.M.",Female,2,Intern,Medan,Permanent,2021-09-06,2024-04-03,Resigned,9210000,4.3,3.1,3679
5025,Syahrini Nasyidah,Female,4,Mid,Jakarta,Contract,2024-06-20,,Active,19330000,4.2,2.9,1402
5026,"Dr. Cici Hutasoit, S.E.",Male,7,Senior,Surabaya,Permanent,2015-02-25,,Active,28760000,4.5,2.9,1417
5027,"Cici Widodo, S.Farm",Female,10,Mid,Jakarta,Permanent,2023-09-18,,Active,14880000,3.1,4.0,3434
5028,Himawan Sitompul,Female,6,Mid,Surabaya,Permanent,2016-05-16,,Active,22770000,2.9,3.8,2764
5029,Galiono Siregar,Female,6,Junior,Bandung,Permanent,2022-04-19,,Active,13890000,3.3,3.6,4307
5030,Dr. Gabriella Kusmawati,Male,1,Junior,Surabaya,Permanent,2019-08-29,,Active,22850000,3.9,4.1,3971
5031,Estiawan Hasanah,Female,3,Senior,Jakarta,Permanent,2017-05-24,,Active,40430000,3.9,4.1,3037
5032,Kenes Mangunsong,Female,5,Mid,Yogyakarta,Permanent,2017-06-20,,Active,23440000,4.2,4.3,3715
5033,Dalima Uyainah,Male,3,Junior,Remote,Permanent,2015-05-03,,Active,21840000,3.1,3.6,1247
5034,Galuh Purnawati,Female,4,Senior,Bandung,Permanent,2020-12-14,,Active,32790000,4.1,3.1,4373
5035,Limar Wibowo,Male,2,Mid,Medan,Permanent,2015-11-22,,Active,29430000,3.3,4.3,1652
5036,Waluyo Tarihoran,Female,10,Mid,Remote,Permanent,2018-07-27,2023-02-16,Resigned,18530000,2.6,2.9,4763
5037,"dr. Jasmani Prabowo, S.Gz",Male,6,Junior,Medan,Contract,2019-11-09,,Active,13450000,4.1,3.0,1334
5038,Taswir Damanik,Female,9,Mid,Remote,Contract,2017-12-29,,Active,19630000,4.1,2.4,1882
5039,"Ir. Indra Saputra, S.T.",Female,8,Intern,Bandung,Permanent,2015-07-19,,Active,8720000,4.4,3.9,4213
5040,"Cecep Hutasoit, S.E.I",Male,3,Senior,Remote,Permanent,2024-10-02,,Active,35050000,2.8,3.9,4690
5041,Endra Waskita,Female,9,Junior,Bandung,Permanent,2023-12-08,2024-12-11,Resigned,12370000,1.9,4.2,1213
5042,Emin Hartati,Female,9,Intern,Medan,Permanent,2020-03-10,,Active,6370000,3.6,3.9,2629
5043,"drg. Paramita Prabowo, S.T.",Female,3,Mid,Yogyakarta,Permanent,2019-07-24,,Active,24030000,3.6,4.8,4215
5044,Radika Habibi,Female,1,Senior,Jakarta,Probation,2015-09-11,,Active,36100000,4.2,3.5,2376
5045,Umar Aryani,Female,5,Mid,Medan,Permanent,2024-02-22,2024-12-10,Resigned,19580000,3.0,2.5,3200
5046,Umi Salahudin,Female,7,Lead,Remote,Probation,2018-08-26,,Active,29820000,4.4,3.2,2226
5047,Dalimin Tampubolon,Male,1,Senior,Yogyakarta,Contract,2015-04-14,,Active,48710000,5.0,2.6,4807
5048,Novi Kusmawati,Male,5,Mid,Bandung,Permanent,2023-03-07,2024-02-08,Resigned,20670000,3.4,1.8,1251
5049,H. Purwanto Marpaung,Male,7,Junior,Medan,Permanent,2016-05-06,,Active,13790000,3.6,3.3,3913
5050,"Maya Thamrin, M.Farm",Male,3,Junior,Yogyakarta,Permanent,2023-08-17,,Active,19960000,4.5,3.8,2543
5051,Yuni Anggriawan,Male,9,Mid,Jakarta,Permanent,2020-07-17,,Active,20340000,4.6,3.4,4634
5052,KH. Tugiman Riyanti,Male,5,Lead,Surabaya,Permanent,2019-03-29,,Active,35910000,2.2,3.9,4975
5053,Bahuwarna Widiastuti,Female,3,Mid,Jakarta,Permanent,2016-12-21,,Active,32230000,3.3,3.4,3073
5054,Ir. Dalima Sinaga,Male,8,Senior,Yogyakarta,Contract,2021-06-15,,Active,30660000,2.4,3.1,1325
5055,"Ridwan Simanjuntak, S.Ked",Female,2,Junior,Medan,Permanent,2016-06-07,,Active,23000000,3.8,4.1,2576
5056,Usman Haryanti,Male,6,Junior,Remote,Permanent,2017-08-19,2019-10-25,Resigned,14150000,2.6,2.8,1809
5057,Jamil Simanjuntak,Female,3,Senior,Bandung,Contract,2017-07-18,,Active,46310000,3.4,4.1,1332
5058,Prima Wulandari,Male,1,Lead,Yogyakarta,Permanent,2015-01-06,,Active,60760000,2.5,3.7,4649
5059,Hani Nurdiyanti,Male,8,Junior,Bandung,Permanent,2023-10-08,,Active,16400000,4.4,4.1,3154
5060,"Ade Hartati, S.E.I",Female,1,Intern,Jakarta,Permanent,2015-12-23,,Active,12670000,3.5,2.6,1557
5061,"Ihsan Uyainah, M.Farm",Male,1,Mid,Yogyakarta,Permanent,2015-07-20,,Active,33750000,2.8,2.6,4884
5062,Argono Pratama,Male,6,Mid,Jakarta,Permanent,2019-05-13,,Active,21490000,3.8,3.2,5485
5063,"Fitriani Andriani, M.Pd",Male,4,Mid,Yogyakarta,Permanent,2024-04-21,,Active,23280000,3.9,4.0,2902
5064,"R.M. Limar Waluyo, S.Kom",Male,1,Mid,Yogyakarta,Permanent,2020-07-05,,Active,32680000,3.8,2.8,4115
5065,Fathonah Nainggolan,Male,8,Junior,Remote,Probation,2021-04-05,,Active,15160000,4.5,3.1,4048
5066,"Koko Budiman, S.I.Kom",Male,1,Mid,Remote,Permanent,2024-08-19,,Active,28680000,4.2,1.8,3144
5067,"dr. Anita Sihombing, S.Pd",Female,4,Senior,Yogyakarta,Permanent,2020-12-27,,Active,35300000,4.8,2.4,4081
5068,R. Naradi Mandasari,Female,4,Intern,Bandung,Permanent,2019-12-18,,Active,8320000,2.6,4.1,4709
5069,"Jaga Zulkarnain, S.Farm",Male,3,Mid,Bandung,Probation,2022-09-30,,Active,30920000,3.4,4.1,5031
5070,Kamila Namaga,Male,2,Senior,Surabaya,Permanent,2022-02-12,2024-04-24,Resigned,36670000,2.7,3.9,2899
5071,Putri Sitorus,Male,4,Junior,Remote,Contract,2018-11-18,,Active,16730000,4.2,3.3,2663
5072,Wira Nugroho,Male,9,Mid,Remote,Permanent,2023-01-17,,Active,19360000,3.7,5.0,3659
5073,Maria Wahyudin,Male,2,Junior,Surabaya,Permanent,2017-01-01,,Active,20390000,2.8,3.0,4312
5074,Kadir Riyanti,Female,9,Mid,Medan,Probation,2017-01-19,,Active,20660000,3.3,2.8,5369
5075,Kemba Fujiati,Female,9,Junior,Jakarta,Contract,2017-05-14,,Active,15050000,4.8,4.3,2471
5076,Intan Wahyuni,Male,7,Junior,Remote,Permanent,2024-05-05,,Active,10720000,2.8,3.0,1203
5077,"Sabrina Fujiati, S.Pd",Male,1,Mid,Jakarta,Permanent,2015-10-01,,Active,34690000,4.1,4.3,4807
5078,"Raina Januar, S.Pt",Female,1,Senior,Yogyakarta,Permanent,2019-06-14,,Active,44840000,5.0,2.5,2702
5079,"R. Bakidin Yulianti, S.Ked",Male,9,Mid,Surabaya,Permanent,2015-01-26,,Active,21890000,3.0,2.7,3337
5080,drg. Ciaobella Mandasari,Female,6,Mid,Surabaya,Permanent,2023-08-29,2024-12-08,Resigned,21110000,3.4,4.2,1176
5081,"Umi Oktaviani, M.Pd",Male,2,Senior,Bandung,Permanent,2017-06-19,,Active,43690000,4.7,3.7,3949
5082,Mahesa Handayani,Male,6,Senior,Remote,Permanent,2020-09-14,,Active,33090000,4.3,2.4,2825
5083,Drs. Reksa Firmansyah,Female,9,Junior,Jakarta,Permanent,2022-05-14,,Active,14340000,5.0,4.1,1278
5084,"Elvin Andriani, S.Kom",Female,2,Mid,Surabaya,Permanent,2023-11-13,,Active,28260000,3.4,3.7,3339
5085,Prayoga Hasanah,Male,6,Senior,Remote,Permanent,2023-12-18,2024-11-22,Resigned,28070000,4.2,3.1,3939
5086,dr. Balijan Napitupulu,Male,5,Junior,Surabaya,Permanent,2019-10-20,,Active,13680000,4.4,3.0,4425
5087,"Dr. Dewi Tampubolon, M.M.",Female,4,Mid,Jakarta,Permanent,2018-09-13,,Active,24810000,3.9,3.5,4887
5088,Yuni Yuliarti,Male,8,Junior,Medan,Probation,2021-06-18,,Active,15740000,2.6,3.0,1052
5089,"Violet Widodo, S.Ked",Female,5,Junior,Surabaya,Contract,2020-01-21,,Active,14500000,2.6,3.3,3811
5090,Violet Prasetyo,Male,5,Senior,Bandung,Permanent,2020-05-08,,Active,30940000,4.7,3.0,2882
5091,T. Embuh Wahyuni,Male,9,Junior,Remote,Permanent,2019-11-16,,Active,13500000,5.0,4.9,1538
5092,Ina Agustina,Female,8,Junior,Remote,Permanent,2016-01-29,,Active,17520000,4.0,3.2,3098
5093,"Dimas Ardianto, S.Farm",Female,8,Senior,Medan,Permanent,2015-10-28,,Active,36110000,2.1,4.3,1036
5094,Aditya Dongoran,Female,4,Junior,Medan,Permanent,2021-12-15,,Active,17930000,3.3,5.0,1287
5095,Paiman Wahyudin,Female,9,Head,Yogyakarta,Permanent,2019-07-21,2022-12-23,Resigned,60020000,4.2,3.0,
5096,"Drs. Yuliana Rahimah, S.Psi",Male,1,Senior,Yogyakarta,Permanent,2019-10-13,,Active,41470000,4.6,3.5,4423
5097,Ella Pertiwi,Male,8,Mid,Yogyakarta,Permanent,2016-06-24,,Active,26420000,2.9,3.2,2917
5098,Halima Puspita,Male,8,Junior,Remote,Permanent,2020-02-29,,Active,16680000,4.2,3.4,1284
5099,Febi Susanti,Female,8,Junior,Surabaya,Permanent,2022-04-11,,Active,17200000,4.7,3.0,3274
5100,"Hartana Habibi, M.Farm",Male,10,Mid,Remote,Permanent,2022-01-28,,Active,18560000,2.6,2.8,3862
5101,Dian Usada,Male,7,Lead,Remote,Permanent,2016-04-17,,Active,31150000,4.4,3.5,4839
5102,Titi Natsir,Female,2,Intern,Medan,Permanent,2018-06-18,,Active,9480000,4.3,3.8,4740
5103,Jamalia Maryati,Female,2,Junior,Bandung,Permanent,2017-01-14,,Active,19590000,4.0,4.7,5000
5104,Ibrani Pradipta,Male,8,Mid,Surabaya,Permanent,2021-07-28,2022-03-13,Resigned,23100000,4.1,4.1,4362
5105,Nyana Mahendra,Female,10,Junior,Medan,Permanent,2018-01-20,,Active,12400000,3.2,2.0,2945
5106,R. Laswi Permata,Female,1,Junior,Jakarta,Permanent,2020-05-19,2021-02-25,Resigned,20150000,3.3,2.4,1264
5107,"dr. Saiful Utami, S.T.",Female,1,Manager,Medan,Permanent,2019-06-09,,Active,71740000,2.6,3.4,4497
5108,"Drs. Endah Sinaga, S.Kom",Female,8,Mid,Medan,Permanent,2020-07-26,,Active,21340000,3.9,3.0,3384
5109,Bakiman Dongoran,Female,5,Junior,Jakarta,Permanent,2018-06-21,,Active,16370000,3.4,4.0,1054
5110,Ajeng Utami,Male,5,Junior,Yogyakarta,Permanent,2019-04-29,,Active,17360000,3.3,3.5,1712
5111,"Drs. Candra Dabukke, M.Ak",Male,4,Senior,Jakarta,Permanent,2017-11-18,,Active,33730000,4.6,3.6,1222
5112,"Puji Hutapea, M.Farm",Male,3,Senior,Bandung,Permanent,2018-12-16,,Active,42550000,4.3,3.1,4945
5113,Aisyah Mustofa,Male,4,Senior,Surabaya,Permanent,2021-08-08,,Active,38640000,4.0,3.7,2651
5114,Siska Usamah,Male,2,Intern,Jakarta,Contract,2020-03-17,,Active,9720000,3.7,2.8,2053
5115,"Tgk. Cengkir Permadi, S.H.",Female,5,Lead,Yogyakarta,Permanent,2016-07-16,,Active,42440000,3.5,3.9,1065
5116,Febi Nasyiah,Male,3,Mid,Medan,Permanent,2015-07-22,,Active,27070000,4.0,3.3,3218
5117,"R.A. Tari Waluyo, S.T.",Male,2,Mid,Jakarta,Permanent,2017-01-04,,Active,28690000,3.7,3.7,3007
5118,"Aslijan Saefullah, S.Pt",Male,8,Mid,Bandung,Permanent,2020-03-10,,Active,20870000,2.1,3.7,4410
5119,Lutfan Damanik,Male,4,Senior,Medan,Permanent,2015-11-17,,Active,37000000,4.2,4.6,2256
5120,"Labuh Jailani, S.IP",Female,2,Mid,Surabaya,Permanent,2021-11-10,,Active,22030000,4.0,4.7,5311
5121,Rina Maheswara,Female,1,Mid,Surabaya,Permanent,2017-10-12,,Active,30830000,2.3,3.5,3505
5122,Caket Suryono,Female,9,Intern,Remote,Permanent,2023-05-11,,Active,5720000,3.9,4.6,2264
5123,Elvina Iswahyudi,Male,10,Junior,Medan,Permanent,2023-11-17,,Active,11090000,2.1,5.0,4071
5124,Jumari Tarihoran,Male,2,Senior,Remote,Probation,2023-06-12,,Active,36610000,4.2,1.6,4443
5125,"R.A. Kania Januar, M.Kom.",Female,1,Senior,Surabaya,Permanent,2018-02-03,,Active,40850000,3.2,2.9,4649
5126,"Dt. Hendri Hidayanto, M.Kom.",Female,6,Mid,Jakarta,Permanent,2024-11-01,,Active,18180000,3.8,3.6,1939
5127,"Bahuwarna Pranowo, S.Farm",Male,8,Senior,Surabaya,Permanent,2016-08-21,2023-10-14,Resigned,32010000,2.0,3.3,2414
5128,Iriana Usada,Male,4,Junior,Remote,Probation,2021-10-15,,Active,14430000,2.8,4.0,1942
5129,Yani Marpaung,Female,3,Junior,Jakarta,Probation,2016-02-13,,Active,20690000,2.9,3.8,1574
5130,Emin Anggriawan,Female,9,Mid,Jakarta,Contract,2016-06-12,2018-11-18,Resigned,19710000,3.7,3.9,2457
5131,Maryanto Purnawati,Male,7,Intern,Medan,Permanent,2020-05-15,,Active,5590000,3.1,3.6,3750
5132,"Luluh Firmansyah, S.IP",Female,9,Mid,Yogyakarta,Permanent,2022-01-25,,Active,18960000,4.1,3.5,5294
5133,Jelita Laksmiwati,Female,6,Junior,Bandung,Permanent,2023-12-23,,Active,13400000,2.9,4.3,1719
5134,Ir. Puji Ardianto,Male,1,Mid,Medan,Permanent,2015-06-25,,Active,34250000,4.3,3.3,2265
5135,Karman Rajasa,Female,1,Senior,Bandung,Permanent,2019-04-12,,Active,46260000,4.5,4.1,4982
5136,Dadi Sudiati,Male,8,Junior,Bandung,Contract,2021-05-09,2021-12-31,Resigned,14050000,3.2,3.0,4299
5137,Kawaca Damanik,Female,7,Intern,Bandung,Permanent,2016-03-12,2017-12-22,Resigned,6100000,3.6,4.6,1200
5138,Dr. Prabawa Mangunsong,Female,9,Mid,Surabaya,Permanent,2018-09-27,,Active,17140000,4.5,2.9,5152
5139,Sakti Utama,Female,7,Senior,Surabaya,Permanent,2017-02-18,,Active,24520000,3.9,2.9,2039
5140,Uda Pratama,Female,6,Junior,Yogyakarta,Probation,2015-01-10,,Active,16020000,4.5,4.0,4677
5141,Gamanto Mandala,Male,1,Mid,Jakarta,Permanent,2021-06-07,,Active,27140000,4.5,3.8,1511
5142,Bakda Mahendra,Female,3,Mid,Remote,Permanent,2021-03-13,2023-02-22,Resigned,26390000,2.7,2.6,3683
5143,Ika Laksmiwati,Female,8,Intern,Medan,Permanent,2017-06-25,2020-06-21,Resigned,9140000,3.4,4.2,3596
5144,Xanana Iswahyudi,Male,3,Senior,Bandung,Permanent,2017-04-18,,Active,42000000,3.3,2.6,1640
5145,Titin Puspasari,Female,6,Mid,Remote,Permanent,2016-10-07,,Active,22800000,4.2,2.7,4206
5146,"Emil Hastuti, M.Kom.",Male,5,Mid,Surabaya,Permanent,2017-03-09,,Active,22130000,3.6,3.2,2514
5147,Oliva Wacana,Female,9,Mid,Jakarta,Permanent,2017-05-01,,Active,21640000,2.3,3.3,1092
5148,Dwi Natsir,Female,8,Junior,Medan,Permanent,2023-01-04,,Active,14600000,2.8,2.7,4376
5149,Mahfud Setiawan,Female,7,Intern,Jakarta,Permanent,2023-10-06,,Active,5510000,2.3,3.6,3420
5150,Ciaobella Padmasari,Female,10,Junior,Bandung,Permanent,2022-12-21,,Active,11990000,3.8,3.3,2484
5151,"KH. Langgeng Saragih, S.E.",Female,5,Junior,Jakarta,Permanent,2019-04-12,,Active,16310000,3.3,3.3,4954
5152,"Sutan Xanana Laksita, S.Farm",Male,9,Senior,Yogyakarta,Permanent,2022-04-02,,Active,28660000,3.7,3.1,2816
5153,Lintang Riyanti,Female,2,Junior,Bandung,Probation,2015-09-21,,Active,24300000,3.5,3.8,1237
5154,"Humaira Simanjuntak, M.Ak",Female,3,Manager,Jakarta,Permanent,2017-05-01,,Active,69870000,2.8,3.4,1068
5155,Luluh Winarno,Female,4,Head,Medan,Probation,2015-07-12,2022-04-16,Resigned,92950000,3.0,2.4,
5156,Farah Purnawati,Female,9,Lead,Yogyakarta,Permanent,2019-05-20,,Active,33900000,2.4,4.6,1538
5157,Kasiyah Usamah,Male,3,Senior,Medan,Probation,2017-03-25,,Active,48780000,4.7,3.6,3899
5158,"Puti Mila Marbun, S.Gz",Male,2,Mid,Surabaya,Permanent,2015-02-08,2017-02-07,Resigned,32120000,2.5,4.1,3684
5159,T. Langgeng Wasita,Male,2,Junior,Jakarta,Permanent,2017-06-01,,Active,19000000,4.0,3.6,1232
5160,Rahmi Yuliarti,Male,3,Mid,Yogyakarta,Permanent,2017-03-19,,Active,27060000,4.0,3.1,3335
5161,Tgk. Hasta Dabukke,Male,6,Junior,Yogyakarta,Permanent,2022-07-08,,Active,14530000,3.2,2.4,4643
5162,Cemeti Sinaga,Male,10,Senior,Bandung,Permanent,2019-11-28,,Active,24400000,4.9,3.5,4500
5163,Widya Nashiruddin,Female,10,Mid,Bandung,Contract,2023-06-03,,Active,15780000,3.8,3.8,1603
5164,Hesti Hidayanto,Male,2,Junior,Surabaya,Permanent,2016-12-11,,Active,22790000,5.0,2.2,4241
5165,Maryadi Wahyudin,Male,9,Senior,Remote,Permanent,2016-12-09,,Active,29000000,2.3,2.9,3659
5166,Dalima Sihotang,Female,6,Junior,Bandung,Permanent,2024-02-25,,Active,12900000,3.9,1.2,2454
5167,Adika Simanjuntak,Female,10,Lead,Bandung,Permanent,2023-01-14,,Active,32240000,4.0,2.3,2951
5168,"Ajeng Sitompul, S.Kom",Female,6,Senior,Remote,Contract,2020-02-21,2023-11-22,Resigned,26880000,4.0,2.9,3939
5169,Qori Sinaga,Male,7,Junior,Bandung,Probation,2016-01-08,,Active,11980000,4.9,3.3,1576
5170,Kanda Haryanto,Male,9,Senior,Jakarta,Permanent,2018-04-13,2022-12-17,Resigned,31050000,2.9,3.6,3440
5171,Intan Suartini,Female,3,Lead,Medan,Permanent,2024-04-28,,Active,48510000,3.9,3.6,2382
5172,Karsa Pratama,Male,8,Junior,Remote,Permanent,2024-04-29,,Active,13690000,2.5,4.1,3872
5173,Kanda Setiawan,Female,7,Junior,Yogyakarta,Permanent,2018-08-08,,Active,12600000,3.4,2.6,4506
5174,"Rachel Winarsih, S.Pt",Male,7,Mid,Remote,Permanent,2017-12-16,2022-06-26,Resigned,14330000,5.0,4.0,1441
5175,Hj. Lili Zulaika,Female,3,Lead,Yogyakarta,Permanent,2016-09-23,,Active,47190000,2.9,3.8,3073
5176,"dr. Galiono Simanjuntak, S.Kom",Female,9,Junior,Jakarta,Permanent,2020-09-02,,Active,15270000,4.2,3.7,2269
5177,Asirwanda Lailasari,Female,3,Lead,Medan,Contract,2021-09-18,2024-11-19,Resigned,54150000,5.0,2.0,2797
5178,Aurora Saefullah,Female,5,Junior,Medan,Permanent,2019-04-28,,Active,14350000,3.4,2.7,1762
5179,Devi Maheswara,Female,5,Senior,Bandung,Probation,2020-09-08,,Active,30020000,3.4,3.2,4576
5180,Ella Rahimah,Female,3,Mid,Yogyakarta,Permanent,2017-10-17,,Active,32180000,4.1,4.2,4623
5181,Rika Winarno,Male,5,Junior,Bandung,Permanent,2023-11-28,,Active,16650000,3.8,3.7,4002
5182,Koko Damanik,Male,2,Lead,Medan,Permanent,2016-05-03,,Active,51870000,3.5,4.0,2331
5183,Anita Yuniar,Female,7,Mid,Remote,Permanent,2022-09-20,,Active,15600000,3.1,2.8,4330
5184,"Drs. Adhiarja Hariyah, S.Pd",Male,4,Mid,Yogyakarta,Permanent,2020-02-05,,Active,20650000,3.2,3.1,2026
5185,Saadat Waskita,Male,9,Senior,Bandung,Permanent,2023-12-13,,Active,26370000,5.0,4.3,4063
5186,Umar Nasyidah,Female,4,Junior,Medan,Permanent,2016-02-29,,Active,15650000,2.6,3.5,3727
5187,Dt. Gandi Yuliarti,Female,4,Mid,Remote,Contract,2016-12-30,,Active,24860000,4.1,2.7,2872
5188,Bagiya Halimah,Male,9,Senior,Bandung,Contract,2020-07-16,2022-01-06,Resigned,26020000,3.5,2.4,1664
5189,Radit Agustina,Female,2,Mid,Bandung,Permanent,2023-05-24,,Active,27890000,3.9,4.4,3602
5190,"Ilsa Saefullah, S.Psi",Male,7,Junior,Bandung,Permanent,2016-10-31,2020-07-26,Resigned,13070000,3.2,4.3,2648
5191,"Tgk. Heru Hutapea, M.Pd",Female,2,Senior,Surabaya,Permanent,2016-12-22,,Active,43010000,3.3,3.7,3221
5192,"Tgk. Jumadi Suryatmi, S.Gz",Female,1,Intern,Yogyakarta,Contract,2021-08-18,,Active,9530000,3.8,3.2,4507
5193,Ifa Hasanah,Male,8,Mid,Jakarta,Permanent,2017-03-10,,Active,24400000,4.3,3.9,4306
5194,Zizi Yuniar,Male,8,Senior,Surabaya,Permanent,2017-04-08,,Active,32200000,2.9,4.4,4937
5195,Saiful Wahyudin,Male,8,Junior,Medan,Permanent,2018-06-02,,Active,15550000,3.0,3.5,3356
5196,Puti Ana Prasetyo,Female,3,Mid,Jakarta,Contract,2015-02-18,,Active,29250000,3.4,3.7,4632
5197,Rudi Anggriawan,Male,10,Junior,Remote,Permanent,2024-08-24,,Active,12830000,3.6,4.4,4446
5198,Bala Sinaga,Female,7,Mid,Surabaya,Permanent,2015-10-20,,Active,18760000,3.7,3.8,4815
5199,"drg. Genta Narpati, S.Pt",Female,4,Senior,Remote,Contract,2020-07-28,,Active,34940000,3.8,4.4,4863
5200,Nyoman Uwais,Female,6,Senior,Bandung,Permanent,2019-10-16,,Active,30550000,3.8,1.9,5471
5201,"Drs. Agnes Habibi, S.T.",Female,2,Mid,Bandung,Permanent,2019-08-24,,Active,30970000,4.2,3.9,3630
5202,"Dt. Balapati Hardiansyah, S.Pd",Female,1,Senior,Bandung,Permanent,2020-04-26,,Active,48420000,2.0,3.2,4318
5203,Eman Sitompul,Female,5,Head,Yogyakarta,Permanent,2021-05-12,,Active,73880000,3.1,3.5,
5204,"Rahmi Wibowo, S.T.",Female,2,Junior,Bandung,Contract,2018-12-01,,Active,21560000,2.9,4.7,2195
5205,"Ella Mandala, M.Farm",Male,3,Mid,Medan,Permanent,2015-04-24,,Active,27540000,3.4,3.7,4632
5206,Devi Mahendra,Male,1,Junior,Jakarta,Permanent,2016-09-10,,Active,25870000,3.2,1.8,1471
5207,Zelda Maulana,Female,2,Junior,Surabaya,Permanent,2017-06-13,2024-07-28,Resigned,23470000,4.7,2.1,1834
5208,"Drs. Tirta Zulkarnain, M.M.",Female,7,Mid,Yogyakarta,Permanent,2017-08-10,,Active,15950000,3.0,2.5,4544
5209,"Banawi Nurdiyanti, M.TI.",Male,4,Mid,Medan,Permanent,2022-03-30,,Active,22270000,2.7,4.0,2765
5210,Koko Kuswandari,Male,3,Junior,Jakarta,Permanent,2015-06-25,,Active,22120000,2.6,4.4,4161
5211,"Jindra Setiawan, S.Psi",Female,9,Mid,Remote,Permanent,2021-12-28,,Active,19110000,4.1,3.6,1527
5212,"H. Jayadi Prasetyo, S.Pt",Female,4,Mid,Remote,Permanent,2016-02-02,,Active,24670000,4.3,2.7,4641
5213,Vivi Sihombing,Male,5,Mid,Medan,Contract,2015-06-28,,Active,20890000,2.9,4.9,4936
5214,"Chelsea Thamrin, M.Pd",Male,5,Senior,Jakarta,Contract,2022-11-25,,Active,31670000,3.5,3.7,5052
5215,"R.A. Sakura Yuliarti, S.Kom",Male,6,Junior,Jakarta,Probation,2016-12-25,,Active,14560000,3.1,3.4,4340
5216,"Citra Hutagalung, M.Kom.",Male,5,Mid,Medan,Permanent,2023-10-09,2024-09-04,Resigned,17850000,3.1,3.2,4856
5217,Danuja Budiman,Male,4,Senior,Bandung,Contract,2022-12-23,,Active,35010000,2.2,3.9,2866
5218,"Darijan Hastuti, S.Sos",Female,8,Mid,Yogyakarta,Permanent,2021-01-03,,Active,19640000,3.0,3.6,4410
5219,Jinawi Jailani,Male,5,Manager,Jakarta,Permanent,2016-03-01,,Active,55550000,3.9,3.6,1967
5220,Fathonah Rahayu,Female,7,Mid,Yogyakarta,Permanent,2021-03-28,,Active,14320000,5.0,4.2,3913
5221,"Dr. Kamidin Sihotang, S.Pd",Female,3,Mid,Jakarta,Permanent,2023-05-31,2024-11-05,Resigned,26380000,1.3,3.7,2248
5222,"Mutia Yolanda, S.E.I",Female,4,Mid,Medan,Contract,2016-12-28,,Active,26070000,3.7,3.7,4148
5223,"Drs. Cici Mustofa, S.H.",Female,5,Junior,Yogyakarta,Permanent,2019-12-17,,Active,14470000,2.8,3.7,2229
5224,Kiandra Hartati,Female,8,Mid,Remote,Probation,2020-11-03,,Active,22000000,3.8,2.3,2519
5225,"Ir. Oliva Pangestu, S.Sos",Female,6,Senior,Yogyakarta,Permanent,2018-02-28,,Active,30570000,2.2,3.5,2825
5226,Bagiya Setiawan,Male,4,Junior,Bandung,Permanent,2021-09-06,,Active,16480000,3.9,3.8,3106
5227,Eli Samosir,Male,2,Junior,Remote,Probation,2016-04-02,,Active,22060000,3.1,3.5,1466
5228,"Ir. Septi Jailani, S.E.I",Male,4,Junior,Jakarta,Permanent,2017-01-03,2019-07-21,Resigned,17740000,3.5,2.6,5025
5229,Cici Kusumo,Male,8,Senior,Medan,Permanent,2015-07-06,,Active,37570000,3.6,2.8,1204
5230,Agus Haryanti,Male,10,Junior,Surabaya,Permanent,2023-12-04,,Active,12000000,3.7,4.7,1532
5231,Emas Dabukke,Male,8,Mid,Medan,Permanent,2016-01-04,,Active,29230000,3.8,3.9,1522
5232,Salimah Nuraini,Female,7,Mid,Medan,Permanent,2021-08-05,,Active,15100000,3.5,3.8,2177
5233,Kamila Saptono,Male,6,Junior,Bandung,Permanent,2022-04-23,2024-10-04,Resigned,13180000,3.5,3.9,4284
5234,Wira Pudjiastuti,Male,7,Mid,Yogyakarta,Permanent,2015-08-22,,Active,15960000,3.1,4.0,2897
5235,Garang Astuti,Male,3,Senior,Bandung,Permanent,2023-04-09,,Active,36380000,4.7,3.5,4675
5236,Cakrawangsa Widodo,Male,9,Mid,Bandung,Permanent,2015-01-23,,Active,22200000,4.2,3.0,4041
5237,dr. Kacung Sitorus,Female,8,Junior,Bandung,Contract,2017-03-03,,Active,17970000,2.4,2.1,5318
5238,Irnanto Saputra,Male,7,Junior,Surabaya,Contract,2018-08-10,,Active,12510000,3.8,3.4,3387
5239,Cinthia Hardiansyah,Female,6,Mid,Bandung,Permanent,2017-09-27,,Active,22130000,4.8,3.1,2392
5240,"Harjaya Anggraini, S.Kom",Male,7,Mid,Bandung,Probation,2018-12-26,,Active,16370000,4.9,3.0,5494
5241,Fitriani Waskita,Male,4,Senior,Medan,Permanent,2022-05-27,,Active,28530000,2.9,3.4,4863
5242,Legawa Saefullah,Female,1,Senior,Yogyakarta,Permanent,2019-06-19,,Active,43810000,2.9,5.0,3818
5243,Drs. Jumadi Maryati,Female,2,Senior,Bandung,Contract,2023-06-25,,Active,33680000,4.6,5.0,3809
5244,Cici Zulaika,Male,9,Mid,Bandung,Contract,2024-06-18,,Active,15850000,3.1,3.1,3251
5245,Mariadi Prayoga,Female,2,Mid,Bandung,Permanent,2022-07-20,,Active,23690000,3.1,3.5,4015
5246,Darmaji Latupono,Female,5,Mid,Jakarta,Permanent,2019-07-28,,Active,21420000,3.4,4.0,3201
5247,Umar Firgantoro,Male,1,Senior,Medan,Contract,2024-11-26,,Active,41300000,4.7,3.4,5256
5248,Tgk. Halima Haryanto,Female,4,Lead,Jakarta,Permanent,2016-12-26,,Active,43690000,4.1,4.4,2889
5249,R. Enteng Prasetyo,Female,1,Mid,Bandung,Permanent,2023-09-18,2024-04-23,Resigned,30930000,4.5,3.5,2271
5250,drg. Kania Wijaya,Male,9,Junior,Remote,Permanent,2017-04-03,,Active,14710000,4.8,4.9,1605
5251,Darmaji Santoso,Male,9,Senior,Medan,Permanent,2022-07-19,,Active,28590000,2.5,4.0,1701
5252,Farhunnisa Narpati,Male,6,Mid,Yogyakarta,Permanent,2018-12-01,,Active,23620000,2.9,5.0,3008
5253,"Sutan Ganjaran Uyainah, S.Pd",Male,9,Senior,Remote,Probation,2020-12-04,,Active,25300000,3.4,4.4,3014
5254,"Rina Suwarno, S.Ked",Male,4,Lead,Yogyakarta,Permanent,2019-07-22,,Active,47760000,1.9,4.3,5155
5255,Cengkal Mardhiyah,Male,2,Mid,Remote,Permanent,2022-04-19,2024-11-27,Resigned,27230000,3.5,3.0,2429
5256,"Sarah Kuswandari, S.Pd",Male,1,Lead,Medan,Permanent,2015-01-26,,Active,55670000,3.9,3.8,5107
5257,"R.A. Ella Sihotang, S.Pt",Female,9,Junior,Medan,Permanent,2017-10-10,,Active,17060000,2.7,2.1,2546
5258,Cengkir Sitorus,Female,6,Junior,Remote,Permanent,2019-08-06,2022-11-28,Resigned,15640000,3.2,3.6,4393
5259,Dinda Budiman,Female,7,Mid,Remote,Permanent,2021-07-01,,Active,15530000,3.0,3.4,1930
5260,"Jasmani Aryani, S.Psi",Female,1,Mid,Bandung,Permanent,2018-12-04,,Active,33870000,3.4,4.2,5078
5261,Cecep Saptono,Male,8,Senior,Bandung,Permanent,2023-01-12,,Active,28740000,3.2,3.5,1698
5262,Cawisono Wastuti,Female,3,Junior,Yogyakarta,Permanent,2019-02-18,,Active,19020000,2.9,4.7,5469
5263,"Dt. Legawa Thamrin, M.Kom.",Male,3,Junior,Medan,Contract,2021-11-10,,Active,22210000,4.0,3.3,3385
5264,Cut Nurul Prayoga,Male,3,Mid,Surabaya,Permanent,2018-08-18,,Active,28780000,4.7,3.7,2511
5265,Carla Gunawan,Male,2,Senior,Medan,Permanent,2018-11-07,,Active,45080000,3.8,3.0,4232
5266,"Cut Qori Zulaika, S.Pd",Female,6,Senior,Yogyakarta,Permanent,2022-01-17,,Active,27170000,3.5,3.5,1573
5267,"R.A. Paramita Mardhiyah, S.E.",Male,2,Junior,Jakarta,Permanent,2021-06-30,,Active,19450000,3.5,3.3,1032
5268,"R.M. Prayitna Kuswoyo, S.IP",Female,8,Senior,Yogyakarta,Permanent,2016-08-07,,Active,35690000,2.8,3.8,4844
5269,Wani Sitorus,Female,5,Senior,Medan,Permanent,2015-09-15,,Active,32020000,3.4,2.5,4425
5270,Nurul Tampubolon,Female,9,Junior,Medan,Contract,2015-03-30,,Active,15630000,4.3,3.3,1727
5271,T. Mujur Laksita,Female,8,Senior,Yogyakarta,Permanent,2018-06-11,,Active,36730000,3.9,3.7,4529
5272,Karimah Haryanti,Female,6,Lead,Medan,Permanent,2022-09-09,,Active,34570000,4.5,4.1,1794
5273,Raden Thamrin,Female,6,Mid,Bandung,Contract,2015-11-05,,Active,24240000,4.1,3.2,3283
5274,Titin Sitorus,Female,5,Junior,Bandung,Permanent,2016-04-05,,Active,16570000,4.8,3.3,4975
5275,KH. Mujur Riyanti,Female,9,Junior,Surabaya,Permanent,2020-10-26,,Active,13940000,2.6,3.7,2347
5276,Carla Saputra,Male,4,Mid,Medan,Permanent,2019-04-09,,Active,24780000,4.8,3.2,1642
5277,"Karja Uyainah, S.Ked",Female,2,Senior,Medan,Permanent,2018-04-02,,Active,51200000,3.6,3.2,1757
5278,Hendra Prasetya,Female,2,Senior,Bandung,Permanent,2024-10-27,,Active,41690000,4.5,4.1,2925
5279,"Caket Tamba, M.Kom.",Male,4,Senior,Yogyakarta,Permanent,2016-11-02,,Active,32700000,3.6,2.3,1239
5280,Dipa Permata,Female,6,Mid,Jakarta,Permanent,2018-04-02,,Active,23880000,3.7,2.9,4684
5281,"Tami Astuti, S.I.Kom",Male,5,Mid,Surabaya,Permanent,2018-01-13,,Active,23570000,3.1,3.2,1019
5282,Panca Irawan,Male,4,Junior,Medan,Permanent,2023-08-21,2024-11-27,Resigned,14900000,3.7,2.7,2144
5283,Viman Waluyo,Male,7,Mid,Jakarta,Permanent,2024-10-23,,Active,15870000,3.7,4.9,5101
5284,"Balangga Saefullah, M.Pd",Female,4,Senior,Medan,Permanent,2022-06-24,,Active,38410000,4.8,4.0,5155
5285,Paramita Natsir,Female,6,Junior,Remote,Probation,2017-12-08,,Active,13680000,3.0,4.1,1655
5286,Shania Tampubolon,Female,10,Mid,Bandung,Permanent,2019-08-31,,Active,17780000,2.9,3.5,2940
5287,Kania Rahmawati,Female,6,Senior,Jakarta,Permanent,2023-11-03,,Active,30670000,3.1,2.9,4788
5288,Ika Saragih,Male,5,Lead,Remote,Permanent,2015-07-08,,Active,44380000,3.6,2.5,1198
5289,Artanto Prastuti,Female,3,Senior,Medan,Permanent,2016-02-22,,Active,48360000,3.5,1.8,3219
5290,H. Gangsa Suryatmi,Male,2,Junior,Surabaya,Permanent,2015-03-12,,Active,23410000,3.4,4.3,5373
5291,Ian Hasanah,Male,6,Senior,Medan,Permanent,2021-04-04,,Active,29670000,4.1,4.2,4467
5292,dr. Irma Kusumo,Female,3,Senior,Surabaya,Permanent,2021-01-26,,Active,48140000,3.7,2.7,2456
5293,Jamil Maulana,Male,4,Mid,Remote,Contract,2020-08-20,,Active,22480000,3.8,3.6,4254
5294,Sabrina Maryadi,Male,9,Manager,Yogyakarta,Contract,2020-12-14,,Active,48820000,2.4,4.5,5466
5295,T. Leo Puspita,Male,6,Senior,Bandung,Permanent,2015-05-08,2024-04-02,Resigned,30510000,3.2,2.9,1426
5296,"Carub Sihombing, M.Kom.",Male,6,Junior,Surabaya,Permanent,2015-07-14,,Active,16900000,3.5,2.2,2492
5297,Bella Sihombing,Female,7,Mid,Jakarta,Permanent,2016-06-22,,Active,16100000,5.0,3.2,3991
5298,Jaeman Gunarto,Female,1,Junior,Yogyakarta,Permanent,2022-06-17,,Active,20000000,3.0,4.4,3678
5299,Eko Rahayu,Female,8,Mid,Bandung,Permanent,2024-03-06,,Active,20560000,4.0,3.2,2917
5300,Asmadi Lestari,Male,10,Mid,Bandung,Permanent,2019-03-28,2024-02-03,Resigned,18840000,2.7,3.9,1376
5301,Agnes Astuti,Female,4,Junior,Yogyakarta,Permanent,2021-11-08,,Active,15410000,3.1,4.0,3025
5302,Salimah Adriansyah,Female,4,Senior,Jakarta,Permanent,2023-08-13,2024-05-11,Resigned,34770000,3.1,2.6,2765
5303,Dwi Mandala,Female,9,Senior,Yogyakarta,Contract,2017-08-24,2021-06-11,Resigned,27290000,2.7,1.9,2770
5304,Intan Mardhiyah,Female,2,Senior,Yogyakarta,Permanent,2020-08-05,,Active,42820000,4.2,2.7,3735
5305,"Yusuf Purwanti, S.E.I",Female,7,Lead,Surabaya,Permanent,2022-09-05,,Active,29660000,2.7,4.5,1624
5306,Nasab Saputra,Female,7,Junior,Bandung,Permanent,2018-08-29,,Active,10650000,3.7,3.7,1299
5307,Oskar Napitupulu,Female,7,Mid,Jakarta,Probation,2015-01-26,,Active,16640000,2.2,3.9,2039
5308,Restu Hutapea,Female,8,Mid,Bandung,Permanent,2018-09-26,,Active,24060000,3.6,2.8,1509
5309,Gawati Firmansyah,Male,1,Senior,Yogyakarta,Permanent,2015-01-14,,Active,51580000,3.3,2.9,2055
5310,Kamila Prayoga,Male,3,Junior,Jakarta,Probation,2016-01-10,,Active,21500000,4.2,2.2,1680
5311,"Ir. Makuta Winarno, S.Farm",Female,2,Senior,Remote,Permanent,2017-08-28,,Active,44710000,3.7,3.5,2925
5312,Cinthia Rajata,Female,5,Intern,Medan,Permanent,2020-07-19,2022-07-23,Resigned,7860000,3.0,3.0,1034
5313,Rina Saragih,Male,5,Lead,Surabaya,Permanent,2021-12-04,,Active,40580000,4.1,2.9,4975
5314,Kardi Fujiati,Female,9,Senior,Bandung,Permanent,2021-03-19,,Active,29480000,2.5,1.7,4565
5315,"Taufik Sinaga, M.Farm",Female,9,Senior,Surabaya,Permanent,2016-11-28,,Active,26770000,4.1,2.7,4858
5316,Mahmud Pangestu,Female,3,Lead,Medan,Permanent,2016-02-20,,Active,57590000,3.1,5.0,1761
5317,Diana Agustina,Female,3,Lead,Jakarta,Permanent,2021-11-23,2022-07-29,Resigned,54420000,3.3,4.9,2456
5318,Sutan Gada Samosir,Male,8,Senior,Jakarta,Permanent,2020-12-07,,Active,34800000,4.0,3.7,4242
5319,Emin Purnawati,Male,5,Mid,Surabaya,Permanent,2017-11-24,,Active,21690000,3.8,2.9,3932
5320,"Jail Palastri, S.E.",Male,1,Senior,Bandung,Permanent,2023-07-30,,Active,40890000,3.3,3.8,4150
5321,Violet Fujiati,Male,9,Manager,Medan,Permanent,2018-05-03,,Active,48590000,3.7,4.1,5095
5322,Cahyo Novitasari,Female,3,Lead,Yogyakarta,Permanent,2016-04-04,,Active,65600000,4.3,2.8,1747
5323,Talia Sihotang,Female,2,Mid,Medan,Permanent,2022-11-16,,Active,28900000,5.0,4.0,4219
5324,Ir. Narji Tamba,Female,2,Mid,Medan,Permanent,2018-03-31,,Active,26300000,2.7,2.5,4579
5325,Kamila Aryani,Female,1,Mid,Medan,Permanent,2017-08-05,,Active,27650000,4.5,3.6,1241
5326,Lili Zulkarnain,Male,10,Senior,Yogyakarta,Permanent,2016-05-26,,Active,28120000,4.1,3.5,2971
5327,Ana Purwanti,Male,9,Junior,Medan,Probation,2022-09-20,2024-09-02,Resigned,11740000,2.5,3.5,4486
5328,Yusuf Andriani,Female,4,Mid,Medan,Permanent,2015-06-03,,Active,28710000,3.3,4.2,2043
5329,Perkasa Mandala,Male,1,Mid,Jakarta,Permanent,2024-02-09,,Active,26430000,3.0,5.0,2084
5330,Tgk. Winda Prasasta,Male,1,Mid,Bandung,Permanent,2020-05-19,,Active,31860000,4.3,3.3,4026
5331,Drs. Kasiyah Mahendra,Female,5,Junior,Jakarta,Permanent,2017-01-23,,Active,15140000,3.9,2.9,1280
5332,Drs. Padmi Sihombing,Male,9,Mid,Yogyakarta,Permanent,2019-12-29,,Active,20790000,2.6,4.0,5466
5333,Perkasa Wijaya,Male,3,Junior,Yogyakarta,Contract,2018-09-03,,Active,17600000,4.2,4.5,5154
5334,Hadi Winarsih,Male,1,Junior,Jakarta,Permanent,2016-02-20,,Active,20660000,3.1,3.2,4770
5335,Jail Maryati,Female,1,Mid,Yogyakarta,Permanent,2017-02-09,,Active,32740000,2.3,3.6,3854
5336,Zalindra Habibi,Female,6,Junior,Bandung,Permanent,2019-12-19,,Active,13350000,3.4,3.0,1836
5337,Asman Saputra,Female,6,Mid,Surabaya,Permanent,2021-08-08,,Active,22000000,2.2,3.7,1794
5338,"Hj. Cici Sitorus, M.Ak",Female,5,Senior,Medan,Permanent,2016-07-13,,Active,32340000,2.1,3.5,5203
5339,Rizki Siregar,Female,9,Mid,Surabaya,Probation,2022-01-20,,Active,18130000,3.8,3.8,4143
5340,Dr. Shakila Sitompul,Female,7,Senior,Medan,Permanent,2015-08-04,,Active,25840000,4.8,3.5,4815
5341,"Cut Dewi Padmasari, M.TI.",Male,6,Lead,Medan,Permanent,2022-09-25,2023-05-12,Resigned,33450000,3.8,4.1,1835
5342,"Tina Habibi, S.Kom",Female,1,Mid,Medan,Contract,2020-05-18,2020-12-18,Resigned,31090000,1.9,4.6,2539
5343,R.M. Kanda Lailasari,Female,9,Junior,Medan,Permanent,2016-11-01,2018-04-13,Resigned,12060000,3.9,4.3,5244
5344,Darmana Wulandari,Female,2,Mid,Surabaya,Permanent,2018-03-23,,Active,28840000,4.2,3.4,4289
5345,"Simon Mangunsong, S.Pd",Female,3,Junior,Remote,Permanent,2021-12-11,,Active,16790000,2.3,2.8,1668
5346,"Galang Ardianto, M.Kom.",Female,10,Mid,Bandung,Permanent,2021-07-15,,Active,16770000,2.7,4.2,2520
5347,R.A. Calista Hidayat,Female,5,Mid,Yogyakarta,Permanent,2024-03-28,,Active,17380000,4.2,3.4,4936
5348,Candra Suartini,Female,6,Lead,Medan,Permanent,2023-06-17,,Active,34720000,3.9,3.3,4992
5349,Karma Kuswoyo,Male,10,Mid,Remote,Permanent,2017-01-03,2022-06-12,Resigned,17880000,2.3,4.2,2730
5350,Damu Jailani,Male,2,Junior,Medan,Permanent,2024-03-12,2024-11-14,Resigned,14490000,4.7,3.4,1132
5351,Aisyah Mayasari,Female,10,Senior,Surabaya,Permanent,2015-12-02,,Active,25400000,4.6,2.3,4732
5352,Kania Hakim,Female,8,Intern,Jakarta,Contract,2017-12-11,,Active,8590000,2.2,4.9,1117
5353,Eja Waskita,Male,4,Mid,Bandung,Permanent,2019-10-09,,Active,26800000,3.2,4.3,1983
5354,Fitria Prakasa,Female,10,Senior,Bandung,Permanent,2020-11-13,,Active,29060000,4.0,2.8,2846
5355,"Drs. Hana Suryatmi, M.M.",Male,10,Junior,Surabaya,Permanent,2017-05-09,,Active,12690000,2.1,5.0,1807
5356,"Hj. Raisa Maheswara, S.Farm",Male,9,Mid,Medan,Probation,2023-09-11,2024-07-12,Resigned,16480000,3.8,3.4,5377
5357,Makara Damanik,Female,6,Junior,Surabaya,Probation,2024-05-10,,Active,13220000,3.5,3.6,4424
5358,Caket Wahyuni,Female,1,Mid,Remote,Contract,2021-06-19,2022-01-31,Resigned,28880000,2.1,3.0,2915
5359,Cawisono Melani,Male,5,Junior,Medan,Permanent,2024-05-06,2024-12-01,Resigned,14770000,3.8,3.2,4267
5360,"Tira Palastri, S.Kom",Female,5,Lead,Yogyakarta,Probation,2016-08-28,,Active,42750000,4.1,4.2,3201
5361,Natalia Siregar,Male,10,Senior,Surabaya,Permanent,2017-06-24,,Active,25180000,3.1,4.6,1405
5362,Salwa Januar,Female,3,Mid,Jakarta,Permanent,2023-05-08,,Active,25180000,3.2,3.8,3396
5363,Dr. Kartika Widiastuti,Female,7,Mid,Surabaya,Permanent,2023-05-26,2024-10-29,Resigned,14620000,4.0,4.2,1209
5364,Kania Winarno,Female,10,Lead,Jakarta,Permanent,2015-03-23,,Active,31590000,4.1,3.0,2720
5365,"Wirda Kurniawan, M.M.",Male,7,Senior,Jakarta,Permanent,2023-10-30,,Active,24030000,4.2,4.2,4839
5366,Yulia Anggraini,Male,2,Mid,Yogyakarta,Permanent,2024-07-25,,Active,24010000,3.8,3.7,3363
5367,Alambana Suryono,Female,6,Junior,Remote,Permanent,2018-12-02,,Active,13200000,4.3,3.2,4064
5368,Devi Pratiwi,Male,10,Mid,Medan,Contract,2022-09-27,,Active,18290000,3.5,2.3,2725
5369,Ajeng Prastuti,Male,9,Senior,Jakarta,Contract,2015-06-24,,Active,28640000,4.3,3.2,2455
5370,Ami Yuliarti,Female,8,Senior,Bandung,Permanent,2017-05-19,,Active,32840000,5.0,3.7,3789
5371,"Tugiman Wahyuni, M.Ak",Female,8,Mid,Medan,Permanent,2022-10-26,,Active,18830000,3.7,3.8,3129
5372,Azalea Thamrin,Female,5,Junior,Yogyakarta,Permanent,2023-06-30,,Active,14990000,3.3,3.6,1080
5373,Jarwa Haryanti,Female,2,Manager,Yogyakarta,Permanent,2020-09-18,,Active,66050000,3.3,4.4,3603
5374,Ajeng Manullang,Male,9,Senior,Medan,Permanent,2018-12-17,,Active,28670000,3.5,3.7,4581
5375,Olivia Mardhiyah,Male,7,Lead,Surabaya,Probation,2022-01-10,,Active,30890000,3.6,3.4,5494
5376,Gantar Novitasari,Female,10,Lead,Surabaya,Permanent,2016-01-06,,Active,32260000,4.8,3.8,2012
5377,Oliva Haryanto,Male,9,Senior,Yogyakarta,Contract,2015-12-19,,Active,32780000,4.1,2.8,3251
5378,Marwata Maryadi,Male,3,Senior,Bandung,Permanent,2021-07-23,,Active,48000000,3.5,3.3,5316
5379,Safina Pratiwi,Male,7,Senior,Bandung,Permanent,2016-02-19,,Active,22040000,3.8,3.3,2670
5380,Michelle Mandala,Male,6,Senior,Bandung,Permanent,2022-05-27,2024-04-26,Resigned,24540000,2.9,3.7,4917
5381,Violet Wahyuni,Male,10,Junior,Medan,Permanent,2020-02-15,2021-07-03,Resigned,11470000,4.0,3.0,2129
5382,Kania Hidayat,Female,6,Senior,Surabaya,Permanent,2019-08-06,2021-06-26,Resigned,31150000,3.1,4.2,4467
5383,"Hj. Novi Waluyo, M.Kom.",Male,8,Junior,Surabaya,Permanent,2019-03-28,,Active,15660000,5.0,2.9,3576
5384,Hj. Elvina Permata,Female,10,Mid,Medan,Probation,2015-11-10,2017-07-11,Resigned,18930000,5.0,2.0,2838
5385,"Ophelia Wahyuni, M.TI.",Female,4,Senior,Bandung,Permanent,2018-08-17,,Active,38160000,4.6,4.2,2529
5386,Diah Sinaga,Female,5,Mid,Jakarta,Probation,2019-08-05,,Active,21650000,3.4,3.8,3932
5387,Ir. Kamaria Padmasari,Male,10,Junior,Medan,Permanent,2015-06-03,2022-03-12,Resigned,12170000,2.5,1.7,2461
5388,drg. Betania Gunawan,Female,3,Senior,Yogyakarta,Permanent,2017-05-26,2019-06-29,Resigned,51940000,4.6,3.9,4490
5389,Simon Manullang,Female,3,Intern,Medan,Contract,2016-07-04,,Active,12900000,1.9,3.7,4904
5390,Bakti Widiastuti,Female,5,Mid,Surabaya,Permanent,2022-02-08,,Active,24150000,1.9,3.2,3019
5391,Jamil Wastuti,Male,9,Manager,Bandung,Probation,2021-08-21,,Active,43770000,3.8,3.8,5095
5392,Janet Pradipta,Female,1,Intern,Yogyakarta,Permanent,2021-06-13,,Active,10400000,2.0,4.0,1150
5393,"KH. Vero Prakasa, S.IP",Female,2,Lead,Remote,Contract,2022-10-18,,Active,56790000,3.3,3.4,3435
5394,Ozy Winarno,Male,8,Junior,Medan,Permanent,2021-05-22,,Active,17840000,2.7,2.8,4218
5395,"dr. Virman Haryanto, S.Gz",Female,5,Mid,Surabaya,Contract,2021-11-18,,Active,19880000,2.5,3.5,4856
5396,Tgk. Calista Firgantoro,Female,3,Mid,Bandung,Contract,2016-04-03,,Active,32440000,3.4,3.4,1179
5397,"Puti Maimunah Wahyudin, M.Ak",Female,2,Senior,Yogyakarta,Permanent,2021-01-11,,Active,39370000,3.7,2.9,5402
5398,"Saadat Dabukke, S.E.",Female,9,Junior,Bandung,Permanent,2016-05-19,,Active,14120000,2.6,2.4,2085
5399,Cici Hartati,Female,4,Mid,Medan,Probation,2024-01-15,,Active,22020000,2.3,4.8,3620
5400,Diana Uyainah,Male,4,Intern,Surabaya,Permanent,2023-06-30,,Active,7550000,3.4,2.0,2425
5401,Drs. Farah Napitupulu,Male,6,Mid,Bandung,Permanent,2017-04-11,,Active,22340000,2.9,2.6,2764
5402,Nurul Farida,Male,2,Lead,Medan,Permanent,2020-09-08,,Active,54360000,4.0,4.0,1109
5403,"Edison Prasetyo, S.Kom",Female,8,Senior,Bandung,Permanent,2020-09-28,,Active,34010000,4.4,3.1,2262
5404,"Elisa Fujiati, M.TI.",Female,1,Lead,Jakarta,Contract,2023-07-14,,Active,50780000,3.4,4.0,2433
5405,"KH. Dadi Irawan, M.Farm",Male,5,Senior,Medan,Permanent,2017-08-10,,Active,33420000,3.7,3.3,5473
5406,Lasmono Winarsih,Male,9,Mid,Remote,Contract,2018-11-30,,Active,18580000,3.8,2.9,4908
5407,Damu Firmansyah,Male,7,Junior,Yogyakarta,Permanent,2017-02-02,,Active,12680000,4.3,4.0,2081
5408,"R.M. Tugiman Ardianto, S.I.Kom",Female,4,Mid,Surabaya,Permanent,2023-10-31,2024-05-08,Resigned,21620000,1.9,4.4,1340
5409,"dr. Kasim Palastri, S.Pt",Male,3,Lead,Jakarta,Permanent,2024-09-02,,Active,62810000,3.3,3.3,1747
5410,Fitria Zulaika,Female,1,Junior,Jakarta,Permanent,2020-01-19,,Active,23000000,4.0,3.0,4649
5411,"Titi Yuniar, M.TI.",Female,10,Junior,Remote,Permanent,2015-09-29,2024-03-02,Resigned,12780000,3.4,4.6,3970
5412,Fitriani Pranowo,Female,3,Junior,Bandung,Permanent,2016-02-13,,Active,22060000,3.9,3.2,1616
5413,Dr. Olivia Thamrin,Male,6,Senior,Jakarta,Permanent,2024-06-03,,Active,25100000,3.1,3.1,4917
5414,Raina Purwanti,Female,6,Junior,Jakarta,Probation,2023-01-05,,Active,15030000,3.3,2.8,1250
5415,"R. Wani Hidayat, M.M.",Male,9,Mid,Medan,Probation,2016-08-13,,Active,21300000,3.8,3.6,1648
5416,Sari Waluyo,Male,6,Senior,Medan,Permanent,2021-08-02,,Active,27480000,3.9,3.3,2250
5417,"Puti Qori Hutapea, S.E.I",Female,5,Mid,Medan,Permanent,2017-11-13,,Active,23070000,4.2,3.7,3848
5418,"Dr. Emin Januar, S.IP",Male,8,Mid,Yogyakarta,Contract,2016-12-27,,Active,27360000,2.5,4.7,3986
5419,Gina Habibi,Male,1,Junior,Surabaya,Contract,2017-01-29,,Active,24980000,3.7,4.5,1330
5420,Drs. Julia Damanik,Male,7,Junior,Jakarta,Permanent,2016-12-07,,Active,11500000,4.4,2.8,4141
5421,Rizki Siregar,Male,1,Junior,Yogyakarta,Permanent,2015-05-26,,Active,20780000,3.2,4.1,4428
5422,"Tgk. Kayla Tamba, S.Pt",Male,10,Junior,Jakarta,Permanent,2022-09-17,,Active,12610000,3.1,3.7,3051
5423,"R. Irma Hutagalung, M.Pd",Male,2,Mid,Remote,Permanent,2021-02-15,,Active,26290000,3.3,3.8,3949
5424,R.A. Zulaikha Maryati,Male,8,Mid,Jakarta,Permanent,2016-09-12,,Active,25110000,3.6,2.8,2755
5425,Drs. Ira Wacana,Male,3,Senior,Yogyakarta,Permanent,2019-05-21,,Active,40320000,4.7,3.7,2142
5426,Cut Puji Kusumo,Male,1,Intern,Yogyakarta,Probation,2021-05-28,,Active,9880000,4.9,3.2,2521
5427,Dr. Hani Yolanda,Male,10,Mid,Yogyakarta,Permanent,2015-02-10,,Active,18680000,5.0,4.1,2147
5428,Anggabaya Sirait,Male,4,Senior,Bandung,Permanent,2015-09-03,2018-11-22,Resigned,40800000,3.0,3.3,1269
5429,Hana Pangestu,Male,7,Junior,Bandung,Permanent,2015-04-17,,Active,11130000,3.5,4.5,4769
5430,Vanesa Halim,Male,5,Senior,Jakarta,Permanent,2017-02-15,,Active,33900000,3.5,4.0,3851
5431,Damu Pudjiastuti,Male,5,Mid,Bandung,Permanent,2016-10-18,,Active,23010000,3.8,3.5,4002
5432,"dr. Usyi Wijayanti, S.Gz",Female,7,Senior,Yogyakarta,Contract,2021-05-08,2024-09-12,Resigned,22270000,4.0,3.5,1174
5433,Jumadi Hidayanto,Female,2,Mid,Jakarta,Contract,2020-07-23,2021-09-21,Resigned,24630000,3.0,3.2,3835
5434,"Drs. Utama Suryatmi, S.Gz",Female,5,Mid,Remote,Permanent,2018-07-19,,Active,22040000,4.4,4.3,4822
5435,Belinda Agustina,Female,3,Mid,Jakarta,Permanent,2023-11-20,2024-09-21,Resigned,30710000,3.6,3.8,5157
5436,Ir. Cindy Puspasari,Male,3,Mid,Yogyakarta,Permanent,2020-04-25,,Active,27420000,5.0,3.8,4135
5437,Diah Saputra,Male,8,Junior,Bandung,Permanent,2019-07-26,2020-11-13,Resigned,13970000,3.1,2.6,2717
5438,"Azalea Jailani, S.Gz",Female,10,Senior,Bandung,Permanent,2024-08-10,,Active,24530000,2.7,2.3,1808
5439,Ophelia Prasetyo,Male,10,Mid,Jakarta,Permanent,2016-01-16,,Active,18980000,4.1,3.4,2218
5440,"Gara Astuti, M.Kom.",Male,9,Lead,Surabaya,Permanent,2017-05-29,,Active,39230000,3.3,3.5,2546
5441,Violet Pradana,Male,7,Mid,Remote,Permanent,2023-03-20,,Active,14960000,4.7,2.5,4305
5442,Wadi Hakim,Female,4,Mid,Yogyakarta,Contract,2018-06-03,,Active,24460000,2.9,4.4,2765
5443,Prayitna Napitupulu,Female,6,Mid,Medan,Permanent,2024-11-27,,Active,17990000,2.0,4.5,3077
5444,Drs. Satya Wibowo,Male,5,Senior,Surabaya,Permanent,2019-09-20,,Active,32760000,4.0,4.9,4368
5445,"Mahdi Budiyanto, M.Pd",Male,1,Junior,Jakarta,Permanent,2016-06-18,,Active,21810000,3.6,3.3,3006
5446,Anastasia Wibisono,Female,1,Mid,Remote,Permanent,2023-01-28,,Active,28580000,4.0,2.7,2324
5447,"dr. Mursinin Mahendra, S.Farm",Female,2,Mid,Medan,Permanent,2024-04-11,,Active,22690000,3.4,3.8,4459
5448,"Maria Pudjiastuti, S.E.I",Male,9,Senior,Jakarta,Permanent,2019-04-15,2020-05-15,Resigned,28650000,3.7,3.1,5156
5449,Ismail Lazuardi,Male,4,Mid,Medan,Permanent,2018-08-02,,Active,24520000,3.6,3.8,3034
5450,dr. Kamila Nababan,Male,8,Intern,Medan,Contract,2016-11-30,,Active,8220000,2.4,3.9,3066
5451,Maya Hakim,Female,2,Junior,Medan,Contract,2023-03-20,,Active,18650000,1.8,2.6,4240
5452,Daru Iswahyudi,Female,8,Mid,Medan,Permanent,2020-05-15,,Active,24530000,3.2,3.7,2414
5453,Cut Ghaliyati Zulkarnain,Male,9,Senior,Jakarta,Contract,2017-05-26,,Active,26830000,4.3,2.8,1790
5454,"Umi Nasyiah, M.Farm",Female,3,Junior,Jakarta,Permanent,2018-07-01,,Active,20690000,3.1,4.3,5116
5455,Rama Budiman,Male,10,Junior,Medan,Probation,2019-12-01,,Active,12220000,2.0,3.8,2951
5456,"R.A. Yulia Hakim, S.Pt",Male,4,Mid,Medan,Contract,2021-05-31,2023-07-17,Resigned,22250000,3.7,3.4,5385
5457,Budi Farida,Male,6,Lead,Jakarta,Permanent,2015-12-18,,Active,36770000,3.9,3.6,4643
5458,Eko Gunawan,Male,4,Mid,Remote,Permanent,2019-05-29,,Active,21230000,2.7,4.2,3817
5459,Kamaria Suartini,Male,10,Intern,Bandung,Permanent,2023-10-23,,Active,5560000,3.5,4.4,5364
5460,"Tirtayasa Prasasta, S.Pd",Female,7,Senior,Yogyakarta,Probation,2020-09-19,,Active,23550000,5.0,2.8,3169
5461,Luluh Widodo,Male,10,Junior,Medan,Probation,2020-08-27,2022-05-27,Resigned,11410000,3.4,2.7,4981
5462,Sakura Maheswara,Female,6,Senior,Bandung,Permanent,2018-07-28,,Active,31850000,4.1,2.5,1351
5463,"Bahuwarna Hutagalung, S.T.",Male,10,Junior,Bandung,Permanent,2016-11-19,2019-03-30,Resigned,11870000,1.4,3.4,4732
5464,Sutan Jumari Tamba,Female,6,Senior,Bandung,Contract,2022-09-12,,Active,29520000,3.0,4.1,3707
5465,"R.A. Maimunah Sihombing, S.I.Kom",Female,4,Junior,Bandung,Permanent,2018-09-08,2021-07-06,Resigned,17850000,4.7,3.1,3143
5466,"Dr. Erik Yolanda, S.H.",Male,9,Head,Yogyakarta,Permanent,2015-03-16,,Active,63410000,2.9,3.4,
5467,T. Galuh Namaga,Female,4,Junior,Yogyakarta,Permanent,2023-05-05,,Active,13990000,5.0,3.1,3738
5468,R. Asmadi Situmorang,Male,6,Mid,Medan,Permanent,2021-11-12,2023-10-21,Resigned,21760000,3.6,4.0,4840
5469,Tiara Oktaviani,Male,3,Mid,Yogyakarta,Contract,2016-05-11,,Active,30190000,3.7,2.3,1949
5470,Indah Hutapea,Male,3,Junior,Jakarta,Permanent,2021-07-02,,Active,22640000,4.3,3.8,5425
5471,Viktor Mandala,Male,6,Lead,Remote,Permanent,2024-03-14,,Active,41460000,4.7,3.5,4643
5472,"Drs. Gina Samosir, M.Pd",Female,7,Senior,Remote,Permanent,2023-04-28,,Active,24730000,4.2,3.6,3168
5473,Banawi Wahyudin,Female,5,Lead,Jakarta,Permanent,2023-04-20,,Active,37880000,3.4,3.7,1297
5474,"Yulia Megantara, S.Gz",Female,9,Lead,Jakarta,Probation,2018-05-14,,Active,42000000,4.5,3.3,5466
5475,Nalar Farida,Female,5,Senior,Yogyakarta,Permanent,2020-05-20,,Active,32080000,3.6,4.3,3189
5476,"Prakosa Hasanah, S.IP",Male,8,Mid,Medan,Permanent,2015-04-05,,Active,24270000,3.6,3.1,1900
5477,Jamil Firmansyah,Male,5,Mid,Jakarta,Permanent,2017-10-17,,Active,22620000,2.5,4.7,3594
5478,Indah Rahmawati,Male,2,Mid,Jakarta,Permanent,2019-12-31,,Active,32210000,4.1,3.1,2892
5479,Ifa Hutasoit,Male,6,Mid,Remote,Permanent,2018-07-27,2023-03-15,Resigned,21840000,3.5,2.8,2586
5480,Estiawan Suryatmi,Male,3,Manager,Surabaya,Permanent,2023-07-07,,Active,65270000,3.1,3.5,2002
5481,Nilam Budiyanto,Male,10,Mid,Remote,Permanent,2017-02-13,,Active,18530000,4.1,3.2,1943
5482,"drg. Kiandra Handayani, S.Gz",Female,1,Junior,Bandung,Permanent,2017-04-13,,Active,23820000,3.6,3.5,3925
5483,Danang Wibowo,Female,5,Junior,Yogyakarta,Probation,2015-05-03,,Active,14430000,3.0,3.7,1440
5484,Maryanto Astuti,Female,6,Senior,Remote,Permanent,2018-03-06,,Active,31120000,2.2,4.3,4643
5485,Dt. Mitra Samosir,Female,6,Senior,Remote,Permanent,2019-11-05,,Active,32110000,4.7,2.6,4554
5486,Kemba Tampubolon,Male,6,Senior,Bandung,Permanent,2021-03-04,2021-10-02,Resigned,28040000,3.4,3.6,2687
5487,Upik Sudiati,Male,6,Mid,Bandung,Permanent,2022-09-21,,Active,20280000,4.1,3.1,5295
5488,"Tgk. Virman Saptono, M.Farm",Female,2,Mid,Surabaya,Probation,2021-09-09,,Active,27230000,3.0,3.1,3684
5489,Praba Dabukke,Male,1,Junior,Surabaya,Permanent,2019-05-21,2022-11-08,Resigned,20630000,3.1,3.0,1557
5490,Tari Oktaviani,Male,6,Junior,Surabaya,Contract,2020-07-28,,Active,13150000,3.3,3.0,4788
5491,Zelaya Aryani,Female,6,Head,Surabaya,Permanent,2017-07-20,,Active,68050000,4.4,3.4,
5492,"H. Wisnu Hakim, S.IP",Male,4,Manager,Bandung,Permanent,2019-08-13,,Active,52340000,3.7,4.0,1830
5493,dr. Wawan Wastuti,Female,7,Mid,Bandung,Permanent,2015-03-13,2016-08-31,Resigned,16880000,3.5,2.4,4919
5494,Zamira Nasyidah,Male,7,Manager,Jakarta,Permanent,2021-03-09,,Active,40400000,3.5,2.5,2112
5495,Lintang Pertiwi,Female,7,Mid,Remote,Probation,2015-10-12,,Active,16710000,4.3,3.7,5379
5496,"Qori Maryati, S.T.",Female,10,Junior,Jakarta,Contract,2021-05-01,2024-01-20,Resigned,11980000,3.0,3.6,4434
5497,Yosef Wibowo,Male,2,Junior,Bandung,Permanent,2020-03-18,,Active,20280000,3.7,3.9,2660
5498,Uli Prakasa,Female,8,Junior,Bandung,Permanent,2019-07-31,2020-07-19,Resigned,14640000,3.1,3.1,4209
5499,Umaya Budiman,Male,1,Senior,Remote,Contract,2020-02-21,2021-02-18,Resigned,46700000,3.8,3.4,3678
5500,Wirda Zulaika,Male,1,Junior,Bandung,Permanent,2017-04-01,,Active,21940000,3.0,4.5,5404
