goal_id,employee_id,goal_title,weight_pct,achievement_pct,period
1,1001,Cut regretted attrition,20,100.0,2024
2,1001,Cut regretted attrition,40,93.0,2024
3,1001,Improve eNPS,40,97.0,2024
4,1002,Improve NPS,30,69.0,2024
5,1002,Reduce churn,20,75.0,2024
6,1003,Improve data quality,40,98.0,2024
7,1003,Improve data quality,25,92.0,2024
8,1003,Improve data quality,25,96.0,2024
9,1004,Increase upsell,30,90.0,2024
10,1004,Reduce churn,25,71.0,2024
11,1004,Improve NPS,40,107.0,2024
12,1004,Increase upsell,25,84.0,2024
13,1005,Improve win rate,20,78.0,2024
14,1005,Grow pipeline,25,97.0,2024
15,1005,Hit quarterly quota,25,47.0,2024
16,1005,Expand key accounts,30,102.0,2024
17,1006,Improve data quality,40,88.0,2024
18,1006,Improve data quality,30,107.0,2024
19,1007,Improve retention,20,95.0,2024
20,1007,Improve retention,50,89.0,2024
21,1007,Run discovery interviews,25,105.0,2024
22,1007,Improve retention,50,102.0,2024
23,1008,Reduce churn,25,88.0,2024
24,1008,Improve NPS,25,102.0,2024
25,1008,Improve NPS,30,108.0,2024
26,1008,Cut response time,40,84.0,2024
27,1009,Launch campaign,40,101.0,2024
28,1009,Launch campaign,20,83.0,2024
29,1010,Close books faster,30,103.0,2024
30,1010,Improve forecast accuracy,30,88.0,2024
31,1010,Improve forecast accuracy,40,97.0,2024
32,1010,Close books faster,25,88.0,2024
33,1011,Automate reporting pipeline,40,121.0,2024
34,1011,Automate reporting pipeline,40,101.0,2024
35,1012,Grow qualified leads,25,84.0,2024
36,1012,Grow organic traffic,30,58.0,2024
37,1012,Launch campaign,30,99.0,2024
38,1013,Improve win rate,40,62.0,2024
39,1013,Expand key accounts,20,91.0,2024
40,1013,Grow pipeline,20,73.0,2024
41,1013,Grow pipeline,50,63.0,2024
42,1014,Improve usability score,25,96.0,2024
43,1014,Build design system,20,96.0,2024
44,1015,Improve eNPS,20,90.0,2024
45,1015,Improve eNPS,40,69.0,2024
46,1015,Reduce time-to-hire,25,101.0,2024
47,1016,Ship roadmap features,50,68.0,2024
48,1016,Ship roadmap features,20,81.0,2024
49,1017,Cut response time,30,86.0,2024
50,1017,Increase upsell,40,101.0,2024
51,1017,Increase upsell,25,92.0,2024
52,1018,Reduce time-to-hire,30,97.0,2024
53,1018,Improve eNPS,30,91.0,2024
54,1018,Improve eNPS,30,67.0,2024
55,1018,Cut regretted attrition,30,88.0,2024
56,1019,Grow pipeline,40,106.0,2024
57,1019,Grow pipeline,30,85.0,2024
58,1020,Reduce production incidents,40,72.0,2024
59,1020,Cut API latency,40,102.0,2024
60,1020,Improve test coverage,25,96.0,2024
61,1021,Improve data quality,40,94.0,2024
62,1021,Reduce query cost,25,78.0,2024
63,1022,Cut regretted attrition,50,80.0,2024
64,1022,Reduce time-to-hire,30,89.0,2024
65,1022,Cut regretted attrition,40,91.0,2024
66,1022,Reduce time-to-hire,20,97.0,2024
67,1023,Launch new module,25,65.0,2024
68,1023,Run discovery interviews,50,77.0,2024
69,1023,Run discovery interviews,25,83.0,2024
70,1023,Run discovery interviews,50,78.0,2024
71,1024,Grow pipeline,25,94.0,2024
72,1024,Grow pipeline,20,95.0,2024
73,1025,Reduce process cost,30,73.0,2024
74,1025,Reduce process cost,20,46.0,2024
75,1025,Reduce process cost,20,62.0,2024
76,1025,Reduce process cost,50,83.0,2024
77,1026,Grow organic traffic,40,91.0,2024
78,1026,Grow qualified leads,20,98.0,2024
79,1027,Hit quarterly quota,25,86.0,2024
80,1027,Hit quarterly quota,20,94.0,2024
81,1027,Grow pipeline,50,109.0,2024
82,1028,Increase upsell,30,101.0,2024
83,1028,Reduce churn,40,74.0,2024
84,1029,Cut API latency,25,66.0,2024
85,1029,Reduce production incidents,40,76.0,2024
86,1029,Ship roadmap features,20,107.0,2024
87,1030,Launch new module,25,92.0,2024
88,1030,Launch new module,50,75.0,2024
89,1030,Increase activation rate,50,73.0,2024
90,1030,Launch new module,50,73.0,2024
91,1031,Improve data quality,20,86.0,2024
92,1031,Automate reporting pipeline,30,80.0,2024
93,1031,Improve data quality,20,78.0,2024
94,1032,Automate reporting pipeline,25,121.0,2024
95,1032,Improve data quality,40,109.0,2024
96,1032,Automate reporting pipeline,20,87.0,2024
97,1033,Ship roadmap features,25,95.0,2024
98,1033,Ship roadmap features,40,83.0,2024
99,1033,Cut API latency,30,68.0,2024
100,1033,Ship roadmap features,40,82.0,2024
101,1034,Improve win rate,30,75.0,2024
102,1034,Improve win rate,40,83.0,2024
103,1035,Cut response time,25,90.0,2024
104,1035,Improve NPS,20,81.0,2024
105,1035,Cut response time,25,88.0,2024
106,1035,Improve NPS,25,82.0,2024
107,1036,Reduce overdue invoices,50,68.0,2024
108,1036,Reduce overdue invoices,20,103.0,2024
109,1036,Close books faster,25,109.0,2024
110,1036,Improve forecast accuracy,50,98.0,2024
111,1037,Improve SLA compliance,30,90.0,2024
112,1037,Reduce process cost,40,90.0,2024
113,1037,Automate manual workflow,40,85.0,2024
114,1037,Reduce process cost,50,79.0,2024
115,1038,Improve forecast accuracy,25,74.0,2024
116,1038,Reduce overdue invoices,30,92.0,2024
117,1038,Improve forecast accuracy,40,81.0,2024
118,1038,Close books faster,50,88.0,2024
119,1039,Automate reporting pipeline,40,74.0,2024
120,1039,Deliver self-serve dashboards,40,76.0,2024
121,1039,Improve data quality,30,81.0,2024
122,1040,Improve data quality,30,98.0,2024
123,1040,Reduce query cost,25,104.0,2024
124,1040,Reduce query cost,50,98.0,2024
125,1041,Improve retention,40,65.0,2024
126,1041,Run discovery interviews,50,66.0,2024
127,1041,Improve retention,20,58.0,2024
128,1042,Grow qualified leads,50,111.0,2024
129,1042,Launch campaign,40,92.0,2024
130,1042,Launch campaign,40,103.0,2024
131,1043,Build design system,20,79.0,2024
132,1043,Build design system,20,99.0,2024
133,1043,Redesign onboarding,50,115.0,2024
134,1044,Automate manual workflow,50,100.0,2024
135,1044,Reduce process cost,25,88.0,2024
136,1044,Automate manual workflow,30,103.0,2024
137,1044,Improve SLA compliance,40,102.0,2024
138,1045,Reduce production incidents,50,68.0,2024
139,1045,Ship roadmap features,50,74.0,2024
140,1045,Ship roadmap features,40,85.0,2024
141,1045,Reduce production incidents,40,105.0,2024
142,1046,Close books faster,40,100.0,2024
143,1046,Close books faster,20,119.0,2024
144,1046,Improve forecast accuracy,25,116.0,2024
145,1047,Improve SLA compliance,50,77.0,2024
146,1047,Reduce process cost,20,80.0,2024
147,1047,Reduce process cost,40,75.0,2024
148,1048,Automate manual workflow,40,83.0,2024
149,1048,Automate manual workflow,50,73.0,2024
150,1048,Improve SLA compliance,25,67.0,2024
151,1048,Improve SLA compliance,40,93.0,2024
152,1049,Increase upsell,40,88.0,2024
153,1049,Increase upsell,20,107.0,2024
154,1049,Improve NPS,40,98.0,2024
155,1050,Improve usability score,25,86.0,2024
156,1050,Redesign onboarding,25,55.0,2024
157,1050,Build design system,25,76.0,2024
158,1050,Improve usability score,30,84.0,2024
159,1051,Launch campaign,30,91.0,2024
160,1051,Grow qualified leads,40,94.0,2024
161,1052,Close books faster,50,104.0,2024
162,1052,Reduce overdue invoices,20,93.0,2024
163,1053,Improve test coverage,50,98.0,2024
164,1053,Reduce production incidents,50,87.0,2024
165,1053,Cut API latency,20,83.0,2024
166,1053,Reduce production incidents,40,114.0,2024
167,1054,Expand key accounts,40,95.0,2024
168,1054,Hit quarterly quota,30,87.0,2024
169,1055,Increase activation rate,40,76.0,2024
170,1055,Run discovery interviews,20,76.0,2024
171,1056,Grow qualified leads,40,84.0,2024
172,1056,Launch campaign,20,83.0,2024
173,1056,Launch campaign,25,86.0,2024
174,1056,Improve CAC,40,83.0,2024
175,1057,Cut regretted attrition,30,91.0,2024
176,1057,Cut regretted attrition,40,92.0,2024
177,1057,Cut regretted attrition,40,117.0,2024
178,1057,Improve eNPS,25,72.0,2024
179,1058,Increase upsell,40,82.0,2024
180,1058,Reduce churn,20,89.0,2024
181,1058,Increase upsell,20,95.0,2024
182,1058,Reduce churn,20,67.0,2024
183,1059,Improve SLA compliance,20,92.0,2024
184,1059,Automate manual workflow,40,105.0,2024
185,1059,Improve SLA compliance,20,98.0,2024
186,1059,Reduce process cost,50,77.0,2024
187,1060,Increase upsell,20,81.0,2024
188,1060,Improve NPS,20,72.0,2024
189,1060,Increase upsell,20,55.0,2024
190,1060,Improve NPS,30,70.0,2024
191,1061,Improve forecast accuracy,50,124.0,2024
192,1061,Improve forecast accuracy,25,130.0,2024
193,1061,Reduce overdue invoices,25,96.0,2024
194,1061,Reduce overdue invoices,50,101.0,2024
195,1062,Reduce time-to-hire,20,89.0,2024
196,1062,Reduce time-to-hire,25,100.0,2024
197,1063,Reduce process cost,30,92.0,2024
198,1063,Automate manual workflow,50,104.0,2024
199,1063,Reduce process cost,30,82.0,2024
200,1063,Automate manual workflow,40,92.0,2024
201,1064,Improve test coverage,25,90.0,2024
202,1064,Cut API latency,30,90.0,2024
203,1064,Cut API latency,30,94.0,2024
204,1064,Improve test coverage,25,92.0,2024
205,1065,Grow pipeline,40,76.0,2024
206,1065,Improve win rate,25,97.0,2024
207,1065,Hit quarterly quota,30,101.0,2024
208,1066,Reduce query cost,30,83.0,2024
209,1066,Automate reporting pipeline,30,83.0,2024
210,1067,Improve SLA compliance,40,63.0,2024
211,1067,Reduce process cost,20,89.0,2024
212,1067,Automate manual workflow,30,78.0,2024
213,1067,Improve SLA compliance,25,88.0,2024
214,1068,Run discovery interviews,50,83.0,2024
215,1068,Launch new module,40,76.0,2024
216,1069,Reduce query cost,50,72.0,2024
217,1069,Reduce query cost,40,89.0,2024
218,1069,Automate reporting pipeline,40,72.0,2024
219,1070,Increase upsell,30,104.0,2024
220,1070,Cut response time,20,91.0,2024
221,1071,Improve retention,50,130.0,2024
222,1071,Increase activation rate,30,100.0,2024
223,1071,Improve retention,50,92.0,2024
224,1072,Run discovery interviews,50,103.0,2024
225,1072,Increase activation rate,30,96.0,2024
226,1072,Improve retention,50,93.0,2024
227,1072,Increase activation rate,50,93.0,2024
228,1073,Reduce time-to-hire,30,117.0,2024
229,1073,Cut regretted attrition,40,114.0,2024
230,1074,Improve retention,20,115.0,2024
231,1074,Improve retention,40,116.0,2024
232,1075,Improve test coverage,30,78.0,2024
233,1075,Reduce production incidents,50,96.0,2024
234,1075,Cut API latency,25,94.0,2024
235,1076,Increase upsell,30,82.0,2024
236,1076,Improve NPS,30,72.0,2024
237,1077,Improve eNPS,50,88.0,2024
238,1077,Reduce time-to-hire,20,91.0,2024
239,1078,Grow qualified leads,20,69.0,2024
240,1078,Launch campaign,20,44.0,2024
241,1079,Deliver self-serve dashboards,40,88.0,2024
242,1079,Reduce query cost,50,68.0,2024
243,1079,Deliver self-serve dashboards,50,96.0,2024
244,1079,Improve data quality,25,83.0,2024
245,1080,Grow pipeline,30,89.0,2024
246,1080,Expand key accounts,20,73.0,2024
247,1081,Improve data quality,20,79.0,2024
248,1081,Reduce query cost,25,83.0,2024
249,1081,Deliver self-serve dashboards,50,80.0,2024
250,1081,Automate reporting pipeline,20,82.0,2024
251,1082,Close books faster,40,91.0,2024
252,1082,Improve forecast accuracy,25,95.0,2024
253,1083,Expand key accounts,25,55.0,2024
254,1083,Hit quarterly quota,30,79.0,2024
255,1083,Improve win rate,30,84.0,2024
256,1084,Redesign onboarding,50,93.0,2024
257,1084,Improve usability score,40,93.0,2024
258,1084,Improve usability score,20,72.0,2024
259,1084,Improve usability score,50,65.0,2024
260,1085,Improve SLA compliance,30,110.0,2024
261,1085,Reduce process cost,30,87.0,2024
262,1086,Improve test coverage,40,90.0,2024
263,1086,Improve test coverage,40,90.0,2024
264,1086,Reduce production incidents,30,107.0,2024
265,1086,Ship roadmap features,50,80.0,2024
266,1087,Cut API latency,20,73.0,2024
267,1087,Cut API latency,50,82.0,2024
268,1088,Reduce overdue invoices,40,90.0,2024
269,1088,Close books faster,20,66.0,2024
270,1088,Improve forecast accuracy,40,68.0,2024
271,1089,Grow organic traffic,25,90.0,2024
272,1089,Grow organic traffic,30,98.0,2024
273,1090,Redesign onboarding,30,86.0,2024
274,1090,Build design system,25,90.0,2024
275,1090,Improve usability score,25,84.0,2024
276,1090,Build design system,40,73.0,2024
277,1091,Improve usability score,50,66.0,2024
278,1091,Improve usability score,50,76.0,2024
279,1091,Build design system,50,80.0,2024
280,1092,Cut regretted attrition,40,104.0,2024
281,1092,Improve eNPS,30,86.0,2024
282,1092,Improve eNPS,30,87.0,2024
283,1092,Improve eNPS,50,92.0,2024
284,1093,Expand key accounts,30,81.0,2024
285,1093,Hit quarterly quota,25,101.0,2024
286,1093,Improve win rate,20,57.0,2024
287,1094,Improve usability score,25,78.0,2024
288,1094,Improve usability score,50,108.0,2024
289,1095,Improve CAC,40,84.0,2024
290,1095,Grow qualified leads,30,73.0,2024
291,1095,Grow organic traffic,25,92.0,2024
292,1095,Grow organic traffic,30,112.0,2024
293,1096,Grow qualified leads,50,118.0,2024
294,1096,Improve CAC,30,70.0,2024
295,1096,Grow organic traffic,25,78.0,2024
296,1096,Grow qualified leads,20,97.0,2024
297,1097,Reduce process cost,50,77.0,2024
298,1097,Reduce process cost,30,68.0,2024
299,1098,Cut regretted attrition,25,128.0,2024
300,1098,Improve eNPS,30,99.0,2024
301,1098,Improve eNPS,20,104.0,2024
302,1099,Launch campaign,40,94.0,2024
303,1099,Grow organic traffic,25,85.0,2024
304,1100,Improve SLA compliance,25,85.0,2024
305,1100,Improve SLA compliance,40,102.0,2024
306,1100,Improve SLA compliance,40,95.0,2024
307,1100,Reduce process cost,50,104.0,2024
308,1101,Increase activation rate,30,95.0,2024
309,1101,Launch new module,20,49.0,2024
310,1101,Run discovery interviews,20,74.0,2024
311,1102,Improve usability score,25,51.0,2024
312,1102,Build design system,30,57.0,2024
313,1103,Redesign onboarding,20,66.0,2024
314,1103,Redesign onboarding,40,83.0,2024
315,1104,Redesign onboarding,40,70.0,2024
316,1104,Redesign onboarding,50,74.0,2024
317,1104,Build design system,25,71.0,2024
318,1104,Build design system,30,65.0,2024
319,1105,Improve win rate,40,62.0,2024
320,1105,Grow pipeline,20,64.0,2024
321,1105,Hit quarterly quota,25,83.0,2024
322,1106,Grow qualified leads,25,102.0,2024
323,1106,Grow qualified leads,40,94.0,2024
324,1106,Improve CAC,50,100.0,2024
325,1106,Grow organic traffic,50,114.0,2024
326,1107,Improve eNPS,40,109.0,2024
327,1107,Reduce time-to-hire,30,130.0,2024
328,1108,Improve win rate,30,84.0,2024
329,1108,Improve win rate,50,98.0,2024
330,1108,Expand key accounts,40,84.0,2024
331,1108,Grow pipeline,30,85.0,2024
332,1109,Deliver self-serve dashboards,30,110.0,2024
333,1109,Automate reporting pipeline,50,83.0,2024
334,1109,Automate reporting pipeline,25,108.0,2024
335,1110,Ship roadmap features,30,93.0,2024
336,1110,Ship roadmap features,20,91.0,2024
337,1110,Ship roadmap features,50,79.0,2024
338,1110,Cut API latency,40,96.0,2024
339,1111,Grow qualified leads,30,90.0,2024
340,1111,Launch campaign,40,100.0,2024
341,1111,Launch campaign,25,86.0,2024
342,1111,Improve CAC,50,121.0,2024
343,1112,Cut API latency,20,80.0,2024
344,1112,Improve test coverage,25,93.0,2024
345,1112,Reduce production incidents,25,66.0,2024
346,1113,Improve usability score,25,74.0,2024
347,1113,Improve usability score,25,94.0,2024
348,1114,Automate manual workflow,50,96.0,2024
349,1114,Reduce process cost,20,87.0,2024
350,1114,Automate manual workflow,25,91.0,2024
351,1114,Improve SLA compliance,25,79.0,2024
352,1115,Redesign onboarding,40,84.0,2024
353,1115,Build design system,50,90.0,2024
354,1116,Deliver self-serve dashboards,25,101.0,2024
355,1116,Reduce query cost,40,107.0,2024
356,1116,Reduce query cost,25,98.0,2024
357,1117,Reduce overdue invoices,30,92.0,2024
358,1117,Close books faster,40,85.0,2024
359,1117,Close books faster,50,74.0,2024
360,1118,Automate manual workflow,40,101.0,2024
361,1118,Improve SLA compliance,25,116.0,2024
362,1118,Improve SLA compliance,20,110.0,2024
363,1119,Cut response time,40,103.0,2024
364,1119,Improve NPS,30,98.0,2024
365,1119,Cut response time,20,96.0,2024
366,1119,Reduce churn,40,92.0,2024
367,1120,Improve NPS,25,100.0,2024
368,1120,Increase upsell,30,96.0,2024
369,1121,Improve retention,40,85.0,2024
370,1121,Launch new module,30,80.0,2024
371,1121,Run discovery interviews,25,87.0,2024
372,1121,Launch new module,25,83.0,2024
373,1122,Cut API latency,20,78.0,2024
374,1122,Reduce production incidents,30,93.0,2024
375,1122,Improve test coverage,25,94.0,2024
376,1123,Improve win rate,50,103.0,2024
377,1123,Expand key accounts,25,109.0,2024
378,1123,Hit quarterly quota,25,106.0,2024
379,1124,Close books faster,25,86.0,2024
380,1124,Close books faster,50,53.0,2024
381,1124,Improve forecast accuracy,40,68.0,2024
382,1125,Deliver self-serve dashboards,25,87.0,2024
383,1125,Deliver self-serve dashboards,20,76.0,2024
384,1126,Redesign onboarding,30,80.0,2024
385,1126,Build design system,30,73.0,2024
386,1126,Build design system,40,72.0,2024
387,1126,Improve usability score,50,83.0,2024
388,1127,Launch new module,50,114.0,2024
389,1127,Run discovery interviews,40,122.0,2024
390,1127,Increase activation rate,30,100.0,2024
391,1127,Increase activation rate,20,103.0,2024
392,1128,Cut API latency,50,58.0,2024
393,1128,Reduce production incidents,30,53.0,2024
394,1128,Cut API latency,30,75.0,2024
395,1129,Cut regretted attrition,40,75.0,2024
396,1129,Reduce time-to-hire,50,70.0,2024
397,1129,Improve eNPS,30,76.0,2024
398,1130,Grow qualified leads,30,97.0,2024
399,1130,Launch campaign,50,109.0,2024
400,1130,Launch campaign,40,124.0,2024
401,1131,Ship roadmap features,25,80.0,2024
402,1131,Ship roadmap features,25,85.0,2024
403,1131,Reduce production incidents,25,90.0,2024
404,1132,Deliver self-serve dashboards,30,64.0,2024
405,1132,Reduce query cost,40,105.0,2024
406,1132,Automate reporting pipeline,20,80.0,2024
407,1133,Expand key accounts,25,86.0,2024
408,1133,Grow pipeline,50,87.0,2024
409,1133,Improve win rate,30,66.0,2024
410,1133,Improve win rate,25,100.0,2024
411,1134,Launch campaign,20,87.0,2024
412,1134,Grow organic traffic,40,79.0,2024
413,1134,Grow qualified leads,50,113.0,2024
414,1135,Improve win rate,25,86.0,2024
415,1135,Hit quarterly quota,20,97.0,2024
416,1135,Grow pipeline,20,69.0,2024
417,1135,Grow pipeline,25,90.0,2024
418,1136,Automate manual workflow,20,116.0,2024
419,1136,Automate manual workflow,20,102.0,2024
420,1136,Improve SLA compliance,50,112.0,2024
421,1136,Reduce process cost,20,86.0,2024
422,1137,Grow pipeline,50,95.0,2024
423,1137,Grow pipeline,25,105.0,2024
424,1137,Improve win rate,40,111.0,2024
425,1138,Increase activation rate,30,77.0,2024
426,1138,Increase activation rate,20,106.0,2024
427,1138,Increase activation rate,20,92.0,2024
428,1138,Improve retention,25,84.0,2024
429,1139,Cut API latency,30,99.0,2024
430,1139,Ship roadmap features,30,87.0,2024
431,1140,Improve eNPS,20,66.0,2024
432,1140,Reduce time-to-hire,40,65.0,2024
433,1140,Improve eNPS,25,47.0,2024
434,1141,Improve eNPS,20,100.0,2024
435,1141,Improve eNPS,40,86.0,2024
436,1141,Improve eNPS,50,93.0,2024
437,1141,Improve eNPS,50,82.0,2024
438,1142,Run discovery interviews,50,93.0,2024
439,1142,Improve retention,30,96.0,2024
440,1142,Run discovery interviews,30,73.0,2024
441,1143,Reduce process cost,50,93.0,2024
442,1143,Automate manual workflow,30,98.0,2024
443,1143,Reduce process cost,20,93.0,2024
444,1143,Reduce process cost,30,82.0,2024
445,1144,Improve CAC,40,79.0,2024
446,1144,Improve CAC,50,60.0,2024
447,1144,Grow qualified leads,40,54.0,2024
448,1144,Grow qualified leads,30,64.0,2024
449,1145,Improve retention,30,70.0,2024
450,1145,Increase activation rate,50,86.0,2024
451,1145,Launch new module,50,86.0,2024
452,1145,Improve retention,25,83.0,2024
453,1146,Improve retention,25,80.0,2024
454,1146,Improve retention,25,83.0,2024
455,1146,Increase activation rate,40,92.0,2024
456,1146,Launch new module,20,73.0,2024
457,1147,Improve usability score,30,102.0,2024
458,1147,Redesign onboarding,20,106.0,2024
459,1147,Improve usability score,25,85.0,2024
460,1148,Improve win rate,30,74.0,2024
461,1148,Expand key accounts,30,83.0,2024
462,1149,Launch campaign,30,103.0,2024
463,1149,Improve CAC,20,69.0,2024
464,1149,Improve CAC,20,85.0,2024
465,1149,Improve CAC,40,91.0,2024
466,1150,Cut API latency,50,79.0,2024
467,1150,Improve test coverage,40,95.0,2024
468,1150,Ship roadmap features,20,98.0,2024
469,1150,Ship roadmap features,30,60.0,2024
470,1151,Close books faster,30,93.0,2024
471,1151,Reduce overdue invoices,25,86.0,2024
472,1152,Reduce churn,25,120.0,2024
473,1152,Increase upsell,30,125.0,2024
474,1153,Cut regretted attrition,25,84.0,2024
475,1153,Cut regretted attrition,25,74.0,2024
476,1154,Redesign onboarding,30,79.0,2024
477,1154,Improve usability score,20,46.0,2024
478,1154,Improve usability score,30,85.0,2024
479,1155,Launch new module,20,78.0,2024
480,1155,Increase activation rate,30,103.0,2024
481,1156,Improve NPS,30,71.0,2024
482,1156,Cut response time,50,90.0,2024
483,1156,Increase upsell,50,66.0,2024
484,1156,Reduce churn,20,93.0,2024
485,1157,Improve forecast accuracy,50,95.0,2024
486,1157,Improve forecast accuracy,20,111.0,2024
487,1157,Close books faster,25,100.0,2024
488,1158,Improve retention,30,116.0,2024
489,1158,Run discovery interviews,20,101.0,2024
490,1159,Automate manual workflow,50,79.0,2024
491,1159,Improve SLA compliance,20,93.0,2024
492,1160,Improve win rate,25,81.0,2024
493,1160,Improve win rate,50,76.0,2024
494,1161,Increase upsell,40,88.0,2024
495,1161,Reduce churn,25,129.0,2024
496,1161,Improve NPS,50,83.0,2024
497,1161,Cut response time,25,109.0,2024
498,1162,Cut API latency,50,104.0,2024
499,1162,Cut API latency,20,109.0,2024
500,1162,Ship roadmap features,40,112.0,2024
501,1163,Improve eNPS,25,83.0,2024
502,1163,Reduce time-to-hire,20,74.0,2024
503,1164,Increase activation rate,25,95.0,2024
504,1164,Increase activation rate,25,104.0,2024
505,1165,Reduce production incidents,25,94.0,2024
506,1165,Reduce production incidents,20,78.0,2024
507,1165,Improve test coverage,50,80.0,2024
508,1165,Improve test coverage,50,64.0,2024
509,1166,Improve SLA compliance,50,78.0,2024
510,1166,Automate manual workflow,50,82.0,2024
511,1167,Automate reporting pipeline,50,102.0,2024
512,1167,Reduce query cost,40,90.0,2024
513,1168,Launch campaign,25,109.0,2024
514,1168,Improve CAC,20,83.0,2024
515,1168,Grow qualified leads,50,108.0,2024
516,1169,Grow qualified leads,50,105.0,2024
517,1169,Improve CAC,20,84.0,2024
518,1169,Improve CAC,25,96.0,2024
519,1169,Launch campaign,40,111.0,2024
520,1170,Improve CAC,20,84.0,2024
521,1170,Grow organic traffic,25,97.0,2024
522,1170,Improve CAC,40,88.0,2024
523,1170,Grow organic traffic,40,80.0,2024
524,1171,Launch campaign,20,87.0,2024
525,1171,Grow organic traffic,20,118.0,2024
526,1172,Improve CAC,50,118.0,2024
527,1172,Grow qualified leads,50,100.0,2024
528,1173,Improve usability score,40,93.0,2024
529,1173,Build design system,20,115.0,2024
530,1174,Reduce churn,20,81.0,2024
531,1174,Improve NPS,25,118.0,2024
532,1174,Improve NPS,20,83.0,2024
533,1175,Improve win rate,30,78.0,2024
534,1175,Improve win rate,40,70.0,2024
535,1176,Grow organic traffic,20,72.0,2024
536,1176,Launch campaign,50,72.0,2024
537,1177,Cut API latency,30,65.0,2024
538,1177,Reduce production incidents,40,85.0,2024
539,1177,Cut API latency,30,69.0,2024
540,1178,Improve data quality,30,52.0,2024
541,1178,Reduce query cost,25,67.0,2024
542,1178,Improve data quality,20,63.0,2024
543,1178,Reduce query cost,25,80.0,2024
544,1179,Run discovery interviews,20,108.0,2024
545,1179,Launch new module,40,94.0,2024
546,1180,Grow qualified leads,20,100.0,2024
547,1180,Grow qualified leads,30,83.0,2024
548,1180,Grow organic traffic,20,89.0,2024
549,1180,Improve CAC,50,88.0,2024
550,1181,Improve forecast accuracy,25,96.0,2024
551,1181,Close books faster,40,70.0,2024
552,1181,Improve forecast accuracy,40,75.0,2024
553,1181,Close books faster,20,93.0,2024
554,1182,Automate manual workflow,50,112.0,2024
555,1182,Reduce process cost,40,128.0,2024
556,1182,Automate manual workflow,40,112.0,2024
557,1183,Ship roadmap features,25,107.0,2024
558,1183,Ship roadmap features,25,92.0,2024
559,1183,Cut API latency,20,90.0,2024
560,1184,Improve eNPS,20,65.0,2024
561,1184,Cut regretted attrition,30,62.0,2024
562,1185,Hit quarterly quota,20,96.0,2024
563,1185,Expand key accounts,20,129.0,2024
564,1185,Improve win rate,20,94.0,2024
565,1185,Expand key accounts,25,105.0,2024
566,1186,Launch new module,25,94.0,2024
567,1186,Improve retention,25,94.0,2024
568,1187,Improve forecast accuracy,30,109.0,2024
569,1187,Reduce overdue invoices,40,99.0,2024
570,1188,Increase upsell,50,81.0,2024
571,1188,Improve NPS,50,96.0,2024
572,1188,Improve NPS,25,103.0,2024
573,1189,Increase upsell,50,71.0,2024
574,1189,Reduce churn,50,90.0,2024
575,1189,Cut response time,25,63.0,2024
576,1190,Increase upsell,50,81.0,2024
577,1190,Improve NPS,30,91.0,2024
578,1191,Improve eNPS,30,95.0,2024
579,1191,Improve eNPS,30,91.0,2024
580,1191,Reduce time-to-hire,25,87.0,2024
581,1191,Cut regretted attrition,20,117.0,2024
582,1192,Cut API latency,20,54.0,2024
583,1192,Ship roadmap features,30,81.0,2024
584,1192,Ship roadmap features,25,83.0,2024
585,1192,Cut API latency,40,68.0,2024
586,1193,Improve usability score,25,103.0,2024
587,1193,Improve usability score,40,109.0,2024
588,1193,Redesign onboarding,40,102.0,2024
589,1193,Improve usability score,25,81.0,2024
590,1194,Launch new module,50,113.0,2024
591,1194,Increase activation rate,20,113.0,2024
592,1195,Ship roadmap features,40,79.0,2024
593,1195,Improve test coverage,40,97.0,2024
594,1195,Improve test coverage,50,83.0,2024
595,1196,Cut API latency,40,95.0,2024
596,1196,Improve test coverage,50,96.0,2024
597,1196,Cut API latency,40,91.0,2024
598,1197,Increase upsell,20,106.0,2024
599,1197,Cut response time,25,116.0,2024
600,1197,Cut response time,20,94.0,2024
601,1197,Improve NPS,20,101.0,2024
602,1198,Grow pipeline,20,61.0,2024
603,1198,Expand key accounts,30,68.0,2024
604,1198,Improve win rate,25,79.0,2024
605,1199,Grow organic traffic,40,80.0,2024
606,1199,Grow organic traffic,20,81.0,2024
607,1199,Grow qualified leads,30,53.0,2024
608,1199,Launch campaign,50,79.0,2024
609,1200,Reduce churn,50,72.0,2024
610,1200,Reduce churn,20,104.0,2024
611,1200,Increase upsell,30,104.0,2024
612,1201,Reduce process cost,40,80.0,2024
613,1201,Improve SLA compliance,50,81.0,2024
614,1202,Improve usability score,30,82.0,2024
615,1202,Improve usability score,25,75.0,2024
616,1203,Cut response time,20,116.0,2024
617,1203,Reduce churn,40,94.0,2024
618,1203,Cut response time,20,100.0,2024
619,1203,Reduce churn,30,77.0,2024
620,1204,Close books faster,25,81.0,2024
621,1204,Improve forecast accuracy,20,103.0,2024
622,1204,Close books faster,50,92.0,2024
623,1205,Improve SLA compliance,40,92.0,2024
624,1205,Automate manual workflow,20,54.0,2024
625,1205,Reduce process cost,30,63.0,2024
626,1205,Reduce process cost,30,90.0,2024
627,1206,Improve retention,30,88.0,2024
628,1206,Launch new module,40,64.0,2024
629,1206,Launch new module,40,74.0,2024
630,1207,Deliver self-serve dashboards,25,76.0,2024
631,1207,Reduce query cost,40,91.0,2024
632,1207,Automate reporting pipeline,30,90.0,2024
633,1207,Automate reporting pipeline,25,83.0,2024
634,1208,Automate manual workflow,30,106.0,2024
635,1208,Automate manual workflow,30,85.0,2024
636,1208,Reduce process cost,30,79.0,2024
637,1209,Increase upsell,40,85.0,2024
638,1209,Cut response time,20,111.0,2024
639,1209,Reduce churn,25,97.0,2024
640,1209,Reduce churn,20,108.0,2024
641,1210,Reduce query cost,25,97.0,2024
642,1210,Improve data quality,40,126.0,2024
643,1211,Launch new module,50,80.0,2024
644,1211,Run discovery interviews,50,110.0,2024
645,1212,Improve eNPS,25,68.0,2024
646,1212,Cut regretted attrition,20,88.0,2024
647,1212,Cut regretted attrition,40,109.0,2024
648,1213,Reduce time-to-hire,40,75.0,2024
649,1213,Cut regretted attrition,25,53.0,2024
650,1213,Cut regretted attrition,30,73.0,2024
651,1213,Cut regretted attrition,20,66.0,2024
652,1214,Improve eNPS,40,75.0,2024
653,1214,Reduce time-to-hire,50,110.0,2024
654,1214,Reduce time-to-hire,30,96.0,2024
655,1214,Reduce time-to-hire,50,89.0,2024
656,1215,Reduce time-to-hire,40,66.0,2024
657,1215,Cut regretted attrition,30,109.0,2024
658,1215,Reduce time-to-hire,50,91.0,2024
659,1215,Reduce time-to-hire,20,77.0,2024
660,1216,Expand key accounts,30,103.0,2024
661,1216,Hit quarterly quota,25,98.0,2024
662,1217,Automate manual workflow,30,88.0,2024
663,1217,Automate manual workflow,30,73.0,2024
664,1217,Improve SLA compliance,40,94.0,2024
665,1218,Improve SLA compliance,20,80.0,2024
666,1218,Automate manual workflow,40,74.0,2024
667,1218,Improve SLA compliance,40,95.0,2024
668,1219,Launch campaign,50,95.0,2024
669,1219,Launch campaign,20,72.0,2024
670,1219,Launch campaign,25,70.0,2024
671,1219,Launch campaign,30,77.0,2024
672,1220,Reduce query cost,40,79.0,2024
673,1220,Deliver self-serve dashboards,30,96.0,2024
674,1220,Improve data quality,20,107.0,2024
675,1221,Expand key accounts,30,107.0,2024
676,1221,Expand key accounts,25,88.0,2024
677,1221,Expand key accounts,30,106.0,2024
678,1221,Grow pipeline,50,88.0,2024
679,1222,Redesign onboarding,20,118.0,2024
680,1222,Build design system,20,114.0,2024
681,1223,Expand key accounts,25,80.0,2024
682,1223,Improve win rate,30,90.0,2024
683,1223,Expand key accounts,50,93.0,2024
684,1223,Improve win rate,30,91.0,2024
685,1224,Launch new module,25,81.0,2024
686,1224,Improve retention,20,80.0,2024
687,1224,Run discovery interviews,25,94.0,2024
688,1224,Launch new module,25,88.0,2024
689,1225,Improve forecast accuracy,50,76.0,2024
690,1225,Reduce overdue invoices,40,95.0,2024
691,1225,Reduce overdue invoices,20,96.0,2024
692,1226,Improve usability score,20,98.0,2024
693,1226,Redesign onboarding,20,120.0,2024
694,1226,Build design system,20,98.0,2024
695,1226,Build design system,50,112.0,2024
696,1227,Improve SLA compliance,50,89.0,2024
697,1227,Reduce process cost,30,102.0,2024
698,1228,Run discovery interviews,20,91.0,2024
699,1228,Launch new module,20,109.0,2024
700,1228,Improve retention,50,119.0,2024
701,1229,Improve win rate,20,93.0,2024
702,1229,Improve win rate,25,91.0,2024
703,1229,Grow pipeline,30,93.0,2024
704,1230,Reduce process cost,25,86.0,2024
705,1230,Automate manual workflow,25,92.0,2024
706,1230,Automate manual workflow,25,88.0,2024
707,1230,Reduce process cost,25,97.0,2024
708,1231,Run discovery interviews,30,88.0,2024
709,1231,Run discovery interviews,40,86.0,2024
710,1231,Increase activation rate,25,105.0,2024
711,1231,Increase activation rate,25,99.0,2024
712,1232,Deliver self-serve dashboards,40,99.0,2024
713,1232,Deliver self-serve dashboards,40,94.0,2024
714,1232,Reduce query cost,20,108.0,2024
715,1233,Increase upsell,50,83.0,2024
716,1233,Improve NPS,20,110.0,2024
717,1234,Reduce query cost,20,78.0,2024
718,1234,Deliver self-serve dashboards,20,73.0,2024
719,1234,Automate reporting pipeline,40,73.0,2024
720,1234,Automate reporting pipeline,20,69.0,2024
721,1235,Reduce churn,20,117.0,2024
722,1235,Increase upsell,40,96.0,2024
723,1235,Increase upsell,30,90.0,2024
724,1236,Automate reporting pipeline,20,80.0,2024
725,1236,Improve data quality,20,78.0,2024
726,1236,Reduce query cost,30,107.0,2024
727,1237,Improve data quality,30,119.0,2024
728,1237,Reduce query cost,25,123.0,2024
729,1237,Deliver self-serve dashboards,25,117.0,2024
730,1238,Cut API latency,40,66.0,2024
731,1238,Improve test coverage,50,63.0,2024
732,1239,Improve usability score,40,94.0,2024
733,1239,Build design system,20,100.0,2024
734,1239,Redesign onboarding,40,83.0,2024
735,1239,Improve usability score,50,105.0,2024
736,1240,Improve CAC,30,77.0,2024
737,1240,Improve CAC,25,78.0,2024
738,1241,Reduce production incidents,25,69.0,2024
739,1241,Reduce production incidents,50,71.0,2024
740,1241,Reduce production incidents,50,78.0,2024
741,1242,Ship roadmap features,40,87.0,2024
742,1242,Cut API latency,50,89.0,2024
743,1243,Redesign onboarding,50,95.0,2024
744,1243,Build design system,40,79.0,2024
745,1243,Build design system,20,95.0,2024
746,1243,Redesign onboarding,50,95.0,2024
747,1244,Reduce process cost,25,115.0,2024
748,1244,Automate manual workflow,25,104.0,2024
749,1244,Automate manual workflow,30,93.0,2024
750,1245,Reduce production incidents,40,85.0,2024
751,1245,Improve test coverage,40,64.0,2024
752,1245,Ship roadmap features,20,68.0,2024
753,1246,Reduce churn,20,95.0,2024
754,1246,Improve NPS,40,83.0,2024
755,1246,Reduce churn,50,100.0,2024
756,1246,Reduce churn,40,89.0,2024
757,1247,Launch new module,40,76.0,2024
758,1247,Increase activation rate,50,71.0,2024
759,1248,Reduce overdue invoices,40,121.0,2024
760,1248,Reduce overdue invoices,40,109.0,2024
761,1248,Reduce overdue invoices,25,112.0,2024
762,1248,Close books faster,20,119.0,2024
763,1249,Grow qualified leads,50,84.0,2024
764,1249,Improve CAC,30,83.0,2024
765,1249,Launch campaign,50,108.0,2024
766,1250,Grow organic traffic,40,96.0,2024
767,1250,Launch campaign,50,99.0,2024
768,1251,Expand key accounts,25,100.0,2024
769,1251,Expand key accounts,30,91.0,2024
770,1251,Hit quarterly quota,40,109.0,2024
771,1252,Deliver self-serve dashboards,30,60.0,2024
772,1252,Reduce query cost,30,72.0,2024
773,1252,Reduce query cost,25,90.0,2024
774,1253,Reduce process cost,40,83.0,2024
775,1253,Reduce process cost,30,96.0,2024
776,1253,Improve SLA compliance,50,69.0,2024
777,1254,Improve NPS,50,105.0,2024
778,1254,Reduce churn,40,59.0,2024
779,1254,Increase upsell,40,96.0,2024
780,1254,Cut response time,50,95.0,2024
781,1255,Hit quarterly quota,20,81.0,2024
782,1255,Grow pipeline,30,81.0,2024
783,1255,Improve win rate,25,82.0,2024
784,1256,Hit quarterly quota,25,93.0,2024
785,1256,Expand key accounts,25,82.0,2024
786,1257,Improve usability score,25,104.0,2024
787,1257,Redesign onboarding,25,88.0,2024
788,1257,Redesign onboarding,40,98.0,2024
789,1258,Improve eNPS,30,92.0,2024
790,1258,Reduce time-to-hire,30,85.0,2024
791,1258,Improve eNPS,25,85.0,2024
792,1258,Reduce time-to-hire,20,114.0,2024
793,1259,Grow qualified leads,40,89.0,2024
794,1259,Launch campaign,20,109.0,2024
795,1259,Grow organic traffic,25,91.0,2024
796,1259,Launch campaign,20,94.0,2024
797,1260,Reduce overdue invoices,30,93.0,2024
798,1260,Close books faster,25,97.0,2024
799,1260,Improve forecast accuracy,40,88.0,2024
800,1261,Reduce query cost,30,107.0,2024
801,1261,Automate reporting pipeline,25,59.0,2024
802,1261,Deliver self-serve dashboards,50,70.0,2024
803,1262,Reduce process cost,50,91.0,2024
804,1262,Automate manual workflow,20,85.0,2024
805,1263,Improve usability score,30,105.0,2024
806,1263,Redesign onboarding,40,93.0,2024
807,1264,Cut API latency,50,58.0,2024
808,1264,Ship roadmap features,25,52.0,2024
809,1264,Ship roadmap features,40,62.0,2024
810,1264,Cut API latency,25,67.0,2024
811,1265,Improve test coverage,25,70.0,2024
812,1265,Ship roadmap features,50,68.0,2024
813,1266,Reduce overdue invoices,40,103.0,2024
814,1266,Close books faster,50,97.0,2024
815,1266,Close books faster,40,93.0,2024
816,1267,Launch new module,40,98.0,2024
817,1267,Launch new module,25,96.0,2024
818,1268,Improve data quality,20,92.0,2024
819,1268,Automate reporting pipeline,25,67.0,2024
820,1268,Improve data quality,40,66.0,2024
821,1269,Improve usability score,20,76.0,2024
822,1269,Redesign onboarding,50,103.0,2024
823,1269,Improve usability score,50,94.0,2024
824,1269,Build design system,25,105.0,2024
825,1270,Improve NPS,30,72.0,2024
826,1270,Reduce churn,25,66.0,2024
827,1270,Cut response time,20,97.0,2024
828,1270,Increase upsell,25,91.0,2024
829,1271,Improve SLA compliance,25,97.0,2024
830,1271,Automate manual workflow,20,96.0,2024
831,1272,Improve NPS,50,97.0,2024
832,1272,Increase upsell,30,110.0,2024
833,1272,Cut response time,20,91.0,2024
834,1272,Improve NPS,30,99.0,2024
835,1273,Expand key accounts,50,103.0,2024
836,1273,Hit quarterly quota,30,121.0,2024
837,1273,Expand key accounts,25,87.0,2024
838,1273,Expand key accounts,20,116.0,2024
839,1274,Increase upsell,20,86.0,2024
840,1274,Cut response time,40,87.0,2024
841,1274,Cut response time,50,106.0,2024
842,1274,Reduce churn,40,92.0,2024
843,1275,Improve retention,30,75.0,2024
844,1275,Improve retention,30,101.0,2024
845,1275,Launch new module,20,84.0,2024
846,1276,Expand key accounts,50,78.0,2024
847,1276,Grow pipeline,40,98.0,2024
848,1276,Grow pipeline,40,91.0,2024
849,1277,Reduce time-to-hire,30,87.0,2024
850,1277,Reduce time-to-hire,25,92.0,2024
851,1277,Cut regretted attrition,40,81.0,2024
852,1278,Cut regretted attrition,50,86.0,2024
853,1278,Improve eNPS,50,74.0,2024
854,1279,Deliver self-serve dashboards,50,69.0,2024
855,1279,Improve data quality,30,58.0,2024
856,1279,Improve data quality,50,54.0,2024
857,1279,Improve data quality,50,76.0,2024
858,1280,Grow pipeline,50,101.0,2024
859,1280,Expand key accounts,50,105.0,2024
860,1281,Reduce query cost,50,125.0,2024
861,1281,Improve data quality,25,89.0,2024
862,1281,Automate reporting pipeline,30,117.0,2024
863,1281,Automate reporting pipeline,25,115.0,2024
864,1282,Hit quarterly quota,50,87.0,2024
865,1282,Improve win rate,50,77.0,2024
866,1283,Grow organic traffic,30,75.0,2024
867,1283,Launch campaign,20,98.0,2024
868,1283,Grow qualified leads,25,89.0,2024
869,1283,Launch campaign,20,95.0,2024
870,1284,Improve forecast accuracy,40,96.0,2024
871,1284,Reduce overdue invoices,50,77.0,2024
872,1284,Improve forecast accuracy,20,75.0,2024
873,1285,Improve usability score,40,53.0,2024
874,1285,Redesign onboarding,30,93.0,2024
875,1285,Build design system,40,78.0,2024
876,1286,Increase activation rate,30,80.0,2024
877,1286,Run discovery interviews,25,95.0,2024
878,1286,Launch new module,50,98.0,2024
879,1287,Build design system,50,41.0,2024
880,1287,Redesign onboarding,20,83.0,2024
881,1287,Redesign onboarding,50,77.0,2024
882,1287,Build design system,25,81.0,2024
883,1288,Improve NPS,40,62.0,2024
884,1288,Cut response time,25,70.0,2024
885,1288,Improve NPS,20,101.0,2024
886,1289,Improve forecast accuracy,50,63.0,2024
887,1289,Improve forecast accuracy,25,89.0,2024
888,1289,Reduce overdue invoices,40,63.0,2024
889,1290,Close books faster,50,76.0,2024
890,1290,Reduce overdue invoices,40,116.0,2024
891,1290,Close books faster,50,94.0,2024
892,1291,Increase upsell,50,84.0,2024
893,1291,Increase upsell,50,96.0,2024
894,1291,Increase upsell,20,82.0,2024
895,1291,Improve NPS,50,92.0,2024
896,1292,Increase upsell,30,124.0,2024
897,1292,Increase upsell,40,99.0,2024
898,1292,Increase upsell,40,91.0,2024
899,1292,Increase upsell,25,92.0,2024
900,1293,Reduce process cost,20,70.0,2024
901,1293,Automate manual workflow,40,97.0,2024
902,1294,Grow qualified leads,20,87.0,2024
903,1294,Improve CAC,20,109.0,2024
904,1295,Improve CAC,40,64.0,2024
905,1295,Improve CAC,40,71.0,2024
906,1296,Reduce query cost,25,79.0,2024
907,1296,Improve data quality,30,74.0,2024
908,1296,Reduce query cost,40,79.0,2024
909,1296,Improve data quality,25,91.0,2024
910,1297,Grow pipeline,30,41.0,2024
911,1297,Expand key accounts,30,41.0,2024
912,1298,Grow pipeline,50,130.0,2024
913,1298,Hit quarterly quota,40,130.0,2024
914,1298,Expand key accounts,20,119.0,2024
915,1298,Hit quarterly quota,50,119.0,2024
916,1299,Reduce churn,50,98.0,2024
917,1299,Reduce churn,30,74.0,2024
918,1300,Cut API latency,40,65.0,2024
919,1300,Reduce production incidents,40,97.0,2024
920,1300,Ship roadmap features,25,89.0,2024
921,1300,Cut API latency,30,93.0,2024
922,1301,Reduce process cost,50,104.0,2024
923,1301,Automate manual workflow,25,74.0,2024
924,1301,Automate manual workflow,40,106.0,2024
925,1302,Launch campaign,50,62.0,2024
926,1302,Launch campaign,30,81.0,2024
927,1302,Grow qualified leads,40,83.0,2024
928,1302,Grow organic traffic,20,83.0,2024
929,1303,Reduce churn,50,115.0,2024
930,1303,Improve NPS,40,106.0,2024
931,1303,Reduce churn,40,130.0,2024
932,1303,Increase upsell,30,100.0,2024
933,1304,Reduce churn,20,83.0,2024
934,1304,Increase upsell,30,71.0,2024
935,1304,Cut response time,25,68.0,2024
936,1304,Increase upsell,40,70.0,2024
937,1305,Reduce overdue invoices,30,91.0,2024
938,1305,Improve forecast accuracy,40,93.0,2024
939,1305,Close books faster,25,98.0,2024
940,1306,Grow organic traffic,50,55.0,2024
941,1306,Grow qualified leads,30,71.0,2024
942,1306,Improve CAC,50,65.0,2024
943,1306,Grow qualified leads,30,73.0,2024
944,1307,Build design system,30,69.0,2024
945,1307,Redesign onboarding,50,68.0,2024
946,1307,Redesign onboarding,40,90.0,2024
947,1308,Improve forecast accuracy,40,101.0,2024
948,1308,Improve forecast accuracy,20,48.0,2024
949,1308,Reduce overdue invoices,50,103.0,2024
950,1308,Reduce overdue invoices,50,66.0,2024
951,1309,Build design system,30,98.0,2024
952,1309,Redesign onboarding,30,89.0,2024
953,1310,Increase activation rate,50,87.0,2024
954,1310,Run discovery interviews,50,86.0,2024
955,1310,Improve retention,50,90.0,2024
956,1311,Improve usability score,20,66.0,2024
957,1311,Build design system,25,79.0,2024
958,1312,Deliver self-serve dashboards,20,98.0,2024
959,1312,Improve data quality,25,80.0,2024
960,1312,Automate reporting pipeline,50,67.0,2024
961,1312,Reduce query cost,30,98.0,2024
962,1313,Ship roadmap features,30,96.0,2024
963,1313,Ship roadmap features,30,96.0,2024
964,1313,Ship roadmap features,30,124.0,2024
965,1314,Grow organic traffic,50,117.0,2024
966,1314,Launch campaign,25,108.0,2024
967,1314,Grow qualified leads,25,89.0,2024
968,1315,Cut regretted attrition,30,72.0,2024
969,1315,Improve eNPS,20,66.0,2024
970,1316,Cut regretted attrition,40,90.0,2024
971,1316,Reduce time-to-hire,20,81.0,2024
972,1317,Cut regretted attrition,20,119.0,2024
973,1317,Reduce time-to-hire,30,87.0,2024
974,1317,Improve eNPS,40,117.0,2024
975,1317,Cut regretted attrition,30,120.0,2024
976,1318,Expand key accounts,20,124.0,2024
977,1318,Improve win rate,50,120.0,2024
978,1318,Hit quarterly quota,25,99.0,2024
979,1319,Reduce process cost,30,99.0,2024
980,1319,Reduce process cost,30,112.0,2024
981,1319,Reduce process cost,40,97.0,2024
982,1320,Automate manual workflow,20,63.0,2024
983,1320,Automate manual workflow,20,64.0,2024
984,1320,Reduce process cost,20,89.0,2024
985,1320,Improve SLA compliance,25,63.0,2024
986,1321,Improve eNPS,20,113.0,2024
987,1321,Reduce time-to-hire,50,102.0,2024
988,1322,Reduce process cost,30,74.0,2024
989,1322,Reduce process cost,50,82.0,2024
990,1322,Reduce process cost,50,83.0,2024
991,1322,Automate manual workflow,20,95.0,2024
992,1323,Reduce overdue invoices,20,97.0,2024
993,1323,Close books faster,30,91.0,2024
994,1323,Close books faster,30,90.0,2024
995,1323,Reduce overdue invoices,50,91.0,2024
996,1324,Improve CAC,25,106.0,2024
997,1324,Launch campaign,25,94.0,2024
998,1325,Improve forecast accuracy,40,67.0,2024
999,1325,Close books faster,20,70.0,2024
1000,1325,Close books faster,50,64.0,2024
1001,1325,Improve forecast accuracy,30,76.0,2024
1002,1326,Improve SLA compliance,20,92.0,2024
1003,1326,Improve SLA compliance,50,91.0,2024
1004,1326,Reduce process cost,40,82.0,2024
1005,1326,Improve SLA compliance,50,76.0,2024
1006,1327,Automate reporting pipeline,20,101.0,2024
1007,1327,Automate reporting pipeline,25,86.0,2024
1008,1328,Improve win rate,40,72.0,2024
1009,1328,Hit quarterly quota,50,93.0,2024
1010,1328,Hit quarterly quota,30,72.0,2024
1011,1329,Reduce time-to-hire,40,79.0,2024
1012,1329,Cut regretted attrition,20,76.0,2024
1013,1329,Cut regretted attrition,30,65.0,2024
1014,1329,Cut regretted attrition,50,94.0,2024
1015,1330,Reduce production incidents,25,105.0,2024
1016,1330,Cut API latency,30,108.0,2024
1017,1330,Reduce production incidents,30,78.0,2024
1018,1330,Improve test coverage,20,82.0,2024
1019,1331,Grow qualified leads,50,96.0,2024
1020,1331,Improve CAC,50,96.0,2024
1021,1331,Grow organic traffic,50,99.0,2024
1022,1331,Grow organic traffic,20,108.0,2024
1023,1332,Run discovery interviews,40,72.0,2024
1024,1332,Increase activation rate,40,78.0,2024
1025,1332,Increase activation rate,50,60.0,2024
1026,1332,Increase activation rate,30,92.0,2024
1027,1333,Ship roadmap features,50,92.0,2024
1028,1333,Ship roadmap features,25,110.0,2024
1029,1333,Improve test coverage,20,109.0,2024
1030,1333,Cut API latency,20,96.0,2024
1031,1334,Grow organic traffic,20,75.0,2024
1032,1334,Improve CAC,50,83.0,2024
1033,1334,Improve CAC,25,76.0,2024
1034,1334,Improve CAC,20,96.0,2024
1035,1335,Improve retention,50,112.0,2024
1036,1335,Improve retention,25,96.0,2024
1037,1336,Reduce churn,50,90.0,2024
1038,1336,Increase upsell,20,62.0,2024
1039,1337,Redesign onboarding,25,91.0,2024
1040,1337,Build design system,20,84.0,2024
1041,1337,Build design system,40,74.0,2024
1042,1337,Build design system,50,115.0,2024
1043,1338,Improve forecast accuracy,40,110.0,2024
1044,1338,Close books faster,40,124.0,2024
1045,1338,Improve forecast accuracy,50,112.0,2024
1046,1338,Close books faster,40,120.0,2024
1047,1339,Improve SLA compliance,20,88.0,2024
1048,1339,Automate manual workflow,25,99.0,2024
1049,1339,Reduce process cost,25,102.0,2024
1050,1340,Redesign onboarding,25,82.0,2024
1051,1340,Redesign onboarding,40,70.0,2024
1052,1340,Improve usability score,30,71.0,2024
1053,1340,Redesign onboarding,40,68.0,2024
1054,1341,Cut API latency,20,105.0,2024
1055,1341,Ship roadmap features,20,107.0,2024
1056,1341,Reduce production incidents,50,99.0,2024
1057,1342,Improve SLA compliance,20,62.0,2024
1058,1342,Automate manual workflow,20,121.0,2024
1059,1342,Improve SLA compliance,25,118.0,2024
1060,1343,Cut regretted attrition,25,64.0,2024
1061,1343,Cut regretted attrition,50,77.0,2024
1062,1343,Cut regretted attrition,25,83.0,2024
1063,1343,Reduce time-to-hire,20,85.0,2024
1064,1344,Improve retention,30,89.0,2024
1065,1344,Run discovery interviews,50,78.0,2024
1066,1345,Improve CAC,20,83.0,2024
1067,1345,Grow organic traffic,25,74.0,2024
1068,1345,Improve CAC,20,92.0,2024
1069,1345,Launch campaign,30,87.0,2024
1070,1346,Reduce process cost,50,88.0,2024
1071,1346,Automate manual workflow,50,57.0,2024
1072,1346,Automate manual workflow,50,100.0,2024
1073,1346,Improve SLA compliance,20,85.0,2024
1074,1347,Reduce query cost,20,64.0,2024
1075,1347,Reduce query cost,50,87.0,2024
1076,1347,Automate reporting pipeline,30,94.0,2024
1077,1347,Deliver self-serve dashboards,20,77.0,2024
1078,1348,Reduce time-to-hire,20,76.0,2024
1079,1348,Reduce time-to-hire,25,87.0,2024
1080,1348,Reduce time-to-hire,25,69.0,2024
1081,1349,Redesign onboarding,50,76.0,2024
1082,1349,Redesign onboarding,40,80.0,2024
1083,1349,Build design system,20,69.0,2024
1084,1350,Cut regretted attrition,20,93.0,2024
1085,1350,Improve eNPS,30,91.0,2024
1086,1350,Cut regretted attrition,40,89.0,2024
1087,1350,Reduce time-to-hire,50,107.0,2024
1088,1351,Grow qualified leads,50,78.0,2024
1089,1351,Grow organic traffic,20,81.0,2024
1090,1351,Launch campaign,20,90.0,2024
1091,1351,Improve CAC,30,76.0,2024
1092,1352,Increase upsell,30,59.0,2024
1093,1352,Increase upsell,50,67.0,2024
1094,1352,Increase upsell,20,73.0,2024
1095,1353,Improve SLA compliance,50,115.0,2024
1096,1353,Automate manual workflow,30,79.0,2024
1097,1353,Automate manual workflow,20,88.0,2024
1098,1354,Improve CAC,40,95.0,2024
1099,1354,Launch campaign,30,101.0,2024
1100,1354,Grow organic traffic,40,91.0,2024
1101,1355,Ship roadmap features,50,80.0,2024
1102,1355,Improve test coverage,50,90.0,2024
1103,1355,Reduce production incidents,40,85.0,2024
1104,1355,Improve test coverage,25,91.0,2024
1105,1356,Increase upsell,20,99.0,2024
1106,1356,Increase upsell,25,89.0,2024
1107,1356,Reduce churn,30,85.0,2024
1108,1356,Increase upsell,40,93.0,2024
1109,1357,Reduce process cost,40,113.0,2024
1110,1357,Improve SLA compliance,30,119.0,2024
1111,1357,Improve SLA compliance,50,108.0,2024
1112,1357,Reduce process cost,40,104.0,2024
1113,1358,Cut response time,50,80.0,2024
1114,1358,Reduce churn,50,73.0,2024
1115,1358,Increase upsell,25,80.0,2024
1116,1359,Automate reporting pipeline,40,71.0,2024
1117,1359,Deliver self-serve dashboards,40,71.0,2024
1118,1360,Cut API latency,20,82.0,2024
1119,1360,Cut API latency,30,71.0,2024
1120,1361,Improve usability score,40,61.0,2024
1121,1361,Improve usability score,30,75.0,2024
1122,1361,Improve usability score,20,72.0,2024
1123,1361,Redesign onboarding,40,73.0,2024
1124,1362,Run discovery interviews,40,107.0,2024
1125,1362,Increase activation rate,20,78.0,2024
1126,1363,Build design system,25,96.0,2024
1127,1363,Improve usability score,50,74.0,2024
1128,1363,Build design system,40,98.0,2024
1129,1364,Grow pipeline,30,74.0,2024
1130,1364,Grow pipeline,30,78.0,2024
1131,1365,Reduce query cost,40,85.0,2024
1132,1365,Automate reporting pipeline,20,89.0,2024
1133,1365,Reduce query cost,30,110.0,2024
1134,1366,Grow pipeline,40,83.0,2024
1135,1366,Expand key accounts,30,113.0,2024
1136,1366,Hit quarterly quota,25,88.0,2024
1137,1367,Improve win rate,40,97.0,2024
1138,1367,Grow pipeline,25,88.0,2024
1139,1368,Improve CAC,30,85.0,2024
1140,1368,Improve CAC,30,122.0,2024
1141,1369,Improve CAC,30,71.0,2024
1142,1369,Improve CAC,30,109.0,2024
1143,1370,Grow organic traffic,20,89.0,2024
1144,1370,Grow qualified leads,50,80.0,2024
1145,1370,Launch campaign,50,88.0,2024
1146,1370,Launch campaign,50,97.0,2024
1147,1371,Close books faster,40,96.0,2024
1148,1371,Close books faster,20,75.0,2024
1149,1371,Improve forecast accuracy,20,87.0,2024
1150,1372,Redesign onboarding,20,82.0,2024
1151,1372,Improve usability score,30,91.0,2024
1152,1372,Improve usability score,25,77.0,2024
1153,1373,Improve CAC,20,82.0,2024
1154,1373,Improve CAC,20,56.0,2024
1155,1373,Launch campaign,30,69.0,2024
1156,1374,Reduce churn,30,91.0,2024
1157,1374,Improve NPS,30,44.0,2024
1158,1374,Improve NPS,25,62.0,2024
1159,1375,Improve CAC,20,63.0,2024
1160,1375,Grow qualified leads,50,69.0,2024
1161,1376,Improve SLA compliance,50,62.0,2024
1162,1376,Reduce process cost,30,99.0,2024
1163,1377,Launch new module,20,100.0,2024
1164,1377,Improve retention,20,93.0,2024
1165,1377,Improve retention,20,72.0,2024
1166,1377,Run discovery interviews,50,88.0,2024
1167,1378,Improve forecast accuracy,25,105.0,2024
1168,1378,Reduce overdue invoices,40,82.0,2024
1169,1379,Launch new module,30,89.0,2024
1170,1379,Increase activation rate,25,90.0,2024
1171,1379,Increase activation rate,20,71.0,2024
1172,1380,Improve data quality,25,62.0,2024
1173,1380,Automate reporting pipeline,25,73.0,2024
1174,1380,Reduce query cost,50,96.0,2024
1175,1381,Reduce churn,50,119.0,2024
1176,1381,Reduce churn,20,98.0,2024
1177,1381,Reduce churn,50,102.0,2024
1178,1381,Cut response time,25,103.0,2024
1179,1382,Ship roadmap features,40,117.0,2024
1180,1382,Improve test coverage,40,128.0,2024
1181,1382,Cut API latency,25,117.0,2024
1182,1383,Build design system,30,87.0,2024
1183,1383,Improve usability score,40,100.0,2024
1184,1383,Build design system,30,53.0,2024
1185,1383,Build design system,25,81.0,2024
1186,1384,Improve SLA compliance,30,74.0,2024
1187,1384,Automate manual workflow,50,97.0,2024
1188,1384,Automate manual workflow,25,91.0,2024
1189,1385,Run discovery interviews,25,87.0,2024
1190,1385,Improve retention,30,61.0,2024
1191,1386,Grow pipeline,25,99.0,2024
1192,1386,Improve win rate,25,126.0,2024
1193,1386,Improve win rate,20,92.0,2024
1194,1387,Cut response time,50,92.0,2024
1195,1387,Improve NPS,50,93.0,2024
1196,1388,Improve retention,20,76.0,2024
1197,1388,Launch new module,30,83.0,2024
1198,1389,Improve eNPS,25,98.0,2024
1199,1389,Cut regretted attrition,50,90.0,2024
1200,1389,Reduce time-to-hire,50,92.0,2024
1201,1390,Launch new module,20,80.0,2024
1202,1390,Improve retention,40,94.0,2024
1203,1390,Run discovery interviews,40,95.0,2024
1204,1391,Reduce query cost,40,90.0,2024
1205,1391,Automate reporting pipeline,50,87.0,2024
1206,1391,Improve data quality,50,110.0,2024
1207,1392,Reduce process cost,30,93.0,2024
1208,1392,Reduce process cost,50,103.0,2024
1209,1392,Reduce process cost,20,95.0,2024
1210,1392,Automate manual workflow,25,98.0,2024
1211,1393,Cut API latency,30,76.0,2024
1212,1393,Ship roadmap features,20,80.0,2024
1213,1394,Improve data quality,40,114.0,2024
1214,1394,Deliver self-serve dashboards,50,100.0,2024
1215,1394,Improve data quality,20,111.0,2024
1216,1394,Deliver self-serve dashboards,25,82.0,2024
1217,1395,Close books faster,20,82.0,2024
1218,1395,Reduce overdue invoices,20,77.0,2024
1219,1395,Improve forecast accuracy,30,101.0,2024
1220,1396,Reduce production incidents,30,82.0,2024
1221,1396,Improve test coverage,25,80.0,2024
1222,1396,Reduce production incidents,20,69.0,2024
1223,1396,Reduce production incidents,40,78.0,2024
1224,1397,Deliver self-serve dashboards,30,87.0,2024
1225,1397,Deliver self-serve dashboards,25,92.0,2024
1226,1398,Expand key accounts,30,99.0,2024
1227,1398,Improve win rate,40,89.0,2024
1228,1398,Improve win rate,30,95.0,2024
1229,1398,Grow pipeline,25,104.0,2024
1230,1399,Reduce query cost,20,101.0,2024
1231,1399,Automate reporting pipeline,30,111.0,2024
1232,1400,Reduce time-to-hire,25,90.0,2024
1233,1400,Improve eNPS,50,107.0,2024
1234,1401,Grow pipeline,50,72.0,2024
1235,1401,Expand key accounts,50,74.0,2024
1236,1401,Expand key accounts,20,96.0,2024
1237,1402,Redesign onboarding,20,74.0,2024
1238,1402,Improve usability score,25,91.0,2024
1239,1403,Reduce process cost,25,99.0,2024
1240,1403,Reduce process cost,30,78.0,2024
1241,1403,Automate manual workflow,50,90.0,2024
1242,1403,Reduce process cost,30,102.0,2024
1243,1404,Improve test coverage,50,81.0,2024
1244,1404,Cut API latency,20,103.0,2024
1245,1404,Reduce production incidents,40,77.0,2024
1246,1404,Cut API latency,20,85.0,2024
1247,1405,Improve SLA compliance,20,101.0,2024
1248,1405,Reduce process cost,50,85.0,2024
1249,1405,Automate manual workflow,25,116.0,2024
1250,1405,Reduce process cost,50,109.0,2024
1251,1406,Improve CAC,40,52.0,2024
1252,1406,Grow organic traffic,25,65.0,2024
1253,1406,Improve CAC,40,84.0,2024
1254,1407,Improve usability score,20,115.0,2024
1255,1407,Redesign onboarding,25,92.0,2024
1256,1407,Redesign onboarding,25,116.0,2024
1257,1408,Improve SLA compliance,25,64.0,2024
1258,1408,Automate manual workflow,30,100.0,2024
1259,1409,Cut regretted attrition,20,102.0,2024
1260,1409,Improve eNPS,20,79.0,2024
1261,1409,Improve eNPS,40,78.0,2024
1262,1410,Cut regretted attrition,20,53.0,2024
1263,1410,Improve eNPS,50,89.0,2024
1264,1411,Build design system,50,67.0,2024
1265,1411,Build design system,30,75.0,2024
1266,1412,Cut API latency,40,72.0,2024
1267,1412,Improve test coverage,20,96.0,2024
1268,1412,Cut API latency,20,106.0,2024
1269,1413,Improve forecast accuracy,40,95.0,2024
1270,1413,Improve forecast accuracy,30,102.0,2024
1271,1414,Redesign onboarding,20,100.0,2024
1272,1414,Improve usability score,40,73.0,2024
1273,1414,Build design system,25,91.0,2024
1274,1415,Launch new module,20,74.0,2024
1275,1415,Launch new module,50,115.0,2024
1276,1416,Grow qualified leads,50,103.0,2024
1277,1416,Improve CAC,50,81.0,2024
1278,1417,Improve NPS,40,65.0,2024
1279,1417,Increase upsell,40,51.0,2024
1280,1417,Improve NPS,40,82.0,2024
1281,1418,Improve CAC,50,101.0,2024
1282,1418,Improve CAC,25,97.0,2024
1283,1418,Grow qualified leads,30,103.0,2024
1284,1419,Deliver self-serve dashboards,50,51.0,2024
1285,1419,Reduce query cost,50,76.0,2024
1286,1419,Improve data quality,20,69.0,2024
1287,1419,Reduce query cost,40,90.0,2024
1288,1420,Improve eNPS,20,73.0,2024
1289,1420,Improve eNPS,50,72.0,2024
1290,1420,Improve eNPS,25,60.0,2024
1291,1420,Reduce time-to-hire,25,83.0,2024
1292,1421,Improve win rate,30,84.0,2024
1293,1421,Grow pipeline,30,74.0,2024
1294,1422,Cut regretted attrition,30,83.0,2024
1295,1422,Cut regretted attrition,50,89.0,2024
1296,1422,Reduce time-to-hire,20,108.0,2024
1297,1422,Cut regretted attrition,30,80.0,2024
1298,1423,Improve eNPS,20,87.0,2024
1299,1423,Reduce time-to-hire,30,93.0,2024
1300,1423,Reduce time-to-hire,20,83.0,2024
1301,1424,Run discovery interviews,25,75.0,2024
1302,1424,Run discovery interviews,50,68.0,2024
1303,1425,Reduce churn,40,80.0,2024
1304,1425,Reduce churn,30,81.0,2024
1305,1425,Improve NPS,40,85.0,2024
1306,1425,Increase upsell,50,107.0,2024
1307,1426,Grow qualified leads,40,112.0,2024
1308,1426,Launch campaign,50,69.0,2024
1309,1427,Increase upsell,50,80.0,2024
1310,1427,Increase upsell,50,94.0,2024
1311,1427,Increase upsell,25,75.0,2024
1312,1428,Improve NPS,40,111.0,2024
1313,1428,Improve NPS,20,116.0,2024
1314,1429,Run discovery interviews,25,110.0,2024
1315,1429,Run discovery interviews,30,99.0,2024
1316,1430,Improve eNPS,25,82.0,2024
1317,1430,Improve eNPS,40,76.0,2024
1318,1430,Improve eNPS,40,77.0,2024
1319,1430,Cut regretted attrition,40,90.0,2024
1320,1431,Improve eNPS,30,77.0,2024
1321,1431,Cut regretted attrition,25,68.0,2024
1322,1431,Improve eNPS,50,77.0,2024
1323,1432,Close books faster,25,92.0,2024
1324,1432,Improve forecast accuracy,20,80.0,2024
1325,1432,Improve forecast accuracy,30,67.0,2024
1326,1433,Grow qualified leads,50,115.0,2024
1327,1433,Launch campaign,25,119.0,2024
1328,1433,Grow qualified leads,50,100.0,2024
1329,1433,Launch campaign,25,110.0,2024
1330,1434,Cut API latency,25,79.0,2024
1331,1434,Ship roadmap features,25,95.0,2024
1332,1434,Reduce production incidents,40,97.0,2024
1333,1435,Hit quarterly quota,30,98.0,2024
1334,1435,Hit quarterly quota,20,93.0,2024
1335,1435,Hit quarterly quota,20,83.0,2024
1336,1436,Grow pipeline,50,84.0,2024
1337,1436,Hit quarterly quota,30,90.0,2024
1338,1437,Improve usability score,20,94.0,2024
1339,1437,Build design system,30,72.0,2024
1340,1437,Redesign onboarding,25,98.0,2024
1341,1438,Increase upsell,40,118.0,2024
1342,1438,Improve NPS,20,77.0,2024
1343,1438,Increase upsell,50,130.0,2024
1344,1439,Automate reporting pipeline,20,81.0,2024
1345,1439,Automate reporting pipeline,50,73.0,2024
1346,1439,Reduce query cost,20,60.0,2024
1347,1439,Reduce query cost,30,85.0,2024
1348,1440,Hit quarterly quota,30,85.0,2024
1349,1440,Hit quarterly quota,30,89.0,2024
1350,1440,Expand key accounts,25,60.0,2024
1351,1441,Reduce churn,40,110.0,2024
1352,1441,Cut response time,50,96.0,2024
1353,1441,Cut response time,40,102.0,2024
1354,1441,Improve NPS,40,94.0,2024
1355,1442,Ship roadmap features,20,87.0,2024
1356,1442,Cut API latency,20,91.0,2024
1357,1442,Reduce production incidents,25,95.0,2024
1358,1443,Improve forecast accuracy,25,77.0,2024
1359,1443,Improve forecast accuracy,30,84.0,2024
1360,1444,Reduce overdue invoices,25,94.0,2024
1361,1444,Close books faster,30,100.0,2024
1362,1445,Reduce process cost,50,116.0,2024
1363,1445,Automate manual workflow,40,107.0,2024
1364,1445,Improve SLA compliance,30,85.0,2024
1365,1445,Reduce process cost,50,123.0,2024
1366,1446,Automate reporting pipeline,30,83.0,2024
1367,1446,Deliver self-serve dashboards,40,105.0,2024
1368,1446,Improve data quality,25,88.0,2024
1369,1447,Cut response time,20,101.0,2024
1370,1447,Reduce churn,20,101.0,2024
1371,1447,Increase upsell,30,96.0,2024
1372,1448,Cut regretted attrition,20,69.0,2024
1373,1448,Improve eNPS,40,78.0,2024
1374,1448,Reduce time-to-hire,25,82.0,2024
1375,1448,Cut regretted attrition,40,86.0,2024
1376,1449,Grow organic traffic,50,89.0,2024
1377,1449,Launch campaign,40,129.0,2024
1378,1450,Improve usability score,50,72.0,2024
1379,1450,Improve usability score,50,66.0,2024
1380,1450,Build design system,20,68.0,2024
1381,1450,Redesign onboarding,50,90.0,2024
1382,1451,Cut response time,25,80.0,2024
1383,1451,Increase upsell,50,73.0,2024
1384,1451,Cut response time,40,74.0,2024
1385,1452,Deliver self-serve dashboards,25,92.0,2024
1386,1452,Improve data quality,40,100.0,2024
1387,1452,Deliver self-serve dashboards,30,87.0,2024
1388,1452,Reduce query cost,20,89.0,2024
1389,1453,Cut response time,25,78.0,2024
1390,1453,Improve NPS,40,83.0,2024
1391,1454,Improve eNPS,40,79.0,2024
1392,1454,Improve eNPS,50,74.0,2024
1393,1454,Improve eNPS,30,97.0,2024
1394,1455,Improve win rate,50,76.0,2024
1395,1455,Expand key accounts,40,86.0,2024
1396,1455,Expand key accounts,50,63.0,2024
1397,1455,Improve win rate,50,64.0,2024
1398,1456,Reduce process cost,40,102.0,2024
1399,1456,Automate manual workflow,20,80.0,2024
1400,1456,Reduce process cost,30,86.0,2024
1401,1456,Automate manual workflow,25,102.0,2024
1402,1457,Improve eNPS,30,96.0,2024
1403,1457,Improve eNPS,20,107.0,2024
1404,1457,Cut regretted attrition,25,101.0,2024
1405,1458,Close books faster,30,105.0,2024
1406,1458,Close books faster,40,98.0,2024
1407,1458,Improve forecast accuracy,25,117.0,2024
1408,1459,Cut regretted attrition,20,96.0,2024
1409,1459,Cut regretted attrition,30,101.0,2024
1410,1459,Cut regretted attrition,50,94.0,2024
1411,1459,Cut regretted attrition,40,87.0,2024
1412,1460,Launch new module,50,76.0,2024
1413,1460,Improve retention,30,99.0,2024
1414,1460,Increase activation rate,25,85.0,2024
1415,1461,Improve win rate,30,95.0,2024
1416,1461,Hit quarterly quota,40,106.0,2024
1417,1461,Hit quarterly quota,30,119.0,2024
1418,1462,Improve NPS,25,96.0,2024
1419,1462,Increase upsell,40,92.0,2024
1420,1463,Close books faster,25,100.0,2024
1421,1463,Reduce overdue invoices,50,90.0,2024
1422,1463,Close books faster,25,98.0,2024
1423,1463,Improve forecast accuracy,50,83.0,2024
1424,1464,Increase upsell,50,84.0,2024
1425,1464,Reduce churn,30,86.0,2024
1426,1464,Reduce churn,40,87.0,2024
1427,1465,Improve forecast accuracy,25,45.0,2024
1428,1465,Close books faster,30,57.0,2024
1429,1466,Deliver self-serve dashboards,20,115.0,2024
1430,1466,Reduce query cost,25,99.0,2024
1431,1467,Improve retention,20,90.0,2024
1432,1467,Improve retention,20,101.0,2024
1433,1468,Cut regretted attrition,25,95.0,2024
1434,1468,Improve eNPS,30,104.0,2024
1435,1469,Ship roadmap features,50,80.0,2024
1436,1469,Cut API latency,50,88.0,2024
1437,1469,Cut API latency,25,83.0,2024
1438,1469,Ship roadmap features,30,85.0,2024
1439,1470,Improve eNPS,30,90.0,2024
1440,1470,Cut regretted attrition,40,96.0,2024
1441,1470,Improve eNPS,40,78.0,2024
1442,1471,Reduce production incidents,25,99.0,2024
1443,1471,Ship roadmap features,25,87.0,2024
1444,1471,Cut API latency,25,88.0,2024
1445,1472,Expand key accounts,30,85.0,2024
1446,1472,Hit quarterly quota,30,91.0,2024
1447,1472,Grow pipeline,20,101.0,2024
1448,1472,Improve win rate,20,99.0,2024
1449,1473,Automate reporting pipeline,20,103.0,2024
1450,1473,Improve data quality,40,71.0,2024
1451,1474,Close books faster,40,110.0,2024
1452,1474,Reduce overdue invoices,20,103.0,2024
1453,1474,Reduce overdue invoices,50,81.0,2024
1454,1475,Reduce production incidents,40,78.0,2024
1455,1475,Improve test coverage,50,100.0,2024
1456,1475,Improve test coverage,50,93.0,2024
1457,1476,Grow organic traffic,50,110.0,2024
1458,1476,Grow organic traffic,25,85.0,2024
1459,1476,Improve CAC,25,105.0,2024
1460,1477,Improve forecast accuracy,20,118.0,2024
1461,1477,Improve forecast accuracy,30,96.0,2024
1462,1478,Improve retention,40,78.0,2024
1463,1478,Improve retention,30,90.0,2024
1464,1479,Expand key accounts,50,96.0,2024
1465,1479,Grow pipeline,30,109.0,2024
1466,1479,Hit quarterly quota,30,87.0,2024
1467,1479,Grow pipeline,40,110.0,2024
1468,1480,Reduce time-to-hire,40,89.0,2024
1469,1480,Reduce time-to-hire,40,62.0,2024
1470,1481,Expand key accounts,30,93.0,2024
1471,1481,Expand key accounts,40,123.0,2024
1472,1481,Hit quarterly quota,40,97.0,2024
1473,1481,Hit quarterly quota,50,108.0,2024
1474,1482,Grow qualified leads,25,45.0,2024
1475,1482,Improve CAC,25,72.0,2024
1476,1482,Grow organic traffic,20,93.0,2024
1477,1482,Improve CAC,50,56.0,2024
1478,1483,Reduce time-to-hire,25,83.0,2024
1479,1483,Improve eNPS,40,85.0,2024
1480,1484,Improve forecast accuracy,50,96.0,2024
1481,1484,Reduce overdue invoices,50,94.0,2024
1482,1484,Reduce overdue invoices,30,80.0,2024
1483,1485,Reduce production incidents,25,74.0,2024
1484,1485,Ship roadmap features,40,81.0,2024
1485,1485,Cut API latency,50,75.0,2024
1486,1485,Cut API latency,20,74.0,2024
1487,1486,Cut regretted attrition,50,81.0,2024
1488,1486,Reduce time-to-hire,40,85.0,2024
1489,1486,Cut regretted attrition,20,89.0,2024
1490,1487,Reduce overdue invoices,40,123.0,2024
1491,1487,Reduce overdue invoices,30,102.0,2024
1492,1488,Automate reporting pipeline,40,69.0,2024
1493,1488,Deliver self-serve dashboards,20,97.0,2024
1494,1489,Increase activation rate,40,92.0,2024
1495,1489,Launch new module,50,109.0,2024
1496,1489,Improve retention,40,103.0,2024
1497,1490,Improve usability score,30,83.0,2024
1498,1490,Improve usability score,25,66.0,2024
1499,1490,Redesign onboarding,25,88.0,2024
1500,1490,Build design system,50,73.0,2024
1501,1491,Reduce process cost,25,75.0,2024
1502,1491,Reduce process cost,30,88.0,2024
1503,1491,Automate manual workflow,30,93.0,2024
1504,1492,Hit quarterly quota,30,82.0,2024
1505,1492,Improve win rate,50,90.0,2024
1506,1492,Grow pipeline,40,94.0,2024
1507,1492,Grow pipeline,50,111.0,2024
1508,1493,Reduce overdue invoices,20,92.0,2024
1509,1493,Close books faster,20,80.0,2024
1510,1494,Improve CAC,40,63.0,2024
1511,1494,Launch campaign,25,75.0,2024
1512,1494,Grow qualified leads,40,88.0,2024
1513,1495,Deliver self-serve dashboards,50,96.0,2024
1514,1495,Deliver self-serve dashboards,30,56.0,2024
1515,1495,Deliver self-serve dashboards,20,63.0,2024
1516,1496,Improve win rate,50,99.0,2024
1517,1496,Grow pipeline,20,63.0,2024
1518,1496,Grow pipeline,25,97.0,2024
1519,1496,Hit quarterly quota,40,80.0,2024
1520,1497,Improve eNPS,40,90.0,2024
1521,1497,Reduce time-to-hire,30,108.0,2024
1522,1497,Reduce time-to-hire,40,87.0,2024
1523,1497,Cut regretted attrition,50,70.0,2024
1524,1498,Close books faster,30,99.0,2024
1525,1498,Close books faster,25,96.0,2024
1526,1499,Automate reporting pipeline,25,85.0,2024
1527,1499,Reduce query cost,40,65.0,2024
1528,1499,Improve data quality,25,63.0,2024
1529,1499,Automate reporting pipeline,50,73.0,2024
1530,1500,Reduce time-to-hire,30,108.0,2024
1531,1500,Improve eNPS,30,84.0,2024
1532,1501,Reduce churn,25,122.0,2024
1533,1501,Reduce churn,40,77.0,2024
1534,1501,Reduce churn,30,84.0,2024
1535,1502,Reduce churn,25,85.0,2024
1536,1502,Cut response time,25,82.0,2024
1537,1502,Improve NPS,20,107.0,2024
1538,1503,Redesign onboarding,50,59.0,2024
1539,1503,Build design system,25,70.0,2024
1540,1504,Improve retention,20,76.0,2024
1541,1504,Increase activation rate,30,66.0,2024
1542,1505,Close books faster,20,116.0,2024
1543,1505,Reduce overdue invoices,50,96.0,2024
1544,1506,Reduce overdue invoices,20,98.0,2024
1545,1506,Reduce overdue invoices,40,105.0,2024
1546,1507,Improve NPS,20,73.0,2024
1547,1507,Increase upsell,50,105.0,2024
1548,1507,Reduce churn,20,64.0,2024
1549,1507,Improve NPS,20,88.0,2024
1550,1508,Reduce process cost,50,121.0,2024
1551,1508,Reduce process cost,40,115.0,2024
1552,1508,Improve SLA compliance,50,97.0,2024
1553,1509,Improve forecast accuracy,40,53.0,2024
1554,1509,Reduce overdue invoices,40,90.0,2024
1555,1509,Close books faster,50,54.0,2024
1556,1510,Improve usability score,25,110.0,2024
1557,1510,Build design system,30,91.0,2024
1558,1510,Improve usability score,30,98.0,2024
1559,1510,Redesign onboarding,50,93.0,2024
1560,1511,Improve test coverage,20,83.0,2024
1561,1511,Ship roadmap features,40,99.0,2024
1562,1512,Grow pipeline,50,87.0,2024
1563,1512,Grow pipeline,40,108.0,2024
1564,1513,Ship roadmap features,50,109.0,2024
1565,1513,Improve test coverage,20,101.0,2024
1566,1513,Improve test coverage,25,82.0,2024
1567,1514,Increase upsell,40,104.0,2024
1568,1514,Cut response time,50,101.0,2024
1569,1514,Reduce churn,30,93.0,2024
1570,1515,Cut regretted attrition,20,106.0,2024
1571,1515,Reduce time-to-hire,20,130.0,2024
1572,1515,Cut regretted attrition,20,104.0,2024
1573,1516,Reduce process cost,50,86.0,2024
1574,1516,Reduce process cost,30,95.0,2024
1575,1516,Reduce process cost,50,121.0,2024
1576,1516,Reduce process cost,40,126.0,2024
1577,1517,Launch campaign,20,107.0,2024
1578,1517,Launch campaign,50,71.0,2024
1579,1518,Build design system,50,99.0,2024
1580,1518,Improve usability score,20,84.0,2024
1581,1518,Improve usability score,30,94.0,2024
1582,1518,Improve usability score,20,101.0,2024
1583,1519,Cut regretted attrition,25,100.0,2024
1584,1519,Cut regretted attrition,30,92.0,2024
1585,1519,Improve eNPS,40,93.0,2024
1586,1519,Cut regretted attrition,30,91.0,2024
1587,1520,Close books faster,30,89.0,2024
1588,1520,Close books faster,40,100.0,2024
1589,1521,Increase upsell,30,91.0,2024
1590,1521,Increase upsell,50,99.0,2024
1591,1521,Improve NPS,30,93.0,2024
1592,1522,Reduce overdue invoices,50,89.0,2024
1593,1522,Close books faster,20,73.0,2024
1594,1522,Reduce overdue invoices,25,85.0,2024
1595,1523,Improve CAC,40,74.0,2024
1596,1523,Grow organic traffic,30,68.0,2024
1597,1523,Launch campaign,40,89.0,2024
1598,1523,Grow organic traffic,40,65.0,2024
1599,1524,Improve forecast accuracy,30,93.0,2024
1600,1524,Reduce overdue invoices,25,65.0,2024
1601,1524,Improve forecast accuracy,30,73.0,2024
1602,1525,Reduce churn,25,88.0,2024
1603,1525,Improve NPS,50,90.0,2024
1604,1525,Cut response time,25,71.0,2024
1605,1525,Increase upsell,50,87.0,2024
1606,1526,Reduce query cost,50,75.0,2024
1607,1526,Reduce query cost,50,82.0,2024
1608,1527,Reduce time-to-hire,40,108.0,2024
1609,1527,Reduce time-to-hire,30,95.0,2024
1610,1528,Improve retention,50,58.0,2024
1611,1528,Improve retention,50,97.0,2024
1612,1528,Improve retention,50,74.0,2024
1613,1529,Cut API latency,40,84.0,2024
1614,1529,Improve test coverage,20,81.0,2024
1615,1529,Cut API latency,40,71.0,2024
1616,1529,Ship roadmap features,25,66.0,2024
1617,1530,Improve test coverage,40,74.0,2024
1618,1530,Cut API latency,20,53.0,2024
1619,1530,Ship roadmap features,30,64.0,2024
1620,1530,Improve test coverage,50,54.0,2024
1621,1531,Improve retention,20,90.0,2024
1622,1531,Launch new module,40,70.0,2024
1623,1532,Reduce process cost,30,57.0,2024
1624,1532,Automate manual workflow,20,85.0,2024
1625,1532,Reduce process cost,30,65.0,2024
1626,1533,Reduce time-to-hire,25,72.0,2024
1627,1533,Improve eNPS,25,88.0,2024
1628,1534,Cut response time,40,92.0,2024
1629,1534,Increase upsell,25,108.0,2024
1630,1534,Reduce churn,30,99.0,2024
1631,1534,Increase upsell,20,76.0,2024
1632,1535,Cut regretted attrition,25,77.0,2024
1633,1535,Improve eNPS,20,104.0,2024
1634,1535,Improve eNPS,20,76.0,2024
1635,1535,Reduce time-to-hire,30,87.0,2024
1636,1536,Reduce process cost,30,91.0,2024
1637,1536,Automate manual workflow,25,101.0,2024
1638,1536,Reduce process cost,30,89.0,2024
1639,1537,Reduce overdue invoices,30,96.0,2024
1640,1537,Improve forecast accuracy,40,89.0,2024
1641,1537,Close books faster,20,85.0,2024
1642,1538,Cut regretted attrition,25,100.0,2024
1643,1538,Reduce time-to-hire,30,70.0,2024
1644,1538,Cut regretted attrition,40,89.0,2024
1645,1539,Reduce query cost,40,77.0,2024
1646,1539,Automate reporting pipeline,50,109.0,2024
1647,1539,Deliver self-serve dashboards,20,74.0,2024
1648,1539,Deliver self-serve dashboards,50,63.0,2024
1649,1540,Increase activation rate,50,117.0,2024
1650,1540,Run discovery interviews,20,93.0,2024
1651,1541,Launch new module,20,68.0,2024
1652,1541,Run discovery interviews,20,72.0,2024
1653,1541,Improve retention,30,81.0,2024
1654,1542,Expand key accounts,50,71.0,2024
1655,1542,Improve win rate,25,89.0,2024
1656,1542,Hit quarterly quota,50,91.0,2024
1657,1542,Expand key accounts,50,89.0,2024
1658,1543,Grow pipeline,40,97.0,2024
1659,1543,Expand key accounts,20,88.0,2024
1660,1544,Improve NPS,20,95.0,2024
1661,1544,Cut response time,20,81.0,2024
1662,1544,Increase upsell,20,97.0,2024
1663,1544,Reduce churn,20,103.0,2024
1664,1545,Improve forecast accuracy,50,99.0,2024
1665,1545,Close books faster,50,59.0,2024
1666,1545,Close books faster,20,84.0,2024
1667,1546,Improve retention,25,91.0,2024
1668,1546,Launch new module,20,100.0,2024
1669,1547,Reduce process cost,30,62.0,2024
1670,1547,Improve SLA compliance,20,82.0,2024
1671,1548,Ship roadmap features,25,108.0,2024
1672,1548,Ship roadmap features,50,122.0,2024
1673,1548,Cut API latency,25,92.0,2024
1674,1548,Cut API latency,50,107.0,2024
1675,1549,Reduce time-to-hire,20,76.0,2024
1676,1549,Cut regretted attrition,25,96.0,2024
1677,1550,Reduce overdue invoices,40,57.0,2024
1678,1550,Reduce overdue invoices,25,100.0,2024
1679,1550,Reduce overdue invoices,20,75.0,2024
1680,1550,Reduce overdue invoices,50,89.0,2024
1681,1551,Reduce time-to-hire,50,58.0,2024
1682,1551,Improve eNPS,30,58.0,2024
1683,1551,Improve eNPS,50,74.0,2024
1684,1551,Reduce time-to-hire,40,71.0,2024
1685,1552,Reduce process cost,40,108.0,2024
1686,1552,Improve SLA compliance,30,93.0,2024
1687,1552,Improve SLA compliance,20,111.0,2024
1688,1553,Launch new module,30,88.0,2024
1689,1553,Increase activation rate,25,99.0,2024
1690,1553,Improve retention,25,83.0,2024
1691,1553,Run discovery interviews,40,71.0,2024
1692,1554,Build design system,30,93.0,2024
1693,1554,Redesign onboarding,40,86.0,2024
1694,1554,Build design system,30,86.0,2024
1695,1555,Launch campaign,40,85.0,2024
1696,1555,Improve CAC,25,94.0,2024
1697,1556,Run discovery interviews,40,85.0,2024
1698,1556,Launch new module,40,79.0,2024
1699,1556,Improve retention,50,65.0,2024
1700,1557,Cut API latency,40,96.0,2024
1701,1557,Improve test coverage,30,100.0,2024
1702,1558,Reduce overdue invoices,25,97.0,2024
1703,1558,Improve forecast accuracy,40,99.0,2024
1704,1558,Reduce overdue invoices,40,115.0,2024
1705,1558,Reduce overdue invoices,20,114.0,2024
1706,1559,Build design system,40,99.0,2024
1707,1559,Improve usability score,25,111.0,2024
1708,1559,Improve usability score,50,88.0,2024
1709,1560,Improve win rate,25,93.0,2024
1710,1560,Hit quarterly quota,30,97.0,2024
1711,1560,Improve win rate,40,105.0,2024
1712,1560,Expand key accounts,30,130.0,2024
1713,1561,Close books faster,25,93.0,2024
1714,1561,Reduce overdue invoices,30,93.0,2024
1715,1561,Close books faster,25,105.0,2024
1716,1561,Reduce overdue invoices,40,105.0,2024
1717,1562,Reduce production incidents,50,73.0,2024
1718,1562,Cut API latency,30,85.0,2024
1719,1562,Cut API latency,40,63.0,2024
1720,1562,Cut API latency,50,86.0,2024
1721,1563,Improve SLA compliance,50,73.0,2024
1722,1563,Improve SLA compliance,25,82.0,2024
1723,1564,Improve data quality,25,122.0,2024
1724,1564,Improve data quality,30,130.0,2024
1725,1564,Reduce query cost,50,118.0,2024
1726,1564,Reduce query cost,25,116.0,2024
1727,1565,Automate reporting pipeline,25,90.0,2024
1728,1565,Reduce query cost,25,95.0,2024
1729,1566,Build design system,50,97.0,2024
1730,1566,Build design system,20,86.0,2024
1731,1567,Grow qualified leads,25,68.0,2024
1732,1567,Grow organic traffic,40,76.0,2024
1733,1567,Launch campaign,50,56.0,2024
1734,1568,Improve forecast accuracy,50,68.0,2024
1735,1568,Close books faster,20,96.0,2024
1736,1568,Improve forecast accuracy,30,89.0,2024
1737,1569,Grow organic traffic,30,80.0,2024
1738,1569,Grow organic traffic,40,76.0,2024
1739,1569,Launch campaign,40,94.0,2024
1740,1570,Build design system,50,88.0,2024
1741,1570,Improve usability score,20,102.0,2024
1742,1570,Redesign onboarding,30,73.0,2024
1743,1570,Build design system,20,87.0,2024
1744,1571,Redesign onboarding,40,102.0,2024
1745,1571,Improve usability score,40,98.0,2024
1746,1571,Improve usability score,40,67.0,2024
1747,1571,Build design system,30,121.0,2024
1748,1572,Launch campaign,25,93.0,2024
1749,1572,Grow organic traffic,25,94.0,2024
1750,1572,Improve CAC,40,71.0,2024
1751,1572,Grow qualified leads,30,86.0,2024
1752,1573,Grow qualified leads,30,85.0,2024
1753,1573,Grow organic traffic,30,89.0,2024
1754,1573,Improve CAC,30,54.0,2024
1755,1574,Launch new module,20,86.0,2024
1756,1574,Increase activation rate,30,75.0,2024
1757,1574,Launch new module,20,88.0,2024
1758,1575,Improve usability score,40,95.0,2024
1759,1575,Build design system,30,88.0,2024
1760,1575,Build design system,20,70.0,2024
1761,1575,Build design system,25,80.0,2024
1762,1576,Improve NPS,30,91.0,2024
1763,1576,Reduce churn,50,121.0,2024
1764,1577,Increase upsell,20,109.0,2024
1765,1577,Increase upsell,40,81.0,2024
1766,1578,Automate reporting pipeline,25,121.0,2024
1767,1578,Improve data quality,30,113.0,2024
1768,1578,Deliver self-serve dashboards,20,101.0,2024
1769,1579,Reduce production incidents,30,77.0,2024
1770,1579,Ship roadmap features,25,68.0,2024
1771,1579,Ship roadmap features,50,51.0,2024
1772,1579,Cut API latency,40,74.0,2024
1773,1580,Automate manual workflow,25,71.0,2024
1774,1580,Improve SLA compliance,40,106.0,2024
1775,1580,Automate manual workflow,50,92.0,2024
1776,1581,Cut regretted attrition,20,91.0,2024
1777,1581,Improve eNPS,25,93.0,2024
1778,1581,Reduce time-to-hire,25,84.0,2024
1779,1581,Cut regretted attrition,20,82.0,2024
1780,1582,Reduce query cost,20,52.0,2024
1781,1582,Automate reporting pipeline,40,67.0,2024
1782,1583,Hit quarterly quota,30,78.0,2024
1783,1583,Grow pipeline,25,87.0,2024
1784,1584,Reduce churn,50,94.0,2024
1785,1584,Increase upsell,30,90.0,2024
1786,1584,Cut response time,30,93.0,2024
1787,1584,Cut response time,30,83.0,2024
1788,1585,Reduce production incidents,30,102.0,2024
1789,1585,Ship roadmap features,40,85.0,2024
1790,1585,Reduce production incidents,25,86.0,2024
1791,1585,Improve test coverage,50,86.0,2024
1792,1586,Cut response time,20,95.0,2024
1793,1586,Reduce churn,30,77.0,2024
1794,1586,Improve NPS,30,97.0,2024
1795,1586,Improve NPS,20,79.0,2024
1796,1587,Improve SLA compliance,40,90.0,2024
1797,1587,Reduce process cost,30,89.0,2024
1798,1587,Improve SLA compliance,25,66.0,2024
1799,1588,Reduce query cost,20,78.0,2024
1800,1588,Automate reporting pipeline,50,76.0,2024
1801,1589,Improve NPS,20,82.0,2024
1802,1589,Cut response time,50,106.0,2024
1803,1590,Cut API latency,30,120.0,2024
1804,1590,Improve test coverage,25,95.0,2024
1805,1590,Cut API latency,20,107.0,2024
1806,1590,Improve test coverage,40,115.0,2024
1807,1591,Ship roadmap features,20,108.0,2024
1808,1591,Improve test coverage,25,125.0,2024
1809,1592,Improve data quality,40,64.0,2024
1810,1592,Deliver self-serve dashboards,25,85.0,2024
1811,1593,Launch new module,40,86.0,2024
1812,1593,Run discovery interviews,40,65.0,2024
1813,1594,Expand key accounts,20,55.0,2024
1814,1594,Grow pipeline,25,70.0,2024
1815,1594,Grow pipeline,40,73.0,2024
1816,1595,Run discovery interviews,30,71.0,2024
1817,1595,Improve retention,50,94.0,2024
1818,1596,Improve forecast accuracy,25,84.0,2024
1819,1596,Improve forecast accuracy,40,76.0,2024
1820,1597,Launch campaign,30,94.0,2024
1821,1597,Improve CAC,40,79.0,2024
1822,1597,Grow organic traffic,25,57.0,2024
1823,1598,Ship roadmap features,40,105.0,2024
1824,1598,Cut API latency,20,76.0,2024
1825,1599,Expand key accounts,30,97.0,2024
1826,1599,Hit quarterly quota,20,115.0,2024
1827,1600,Improve win rate,40,76.0,2024
1828,1600,Expand key accounts,20,120.0,2024
1829,1601,Improve usability score,20,88.0,2024
1830,1601,Build design system,40,83.0,2024
1831,1601,Redesign onboarding,20,64.0,2024
1832,1602,Grow qualified leads,50,80.0,2024
1833,1602,Grow qualified leads,40,75.0,2024
1834,1603,Automate manual workflow,50,77.0,2024
1835,1603,Improve SLA compliance,25,99.0,2024
1836,1603,Improve SLA compliance,30,102.0,2024
1837,1604,Grow pipeline,25,100.0,2024
1838,1604,Hit quarterly quota,30,84.0,2024
1839,1605,Cut regretted attrition,30,81.0,2024
1840,1605,Cut regretted attrition,50,79.0,2024
1841,1605,Cut regretted attrition,30,80.0,2024
1842,1606,Improve eNPS,30,95.0,2024
1843,1606,Improve eNPS,20,123.0,2024
1844,1607,Improve test coverage,25,86.0,2024
1845,1607,Ship roadmap features,20,57.0,2024
1846,1607,Ship roadmap features,20,73.0,2024
1847,1608,Improve eNPS,25,72.0,2024
1848,1608,Improve eNPS,30,71.0,2024
1849,1609,Automate manual workflow,50,84.0,2024
1850,1609,Reduce process cost,30,86.0,2024
1851,1609,Automate manual workflow,20,108.0,2024
1852,1610,Improve SLA compliance,25,90.0,2024
1853,1610,Automate manual workflow,20,88.0,2024
1854,1610,Reduce process cost,20,73.0,2024
1855,1610,Automate manual workflow,20,107.0,2024
1856,1611,Increase upsell,50,111.0,2024
1857,1611,Reduce churn,30,81.0,2024
1858,1611,Reduce churn,20,114.0,2024
1859,1612,Launch new module,25,70.0,2024
1860,1612,Improve retention,40,96.0,2024
1861,1612,Improve retention,25,112.0,2024
1862,1612,Launch new module,40,102.0,2024
1863,1613,Improve CAC,20,90.0,2024
1864,1613,Launch campaign,40,86.0,2024
1865,1614,Improve win rate,30,111.0,2024
1866,1614,Grow pipeline,40,107.0,2024
1867,1614,Hit quarterly quota,20,120.0,2024
1868,1614,Improve win rate,20,115.0,2024
1869,1615,Build design system,25,130.0,2024
1870,1615,Build design system,40,122.0,2024
1871,1615,Redesign onboarding,25,116.0,2024
1872,1616,Run discovery interviews,20,113.0,2024
1873,1616,Improve retention,40,118.0,2024
1874,1617,Close books faster,25,69.0,2024
1875,1617,Improve forecast accuracy,50,76.0,2024
1876,1618,Launch new module,25,56.0,2024
1877,1618,Run discovery interviews,20,59.0,2024
1878,1619,Reduce overdue invoices,50,96.0,2024
1879,1619,Improve forecast accuracy,40,129.0,2024
1880,1619,Reduce overdue invoices,20,91.0,2024
1881,1620,Improve eNPS,50,59.0,2024
1882,1620,Improve eNPS,30,87.0,2024
1883,1620,Reduce time-to-hire,30,67.0,2024
1884,1621,Grow qualified leads,40,116.0,2024
1885,1621,Improve CAC,50,104.0,2024
1886,1621,Improve CAC,20,114.0,2024
1887,1621,Grow qualified leads,20,106.0,2024
1888,1622,Improve win rate,30,105.0,2024
1889,1622,Hit quarterly quota,40,71.0,2024
1890,1622,Grow pipeline,25,101.0,2024
1891,1622,Hit quarterly quota,40,89.0,2024
1892,1623,Close books faster,40,111.0,2024
1893,1623,Improve forecast accuracy,40,93.0,2024
1894,1623,Close books faster,50,113.0,2024
1895,1623,Reduce overdue invoices,30,103.0,2024
1896,1624,Increase upsell,20,76.0,2024
1897,1624,Cut response time,30,101.0,2024
1898,1624,Increase upsell,30,80.0,2024
1899,1624,Improve NPS,30,105.0,2024
1900,1625,Reduce time-to-hire,30,92.0,2024
1901,1625,Improve eNPS,20,82.0,2024
1902,1625,Cut regretted attrition,40,86.0,2024
1903,1625,Improve eNPS,30,97.0,2024
1904,1626,Automate manual workflow,30,87.0,2024
1905,1626,Reduce process cost,25,83.0,2024
1906,1627,Run discovery interviews,50,89.0,2024
1907,1627,Improve retention,40,86.0,2024
1908,1628,Improve CAC,40,104.0,2024
1909,1628,Grow qualified leads,50,98.0,2024
1910,1629,Improve data quality,40,92.0,2024
1911,1629,Automate reporting pipeline,25,108.0,2024
1912,1629,Reduce query cost,20,103.0,2024
1913,1629,Automate reporting pipeline,50,101.0,2024
1914,1630,Automate reporting pipeline,20,93.0,2024
1915,1630,Automate reporting pipeline,50,81.0,2024
1916,1630,Improve data quality,40,59.0,2024
1917,1631,Reduce production incidents,50,94.0,2024
1918,1631,Improve test coverage,50,110.0,2024
1919,1632,Reduce churn,40,99.0,2024
1920,1632,Reduce churn,20,89.0,2024
1921,1633,Improve CAC,40,99.0,2024
1922,1633,Grow organic traffic,25,86.0,2024
1923,1634,Improve SLA compliance,30,85.0,2024
1924,1634,Automate manual workflow,50,89.0,2024
1925,1634,Reduce process cost,40,86.0,2024
1926,1634,Reduce process cost,40,105.0,2024
1927,1635,Hit quarterly quota,30,89.0,2024
1928,1635,Expand key accounts,25,88.0,2024
1929,1636,Grow organic traffic,50,97.0,2024
1930,1636,Improve CAC,20,100.0,2024
1931,1636,Grow qualified leads,50,88.0,2024
1932,1636,Launch campaign,40,93.0,2024
1933,1637,Improve usability score,50,75.0,2024
1934,1637,Build design system,30,82.0,2024
1935,1637,Build design system,20,94.0,2024
1936,1637,Build design system,40,91.0,2024
1937,1638,Automate manual workflow,30,93.0,2024
1938,1638,Automate manual workflow,30,105.0,2024
1939,1639,Reduce production incidents,50,75.0,2024
1940,1639,Ship roadmap features,25,108.0,2024
1941,1639,Reduce production incidents,30,117.0,2024
1942,1640,Launch new module,30,100.0,2024
1943,1640,Run discovery interviews,25,87.0,2024
1944,1641,Cut regretted attrition,40,130.0,2024
1945,1641,Improve eNPS,50,108.0,2024
1946,1641,Cut regretted attrition,50,116.0,2024
1947,1641,Reduce time-to-hire,30,105.0,2024
1948,1642,Redesign onboarding,40,108.0,2024
1949,1642,Build design system,20,99.0,2024
1950,1643,Reduce process cost,30,77.0,2024
1951,1643,Automate manual workflow,50,87.0,2024
1952,1643,Reduce process cost,40,66.0,2024
1953,1644,Reduce process cost,50,65.0,2024
1954,1644,Improve SLA compliance,50,86.0,2024
1955,1645,Reduce churn,40,76.0,2024
1956,1645,Cut response time,30,66.0,2024
1957,1646,Grow organic traffic,30,90.0,2024
1958,1646,Grow organic traffic,40,112.0,2024
1959,1646,Improve CAC,30,103.0,2024
1960,1646,Launch campaign,50,98.0,2024
1961,1647,Grow pipeline,50,108.0,2024
1962,1647,Grow pipeline,30,89.0,2024
1963,1647,Expand key accounts,50,79.0,2024
1964,1648,Cut regretted attrition,40,86.0,2024
1965,1648,Reduce time-to-hire,25,80.0,2024
1966,1648,Improve eNPS,25,72.0,2024
1967,1648,Reduce time-to-hire,20,63.0,2024
1968,1649,Close books faster,20,90.0,2024
1969,1649,Reduce overdue invoices,40,89.0,2024
1970,1649,Improve forecast accuracy,40,85.0,2024
1971,1649,Reduce overdue invoices,50,104.0,2024
1972,1650,Improve CAC,40,107.0,2024
1973,1650,Grow organic traffic,20,98.0,2024
1974,1651,Close books faster,50,74.0,2024
1975,1651,Improve forecast accuracy,50,77.0,2024
1976,1651,Reduce overdue invoices,25,93.0,2024
1977,1651,Close books faster,30,93.0,2024
1978,1652,Automate reporting pipeline,25,92.0,2024
1979,1652,Automate reporting pipeline,25,93.0,2024
1980,1653,Cut response time,50,64.0,2024
1981,1653,Improve NPS,20,65.0,2024
1982,1653,Increase upsell,40,76.0,2024
1983,1653,Improve NPS,50,90.0,2024
1984,1654,Reduce query cost,30,111.0,2024
1985,1654,Improve data quality,25,80.0,2024
1986,1654,Deliver self-serve dashboards,30,69.0,2024
1987,1654,Improve data quality,40,93.0,2024
1988,1655,Improve CAC,20,48.0,2024
1989,1655,Improve CAC,50,58.0,2024
1990,1655,Launch campaign,50,76.0,2024
1991,1655,Grow organic traffic,30,83.0,2024
1992,1656,Improve usability score,20,83.0,2024
1993,1656,Redesign onboarding,25,73.0,2024
1994,1656,Improve usability score,25,74.0,2024
1995,1657,Improve NPS,30,118.0,2024
1996,1657,Increase upsell,20,110.0,2024
1997,1657,Cut response time,25,120.0,2024
1998,1658,Redesign onboarding,25,106.0,2024
1999,1658,Redesign onboarding,50,94.0,2024
2000,1658,Redesign onboarding,20,112.0,2024
2001,1658,Build design system,40,87.0,2024
2002,1659,Cut response time,30,83.0,2024
2003,1659,Reduce churn,25,88.0,2024
2004,1659,Increase upsell,40,101.0,2024
2005,1659,Increase upsell,20,112.0,2024
2006,1660,Improve test coverage,40,84.0,2024
2007,1660,Cut API latency,40,99.0,2024
2008,1660,Reduce production incidents,40,96.0,2024
2009,1661,Close books faster,20,73.0,2024
2010,1661,Close books faster,30,70.0,2024
2011,1661,Close books faster,30,85.0,2024
2012,1662,Launch campaign,25,92.0,2024
2013,1662,Launch campaign,25,91.0,2024
2014,1662,Grow qualified leads,20,94.0,2024
2015,1662,Launch campaign,40,97.0,2024
2016,1663,Redesign onboarding,50,66.0,2024
2017,1663,Redesign onboarding,40,91.0,2024
2018,1663,Redesign onboarding,20,83.0,2024
2019,1664,Improve eNPS,50,88.0,2024
2020,1664,Reduce time-to-hire,25,93.0,2024
2021,1664,Improve eNPS,50,47.0,2024
2022,1664,Cut regretted attrition,30,86.0,2024
2023,1665,Improve retention,40,59.0,2024
2024,1665,Launch new module,50,81.0,2024
2025,1665,Improve retention,25,59.0,2024
2026,1666,Grow qualified leads,40,103.0,2024
2027,1666,Grow organic traffic,40,98.0,2024
2028,1667,Reduce overdue invoices,50,72.0,2024
2029,1667,Improve forecast accuracy,30,88.0,2024
2030,1668,Run discovery interviews,50,81.0,2024
2031,1668,Improve retention,25,106.0,2024
2032,1669,Launch campaign,30,82.0,2024
2033,1669,Grow qualified leads,20,67.0,2024
2034,1669,Grow qualified leads,20,67.0,2024
2035,1669,Launch campaign,25,114.0,2024
2036,1670,Grow organic traffic,30,96.0,2024
2037,1670,Improve CAC,30,67.0,2024
2038,1670,Launch campaign,50,83.0,2024
2039,1671,Close books faster,20,92.0,2024
2040,1671,Close books faster,50,109.0,2024
2041,1672,Improve usability score,50,88.0,2024
2042,1672,Improve usability score,50,102.0,2024
2043,1673,Automate manual workflow,50,92.0,2024
2044,1673,Automate manual workflow,20,104.0,2024
2045,1673,Improve SLA compliance,25,115.0,2024
2046,1674,Reduce overdue invoices,25,87.0,2024
2047,1674,Improve forecast accuracy,40,88.0,2024
2048,1674,Improve forecast accuracy,25,115.0,2024
2049,1674,Reduce overdue invoices,30,102.0,2024
2050,1675,Automate manual workflow,20,75.0,2024
2051,1675,Improve SLA compliance,20,75.0,2024
2052,1675,Reduce process cost,40,89.0,2024
2053,1675,Improve SLA compliance,25,105.0,2024
2054,1676,Grow organic traffic,30,61.0,2024
2055,1676,Grow organic traffic,20,68.0,2024
2056,1676,Grow qualified leads,40,74.0,2024
2057,1677,Grow pipeline,40,93.0,2024
2058,1677,Grow pipeline,30,73.0,2024
2059,1677,Improve win rate,30,84.0,2024
2060,1678,Cut API latency,25,74.0,2024
2061,1678,Reduce production incidents,25,74.0,2024
2062,1678,Reduce production incidents,25,84.0,2024
2063,1679,Reduce overdue invoices,30,84.0,2024
2064,1679,Improve forecast accuracy,50,89.0,2024
2065,1679,Reduce overdue invoices,25,85.0,2024
2066,1680,Launch new module,50,66.0,2024
2067,1680,Improve retention,20,89.0,2024
2068,1681,Hit quarterly quota,40,76.0,2024
2069,1681,Grow pipeline,30,72.0,2024
2070,1681,Grow pipeline,30,81.0,2024
2071,1682,Improve forecast accuracy,20,85.0,2024
2072,1682,Reduce overdue invoices,30,84.0,2024
2073,1682,Improve forecast accuracy,40,91.0,2024
2074,1683,Grow qualified leads,20,102.0,2024
2075,1683,Grow organic traffic,20,104.0,2024
2076,1683,Improve CAC,50,108.0,2024
2077,1683,Grow qualified leads,20,103.0,2024
2078,1684,Improve test coverage,20,111.0,2024
2079,1684,Cut API latency,25,93.0,2024
2080,1684,Improve test coverage,25,85.0,2024
2081,1685,Build design system,20,93.0,2024
2082,1685,Improve usability score,25,93.0,2024
2083,1686,Launch new module,25,92.0,2024
2084,1686,Improve retention,20,108.0,2024
2085,1687,Improve eNPS,40,89.0,2024
2086,1687,Reduce time-to-hire,40,65.0,2024
2087,1687,Cut regretted attrition,20,79.0,2024
2088,1688,Improve retention,40,94.0,2024
2089,1688,Improve retention,20,103.0,2024
2090,1688,Improve retention,30,123.0,2024
2091,1688,Increase activation rate,25,111.0,2024
2092,1689,Improve NPS,40,113.0,2024
2093,1689,Cut response time,30,107.0,2024
2094,1690,Reduce time-to-hire,25,80.0,2024
2095,1690,Cut regretted attrition,30,70.0,2024
2096,1690,Cut regretted attrition,20,63.0,2024
2097,1690,Improve eNPS,40,94.0,2024
2098,1691,Improve forecast accuracy,50,83.0,2024
2099,1691,Close books faster,40,110.0,2024
2100,1691,Reduce overdue invoices,50,101.0,2024
2101,1691,Close books faster,30,91.0,2024
2102,1692,Grow organic traffic,50,99.0,2024
2103,1692,Improve CAC,50,93.0,2024
2104,1692,Grow qualified leads,30,84.0,2024
2105,1692,Improve CAC,30,75.0,2024
2106,1693,Improve NPS,25,100.0,2024
2107,1693,Reduce churn,50,100.0,2024
2108,1693,Reduce churn,20,85.0,2024
2109,1693,Increase upsell,25,97.0,2024
2110,1694,Improve retention,50,87.0,2024
2111,1694,Increase activation rate,30,65.0,2024
2112,1694,Increase activation rate,30,73.0,2024
2113,1694,Increase activation rate,20,85.0,2024
2114,1695,Automate manual workflow,30,108.0,2024
2115,1695,Automate manual workflow,40,130.0,2024
2116,1696,Grow pipeline,50,59.0,2024
2117,1696,Hit quarterly quota,30,90.0,2024
2118,1696,Grow pipeline,40,90.0,2024
2119,1696,Improve win rate,25,96.0,2024
2120,1697,Improve SLA compliance,25,92.0,2024
2121,1697,Automate manual workflow,20,82.0,2024
2122,1698,Improve forecast accuracy,30,91.0,2024
2123,1698,Close books faster,25,76.0,2024
2124,1699,Deliver self-serve dashboards,30,81.0,2024
2125,1699,Reduce query cost,50,109.0,2024
2126,1700,Reduce query cost,40,98.0,2024
2127,1700,Deliver self-serve dashboards,50,110.0,2024
2128,1700,Deliver self-serve dashboards,50,129.0,2024
2129,1700,Automate reporting pipeline,50,110.0,2024
2130,1701,Improve eNPS,25,88.0,2024
2131,1701,Cut regretted attrition,20,52.0,2024
2132,1702,Reduce query cost,40,108.0,2024
2133,1702,Deliver self-serve dashboards,50,96.0,2024
2134,1703,Grow organic traffic,30,75.0,2024
2135,1703,Launch campaign,50,86.0,2024
2136,1704,Improve eNPS,25,85.0,2024
2137,1704,Reduce time-to-hire,20,100.0,2024
2138,1705,Increase activation rate,20,96.0,2024
2139,1705,Increase activation rate,25,105.0,2024
2140,1705,Increase activation rate,50,96.0,2024
2141,1705,Improve retention,25,100.0,2024
2142,1706,Increase activation rate,30,70.0,2024
2143,1706,Run discovery interviews,50,64.0,2024
2144,1707,Grow pipeline,30,111.0,2024
2145,1707,Grow pipeline,50,98.0,2024
2146,1708,Improve usability score,20,89.0,2024
2147,1708,Improve usability score,25,86.0,2024
2148,1708,Redesign onboarding,30,100.0,2024
2149,1709,Improve SLA compliance,40,74.0,2024
2150,1709,Reduce process cost,20,91.0,2024
2151,1709,Automate manual workflow,25,89.0,2024
2152,1710,Hit quarterly quota,25,123.0,2024
2153,1710,Improve win rate,25,94.0,2024
2154,1711,Improve NPS,25,84.0,2024
2155,1711,Cut response time,40,99.0,2024
2156,1711,Reduce churn,40,57.0,2024
2157,1712,Expand key accounts,20,107.0,2024
2158,1712,Improve win rate,25,93.0,2024
2159,1712,Grow pipeline,50,88.0,2024
2160,1713,Reduce query cost,40,101.0,2024
2161,1713,Reduce query cost,40,91.0,2024
2162,1713,Deliver self-serve dashboards,20,94.0,2024
2163,1713,Reduce query cost,40,80.0,2024
2164,1714,Reduce time-to-hire,20,85.0,2024
2165,1714,Improve eNPS,30,69.0,2024
2166,1715,Improve forecast accuracy,20,92.0,2024
2167,1715,Close books faster,25,85.0,2024
2168,1716,Automate reporting pipeline,30,75.0,2024
2169,1716,Automate reporting pipeline,20,81.0,2024
2170,1717,Automate manual workflow,50,102.0,2024
2171,1717,Automate manual workflow,40,89.0,2024
2172,1717,Improve SLA compliance,30,74.0,2024
2173,1717,Reduce process cost,25,95.0,2024
2174,1718,Build design system,25,71.0,2024
2175,1718,Build design system,30,81.0,2024
2176,1718,Build design system,20,92.0,2024
2177,1719,Improve CAC,50,125.0,2024
2178,1719,Improve CAC,40,116.0,2024
2179,1719,Grow organic traffic,25,101.0,2024
2180,1720,Deliver self-serve dashboards,25,68.0,2024
2181,1720,Improve data quality,50,94.0,2024
2182,1720,Automate reporting pipeline,50,69.0,2024
2183,1720,Improve data quality,50,78.0,2024
2184,1721,Redesign onboarding,40,80.0,2024
2185,1721,Improve usability score,25,77.0,2024
2186,1721,Improve usability score,25,81.0,2024
2187,1721,Build design system,50,76.0,2024
2188,1722,Expand key accounts,50,72.0,2024
2189,1722,Hit quarterly quota,40,104.0,2024
2190,1722,Hit quarterly quota,30,85.0,2024
2191,1722,Grow pipeline,25,87.0,2024
2192,1723,Cut API latency,25,79.0,2024
2193,1723,Reduce production incidents,50,72.0,2024
2194,1723,Improve test coverage,50,83.0,2024
2195,1724,Grow qualified leads,20,88.0,2024
2196,1724,Grow organic traffic,50,93.0,2024
2197,1725,Grow pipeline,20,87.0,2024
2198,1725,Grow pipeline,30,89.0,2024
2199,1725,Grow pipeline,30,96.0,2024
2200,1725,Expand key accounts,20,87.0,2024
2201,1726,Improve SLA compliance,40,73.0,2024
2202,1726,Automate manual workflow,20,83.0,2024
2203,1726,Reduce process cost,40,88.0,2024
2204,1727,Reduce time-to-hire,50,114.0,2024
2205,1727,Cut regretted attrition,30,121.0,2024
2206,1727,Cut regretted attrition,30,88.0,2024
2207,1728,Cut regretted attrition,50,77.0,2024
2208,1728,Cut regretted attrition,40,76.0,2024
2209,1728,Reduce time-to-hire,30,113.0,2024
2210,1728,Improve eNPS,40,83.0,2024
2211,1729,Run discovery interviews,40,104.0,2024
2212,1729,Launch new module,20,89.0,2024
2213,1729,Launch new module,50,85.0,2024
2214,1729,Increase activation rate,30,91.0,2024
2215,1730,Improve test coverage,20,83.0,2024
2216,1730,Improve test coverage,50,62.0,2024
2217,1730,Improve test coverage,30,77.0,2024
2218,1730,Improve test coverage,25,89.0,2024
2219,1731,Reduce process cost,50,80.0,2024
2220,1731,Reduce process cost,30,106.0,2024
2221,1732,Improve CAC,25,77.0,2024
2222,1732,Grow qualified leads,30,95.0,2024
2223,1733,Improve SLA compliance,30,87.0,2024
2224,1733,Reduce process cost,20,90.0,2024
2225,1733,Automate manual workflow,40,84.0,2024
2226,1733,Improve SLA compliance,30,89.0,2024
2227,1734,Grow qualified leads,20,112.0,2024
2228,1734,Grow organic traffic,40,74.0,2024
2229,1735,Improve win rate,20,64.0,2024
2230,1735,Grow pipeline,40,84.0,2024
2231,1735,Grow pipeline,40,85.0,2024
2232,1736,Automate manual workflow,50,93.0,2024
2233,1736,Improve SLA compliance,30,66.0,2024
2234,1736,Automate manual workflow,20,73.0,2024
2235,1737,Close books faster,40,104.0,2024
2236,1737,Close books faster,40,111.0,2024
2237,1737,Close books faster,25,95.0,2024
2238,1738,Build design system,25,87.0,2024
2239,1738,Build design system,40,108.0,2024
2240,1739,Cut response time,20,97.0,2024
2241,1739,Improve NPS,25,77.0,2024
2242,1739,Improve NPS,50,70.0,2024
2243,1739,Reduce churn,25,74.0,2024
2244,1740,Hit quarterly quota,40,99.0,2024
2245,1740,Hit quarterly quota,50,77.0,2024
2246,1740,Grow pipeline,30,110.0,2024
2247,1740,Improve win rate,40,94.0,2024
2248,1741,Reduce overdue invoices,30,84.0,2024
2249,1741,Close books faster,20,75.0,2024
2250,1741,Close books faster,25,81.0,2024
2251,1741,Improve forecast accuracy,30,106.0,2024
2252,1742,Grow organic traffic,25,120.0,2024
2253,1742,Grow organic traffic,25,88.0,2024
2254,1742,Grow qualified leads,20,96.0,2024
2255,1742,Launch campaign,50,77.0,2024
2256,1743,Improve NPS,20,88.0,2024
2257,1743,Reduce churn,50,103.0,2024
2258,1744,Reduce query cost,25,103.0,2024
2259,1744,Improve data quality,20,82.0,2024
2260,1744,Reduce query cost,30,108.0,2024
2261,1744,Deliver self-serve dashboards,20,70.0,2024
2262,1745,Improve data quality,50,78.0,2024
2263,1745,Automate reporting pipeline,50,94.0,2024
2264,1746,Reduce time-to-hire,40,111.0,2024
2265,1746,Improve eNPS,50,76.0,2024
2266,1747,Increase activation rate,20,89.0,2024
2267,1747,Increase activation rate,25,86.0,2024
2268,1747,Increase activation rate,50,89.0,2024
2269,1748,Improve test coverage,20,97.0,2024
2270,1748,Improve test coverage,20,91.0,2024
2271,1749,Automate reporting pipeline,40,67.0,2024
2272,1749,Automate reporting pipeline,25,80.0,2024
2273,1749,Deliver self-serve dashboards,40,101.0,2024
2274,1749,Automate reporting pipeline,40,99.0,2024
2275,1750,Cut response time,50,97.0,2024
2276,1750,Cut response time,25,95.0,2024
2277,1750,Improve NPS,20,97.0,2024
2278,1750,Increase upsell,50,104.0,2024
2279,1751,Automate manual workflow,40,70.0,2024
2280,1751,Improve SLA compliance,25,77.0,2024
2281,1751,Automate manual workflow,25,83.0,2024
2282,1751,Improve SLA compliance,30,42.0,2024
2283,1752,Reduce overdue invoices,30,100.0,2024
2284,1752,Reduce overdue invoices,40,94.0,2024
2285,1753,Grow pipeline,25,88.0,2024
2286,1753,Improve win rate,30,89.0,2024
2287,1753,Grow pipeline,20,91.0,2024
2288,1754,Run discovery interviews,30,66.0,2024
2289,1754,Increase activation rate,20,90.0,2024
2290,1755,Increase upsell,40,72.0,2024
2291,1755,Reduce churn,20,75.0,2024
2292,1756,Automate manual workflow,30,78.0,2024
2293,1756,Improve SLA compliance,25,84.0,2024
2294,1757,Improve data quality,30,91.0,2024
2295,1757,Deliver self-serve dashboards,30,72.0,2024
2296,1758,Run discovery interviews,50,81.0,2024
2297,1758,Improve retention,25,78.0,2024
2298,1758,Increase activation rate,40,66.0,2024
2299,1758,Launch new module,25,85.0,2024
2300,1759,Grow pipeline,50,89.0,2024
2301,1759,Improve win rate,40,115.0,2024
2302,1759,Expand key accounts,25,105.0,2024
2303,1759,Hit quarterly quota,40,106.0,2024
2304,1760,Hit quarterly quota,50,72.0,2024
2305,1760,Expand key accounts,50,48.0,2024
2306,1760,Expand key accounts,40,69.0,2024
2307,1761,Run discovery interviews,40,108.0,2024
2308,1761,Improve retention,20,91.0,2024
2309,1761,Launch new module,50,114.0,2024
2310,1762,Expand key accounts,20,78.0,2024
2311,1762,Grow pipeline,25,75.0,2024
2312,1762,Hit quarterly quota,50,86.0,2024
2313,1763,Grow pipeline,50,97.0,2024
2314,1763,Expand key accounts,25,84.0,2024
2315,1763,Hit quarterly quota,30,71.0,2024
2316,1763,Expand key accounts,25,97.0,2024
2317,1764,Increase upsell,30,86.0,2024
2318,1764,Reduce churn,50,87.0,2024
2319,1765,Launch campaign,30,88.0,2024
2320,1765,Grow organic traffic,50,101.0,2024
2321,1765,Grow qualified leads,40,110.0,2024
2322,1766,Ship roadmap features,30,106.0,2024
2323,1766,Reduce production incidents,50,130.0,2024
2324,1766,Reduce production incidents,40,111.0,2024
2325,1766,Cut API latency,30,97.0,2024
2326,1767,Improve usability score,20,73.0,2024
2327,1767,Redesign onboarding,20,86.0,2024
2328,1767,Build design system,40,86.0,2024
2329,1767,Build design system,50,57.0,2024
2330,1768,Improve NPS,50,86.0,2024
2331,1768,Reduce churn,50,76.0,2024
2332,1768,Increase upsell,25,104.0,2024
2333,1769,Reduce process cost,25,82.0,2024
2334,1769,Improve SLA compliance,30,92.0,2024
2335,1769,Reduce process cost,30,88.0,2024
2336,1769,Automate manual workflow,25,82.0,2024
2337,1770,Improve usability score,25,68.0,2024
2338,1770,Build design system,20,91.0,2024
2339,1771,Reduce overdue invoices,30,72.0,2024
2340,1771,Improve forecast accuracy,20,65.0,2024
2341,1771,Improve forecast accuracy,25,55.0,2024
2342,1771,Reduce overdue invoices,30,87.0,2024
2343,1772,Reduce process cost,20,88.0,2024
2344,1772,Improve SLA compliance,20,92.0,2024
2345,1772,Automate manual workflow,40,86.0,2024
2346,1773,Automate reporting pipeline,30,106.0,2024
2347,1773,Improve data quality,40,104.0,2024
2348,1773,Deliver self-serve dashboards,25,120.0,2024
2349,1773,Automate reporting pipeline,30,113.0,2024
2350,1774,Increase upsell,30,114.0,2024
2351,1774,Improve NPS,30,81.0,2024
2352,1774,Increase upsell,30,95.0,2024
2353,1775,Cut API latency,50,108.0,2024
2354,1775,Cut API latency,40,63.0,2024
2355,1776,Reduce overdue invoices,50,115.0,2024
2356,1776,Reduce overdue invoices,50,101.0,2024
2357,1776,Reduce overdue invoices,25,121.0,2024
2358,1777,Improve NPS,20,59.0,2024
2359,1777,Reduce churn,20,83.0,2024
2360,1777,Cut response time,25,78.0,2024
2361,1777,Reduce churn,30,92.0,2024
2362,1778,Launch campaign,40,98.0,2024
2363,1778,Grow qualified leads,20,95.0,2024
2364,1779,Build design system,40,124.0,2024
2365,1779,Redesign onboarding,40,120.0,2024
2366,1780,Improve usability score,40,96.0,2024
2367,1780,Improve usability score,20,87.0,2024
2368,1780,Build design system,20,81.0,2024
2369,1781,Improve usability score,30,90.0,2024
2370,1781,Improve usability score,40,120.0,2024
2371,1782,Reduce query cost,20,91.0,2024
2372,1782,Reduce query cost,30,98.0,2024
2373,1782,Deliver self-serve dashboards,25,90.0,2024
2374,1783,Close books faster,30,83.0,2024
2375,1783,Improve forecast accuracy,40,84.0,2024
2376,1783,Close books faster,30,89.0,2024
2377,1784,Cut regretted attrition,40,106.0,2024
2378,1784,Improve eNPS,20,102.0,2024
2379,1784,Reduce time-to-hire,20,130.0,2024
2380,1784,Reduce time-to-hire,50,111.0,2024
2381,1785,Build design system,20,90.0,2024
2382,1785,Redesign onboarding,25,101.0,2024
2383,1785,Redesign onboarding,30,101.0,2024
2384,1786,Hit quarterly quota,30,130.0,2024
2385,1786,Improve win rate,25,90.0,2024
2386,1786,Hit quarterly quota,40,96.0,2024
2387,1787,Ship roadmap features,30,96.0,2024
2388,1787,Cut API latency,40,91.0,2024
2389,1788,Reduce overdue invoices,50,111.0,2024
2390,1788,Improve forecast accuracy,30,103.0,2024
2391,1788,Reduce overdue invoices,20,99.0,2024
2392,1788,Close books faster,20,92.0,2024
2393,1789,Reduce time-to-hire,50,85.0,2024
2394,1789,Reduce time-to-hire,40,94.0,2024
2395,1789,Improve eNPS,50,77.0,2024
2396,1790,Cut regretted attrition,50,94.0,2024
2397,1790,Cut regretted attrition,50,78.0,2024
2398,1790,Reduce time-to-hire,30,98.0,2024
2399,1790,Improve eNPS,50,102.0,2024
2400,1791,Reduce process cost,40,91.0,2024
2401,1791,Improve SLA compliance,30,98.0,2024
2402,1792,Reduce production incidents,20,66.0,2024
2403,1792,Ship roadmap features,20,57.0,2024
2404,1792,Reduce production incidents,50,95.0,2024
2405,1792,Cut API latency,30,68.0,2024
2406,1793,Launch new module,25,81.0,2024
2407,1793,Increase activation rate,30,93.0,2024
2408,1794,Grow organic traffic,30,80.0,2024
2409,1794,Grow qualified leads,50,83.0,2024
2410,1794,Grow qualified leads,25,74.0,2024
2411,1795,Reduce process cost,50,97.0,2024
2412,1795,Improve SLA compliance,40,107.0,2024
2413,1795,Improve SLA compliance,20,86.0,2024
2414,1796,Deliver self-serve dashboards,25,127.0,2024
2415,1796,Reduce query cost,30,120.0,2024
2416,1797,Cut regretted attrition,25,100.0,2024
2417,1797,Improve eNPS,40,101.0,2024
2418,1798,Reduce query cost,30,88.0,2024
2419,1798,Automate reporting pipeline,30,115.0,2024
2420,1798,Improve data quality,40,105.0,2024
2421,1798,Improve data quality,30,90.0,2024
2422,1799,Improve NPS,25,100.0,2024
2423,1799,Reduce churn,20,88.0,2024
2424,1800,Deliver self-serve dashboards,20,82.0,2024
2425,1800,Automate reporting pipeline,20,70.0,2024
2426,1800,Automate reporting pipeline,25,70.0,2024
2427,1801,Run discovery interviews,20,72.0,2024
2428,1801,Run discovery interviews,20,85.0,2024
2429,1802,Grow organic traffic,50,102.0,2024
2430,1802,Improve CAC,20,88.0,2024
2431,1803,Deliver self-serve dashboards,25,78.0,2024
2432,1803,Improve data quality,20,74.0,2024
2433,1804,Increase upsell,30,87.0,2024
2434,1804,Improve NPS,40,77.0,2024
2435,1804,Cut response time,25,71.0,2024
2436,1804,Increase upsell,25,78.0,2024
2437,1805,Launch campaign,25,94.0,2024
2438,1805,Launch campaign,40,88.0,2024
2439,1805,Grow qualified leads,20,101.0,2024
2440,1805,Grow organic traffic,20,90.0,2024
2441,1806,Improve test coverage,50,70.0,2024
2442,1806,Improve test coverage,30,91.0,2024
2443,1806,Ship roadmap features,40,86.0,2024
2444,1806,Reduce production incidents,50,92.0,2024
2445,1807,Reduce process cost,30,103.0,2024
2446,1807,Improve SLA compliance,40,95.0,2024
2447,1807,Reduce process cost,50,89.0,2024
2448,1808,Reduce process cost,50,95.0,2024
2449,1808,Improve SLA compliance,50,70.0,2024
2450,1809,Grow qualified leads,50,72.0,2024
2451,1809,Grow qualified leads,30,72.0,2024
2452,1809,Launch campaign,20,99.0,2024
2453,1810,Redesign onboarding,25,64.0,2024
2454,1810,Redesign onboarding,30,69.0,2024
2455,1811,Launch campaign,50,92.0,2024
2456,1811,Improve CAC,30,78.0,2024
2457,1811,Grow qualified leads,25,70.0,2024
2458,1811,Launch campaign,25,64.0,2024
2459,1812,Reduce production incidents,30,82.0,2024
2460,1812,Reduce production incidents,40,70.0,2024
2461,1812,Improve test coverage,20,73.0,2024
2462,1812,Cut API latency,50,62.0,2024
2463,1813,Expand key accounts,25,85.0,2024
2464,1813,Improve win rate,30,101.0,2024
2465,1814,Improve data quality,30,117.0,2024
2466,1814,Improve data quality,30,112.0,2024
2467,1814,Reduce query cost,40,94.0,2024
2468,1815,Improve forecast accuracy,30,106.0,2024
2469,1815,Improve forecast accuracy,30,116.0,2024
2470,1815,Reduce overdue invoices,40,110.0,2024
2471,1816,Improve NPS,20,77.0,2024
2472,1816,Increase upsell,40,87.0,2024
2473,1816,Increase upsell,20,102.0,2024
2474,1817,Cut response time,20,94.0,2024
2475,1817,Cut response time,50,116.0,2024
2476,1818,Automate manual workflow,25,78.0,2024
2477,1818,Reduce process cost,30,62.0,2024
2478,1818,Automate manual workflow,40,48.0,2024
2479,1818,Improve SLA compliance,40,73.0,2024
2480,1819,Improve win rate,25,85.0,2024
2481,1819,Expand key accounts,40,80.0,2024
2482,1819,Grow pipeline,50,95.0,2024
2483,1820,Automate manual workflow,30,109.0,2024
2484,1820,Automate manual workflow,40,99.0,2024
2485,1820,Improve SLA compliance,50,96.0,2024
2486,1821,Reduce time-to-hire,20,85.0,2024
2487,1821,Reduce time-to-hire,30,110.0,2024
2488,1822,Improve forecast accuracy,25,95.0,2024
2489,1822,Improve forecast accuracy,30,76.0,2024
2490,1823,Launch new module,50,112.0,2024
2491,1823,Run discovery interviews,20,103.0,2024
2492,1823,Increase activation rate,40,101.0,2024
2493,1824,Improve CAC,25,62.0,2024
2494,1824,Launch campaign,40,93.0,2024
2495,1825,Run discovery interviews,50,88.0,2024
2496,1825,Launch new module,40,96.0,2024
2497,1826,Improve eNPS,20,106.0,2024
2498,1826,Cut regretted attrition,40,95.0,2024
2499,1827,Improve data quality,20,80.0,2024
2500,1827,Reduce query cost,20,91.0,2024
2501,1827,Improve data quality,25,88.0,2024
2502,1828,Improve SLA compliance,25,91.0,2024
2503,1828,Automate manual workflow,50,73.0,2024
2504,1828,Reduce process cost,25,95.0,2024
2505,1829,Improve retention,30,91.0,2024
2506,1829,Launch new module,40,81.0,2024
2507,1829,Improve retention,25,80.0,2024
2508,1829,Launch new module,40,96.0,2024
2509,1830,Build design system,50,65.0,2024
2510,1830,Build design system,50,87.0,2024
2511,1831,Improve test coverage,30,79.0,2024
2512,1831,Improve test coverage,50,83.0,2024
2513,1831,Improve test coverage,50,111.0,2024
2514,1832,Grow organic traffic,50,108.0,2024
2515,1832,Grow qualified leads,25,88.0,2024
2516,1832,Grow organic traffic,25,100.0,2024
2517,1833,Reduce churn,40,89.0,2024
2518,1833,Increase upsell,25,122.0,2024
2519,1833,Cut response time,20,113.0,2024
2520,1833,Improve NPS,25,101.0,2024
2521,1834,Deliver self-serve dashboards,20,68.0,2024
2522,1834,Improve data quality,25,76.0,2024
2523,1835,Improve CAC,40,68.0,2024
2524,1835,Improve CAC,40,98.0,2024
2525,1835,Grow organic traffic,20,90.0,2024
2526,1835,Grow organic traffic,40,85.0,2024
2527,1836,Grow qualified leads,30,90.0,2024
2528,1836,Grow qualified leads,30,97.0,2024
2529,1836,Grow organic traffic,30,88.0,2024
2530,1837,Improve win rate,20,100.0,2024
2531,1837,Hit quarterly quota,25,72.0,2024
2532,1837,Expand key accounts,25,74.0,2024
2533,1837,Hit quarterly quota,20,83.0,2024
2534,1838,Launch campaign,20,95.0,2024
2535,1838,Improve CAC,25,102.0,2024
2536,1839,Launch new module,20,101.0,2024
2537,1839,Run discovery interviews,30,110.0,2024
2538,1839,Improve retention,50,93.0,2024
2539,1839,Improve retention,25,101.0,2024
2540,1840,Cut regretted attrition,25,107.0,2024
2541,1840,Improve eNPS,40,89.0,2024
2542,1840,Improve eNPS,40,88.0,2024
2543,1840,Improve eNPS,25,101.0,2024
2544,1841,Improve usability score,25,94.0,2024
2545,1841,Build design system,30,115.0,2024
2546,1842,Improve data quality,40,83.0,2024
2547,1842,Improve data quality,25,65.0,2024
2548,1843,Build design system,50,58.0,2024
2549,1843,Redesign onboarding,50,85.0,2024
2550,1843,Build design system,50,95.0,2024
2551,1843,Redesign onboarding,20,73.0,2024
2552,1844,Improve SLA compliance,20,70.0,2024
2553,1844,Improve SLA compliance,25,98.0,2024
2554,1844,Reduce process cost,20,89.0,2024
2555,1845,Reduce query cost,25,93.0,2024
2556,1845,Automate reporting pipeline,30,52.0,2024
2557,1845,Improve data quality,30,80.0,2024
2558,1846,Cut regretted attrition,40,87.0,2024
2559,1846,Cut regretted attrition,40,88.0,2024
2560,1846,Improve eNPS,25,98.0,2024
2561,1846,Improve eNPS,20,66.0,2024
2562,1847,Improve forecast accuracy,40,52.0,2024
2563,1847,Close books faster,20,91.0,2024
2564,1847,Close books faster,30,93.0,2024
2565,1848,Reduce time-to-hire,50,84.0,2024
2566,1848,Cut regretted attrition,50,96.0,2024
2567,1849,Reduce production incidents,50,97.0,2024
2568,1849,Cut API latency,25,106.0,2024
2569,1850,Cut regretted attrition,50,77.0,2024
2570,1850,Improve eNPS,20,97.0,2024
2571,1851,Cut regretted attrition,25,81.0,2024
2572,1851,Reduce time-to-hire,40,78.0,2024
2573,1851,Improve eNPS,25,82.0,2024
2574,1852,Improve data quality,50,99.0,2024
2575,1852,Reduce query cost,25,101.0,2024
2576,1853,Grow qualified leads,30,104.0,2024
2577,1853,Launch campaign,20,107.0,2024
2578,1853,Improve CAC,40,103.0,2024
2579,1854,Build design system,50,85.0,2024
2580,1854,Improve usability score,20,85.0,2024
2581,1854,Improve usability score,25,111.0,2024
2582,1854,Build design system,50,102.0,2024
2583,1855,Improve SLA compliance,20,109.0,2024
2584,1855,Automate manual workflow,20,122.0,2024
2585,1855,Reduce process cost,25,88.0,2024
2586,1855,Improve SLA compliance,20,90.0,2024
2587,1856,Automate manual workflow,40,93.0,2024
2588,1856,Improve SLA compliance,25,112.0,2024
2589,1856,Improve SLA compliance,50,90.0,2024
2590,1856,Automate manual workflow,30,83.0,2024
2591,1857,Reduce time-to-hire,25,73.0,2024
2592,1857,Cut regretted attrition,30,61.0,2024
2593,1857,Cut regretted attrition,40,56.0,2024
2594,1858,Close books faster,25,96.0,2024
2595,1858,Close books faster,20,66.0,2024
2596,1859,Run discovery interviews,30,79.0,2024
2597,1859,Increase activation rate,40,95.0,2024
2598,1859,Improve retention,40,89.0,2024
2599,1860,Increase activation rate,25,99.0,2024
2600,1860,Launch new module,25,109.0,2024
2601,1860,Increase activation rate,50,100.0,2024
2602,1860,Increase activation rate,40,90.0,2024
2603,1861,Improve usability score,30,81.0,2024
2604,1861,Redesign onboarding,40,94.0,2024
2605,1862,Reduce production incidents,25,109.0,2024
2606,1862,Improve test coverage,20,90.0,2024
2607,1862,Ship roadmap features,20,102.0,2024
2608,1863,Reduce process cost,50,98.0,2024
2609,1863,Automate manual workflow,50,81.0,2024
2610,1864,Cut API latency,30,112.0,2024
2611,1864,Cut API latency,30,96.0,2024
2612,1864,Improve test coverage,50,74.0,2024
2613,1865,Automate reporting pipeline,50,69.0,2024
2614,1865,Deliver self-serve dashboards,50,78.0,2024
2615,1865,Automate reporting pipeline,30,88.0,2024
2616,1866,Close books faster,30,93.0,2024
2617,1866,Reduce overdue invoices,40,96.0,2024
2618,1866,Close books faster,25,82.0,2024
2619,1867,Grow organic traffic,50,74.0,2024
2620,1867,Launch campaign,40,107.0,2024
2621,1867,Improve CAC,40,67.0,2024
2622,1868,Reduce query cost,30,85.0,2024
2623,1868,Automate reporting pipeline,50,89.0,2024
2624,1869,Improve retention,25,77.0,2024
2625,1869,Increase activation rate,30,74.0,2024
2626,1870,Improve retention,30,94.0,2024
2627,1870,Increase activation rate,30,93.0,2024
2628,1871,Launch new module,20,89.0,2024
2629,1871,Run discovery interviews,40,89.0,2024
2630,1871,Improve retention,25,108.0,2024
2631,1872,Automate manual workflow,25,89.0,2024
2632,1872,Automate manual workflow,30,97.0,2024
2633,1872,Improve SLA compliance,40,94.0,2024
2634,1873,Build design system,40,76.0,2024
2635,1873,Build design system,20,77.0,2024
2636,1873,Build design system,50,70.0,2024
2637,1873,Improve usability score,50,80.0,2024
2638,1874,Cut regretted attrition,40,81.0,2024
2639,1874,Cut regretted attrition,50,71.0,2024
2640,1874,Cut regretted attrition,30,72.0,2024
2641,1874,Cut regretted attrition,30,67.0,2024
2642,1875,Improve forecast accuracy,50,65.0,2024
2643,1875,Close books faster,20,109.0,2024
2644,1875,Close books faster,40,95.0,2024
2645,1876,Cut response time,40,96.0,2024
2646,1876,Improve NPS,40,90.0,2024
2647,1876,Increase upsell,20,98.0,2024
2648,1876,Cut response time,50,100.0,2024
2649,1877,Cut API latency,50,72.0,2024
2650,1877,Improve test coverage,25,81.0,2024
2651,1878,Grow organic traffic,20,78.0,2024
2652,1878,Grow qualified leads,25,75.0,2024
2653,1878,Launch campaign,50,64.0,2024
2654,1879,Grow qualified leads,40,96.0,2024
2655,1879,Launch campaign,30,83.0,2024
2656,1880,Ship roadmap features,30,91.0,2024
2657,1880,Ship roadmap features,40,85.0,2024
2658,1880,Reduce production incidents,30,93.0,2024
2659,1880,Cut API latency,20,78.0,2024
2660,1881,Increase activation rate,40,84.0,2024
2661,1881,Launch new module,40,94.0,2024
2662,1881,Improve retention,20,89.0,2024
2663,1882,Improve eNPS,30,108.0,2024
2664,1882,Improve eNPS,50,106.0,2024
2665,1882,Reduce time-to-hire,40,120.0,2024
2666,1882,Cut regretted attrition,50,119.0,2024
2667,1883,Grow qualified leads,25,71.0,2024
2668,1883,Improve CAC,40,89.0,2024
2669,1884,Improve win rate,40,86.0,2024
2670,1884,Hit quarterly quota,25,93.0,2024
2671,1885,Expand key accounts,40,56.0,2024
2672,1885,Grow pipeline,20,94.0,2024
2673,1885,Grow pipeline,25,83.0,2024
2674,1886,Reduce churn,50,67.0,2024
2675,1886,Increase upsell,40,89.0,2024
2676,1887,Increase upsell,50,98.0,2024
2677,1887,Reduce churn,30,91.0,2024
2678,1887,Improve NPS,25,102.0,2024
2679,1887,Increase upsell,25,89.0,2024
2680,1888,Grow organic traffic,40,97.0,2024
2681,1888,Grow qualified leads,20,75.0,2024
2682,1888,Grow qualified leads,30,91.0,2024
2683,1889,Improve CAC,40,88.0,2024
2684,1889,Grow qualified leads,25,95.0,2024
2685,1889,Grow qualified leads,25,94.0,2024
2686,1890,Reduce time-to-hire,25,64.0,2024
2687,1890,Cut regretted attrition,40,65.0,2024
2688,1890,Improve eNPS,25,84.0,2024
2689,1891,Increase upsell,40,66.0,2024
2690,1891,Increase upsell,50,61.0,2024
2691,1892,Improve usability score,40,65.0,2024
2692,1892,Improve usability score,40,54.0,2024
2693,1892,Redesign onboarding,40,63.0,2024
2694,1892,Redesign onboarding,40,69.0,2024
2695,1893,Automate reporting pipeline,40,101.0,2024
2696,1893,Deliver self-serve dashboards,40,84.0,2024
2697,1894,Improve eNPS,25,110.0,2024
2698,1894,Reduce time-to-hire,40,119.0,2024
2699,1895,Grow qualified leads,30,97.0,2024
2700,1895,Grow qualified leads,40,89.0,2024
2701,1896,Improve win rate,25,90.0,2024
2702,1896,Expand key accounts,50,96.0,2024
2703,1896,Expand key accounts,20,108.0,2024
2704,1897,Reduce overdue invoices,40,86.0,2024
2705,1897,Close books faster,50,84.0,2024
2706,1897,Reduce overdue invoices,40,81.0,2024
2707,1897,Improve forecast accuracy,25,77.0,2024
2708,1898,Improve test coverage,40,95.0,2024
2709,1898,Cut API latency,30,96.0,2024
2710,1899,Reduce overdue invoices,30,73.0,2024
2711,1899,Improve forecast accuracy,30,93.0,2024
2712,1900,Improve forecast accuracy,40,100.0,2024
2713,1900,Close books faster,50,93.0,2024
2714,1900,Close books faster,30,101.0,2024
2715,1900,Reduce overdue invoices,40,93.0,2024
2716,1901,Improve SLA compliance,30,75.0,2024
2717,1901,Improve SLA compliance,40,83.0,2024
2718,1901,Automate manual workflow,30,100.0,2024
2719,1902,Automate manual workflow,20,103.0,2024
2720,1902,Reduce process cost,20,99.0,2024
2721,1903,Improve usability score,50,86.0,2024
2722,1903,Improve usability score,50,89.0,2024
2723,1903,Build design system,25,80.0,2024
2724,1903,Build design system,25,96.0,2024
2725,1904,Deliver self-serve dashboards,50,99.0,2024
2726,1904,Improve data quality,20,90.0,2024
2727,1904,Improve data quality,25,90.0,2024
2728,1904,Improve data quality,25,112.0,2024
2729,1905,Ship roadmap features,20,86.0,2024
2730,1905,Improve test coverage,50,77.0,2024
2731,1905,Reduce production incidents,20,97.0,2024
2732,1905,Cut API latency,20,86.0,2024
2733,1906,Improve NPS,20,130.0,2024
2734,1906,Increase upsell,30,104.0,2024
2735,1907,Improve forecast accuracy,30,73.0,2024
2736,1907,Improve forecast accuracy,40,71.0,2024
2737,1907,Improve forecast accuracy,20,70.0,2024
2738,1907,Improve forecast accuracy,30,75.0,2024
2739,1908,Improve usability score,40,97.0,2024
2740,1908,Improve usability score,40,76.0,2024
2741,1909,Reduce time-to-hire,30,77.0,2024
2742,1909,Improve eNPS,40,71.0,2024
2743,1909,Cut regretted attrition,50,72.0,2024
2744,1910,Increase activation rate,20,85.0,2024
2745,1910,Run discovery interviews,30,85.0,2024
2746,1911,Run discovery interviews,40,70.0,2024
2747,1911,Run discovery interviews,40,102.0,2024
2748,1911,Run discovery interviews,30,94.0,2024
2749,1912,Grow organic traffic,40,49.0,2024
2750,1912,Grow organic traffic,30,69.0,2024
2751,1912,Grow organic traffic,40,41.0,2024
2752,1913,Improve usability score,30,88.0,2024
2753,1913,Redesign onboarding,20,80.0,2024
2754,1914,Deliver self-serve dashboards,25,97.0,2024
2755,1914,Reduce query cost,30,73.0,2024
2756,1914,Deliver self-serve dashboards,30,95.0,2024
2757,1914,Improve data quality,20,106.0,2024
2758,1915,Improve test coverage,20,78.0,2024
2759,1915,Improve test coverage,50,98.0,2024
2760,1915,Cut API latency,50,94.0,2024
2761,1916,Cut API latency,25,74.0,2024
2762,1916,Cut API latency,30,102.0,2024
2763,1917,Automate manual workflow,30,83.0,2024
2764,1917,Improve SLA compliance,25,89.0,2024
2765,1917,Improve SLA compliance,40,91.0,2024
2766,1918,Deliver self-serve dashboards,20,109.0,2024
2767,1918,Reduce query cost,50,78.0,2024
2768,1919,Reduce overdue invoices,50,99.0,2024
2769,1919,Improve forecast accuracy,25,97.0,2024
2770,1920,Cut API latency,30,88.0,2024
2771,1920,Reduce production incidents,20,108.0,2024
2772,1920,Cut API latency,40,97.0,2024
2773,1920,Ship roadmap features,30,99.0,2024
2774,1921,Cut API latency,25,87.0,2024
2775,1921,Reduce production incidents,25,94.0,2024
2776,1921,Ship roadmap features,20,60.0,2024
2777,1922,Improve data quality,20,96.0,2024
2778,1922,Improve data quality,20,92.0,2024
2779,1922,Improve data quality,50,100.0,2024
2780,1923,Close books faster,20,87.0,2024
2781,1923,Close books faster,20,109.0,2024
2782,1924,Improve retention,20,63.0,2024
2783,1924,Run discovery interviews,30,84.0,2024
2784,1925,Improve win rate,30,69.0,2024
2785,1925,Expand key accounts,30,64.0,2024
2786,1925,Improve win rate,25,85.0,2024
2787,1926,Improve forecast accuracy,30,64.0,2024
2788,1926,Close books faster,50,78.0,2024
2789,1926,Improve forecast accuracy,20,60.0,2024
2790,1926,Improve forecast accuracy,20,89.0,2024
2791,1927,Improve SLA compliance,40,86.0,2024
2792,1927,Automate manual workflow,40,85.0,2024
2793,1927,Reduce process cost,30,90.0,2024
2794,1928,Cut regretted attrition,50,113.0,2024
2795,1928,Reduce time-to-hire,30,92.0,2024
2796,1928,Reduce time-to-hire,40,104.0,2024
2797,1929,Grow pipeline,50,98.0,2024
2798,1929,Expand key accounts,20,77.0,2024
2799,1929,Grow pipeline,30,104.0,2024
2800,1929,Improve win rate,40,90.0,2024
2801,1930,Cut response time,25,93.0,2024
2802,1930,Improve NPS,50,83.0,2024
2803,1930,Increase upsell,50,90.0,2024
2804,1931,Improve usability score,30,79.0,2024
2805,1931,Redesign onboarding,40,92.0,2024
2806,1931,Improve usability score,50,83.0,2024
2807,1932,Improve forecast accuracy,40,82.0,2024
2808,1932,Close books faster,20,98.0,2024
2809,1933,Reduce overdue invoices,50,71.0,2024
2810,1933,Close books faster,40,67.0,2024
2811,1933,Close books faster,30,71.0,2024
2812,1933,Improve forecast accuracy,50,92.0,2024
2813,1934,Improve usability score,40,106.0,2024
2814,1934,Build design system,25,85.0,2024
2815,1934,Improve usability score,25,75.0,2024
2816,1935,Improve test coverage,25,81.0,2024
2817,1935,Cut API latency,50,82.0,2024
2818,1935,Improve test coverage,20,87.0,2024
2819,1936,Improve usability score,40,109.0,2024
2820,1936,Redesign onboarding,40,107.0,2024
2821,1936,Build design system,50,100.0,2024
2822,1937,Increase activation rate,20,98.0,2024
2823,1937,Increase activation rate,25,121.0,2024
2824,1937,Run discovery interviews,20,101.0,2024
2825,1937,Increase activation rate,50,73.0,2024
2826,1938,Grow pipeline,20,104.0,2024
2827,1938,Grow pipeline,50,84.0,2024
2828,1938,Expand key accounts,25,120.0,2024
2829,1939,Improve CAC,20,66.0,2024
2830,1939,Launch campaign,20,64.0,2024
2831,1940,Automate reporting pipeline,30,102.0,2024
2832,1940,Deliver self-serve dashboards,40,128.0,2024
2833,1940,Improve data quality,30,104.0,2024
2834,1940,Deliver self-serve dashboards,40,122.0,2024
2835,1941,Improve CAC,25,67.0,2024
2836,1941,Grow qualified leads,20,69.0,2024
2837,1941,Grow organic traffic,30,68.0,2024
2838,1941,Grow organic traffic,40,80.0,2024
2839,1942,Improve usability score,25,113.0,2024
2840,1942,Improve usability score,25,107.0,2024
2841,1943,Reduce process cost,20,122.0,2024
2842,1943,Automate manual workflow,25,113.0,2024
2843,1943,Reduce process cost,25,99.0,2024
2844,1943,Automate manual workflow,25,120.0,2024
2845,1944,Reduce time-to-hire,30,81.0,2024
2846,1944,Reduce time-to-hire,50,96.0,2024
2847,1944,Reduce time-to-hire,30,107.0,2024
2848,1945,Grow pipeline,20,97.0,2024
2849,1945,Expand key accounts,30,88.0,2024
2850,1946,Launch campaign,20,86.0,2024
2851,1946,Launch campaign,25,95.0,2024
2852,1946,Grow qualified leads,25,90.0,2024
2853,1947,Reduce overdue invoices,30,91.0,2024
2854,1947,Close books faster,30,85.0,2024
2855,1947,Close books faster,40,88.0,2024
2856,1948,Improve win rate,20,120.0,2024
2857,1948,Grow pipeline,25,86.0,2024
2858,1948,Grow pipeline,50,121.0,2024
2859,1949,Run discovery interviews,20,89.0,2024
2860,1949,Launch new module,30,91.0,2024
2861,1950,Reduce production incidents,30,96.0,2024
2862,1950,Ship roadmap features,20,66.0,2024
2863,1950,Reduce production incidents,50,76.0,2024
2864,1951,Run discovery interviews,40,96.0,2024
2865,1951,Increase activation rate,50,85.0,2024
2866,1952,Reduce time-to-hire,30,69.0,2024
2867,1952,Cut regretted attrition,25,65.0,2024
2868,1953,Build design system,40,94.0,2024
2869,1953,Improve usability score,25,97.0,2024
2870,1954,Improve eNPS,30,96.0,2024
2871,1954,Improve eNPS,30,79.0,2024
2872,1954,Improve eNPS,40,88.0,2024
2873,1955,Cut response time,25,92.0,2024
2874,1955,Cut response time,30,54.0,2024
2875,1956,Improve NPS,30,65.0,2024
2876,1956,Increase upsell,30,92.0,2024
2877,1956,Reduce churn,30,93.0,2024
2878,1957,Redesign onboarding,25,95.0,2024
2879,1957,Build design system,40,86.0,2024
2880,1957,Build design system,20,98.0,2024
2881,1958,Automate manual workflow,25,111.0,2024
2882,1958,Automate manual workflow,25,112.0,2024
2883,1958,Automate manual workflow,25,127.0,2024
2884,1959,Improve test coverage,25,98.0,2024
2885,1959,Cut API latency,20,92.0,2024
2886,1959,Ship roadmap features,20,123.0,2024
2887,1959,Improve test coverage,20,77.0,2024
2888,1960,Close books faster,25,89.0,2024
2889,1960,Improve forecast accuracy,25,78.0,2024
2890,1960,Reduce overdue invoices,25,99.0,2024
2891,1960,Reduce overdue invoices,20,90.0,2024
2892,1961,Improve CAC,40,86.0,2024
2893,1961,Launch campaign,50,88.0,2024
2894,1961,Improve CAC,30,86.0,2024
2895,1962,Build design system,25,94.0,2024
2896,1962,Redesign onboarding,50,94.0,2024
2897,1962,Redesign onboarding,25,103.0,2024
2898,1963,Cut regretted attrition,20,104.0,2024
2899,1963,Reduce time-to-hire,40,90.0,2024
2900,1963,Reduce time-to-hire,50,97.0,2024
2901,1963,Reduce time-to-hire,25,106.0,2024
2902,1964,Improve forecast accuracy,50,96.0,2024
2903,1964,Close books faster,50,81.0,2024
2904,1964,Reduce overdue invoices,30,83.0,2024
2905,1965,Improve eNPS,20,89.0,2024
2906,1965,Improve eNPS,25,104.0,2024
2907,1965,Reduce time-to-hire,20,62.0,2024
2908,1966,Improve usability score,25,59.0,2024
2909,1966,Redesign onboarding,20,83.0,2024
2910,1966,Improve usability score,40,77.0,2024
2911,1967,Improve win rate,50,102.0,2024
2912,1967,Hit quarterly quota,20,99.0,2024
2913,1967,Hit quarterly quota,30,114.0,2024
2914,1967,Improve win rate,25,90.0,2024
2915,1968,Launch campaign,25,80.0,2024
2916,1968,Grow organic traffic,30,81.0,2024
2917,1968,Launch campaign,30,85.0,2024
2918,1969,Improve data quality,50,102.0,2024
2919,1969,Reduce query cost,50,78.0,2024
2920,1970,Improve win rate,25,76.0,2024
2921,1970,Grow pipeline,20,68.0,2024
2922,1971,Automate reporting pipeline,40,113.0,2024
2923,1971,Improve data quality,25,114.0,2024
2924,1971,Reduce query cost,40,111.0,2024
2925,1971,Improve data quality,30,101.0,2024
2926,1972,Improve eNPS,50,130.0,2024
2927,1972,Reduce time-to-hire,50,101.0,2024
2928,1973,Launch campaign,40,68.0,2024
2929,1973,Grow qualified leads,20,85.0,2024
2930,1973,Improve CAC,25,82.0,2024
2931,1974,Reduce process cost,25,122.0,2024
2932,1974,Improve SLA compliance,20,99.0,2024
2933,1974,Improve SLA compliance,50,105.0,2024
2934,1974,Improve SLA compliance,20,95.0,2024
2935,1975,Run discovery interviews,25,122.0,2024
2936,1975,Launch new module,30,110.0,2024
2937,1975,Run discovery interviews,40,130.0,2024
2938,1975,Run discovery interviews,30,94.0,2024
2939,1976,Reduce query cost,30,73.0,2024
2940,1976,Reduce query cost,20,106.0,2024
2941,1976,Reduce query cost,25,63.0,2024
2942,1977,Improve win rate,40,66.0,2024
2943,1977,Hit quarterly quota,25,67.0,2024
2944,1977,Improve win rate,30,87.0,2024
2945,1977,Expand key accounts,25,90.0,2024
2946,1978,Grow pipeline,30,79.0,2024
2947,1978,Expand key accounts,30,91.0,2024
2948,1979,Improve usability score,40,111.0,2024
2949,1979,Improve usability score,30,101.0,2024
2950,1979,Redesign onboarding,30,108.0,2024
2951,1979,Build design system,40,123.0,2024
2952,1980,Grow pipeline,30,79.0,2024
2953,1980,Hit quarterly quota,40,97.0,2024
2954,1980,Improve win rate,40,93.0,2024
2955,1980,Grow pipeline,30,83.0,2024
2956,1981,Launch campaign,20,82.0,2024
2957,1981,Grow organic traffic,40,85.0,2024
2958,1982,Reduce overdue invoices,40,78.0,2024
2959,1982,Improve forecast accuracy,50,89.0,2024
2960,1982,Improve forecast accuracy,50,78.0,2024
2961,1982,Improve forecast accuracy,30,63.0,2024
2962,1983,Redesign onboarding,20,107.0,2024
2963,1983,Improve usability score,25,85.0,2024
2964,1983,Improve usability score,25,54.0,2024
2965,1984,Improve win rate,25,102.0,2024
2966,1984,Grow pipeline,50,106.0,2024
2967,1984,Expand key accounts,30,96.0,2024
2968,1985,Improve retention,25,96.0,2024
2969,1985,Increase activation rate,20,85.0,2024
2970,1985,Launch new module,25,95.0,2024
2971,1985,Launch new module,30,90.0,2024
2972,1986,Improve win rate,30,79.0,2024
2973,1986,Improve win rate,40,92.0,2024
2974,1987,Deliver self-serve dashboards,25,82.0,2024
2975,1987,Reduce query cost,25,97.0,2024
2976,1987,Improve data quality,40,91.0,2024
2977,1987,Reduce query cost,40,110.0,2024
2978,1988,Improve retention,20,88.0,2024
2979,1988,Improve retention,25,88.0,2024
2980,1989,Improve win rate,25,81.0,2024
2981,1989,Hit quarterly quota,25,96.0,2024
2982,1989,Expand key accounts,20,98.0,2024
2983,1990,Improve SLA compliance,25,90.0,2024
2984,1990,Reduce process cost,25,56.0,2024
2985,1990,Improve SLA compliance,50,84.0,2024
2986,1990,Automate manual workflow,25,103.0,2024
2987,1991,Increase activation rate,50,107.0,2024
2988,1991,Launch new module,30,98.0,2024
2989,1992,Improve data quality,30,79.0,2024
2990,1992,Improve data quality,50,81.0,2024
2991,1992,Improve data quality,25,90.0,2024
2992,1992,Deliver self-serve dashboards,20,58.0,2024
2993,1993,Improve win rate,50,83.0,2024
2994,1993,Expand key accounts,25,72.0,2024
2995,1994,Improve retention,20,100.0,2024
2996,1994,Run discovery interviews,40,96.0,2024
2997,1994,Improve retention,25,89.0,2024
2998,1994,Increase activation rate,50,91.0,2024
2999,1995,Reduce overdue invoices,25,82.0,2024
3000,1995,Reduce overdue invoices,30,74.0,2024
3001,1995,Improve forecast accuracy,40,109.0,2024
3002,1996,Reduce production incidents,20,84.0,2024
3003,1996,Cut API latency,50,72.0,2024
3004,1996,Ship roadmap features,30,94.0,2024
3005,1997,Cut API latency,40,83.0,2024
3006,1997,Cut API latency,40,91.0,2024
3007,1997,Improve test coverage,50,85.0,2024
3008,1998,Reduce query cost,20,94.0,2024
3009,1998,Deliver self-serve dashboards,25,101.0,2024
3010,1999,Reduce query cost,50,96.0,2024
3011,1999,Improve data quality,30,87.0,2024
3012,1999,Automate reporting pipeline,50,97.0,2024
3013,1999,Deliver self-serve dashboards,30,79.0,2024
3014,2000,Redesign onboarding,30,74.0,2024
3015,2000,Improve usability score,40,86.0,2024
3016,2000,Redesign onboarding,50,61.0,2024
3017,2000,Build design system,25,110.0,2024
3018,2001,Improve forecast accuracy,50,66.0,2024
3019,2001,Close books faster,25,80.0,2024
3020,2001,Close books faster,30,95.0,2024
3021,2002,Launch new module,40,97.0,2024
3022,2002,Launch new module,30,76.0,2024
3023,2002,Run discovery interviews,50,82.0,2024
3024,2003,Launch new module,40,92.0,2024
3025,2003,Increase activation rate,30,111.0,2024
3026,2003,Run discovery interviews,25,105.0,2024
3027,2003,Launch new module,25,100.0,2024
3028,2004,Launch campaign,40,115.0,2024
3029,2004,Grow organic traffic,40,64.0,2024
3030,2004,Grow qualified leads,20,97.0,2024
3031,2005,Improve SLA compliance,30,103.0,2024
3032,2005,Automate manual workflow,40,118.0,2024
3033,2005,Improve SLA compliance,50,76.0,2024
3034,2006,Improve eNPS,50,95.0,2024
3035,2006,Improve eNPS,25,80.0,2024
3036,2007,Cut response time,50,52.0,2024
3037,2007,Cut response time,50,71.0,2024
3038,2007,Improve NPS,30,94.0,2024
3039,2007,Increase upsell,50,99.0,2024
3040,2008,Close books faster,25,66.0,2024
3041,2008,Reduce overdue invoices,50,83.0,2024
3042,2008,Improve forecast accuracy,20,108.0,2024
3043,2009,Improve forecast accuracy,50,76.0,2024
3044,2009,Reduce overdue invoices,30,75.0,2024
3045,2009,Improve forecast accuracy,20,101.0,2024
3046,2009,Close books faster,30,73.0,2024
3047,2010,Close books faster,50,99.0,2024
3048,2010,Reduce overdue invoices,25,95.0,2024
3049,2010,Reduce overdue invoices,25,71.0,2024
3050,2011,Grow pipeline,50,103.0,2024
3051,2011,Hit quarterly quota,20,74.0,2024
3052,2012,Automate manual workflow,25,75.0,2024
3053,2012,Reduce process cost,40,83.0,2024
3054,2012,Reduce process cost,50,93.0,2024
3055,2013,Improve SLA compliance,25,67.0,2024
3056,2013,Reduce process cost,40,78.0,2024
3057,2014,Improve SLA compliance,50,92.0,2024
3058,2014,Automate manual workflow,20,53.0,2024
3059,2014,Improve SLA compliance,25,84.0,2024
3060,2014,Improve SLA compliance,20,70.0,2024
3061,2015,Run discovery interviews,25,84.0,2024
3062,2015,Increase activation rate,50,94.0,2024
3063,2016,Reduce time-to-hire,20,93.0,2024
3064,2016,Reduce time-to-hire,25,97.0,2024
3065,2016,Reduce time-to-hire,50,93.0,2024
3066,2017,Improve retention,25,74.0,2024
3067,2017,Launch new module,20,80.0,2024
3068,2018,Ship roadmap features,40,86.0,2024
3069,2018,Ship roadmap features,20,90.0,2024
3070,2019,Grow qualified leads,50,106.0,2024
3071,2019,Improve CAC,20,84.0,2024
3072,2019,Improve CAC,40,97.0,2024
3073,2020,Improve data quality,25,109.0,2024
3074,2020,Automate reporting pipeline,50,75.0,2024
3075,2021,Cut API latency,40,81.0,2024
3076,2021,Ship roadmap features,20,66.0,2024
3077,2021,Reduce production incidents,25,92.0,2024
3078,2021,Improve test coverage,50,80.0,2024
3079,2022,Redesign onboarding,20,83.0,2024
3080,2022,Improve usability score,40,79.0,2024
3081,2023,Improve retention,40,75.0,2024
3082,2023,Increase activation rate,20,84.0,2024
3083,2023,Increase activation rate,20,96.0,2024
3084,2024,Automate reporting pipeline,40,56.0,2024
3085,2024,Reduce query cost,30,101.0,2024
3086,2024,Improve data quality,25,91.0,2024
3087,2024,Deliver self-serve dashboards,30,68.0,2024
3088,2025,Improve CAC,30,118.0,2024
3089,2025,Improve CAC,50,103.0,2024
3090,2025,Grow organic traffic,20,112.0,2024
3091,2025,Launch campaign,20,121.0,2024
3092,2026,Build design system,40,87.0,2024
3093,2026,Build design system,40,84.0,2024
3094,2026,Improve usability score,20,125.0,2024
3095,2027,Run discovery interviews,20,119.0,2024
3096,2027,Run discovery interviews,20,115.0,2024
3097,2028,Improve forecast accuracy,25,102.0,2024
3098,2028,Reduce overdue invoices,25,119.0,2024
3099,2029,Build design system,20,118.0,2024
3100,2029,Redesign onboarding,50,107.0,2024
3101,2030,Reduce overdue invoices,50,105.0,2024
3102,2030,Close books faster,50,80.0,2024
3103,2031,Improve data quality,30,74.0,2024
3104,2031,Automate reporting pipeline,25,80.0,2024
3105,2031,Improve data quality,25,84.0,2024
3106,2031,Automate reporting pipeline,40,105.0,2024
3107,2032,Cut regretted attrition,20,60.0,2024
3108,2032,Reduce time-to-hire,30,80.0,2024
3109,2032,Cut regretted attrition,25,87.0,2024
3110,2032,Reduce time-to-hire,30,69.0,2024
3111,2033,Redesign onboarding,50,86.0,2024
3112,2033,Redesign onboarding,25,100.0,2024
3113,2033,Improve usability score,30,102.0,2024
3114,2033,Redesign onboarding,40,130.0,2024
3115,2034,Redesign onboarding,30,80.0,2024
3116,2034,Redesign onboarding,20,109.0,2024
3117,2034,Redesign onboarding,20,112.0,2024
3118,2035,Reduce churn,20,82.0,2024
3119,2035,Cut response time,40,108.0,2024
3120,2036,Increase upsell,30,89.0,2024
3121,2036,Improve NPS,50,86.0,2024
3122,2036,Improve NPS,25,111.0,2024
3123,2036,Cut response time,40,97.0,2024
3124,2037,Reduce production incidents,20,95.0,2024
3125,2037,Reduce production incidents,40,73.0,2024
3126,2037,Cut API latency,50,91.0,2024
3127,2037,Reduce production incidents,20,81.0,2024
3128,2038,Cut API latency,50,130.0,2024
3129,2038,Cut API latency,25,109.0,2024
3130,2038,Reduce production incidents,25,98.0,2024
3131,2039,Reduce churn,30,87.0,2024
3132,2039,Improve NPS,50,103.0,2024
3133,2039,Cut response time,30,110.0,2024
3134,2040,Grow organic traffic,40,120.0,2024
3135,2040,Improve CAC,20,92.0,2024
3136,2041,Improve SLA compliance,20,70.0,2024
3137,2041,Automate manual workflow,50,69.0,2024
3138,2042,Close books faster,40,93.0,2024
3139,2042,Reduce overdue invoices,30,109.0,2024
3140,2042,Close books faster,20,95.0,2024
3141,2043,Improve usability score,20,117.0,2024
3142,2043,Build design system,25,90.0,2024
3143,2043,Redesign onboarding,50,105.0,2024
3144,2044,Build design system,20,94.0,2024
3145,2044,Redesign onboarding,30,76.0,2024
3146,2044,Redesign onboarding,40,78.0,2024
3147,2044,Build design system,30,66.0,2024
3148,2045,Reduce overdue invoices,30,78.0,2024
3149,2045,Reduce overdue invoices,30,68.0,2024
3150,2046,Improve test coverage,40,92.0,2024
3151,2046,Cut API latency,40,98.0,2024
3152,2047,Improve data quality,40,101.0,2024
3153,2047,Deliver self-serve dashboards,40,96.0,2024
3154,2048,Cut regretted attrition,40,87.0,2024
3155,2048,Reduce time-to-hire,20,111.0,2024
3156,2048,Cut regretted attrition,25,113.0,2024
3157,2049,Cut response time,40,99.0,2024
3158,2049,Increase upsell,30,85.0,2024
3159,2050,Reduce process cost,50,89.0,2024
3160,2050,Improve SLA compliance,30,90.0,2024
3161,2051,Improve usability score,20,76.0,2024
3162,2051,Redesign onboarding,40,79.0,2024
3163,2051,Redesign onboarding,40,107.0,2024
3164,2052,Improve forecast accuracy,50,112.0,2024
3165,2052,Improve forecast accuracy,25,81.0,2024
3166,2053,Improve data quality,50,71.0,2024
3167,2053,Improve data quality,50,105.0,2024
3168,2053,Automate reporting pipeline,20,96.0,2024
3169,2053,Improve data quality,25,101.0,2024
3170,2054,Improve test coverage,20,115.0,2024
3171,2054,Reduce production incidents,25,77.0,2024
3172,2055,Ship roadmap features,30,85.0,2024
3173,2055,Reduce production incidents,40,94.0,2024
3174,2056,Improve eNPS,50,101.0,2024
3175,2056,Reduce time-to-hire,20,97.0,2024
3176,2057,Hit quarterly quota,30,94.0,2024
3177,2057,Hit quarterly quota,25,65.0,2024
3178,2057,Improve win rate,20,62.0,2024
3179,2057,Expand key accounts,30,87.0,2024
3180,2058,Automate reporting pipeline,40,109.0,2024
3181,2058,Deliver self-serve dashboards,40,94.0,2024
3182,2059,Improve usability score,20,95.0,2024
3183,2059,Build design system,20,92.0,2024
3184,2060,Reduce query cost,30,88.0,2024
3185,2060,Deliver self-serve dashboards,40,95.0,2024
3186,2060,Reduce query cost,50,88.0,2024
3187,2060,Reduce query cost,25,82.0,2024
3188,2061,Automate manual workflow,20,119.0,2024
3189,2061,Improve SLA compliance,30,94.0,2024
3190,2061,Improve SLA compliance,40,102.0,2024
3191,2061,Automate manual workflow,50,114.0,2024
3192,2062,Deliver self-serve dashboards,30,90.0,2024
3193,2062,Automate reporting pipeline,25,74.0,2024
3194,2063,Automate manual workflow,50,76.0,2024
3195,2063,Improve SLA compliance,50,93.0,2024
3196,2063,Improve SLA compliance,20,84.0,2024
3197,2063,Improve SLA compliance,30,75.0,2024
3198,2064,Cut regretted attrition,40,64.0,2024
3199,2064,Improve eNPS,40,77.0,2024
3200,2064,Improve eNPS,40,84.0,2024
3201,2065,Reduce time-to-hire,50,72.0,2024
3202,2065,Improve eNPS,25,104.0,2024
3203,2065,Improve eNPS,50,92.0,2024
3204,2066,Grow qualified leads,20,107.0,2024
3205,2066,Grow organic traffic,20,85.0,2024
3206,2066,Improve CAC,20,120.0,2024
3207,2067,Cut response time,30,88.0,2024
3208,2067,Increase upsell,20,78.0,2024
3209,2067,Cut response time,40,72.0,2024
3210,2068,Improve NPS,25,99.0,2024
3211,2068,Improve NPS,50,94.0,2024
3212,2069,Improve eNPS,30,95.0,2024
3213,2069,Reduce time-to-hire,30,76.0,2024
3214,2070,Launch new module,40,98.0,2024
3215,2070,Run discovery interviews,25,83.0,2024
3216,2070,Improve retention,25,77.0,2024
3217,2071,Improve data quality,20,78.0,2024
3218,2071,Deliver self-serve dashboards,50,97.0,2024
3219,2071,Improve data quality,50,112.0,2024
3220,2071,Deliver self-serve dashboards,50,74.0,2024
3221,2072,Expand key accounts,25,83.0,2024
3222,2072,Improve win rate,50,64.0,2024
3223,2072,Expand key accounts,25,101.0,2024
3224,2072,Expand key accounts,25,105.0,2024
3225,2073,Automate manual workflow,25,93.0,2024
3226,2073,Improve SLA compliance,30,88.0,2024
3227,2073,Automate manual workflow,40,88.0,2024
3228,2073,Automate manual workflow,20,76.0,2024
3229,2074,Improve retention,20,94.0,2024
3230,2074,Launch new module,50,85.0,2024
3231,2075,Cut API latency,40,95.0,2024
3232,2075,Ship roadmap features,50,79.0,2024
3233,2075,Improve test coverage,40,93.0,2024
3234,2075,Improve test coverage,50,81.0,2024
3235,2076,Increase upsell,25,113.0,2024
3236,2076,Cut response time,25,79.0,2024
3237,2076,Improve NPS,30,97.0,2024
3238,2077,Cut response time,30,88.0,2024
3239,2077,Improve NPS,25,77.0,2024
3240,2077,Reduce churn,50,93.0,2024
3241,2077,Cut response time,40,56.0,2024
3242,2078,Close books faster,25,105.0,2024
3243,2078,Improve forecast accuracy,25,79.0,2024
3244,2078,Improve forecast accuracy,25,70.0,2024
3245,2079,Improve eNPS,20,98.0,2024
3246,2079,Improve eNPS,25,98.0,2024
3247,2080,Hit quarterly quota,40,93.0,2024
3248,2080,Expand key accounts,25,79.0,2024
3249,2081,Increase upsell,20,78.0,2024
3250,2081,Reduce churn,30,75.0,2024
3251,2082,Reduce time-to-hire,20,73.0,2024
3252,2082,Improve eNPS,40,91.0,2024
3253,2082,Cut regretted attrition,25,106.0,2024
3254,2082,Improve eNPS,30,107.0,2024
3255,2083,Grow organic traffic,25,101.0,2024
3256,2083,Grow organic traffic,25,100.0,2024
3257,2084,Cut API latency,25,95.0,2024
3258,2084,Ship roadmap features,25,86.0,2024
3259,2084,Improve test coverage,40,82.0,2024
3260,2084,Reduce production incidents,30,112.0,2024
3261,2085,Improve eNPS,30,113.0,2024
3262,2085,Improve eNPS,20,78.0,2024
3263,2085,Cut regretted attrition,30,98.0,2024
3264,2086,Build design system,30,81.0,2024
3265,2086,Redesign onboarding,20,90.0,2024
3266,2087,Close books faster,40,91.0,2024
3267,2087,Improve forecast accuracy,30,73.0,2024
3268,2088,Launch campaign,30,71.0,2024
3269,2088,Launch campaign,40,89.0,2024
3270,2088,Launch campaign,25,79.0,2024
3271,2088,Grow qualified leads,50,75.0,2024
3272,2089,Improve usability score,30,63.0,2024
3273,2089,Redesign onboarding,30,94.0,2024
3274,2089,Build design system,25,83.0,2024
3275,2089,Improve usability score,20,94.0,2024
3276,2090,Hit quarterly quota,25,113.0,2024
3277,2090,Hit quarterly quota,20,95.0,2024
3278,2090,Expand key accounts,30,78.0,2024
3279,2091,Automate manual workflow,50,89.0,2024
3280,2091,Improve SLA compliance,30,84.0,2024
3281,2091,Automate manual workflow,40,71.0,2024
3282,2092,Ship roadmap features,50,103.0,2024
3283,2092,Cut API latency,25,99.0,2024
3284,2092,Improve test coverage,40,89.0,2024
3285,2093,Redesign onboarding,30,90.0,2024
3286,2093,Redesign onboarding,50,88.0,2024
3287,2093,Improve usability score,50,116.0,2024
3288,2093,Build design system,30,96.0,2024
3289,2094,Hit quarterly quota,30,44.0,2024
3290,2094,Grow pipeline,20,91.0,2024
3291,2094,Hit quarterly quota,40,82.0,2024
3292,2094,Improve win rate,20,77.0,2024
3293,2095,Deliver self-serve dashboards,20,66.0,2024
3294,2095,Improve data quality,30,89.0,2024
3295,2095,Reduce query cost,50,88.0,2024
3296,2096,Automate manual workflow,25,72.0,2024
3297,2096,Improve SLA compliance,30,109.0,2024
3298,2097,Launch new module,30,91.0,2024
3299,2097,Improve retention,25,96.0,2024
3300,2097,Increase activation rate,20,100.0,2024
3301,2098,Reduce overdue invoices,20,108.0,2024
3302,2098,Close books faster,30,107.0,2024
3303,2098,Improve forecast accuracy,30,116.0,2024
3304,2098,Close books faster,40,103.0,2024
3305,2099,Reduce query cost,25,99.0,2024
3306,2099,Deliver self-serve dashboards,25,94.0,2024
3307,2099,Automate reporting pipeline,20,97.0,2024
3308,2099,Deliver self-serve dashboards,40,84.0,2024
3309,2100,Expand key accounts,40,111.0,2024
3310,2100,Expand key accounts,20,106.0,2024
3311,2101,Hit quarterly quota,40,85.0,2024
3312,2101,Expand key accounts,25,86.0,2024
3313,2101,Expand key accounts,30,73.0,2024
3314,2101,Hit quarterly quota,25,84.0,2024
3315,2102,Run discovery interviews,50,91.0,2024
3316,2102,Increase activation rate,40,97.0,2024
3317,2103,Automate reporting pipeline,40,77.0,2024
3318,2103,Automate reporting pipeline,30,105.0,2024
3319,2103,Reduce query cost,20,91.0,2024
3320,2104,Automate manual workflow,20,87.0,2024
3321,2104,Improve SLA compliance,20,86.0,2024
3322,2104,Improve SLA compliance,30,85.0,2024
3323,2105,Improve SLA compliance,25,106.0,2024
3324,2105,Improve SLA compliance,40,100.0,2024
3325,2106,Reduce production incidents,30,83.0,2024
3326,2106,Reduce production incidents,25,91.0,2024
3327,2107,Launch new module,50,99.0,2024
3328,2107,Run discovery interviews,50,74.0,2024
3329,2107,Launch new module,25,86.0,2024
3330,2108,Ship roadmap features,20,88.0,2024
3331,2108,Cut API latency,20,87.0,2024
3332,2109,Improve test coverage,25,86.0,2024
3333,2109,Improve test coverage,20,81.0,2024
3334,2109,Cut API latency,50,91.0,2024
3335,2110,Grow organic traffic,50,90.0,2024
3336,2110,Grow organic traffic,50,101.0,2024
3337,2110,Launch campaign,25,77.0,2024
3338,2111,Reduce time-to-hire,20,79.0,2024
3339,2111,Improve eNPS,20,99.0,2024
3340,2112,Increase upsell,25,113.0,2024
3341,2112,Increase upsell,40,101.0,2024
3342,2112,Reduce churn,40,99.0,2024
3343,2113,Cut response time,25,103.0,2024
3344,2113,Improve NPS,50,97.0,2024
3345,2114,Reduce churn,30,100.0,2024
3346,2114,Increase upsell,25,116.0,2024
3347,2114,Increase upsell,50,109.0,2024
3348,2115,Launch campaign,40,85.0,2024
3349,2115,Launch campaign,40,97.0,2024
3350,2115,Grow organic traffic,25,95.0,2024
3351,2115,Grow organic traffic,50,80.0,2024
3352,2116,Improve data quality,50,103.0,2024
3353,2116,Improve data quality,20,90.0,2024
3354,2116,Deliver self-serve dashboards,30,113.0,2024
3355,2116,Reduce query cost,40,102.0,2024
3356,2117,Grow organic traffic,50,107.0,2024
3357,2117,Improve CAC,40,85.0,2024
3358,2117,Grow organic traffic,40,96.0,2024
3359,2117,Grow qualified leads,40,79.0,2024
3360,2118,Increase activation rate,20,83.0,2024
3361,2118,Improve retention,50,95.0,2024
3362,2118,Launch new module,50,75.0,2024
3363,2119,Increase activation rate,30,66.0,2024
3364,2119,Increase activation rate,30,82.0,2024
3365,2119,Launch new module,50,74.0,2024
3366,2120,Improve data quality,30,71.0,2024
3367,2120,Reduce query cost,20,98.0,2024
3368,2121,Improve win rate,50,98.0,2024
3369,2121,Expand key accounts,50,104.0,2024
3370,2122,Improve forecast accuracy,40,85.0,2024
3371,2122,Reduce overdue invoices,20,85.0,2024
3372,2122,Reduce overdue invoices,40,76.0,2024
3373,2122,Close books faster,30,104.0,2024
3374,2123,Automate manual workflow,40,80.0,2024
3375,2123,Reduce process cost,20,85.0,2024
3376,2123,Reduce process cost,30,99.0,2024
3377,2124,Ship roadmap features,20,88.0,2024
3378,2124,Reduce production incidents,20,78.0,2024
3379,2125,Improve test coverage,25,130.0,2024
3380,2125,Cut API latency,25,101.0,2024
3381,2125,Ship roadmap features,40,100.0,2024
3382,2125,Improve test coverage,30,104.0,2024
3383,2126,Hit quarterly quota,25,90.0,2024
3384,2126,Improve win rate,30,84.0,2024
3385,2127,Improve win rate,20,92.0,2024
3386,2127,Improve win rate,50,72.0,2024
3387,2127,Grow pipeline,30,89.0,2024
3388,2127,Expand key accounts,30,100.0,2024
3389,2128,Increase upsell,25,97.0,2024
3390,2128,Increase upsell,25,76.0,2024
3391,2129,Reduce process cost,50,127.0,2024
3392,2129,Reduce process cost,20,82.0,2024
3393,2129,Reduce process cost,40,113.0,2024
3394,2130,Improve eNPS,30,66.0,2024
3395,2130,Improve eNPS,25,69.0,2024
3396,2130,Improve eNPS,30,94.0,2024
3397,2130,Cut regretted attrition,30,60.0,2024
3398,2131,Improve usability score,25,89.0,2024
3399,2131,Build design system,20,70.0,2024
3400,2131,Redesign onboarding,25,98.0,2024
3401,2131,Build design system,50,87.0,2024
3402,2132,Improve forecast accuracy,40,82.0,2024
3403,2132,Reduce overdue invoices,20,71.0,2024
3404,2132,Close books faster,40,93.0,2024
3405,2133,Launch new module,25,74.0,2024
3406,2133,Run discovery interviews,50,68.0,2024
3407,2133,Launch new module,50,78.0,2024
3408,2134,Improve usability score,40,110.0,2024
3409,2134,Build design system,25,112.0,2024
3410,2134,Redesign onboarding,50,130.0,2024
3411,2135,Expand key accounts,30,113.0,2024
3412,2135,Hit quarterly quota,25,85.0,2024
3413,2135,Hit quarterly quota,25,94.0,2024
3414,2136,Improve usability score,30,72.0,2024
3415,2136,Build design system,20,70.0,2024
3416,2136,Build design system,20,91.0,2024
3417,2136,Redesign onboarding,50,64.0,2024
3418,2137,Reduce time-to-hire,30,106.0,2024
3419,2137,Cut regretted attrition,20,83.0,2024
3420,2137,Reduce time-to-hire,30,87.0,2024
3421,2138,Improve forecast accuracy,50,94.0,2024
3422,2138,Reduce overdue invoices,30,105.0,2024
3423,2139,Build design system,25,85.0,2024
3424,2139,Improve usability score,50,83.0,2024
3425,2139,Build design system,20,105.0,2024
3426,2140,Reduce time-to-hire,50,110.0,2024
3427,2140,Improve eNPS,40,98.0,2024
3428,2140,Cut regretted attrition,25,79.0,2024
3429,2140,Improve eNPS,25,104.0,2024
3430,2141,Improve retention,40,69.0,2024
3431,2141,Increase activation rate,30,71.0,2024
3432,2141,Launch new module,40,95.0,2024
3433,2141,Launch new module,20,72.0,2024
3434,2142,Increase activation rate,50,85.0,2024
3435,2142,Improve retention,25,78.0,2024
3436,2142,Increase activation rate,40,99.0,2024
3437,2143,Redesign onboarding,30,88.0,2024
3438,2143,Build design system,20,71.0,2024
3439,2144,Improve usability score,50,96.0,2024
3440,2144,Build design system,50,76.0,2024
3441,2145,Improve NPS,40,88.0,2024
3442,2145,Improve NPS,50,89.0,2024
3443,2145,Improve NPS,40,105.0,2024
3444,2146,Improve data quality,25,76.0,2024
3445,2146,Automate reporting pipeline,30,62.0,2024
3446,2146,Automate reporting pipeline,50,67.0,2024
3447,2147,Reduce process cost,20,92.0,2024
3448,2147,Reduce process cost,20,111.0,2024
3449,2148,Grow pipeline,25,92.0,2024
3450,2148,Hit quarterly quota,50,100.0,2024
3451,2149,Improve test coverage,30,68.0,2024
3452,2149,Reduce production incidents,50,99.0,2024
3453,2149,Improve test coverage,25,98.0,2024
3454,2150,Improve usability score,40,98.0,2024
3455,2150,Redesign onboarding,25,99.0,2024
3456,2150,Improve usability score,20,85.0,2024
3457,2151,Improve CAC,20,94.0,2024
3458,2151,Improve CAC,40,94.0,2024
3459,2151,Grow qualified leads,25,96.0,2024
3460,2151,Grow qualified leads,20,86.0,2024
3461,2152,Ship roadmap features,40,89.0,2024
3462,2152,Cut API latency,40,123.0,2024
3463,2152,Cut API latency,40,81.0,2024
3464,2152,Cut API latency,40,93.0,2024
3465,2153,Grow organic traffic,30,86.0,2024
3466,2153,Grow organic traffic,40,77.0,2024
3467,2154,Improve forecast accuracy,30,57.0,2024
3468,2154,Improve forecast accuracy,30,66.0,2024
3469,2154,Reduce overdue invoices,20,104.0,2024
3470,2155,Improve eNPS,50,94.0,2024
3471,2155,Reduce time-to-hire,50,83.0,2024
3472,2156,Reduce overdue invoices,30,73.0,2024
3473,2156,Close books faster,30,75.0,2024
3474,2156,Reduce overdue invoices,20,101.0,2024
3475,2157,Redesign onboarding,25,62.0,2024
3476,2157,Build design system,50,87.0,2024
3477,2158,Deliver self-serve dashboards,30,76.0,2024
3478,2158,Improve data quality,25,83.0,2024
3479,2159,Improve data quality,25,75.0,2024
3480,2159,Improve data quality,25,88.0,2024
3481,2160,Grow qualified leads,25,99.0,2024
3482,2160,Launch campaign,20,87.0,2024
3483,2160,Launch campaign,50,92.0,2024
3484,2160,Launch campaign,30,100.0,2024
3485,2161,Improve SLA compliance,40,103.0,2024
3486,2161,Improve SLA compliance,25,86.0,2024
3487,2161,Reduce process cost,30,90.0,2024
3488,2161,Improve SLA compliance,40,128.0,2024
3489,2162,Expand key accounts,20,97.0,2024
3490,2162,Expand key accounts,40,112.0,2024
3491,2163,Grow qualified leads,30,85.0,2024
3492,2163,Grow qualified leads,30,92.0,2024
3493,2163,Launch campaign,50,100.0,2024
3494,2164,Cut API latency,25,84.0,2024
3495,2164,Reduce production incidents,40,87.0,2024
3496,2164,Improve test coverage,50,93.0,2024
3497,2165,Cut regretted attrition,30,90.0,2024
3498,2165,Cut regretted attrition,25,66.0,2024
3499,2166,Cut API latency,25,67.0,2024
3500,2166,Reduce production incidents,25,74.0,2024
3501,2166,Improve test coverage,20,55.0,2024
3502,2167,Improve win rate,40,80.0,2024
3503,2167,Grow pipeline,30,78.0,2024
3504,2167,Grow pipeline,20,87.0,2024
3505,2168,Ship roadmap features,30,92.0,2024
3506,2168,Ship roadmap features,40,74.0,2024
3507,2169,Reduce churn,25,84.0,2024
3508,2169,Increase upsell,50,110.0,2024
3509,2169,Improve NPS,50,89.0,2024
3510,2170,Cut regretted attrition,50,65.0,2024
3511,2170,Cut regretted attrition,20,69.0,2024
3512,2170,Cut regretted attrition,50,63.0,2024
3513,2171,Launch campaign,20,73.0,2024
3514,2171,Grow organic traffic,30,94.0,2024
3515,2171,Grow qualified leads,50,84.0,2024
3516,2172,Improve test coverage,40,58.0,2024
3517,2172,Improve test coverage,30,65.0,2024
3518,2172,Cut API latency,30,65.0,2024
3519,2173,Improve NPS,25,102.0,2024
3520,2173,Reduce churn,20,94.0,2024
3521,2173,Increase upsell,20,94.0,2024
3522,2174,Redesign onboarding,30,49.0,2024
3523,2174,Redesign onboarding,50,60.0,2024
3524,2174,Build design system,40,64.0,2024
3525,2175,Improve forecast accuracy,30,93.0,2024
3526,2175,Improve forecast accuracy,40,88.0,2024
3527,2175,Close books faster,20,102.0,2024
3528,2175,Reduce overdue invoices,50,95.0,2024
3529,2176,Reduce process cost,50,67.0,2024
3530,2176,Automate manual workflow,30,86.0,2024
3531,2176,Improve SLA compliance,20,82.0,2024
3532,2177,Increase upsell,40,58.0,2024
3533,2177,Cut response time,20,54.0,2024
3534,2177,Improve NPS,40,80.0,2024
3535,2177,Cut response time,25,79.0,2024
3536,2178,Improve test coverage,20,93.0,2024
3537,2178,Ship roadmap features,50,94.0,2024
3538,2178,Reduce production incidents,20,84.0,2024
3539,2178,Improve test coverage,20,77.0,2024
3540,2179,Expand key accounts,20,90.0,2024
3541,2179,Expand key accounts,25,102.0,2024
3542,2179,Improve win rate,40,95.0,2024
3543,2180,Improve data quality,20,48.0,2024
3544,2180,Reduce query cost,20,88.0,2024
3545,2181,Reduce overdue invoices,30,94.0,2024
3546,2181,Close books faster,40,88.0,2024
3547,2182,Automate manual workflow,25,70.0,2024
3548,2182,Automate manual workflow,20,85.0,2024
3549,2182,Reduce process cost,30,96.0,2024
3550,2182,Reduce process cost,40,86.0,2024
3551,2183,Redesign onboarding,40,71.0,2024
3552,2183,Build design system,30,83.0,2024
3553,2183,Improve usability score,25,103.0,2024
3554,2184,Automate manual workflow,25,69.0,2024
3555,2184,Improve SLA compliance,50,95.0,2024
3556,2184,Reduce process cost,40,108.0,2024
3557,2184,Automate manual workflow,50,106.0,2024
3558,2185,Reduce time-to-hire,30,99.0,2024
3559,2185,Cut regretted attrition,20,74.0,2024
3560,2185,Improve eNPS,40,78.0,2024
3561,2186,Reduce production incidents,30,87.0,2024
3562,2186,Improve test coverage,40,85.0,2024
3563,2186,Reduce production incidents,30,103.0,2024
3564,2186,Improve test coverage,40,84.0,2024
3565,2187,Improve forecast accuracy,20,92.0,2024
3566,2187,Improve forecast accuracy,40,87.0,2024
3567,2187,Reduce overdue invoices,50,80.0,2024
3568,2187,Improve forecast accuracy,20,84.0,2024
3569,2188,Improve NPS,40,84.0,2024
3570,2188,Improve NPS,40,104.0,2024
3571,2188,Increase upsell,40,83.0,2024
3572,2188,Reduce churn,30,80.0,2024
3573,2189,Improve eNPS,30,91.0,2024
3574,2189,Reduce time-to-hire,40,77.0,2024
3575,2189,Reduce time-to-hire,20,62.0,2024
3576,2189,Reduce time-to-hire,25,58.0,2024
3577,2190,Build design system,40,78.0,2024
3578,2190,Redesign onboarding,25,89.0,2024
3579,2190,Redesign onboarding,30,99.0,2024
3580,2190,Build design system,20,89.0,2024
3581,2191,Close books faster,30,92.0,2024
3582,2191,Improve forecast accuracy,50,93.0,2024
3583,2191,Improve forecast accuracy,20,100.0,2024
3584,2191,Reduce overdue invoices,25,102.0,2024
3585,2192,Grow pipeline,40,76.0,2024
3586,2192,Expand key accounts,30,87.0,2024
3587,2193,Improve usability score,40,91.0,2024
3588,2193,Improve usability score,40,73.0,2024
3589,2193,Improve usability score,30,110.0,2024
3590,2193,Improve usability score,40,76.0,2024
3591,2194,Reduce query cost,25,97.0,2024
3592,2194,Automate reporting pipeline,50,86.0,2024
3593,2194,Reduce query cost,25,83.0,2024
3594,2194,Automate reporting pipeline,30,104.0,2024
3595,2195,Reduce query cost,20,87.0,2024
3596,2195,Deliver self-serve dashboards,25,101.0,2024
3597,2196,Improve usability score,25,93.0,2024
3598,2196,Redesign onboarding,30,65.0,2024
3599,2196,Improve usability score,20,112.0,2024
3600,2197,Improve eNPS,25,105.0,2024
3601,2197,Reduce time-to-hire,20,113.0,2024
3602,2197,Reduce time-to-hire,25,107.0,2024
3603,2198,Build design system,40,90.0,2024
3604,2198,Improve usability score,20,87.0,2024
3605,2198,Redesign onboarding,40,71.0,2024
3606,2199,Improve SLA compliance,20,108.0,2024
3607,2199,Automate manual workflow,20,65.0,2024
3608,2199,Automate manual workflow,50,88.0,2024
3609,2200,Improve NPS,40,65.0,2024
3610,2200,Reduce churn,50,41.0,2024
3611,2200,Increase upsell,30,48.0,2024
3612,2201,Reduce query cost,20,82.0,2024
3613,2201,Reduce query cost,25,86.0,2024
3614,2202,Grow pipeline,20,70.0,2024
3615,2202,Expand key accounts,25,121.0,2024
3616,2203,Reduce query cost,40,93.0,2024
3617,2203,Improve data quality,30,100.0,2024
3618,2203,Reduce query cost,40,95.0,2024
3619,2204,Build design system,50,90.0,2024
3620,2204,Improve usability score,30,77.0,2024
3621,2204,Redesign onboarding,50,60.0,2024
3622,2205,Deliver self-serve dashboards,20,79.0,2024
3623,2205,Automate reporting pipeline,30,67.0,2024
3624,2205,Automate reporting pipeline,20,71.0,2024
3625,2205,Improve data quality,25,61.0,2024
3626,2206,Improve CAC,20,97.0,2024
3627,2206,Improve CAC,25,90.0,2024
3628,2206,Launch campaign,50,79.0,2024
3629,2207,Reduce overdue invoices,40,118.0,2024
3630,2207,Improve forecast accuracy,40,101.0,2024
3631,2208,Improve retention,25,94.0,2024
3632,2208,Launch new module,30,96.0,2024
3633,2209,Hit quarterly quota,20,98.0,2024
3634,2209,Grow pipeline,20,106.0,2024
3635,2209,Grow pipeline,50,96.0,2024
3636,2210,Run discovery interviews,50,114.0,2024
3637,2210,Improve retention,50,86.0,2024
3638,2211,Grow organic traffic,25,71.0,2024
3639,2211,Grow qualified leads,50,71.0,2024
3640,2211,Launch campaign,25,92.0,2024
3641,2211,Grow qualified leads,20,91.0,2024
3642,2212,Cut regretted attrition,25,78.0,2024
3643,2212,Cut regretted attrition,20,83.0,2024
3644,2213,Cut response time,50,72.0,2024
3645,2213,Reduce churn,25,69.0,2024
3646,2213,Cut response time,40,78.0,2024
3647,2214,Grow organic traffic,25,54.0,2024
3648,2214,Grow organic traffic,50,68.0,2024
3649,2214,Launch campaign,40,81.0,2024
3650,2215,Automate manual workflow,20,72.0,2024
3651,2215,Automate manual workflow,25,91.0,2024
3652,2216,Reduce process cost,30,75.0,2024
3653,2216,Automate manual workflow,50,86.0,2024
3654,2217,Increase upsell,20,106.0,2024
3655,2217,Improve NPS,25,108.0,2024
3656,2217,Cut response time,50,103.0,2024
3657,2218,Automate manual workflow,25,77.0,2024
3658,2218,Automate manual workflow,50,99.0,2024
3659,2219,Improve SLA compliance,25,98.0,2024
3660,2219,Reduce process cost,30,101.0,2024
3661,2219,Improve SLA compliance,30,67.0,2024
3662,2220,Ship roadmap features,20,85.0,2024
3663,2220,Ship roadmap features,25,85.0,2024
3664,2220,Improve test coverage,30,103.0,2024
3665,2220,Ship roadmap features,40,77.0,2024
3666,2221,Improve retention,40,65.0,2024
3667,2221,Run discovery interviews,20,65.0,2024
3668,2221,Improve retention,20,78.0,2024
3669,2221,Launch new module,20,70.0,2024
3670,2222,Expand key accounts,50,106.0,2024
3671,2222,Expand key accounts,50,91.0,2024
3672,2222,Hit quarterly quota,40,101.0,2024
3673,2223,Ship roadmap features,40,72.0,2024
3674,2223,Improve test coverage,25,81.0,2024
3675,2224,Automate manual workflow,30,72.0,2024
3676,2224,Automate manual workflow,50,64.0,2024
3677,2224,Improve SLA compliance,50,75.0,2024
3678,2225,Improve CAC,50,93.0,2024
3679,2225,Improve CAC,50,76.0,2024
3680,2225,Improve CAC,20,79.0,2024
3681,2226,Reduce churn,30,89.0,2024
3682,2226,Reduce churn,30,95.0,2024
3683,2226,Cut response time,40,116.0,2024
3684,2226,Cut response time,40,90.0,2024
3685,2227,Improve usability score,20,109.0,2024
3686,2227,Redesign onboarding,40,91.0,2024
3687,2227,Improve usability score,20,99.0,2024
3688,2228,Improve forecast accuracy,40,61.0,2024
3689,2228,Improve forecast accuracy,30,78.0,2024
3690,2228,Close books faster,50,103.0,2024
3691,2229,Grow pipeline,40,77.0,2024
3692,2229,Hit quarterly quota,50,94.0,2024
3693,2230,Improve win rate,30,101.0,2024
3694,2230,Hit quarterly quota,25,82.0,2024
3695,2230,Improve win rate,50,92.0,2024
3696,2230,Improve win rate,50,67.0,2024
3697,2231,Improve data quality,30,102.0,2024
3698,2231,Deliver self-serve dashboards,40,105.0,2024
3699,2231,Reduce query cost,40,94.0,2024
3700,2232,Reduce churn,25,83.0,2024
3701,2232,Cut response time,30,87.0,2024
3702,2232,Increase upsell,20,86.0,2024
3703,2233,Reduce churn,50,97.0,2024
3704,2233,Reduce churn,30,111.0,2024
3705,2233,Increase upsell,40,105.0,2024
3706,2233,Cut response time,50,104.0,2024
3707,2234,Reduce time-to-hire,25,70.0,2024
3708,2234,Cut regretted attrition,30,82.0,2024
3709,2235,Reduce time-to-hire,40,92.0,2024
3710,2235,Reduce time-to-hire,20,89.0,2024
3711,2235,Cut regretted attrition,30,75.0,2024
3712,2235,Reduce time-to-hire,25,113.0,2024
3713,2236,Reduce process cost,20,89.0,2024
3714,2236,Reduce process cost,40,111.0,2024
3715,2236,Improve SLA compliance,50,90.0,2024
3716,2236,Reduce process cost,25,90.0,2024
3717,2237,Hit quarterly quota,50,83.0,2024
3718,2237,Expand key accounts,50,106.0,2024
3719,2237,Hit quarterly quota,40,96.0,2024
3720,2238,Close books faster,25,115.0,2024
3721,2238,Close books faster,25,89.0,2024
3722,2239,Improve CAC,50,129.0,2024
3723,2239,Grow qualified leads,20,119.0,2024
3724,2239,Improve CAC,20,100.0,2024
3725,2239,Grow organic traffic,40,90.0,2024
3726,2240,Reduce process cost,25,97.0,2024
3727,2240,Reduce process cost,25,74.0,2024
3728,2240,Improve SLA compliance,25,77.0,2024
3729,2241,Improve eNPS,25,93.0,2024
3730,2241,Improve eNPS,30,89.0,2024
3731,2241,Cut regretted attrition,25,110.0,2024
3732,2241,Improve eNPS,30,108.0,2024
3733,2242,Improve forecast accuracy,20,97.0,2024
3734,2242,Improve forecast accuracy,20,90.0,2024
3735,2242,Reduce overdue invoices,20,86.0,2024
3736,2243,Grow organic traffic,30,79.0,2024
3737,2243,Grow organic traffic,30,104.0,2024
3738,2243,Improve CAC,50,93.0,2024
3739,2244,Run discovery interviews,40,93.0,2024
3740,2244,Increase activation rate,30,84.0,2024
3741,2244,Improve retention,40,99.0,2024
3742,2245,Ship roadmap features,50,83.0,2024
3743,2245,Ship roadmap features,20,84.0,2024
3744,2245,Cut API latency,30,89.0,2024
3745,2246,Improve usability score,20,77.0,2024
3746,2246,Improve usability score,30,71.0,2024
3747,2246,Build design system,40,75.0,2024
3748,2246,Improve usability score,50,84.0,2024
3749,2247,Reduce overdue invoices,25,71.0,2024
3750,2247,Reduce overdue invoices,20,70.0,2024
3751,2247,Improve forecast accuracy,50,88.0,2024
3752,2248,Run discovery interviews,50,92.0,2024
3753,2248,Increase activation rate,20,85.0,2024
3754,2248,Launch new module,30,83.0,2024
3755,2248,Launch new module,20,93.0,2024
3756,2249,Improve CAC,40,73.0,2024
3757,2249,Grow organic traffic,25,79.0,2024
3758,2250,Launch campaign,40,85.0,2024
3759,2250,Grow qualified leads,20,103.0,2024
3760,2250,Launch campaign,50,109.0,2024
3761,2251,Improve retention,20,99.0,2024
3762,2251,Increase activation rate,30,97.0,2024
3763,2252,Increase activation rate,30,70.0,2024
3764,2252,Run discovery interviews,20,77.0,2024
3765,2252,Increase activation rate,20,51.0,2024
3766,2253,Increase activation rate,20,76.0,2024
3767,2253,Run discovery interviews,25,90.0,2024
3768,2254,Improve win rate,30,90.0,2024
3769,2254,Expand key accounts,40,84.0,2024
3770,2254,Grow pipeline,30,88.0,2024
3771,2254,Expand key accounts,30,85.0,2024
3772,2255,Improve forecast accuracy,50,89.0,2024
3773,2255,Close books faster,50,84.0,2024
3774,2256,Redesign onboarding,50,87.0,2024
3775,2256,Improve usability score,30,71.0,2024
3776,2256,Redesign onboarding,25,66.0,2024
3777,2256,Redesign onboarding,50,89.0,2024
3778,2257,Build design system,50,90.0,2024
3779,2257,Build design system,40,118.0,2024
3780,2257,Redesign onboarding,50,77.0,2024
3781,2257,Redesign onboarding,25,90.0,2024
3782,2258,Reduce time-to-hire,20,119.0,2024
3783,2258,Improve eNPS,30,99.0,2024
3784,2259,Improve usability score,50,96.0,2024
3785,2259,Improve usability score,30,96.0,2024
3786,2260,Automate manual workflow,25,81.0,2024
3787,2260,Reduce process cost,20,104.0,2024
3788,2260,Improve SLA compliance,20,94.0,2024
3789,2260,Automate manual workflow,20,92.0,2024
3790,2261,Improve test coverage,50,100.0,2024
3791,2261,Improve test coverage,20,76.0,2024
3792,2262,Improve forecast accuracy,25,91.0,2024
3793,2262,Reduce overdue invoices,50,80.0,2024
3794,2262,Improve forecast accuracy,20,61.0,2024
3795,2262,Close books faster,30,78.0,2024
3796,2263,Cut response time,50,79.0,2024
3797,2263,Reduce churn,25,80.0,2024
3798,2263,Improve NPS,25,84.0,2024
3799,2263,Cut response time,40,89.0,2024
3800,2264,Improve eNPS,40,91.0,2024
3801,2264,Reduce time-to-hire,40,130.0,2024
3802,2264,Reduce time-to-hire,50,115.0,2024
3803,2265,Improve test coverage,20,83.0,2024
3804,2265,Ship roadmap features,30,95.0,2024
3805,2265,Reduce production incidents,25,66.0,2024
3806,2265,Cut API latency,50,104.0,2024
3807,2266,Grow organic traffic,30,66.0,2024
3808,2266,Launch campaign,25,77.0,2024
3809,2267,Increase activation rate,50,101.0,2024
3810,2267,Launch new module,40,92.0,2024
3811,2268,Improve NPS,50,114.0,2024
3812,2268,Improve NPS,50,115.0,2024
3813,2269,Improve eNPS,20,90.0,2024
3814,2269,Reduce time-to-hire,40,95.0,2024
3815,2269,Improve eNPS,25,87.0,2024
3816,2269,Cut regretted attrition,25,103.0,2024
3817,2270,Reduce process cost,20,72.0,2024
3818,2270,Reduce process cost,30,62.0,2024
3819,2271,Reduce production incidents,50,83.0,2024
3820,2271,Improve test coverage,20,115.0,2024
3821,2271,Ship roadmap features,25,119.0,2024
3822,2271,Reduce production incidents,20,124.0,2024
3823,2272,Automate manual workflow,40,93.0,2024
3824,2272,Improve SLA compliance,30,81.0,2024
3825,2272,Reduce process cost,40,79.0,2024
3826,2273,Cut response time,40,82.0,2024
3827,2273,Reduce churn,50,67.0,2024
3828,2273,Improve NPS,50,86.0,2024
3829,2274,Cut regretted attrition,25,66.0,2024
3830,2274,Reduce time-to-hire,25,71.0,2024
3831,2274,Reduce time-to-hire,25,67.0,2024
3832,2274,Cut regretted attrition,40,73.0,2024
3833,2275,Cut response time,30,112.0,2024
3834,2275,Reduce churn,30,91.0,2024
3835,2275,Improve NPS,25,128.0,2024
3836,2276,Reduce production incidents,25,108.0,2024
3837,2276,Cut API latency,20,82.0,2024
3838,2276,Cut API latency,40,80.0,2024
3839,2276,Cut API latency,50,95.0,2024
3840,2277,Increase activation rate,50,55.0,2024
3841,2277,Launch new module,30,72.0,2024
3842,2277,Run discovery interviews,25,73.0,2024
3843,2278,Improve retention,30,97.0,2024
3844,2278,Run discovery interviews,20,68.0,2024
3845,2278,Launch new module,40,94.0,2024
3846,2279,Cut regretted attrition,40,77.0,2024
3847,2279,Improve eNPS,30,103.0,2024
3848,2279,Cut regretted attrition,30,70.0,2024
3849,2280,Improve usability score,30,63.0,2024
3850,2280,Build design system,25,78.0,2024
3851,2281,Increase upsell,25,96.0,2024
3852,2281,Increase upsell,40,73.0,2024
3853,2281,Increase upsell,30,111.0,2024
3854,2282,Grow pipeline,30,101.0,2024
3855,2282,Grow pipeline,40,109.0,2024
3856,2282,Hit quarterly quota,20,76.0,2024
3857,2282,Improve win rate,20,85.0,2024
3858,2283,Hit quarterly quota,30,80.0,2024
3859,2283,Expand key accounts,40,74.0,2024
3860,2284,Improve data quality,50,93.0,2024
3861,2284,Deliver self-serve dashboards,20,89.0,2024
3862,2285,Improve forecast accuracy,40,78.0,2024
3863,2285,Improve forecast accuracy,40,90.0,2024
3864,2285,Improve forecast accuracy,20,86.0,2024
3865,2286,Increase upsell,20,82.0,2024
3866,2286,Cut response time,50,78.0,2024
3867,2286,Reduce churn,50,72.0,2024
3868,2286,Improve NPS,50,72.0,2024
3869,2287,Improve NPS,20,101.0,2024
3870,2287,Improve NPS,30,87.0,2024
3871,2287,Cut response time,30,79.0,2024
3872,2287,Reduce churn,25,90.0,2024
3873,2288,Improve retention,50,67.0,2024
3874,2288,Run discovery interviews,20,89.0,2024
3875,2288,Launch new module,30,67.0,2024
3876,2289,Cut regretted attrition,30,60.0,2024
3877,2289,Improve eNPS,25,70.0,2024
3878,2289,Cut regretted attrition,25,87.0,2024
3879,2289,Reduce time-to-hire,50,89.0,2024
3880,2290,Close books faster,25,96.0,2024
3881,2290,Improve forecast accuracy,50,115.0,2024
3882,2290,Improve forecast accuracy,25,90.0,2024
3883,2290,Improve forecast accuracy,30,87.0,2024
3884,2291,Hit quarterly quota,30,98.0,2024
3885,2291,Hit quarterly quota,30,97.0,2024
3886,2291,Improve win rate,40,74.0,2024
3887,2292,Ship roadmap features,40,102.0,2024
3888,2292,Ship roadmap features,50,92.0,2024
3889,2292,Reduce production incidents,25,70.0,2024
3890,2292,Ship roadmap features,30,91.0,2024
3891,2293,Cut regretted attrition,25,90.0,2024
3892,2293,Improve eNPS,20,71.0,2024
3893,2293,Improve eNPS,20,85.0,2024
3894,2293,Cut regretted attrition,50,84.0,2024
3895,2294,Run discovery interviews,25,87.0,2024
3896,2294,Run discovery interviews,50,93.0,2024
3897,2294,Run discovery interviews,30,100.0,2024
3898,2294,Run discovery interviews,40,90.0,2024
3899,2295,Improve data quality,25,70.0,2024
3900,2295,Reduce query cost,20,89.0,2024
3901,2295,Improve data quality,50,93.0,2024
3902,2295,Deliver self-serve dashboards,30,89.0,2024
3903,2296,Improve usability score,40,95.0,2024
3904,2296,Improve usability score,25,83.0,2024
3905,2296,Build design system,50,83.0,2024
3906,2297,Automate manual workflow,25,99.0,2024
3907,2297,Improve SLA compliance,50,81.0,2024
3908,2298,Launch new module,50,71.0,2024
3909,2298,Improve retention,20,71.0,2024
3910,2299,Ship roadmap features,25,97.0,2024
3911,2299,Ship roadmap features,50,76.0,2024
3912,2299,Reduce production incidents,40,67.0,2024
3913,2299,Ship roadmap features,30,84.0,2024
3914,2300,Improve retention,20,101.0,2024
3915,2300,Improve retention,30,96.0,2024
3916,2301,Launch campaign,30,81.0,2024
3917,2301,Grow qualified leads,50,108.0,2024
3918,2301,Improve CAC,30,122.0,2024
3919,2302,Grow pipeline,20,103.0,2024
3920,2302,Improve win rate,20,88.0,2024
3921,2302,Hit quarterly quota,25,84.0,2024
3922,2302,Improve win rate,40,104.0,2024
3923,2303,Redesign onboarding,25,94.0,2024
3924,2303,Redesign onboarding,50,85.0,2024
3925,2304,Build design system,40,114.0,2024
3926,2304,Redesign onboarding,30,81.0,2024
3927,2305,Build design system,50,88.0,2024
3928,2305,Redesign onboarding,30,98.0,2024
3929,2305,Build design system,50,102.0,2024
3930,2305,Improve usability score,40,95.0,2024
3931,2306,Reduce query cost,20,101.0,2024
3932,2306,Reduce query cost,50,92.0,2024
3933,2306,Reduce query cost,25,109.0,2024
3934,2307,Grow pipeline,25,93.0,2024
3935,2307,Improve win rate,20,72.0,2024
3936,2308,Improve eNPS,25,90.0,2024
3937,2308,Cut regretted attrition,40,82.0,2024
3938,2308,Cut regretted attrition,30,106.0,2024
3939,2308,Improve eNPS,30,91.0,2024
3940,2309,Redesign onboarding,30,83.0,2024
3941,2309,Build design system,40,105.0,2024
3942,2309,Redesign onboarding,50,85.0,2024
3943,2309,Improve usability score,25,81.0,2024
3944,2310,Grow qualified leads,50,60.0,2024
3945,2310,Improve CAC,30,86.0,2024
3946,2311,Grow organic traffic,25,101.0,2024
3947,2311,Launch campaign,40,65.0,2024
3948,2311,Grow organic traffic,25,98.0,2024
3949,2311,Grow organic traffic,25,90.0,2024
3950,2312,Reduce process cost,25,89.0,2024
3951,2312,Improve SLA compliance,20,71.0,2024
3952,2313,Reduce process cost,40,105.0,2024
3953,2313,Improve SLA compliance,20,115.0,2024
3954,2313,Reduce process cost,25,81.0,2024
3955,2313,Automate manual workflow,40,84.0,2024
3956,2314,Automate reporting pipeline,25,84.0,2024
3957,2314,Improve data quality,40,98.0,2024
3958,2315,Improve usability score,20,97.0,2024
3959,2315,Improve usability score,30,97.0,2024
3960,2315,Improve usability score,40,98.0,2024
3961,2316,Increase activation rate,20,93.0,2024
3962,2316,Run discovery interviews,25,109.0,2024
3963,2316,Improve retention,25,88.0,2024
3964,2317,Reduce time-to-hire,25,104.0,2024
3965,2317,Reduce time-to-hire,20,99.0,2024
3966,2317,Cut regretted attrition,20,116.0,2024
3967,2317,Improve eNPS,40,82.0,2024
3968,2318,Reduce process cost,40,84.0,2024
3969,2318,Improve SLA compliance,25,88.0,2024
3970,2319,Improve eNPS,30,94.0,2024
3971,2319,Improve eNPS,30,91.0,2024
3972,2319,Reduce time-to-hire,30,93.0,2024
3973,2319,Reduce time-to-hire,50,112.0,2024
3974,2320,Reduce process cost,40,83.0,2024
3975,2320,Automate manual workflow,40,89.0,2024
3976,2320,Improve SLA compliance,25,89.0,2024
3977,2320,Automate manual workflow,30,82.0,2024
3978,2321,Redesign onboarding,20,105.0,2024
3979,2321,Improve usability score,30,60.0,2024
3980,2322,Improve eNPS,20,90.0,2024
3981,2322,Reduce time-to-hire,40,69.0,2024
3982,2322,Cut regretted attrition,40,71.0,2024
3983,2322,Cut regretted attrition,20,79.0,2024
3984,2323,Grow qualified leads,25,110.0,2024
3985,2323,Grow organic traffic,20,103.0,2024
3986,2323,Launch campaign,40,54.0,2024
3987,2323,Grow qualified leads,20,74.0,2024
3988,2324,Improve test coverage,50,118.0,2024
3989,2324,Improve test coverage,25,112.0,2024
3990,2324,Reduce production incidents,40,100.0,2024
3991,2325,Reduce process cost,30,94.0,2024
3992,2325,Improve SLA compliance,20,90.0,2024
3993,2326,Build design system,40,106.0,2024
3994,2326,Improve usability score,50,97.0,2024
3995,2326,Build design system,30,89.0,2024
3996,2327,Close books faster,25,75.0,2024
3997,2327,Close books faster,40,88.0,2024
3998,2327,Improve forecast accuracy,20,91.0,2024
3999,2328,Launch campaign,25,72.0,2024
4000,2328,Improve CAC,50,89.0,2024
4001,2329,Improve CAC,30,89.0,2024
4002,2329,Launch campaign,30,78.0,2024
4003,2329,Grow qualified leads,40,65.0,2024
4004,2329,Grow qualified leads,20,96.0,2024
4005,2330,Hit quarterly quota,40,95.0,2024
4006,2330,Grow pipeline,50,86.0,2024
4007,2330,Improve win rate,20,88.0,2024
4008,2330,Grow pipeline,25,92.0,2024
4009,2331,Automate reporting pipeline,30,102.0,2024
4010,2331,Automate reporting pipeline,40,108.0,2024
4011,2331,Reduce query cost,40,125.0,2024
4012,2331,Automate reporting pipeline,30,123.0,2024
4013,2332,Improve forecast accuracy,25,60.0,2024
4014,2332,Close books faster,25,70.0,2024
4015,2332,Close books faster,40,82.0,2024
4016,2332,Close books faster,30,80.0,2024
4017,2333,Improve win rate,30,80.0,2024
4018,2333,Improve win rate,20,76.0,2024
4019,2333,Grow pipeline,50,105.0,2024
4020,2334,Improve CAC,30,103.0,2024
4021,2334,Improve CAC,25,70.0,2024
4022,2334,Grow qualified leads,25,75.0,2024
4023,2334,Grow qualified leads,30,81.0,2024
4024,2335,Grow pipeline,20,102.0,2024
4025,2335,Improve win rate,25,104.0,2024
4026,2335,Hit quarterly quota,40,109.0,2024
4027,2335,Expand key accounts,50,102.0,2024
4028,2336,Automate reporting pipeline,25,85.0,2024
4029,2336,Reduce query cost,50,73.0,2024
4030,2337,Reduce time-to-hire,30,105.0,2024
4031,2337,Reduce time-to-hire,30,79.0,2024
4032,2337,Reduce time-to-hire,40,84.0,2024
4033,2338,Ship roadmap features,25,101.0,2024
4034,2338,Improve test coverage,50,100.0,2024
4035,2338,Reduce production incidents,25,114.0,2024
4036,2338,Improve test coverage,25,93.0,2024
4037,2339,Close books faster,25,103.0,2024
4038,2339,Improve forecast accuracy,20,76.0,2024
4039,2340,Grow pipeline,40,103.0,2024
4040,2340,Improve win rate,50,65.0,2024
4041,2340,Expand key accounts,25,85.0,2024
4042,2340,Grow pipeline,50,98.0,2024
4043,2341,Cut regretted attrition,30,93.0,2024
4044,2341,Improve eNPS,20,95.0,2024
4045,2342,Improve SLA compliance,40,86.0,2024
4046,2342,Automate manual workflow,40,86.0,2024
4047,2342,Reduce process cost,30,95.0,2024
4048,2342,Improve SLA compliance,50,74.0,2024
4049,2343,Improve win rate,25,83.0,2024
4050,2343,Improve win rate,50,82.0,2024
4051,2343,Hit quarterly quota,25,86.0,2024
4052,2343,Grow pipeline,20,68.0,2024
4053,2344,Run discovery interviews,30,67.0,2024
4054,2344,Increase activation rate,30,60.0,2024
4055,2344,Run discovery interviews,25,44.0,2024
4056,2344,Launch new module,50,63.0,2024
4057,2345,Improve SLA compliance,50,106.0,2024
4058,2345,Reduce process cost,20,80.0,2024
4059,2345,Reduce process cost,20,89.0,2024
4060,2345,Reduce process cost,50,90.0,2024
4061,2346,Automate reporting pipeline,30,115.0,2024
4062,2346,Automate reporting pipeline,30,82.0,2024
4063,2346,Automate reporting pipeline,50,119.0,2024
4064,2347,Reduce time-to-hire,40,78.0,2024
4065,2347,Improve eNPS,25,103.0,2024
4066,2348,Close books faster,50,61.0,2024
4067,2348,Close books faster,40,98.0,2024
4068,2349,Improve test coverage,30,80.0,2024
4069,2349,Cut API latency,50,100.0,2024
4070,2349,Ship roadmap features,50,79.0,2024
4071,2350,Cut regretted attrition,20,72.0,2024
4072,2350,Improve eNPS,20,76.0,2024
4073,2351,Increase upsell,20,99.0,2024
4074,2351,Reduce churn,25,100.0,2024
4075,2351,Increase upsell,30,95.0,2024
4076,2352,Automate manual workflow,50,69.0,2024
4077,2352,Automate manual workflow,30,80.0,2024
4078,2352,Automate manual workflow,40,63.0,2024
4079,2353,Cut response time,25,87.0,2024
4080,2353,Cut response time,30,79.0,2024
4081,2353,Increase upsell,50,95.0,2024
4082,2354,Improve eNPS,40,79.0,2024
4083,2354,Reduce time-to-hire,40,97.0,2024
4084,2354,Reduce time-to-hire,25,64.0,2024
4085,2355,Improve eNPS,20,108.0,2024
4086,2355,Improve eNPS,40,102.0,2024
4087,2355,Improve eNPS,20,89.0,2024
4088,2356,Reduce churn,50,86.0,2024
4089,2356,Reduce churn,50,82.0,2024
4090,2357,Ship roadmap features,40,71.0,2024
4091,2357,Ship roadmap features,50,74.0,2024
4092,2358,Improve data quality,30,81.0,2024
4093,2358,Improve data quality,50,92.0,2024
4094,2358,Deliver self-serve dashboards,20,75.0,2024
4095,2358,Deliver self-serve dashboards,25,110.0,2024
4096,2359,Improve SLA compliance,30,100.0,2024
4097,2359,Improve SLA compliance,40,92.0,2024
4098,2359,Improve SLA compliance,25,106.0,2024
4099,2359,Reduce process cost,50,113.0,2024
4100,2360,Improve test coverage,40,85.0,2024
4101,2360,Cut API latency,30,94.0,2024
4102,2360,Ship roadmap features,40,77.0,2024
4103,2360,Cut API latency,50,94.0,2024
4104,2361,Automate manual workflow,20,103.0,2024
4105,2361,Improve SLA compliance,20,91.0,2024
4106,2361,Reduce process cost,25,89.0,2024
4107,2362,Reduce process cost,50,85.0,2024
4108,2362,Improve SLA compliance,40,69.0,2024
4109,2362,Reduce process cost,25,72.0,2024
4110,2363,Cut regretted attrition,50,98.0,2024
4111,2363,Reduce time-to-hire,25,107.0,2024
4112,2363,Improve eNPS,25,99.0,2024
4113,2364,Cut response time,30,82.0,2024
4114,2364,Improve NPS,50,83.0,2024
4115,2364,Improve NPS,50,58.0,2024
4116,2365,Redesign onboarding,25,88.0,2024
4117,2365,Improve usability score,30,118.0,2024
4118,2366,Cut regretted attrition,30,84.0,2024
4119,2366,Reduce time-to-hire,40,65.0,2024
4120,2367,Improve test coverage,25,86.0,2024
4121,2367,Ship roadmap features,50,85.0,2024
4122,2368,Run discovery interviews,25,97.0,2024
4123,2368,Improve retention,20,94.0,2024
4124,2368,Increase activation rate,20,103.0,2024
4125,2368,Improve retention,50,76.0,2024
4126,2369,Reduce process cost,30,92.0,2024
4127,2369,Reduce process cost,30,76.0,2024
4128,2369,Reduce process cost,40,73.0,2024
4129,2369,Improve SLA compliance,40,88.0,2024
4130,2370,Improve SLA compliance,30,95.0,2024
4131,2370,Automate manual workflow,50,79.0,2024
4132,2370,Improve SLA compliance,50,99.0,2024
4133,2371,Build design system,50,95.0,2024
4134,2371,Redesign onboarding,50,111.0,2024
4135,2371,Build design system,30,105.0,2024
4136,2372,Improve test coverage,50,72.0,2024
4137,2372,Cut API latency,40,81.0,2024
4138,2372,Ship roadmap features,50,82.0,2024
4139,2373,Increase activation rate,20,107.0,2024
4140,2373,Launch new module,30,98.0,2024
4141,2373,Increase activation rate,30,116.0,2024
4142,2374,Redesign onboarding,40,98.0,2024
4143,2374,Improve usability score,50,87.0,2024
4144,2374,Redesign onboarding,20,73.0,2024
4145,2375,Automate manual workflow,20,94.0,2024
4146,2375,Reduce process cost,20,82.0,2024
4147,2375,Automate manual workflow,40,88.0,2024
4148,2375,Reduce process cost,40,78.0,2024
4149,2376,Improve test coverage,25,89.0,2024
4150,2376,Reduce production incidents,40,103.0,2024
4151,2376,Ship roadmap features,20,86.0,2024
4152,2376,Cut API latency,40,100.0,2024
4153,2377,Reduce query cost,50,106.0,2024
4154,2377,Automate reporting pipeline,40,125.0,2024
4155,2378,Improve usability score,40,91.0,2024
4156,2378,Redesign onboarding,25,98.0,2024
4157,2378,Build design system,25,108.0,2024
4158,2379,Reduce churn,20,112.0,2024
4159,2379,Reduce churn,30,101.0,2024
4160,2379,Increase upsell,40,89.0,2024
4161,2380,Cut response time,40,67.0,2024
4162,2380,Reduce churn,25,76.0,2024
4163,2380,Cut response time,30,97.0,2024
4164,2380,Cut response time,25,75.0,2024
4165,2381,Automate reporting pipeline,50,96.0,2024
4166,2381,Improve data quality,50,96.0,2024
4167,2381,Automate reporting pipeline,25,104.0,2024
4168,2381,Reduce query cost,50,86.0,2024
4169,2382,Improve retention,25,93.0,2024
4170,2382,Improve retention,50,73.0,2024
4171,2382,Increase activation rate,50,64.0,2024
4172,2382,Run discovery interviews,20,64.0,2024
4173,2383,Automate manual workflow,30,85.0,2024
4174,2383,Improve SLA compliance,30,93.0,2024
4175,2383,Automate manual workflow,50,85.0,2024
4176,2383,Reduce process cost,30,106.0,2024
4177,2384,Cut response time,25,87.0,2024
4178,2384,Reduce churn,30,109.0,2024
4179,2385,Reduce process cost,40,87.0,2024
4180,2385,Improve SLA compliance,20,49.0,2024
4181,2386,Improve eNPS,30,87.0,2024
4182,2386,Cut regretted attrition,40,80.0,2024
4183,2386,Improve eNPS,20,88.0,2024
4184,2386,Improve eNPS,20,75.0,2024
4185,2387,Improve usability score,30,73.0,2024
4186,2387,Build design system,50,108.0,2024
4187,2387,Improve usability score,20,70.0,2024
4188,2388,Increase upsell,20,97.0,2024
4189,2388,Reduce churn,20,88.0,2024
4190,2388,Increase upsell,20,80.0,2024
4191,2389,Improve forecast accuracy,40,72.0,2024
4192,2389,Close books faster,25,74.0,2024
4193,2389,Close books faster,20,77.0,2024
4194,2390,Expand key accounts,30,88.0,2024
4195,2390,Hit quarterly quota,40,96.0,2024
4196,2391,Improve eNPS,25,83.0,2024
4197,2391,Cut regretted attrition,40,73.0,2024
4198,2391,Cut regretted attrition,25,90.0,2024
4199,2391,Reduce time-to-hire,50,87.0,2024
4200,2392,Launch campaign,30,102.0,2024
4201,2392,Improve CAC,40,84.0,2024
4202,2392,Improve CAC,30,111.0,2024
4203,2392,Launch campaign,50,75.0,2024
4204,2393,Run discovery interviews,50,118.0,2024
4205,2393,Launch new module,30,110.0,2024
4206,2393,Increase activation rate,50,103.0,2024
4207,2393,Run discovery interviews,25,109.0,2024
4208,2394,Build design system,30,99.0,2024
4209,2394,Build design system,40,98.0,2024
4210,2394,Improve usability score,30,104.0,2024
4211,2395,Run discovery interviews,50,115.0,2024
4212,2395,Launch new module,40,107.0,2024
4213,2395,Increase activation rate,20,121.0,2024
4214,2395,Improve retention,25,108.0,2024
4215,2396,Ship roadmap features,30,86.0,2024
4216,2396,Reduce production incidents,40,88.0,2024
4217,2396,Cut API latency,40,94.0,2024
4218,2396,Reduce production incidents,50,86.0,2024
4219,2397,Improve data quality,40,97.0,2024
4220,2397,Automate reporting pipeline,20,92.0,2024
4221,2397,Reduce query cost,30,104.0,2024
4222,2398,Increase activation rate,30,110.0,2024
4223,2398,Increase activation rate,25,71.0,2024
4224,2399,Improve forecast accuracy,20,70.0,2024
4225,2399,Close books faster,30,80.0,2024
4226,2399,Close books faster,25,65.0,2024
4227,2400,Cut API latency,40,97.0,2024
4228,2400,Cut API latency,40,92.0,2024
4229,2401,Improve data quality,40,110.0,2024
4230,2401,Automate reporting pipeline,40,81.0,2024
4231,2401,Automate reporting pipeline,25,112.0,2024
4232,2402,Automate manual workflow,40,90.0,2024
4233,2402,Improve SLA compliance,40,93.0,2024
4234,2402,Reduce process cost,25,91.0,2024
4235,2403,Improve forecast accuracy,20,99.0,2024
4236,2403,Improve forecast accuracy,30,105.0,2024
4237,2403,Close books faster,40,98.0,2024
4238,2403,Close books faster,50,88.0,2024
4239,2404,Improve usability score,20,107.0,2024
4240,2404,Improve usability score,30,113.0,2024
4241,2404,Redesign onboarding,50,110.0,2024
4242,2404,Improve usability score,20,115.0,2024
4243,2405,Cut API latency,40,74.0,2024
4244,2405,Cut API latency,25,88.0,2024
4245,2405,Ship roadmap features,40,73.0,2024
4246,2406,Ship roadmap features,30,59.0,2024
4247,2406,Improve test coverage,25,89.0,2024
4248,2407,Run discovery interviews,25,75.0,2024
4249,2407,Increase activation rate,30,91.0,2024
4250,2408,Improve retention,40,67.0,2024
4251,2408,Improve retention,40,59.0,2024
4252,2408,Launch new module,30,89.0,2024
4253,2408,Run discovery interviews,20,63.0,2024
4254,2409,Cut response time,40,84.0,2024
4255,2409,Improve NPS,20,102.0,2024
4256,2409,Improve NPS,40,96.0,2024
4257,2410,Redesign onboarding,40,81.0,2024
4258,2410,Improve usability score,20,90.0,2024
4259,2410,Build design system,30,70.0,2024
4260,2410,Redesign onboarding,25,82.0,2024
4261,2411,Reduce churn,25,77.0,2024
4262,2411,Increase upsell,20,56.0,2024
4263,2411,Cut response time,25,53.0,2024
4264,2412,Improve SLA compliance,25,99.0,2024
4265,2412,Automate manual workflow,20,94.0,2024
4266,2413,Improve eNPS,40,103.0,2024
4267,2413,Improve eNPS,40,97.0,2024
4268,2413,Improve eNPS,30,93.0,2024
4269,2413,Improve eNPS,20,100.0,2024
4270,2414,Close books faster,25,101.0,2024
4271,2414,Improve forecast accuracy,25,93.0,2024
4272,2414,Reduce overdue invoices,20,92.0,2024
4273,2415,Run discovery interviews,50,91.0,2024
4274,2415,Improve retention,25,97.0,2024
4275,2415,Improve retention,25,87.0,2024
4276,2415,Launch new module,50,107.0,2024
4277,2416,Build design system,20,87.0,2024
4278,2416,Build design system,50,85.0,2024
4279,2416,Improve usability score,20,84.0,2024
4280,2416,Build design system,50,78.0,2024
4281,2417,Improve data quality,50,109.0,2024
4282,2417,Automate reporting pipeline,30,120.0,2024
4283,2418,Close books faster,25,94.0,2024
4284,2418,Close books faster,25,94.0,2024
4285,2418,Improve forecast accuracy,40,91.0,2024
4286,2419,Cut response time,30,109.0,2024
4287,2419,Increase upsell,30,118.0,2024
4288,2419,Increase upsell,25,102.0,2024
4289,2419,Cut response time,20,111.0,2024
4290,2420,Reduce churn,20,84.0,2024
4291,2420,Cut response time,20,77.0,2024
4292,2420,Increase upsell,30,82.0,2024
4293,2421,Improve SLA compliance,30,103.0,2024
4294,2421,Improve SLA compliance,50,101.0,2024
4295,2421,Reduce process cost,20,84.0,2024
4296,2422,Cut API latency,50,82.0,2024
4297,2422,Cut API latency,30,89.0,2024
4298,2422,Improve test coverage,20,103.0,2024
4299,2422,Ship roadmap features,25,100.0,2024
4300,2423,Grow organic traffic,25,93.0,2024
4301,2423,Launch campaign,50,68.0,2024
4302,2423,Grow organic traffic,50,72.0,2024
4303,2424,Grow organic traffic,25,85.0,2024
4304,2424,Launch campaign,40,61.0,2024
4305,2425,Redesign onboarding,40,92.0,2024
4306,2425,Improve usability score,25,113.0,2024
4307,2426,Cut regretted attrition,30,96.0,2024
4308,2426,Reduce time-to-hire,30,80.0,2024
4309,2426,Reduce time-to-hire,40,97.0,2024
4310,2427,Cut response time,30,115.0,2024
4311,2427,Reduce churn,50,130.0,2024
4312,2427,Improve NPS,40,115.0,2024
4313,2427,Increase upsell,50,120.0,2024
4314,2428,Improve data quality,20,81.0,2024
4315,2428,Improve data quality,40,91.0,2024
4316,2428,Improve data quality,30,91.0,2024
4317,2429,Deliver self-serve dashboards,50,98.0,2024
4318,2429,Automate reporting pipeline,20,99.0,2024
4319,2429,Reduce query cost,40,97.0,2024
4320,2430,Redesign onboarding,20,67.0,2024
4321,2430,Redesign onboarding,30,86.0,2024
4322,2430,Build design system,20,101.0,2024
4323,2430,Build design system,30,76.0,2024
4324,2431,Expand key accounts,20,59.0,2024
4325,2431,Improve win rate,25,66.0,2024
4326,2431,Expand key accounts,30,40.0,2024
4327,2431,Grow pipeline,25,74.0,2024
4328,2432,Redesign onboarding,30,80.0,2024
4329,2432,Build design system,20,65.0,2024
4330,2433,Reduce production incidents,20,69.0,2024
4331,2433,Reduce production incidents,30,66.0,2024
4332,2433,Reduce production incidents,25,76.0,2024
4333,2433,Cut API latency,20,83.0,2024
4334,2434,Deliver self-serve dashboards,20,84.0,2024
4335,2434,Deliver self-serve dashboards,25,92.0,2024
4336,2434,Reduce query cost,30,83.0,2024
4337,2434,Automate reporting pipeline,25,84.0,2024
4338,2435,Hit quarterly quota,40,83.0,2024
4339,2435,Grow pipeline,20,89.0,2024
4340,2435,Hit quarterly quota,50,87.0,2024
4341,2436,Reduce process cost,50,75.0,2024
4342,2436,Automate manual workflow,50,85.0,2024
4343,2437,Close books faster,30,79.0,2024
4344,2437,Reduce overdue invoices,50,104.0,2024
4345,2437,Close books faster,50,71.0,2024
4346,2437,Close books faster,30,95.0,2024
4347,2438,Ship roadmap features,25,93.0,2024
4348,2438,Improve test coverage,20,70.0,2024
4349,2439,Reduce time-to-hire,50,88.0,2024
4350,2439,Cut regretted attrition,20,56.0,2024
4351,2439,Cut regretted attrition,20,71.0,2024
4352,2440,Improve eNPS,25,89.0,2024
4353,2440,Improve eNPS,50,87.0,2024
4354,2440,Cut regretted attrition,40,84.0,2024
4355,2441,Improve usability score,20,86.0,2024
4356,2441,Improve usability score,25,92.0,2024
4357,2441,Redesign onboarding,25,99.0,2024
4358,2441,Redesign onboarding,20,92.0,2024
4359,2442,Automate manual workflow,40,58.0,2024
4360,2442,Automate manual workflow,30,74.0,2024
4361,2442,Reduce process cost,20,68.0,2024
4362,2443,Reduce production incidents,25,86.0,2024
4363,2443,Improve test coverage,40,91.0,2024
4364,2444,Build design system,30,75.0,2024
4365,2444,Redesign onboarding,50,97.0,2024
4366,2444,Redesign onboarding,25,91.0,2024
4367,2445,Reduce overdue invoices,30,95.0,2024
4368,2445,Reduce overdue invoices,50,90.0,2024
4369,2445,Close books faster,40,103.0,2024
4370,2445,Close books faster,20,93.0,2024
4371,2446,Improve eNPS,50,101.0,2024
4372,2446,Cut regretted attrition,50,98.0,2024
4373,2446,Improve eNPS,50,106.0,2024
4374,2447,Improve usability score,30,83.0,2024
4375,2447,Improve usability score,20,87.0,2024
4376,2447,Redesign onboarding,40,77.0,2024
4377,2447,Redesign onboarding,50,74.0,2024
4378,2448,Automate reporting pipeline,25,71.0,2024
4379,2448,Improve data quality,20,107.0,2024
4380,2449,Improve forecast accuracy,40,92.0,2024
4381,2449,Improve forecast accuracy,40,72.0,2024
4382,2449,Reduce overdue invoices,30,87.0,2024
4383,2449,Improve forecast accuracy,20,96.0,2024
4384,2450,Expand key accounts,30,97.0,2024
4385,2450,Expand key accounts,50,81.0,2024
4386,2450,Hit quarterly quota,25,83.0,2024
4387,2451,Launch campaign,50,76.0,2024
4388,2451,Launch campaign,20,74.0,2024
4389,2452,Launch new module,50,105.0,2024
4390,2452,Run discovery interviews,30,104.0,2024
4391,2452,Increase activation rate,40,109.0,2024
4392,2453,Build design system,20,100.0,2024
4393,2453,Improve usability score,40,75.0,2024
4394,2453,Redesign onboarding,50,96.0,2024
4395,2454,Improve CAC,25,62.0,2024
4396,2454,Improve CAC,25,73.0,2024
4397,2454,Grow qualified leads,40,85.0,2024
4398,2455,Improve eNPS,50,74.0,2024
4399,2455,Improve eNPS,40,96.0,2024
4400,2456,Increase activation rate,25,96.0,2024
4401,2456,Run discovery interviews,20,105.0,2024
4402,2456,Launch new module,50,100.0,2024
4403,2457,Improve eNPS,40,71.0,2024
4404,2457,Improve eNPS,30,90.0,2024
4405,2457,Cut regretted attrition,40,80.0,2024
4406,2458,Automate manual workflow,20,87.0,2024
4407,2458,Automate manual workflow,30,102.0,2024
4408,2459,Improve CAC,50,63.0,2024
4409,2459,Improve CAC,30,74.0,2024
4410,2459,Grow qualified leads,50,73.0,2024
4411,2459,Improve CAC,30,75.0,2024
4412,2460,Automate manual workflow,30,74.0,2024
4413,2460,Improve SLA compliance,40,86.0,2024
4414,2460,Automate manual workflow,50,80.0,2024
4415,2461,Automate manual workflow,50,100.0,2024
4416,2461,Automate manual workflow,20,67.0,2024
4417,2461,Automate manual workflow,25,83.0,2024
4418,2462,Run discovery interviews,50,103.0,2024
4419,2462,Run discovery interviews,30,102.0,2024
4420,2463,Improve NPS,25,75.0,2024
4421,2463,Increase upsell,50,99.0,2024
4422,2463,Cut response time,25,90.0,2024
4423,2464,Run discovery interviews,25,109.0,2024
4424,2464,Launch new module,25,91.0,2024
4425,2464,Run discovery interviews,50,109.0,2024
4426,2465,Improve SLA compliance,25,98.0,2024
4427,2465,Reduce process cost,30,80.0,2024
4428,2466,Build design system,20,86.0,2024
4429,2466,Improve usability score,25,81.0,2024
4430,2467,Increase upsell,30,99.0,2024
4431,2467,Cut response time,50,102.0,2024
4432,2467,Reduce churn,25,78.0,2024
4433,2467,Improve NPS,50,111.0,2024
4434,2468,Automate reporting pipeline,40,85.0,2024
4435,2468,Reduce query cost,20,85.0,2024
4436,2469,Automate reporting pipeline,40,70.0,2024
4437,2469,Improve data quality,50,81.0,2024
4438,2469,Deliver self-serve dashboards,30,88.0,2024
4439,2469,Automate reporting pipeline,25,78.0,2024
4440,2470,Build design system,50,89.0,2024
4441,2470,Build design system,30,78.0,2024
4442,2470,Build design system,25,93.0,2024
4443,2470,Build design system,25,76.0,2024
4444,2471,Reduce time-to-hire,30,111.0,2024
4445,2471,Cut regretted attrition,25,130.0,2024
4446,2471,Cut regretted attrition,20,102.0,2024
4447,2472,Grow pipeline,25,79.0,2024
4448,2472,Grow pipeline,20,87.0,2024
4449,2473,Expand key accounts,40,84.0,2024
4450,2473,Expand key accounts,50,98.0,2024
4451,2473,Hit quarterly quota,40,104.0,2024
4452,2473,Expand key accounts,40,88.0,2024
4453,2474,Reduce process cost,40,106.0,2024
4454,2474,Reduce process cost,25,81.0,2024
4455,2474,Improve SLA compliance,20,99.0,2024
4456,2474,Improve SLA compliance,20,79.0,2024
4457,2475,Hit quarterly quota,50,76.0,2024
4458,2475,Grow pipeline,50,75.0,2024
4459,2475,Improve win rate,25,76.0,2024
4460,2476,Cut API latency,50,78.0,2024
4461,2476,Ship roadmap features,40,73.0,2024
4462,2476,Reduce production incidents,20,81.0,2024
4463,2476,Cut API latency,40,73.0,2024
4464,2477,Cut API latency,50,88.0,2024
4465,2477,Improve test coverage,25,72.0,2024
4466,2477,Ship roadmap features,30,70.0,2024
4467,2477,Ship roadmap features,25,81.0,2024
4468,2478,Improve SLA compliance,50,74.0,2024
4469,2478,Improve SLA compliance,50,86.0,2024
4470,2478,Improve SLA compliance,25,83.0,2024
4471,2479,Close books faster,30,71.0,2024
4472,2479,Improve forecast accuracy,40,73.0,2024
4473,2479,Improve forecast accuracy,25,107.0,2024
4474,2480,Reduce query cost,30,105.0,2024
4475,2480,Deliver self-serve dashboards,40,80.0,2024
4476,2480,Deliver self-serve dashboards,20,67.0,2024
4477,2481,Redesign onboarding,50,58.0,2024
4478,2481,Improve usability score,30,68.0,2024
4479,2482,Close books faster,20,117.0,2024
4480,2482,Improve forecast accuracy,50,100.0,2024
4481,2483,Run discovery interviews,20,68.0,2024
4482,2483,Launch new module,40,98.0,2024
4483,2483,Launch new module,50,100.0,2024
4484,2484,Automate manual workflow,40,83.0,2024
4485,2484,Automate manual workflow,50,106.0,2024
4486,2485,Cut regretted attrition,50,106.0,2024
4487,2485,Improve eNPS,25,97.0,2024
4488,2485,Reduce time-to-hire,30,93.0,2024
4489,2486,Improve win rate,50,111.0,2024
4490,2486,Grow pipeline,30,118.0,2024
4491,2486,Improve win rate,40,108.0,2024
4492,2487,Hit quarterly quota,40,64.0,2024
4493,2487,Grow pipeline,50,52.0,2024
4494,2487,Grow pipeline,50,80.0,2024
4495,2488,Close books faster,25,92.0,2024
4496,2488,Reduce overdue invoices,20,105.0,2024
4497,2488,Close books faster,30,116.0,2024
4498,2489,Reduce process cost,20,81.0,2024
4499,2489,Reduce process cost,40,63.0,2024
4500,2489,Automate manual workflow,30,87.0,2024
4501,2490,Cut API latency,40,93.0,2024
4502,2490,Reduce production incidents,50,81.0,2024
4503,2490,Cut API latency,25,71.0,2024
4504,2491,Reduce process cost,20,90.0,2024
4505,2491,Improve SLA compliance,50,108.0,2024
4506,2491,Reduce process cost,50,82.0,2024
4507,2491,Automate manual workflow,30,95.0,2024
4508,2492,Launch campaign,50,106.0,2024
4509,2492,Improve CAC,20,94.0,2024
4510,2492,Grow qualified leads,50,99.0,2024
4511,2492,Launch campaign,40,111.0,2024
4512,2493,Ship roadmap features,30,73.0,2024
4513,2493,Reduce production incidents,20,88.0,2024
4514,2494,Build design system,40,94.0,2024
4515,2494,Redesign onboarding,40,103.0,2024
4516,2494,Build design system,50,103.0,2024
4517,2494,Build design system,25,107.0,2024
4518,2495,Improve data quality,50,82.0,2024
4519,2495,Reduce query cost,30,71.0,2024
4520,2495,Deliver self-serve dashboards,50,87.0,2024
4521,2496,Improve eNPS,40,70.0,2024
4522,2496,Cut regretted attrition,20,95.0,2024
4523,2496,Cut regretted attrition,40,94.0,2024
4524,2496,Cut regretted attrition,25,102.0,2024
4525,2497,Improve SLA compliance,20,119.0,2024
4526,2497,Automate manual workflow,20,92.0,2024
4527,2498,Improve SLA compliance,20,121.0,2024
4528,2498,Automate manual workflow,30,119.0,2024
4529,2499,Grow organic traffic,40,97.0,2024
4530,2499,Grow qualified leads,40,103.0,2024
4531,2500,Increase upsell,20,94.0,2024
4532,2500,Increase upsell,40,94.0,2024
4533,2501,Improve win rate,20,77.0,2024
4534,2501,Improve win rate,50,54.0,2024
4535,2501,Hit quarterly quota,50,64.0,2024
4536,2502,Expand key accounts,40,99.0,2024
4537,2502,Hit quarterly quota,20,83.0,2024
4538,2502,Hit quarterly quota,20,67.0,2024
4539,2502,Improve win rate,30,82.0,2024
4540,2503,Run discovery interviews,25,92.0,2024
4541,2503,Improve retention,25,70.0,2024
4542,2503,Launch new module,40,67.0,2024
4543,2503,Improve retention,50,108.0,2024
4544,2504,Improve forecast accuracy,30,82.0,2024
4545,2504,Reduce overdue invoices,25,96.0,2024
4546,2504,Reduce overdue invoices,30,85.0,2024
4547,2505,Close books faster,20,86.0,2024
4548,2505,Improve forecast accuracy,20,91.0,2024
4549,2505,Improve forecast accuracy,20,85.0,2024
4550,2505,Reduce overdue invoices,40,99.0,2024
4551,2506,Deliver self-serve dashboards,20,68.0,2024
4552,2506,Improve data quality,25,83.0,2024
4553,2507,Reduce time-to-hire,25,82.0,2024
4554,2507,Improve eNPS,25,99.0,2024
4555,2507,Improve eNPS,40,87.0,2024
4556,2508,Expand key accounts,40,74.0,2024
4557,2508,Expand key accounts,40,67.0,2024
4558,2508,Grow pipeline,30,83.0,2024
4559,2509,Improve NPS,40,87.0,2024
4560,2509,Increase upsell,50,65.0,2024
4561,2509,Cut response time,30,62.0,2024
4562,2509,Reduce churn,25,97.0,2024
4563,2510,Close books faster,20,97.0,2024
4564,2510,Improve forecast accuracy,50,90.0,2024
4565,2510,Improve forecast accuracy,50,77.0,2024
4566,2510,Close books faster,30,77.0,2024
4567,2511,Run discovery interviews,40,71.0,2024
4568,2511,Increase activation rate,25,96.0,2024
4569,2512,Reduce churn,40,93.0,2024
4570,2512,Reduce churn,50,115.0,2024
4571,2512,Reduce churn,40,109.0,2024
4572,2512,Increase upsell,40,96.0,2024
4573,2513,Reduce overdue invoices,40,95.0,2024
4574,2513,Reduce overdue invoices,40,85.0,2024
4575,2513,Reduce overdue invoices,30,98.0,2024
4576,2514,Grow pipeline,20,87.0,2024
4577,2514,Expand key accounts,20,53.0,2024
4578,2514,Grow pipeline,30,81.0,2024
4579,2515,Improve forecast accuracy,40,96.0,2024
4580,2515,Improve forecast accuracy,50,94.0,2024
4581,2516,Redesign onboarding,20,94.0,2024
4582,2516,Redesign onboarding,25,72.0,2024
4583,2516,Build design system,25,95.0,2024
4584,2516,Build design system,50,84.0,2024
4585,2517,Launch new module,30,121.0,2024
4586,2517,Improve retention,50,116.0,2024
4587,2517,Run discovery interviews,40,98.0,2024
4588,2518,Improve data quality,30,84.0,2024
4589,2518,Automate reporting pipeline,40,72.0,2024
4590,2518,Automate reporting pipeline,20,74.0,2024
4591,2519,Improve forecast accuracy,25,95.0,2024
4592,2519,Reduce overdue invoices,25,70.0,2024
4593,2519,Reduce overdue invoices,50,96.0,2024
4594,2519,Improve forecast accuracy,40,81.0,2024
4595,2520,Reduce process cost,40,87.0,2024
4596,2520,Automate manual workflow,20,72.0,2024
4597,2520,Improve SLA compliance,40,47.0,2024
4598,2521,Improve test coverage,50,100.0,2024
4599,2521,Ship roadmap features,40,107.0,2024
4600,2522,Launch new module,20,88.0,2024
4601,2522,Run discovery interviews,25,84.0,2024
4602,2522,Run discovery interviews,30,88.0,2024
4603,2522,Run discovery interviews,30,83.0,2024
4604,2523,Grow pipeline,50,80.0,2024
4605,2523,Hit quarterly quota,50,113.0,2024
4606,2523,Improve win rate,20,112.0,2024
4607,2524,Reduce overdue invoices,30,72.0,2024
4608,2524,Improve forecast accuracy,40,69.0,2024
4609,2524,Close books faster,20,75.0,2024
4610,2524,Close books faster,40,90.0,2024
4611,2525,Grow organic traffic,25,115.0,2024
4612,2525,Grow qualified leads,20,94.0,2024
4613,2526,Cut regretted attrition,20,76.0,2024
4614,2526,Improve eNPS,30,71.0,2024
4615,2526,Reduce time-to-hire,40,70.0,2024
4616,2527,Improve eNPS,20,93.0,2024
4617,2527,Improve eNPS,50,106.0,2024
4618,2527,Reduce time-to-hire,20,112.0,2024
4619,2527,Reduce time-to-hire,30,99.0,2024
4620,2528,Cut regretted attrition,40,108.0,2024
4621,2528,Cut regretted attrition,25,105.0,2024
4622,2529,Build design system,30,79.0,2024
4623,2529,Redesign onboarding,40,103.0,2024
4624,2529,Improve usability score,25,99.0,2024
4625,2529,Improve usability score,30,97.0,2024
4626,2530,Reduce query cost,40,97.0,2024
4627,2530,Reduce query cost,40,80.0,2024
4628,2530,Automate reporting pipeline,30,88.0,2024
4629,2530,Deliver self-serve dashboards,30,78.0,2024
4630,2531,Reduce production incidents,40,103.0,2024
4631,2531,Reduce production incidents,25,73.0,2024
4632,2531,Cut API latency,50,67.0,2024
4633,2531,Reduce production incidents,30,85.0,2024
4634,2532,Ship roadmap features,40,111.0,2024
4635,2532,Reduce production incidents,20,103.0,2024
4636,2532,Ship roadmap features,50,85.0,2024
4637,2533,Reduce time-to-hire,20,87.0,2024
4638,2533,Reduce time-to-hire,25,86.0,2024
4639,2534,Improve data quality,40,77.0,2024
4640,2534,Deliver self-serve dashboards,40,101.0,2024
4641,2534,Automate reporting pipeline,25,98.0,2024
4642,2535,Improve data quality,40,77.0,2024
4643,2535,Deliver self-serve dashboards,20,59.0,2024
4644,2536,Cut API latency,40,91.0,2024
4645,2536,Reduce production incidents,25,115.0,2024
4646,2536,Reduce production incidents,50,111.0,2024
4647,2537,Close books faster,30,104.0,2024
4648,2537,Close books faster,50,91.0,2024
4649,2537,Improve forecast accuracy,40,94.0,2024
4650,2538,Expand key accounts,40,100.0,2024
4651,2538,Improve win rate,30,106.0,2024
4652,2539,Ship roadmap features,25,116.0,2024
4653,2539,Ship roadmap features,30,87.0,2024
4654,2539,Improve test coverage,25,89.0,2024
4655,2539,Improve test coverage,50,94.0,2024
4656,2540,Reduce production incidents,40,80.0,2024
4657,2540,Ship roadmap features,20,91.0,2024
4658,2540,Ship roadmap features,25,80.0,2024
4659,2541,Improve CAC,50,73.0,2024
4660,2541,Improve CAC,25,98.0,2024
4661,2541,Launch campaign,25,69.0,2024
4662,2541,Grow organic traffic,50,73.0,2024
4663,2542,Improve forecast accuracy,20,72.0,2024
4664,2542,Improve forecast accuracy,25,69.0,2024
4665,2542,Improve forecast accuracy,50,67.0,2024
4666,2542,Reduce overdue invoices,40,99.0,2024
4667,2543,Run discovery interviews,25,112.0,2024
4668,2543,Run discovery interviews,50,101.0,2024
4669,2543,Improve retention,40,97.0,2024
4670,2544,Improve eNPS,30,119.0,2024
4671,2544,Cut regretted attrition,30,87.0,2024
4672,2544,Improve eNPS,20,111.0,2024
4673,2545,Improve NPS,50,72.0,2024
4674,2545,Improve NPS,20,62.0,2024
4675,2545,Reduce churn,20,62.0,2024
4676,2546,Improve eNPS,20,72.0,2024
4677,2546,Cut regretted attrition,50,74.0,2024
4678,2546,Reduce time-to-hire,50,59.0,2024
4679,2546,Improve eNPS,30,83.0,2024
4680,2547,Improve win rate,30,91.0,2024
4681,2547,Hit quarterly quota,30,83.0,2024
4682,2547,Hit quarterly quota,20,81.0,2024
4683,2548,Reduce production incidents,20,89.0,2024
4684,2548,Reduce production incidents,50,70.0,2024
4685,2548,Cut API latency,40,89.0,2024
4686,2549,Improve forecast accuracy,30,93.0,2024
4687,2549,Improve forecast accuracy,40,74.0,2024
4688,2549,Improve forecast accuracy,20,81.0,2024
4689,2549,Reduce overdue invoices,25,80.0,2024
4690,2550,Run discovery interviews,40,73.0,2024
4691,2550,Launch new module,40,76.0,2024
4692,2550,Improve retention,40,69.0,2024
4693,2551,Improve data quality,25,93.0,2024
4694,2551,Improve data quality,30,96.0,2024
4695,2551,Reduce query cost,40,65.0,2024
4696,2552,Expand key accounts,25,85.0,2024
4697,2552,Grow pipeline,40,78.0,2024
4698,2552,Grow pipeline,25,59.0,2024
4699,2553,Build design system,25,99.0,2024
4700,2553,Improve usability score,20,104.0,2024
4701,2553,Improve usability score,20,112.0,2024
4702,2553,Build design system,20,116.0,2024
4703,2554,Ship roadmap features,40,78.0,2024
4704,2554,Improve test coverage,25,73.0,2024
4705,2555,Cut response time,25,86.0,2024
4706,2555,Increase upsell,30,116.0,2024
4707,2555,Reduce churn,30,89.0,2024
4708,2555,Improve NPS,20,116.0,2024
4709,2556,Improve win rate,20,53.0,2024
4710,2556,Improve win rate,20,42.0,2024
4711,2556,Improve win rate,40,59.0,2024
4712,2556,Grow pipeline,40,67.0,2024
4713,2557,Reduce query cost,50,119.0,2024
4714,2557,Reduce query cost,25,100.0,2024
4715,2558,Automate reporting pipeline,30,95.0,2024
4716,2558,Deliver self-serve dashboards,50,89.0,2024
4717,2558,Reduce query cost,40,80.0,2024
4718,2558,Improve data quality,40,94.0,2024
4719,2559,Grow qualified leads,50,92.0,2024
4720,2559,Launch campaign,50,96.0,2024
4721,2559,Grow qualified leads,50,106.0,2024
4722,2560,Hit quarterly quota,40,72.0,2024
4723,2560,Improve win rate,40,90.0,2024
4724,2560,Grow pipeline,40,93.0,2024
4725,2560,Expand key accounts,30,100.0,2024
4726,2561,Cut regretted attrition,40,61.0,2024
4727,2561,Cut regretted attrition,50,86.0,2024
4728,2562,Reduce process cost,50,127.0,2024
4729,2562,Reduce process cost,30,102.0,2024
4730,2562,Automate manual workflow,50,110.0,2024
4731,2562,Automate manual workflow,30,106.0,2024
4732,2563,Improve forecast accuracy,40,77.0,2024
4733,2563,Close books faster,25,83.0,2024
4734,2563,Close books faster,50,94.0,2024
4735,2563,Reduce overdue invoices,30,63.0,2024
4736,2564,Improve eNPS,50,85.0,2024
4737,2564,Improve eNPS,20,83.0,2024
4738,2564,Improve eNPS,25,77.0,2024
4739,2565,Improve retention,25,87.0,2024
4740,2565,Improve retention,40,78.0,2024
4741,2565,Improve retention,40,82.0,2024
4742,2565,Run discovery interviews,40,83.0,2024
4743,2566,Grow pipeline,40,72.0,2024
4744,2566,Grow pipeline,20,102.0,2024
4745,2566,Grow pipeline,25,100.0,2024
4746,2567,Launch campaign,50,54.0,2024
4747,2567,Grow organic traffic,40,80.0,2024
4748,2567,Launch campaign,40,83.0,2024
4749,2567,Grow qualified leads,50,60.0,2024
4750,2568,Run discovery interviews,30,92.0,2024
4751,2568,Improve retention,40,81.0,2024
4752,2569,Ship roadmap features,25,119.0,2024
4753,2569,Ship roadmap features,50,98.0,2024
4754,2569,Reduce production incidents,20,103.0,2024
4755,2569,Reduce production incidents,30,74.0,2024
4756,2570,Increase activation rate,30,81.0,2024
4757,2570,Improve retention,30,96.0,2024
4758,2570,Increase activation rate,40,97.0,2024
4759,2570,Launch new module,40,106.0,2024
4760,2571,Launch campaign,30,114.0,2024
4761,2571,Grow qualified leads,30,104.0,2024
4762,2571,Grow qualified leads,50,129.0,2024
4763,2572,Improve win rate,30,71.0,2024
4764,2572,Grow pipeline,30,70.0,2024
4765,2573,Grow pipeline,40,86.0,2024
4766,2573,Hit quarterly quota,25,77.0,2024
4767,2573,Grow pipeline,50,83.0,2024
4768,2574,Launch new module,20,72.0,2024
4769,2574,Run discovery interviews,30,85.0,2024
4770,2575,Close books faster,30,105.0,2024
4771,2575,Close books faster,30,107.0,2024
4772,2576,Reduce query cost,30,113.0,2024
4773,2576,Automate reporting pipeline,50,98.0,2024
4774,2576,Reduce query cost,25,82.0,2024
4775,2576,Improve data quality,20,104.0,2024
4776,2577,Expand key accounts,20,97.0,2024
4777,2577,Expand key accounts,50,78.0,2024
4778,2577,Expand key accounts,30,83.0,2024
4779,2577,Expand key accounts,50,86.0,2024
4780,2578,Improve NPS,40,90.0,2024
4781,2578,Improve NPS,40,91.0,2024
4782,2578,Cut response time,25,94.0,2024
4783,2578,Reduce churn,50,79.0,2024
4784,2579,Expand key accounts,25,62.0,2024
4785,2579,Grow pipeline,40,58.0,2024
4786,2579,Expand key accounts,40,86.0,2024
4787,2580,Expand key accounts,50,101.0,2024
4788,2580,Expand key accounts,50,114.0,2024
4789,2581,Reduce process cost,20,79.0,2024
4790,2581,Improve SLA compliance,30,88.0,2024
4791,2581,Reduce process cost,30,72.0,2024
4792,2582,Reduce production incidents,40,52.0,2024
4793,2582,Ship roadmap features,50,89.0,2024
4794,2582,Cut API latency,25,86.0,2024
4795,2582,Reduce production incidents,20,95.0,2024
4796,2583,Cut API latency,50,100.0,2024
4797,2583,Ship roadmap features,25,101.0,2024
4798,2584,Grow pipeline,40,79.0,2024
4799,2584,Improve win rate,25,95.0,2024
4800,2584,Expand key accounts,50,81.0,2024
4801,2584,Grow pipeline,30,108.0,2024
4802,2585,Cut response time,25,86.0,2024
4803,2585,Reduce churn,30,83.0,2024
4804,2585,Increase upsell,20,78.0,2024
4805,2586,Launch campaign,40,101.0,2024
4806,2586,Grow organic traffic,20,84.0,2024
4807,2586,Grow qualified leads,40,98.0,2024
4808,2586,Grow organic traffic,30,92.0,2024
4809,2587,Cut API latency,25,82.0,2024
4810,2587,Improve test coverage,30,60.0,2024
4811,2588,Reduce churn,50,96.0,2024
4812,2588,Cut response time,20,87.0,2024
4813,2588,Increase upsell,20,99.0,2024
4814,2588,Cut response time,30,95.0,2024
4815,2589,Improve forecast accuracy,25,68.0,2024
4816,2589,Reduce overdue invoices,50,80.0,2024
4817,2589,Close books faster,30,79.0,2024
4818,2589,Close books faster,40,72.0,2024
4819,2590,Cut API latency,25,106.0,2024
4820,2590,Cut API latency,50,106.0,2024
4821,2590,Ship roadmap features,50,125.0,2024
4822,2591,Reduce churn,40,106.0,2024
4823,2591,Reduce churn,30,89.0,2024
4824,2591,Reduce churn,25,93.0,2024
4825,2592,Cut response time,50,89.0,2024
4826,2592,Cut response time,40,103.0,2024
4827,2593,Increase activation rate,25,93.0,2024
4828,2593,Increase activation rate,30,83.0,2024
4829,2594,Improve usability score,25,80.0,2024
4830,2594,Improve usability score,40,116.0,2024
4831,2594,Redesign onboarding,25,107.0,2024
4832,2595,Improve retention,25,70.0,2024
4833,2595,Run discovery interviews,50,76.0,2024
4834,2595,Launch new module,20,48.0,2024
4835,2596,Reduce overdue invoices,50,79.0,2024
4836,2596,Close books faster,30,70.0,2024
4837,2596,Close books faster,25,82.0,2024
4838,2597,Close books faster,40,118.0,2024
4839,2597,Close books faster,20,105.0,2024
4840,2597,Improve forecast accuracy,25,95.0,2024
4841,2598,Automate reporting pipeline,50,91.0,2024
4842,2598,Deliver self-serve dashboards,50,102.0,2024
4843,2598,Improve data quality,20,121.0,2024
4844,2598,Reduce query cost,50,130.0,2024
4845,2599,Grow pipeline,40,77.0,2024
4846,2599,Hit quarterly quota,40,74.0,2024
4847,2599,Expand key accounts,25,77.0,2024
4848,2600,Cut regretted attrition,40,63.0,2024
4849,2600,Improve eNPS,30,68.0,2024
4850,2601,Improve forecast accuracy,20,71.0,2024
4851,2601,Improve forecast accuracy,40,93.0,2024
4852,2601,Improve forecast accuracy,30,72.0,2024
4853,2601,Improve forecast accuracy,50,101.0,2024
4854,2602,Reduce query cost,25,89.0,2024
4855,2602,Deliver self-serve dashboards,30,97.0,2024
4856,2602,Automate reporting pipeline,20,92.0,2024
4857,2603,Cut API latency,40,79.0,2024
4858,2603,Ship roadmap features,30,102.0,2024
4859,2603,Reduce production incidents,30,96.0,2024
4860,2604,Reduce time-to-hire,30,82.0,2024
4861,2604,Cut regretted attrition,50,106.0,2024
4862,2605,Cut regretted attrition,50,64.0,2024
4863,2605,Cut regretted attrition,20,71.0,2024
4864,2605,Reduce time-to-hire,50,80.0,2024
4865,2605,Improve eNPS,30,71.0,2024
4866,2606,Grow organic traffic,25,78.0,2024
4867,2606,Improve CAC,30,77.0,2024
4868,2606,Grow organic traffic,50,86.0,2024
4869,2606,Launch campaign,30,85.0,2024
4870,2607,Ship roadmap features,20,99.0,2024
4871,2607,Reduce production incidents,25,98.0,2024
4872,2607,Improve test coverage,20,85.0,2024
4873,2608,Launch campaign,20,95.0,2024
4874,2608,Launch campaign,20,82.0,2024
4875,2609,Automate manual workflow,30,83.0,2024
4876,2609,Automate manual workflow,25,79.0,2024
4877,2609,Improve SLA compliance,40,74.0,2024
4878,2610,Hit quarterly quota,50,70.0,2024
4879,2610,Hit quarterly quota,40,85.0,2024
4880,2610,Hit quarterly quota,20,85.0,2024
4881,2611,Reduce overdue invoices,30,73.0,2024
4882,2611,Reduce overdue invoices,40,78.0,2024
4883,2611,Improve forecast accuracy,20,57.0,2024
4884,2612,Improve usability score,30,118.0,2024
4885,2612,Redesign onboarding,30,89.0,2024
4886,2613,Improve usability score,30,105.0,2024
4887,2613,Redesign onboarding,20,119.0,2024
4888,2613,Redesign onboarding,30,128.0,2024
4889,2614,Reduce overdue invoices,30,104.0,2024
4890,2614,Close books faster,50,93.0,2024
4891,2614,Reduce overdue invoices,25,114.0,2024
4892,2615,Cut regretted attrition,40,75.0,2024
4893,2615,Reduce time-to-hire,40,82.0,2024
4894,2616,Automate reporting pipeline,40,106.0,2024
4895,2616,Deliver self-serve dashboards,50,112.0,2024
4896,2616,Deliver self-serve dashboards,50,82.0,2024
4897,2616,Improve data quality,30,116.0,2024
4898,2617,Increase upsell,50,75.0,2024
4899,2617,Reduce churn,25,103.0,2024
4900,2617,Cut response time,25,88.0,2024
4901,2618,Redesign onboarding,40,112.0,2024
4902,2618,Build design system,40,112.0,2024
4903,2618,Redesign onboarding,25,129.0,2024
4904,2618,Build design system,30,110.0,2024
4905,2619,Grow qualified leads,40,104.0,2024
4906,2619,Grow qualified leads,50,89.0,2024
4907,2619,Improve CAC,25,98.0,2024
4908,2620,Reduce time-to-hire,30,79.0,2024
4909,2620,Cut regretted attrition,25,71.0,2024
4910,2620,Improve eNPS,30,73.0,2024
4911,2621,Improve usability score,50,97.0,2024
4912,2621,Improve usability score,40,92.0,2024
4913,2621,Build design system,25,91.0,2024
4914,2621,Improve usability score,50,72.0,2024
4915,2622,Improve SLA compliance,20,55.0,2024
4916,2622,Reduce process cost,30,91.0,2024
4917,2623,Reduce churn,30,78.0,2024
4918,2623,Cut response time,40,75.0,2024
4919,2624,Improve CAC,30,75.0,2024
4920,2624,Grow qualified leads,30,60.0,2024
4921,2624,Grow qualified leads,50,101.0,2024
4922,2624,Grow organic traffic,20,91.0,2024
4923,2625,Build design system,20,71.0,2024
4924,2625,Improve usability score,50,75.0,2024
4925,2625,Improve usability score,40,91.0,2024
4926,2625,Redesign onboarding,20,84.0,2024
4927,2626,Close books faster,50,81.0,2024
4928,2626,Reduce overdue invoices,20,79.0,2024
4929,2626,Improve forecast accuracy,40,91.0,2024
4930,2627,Reduce production incidents,25,93.0,2024
4931,2627,Reduce production incidents,25,86.0,2024
4932,2627,Improve test coverage,40,109.0,2024
4933,2627,Reduce production incidents,25,82.0,2024
4934,2628,Grow qualified leads,30,107.0,2024
4935,2628,Grow qualified leads,20,87.0,2024
4936,2628,Grow organic traffic,30,123.0,2024
4937,2628,Launch campaign,30,101.0,2024
4938,2629,Improve eNPS,25,80.0,2024
4939,2629,Improve eNPS,40,109.0,2024
4940,2629,Reduce time-to-hire,20,110.0,2024
4941,2630,Improve win rate,25,90.0,2024
4942,2630,Expand key accounts,20,79.0,2024
4943,2631,Improve eNPS,40,100.0,2024
4944,2631,Cut regretted attrition,50,103.0,2024
4945,2632,Grow organic traffic,25,104.0,2024
4946,2632,Improve CAC,50,99.0,2024
4947,2632,Launch campaign,40,97.0,2024
4948,2633,Improve usability score,50,110.0,2024
4949,2633,Build design system,40,106.0,2024
4950,2633,Build design system,30,106.0,2024
4951,2633,Redesign onboarding,50,105.0,2024
4952,2634,Reduce overdue invoices,50,52.0,2024
4953,2634,Reduce overdue invoices,50,64.0,2024
4954,2635,Cut API latency,20,103.0,2024
4955,2635,Cut API latency,25,108.0,2024
4956,2635,Ship roadmap features,20,115.0,2024
4957,2635,Improve test coverage,40,122.0,2024
4958,2636,Expand key accounts,20,115.0,2024
4959,2636,Improve win rate,25,101.0,2024
4960,2637,Increase activation rate,30,82.0,2024
4961,2637,Improve retention,40,84.0,2024
4962,2637,Increase activation rate,40,84.0,2024
4963,2638,Hit quarterly quota,30,92.0,2024
4964,2638,Improve win rate,20,95.0,2024
4965,2638,Improve win rate,25,108.0,2024
4966,2639,Deliver self-serve dashboards,30,111.0,2024
4967,2639,Deliver self-serve dashboards,50,114.0,2024
4968,2639,Improve data quality,50,119.0,2024
4969,2640,Reduce overdue invoices,50,86.0,2024
4970,2640,Improve forecast accuracy,30,77.0,2024
4971,2640,Improve forecast accuracy,20,89.0,2024
4972,2641,Reduce production incidents,25,116.0,2024
4973,2641,Cut API latency,50,121.0,2024
4974,2641,Reduce production incidents,30,107.0,2024
4975,2641,Cut API latency,40,109.0,2024
4976,2642,Reduce production incidents,50,85.0,2024
4977,2642,Ship roadmap features,50,104.0,2024
4978,2643,Reduce query cost,25,85.0,2024
4979,2643,Reduce query cost,30,86.0,2024
4980,2644,Redesign onboarding,30,83.0,2024
4981,2644,Redesign onboarding,40,96.0,2024
4982,2644,Improve usability score,40,96.0,2024
4983,2644,Redesign onboarding,40,108.0,2024
4984,2645,Grow qualified leads,30,98.0,2024
4985,2645,Grow organic traffic,30,101.0,2024
4986,2645,Launch campaign,20,118.0,2024
4987,2646,Cut response time,20,65.0,2024
4988,2646,Improve NPS,30,72.0,2024
4989,2647,Build design system,25,118.0,2024
4990,2647,Build design system,30,83.0,2024
4991,2648,Cut response time,20,84.0,2024
4992,2648,Improve NPS,25,96.0,2024
4993,2648,Cut response time,25,106.0,2024
4994,2649,Ship roadmap features,50,76.0,2024
4995,2649,Improve test coverage,20,81.0,2024
4996,2650,Launch campaign,30,101.0,2024
4997,2650,Grow qualified leads,20,97.0,2024
4998,2650,Launch campaign,30,95.0,2024
4999,2650,Improve CAC,30,87.0,2024
5000,2651,Build design system,30,93.0,2024
5001,2651,Redesign onboarding,30,72.0,2024
5002,2652,Reduce churn,50,92.0,2024
5003,2652,Increase upsell,50,88.0,2024
5004,2652,Improve NPS,20,85.0,2024
5005,2653,Redesign onboarding,40,97.0,2024
5006,2653,Redesign onboarding,25,91.0,2024
5007,2653,Build design system,25,101.0,2024
5008,2654,Improve retention,20,79.0,2024
5009,2654,Launch new module,50,96.0,2024
5010,2655,Improve forecast accuracy,50,86.0,2024
5011,2655,Close books faster,25,88.0,2024
5012,2656,Improve eNPS,40,92.0,2024
5013,2656,Reduce time-to-hire,40,106.0,2024
5014,2657,Improve CAC,25,118.0,2024
5015,2657,Grow organic traffic,25,87.0,2024
5016,2658,Improve forecast accuracy,40,93.0,2024
5017,2658,Improve forecast accuracy,30,82.0,2024
5018,2658,Improve forecast accuracy,50,93.0,2024
5019,2659,Increase activation rate,50,77.0,2024
5020,2659,Improve retention,40,78.0,2024
5021,2659,Run discovery interviews,40,73.0,2024
5022,2660,Improve data quality,50,88.0,2024
5023,2660,Deliver self-serve dashboards,30,58.0,2024
5024,2660,Improve data quality,20,47.0,2024
5025,2661,Improve forecast accuracy,40,88.0,2024
5026,2661,Improve forecast accuracy,40,72.0,2024
5027,2662,Reduce query cost,40,98.0,2024
5028,2662,Deliver self-serve dashboards,50,88.0,2024
5029,2663,Improve usability score,30,93.0,2024
5030,2663,Redesign onboarding,40,77.0,2024
5031,2664,Improve forecast accuracy,40,90.0,2024
5032,2664,Reduce overdue invoices,50,99.0,2024
5033,2664,Close books faster,25,78.0,2024
5034,2664,Close books faster,25,97.0,2024
5035,2665,Reduce query cost,20,98.0,2024
5036,2665,Improve data quality,20,92.0,2024
5037,2666,Run discovery interviews,50,118.0,2024
5038,2666,Increase activation rate,30,107.0,2024
5039,2666,Launch new module,30,82.0,2024
5040,2667,Launch new module,50,99.0,2024
5041,2667,Launch new module,25,104.0,2024
5042,2668,Reduce time-to-hire,30,76.0,2024
5043,2668,Cut regretted attrition,20,58.0,2024
5044,2669,Increase activation rate,20,50.0,2024
5045,2669,Run discovery interviews,40,77.0,2024
5046,2669,Improve retention,50,65.0,2024
5047,2669,Increase activation rate,25,63.0,2024
5048,2670,Cut response time,25,63.0,2024
5049,2670,Reduce churn,20,73.0,2024
5050,2671,Close books faster,50,100.0,2024
5051,2671,Reduce overdue invoices,50,87.0,2024
5052,2671,Reduce overdue invoices,30,83.0,2024
5053,2671,Close books faster,20,78.0,2024
5054,2672,Improve win rate,30,96.0,2024
5055,2672,Grow pipeline,50,74.0,2024
5056,2673,Cut regretted attrition,20,88.0,2024
5057,2673,Improve eNPS,40,99.0,2024
5058,2673,Reduce time-to-hire,30,100.0,2024
5059,2674,Build design system,50,110.0,2024
5060,2674,Redesign onboarding,20,90.0,2024
5061,2675,Cut API latency,40,110.0,2024
5062,2675,Reduce production incidents,50,96.0,2024
5063,2675,Cut API latency,25,106.0,2024
5064,2675,Ship roadmap features,40,98.0,2024
5065,2676,Automate reporting pipeline,30,96.0,2024
5066,2676,Reduce query cost,20,100.0,2024
5067,2676,Improve data quality,40,85.0,2024
5068,2677,Improve data quality,25,91.0,2024
5069,2677,Deliver self-serve dashboards,40,59.0,2024
5070,2677,Improve data quality,25,105.0,2024
5071,2677,Deliver self-serve dashboards,20,72.0,2024
5072,2678,Automate manual workflow,25,99.0,2024
5073,2678,Reduce process cost,20,80.0,2024
5074,2678,Improve SLA compliance,30,90.0,2024
5075,2678,Improve SLA compliance,40,92.0,2024
5076,2679,Reduce time-to-hire,20,84.0,2024
5077,2679,Cut regretted attrition,30,81.0,2024
5078,2680,Grow qualified leads,30,111.0,2024
5079,2680,Grow organic traffic,50,99.0,2024
5080,2681,Improve forecast accuracy,20,86.0,2024
5081,2681,Improve forecast accuracy,25,69.0,2024
5082,2681,Reduce overdue invoices,50,80.0,2024
5083,2681,Reduce overdue invoices,20,88.0,2024
5084,2682,Reduce query cost,30,65.0,2024
5085,2682,Improve data quality,40,107.0,2024
5086,2683,Grow organic traffic,40,97.0,2024
5087,2683,Launch campaign,20,94.0,2024
5088,2683,Improve CAC,40,86.0,2024
5089,2683,Grow qualified leads,40,88.0,2024
5090,2684,Grow pipeline,20,84.0,2024
5091,2684,Improve win rate,20,77.0,2024
5092,2684,Expand key accounts,25,80.0,2024
5093,2684,Expand key accounts,25,59.0,2024
5094,2685,Automate manual workflow,40,71.0,2024
5095,2685,Improve SLA compliance,30,73.0,2024
5096,2686,Automate manual workflow,20,68.0,2024
5097,2686,Improve SLA compliance,50,90.0,2024
5098,2687,Improve CAC,20,83.0,2024
5099,2687,Grow qualified leads,30,90.0,2024
5100,2688,Grow organic traffic,25,98.0,2024
5101,2688,Grow organic traffic,20,113.0,2024
5102,2688,Grow organic traffic,20,81.0,2024
5103,2688,Improve CAC,30,103.0,2024
5104,2689,Improve win rate,50,77.0,2024
5105,2689,Improve win rate,40,106.0,2024
5106,2689,Grow pipeline,20,83.0,2024
5107,2690,Improve CAC,40,74.0,2024
5108,2690,Improve CAC,50,101.0,2024
5109,2691,Increase upsell,25,83.0,2024
5110,2691,Improve NPS,50,80.0,2024
5111,2692,Improve CAC,25,79.0,2024
5112,2692,Grow organic traffic,25,83.0,2024
5113,2693,Deliver self-serve dashboards,20,108.0,2024
5114,2693,Automate reporting pipeline,30,103.0,2024
5115,2693,Improve data quality,50,104.0,2024
5116,2694,Launch campaign,40,91.0,2024
5117,2694,Launch campaign,30,107.0,2024
5118,2694,Improve CAC,20,115.0,2024
5119,2694,Grow organic traffic,30,87.0,2024
5120,2695,Reduce overdue invoices,30,90.0,2024
5121,2695,Improve forecast accuracy,50,85.0,2024
5122,2695,Close books faster,20,70.0,2024
5123,2696,Improve usability score,50,84.0,2024
5124,2696,Redesign onboarding,30,92.0,2024
5125,2696,Build design system,25,87.0,2024
5126,2697,Reduce process cost,50,101.0,2024
5127,2697,Automate manual workflow,25,99.0,2024
5128,2697,Reduce process cost,30,97.0,2024
5129,2698,Improve retention,20,102.0,2024
5130,2698,Improve retention,30,102.0,2024
5131,2698,Launch new module,50,109.0,2024
5132,2699,Improve test coverage,20,99.0,2024
5133,2699,Reduce production incidents,40,77.0,2024
5134,2699,Cut API latency,20,90.0,2024
5135,2700,Automate manual workflow,20,85.0,2024
5136,2700,Automate manual workflow,25,73.0,2024
5137,2700,Improve SLA compliance,40,75.0,2024
5138,2700,Improve SLA compliance,20,119.0,2024
5139,2701,Reduce time-to-hire,25,92.0,2024
5140,2701,Improve eNPS,50,75.0,2024
5141,2701,Cut regretted attrition,50,101.0,2024
5142,2701,Reduce time-to-hire,30,79.0,2024
5143,2702,Ship roadmap features,25,72.0,2024
5144,2702,Reduce production incidents,30,64.0,2024
5145,2703,Cut response time,50,89.0,2024
5146,2703,Cut response time,30,97.0,2024
5147,2703,Reduce churn,20,102.0,2024
5148,2703,Reduce churn,20,104.0,2024
5149,2704,Improve forecast accuracy,20,90.0,2024
5150,2704,Close books faster,50,81.0,2024
5151,2704,Reduce overdue invoices,25,103.0,2024
5152,2705,Launch campaign,25,63.0,2024
5153,2705,Grow qualified leads,40,85.0,2024
5154,2706,Reduce time-to-hire,40,71.0,2024
5155,2706,Reduce time-to-hire,50,80.0,2024
5156,2707,Reduce time-to-hire,40,104.0,2024
5157,2707,Cut regretted attrition,30,98.0,2024
5158,2708,Reduce process cost,40,89.0,2024
5159,2708,Improve SLA compliance,25,97.0,2024
5160,2709,Expand key accounts,20,91.0,2024
5161,2709,Improve win rate,20,104.0,2024
5162,2710,Close books faster,25,74.0,2024
5163,2710,Close books faster,20,113.0,2024
5164,2710,Close books faster,40,102.0,2024
5165,2710,Close books faster,40,89.0,2024
5166,2711,Launch campaign,30,95.0,2024
5167,2711,Grow organic traffic,30,97.0,2024
5168,2712,Improve eNPS,20,66.0,2024
5169,2712,Cut regretted attrition,50,88.0,2024
5170,2713,Reduce production incidents,50,76.0,2024
5171,2713,Reduce production incidents,50,79.0,2024
5172,2713,Reduce production incidents,20,90.0,2024
5173,2714,Reduce process cost,40,109.0,2024
5174,2714,Improve SLA compliance,30,115.0,2024
5175,2714,Improve SLA compliance,40,69.0,2024
5176,2715,Increase upsell,50,93.0,2024
5177,2715,Increase upsell,20,93.0,2024
5178,2716,Build design system,25,74.0,2024
5179,2716,Build design system,25,71.0,2024
5180,2716,Build design system,20,70.0,2024
5181,2717,Reduce overdue invoices,20,104.0,2024
5182,2717,Close books faster,25,59.0,2024
5183,2718,Build design system,40,109.0,2024
5184,2718,Redesign onboarding,20,114.0,2024
5185,2718,Build design system,40,74.0,2024
5186,2718,Build design system,40,93.0,2024
5187,2719,Improve CAC,30,85.0,2024
5188,2719,Improve CAC,25,85.0,2024
5189,2720,Reduce process cost,40,73.0,2024
5190,2720,Reduce process cost,30,74.0,2024
5191,2720,Improve SLA compliance,30,77.0,2024
5192,2721,Reduce churn,30,102.0,2024
5193,2721,Cut response time,20,88.0,2024
5194,2721,Cut response time,30,129.0,2024
5195,2721,Improve NPS,25,100.0,2024
5196,2722,Reduce overdue invoices,40,72.0,2024
5197,2722,Reduce overdue invoices,50,98.0,2024
5198,2723,Cut response time,30,72.0,2024
5199,2723,Improve NPS,40,78.0,2024
5200,2723,Reduce churn,30,88.0,2024
5201,2723,Cut response time,50,87.0,2024
5202,2724,Increase activation rate,40,69.0,2024
5203,2724,Launch new module,20,61.0,2024
5204,2724,Run discovery interviews,20,71.0,2024
5205,2724,Improve retention,20,72.0,2024
5206,2725,Improve SLA compliance,30,111.0,2024
5207,2725,Improve SLA compliance,30,126.0,2024
5208,2726,Improve data quality,30,88.0,2024
5209,2726,Deliver self-serve dashboards,30,76.0,2024
5210,2727,Cut response time,40,98.0,2024
5211,2727,Improve NPS,20,87.0,2024
5212,2727,Improve NPS,40,114.0,2024
5213,2728,Improve usability score,40,99.0,2024
5214,2728,Improve usability score,30,91.0,2024
5215,2729,Increase activation rate,40,104.0,2024
5216,2729,Run discovery interviews,50,68.0,2024
5217,2730,Reduce process cost,30,79.0,2024
5218,2730,Automate manual workflow,20,75.0,2024
5219,2730,Automate manual workflow,30,79.0,2024
5220,2731,Reduce churn,25,73.0,2024
5221,2731,Increase upsell,20,98.0,2024
5222,2731,Reduce churn,20,83.0,2024
5223,2732,Reduce query cost,20,67.0,2024
5224,2732,Reduce query cost,20,79.0,2024
5225,2732,Reduce query cost,20,100.0,2024
5226,2733,Improve usability score,20,95.0,2024
5227,2733,Redesign onboarding,20,93.0,2024
5228,2734,Grow pipeline,40,82.0,2024
5229,2734,Grow pipeline,50,87.0,2024
5230,2734,Grow pipeline,20,77.0,2024
5231,2734,Hit quarterly quota,40,109.0,2024
5232,2735,Reduce time-to-hire,25,76.0,2024
5233,2735,Improve eNPS,40,68.0,2024
5234,2736,Cut response time,30,95.0,2024
5235,2736,Cut response time,30,64.0,2024
5236,2736,Reduce churn,20,102.0,2024
5237,2736,Reduce churn,50,91.0,2024
5238,2737,Deliver self-serve dashboards,30,87.0,2024
5239,2737,Improve data quality,40,92.0,2024
5240,2738,Hit quarterly quota,40,62.0,2024
5241,2738,Grow pipeline,30,77.0,2024
5242,2738,Hit quarterly quota,20,85.0,2024
5243,2738,Expand key accounts,30,61.0,2024
5244,2739,Increase upsell,25,78.0,2024
5245,2739,Increase upsell,20,75.0,2024
5246,2740,Deliver self-serve dashboards,40,93.0,2024
5247,2740,Deliver self-serve dashboards,30,106.0,2024
5248,2741,Grow organic traffic,40,81.0,2024
5249,2741,Improve CAC,30,70.0,2024
5250,2741,Improve CAC,25,70.0,2024
5251,2741,Improve CAC,20,49.0,2024
5252,2742,Expand key accounts,30,105.0,2024
5253,2742,Grow pipeline,20,94.0,2024
5254,2742,Hit quarterly quota,40,98.0,2024
5255,2742,Improve win rate,40,83.0,2024
5256,2743,Reduce time-to-hire,50,73.0,2024
5257,2743,Cut regretted attrition,30,76.0,2024
5258,2744,Deliver self-serve dashboards,50,98.0,2024
5259,2744,Improve data quality,25,105.0,2024
5260,2745,Cut API latency,40,87.0,2024
5261,2745,Improve test coverage,25,73.0,2024
5262,2745,Reduce production incidents,40,77.0,2024
5263,2746,Cut response time,30,86.0,2024
5264,2746,Increase upsell,25,88.0,2024
5265,2746,Improve NPS,20,69.0,2024
5266,2747,Improve forecast accuracy,50,89.0,2024
5267,2747,Improve forecast accuracy,20,92.0,2024
5268,2747,Improve forecast accuracy,20,90.0,2024
5269,2748,Cut regretted attrition,30,79.0,2024
5270,2748,Reduce time-to-hire,20,102.0,2024
5271,2748,Cut regretted attrition,25,71.0,2024
5272,2749,Reduce overdue invoices,20,83.0,2024
5273,2749,Close books faster,30,91.0,2024
5274,2749,Reduce overdue invoices,40,80.0,2024
5275,2750,Redesign onboarding,20,95.0,2024
5276,2750,Improve usability score,20,90.0,2024
5277,2750,Build design system,50,80.0,2024
5278,2750,Improve usability score,20,87.0,2024
5279,2751,Cut response time,50,62.0,2024
5280,2751,Cut response time,50,79.0,2024
5281,2751,Increase upsell,40,75.0,2024
5282,2751,Cut response time,20,75.0,2024
5283,2752,Cut regretted attrition,50,89.0,2024
5284,2752,Reduce time-to-hire,20,91.0,2024
5285,2753,Close books faster,30,107.0,2024
5286,2753,Reduce overdue invoices,30,121.0,2024
5287,2753,Reduce overdue invoices,30,111.0,2024
5288,2754,Increase upsell,40,81.0,2024
5289,2754,Improve NPS,25,83.0,2024
5290,2754,Increase upsell,25,109.0,2024
5291,2755,Reduce overdue invoices,50,81.0,2024
5292,2755,Improve forecast accuracy,25,78.0,2024
5293,2755,Improve forecast accuracy,50,75.0,2024
5294,2756,Reduce time-to-hire,20,67.0,2024
5295,2756,Cut regretted attrition,40,77.0,2024
5296,2756,Cut regretted attrition,30,97.0,2024
5297,2757,Improve test coverage,25,109.0,2024
5298,2757,Reduce production incidents,40,111.0,2024
5299,2758,Reduce churn,30,65.0,2024
5300,2758,Reduce churn,50,87.0,2024
5301,2758,Improve NPS,40,94.0,2024
5302,2759,Close books faster,20,76.0,2024
5303,2759,Reduce overdue invoices,30,76.0,2024
5304,2760,Run discovery interviews,50,109.0,2024
5305,2760,Run discovery interviews,30,78.0,2024
5306,2760,Increase activation rate,50,109.0,2024
5307,2760,Improve retention,25,114.0,2024
5308,2761,Reduce churn,30,83.0,2024
5309,2761,Increase upsell,20,95.0,2024
5310,2761,Increase upsell,40,95.0,2024
5311,2761,Improve NPS,50,99.0,2024
5312,2762,Cut regretted attrition,30,79.0,2024
5313,2762,Improve eNPS,25,73.0,2024
5314,2763,Run discovery interviews,50,94.0,2024
5315,2763,Increase activation rate,40,99.0,2024
5316,2763,Launch new module,50,102.0,2024
5317,2764,Improve CAC,30,88.0,2024
5318,2764,Grow qualified leads,40,81.0,2024
5319,2764,Grow qualified leads,20,70.0,2024
5320,2764,Launch campaign,30,85.0,2024
5321,2765,Improve usability score,40,96.0,2024
5322,2765,Redesign onboarding,40,74.0,2024
5323,2766,Reduce overdue invoices,50,71.0,2024
5324,2766,Close books faster,50,83.0,2024
5325,2766,Reduce overdue invoices,20,91.0,2024
5326,2766,Improve forecast accuracy,50,91.0,2024
5327,2767,Hit quarterly quota,20,82.0,2024
5328,2767,Grow pipeline,20,106.0,2024
5329,2768,Improve usability score,30,116.0,2024
5330,2768,Improve usability score,25,89.0,2024
5331,2768,Improve usability score,25,105.0,2024
5332,2769,Redesign onboarding,25,130.0,2024
5333,2769,Redesign onboarding,25,85.0,2024
5334,2770,Improve eNPS,40,73.0,2024
5335,2770,Improve eNPS,25,86.0,2024
5336,2770,Improve eNPS,20,88.0,2024
5337,2771,Cut regretted attrition,25,102.0,2024
5338,2771,Cut regretted attrition,30,78.0,2024
5339,2771,Improve eNPS,20,71.0,2024
5340,2771,Improve eNPS,25,93.0,2024
5341,2772,Improve forecast accuracy,20,69.0,2024
5342,2772,Improve forecast accuracy,20,79.0,2024
5343,2772,Close books faster,30,72.0,2024
5344,2772,Close books faster,40,80.0,2024
5345,2773,Cut API latency,25,105.0,2024
5346,2773,Ship roadmap features,25,103.0,2024
5347,2773,Improve test coverage,40,113.0,2024
5348,2773,Ship roadmap features,40,100.0,2024
5349,2774,Ship roadmap features,20,93.0,2024
5350,2774,Improve test coverage,25,79.0,2024
5351,2774,Reduce production incidents,50,91.0,2024
5352,2775,Reduce time-to-hire,20,92.0,2024
5353,2775,Improve eNPS,50,78.0,2024
5354,2775,Reduce time-to-hire,40,82.0,2024
5355,2776,Reduce churn,30,94.0,2024
5356,2776,Cut response time,20,91.0,2024
5357,2776,Increase upsell,25,99.0,2024
5358,2777,Grow qualified leads,30,98.0,2024
5359,2777,Improve CAC,30,79.0,2024
5360,2777,Improve CAC,20,56.0,2024
5361,2778,Reduce process cost,30,86.0,2024
5362,2778,Automate manual workflow,50,93.0,2024
5363,2778,Reduce process cost,40,68.0,2024
5364,2778,Automate manual workflow,50,84.0,2024
5365,2779,Run discovery interviews,30,93.0,2024
5366,2779,Launch new module,40,106.0,2024
5367,2780,Cut API latency,50,98.0,2024
5368,2780,Improve test coverage,40,71.0,2024
5369,2781,Improve CAC,50,102.0,2024
5370,2781,Grow qualified leads,40,88.0,2024
5371,2782,Improve SLA compliance,25,63.0,2024
5372,2782,Automate manual workflow,25,65.0,2024
5373,2782,Improve SLA compliance,25,92.0,2024
5374,2782,Reduce process cost,20,57.0,2024
5375,2783,Grow qualified leads,25,87.0,2024
5376,2783,Improve CAC,20,85.0,2024
5377,2784,Improve SLA compliance,40,84.0,2024
5378,2784,Reduce process cost,25,60.0,2024
5379,2785,Reduce production incidents,25,95.0,2024
5380,2785,Improve test coverage,40,75.0,2024
5381,2785,Improve test coverage,50,107.0,2024
5382,2786,Automate reporting pipeline,25,87.0,2024
5383,2786,Improve data quality,25,81.0,2024
5384,2786,Improve data quality,25,76.0,2024
5385,2787,Ship roadmap features,20,81.0,2024
5386,2787,Cut API latency,25,94.0,2024
5387,2788,Launch campaign,40,99.0,2024
5388,2788,Grow qualified leads,50,127.0,2024
5389,2788,Launch campaign,25,103.0,2024
5390,2788,Grow qualified leads,25,114.0,2024
5391,2789,Grow qualified leads,50,94.0,2024
5392,2789,Launch campaign,50,71.0,2024
5393,2789,Grow organic traffic,50,70.0,2024
5394,2790,Expand key accounts,50,86.0,2024
5395,2790,Grow pipeline,20,94.0,2024
5396,2791,Improve SLA compliance,40,79.0,2024
5397,2791,Automate manual workflow,50,89.0,2024
5398,2792,Improve SLA compliance,40,115.0,2024
5399,2792,Automate manual workflow,20,97.0,2024
5400,2793,Improve SLA compliance,50,83.0,2024
5401,2793,Automate manual workflow,25,69.0,2024
5402,2793,Reduce process cost,20,93.0,2024
5403,2793,Reduce process cost,20,97.0,2024
5404,2794,Close books faster,20,73.0,2024
5405,2794,Improve forecast accuracy,50,76.0,2024
5406,2794,Improve forecast accuracy,30,62.0,2024
5407,2794,Reduce overdue invoices,50,88.0,2024
5408,2795,Ship roadmap features,50,97.0,2024
5409,2795,Reduce production incidents,25,54.0,2024
5410,2795,Cut API latency,30,64.0,2024
5411,2795,Cut API latency,25,54.0,2024
5412,2796,Increase activation rate,20,89.0,2024
5413,2796,Launch new module,25,106.0,2024
5414,2796,Run discovery interviews,20,92.0,2024
5415,2796,Improve retention,50,101.0,2024
5416,2797,Run discovery interviews,25,79.0,2024
5417,2797,Improve retention,30,97.0,2024
5418,2797,Improve retention,30,96.0,2024
5419,2798,Expand key accounts,40,103.0,2024
5420,2798,Hit quarterly quota,20,112.0,2024
5421,2799,Improve CAC,30,91.0,2024
5422,2799,Launch campaign,50,101.0,2024
5423,2799,Improve CAC,25,94.0,2024
5424,2800,Increase activation rate,20,111.0,2024
5425,2800,Increase activation rate,50,110.0,2024
5426,2800,Launch new module,50,127.0,2024
5427,2801,Improve data quality,50,76.0,2024
5428,2801,Deliver self-serve dashboards,20,93.0,2024
5429,2801,Improve data quality,50,87.0,2024
5430,2801,Deliver self-serve dashboards,40,94.0,2024
5431,2802,Improve data quality,30,84.0,2024
5432,2802,Reduce query cost,30,99.0,2024
5433,2802,Improve data quality,40,100.0,2024
5434,2803,Build design system,40,97.0,2024
5435,2803,Build design system,20,124.0,2024
5436,2804,Improve CAC,25,72.0,2024
5437,2804,Grow qualified leads,40,69.0,2024
5438,2804,Grow qualified leads,40,71.0,2024
5439,2805,Cut API latency,40,78.0,2024
5440,2805,Reduce production incidents,40,75.0,2024
5441,2805,Ship roadmap features,25,71.0,2024
5442,2806,Grow qualified leads,50,86.0,2024
5443,2806,Grow qualified leads,40,88.0,2024
5444,2807,Increase activation rate,20,83.0,2024
5445,2807,Improve retention,30,90.0,2024
5446,2807,Launch new module,20,79.0,2024
5447,2807,Launch new module,40,71.0,2024
5448,2808,Reduce churn,25,79.0,2024
5449,2808,Increase upsell,20,110.0,2024
5450,2809,Run discovery interviews,40,117.0,2024
5451,2809,Increase activation rate,40,86.0,2024
5452,2810,Improve CAC,40,89.0,2024
5453,2810,Improve CAC,20,97.0,2024
5454,2811,Grow qualified leads,50,90.0,2024
5455,2811,Improve CAC,20,117.0,2024
5456,2811,Grow qualified leads,30,96.0,2024
5457,2812,Launch new module,20,85.0,2024
5458,2812,Run discovery interviews,25,60.0,2024
5459,2812,Increase activation rate,40,97.0,2024
5460,2813,Improve retention,40,78.0,2024
5461,2813,Improve retention,25,92.0,2024
5462,2814,Improve forecast accuracy,50,96.0,2024
5463,2814,Improve forecast accuracy,40,71.0,2024
5464,2814,Close books faster,25,86.0,2024
5465,2815,Increase upsell,20,80.0,2024
5466,2815,Cut response time,30,110.0,2024
5467,2815,Improve NPS,50,102.0,2024
5468,2816,Cut regretted attrition,20,82.0,2024
5469,2816,Improve eNPS,25,81.0,2024
5470,2816,Improve eNPS,40,79.0,2024
5471,2816,Cut regretted attrition,20,77.0,2024
5472,2817,Grow qualified leads,40,102.0,2024
5473,2817,Improve CAC,20,70.0,2024
5474,2818,Improve win rate,40,71.0,2024
5475,2818,Hit quarterly quota,25,101.0,2024
5476,2818,Improve win rate,30,113.0,2024
5477,2818,Hit quarterly quota,50,76.0,2024
5478,2819,Run discovery interviews,50,94.0,2024
5479,2819,Improve retention,30,104.0,2024
5480,2820,Reduce process cost,30,81.0,2024
5481,2820,Automate manual workflow,40,96.0,2024
5482,2820,Automate manual workflow,50,86.0,2024
5483,2821,Run discovery interviews,30,95.0,2024
5484,2821,Improve retention,25,81.0,2024
5485,2822,Improve eNPS,30,90.0,2024
5486,2822,Reduce time-to-hire,30,86.0,2024
5487,2823,Improve test coverage,30,112.0,2024
5488,2823,Cut API latency,40,119.0,2024
5489,2824,Reduce churn,50,78.0,2024
5490,2824,Improve NPS,20,112.0,2024
5491,2824,Reduce churn,40,105.0,2024
5492,2825,Grow organic traffic,30,93.0,2024
5493,2825,Improve CAC,20,93.0,2024
5494,2825,Grow qualified leads,20,80.0,2024
5495,2825,Improve CAC,30,71.0,2024
5496,2826,Grow qualified leads,30,60.0,2024
5497,2826,Grow qualified leads,30,80.0,2024
5498,2826,Grow qualified leads,40,60.0,2024
5499,2826,Grow organic traffic,20,94.0,2024
5500,2827,Reduce time-to-hire,30,104.0,2024
5501,2827,Improve eNPS,40,99.0,2024
5502,2827,Improve eNPS,30,109.0,2024
5503,2827,Cut regretted attrition,30,102.0,2024
5504,2828,Reduce production incidents,20,79.0,2024
5505,2828,Reduce production incidents,30,92.0,2024
5506,2829,Increase activation rate,30,116.0,2024
5507,2829,Run discovery interviews,30,90.0,2024
5508,2830,Build design system,50,93.0,2024
5509,2830,Build design system,40,99.0,2024
5510,2830,Improve usability score,25,69.0,2024
5511,2831,Reduce query cost,30,123.0,2024
5512,2831,Improve data quality,30,115.0,2024
5513,2831,Reduce query cost,20,119.0,2024
5514,2832,Improve data quality,30,94.0,2024
5515,2832,Reduce query cost,40,94.0,2024
5516,2832,Improve data quality,30,61.0,2024
5517,2833,Run discovery interviews,20,82.0,2024
5518,2833,Increase activation rate,25,72.0,2024
5519,2833,Increase activation rate,40,66.0,2024
5520,2834,Improve test coverage,20,86.0,2024
5521,2834,Reduce production incidents,50,91.0,2024
5522,2834,Reduce production incidents,25,111.0,2024
5523,2834,Reduce production incidents,40,88.0,2024
5524,2835,Redesign onboarding,30,102.0,2024
5525,2835,Redesign onboarding,50,90.0,2024
5526,2835,Improve usability score,20,91.0,2024
5527,2836,Improve win rate,50,109.0,2024
5528,2836,Hit quarterly quota,30,91.0,2024
5529,2836,Grow pipeline,20,100.0,2024
5530,2837,Reduce time-to-hire,40,96.0,2024
5531,2837,Reduce time-to-hire,40,76.0,2024
5532,2837,Improve eNPS,20,86.0,2024
5533,2838,Reduce process cost,30,119.0,2024
5534,2838,Reduce process cost,40,95.0,2024
5535,2838,Automate manual workflow,40,96.0,2024
5536,2838,Improve SLA compliance,20,73.0,2024
5537,2839,Increase activation rate,25,46.0,2024
5538,2839,Launch new module,25,69.0,2024
5539,2839,Increase activation rate,50,68.0,2024
5540,2839,Run discovery interviews,40,75.0,2024
5541,2840,Reduce time-to-hire,25,86.0,2024
5542,2840,Improve eNPS,30,90.0,2024
5543,2840,Improve eNPS,20,84.0,2024
5544,2841,Improve win rate,30,73.0,2024
5545,2841,Improve win rate,40,69.0,2024
5546,2841,Expand key accounts,30,75.0,2024
5547,2842,Cut regretted attrition,50,73.0,2024
5548,2842,Cut regretted attrition,25,84.0,2024
5549,2842,Improve eNPS,30,77.0,2024
5550,2843,Improve NPS,25,87.0,2024
5551,2843,Reduce churn,20,96.0,2024
5552,2844,Reduce query cost,25,124.0,2024
5553,2844,Deliver self-serve dashboards,30,101.0,2024
5554,2845,Automate manual workflow,50,80.0,2024
5555,2845,Automate manual workflow,25,93.0,2024
5556,2845,Automate manual workflow,40,79.0,2024
5557,2846,Automate manual workflow,30,68.0,2024
5558,2846,Automate manual workflow,20,98.0,2024
5559,2846,Automate manual workflow,30,88.0,2024
5560,2846,Reduce process cost,50,63.0,2024
5561,2847,Improve test coverage,20,87.0,2024
5562,2847,Reduce production incidents,50,92.0,2024
5563,2847,Improve test coverage,40,96.0,2024
5564,2847,Improve test coverage,50,99.0,2024
5565,2848,Build design system,25,105.0,2024
5566,2848,Improve usability score,25,100.0,2024
5567,2848,Improve usability score,30,104.0,2024
5568,2849,Reduce query cost,50,117.0,2024
5569,2849,Automate reporting pipeline,40,98.0,2024
5570,2849,Improve data quality,40,101.0,2024
5571,2849,Reduce query cost,40,122.0,2024
5572,2850,Deliver self-serve dashboards,50,78.0,2024
5573,2850,Reduce query cost,25,108.0,2024
5574,2850,Reduce query cost,50,80.0,2024
5575,2851,Launch campaign,25,96.0,2024
5576,2851,Launch campaign,25,99.0,2024
5577,2852,Redesign onboarding,50,87.0,2024
5578,2852,Redesign onboarding,50,100.0,2024
5579,2852,Build design system,20,107.0,2024
5580,2853,Ship roadmap features,50,80.0,2024
5581,2853,Cut API latency,30,95.0,2024
5582,2853,Cut API latency,40,86.0,2024
5583,2854,Cut API latency,40,77.0,2024
5584,2854,Cut API latency,20,87.0,2024
5585,2854,Reduce production incidents,50,46.0,2024
5586,2855,Improve CAC,30,87.0,2024
5587,2855,Improve CAC,40,94.0,2024
5588,2856,Grow pipeline,30,114.0,2024
5589,2856,Grow pipeline,20,117.0,2024
5590,2856,Expand key accounts,40,102.0,2024
5591,2857,Cut API latency,20,112.0,2024
5592,2857,Improve test coverage,40,119.0,2024
5593,2857,Cut API latency,30,106.0,2024
5594,2857,Reduce production incidents,20,86.0,2024
5595,2858,Increase upsell,40,90.0,2024
5596,2858,Improve NPS,50,125.0,2024
5597,2858,Cut response time,40,96.0,2024
5598,2858,Reduce churn,30,79.0,2024
5599,2859,Improve forecast accuracy,40,94.0,2024
5600,2859,Improve forecast accuracy,20,87.0,2024
5601,2859,Improve forecast accuracy,20,92.0,2024
5602,2860,Improve forecast accuracy,40,108.0,2024
5603,2860,Close books faster,25,98.0,2024
5604,2860,Improve forecast accuracy,20,81.0,2024
5605,2861,Redesign onboarding,30,93.0,2024
5606,2861,Build design system,30,128.0,2024
5607,2861,Build design system,50,90.0,2024
5608,2861,Build design system,20,60.0,2024
5609,2862,Deliver self-serve dashboards,40,73.0,2024
5610,2862,Deliver self-serve dashboards,25,104.0,2024
5611,2862,Deliver self-serve dashboards,40,105.0,2024
5612,2862,Improve data quality,40,104.0,2024
5613,2863,Increase upsell,50,63.0,2024
5614,2863,Increase upsell,30,92.0,2024
5615,2863,Increase upsell,30,74.0,2024
5616,2864,Grow organic traffic,40,61.0,2024
5617,2864,Grow organic traffic,25,98.0,2024
5618,2864,Improve CAC,30,108.0,2024
5619,2864,Launch campaign,25,93.0,2024
5620,2865,Improve test coverage,20,53.0,2024
5621,2865,Improve test coverage,25,56.0,2024
5622,2866,Improve usability score,40,78.0,2024
5623,2866,Redesign onboarding,40,86.0,2024
5624,2867,Run discovery interviews,25,84.0,2024
5625,2867,Launch new module,40,95.0,2024
5626,2867,Run discovery interviews,50,90.0,2024
5627,2867,Improve retention,50,102.0,2024
5628,2868,Build design system,20,101.0,2024
5629,2868,Improve usability score,50,101.0,2024
5630,2868,Improve usability score,30,92.0,2024
5631,2868,Redesign onboarding,40,92.0,2024
5632,2869,Hit quarterly quota,25,89.0,2024
5633,2869,Expand key accounts,40,109.0,2024
5634,2869,Hit quarterly quota,25,101.0,2024
5635,2870,Cut response time,30,70.0,2024
5636,2870,Increase upsell,50,71.0,2024
5637,2870,Improve NPS,50,68.0,2024
5638,2871,Close books faster,30,73.0,2024
5639,2871,Close books faster,20,87.0,2024
5640,2871,Improve forecast accuracy,50,118.0,2024
5641,2872,Redesign onboarding,40,124.0,2024
5642,2872,Build design system,25,111.0,2024
5643,2872,Build design system,40,84.0,2024
5644,2873,Automate manual workflow,50,90.0,2024
5645,2873,Reduce process cost,25,91.0,2024
5646,2873,Reduce process cost,40,80.0,2024
5647,2874,Expand key accounts,30,94.0,2024
5648,2874,Hit quarterly quota,50,86.0,2024
5649,2875,Improve forecast accuracy,25,87.0,2024
5650,2875,Reduce overdue invoices,40,91.0,2024
5651,2876,Improve eNPS,20,86.0,2024
5652,2876,Cut regretted attrition,40,79.0,2024
5653,2876,Reduce time-to-hire,30,80.0,2024
5654,2876,Cut regretted attrition,25,80.0,2024
5655,2877,Reduce churn,20,101.0,2024
5656,2877,Cut response time,50,94.0,2024
5657,2877,Reduce churn,30,110.0,2024
5658,2878,Cut regretted attrition,40,56.0,2024
5659,2878,Cut regretted attrition,20,69.0,2024
5660,2878,Improve eNPS,50,68.0,2024
5661,2879,Ship roadmap features,25,61.0,2024
5662,2879,Reduce production incidents,40,92.0,2024
5663,2879,Reduce production incidents,20,65.0,2024
5664,2879,Reduce production incidents,25,76.0,2024
5665,2880,Reduce overdue invoices,30,81.0,2024
5666,2880,Reduce overdue invoices,50,90.0,2024
5667,2881,Improve SLA compliance,25,75.0,2024
5668,2881,Reduce process cost,30,72.0,2024
5669,2882,Grow pipeline,40,90.0,2024
5670,2882,Grow pipeline,30,68.0,2024
5671,2883,Deliver self-serve dashboards,20,107.0,2024
5672,2883,Automate reporting pipeline,20,86.0,2024
5673,2883,Reduce query cost,50,77.0,2024
5674,2883,Deliver self-serve dashboards,50,79.0,2024
5675,2884,Automate reporting pipeline,20,112.0,2024
5676,2884,Improve data quality,50,86.0,2024
5677,2884,Deliver self-serve dashboards,40,95.0,2024
5678,2884,Deliver self-serve dashboards,20,81.0,2024
5679,2885,Redesign onboarding,20,63.0,2024
5680,2885,Improve usability score,25,80.0,2024
5681,2886,Reduce process cost,50,98.0,2024
5682,2886,Improve SLA compliance,30,111.0,2024
5683,2886,Reduce process cost,30,89.0,2024
5684,2886,Automate manual workflow,30,126.0,2024
5685,2887,Close books faster,25,76.0,2024
5686,2887,Close books faster,25,81.0,2024
5687,2888,Reduce churn,30,115.0,2024
5688,2888,Cut response time,40,106.0,2024
5689,2889,Build design system,50,79.0,2024
5690,2889,Build design system,25,98.0,2024
5691,2889,Redesign onboarding,50,63.0,2024
5692,2889,Build design system,25,71.0,2024
5693,2890,Improve data quality,40,82.0,2024
5694,2890,Deliver self-serve dashboards,30,69.0,2024
5695,2890,Improve data quality,50,72.0,2024
5696,2890,Deliver self-serve dashboards,40,75.0,2024
5697,2891,Cut API latency,40,91.0,2024
5698,2891,Ship roadmap features,30,86.0,2024
5699,2892,Deliver self-serve dashboards,20,78.0,2024
5700,2892,Improve data quality,20,76.0,2024
5701,2892,Improve data quality,40,73.0,2024
5702,2892,Reduce query cost,25,67.0,2024
5703,2893,Reduce churn,40,78.0,2024
5704,2893,Improve NPS,20,89.0,2024
5705,2893,Cut response time,25,89.0,2024
5706,2893,Increase upsell,20,92.0,2024
5707,2894,Reduce process cost,25,93.0,2024
5708,2894,Improve SLA compliance,40,100.0,2024
5709,2894,Reduce process cost,50,86.0,2024
5710,2895,Ship roadmap features,30,88.0,2024
5711,2895,Improve test coverage,50,87.0,2024
5712,2895,Ship roadmap features,40,104.0,2024
5713,2895,Ship roadmap features,40,89.0,2024
5714,2896,Reduce overdue invoices,40,98.0,2024
5715,2896,Reduce overdue invoices,40,80.0,2024
5716,2896,Reduce overdue invoices,25,108.0,2024
5717,2896,Reduce overdue invoices,50,70.0,2024
5718,2897,Increase upsell,50,78.0,2024
5719,2897,Reduce churn,25,51.0,2024
5720,2897,Cut response time,40,61.0,2024
5721,2897,Improve NPS,50,116.0,2024
5722,2898,Cut API latency,30,58.0,2024
5723,2898,Cut API latency,50,83.0,2024
5724,2898,Cut API latency,50,58.0,2024
5725,2899,Automate reporting pipeline,30,77.0,2024
5726,2899,Automate reporting pipeline,40,113.0,2024
5727,2900,Improve NPS,50,92.0,2024
5728,2900,Cut response time,50,95.0,2024
5729,2900,Cut response time,30,100.0,2024
5730,2901,Cut regretted attrition,30,104.0,2024
5731,2901,Reduce time-to-hire,30,102.0,2024
5732,2902,Redesign onboarding,20,110.0,2024
5733,2902,Improve usability score,50,85.0,2024
5734,2902,Redesign onboarding,25,82.0,2024
5735,2903,Improve win rate,20,91.0,2024
5736,2903,Improve win rate,20,112.0,2024
5737,2904,Reduce churn,40,86.0,2024
5738,2904,Reduce churn,50,85.0,2024
5739,2904,Reduce churn,25,90.0,2024
5740,2904,Increase upsell,25,71.0,2024
5741,2905,Improve NPS,40,107.0,2024
5742,2905,Reduce churn,25,86.0,2024
5743,2905,Cut response time,30,113.0,2024
5744,2905,Cut response time,50,111.0,2024
5745,2906,Reduce process cost,50,67.0,2024
5746,2906,Reduce process cost,25,68.0,2024
5747,2907,Reduce process cost,20,118.0,2024
5748,2907,Improve SLA compliance,50,72.0,2024
5749,2907,Improve SLA compliance,30,96.0,2024
5750,2908,Improve SLA compliance,20,78.0,2024
5751,2908,Improve SLA compliance,20,102.0,2024
5752,2909,Improve test coverage,50,74.0,2024
5753,2909,Improve test coverage,30,110.0,2024
5754,2909,Cut API latency,40,100.0,2024
5755,2909,Ship roadmap features,20,104.0,2024
5756,2910,Build design system,20,95.0,2024
5757,2910,Improve usability score,20,103.0,2024
5758,2911,Automate manual workflow,20,93.0,2024
5759,2911,Automate manual workflow,40,108.0,2024
5760,2911,Reduce process cost,50,89.0,2024
5761,2911,Improve SLA compliance,20,94.0,2024
5762,2912,Launch campaign,40,88.0,2024
5763,2912,Grow qualified leads,40,92.0,2024
5764,2912,Improve CAC,20,61.0,2024
5765,2913,Close books faster,40,113.0,2024
5766,2913,Close books faster,40,99.0,2024
5767,2914,Reduce time-to-hire,50,96.0,2024
5768,2914,Improve eNPS,20,109.0,2024
5769,2915,Reduce production incidents,20,78.0,2024
5770,2915,Improve test coverage,50,83.0,2024
5771,2916,Improve eNPS,25,91.0,2024
5772,2916,Reduce time-to-hire,50,81.0,2024
5773,2917,Close books faster,25,112.0,2024
5774,2917,Reduce overdue invoices,30,103.0,2024
5775,2917,Close books faster,20,91.0,2024
5776,2917,Improve forecast accuracy,20,109.0,2024
5777,2918,Reduce overdue invoices,40,91.0,2024
5778,2918,Improve forecast accuracy,30,105.0,2024
5779,2919,Run discovery interviews,40,90.0,2024
5780,2919,Increase activation rate,25,84.0,2024
5781,2919,Improve retention,20,108.0,2024
5782,2919,Improve retention,25,64.0,2024
5783,2920,Improve usability score,20,89.0,2024
5784,2920,Build design system,40,81.0,2024
5785,2920,Redesign onboarding,20,92.0,2024
5786,2921,Hit quarterly quota,20,105.0,2024
5787,2921,Improve win rate,30,84.0,2024
5788,2921,Hit quarterly quota,20,78.0,2024
5789,2921,Improve win rate,25,104.0,2024
5790,2922,Increase activation rate,50,78.0,2024
5791,2922,Improve retention,50,87.0,2024
5792,2923,Grow organic traffic,20,56.0,2024
5793,2923,Improve CAC,40,82.0,2024
5794,2923,Grow organic traffic,50,66.0,2024
5795,2923,Improve CAC,30,77.0,2024
5796,2924,Reduce process cost,50,101.0,2024
5797,2924,Reduce process cost,40,105.0,2024
5798,2924,Improve SLA compliance,30,108.0,2024
5799,2925,Deliver self-serve dashboards,40,102.0,2024
5800,2925,Improve data quality,30,68.0,2024
5801,2925,Reduce query cost,30,109.0,2024
5802,2926,Improve retention,25,76.0,2024
5803,2926,Launch new module,30,71.0,2024
5804,2927,Build design system,20,83.0,2024
5805,2927,Build design system,50,81.0,2024
5806,2927,Build design system,50,78.0,2024
5807,2928,Hit quarterly quota,40,104.0,2024
5808,2928,Improve win rate,30,87.0,2024
5809,2928,Hit quarterly quota,50,75.0,2024
5810,2929,Reduce query cost,40,91.0,2024
5811,2929,Automate reporting pipeline,20,95.0,2024
5812,2930,Reduce churn,40,88.0,2024
5813,2930,Reduce churn,30,85.0,2024
5814,2930,Reduce churn,20,78.0,2024
5815,2931,Reduce process cost,30,116.0,2024
5816,2931,Reduce process cost,40,90.0,2024
5817,2931,Improve SLA compliance,50,89.0,2024
5818,2931,Improve SLA compliance,40,72.0,2024
5819,2932,Grow organic traffic,30,86.0,2024
5820,2932,Grow qualified leads,30,107.0,2024
5821,2932,Launch campaign,30,84.0,2024
5822,2933,Launch campaign,30,95.0,2024
5823,2933,Improve CAC,50,75.0,2024
5824,2934,Launch new module,40,130.0,2024
5825,2934,Run discovery interviews,20,130.0,2024
5826,2934,Increase activation rate,30,121.0,2024
5827,2935,Hit quarterly quota,30,83.0,2024
5828,2935,Hit quarterly quota,25,110.0,2024
5829,2936,Expand key accounts,25,89.0,2024
5830,2936,Expand key accounts,50,80.0,2024
5831,2936,Improve win rate,50,61.0,2024
5832,2937,Close books faster,30,94.0,2024
5833,2937,Close books faster,30,101.0,2024
5834,2937,Close books faster,40,82.0,2024
5835,2938,Increase activation rate,30,83.0,2024
5836,2938,Launch new module,20,74.0,2024
5837,2938,Run discovery interviews,40,68.0,2024
5838,2938,Increase activation rate,40,55.0,2024
5839,2939,Reduce production incidents,20,70.0,2024
5840,2939,Cut API latency,50,60.0,2024
5841,2939,Reduce production incidents,30,81.0,2024
5842,2939,Ship roadmap features,40,65.0,2024
5843,2940,Automate manual workflow,40,91.0,2024
5844,2940,Improve SLA compliance,25,53.0,2024
5845,2940,Automate manual workflow,40,59.0,2024
5846,2941,Improve forecast accuracy,20,93.0,2024
5847,2941,Reduce overdue invoices,20,83.0,2024
5848,2941,Improve forecast accuracy,30,118.0,2024
5849,2942,Grow organic traffic,20,97.0,2024
5850,2942,Launch campaign,20,93.0,2024
5851,2943,Cut API latency,40,100.0,2024
5852,2943,Reduce production incidents,20,81.0,2024
5853,2944,Reduce process cost,30,99.0,2024
5854,2944,Improve SLA compliance,50,85.0,2024
5855,2944,Improve SLA compliance,20,68.0,2024
5856,2944,Reduce process cost,40,100.0,2024
5857,2945,Reduce process cost,25,86.0,2024
5858,2945,Automate manual workflow,30,89.0,2024
5859,2945,Reduce process cost,30,73.0,2024
5860,2945,Reduce process cost,40,91.0,2024
5861,2946,Cut API latency,40,129.0,2024
5862,2946,Cut API latency,20,107.0,2024
5863,2947,Improve forecast accuracy,40,62.0,2024
5864,2947,Close books faster,20,75.0,2024
5865,2947,Reduce overdue invoices,25,69.0,2024
5866,2948,Reduce overdue invoices,25,117.0,2024
5867,2948,Improve forecast accuracy,50,72.0,2024
5868,2949,Launch campaign,25,60.0,2024
5869,2949,Grow qualified leads,50,103.0,2024
5870,2950,Improve SLA compliance,30,93.0,2024
5871,2950,Improve SLA compliance,40,105.0,2024
5872,2951,Automate manual workflow,30,53.0,2024
5873,2951,Automate manual workflow,40,60.0,2024
5874,2952,Launch new module,25,91.0,2024
5875,2952,Run discovery interviews,40,91.0,2024
5876,2952,Improve retention,20,86.0,2024
5877,2952,Increase activation rate,25,85.0,2024
5878,2953,Close books faster,30,63.0,2024
5879,2953,Reduce overdue invoices,50,92.0,2024
5880,2953,Improve forecast accuracy,30,71.0,2024
5881,2953,Reduce overdue invoices,40,82.0,2024
5882,2954,Run discovery interviews,50,96.0,2024
5883,2954,Increase activation rate,20,81.0,2024
5884,2954,Launch new module,25,106.0,2024
5885,2954,Improve retention,40,98.0,2024
5886,2955,Reduce time-to-hire,50,96.0,2024
5887,2955,Reduce time-to-hire,40,82.0,2024
5888,2956,Automate manual workflow,20,113.0,2024
5889,2956,Automate manual workflow,50,73.0,2024
5890,2957,Improve CAC,30,88.0,2024
5891,2957,Grow organic traffic,20,106.0,2024
5892,2958,Run discovery interviews,25,85.0,2024
5893,2958,Increase activation rate,40,64.0,2024
5894,2959,Improve data quality,40,55.0,2024
5895,2959,Automate reporting pipeline,25,85.0,2024
5896,2959,Deliver self-serve dashboards,30,86.0,2024
5897,2959,Deliver self-serve dashboards,50,71.0,2024
5898,2960,Improve win rate,20,102.0,2024
5899,2960,Expand key accounts,40,52.0,2024
5900,2961,Close books faster,40,103.0,2024
5901,2961,Reduce overdue invoices,40,120.0,2024
5902,2961,Close books faster,50,102.0,2024
5903,2962,Reduce process cost,50,77.0,2024
5904,2962,Reduce process cost,25,87.0,2024
5905,2962,Reduce process cost,20,84.0,2024
5906,2963,Deliver self-serve dashboards,25,79.0,2024
5907,2963,Reduce query cost,50,69.0,2024
5908,2964,Launch new module,25,87.0,2024
5909,2964,Increase activation rate,50,87.0,2024
5910,2964,Launch new module,25,92.0,2024
5911,2965,Improve retention,30,106.0,2024
5912,2965,Increase activation rate,50,91.0,2024
5913,2965,Increase activation rate,40,97.0,2024
5914,2966,Improve win rate,20,69.0,2024
5915,2966,Expand key accounts,50,86.0,2024
5916,2966,Expand key accounts,25,76.0,2024
5917,2966,Expand key accounts,20,91.0,2024
5918,2967,Improve CAC,30,70.0,2024
5919,2967,Grow qualified leads,20,81.0,2024
5920,2967,Grow qualified leads,20,60.0,2024
5921,2967,Grow organic traffic,40,72.0,2024
5922,2968,Improve usability score,30,97.0,2024
5923,2968,Improve usability score,30,79.0,2024
5924,2968,Redesign onboarding,50,67.0,2024
5925,2969,Redesign onboarding,20,93.0,2024
5926,2969,Build design system,40,116.0,2024
5927,2970,Close books faster,30,114.0,2024
5928,2970,Reduce overdue invoices,40,107.0,2024
5929,2971,Automate manual workflow,50,109.0,2024
5930,2971,Automate manual workflow,40,100.0,2024
5931,2972,Build design system,30,119.0,2024
5932,2972,Improve usability score,25,109.0,2024
5933,2973,Reduce process cost,50,108.0,2024
5934,2973,Improve SLA compliance,30,120.0,2024
5935,2973,Reduce process cost,40,115.0,2024
5936,2974,Reduce production incidents,30,130.0,2024
5937,2974,Ship roadmap features,20,130.0,2024
5938,2974,Improve test coverage,40,113.0,2024
5939,2974,Reduce production incidents,25,130.0,2024
5940,2975,Cut regretted attrition,50,64.0,2024
5941,2975,Cut regretted attrition,20,98.0,2024
5942,2975,Reduce time-to-hire,40,91.0,2024
5943,2976,Improve win rate,30,72.0,2024
5944,2976,Hit quarterly quota,25,77.0,2024
5945,2976,Hit quarterly quota,20,76.0,2024
5946,2977,Improve usability score,20,83.0,2024
5947,2977,Redesign onboarding,50,88.0,2024
5948,2977,Improve usability score,30,81.0,2024
5949,2978,Deliver self-serve dashboards,30,89.0,2024
5950,2978,Reduce query cost,25,90.0,2024
5951,2978,Automate reporting pipeline,50,90.0,2024
5952,2979,Redesign onboarding,40,88.0,2024
5953,2979,Build design system,20,78.0,2024
5954,2979,Build design system,25,86.0,2024
5955,2980,Redesign onboarding,50,100.0,2024
5956,2980,Build design system,20,98.0,2024
5957,2980,Build design system,25,112.0,2024
5958,2980,Build design system,30,92.0,2024
5959,2981,Close books faster,20,72.0,2024
5960,2981,Improve forecast accuracy,25,72.0,2024
5961,2982,Deliver self-serve dashboards,20,76.0,2024
5962,2982,Deliver self-serve dashboards,30,68.0,2024
5963,2982,Automate reporting pipeline,20,82.0,2024
5964,2982,Improve data quality,30,80.0,2024
5965,2983,Build design system,40,103.0,2024
5966,2983,Redesign onboarding,20,87.0,2024
5967,2984,Cut API latency,30,71.0,2024
5968,2984,Reduce production incidents,30,79.0,2024
5969,2984,Reduce production incidents,25,64.0,2024
5970,2985,Increase activation rate,50,100.0,2024
5971,2985,Improve retention,20,78.0,2024
5972,2985,Increase activation rate,30,105.0,2024
5973,2985,Increase activation rate,30,95.0,2024
5974,2986,Ship roadmap features,20,93.0,2024
5975,2986,Reduce production incidents,40,119.0,2024
5976,2987,Hit quarterly quota,30,84.0,2024
5977,2987,Improve win rate,20,91.0,2024
5978,2987,Improve win rate,40,85.0,2024
5979,2988,Improve usability score,25,96.0,2024
5980,2988,Redesign onboarding,25,99.0,2024
5981,2988,Build design system,40,106.0,2024
5982,2988,Improve usability score,50,86.0,2024
5983,2989,Reduce process cost,50,98.0,2024
5984,2989,Automate manual workflow,50,106.0,2024
5985,2990,Cut response time,25,100.0,2024
5986,2990,Cut response time,50,87.0,2024
5987,2990,Improve NPS,20,75.0,2024
5988,2991,Close books faster,30,101.0,2024
5989,2991,Close books faster,25,72.0,2024
5990,2991,Reduce overdue invoices,20,73.0,2024
5991,2991,Improve forecast accuracy,20,94.0,2024
5992,2992,Build design system,25,87.0,2024
5993,2992,Build design system,20,78.0,2024
5994,2992,Build design system,20,103.0,2024
5995,2993,Increase upsell,20,109.0,2024
5996,2993,Improve NPS,40,88.0,2024
5997,2994,Reduce overdue invoices,30,90.0,2024
5998,2994,Reduce overdue invoices,20,88.0,2024
5999,2995,Improve retention,50,68.0,2024
6000,2995,Increase activation rate,50,95.0,2024
6001,2996,Improve eNPS,40,85.0,2024
6002,2996,Cut regretted attrition,30,117.0,2024
6003,2997,Improve eNPS,30,83.0,2024
6004,2997,Reduce time-to-hire,40,91.0,2024
6005,2998,Launch new module,20,63.0,2024
6006,2998,Improve retention,30,81.0,2024
6007,2998,Improve retention,30,70.0,2024
6008,2999,Improve usability score,20,100.0,2024
6009,2999,Build design system,20,122.0,2024
6010,2999,Improve usability score,50,126.0,2024
6011,3000,Close books faster,30,98.0,2024
6012,3000,Improve forecast accuracy,25,82.0,2024
6013,3000,Reduce overdue invoices,20,88.0,2024
6014,3001,Cut response time,50,113.0,2024
6015,3001,Cut response time,40,91.0,2024
6016,3001,Improve NPS,25,90.0,2024
6017,3001,Reduce churn,25,85.0,2024
6018,3002,Reduce time-to-hire,30,68.0,2024
6019,3002,Reduce time-to-hire,25,74.0,2024
6020,3003,Close books faster,50,97.0,2024
6021,3003,Reduce overdue invoices,25,93.0,2024
6022,3004,Grow organic traffic,20,102.0,2024
6023,3004,Improve CAC,30,118.0,2024
6024,3005,Ship roadmap features,40,85.0,2024
6025,3005,Reduce production incidents,30,92.0,2024
6026,3006,Reduce production incidents,30,104.0,2024
6027,3006,Ship roadmap features,50,91.0,2024
6028,3007,Reduce query cost,40,89.0,2024
6029,3007,Deliver self-serve dashboards,40,103.0,2024
6030,3007,Automate reporting pipeline,40,88.0,2024
6031,3008,Improve CAC,40,85.0,2024
6032,3008,Grow qualified leads,25,83.0,2024
6033,3008,Grow organic traffic,30,90.0,2024
6034,3008,Grow organic traffic,50,99.0,2024
6035,3009,Build design system,40,71.0,2024
6036,3009,Redesign onboarding,40,100.0,2024
6037,3009,Improve usability score,20,95.0,2024
6038,3009,Build design system,25,89.0,2024
6039,3010,Reduce time-to-hire,50,88.0,2024
6040,3010,Reduce time-to-hire,50,75.0,2024
6041,3010,Cut regretted attrition,25,98.0,2024
6042,3011,Improve CAC,20,75.0,2024
6043,3011,Grow organic traffic,20,77.0,2024
6044,3012,Improve CAC,30,83.0,2024
6045,3012,Grow organic traffic,40,99.0,2024
6046,3013,Cut response time,30,91.0,2024
6047,3013,Reduce churn,50,107.0,2024
6048,3014,Improve eNPS,25,91.0,2024
6049,3014,Reduce time-to-hire,20,95.0,2024
6050,3014,Cut regretted attrition,50,57.0,2024
6051,3014,Cut regretted attrition,40,94.0,2024
6052,3015,Improve eNPS,40,58.0,2024
6053,3015,Cut regretted attrition,25,72.0,2024
6054,3016,Cut regretted attrition,20,113.0,2024
6055,3016,Improve eNPS,50,98.0,2024
6056,3016,Cut regretted attrition,40,101.0,2024
6057,3016,Reduce time-to-hire,20,109.0,2024
6058,3017,Reduce query cost,50,90.0,2024
6059,3017,Automate reporting pipeline,25,90.0,2024
6060,3017,Reduce query cost,50,91.0,2024
6061,3018,Reduce process cost,25,81.0,2024
6062,3018,Reduce process cost,25,84.0,2024
6063,3019,Improve win rate,40,74.0,2024
6064,3019,Improve win rate,50,91.0,2024
6065,3019,Hit quarterly quota,40,74.0,2024
6066,3019,Hit quarterly quota,40,76.0,2024
6067,3020,Reduce time-to-hire,25,68.0,2024
6068,3020,Cut regretted attrition,30,66.0,2024
6069,3020,Reduce time-to-hire,50,60.0,2024
6070,3020,Cut regretted attrition,40,71.0,2024
6071,3021,Improve eNPS,20,101.0,2024
6072,3021,Reduce time-to-hire,20,101.0,2024
6073,3021,Reduce time-to-hire,50,97.0,2024
6074,3021,Reduce time-to-hire,50,103.0,2024
6075,3022,Build design system,50,87.0,2024
6076,3022,Improve usability score,20,86.0,2024
6077,3023,Improve retention,30,95.0,2024
6078,3023,Improve retention,50,85.0,2024
6079,3023,Run discovery interviews,50,74.0,2024
6080,3023,Increase activation rate,30,80.0,2024
6081,3024,Reduce time-to-hire,25,100.0,2024
6082,3024,Improve eNPS,40,92.0,2024
6083,3024,Improve eNPS,50,92.0,2024
6084,3024,Improve eNPS,40,94.0,2024
6085,3025,Improve usability score,25,109.0,2024
6086,3025,Build design system,20,98.0,2024
6087,3025,Redesign onboarding,20,121.0,2024
6088,3025,Redesign onboarding,20,96.0,2024
6089,3026,Hit quarterly quota,40,107.0,2024
6090,3026,Expand key accounts,40,89.0,2024
6091,3026,Improve win rate,20,75.0,2024
6092,3026,Improve win rate,50,65.0,2024
6093,3027,Cut response time,30,118.0,2024
6094,3027,Improve NPS,20,120.0,2024
6095,3027,Cut response time,50,128.0,2024
6096,3027,Reduce churn,25,117.0,2024
6097,3028,Improve CAC,30,76.0,2024
6098,3028,Improve CAC,40,99.0,2024
6099,3028,Grow qualified leads,25,105.0,2024
6100,3029,Cut response time,20,95.0,2024
6101,3029,Increase upsell,20,77.0,2024
6102,3029,Increase upsell,30,93.0,2024
6103,3030,Grow qualified leads,25,94.0,2024
6104,3030,Grow organic traffic,25,80.0,2024
6105,3030,Grow qualified leads,30,99.0,2024
6106,3031,Automate reporting pipeline,40,69.0,2024
6107,3031,Deliver self-serve dashboards,40,65.0,2024
6108,3032,Deliver self-serve dashboards,40,61.0,2024
6109,3032,Deliver self-serve dashboards,30,91.0,2024
6110,3033,Close books faster,20,95.0,2024
6111,3033,Improve forecast accuracy,50,103.0,2024
6112,3034,Build design system,25,66.0,2024
6113,3034,Improve usability score,20,75.0,2024
6114,3035,Reduce query cost,40,96.0,2024
6115,3035,Reduce query cost,25,73.0,2024
6116,3035,Automate reporting pipeline,50,94.0,2024
6117,3036,Reduce time-to-hire,40,103.0,2024
6118,3036,Cut regretted attrition,30,95.0,2024
6119,3036,Cut regretted attrition,40,92.0,2024
6120,3037,Increase activation rate,20,91.0,2024
6121,3037,Improve retention,40,94.0,2024
6122,3037,Run discovery interviews,30,90.0,2024
6123,3038,Grow organic traffic,25,75.0,2024
6124,3038,Grow qualified leads,50,75.0,2024
6125,3038,Grow organic traffic,50,57.0,2024
6126,3039,Launch campaign,40,100.0,2024
6127,3039,Launch campaign,25,107.0,2024
6128,3039,Launch campaign,30,94.0,2024
6129,3039,Launch campaign,25,98.0,2024
6130,3040,Improve eNPS,50,84.0,2024
6131,3040,Improve eNPS,40,80.0,2024
6132,3040,Improve eNPS,25,91.0,2024
6133,3041,Redesign onboarding,50,91.0,2024
6134,3041,Improve usability score,20,106.0,2024
6135,3041,Build design system,25,94.0,2024
6136,3041,Redesign onboarding,40,104.0,2024
6137,3042,Increase upsell,20,102.0,2024
6138,3042,Cut response time,20,111.0,2024
6139,3042,Reduce churn,30,118.0,2024
6140,3043,Reduce time-to-hire,25,85.0,2024
6141,3043,Cut regretted attrition,25,84.0,2024
6142,3043,Improve eNPS,25,69.0,2024
6143,3044,Reduce query cost,50,79.0,2024
6144,3044,Improve data quality,25,92.0,2024
6145,3044,Improve data quality,25,70.0,2024
6146,3044,Reduce query cost,25,92.0,2024
6147,3045,Improve forecast accuracy,30,72.0,2024
6148,3045,Improve forecast accuracy,50,97.0,2024
6149,3046,Run discovery interviews,25,68.0,2024
6150,3046,Run discovery interviews,40,50.0,2024
6151,3046,Increase activation rate,20,48.0,2024
6152,3046,Launch new module,30,92.0,2024
6153,3047,Deliver self-serve dashboards,40,94.0,2024
6154,3047,Deliver self-serve dashboards,50,127.0,2024
6155,3047,Automate reporting pipeline,50,89.0,2024
6156,3048,Improve data quality,40,108.0,2024
6157,3048,Automate reporting pipeline,30,95.0,2024
6158,3048,Improve data quality,40,99.0,2024
6159,3049,Improve eNPS,25,49.0,2024
6160,3049,Cut regretted attrition,30,98.0,2024
6161,3050,Reduce query cost,20,104.0,2024
6162,3050,Automate reporting pipeline,20,109.0,2024
6163,3051,Reduce process cost,40,90.0,2024
6164,3051,Reduce process cost,40,85.0,2024
6165,3052,Improve SLA compliance,50,101.0,2024
6166,3052,Reduce process cost,20,115.0,2024
6167,3052,Reduce process cost,50,96.0,2024
6168,3052,Improve SLA compliance,50,103.0,2024
6169,3053,Reduce churn,20,86.0,2024
6170,3053,Reduce churn,40,76.0,2024
6171,3054,Increase upsell,50,84.0,2024
6172,3054,Increase upsell,30,85.0,2024
6173,3054,Increase upsell,30,69.0,2024
6174,3055,Improve NPS,20,80.0,2024
6175,3055,Reduce churn,20,69.0,2024
6176,3055,Cut response time,50,71.0,2024
6177,3055,Increase upsell,40,91.0,2024
6178,3056,Reduce query cost,30,94.0,2024
6179,3056,Improve data quality,20,94.0,2024
6180,3057,Reduce process cost,25,76.0,2024
6181,3057,Automate manual workflow,25,90.0,2024
6182,3057,Reduce process cost,50,84.0,2024
6183,3057,Automate manual workflow,50,61.0,2024
6184,3058,Cut regretted attrition,25,80.0,2024
6185,3058,Reduce time-to-hire,40,80.0,2024
6186,3058,Reduce time-to-hire,25,106.0,2024
6187,3059,Reduce query cost,40,74.0,2024
6188,3059,Deliver self-serve dashboards,40,74.0,2024
6189,3060,Redesign onboarding,20,59.0,2024
6190,3060,Improve usability score,40,81.0,2024
6191,3060,Redesign onboarding,50,63.0,2024
6192,3060,Improve usability score,40,93.0,2024
6193,3061,Improve SLA compliance,40,79.0,2024
6194,3061,Improve SLA compliance,25,82.0,2024
6195,3062,Launch campaign,20,117.0,2024
6196,3062,Improve CAC,30,125.0,2024
6197,3062,Grow qualified leads,20,90.0,2024
6198,3062,Grow organic traffic,30,112.0,2024
6199,3063,Close books faster,40,96.0,2024
6200,3063,Improve forecast accuracy,30,93.0,2024
6201,3064,Improve retention,50,98.0,2024
6202,3064,Improve retention,40,99.0,2024
6203,3065,Close books faster,40,96.0,2024
6204,3065,Reduce overdue invoices,30,88.0,2024
6205,3065,Close books faster,30,84.0,2024
6206,3066,Improve forecast accuracy,40,95.0,2024
6207,3066,Improve forecast accuracy,30,123.0,2024
6208,3067,Increase activation rate,40,106.0,2024
6209,3067,Increase activation rate,25,123.0,2024
6210,3068,Deliver self-serve dashboards,50,97.0,2024
6211,3068,Deliver self-serve dashboards,25,75.0,2024
6212,3068,Reduce query cost,30,74.0,2024
6213,3068,Deliver self-serve dashboards,50,95.0,2024
6214,3069,Run discovery interviews,30,59.0,2024
6215,3069,Launch new module,20,79.0,2024
6216,3069,Improve retention,20,81.0,2024
6217,3069,Improve retention,30,86.0,2024
6218,3070,Improve NPS,25,93.0,2024
6219,3070,Reduce churn,20,92.0,2024
6220,3071,Increase upsell,25,96.0,2024
6221,3071,Reduce churn,25,102.0,2024
6222,3071,Improve NPS,50,99.0,2024
6223,3072,Cut response time,30,102.0,2024
6224,3072,Increase upsell,30,97.0,2024
6225,3072,Improve NPS,25,88.0,2024
6226,3073,Launch new module,50,98.0,2024
6227,3073,Improve retention,30,105.0,2024
6228,3073,Run discovery interviews,50,79.0,2024
6229,3073,Run discovery interviews,40,98.0,2024
6230,3074,Automate manual workflow,30,81.0,2024
6231,3074,Automate manual workflow,20,44.0,2024
6232,3074,Reduce process cost,40,81.0,2024
6233,3074,Reduce process cost,25,51.0,2024
6234,3075,Cut response time,30,86.0,2024
6235,3075,Cut response time,25,111.0,2024
6236,3075,Improve NPS,30,102.0,2024
6237,3076,Cut regretted attrition,20,112.0,2024
6238,3076,Improve eNPS,40,104.0,2024
6239,3077,Grow qualified leads,20,115.0,2024
6240,3077,Grow qualified leads,50,104.0,2024
6241,3077,Grow organic traffic,50,117.0,2024
6242,3077,Launch campaign,30,123.0,2024
6243,3078,Improve data quality,50,83.0,2024
6244,3078,Improve data quality,20,68.0,2024
6245,3079,Improve usability score,30,85.0,2024
6246,3079,Redesign onboarding,20,120.0,2024
6247,3079,Redesign onboarding,50,111.0,2024
6248,3080,Cut response time,30,83.0,2024
6249,3080,Increase upsell,50,96.0,2024
6250,3081,Increase activation rate,25,79.0,2024
6251,3081,Improve retention,50,103.0,2024
6252,3081,Increase activation rate,20,92.0,2024
6253,3082,Deliver self-serve dashboards,40,92.0,2024
6254,3082,Automate reporting pipeline,30,94.0,2024
6255,3082,Deliver self-serve dashboards,25,79.0,2024
6256,3083,Reduce overdue invoices,30,123.0,2024
6257,3083,Improve forecast accuracy,30,102.0,2024
6258,3083,Close books faster,25,90.0,2024
6259,3084,Improve retention,25,73.0,2024
6260,3084,Improve retention,30,91.0,2024
6261,3085,Cut API latency,20,106.0,2024
6262,3085,Reduce production incidents,40,84.0,2024
6263,3086,Reduce time-to-hire,20,97.0,2024
6264,3086,Cut regretted attrition,25,99.0,2024
6265,3086,Cut regretted attrition,30,65.0,2024
6266,3086,Cut regretted attrition,30,97.0,2024
6267,3087,Deliver self-serve dashboards,40,83.0,2024
6268,3087,Deliver self-serve dashboards,30,88.0,2024
6269,3088,Hit quarterly quota,40,85.0,2024
6270,3088,Grow pipeline,20,88.0,2024
6271,3088,Grow pipeline,50,109.0,2024
6272,3088,Grow pipeline,20,107.0,2024
6273,3089,Redesign onboarding,20,64.0,2024
6274,3089,Redesign onboarding,40,82.0,2024
6275,3089,Build design system,25,75.0,2024
6276,3089,Redesign onboarding,50,88.0,2024
6277,3090,Increase upsell,30,93.0,2024
6278,3090,Increase upsell,40,106.0,2024
6279,3091,Improve NPS,40,87.0,2024
6280,3091,Cut response time,20,84.0,2024
6281,3091,Cut response time,20,107.0,2024
6282,3091,Increase upsell,20,74.0,2024
6283,3092,Redesign onboarding,50,91.0,2024
6284,3092,Build design system,20,107.0,2024
6285,3092,Improve usability score,40,68.0,2024
6286,3093,Reduce query cost,25,110.0,2024
6287,3093,Improve data quality,40,92.0,2024
6288,3094,Improve data quality,30,92.0,2024
6289,3094,Improve data quality,25,76.0,2024
6290,3094,Reduce query cost,30,82.0,2024
6291,3095,Improve data quality,20,90.0,2024
6292,3095,Reduce query cost,50,93.0,2024
6293,3095,Automate reporting pipeline,30,91.0,2024
6294,3096,Improve eNPS,20,130.0,2024
6295,3096,Improve eNPS,50,88.0,2024
6296,3096,Cut regretted attrition,25,122.0,2024
6297,3096,Improve eNPS,50,102.0,2024
6298,3097,Improve eNPS,40,65.0,2024
6299,3097,Cut regretted attrition,30,90.0,2024
6300,3097,Reduce time-to-hire,25,83.0,2024
6301,3097,Cut regretted attrition,50,79.0,2024
6302,3098,Improve forecast accuracy,25,115.0,2024
6303,3098,Improve forecast accuracy,50,95.0,2024
6304,3098,Close books faster,50,87.0,2024
6305,3098,Improve forecast accuracy,30,74.0,2024
6306,3099,Reduce process cost,20,78.0,2024
6307,3099,Automate manual workflow,50,82.0,2024
6308,3099,Automate manual workflow,25,71.0,2024
6309,3100,Improve win rate,40,96.0,2024
6310,3100,Grow pipeline,50,107.0,2024
6311,3100,Grow pipeline,40,84.0,2024
6312,3100,Grow pipeline,50,95.0,2024
6313,3101,Close books faster,40,77.0,2024
6314,3101,Improve forecast accuracy,20,101.0,2024
6315,3102,Launch campaign,25,72.0,2024
6316,3102,Grow organic traffic,30,80.0,2024
6317,3102,Grow organic traffic,50,84.0,2024
6318,3103,Cut API latency,20,90.0,2024
6319,3103,Improve test coverage,30,92.0,2024
6320,3103,Ship roadmap features,25,108.0,2024
6321,3103,Ship roadmap features,20,93.0,2024
6322,3104,Cut API latency,50,90.0,2024
6323,3104,Ship roadmap features,20,91.0,2024
6324,3104,Ship roadmap features,30,99.0,2024
6325,3104,Cut API latency,30,100.0,2024
6326,3105,Hit quarterly quota,50,83.0,2024
6327,3105,Expand key accounts,20,78.0,2024
6328,3105,Expand key accounts,40,96.0,2024
6329,3106,Improve usability score,20,103.0,2024
6330,3106,Redesign onboarding,20,97.0,2024
6331,3106,Redesign onboarding,20,104.0,2024
6332,3107,Grow pipeline,40,88.0,2024
6333,3107,Expand key accounts,30,84.0,2024
6334,3108,Cut regretted attrition,50,102.0,2024
6335,3108,Improve eNPS,50,126.0,2024
6336,3108,Cut regretted attrition,40,91.0,2024
6337,3108,Reduce time-to-hire,20,120.0,2024
6338,3109,Automate reporting pipeline,25,106.0,2024
6339,3109,Deliver self-serve dashboards,25,100.0,2024
6340,3109,Automate reporting pipeline,40,98.0,2024
6341,3110,Improve SLA compliance,50,77.0,2024
6342,3110,Automate manual workflow,20,114.0,2024
6343,3111,Close books faster,40,81.0,2024
6344,3111,Improve forecast accuracy,50,88.0,2024
6345,3111,Close books faster,25,98.0,2024
6346,3112,Reduce query cost,50,92.0,2024
6347,3112,Improve data quality,40,99.0,2024
6348,3112,Deliver self-serve dashboards,40,110.0,2024
6349,3112,Improve data quality,25,102.0,2024
6350,3113,Run discovery interviews,30,67.0,2024
6351,3113,Launch new module,20,64.0,2024
6352,3113,Increase activation rate,30,56.0,2024
6353,3114,Launch campaign,25,79.0,2024
6354,3114,Grow organic traffic,25,73.0,2024
6355,3115,Increase activation rate,40,88.0,2024
6356,3115,Improve retention,40,115.0,2024
6357,3115,Launch new module,20,104.0,2024
6358,3115,Improve retention,30,101.0,2024
6359,3116,Launch campaign,20,65.0,2024
6360,3116,Grow organic traffic,30,67.0,2024
6361,3116,Launch campaign,50,73.0,2024
6362,3117,Cut response time,25,130.0,2024
6363,3117,Increase upsell,25,92.0,2024
6364,3117,Increase upsell,20,109.0,2024
6365,3117,Improve NPS,40,106.0,2024
6366,3118,Automate reporting pipeline,30,82.0,2024
6367,3118,Reduce query cost,25,86.0,2024
6368,3118,Reduce query cost,50,107.0,2024
6369,3119,Reduce time-to-hire,40,84.0,2024
6370,3119,Reduce time-to-hire,30,71.0,2024
6371,3119,Cut regretted attrition,20,92.0,2024
6372,3120,Ship roadmap features,30,98.0,2024
6373,3120,Reduce production incidents,20,120.0,2024
6374,3120,Reduce production incidents,25,87.0,2024
6375,3120,Reduce production incidents,50,73.0,2024
6376,3121,Build design system,25,72.0,2024
6377,3121,Redesign onboarding,40,78.0,2024
6378,3121,Build design system,50,100.0,2024
6379,3122,Increase upsell,30,91.0,2024
6380,3122,Increase upsell,40,91.0,2024
6381,3123,Grow qualified leads,50,76.0,2024
6382,3123,Grow organic traffic,40,60.0,2024
6383,3123,Grow organic traffic,40,92.0,2024
6384,3124,Hit quarterly quota,30,94.0,2024
6385,3124,Hit quarterly quota,30,59.0,2024
6386,3125,Deliver self-serve dashboards,20,76.0,2024
6387,3125,Automate reporting pipeline,20,119.0,2024
6388,3126,Improve eNPS,30,103.0,2024
6389,3126,Improve eNPS,40,62.0,2024
6390,3127,Improve retention,40,92.0,2024
6391,3127,Improve retention,40,77.0,2024
6392,3127,Run discovery interviews,30,103.0,2024
6393,3128,Reduce query cost,25,79.0,2024
6394,3128,Improve data quality,50,92.0,2024
6395,3128,Reduce query cost,40,96.0,2024
6396,3128,Deliver self-serve dashboards,20,106.0,2024
6397,3129,Improve forecast accuracy,20,88.0,2024
6398,3129,Improve forecast accuracy,50,84.0,2024
6399,3130,Reduce production incidents,25,69.0,2024
6400,3130,Ship roadmap features,25,82.0,2024
6401,3130,Reduce production incidents,50,93.0,2024
6402,3131,Cut API latency,25,58.0,2024
6403,3131,Reduce production incidents,30,78.0,2024
6404,3131,Cut API latency,20,58.0,2024
6405,3132,Reduce time-to-hire,40,112.0,2024
6406,3132,Improve eNPS,25,112.0,2024
6407,3132,Improve eNPS,25,112.0,2024
6408,3133,Improve eNPS,25,92.0,2024
6409,3133,Improve eNPS,25,111.0,2024
6410,3134,Automate reporting pipeline,40,96.0,2024
6411,3134,Automate reporting pipeline,40,102.0,2024
6412,3134,Improve data quality,50,112.0,2024
6413,3134,Improve data quality,20,101.0,2024
6414,3135,Cut response time,20,70.0,2024
6415,3135,Increase upsell,20,86.0,2024
6416,3135,Cut response time,20,80.0,2024
6417,3135,Reduce churn,40,86.0,2024
6418,3136,Automate reporting pipeline,40,71.0,2024
6419,3136,Automate reporting pipeline,25,109.0,2024
6420,3136,Reduce query cost,40,81.0,2024
6421,3137,Build design system,50,87.0,2024
6422,3137,Redesign onboarding,30,87.0,2024
6423,3138,Reduce time-to-hire,40,108.0,2024
6424,3138,Cut regretted attrition,50,101.0,2024
6425,3139,Reduce overdue invoices,40,99.0,2024
6426,3139,Improve forecast accuracy,50,76.0,2024
6427,3139,Improve forecast accuracy,25,101.0,2024
6428,3139,Close books faster,50,97.0,2024
6429,3140,Improve win rate,40,82.0,2024
6430,3140,Expand key accounts,20,89.0,2024
6431,3140,Expand key accounts,20,90.0,2024
6432,3140,Expand key accounts,30,77.0,2024
6433,3141,Expand key accounts,20,93.0,2024
6434,3141,Grow pipeline,25,110.0,2024
6435,3141,Grow pipeline,20,112.0,2024
6436,3141,Expand key accounts,50,84.0,2024
6437,3142,Improve test coverage,40,90.0,2024
6438,3142,Cut API latency,50,88.0,2024
6439,3142,Ship roadmap features,30,68.0,2024
6440,3142,Ship roadmap features,40,80.0,2024
6441,3143,Improve usability score,40,107.0,2024
6442,3143,Improve usability score,40,102.0,2024
6443,3143,Improve usability score,40,108.0,2024
6444,3144,Cut API latency,30,91.0,2024
6445,3144,Ship roadmap features,25,73.0,2024
6446,3145,Reduce churn,50,94.0,2024
6447,3145,Cut response time,20,97.0,2024
6448,3146,Improve test coverage,40,79.0,2024
6449,3146,Improve test coverage,50,69.0,2024
6450,3146,Improve test coverage,20,71.0,2024
6451,3147,Improve SLA compliance,25,91.0,2024
6452,3147,Reduce process cost,40,85.0,2024
6453,3148,Improve usability score,20,66.0,2024
6454,3148,Redesign onboarding,30,114.0,2024
6455,3149,Cut response time,50,65.0,2024
6456,3149,Reduce churn,30,73.0,2024
6457,3149,Reduce churn,50,93.0,2024
6458,3150,Launch new module,30,122.0,2024
6459,3150,Run discovery interviews,30,86.0,2024
6460,3151,Automate manual workflow,20,98.0,2024
6461,3151,Automate manual workflow,25,99.0,2024
6462,3151,Reduce process cost,20,79.0,2024
6463,3151,Reduce process cost,30,80.0,2024
6464,3152,Improve test coverage,25,90.0,2024
6465,3152,Ship roadmap features,20,113.0,2024
6466,3153,Cut API latency,25,88.0,2024
6467,3153,Cut API latency,50,84.0,2024
6468,3153,Reduce production incidents,25,78.0,2024
6469,3154,Reduce overdue invoices,50,93.0,2024
6470,3154,Close books faster,30,97.0,2024
6471,3155,Automate reporting pipeline,25,83.0,2024
6472,3155,Reduce query cost,50,82.0,2024
6473,3156,Improve SLA compliance,30,74.0,2024
6474,3156,Reduce process cost,50,94.0,2024
6475,3157,Deliver self-serve dashboards,40,32.0,2024
6476,3157,Deliver self-serve dashboards,30,69.0,2024
6477,3158,Improve retention,20,110.0,2024
6478,3158,Improve retention,50,96.0,2024
6479,3158,Increase activation rate,30,98.0,2024
6480,3158,Increase activation rate,50,89.0,2024
6481,3159,Reduce overdue invoices,30,87.0,2024
6482,3159,Close books faster,40,80.0,2024
6483,3160,Improve usability score,20,61.0,2024
6484,3160,Improve usability score,20,85.0,2024
6485,3160,Improve usability score,25,80.0,2024
6486,3160,Build design system,50,70.0,2024
6487,3161,Reduce time-to-hire,20,78.0,2024
6488,3161,Cut regretted attrition,50,92.0,2024
6489,3161,Improve eNPS,20,73.0,2024
6490,3161,Cut regretted attrition,40,101.0,2024
6491,3162,Grow qualified leads,30,103.0,2024
6492,3162,Launch campaign,20,86.0,2024
6493,3162,Grow organic traffic,40,87.0,2024
6494,3162,Grow organic traffic,20,100.0,2024
6495,3163,Cut API latency,40,105.0,2024
6496,3163,Ship roadmap features,50,84.0,2024
6497,3164,Launch new module,20,74.0,2024
6498,3164,Run discovery interviews,40,106.0,2024
6499,3164,Increase activation rate,50,71.0,2024
6500,3165,Reduce process cost,50,70.0,2024
6501,3165,Automate manual workflow,30,93.0,2024
6502,3166,Reduce time-to-hire,30,113.0,2024
6503,3166,Cut regretted attrition,20,73.0,2024
6504,3166,Improve eNPS,50,97.0,2024
6505,3166,Cut regretted attrition,40,80.0,2024
6506,3167,Increase upsell,40,87.0,2024
6507,3167,Improve NPS,30,77.0,2024
6508,3167,Reduce churn,20,83.0,2024
6509,3168,Reduce churn,25,104.0,2024
6510,3168,Reduce churn,30,74.0,2024
6511,3169,Cut response time,20,83.0,2024
6512,3169,Cut response time,30,67.0,2024
6513,3170,Cut regretted attrition,50,90.0,2024
6514,3170,Improve eNPS,25,98.0,2024
6515,3170,Reduce time-to-hire,30,103.0,2024
6516,3170,Cut regretted attrition,30,82.0,2024
6517,3171,Expand key accounts,40,100.0,2024
6518,3171,Improve win rate,20,104.0,2024
6519,3171,Improve win rate,50,102.0,2024
6520,3171,Improve win rate,50,109.0,2024
6521,3172,Grow pipeline,30,79.0,2024
6522,3172,Hit quarterly quota,50,76.0,2024
6523,3173,Redesign onboarding,20,69.0,2024
6524,3173,Redesign onboarding,25,50.0,2024
6525,3173,Build design system,25,63.0,2024
6526,3173,Redesign onboarding,30,72.0,2024
6527,3174,Improve SLA compliance,25,82.0,2024
6528,3174,Reduce process cost,40,72.0,2024
6529,3174,Automate manual workflow,40,80.0,2024
6530,3174,Improve SLA compliance,50,94.0,2024
6531,3175,Improve retention,25,103.0,2024
6532,3175,Run discovery interviews,50,113.0,2024
6533,3175,Launch new module,25,109.0,2024
6534,3176,Launch campaign,30,86.0,2024
6535,3176,Launch campaign,25,74.0,2024
6536,3176,Launch campaign,30,68.0,2024
6537,3176,Improve CAC,20,78.0,2024
6538,3177,Improve usability score,20,76.0,2024
6539,3177,Redesign onboarding,20,73.0,2024
6540,3178,Improve win rate,40,81.0,2024
6541,3178,Expand key accounts,50,87.0,2024
6542,3178,Improve win rate,20,110.0,2024
6543,3179,Improve forecast accuracy,20,78.0,2024
6544,3179,Close books faster,50,101.0,2024
6545,3179,Reduce overdue invoices,30,78.0,2024
6546,3179,Improve forecast accuracy,25,81.0,2024
6547,3180,Ship roadmap features,40,97.0,2024
6548,3180,Improve test coverage,20,108.0,2024
6549,3181,Improve SLA compliance,50,98.0,2024
6550,3181,Reduce process cost,25,69.0,2024
6551,3181,Improve SLA compliance,40,78.0,2024
6552,3181,Reduce process cost,25,102.0,2024
6553,3182,Reduce time-to-hire,25,96.0,2024
6554,3182,Reduce time-to-hire,30,91.0,2024
6555,3182,Reduce time-to-hire,30,89.0,2024
6556,3183,Launch new module,20,56.0,2024
6557,3183,Launch new module,50,65.0,2024
6558,3183,Improve retention,40,100.0,2024
6559,3183,Run discovery interviews,30,64.0,2024
6560,3184,Improve data quality,50,57.0,2024
6561,3184,Automate reporting pipeline,40,83.0,2024
6562,3184,Improve data quality,25,100.0,2024
6563,3185,Reduce churn,20,50.0,2024
6564,3185,Cut response time,30,53.0,2024
6565,3185,Increase upsell,30,53.0,2024
6566,3186,Automate reporting pipeline,30,61.0,2024
6567,3186,Improve data quality,50,74.0,2024
6568,3186,Deliver self-serve dashboards,20,98.0,2024
6569,3186,Reduce query cost,50,110.0,2024
6570,3187,Cut API latency,25,94.0,2024
6571,3187,Improve test coverage,30,93.0,2024
6572,3188,Reduce query cost,25,94.0,2024
6573,3188,Improve data quality,40,90.0,2024
6574,3188,Automate reporting pipeline,40,102.0,2024
6575,3188,Improve data quality,30,79.0,2024
6576,3189,Expand key accounts,25,74.0,2024
6577,3189,Expand key accounts,20,79.0,2024
6578,3189,Hit quarterly quota,30,79.0,2024
6579,3189,Improve win rate,50,82.0,2024
6580,3190,Automate manual workflow,25,84.0,2024
6581,3190,Reduce process cost,25,79.0,2024
6582,3191,Reduce production incidents,40,83.0,2024
6583,3191,Cut API latency,30,66.0,2024
6584,3192,Reduce time-to-hire,20,86.0,2024
6585,3192,Improve eNPS,25,98.0,2024
6586,3193,Cut regretted attrition,40,80.0,2024
6587,3193,Cut regretted attrition,20,97.0,2024
6588,3194,Build design system,20,98.0,2024
6589,3194,Build design system,40,83.0,2024
6590,3195,Improve forecast accuracy,40,95.0,2024
6591,3195,Reduce overdue invoices,50,86.0,2024
6592,3195,Reduce overdue invoices,40,83.0,2024
6593,3196,Run discovery interviews,20,100.0,2024
6594,3196,Launch new module,40,112.0,2024
6595,3197,Reduce overdue invoices,50,84.0,2024
6596,3197,Improve forecast accuracy,20,102.0,2024
6597,3197,Reduce overdue invoices,20,111.0,2024
6598,3197,Reduce overdue invoices,30,100.0,2024
6599,3198,Automate manual workflow,25,87.0,2024
6600,3198,Automate manual workflow,50,92.0,2024
6601,3199,Cut regretted attrition,20,105.0,2024
6602,3199,Reduce time-to-hire,25,109.0,2024
6603,3199,Cut regretted attrition,25,105.0,2024
6604,3199,Cut regretted attrition,50,118.0,2024
6605,3200,Improve win rate,40,70.0,2024
6606,3200,Improve win rate,25,94.0,2024
6607,3200,Expand key accounts,40,88.0,2024
6608,3201,Improve win rate,30,82.0,2024
6609,3201,Hit quarterly quota,25,102.0,2024
6610,3201,Improve win rate,40,75.0,2024
6611,3202,Improve data quality,25,50.0,2024
6612,3202,Automate reporting pipeline,50,52.0,2024
6613,3203,Improve NPS,30,102.0,2024
6614,3203,Cut response time,30,88.0,2024
6615,3203,Increase upsell,25,116.0,2024
6616,3203,Cut response time,20,107.0,2024
6617,3204,Automate manual workflow,20,86.0,2024
6618,3204,Reduce process cost,20,72.0,2024
6619,3205,Automate manual workflow,40,69.0,2024
6620,3205,Improve SLA compliance,40,83.0,2024
6621,3205,Automate manual workflow,50,78.0,2024
6622,3205,Automate manual workflow,25,91.0,2024
6623,3206,Improve win rate,30,83.0,2024
6624,3206,Hit quarterly quota,20,68.0,2024
6625,3206,Expand key accounts,50,99.0,2024
6626,3206,Grow pipeline,50,86.0,2024
6627,3207,Improve SLA compliance,50,78.0,2024
6628,3207,Improve SLA compliance,20,110.0,2024
6629,3207,Reduce process cost,25,75.0,2024
6630,3207,Automate manual workflow,50,83.0,2024
6631,3208,Grow organic traffic,20,76.0,2024
6632,3208,Launch campaign,25,99.0,2024
6633,3208,Grow organic traffic,50,83.0,2024
6634,3208,Launch campaign,40,86.0,2024
6635,3209,Increase activation rate,25,60.0,2024
6636,3209,Run discovery interviews,25,58.0,2024
6637,3210,Hit quarterly quota,30,73.0,2024
6638,3210,Expand key accounts,50,72.0,2024
6639,3210,Improve win rate,40,102.0,2024
6640,3210,Grow pipeline,30,96.0,2024
6641,3211,Reduce churn,50,98.0,2024
6642,3211,Cut response time,50,95.0,2024
6643,3211,Increase upsell,20,82.0,2024
6644,3211,Improve NPS,25,97.0,2024
6645,3212,Redesign onboarding,50,97.0,2024
6646,3212,Improve usability score,50,82.0,2024
6647,3212,Improve usability score,50,118.0,2024
6648,3213,Improve SLA compliance,50,80.0,2024
6649,3213,Automate manual workflow,50,74.0,2024
6650,3213,Reduce process cost,20,82.0,2024
6651,3213,Automate manual workflow,20,82.0,2024
6652,3214,Reduce churn,40,103.0,2024
6653,3214,Reduce churn,30,92.0,2024
6654,3215,Launch new module,25,73.0,2024
6655,3215,Run discovery interviews,20,96.0,2024
6656,3215,Launch new module,40,82.0,2024
6657,3215,Increase activation rate,50,91.0,2024
6658,3216,Deliver self-serve dashboards,50,89.0,2024
6659,3216,Deliver self-serve dashboards,30,91.0,2024
6660,3216,Deliver self-serve dashboards,25,61.0,2024
6661,3216,Reduce query cost,25,70.0,2024
6662,3217,Reduce time-to-hire,25,81.0,2024
6663,3217,Improve eNPS,40,86.0,2024
6664,3218,Run discovery interviews,25,86.0,2024
6665,3218,Launch new module,20,99.0,2024
6666,3218,Increase activation rate,50,109.0,2024
6667,3219,Improve retention,25,100.0,2024
6668,3219,Improve retention,25,77.0,2024
6669,3220,Reduce overdue invoices,40,93.0,2024
6670,3220,Reduce overdue invoices,40,88.0,2024
6671,3221,Reduce query cost,50,95.0,2024
6672,3221,Deliver self-serve dashboards,25,97.0,2024
6673,3221,Automate reporting pipeline,50,96.0,2024
6674,3222,Automate reporting pipeline,20,101.0,2024
6675,3222,Reduce query cost,30,60.0,2024
6676,3223,Reduce time-to-hire,50,81.0,2024
6677,3223,Reduce time-to-hire,25,88.0,2024
6678,3223,Reduce time-to-hire,20,49.0,2024
6679,3224,Expand key accounts,30,71.0,2024
6680,3224,Expand key accounts,30,103.0,2024
6681,3225,Reduce production incidents,25,76.0,2024
6682,3225,Reduce production incidents,25,75.0,2024
6683,3225,Ship roadmap features,20,69.0,2024
6684,3226,Increase activation rate,40,84.0,2024
6685,3226,Increase activation rate,40,77.0,2024
6686,3227,Reduce process cost,25,89.0,2024
6687,3227,Automate manual workflow,25,97.0,2024
6688,3228,Reduce query cost,30,100.0,2024
6689,3228,Automate reporting pipeline,20,116.0,2024
6690,3229,Build design system,50,86.0,2024
6691,3229,Redesign onboarding,20,102.0,2024
6692,3229,Build design system,25,79.0,2024
6693,3229,Redesign onboarding,30,104.0,2024
6694,3230,Cut API latency,30,100.0,2024
6695,3230,Ship roadmap features,40,96.0,2024
6696,3231,Reduce process cost,20,74.0,2024
6697,3231,Automate manual workflow,50,81.0,2024
6698,3232,Automate reporting pipeline,50,71.0,2024
6699,3232,Deliver self-serve dashboards,25,80.0,2024
6700,3233,Hit quarterly quota,20,81.0,2024
6701,3233,Hit quarterly quota,40,78.0,2024
6702,3234,Improve usability score,25,101.0,2024
6703,3234,Build design system,20,98.0,2024
6704,3234,Redesign onboarding,40,130.0,2024
6705,3234,Improve usability score,25,77.0,2024
6706,3235,Improve SLA compliance,50,77.0,2024
6707,3235,Automate manual workflow,20,61.0,2024
6708,3236,Grow pipeline,40,91.0,2024
6709,3236,Hit quarterly quota,25,68.0,2024
6710,3237,Grow qualified leads,50,88.0,2024
6711,3237,Launch campaign,20,63.0,2024
6712,3238,Increase upsell,40,84.0,2024
6713,3238,Cut response time,20,78.0,2024
6714,3239,Improve NPS,40,113.0,2024
6715,3239,Reduce churn,40,105.0,2024
6716,3239,Cut response time,25,98.0,2024
6717,3239,Cut response time,25,103.0,2024
6718,3240,Improve usability score,30,114.0,2024
6719,3240,Build design system,20,115.0,2024
6720,3241,Reduce churn,40,92.0,2024
6721,3241,Improve NPS,30,121.0,2024
6722,3241,Improve NPS,25,82.0,2024
6723,3241,Improve NPS,30,114.0,2024
6724,3242,Automate reporting pipeline,40,91.0,2024
6725,3242,Improve data quality,40,112.0,2024
6726,3243,Reduce process cost,20,104.0,2024
6727,3243,Improve SLA compliance,30,89.0,2024
6728,3244,Improve retention,40,50.0,2024
6729,3244,Increase activation rate,40,74.0,2024
6730,3244,Launch new module,20,83.0,2024
6731,3244,Improve retention,20,76.0,2024
6732,3245,Improve retention,20,66.0,2024
6733,3245,Launch new module,25,86.0,2024
6734,3245,Launch new module,20,65.0,2024
6735,3245,Run discovery interviews,40,74.0,2024
6736,3246,Reduce production incidents,50,90.0,2024
6737,3246,Ship roadmap features,30,106.0,2024
6738,3247,Reduce process cost,30,90.0,2024
6739,3247,Improve SLA compliance,25,78.0,2024
6740,3248,Cut API latency,40,82.0,2024
6741,3248,Improve test coverage,25,93.0,2024
6742,3248,Ship roadmap features,50,67.0,2024
6743,3249,Reduce time-to-hire,40,86.0,2024
6744,3249,Reduce time-to-hire,50,82.0,2024
6745,3250,Grow organic traffic,30,104.0,2024
6746,3250,Improve CAC,25,94.0,2024
6747,3250,Grow qualified leads,50,91.0,2024
6748,3251,Cut regretted attrition,20,85.0,2024
6749,3251,Cut regretted attrition,20,88.0,2024
6750,3251,Reduce time-to-hire,50,85.0,2024
6751,3252,Hit quarterly quota,40,81.0,2024
6752,3252,Grow pipeline,40,95.0,2024
6753,3252,Expand key accounts,30,88.0,2024
6754,3253,Close books faster,30,71.0,2024
6755,3253,Improve forecast accuracy,50,57.0,2024
6756,3254,Improve usability score,20,118.0,2024
6757,3254,Build design system,40,91.0,2024
6758,3255,Hit quarterly quota,20,107.0,2024
6759,3255,Grow pipeline,50,99.0,2024
6760,3255,Improve win rate,30,102.0,2024
6761,3256,Reduce overdue invoices,30,68.0,2024
6762,3256,Improve forecast accuracy,30,77.0,2024
6763,3256,Reduce overdue invoices,25,101.0,2024
6764,3257,Reduce production incidents,50,93.0,2024
6765,3257,Reduce production incidents,50,92.0,2024
6766,3258,Improve CAC,25,79.0,2024
6767,3258,Improve CAC,20,93.0,2024
6768,3259,Cut response time,30,69.0,2024
6769,3259,Reduce churn,50,89.0,2024
6770,3260,Reduce production incidents,40,108.0,2024
6771,3260,Reduce production incidents,50,100.0,2024
6772,3260,Reduce production incidents,40,128.0,2024
6773,3260,Improve test coverage,20,127.0,2024
6774,3261,Improve test coverage,20,82.0,2024
6775,3261,Ship roadmap features,40,78.0,2024
6776,3261,Cut API latency,40,91.0,2024
6777,3262,Improve eNPS,20,85.0,2024
6778,3262,Improve eNPS,40,81.0,2024
6779,3262,Reduce time-to-hire,40,89.0,2024
6780,3262,Cut regretted attrition,25,89.0,2024
6781,3263,Ship roadmap features,50,86.0,2024
6782,3263,Improve test coverage,25,92.0,2024
6783,3263,Cut API latency,30,81.0,2024
6784,3263,Cut API latency,50,80.0,2024
6785,3264,Cut response time,25,78.0,2024
6786,3264,Reduce churn,25,81.0,2024
6787,3264,Reduce churn,30,88.0,2024
6788,3264,Cut response time,20,68.0,2024
6789,3265,Improve data quality,40,93.0,2024
6790,3265,Deliver self-serve dashboards,25,104.0,2024
6791,3266,Expand key accounts,40,95.0,2024
6792,3266,Improve win rate,20,90.0,2024
6793,3266,Improve win rate,30,89.0,2024
6794,3267,Cut regretted attrition,40,97.0,2024
6795,3267,Reduce time-to-hire,50,98.0,2024
6796,3268,Improve test coverage,30,76.0,2024
6797,3268,Ship roadmap features,20,74.0,2024
6798,3268,Improve test coverage,30,70.0,2024
6799,3269,Improve eNPS,30,95.0,2024
6800,3269,Reduce time-to-hire,50,94.0,2024
6801,3269,Reduce time-to-hire,20,88.0,2024
6802,3269,Reduce time-to-hire,50,114.0,2024
6803,3270,Improve forecast accuracy,50,81.0,2024
6804,3270,Improve forecast accuracy,30,83.0,2024
6805,3271,Grow pipeline,30,88.0,2024
6806,3271,Expand key accounts,30,85.0,2024
6807,3271,Grow pipeline,40,89.0,2024
6808,3272,Ship roadmap features,50,88.0,2024
6809,3272,Improve test coverage,25,77.0,2024
6810,3272,Cut API latency,20,96.0,2024
6811,3272,Reduce production incidents,50,85.0,2024
6812,3273,Improve NPS,30,70.0,2024
6813,3273,Increase upsell,20,95.0,2024
6814,3274,Reduce overdue invoices,20,101.0,2024
6815,3274,Improve forecast accuracy,40,83.0,2024
6816,3274,Reduce overdue invoices,30,67.0,2024
6817,3274,Improve forecast accuracy,20,95.0,2024
6818,3275,Improve CAC,40,83.0,2024
6819,3275,Grow qualified leads,40,85.0,2024
6820,3276,Reduce time-to-hire,40,75.0,2024
6821,3276,Reduce time-to-hire,40,86.0,2024
6822,3276,Reduce time-to-hire,25,54.0,2024
6823,3277,Improve retention,25,99.0,2024
6824,3277,Improve retention,30,86.0,2024
6825,3278,Automate manual workflow,20,93.0,2024
6826,3278,Improve SLA compliance,30,69.0,2024
6827,3279,Grow qualified leads,40,96.0,2024
6828,3279,Grow organic traffic,25,94.0,2024
6829,3279,Improve CAC,50,79.0,2024
6830,3279,Grow qualified leads,50,116.0,2024
6831,3280,Increase upsell,20,92.0,2024
6832,3280,Cut response time,30,60.0,2024
6833,3280,Increase upsell,20,75.0,2024
6834,3281,Cut response time,25,91.0,2024
6835,3281,Cut response time,50,121.0,2024
6836,3282,Improve forecast accuracy,50,103.0,2024
6837,3282,Improve forecast accuracy,50,104.0,2024
6838,3283,Grow qualified leads,40,92.0,2024
6839,3283,Improve CAC,50,76.0,2024
6840,3284,Redesign onboarding,50,69.0,2024
6841,3284,Improve usability score,40,79.0,2024
6842,3285,Increase activation rate,20,93.0,2024
6843,3285,Launch new module,50,86.0,2024
6844,3285,Run discovery interviews,30,101.0,2024
6845,3285,Run discovery interviews,20,77.0,2024
6846,3286,Close books faster,40,96.0,2024
6847,3286,Improve forecast accuracy,40,77.0,2024
6848,3287,Automate manual workflow,40,104.0,2024
6849,3287,Reduce process cost,40,88.0,2024
6850,3287,Reduce process cost,40,95.0,2024
6851,3288,Improve eNPS,40,82.0,2024
6852,3288,Reduce time-to-hire,30,84.0,2024
6853,3288,Reduce time-to-hire,50,80.0,2024
6854,3288,Improve eNPS,30,83.0,2024
6855,3289,Automate manual workflow,20,96.0,2024
6856,3289,Automate manual workflow,30,98.0,2024
6857,3290,Improve CAC,30,103.0,2024
6858,3290,Grow organic traffic,20,101.0,2024
6859,3291,Reduce overdue invoices,25,64.0,2024
6860,3291,Reduce overdue invoices,40,96.0,2024
6861,3291,Close books faster,20,86.0,2024
6862,3291,Close books faster,50,102.0,2024
6863,3292,Improve test coverage,20,100.0,2024
6864,3292,Improve test coverage,25,103.0,2024
6865,3292,Ship roadmap features,30,76.0,2024
6866,3293,Improve eNPS,25,89.0,2024
6867,3293,Reduce time-to-hire,25,86.0,2024
6868,3293,Reduce time-to-hire,50,92.0,2024
6869,3293,Improve eNPS,30,99.0,2024
6870,3294,Improve SLA compliance,50,80.0,2024
6871,3294,Improve SLA compliance,50,101.0,2024
6872,3294,Automate manual workflow,20,98.0,2024
6873,3294,Reduce process cost,25,82.0,2024
6874,3295,Redesign onboarding,50,110.0,2024
6875,3295,Redesign onboarding,30,96.0,2024
6876,3295,Redesign onboarding,20,97.0,2024
6877,3295,Build design system,40,111.0,2024
6878,3296,Increase activation rate,50,57.0,2024
6879,3296,Launch new module,20,84.0,2024
6880,3297,Deliver self-serve dashboards,20,102.0,2024
6881,3297,Automate reporting pipeline,40,89.0,2024
6882,3298,Improve eNPS,40,113.0,2024
6883,3298,Improve eNPS,50,76.0,2024
6884,3298,Reduce time-to-hire,20,106.0,2024
6885,3298,Cut regretted attrition,20,98.0,2024
6886,3299,Reduce churn,30,92.0,2024
6887,3299,Reduce churn,40,103.0,2024
6888,3299,Reduce churn,50,100.0,2024
6889,3299,Cut response time,20,107.0,2024
6890,3300,Improve test coverage,40,106.0,2024
6891,3300,Improve test coverage,30,114.0,2024
6892,3300,Improve test coverage,30,103.0,2024
6893,3300,Reduce production incidents,40,106.0,2024
6894,3301,Increase activation rate,30,92.0,2024
6895,3301,Launch new module,50,71.0,2024
6896,3301,Run discovery interviews,40,86.0,2024
6897,3301,Run discovery interviews,25,80.0,2024
6898,3302,Improve test coverage,25,71.0,2024
6899,3302,Reduce production incidents,30,88.0,2024
6900,3302,Improve test coverage,40,96.0,2024
6901,3302,Cut API latency,40,69.0,2024
6902,3303,Improve test coverage,50,87.0,2024
6903,3303,Cut API latency,50,77.0,2024
6904,3303,Ship roadmap features,50,99.0,2024
6905,3303,Cut API latency,25,81.0,2024
6906,3304,Reduce process cost,25,91.0,2024
6907,3304,Improve SLA compliance,40,108.0,2024
6908,3304,Improve SLA compliance,25,61.0,2024
6909,3304,Reduce process cost,25,89.0,2024
6910,3305,Reduce churn,25,94.0,2024
6911,3305,Reduce churn,50,95.0,2024
6912,3305,Reduce churn,30,91.0,2024
6913,3306,Reduce query cost,30,80.0,2024
6914,3306,Automate reporting pipeline,30,67.0,2024
6915,3306,Automate reporting pipeline,25,70.0,2024
6916,3307,Redesign onboarding,20,70.0,2024
6917,3307,Build design system,40,99.0,2024
6918,3307,Improve usability score,25,70.0,2024
6919,3308,Cut regretted attrition,50,91.0,2024
6920,3308,Improve eNPS,40,75.0,2024
6921,3309,Cut regretted attrition,20,90.0,2024
6922,3309,Cut regretted attrition,40,96.0,2024
6923,3309,Reduce time-to-hire,30,102.0,2024
6924,3309,Cut regretted attrition,20,96.0,2024
6925,3310,Reduce churn,40,109.0,2024
6926,3310,Reduce churn,25,95.0,2024
6927,3310,Increase upsell,25,111.0,2024
6928,3310,Improve NPS,40,92.0,2024
6929,3311,Improve CAC,40,80.0,2024
6930,3311,Launch campaign,25,78.0,2024
6931,3311,Grow organic traffic,25,78.0,2024
6932,3311,Grow qualified leads,20,104.0,2024
6933,3312,Improve SLA compliance,50,104.0,2024
6934,3312,Reduce process cost,25,65.0,2024
6935,3313,Reduce churn,25,75.0,2024
6936,3313,Increase upsell,40,63.0,2024
6937,3313,Reduce churn,40,81.0,2024
6938,3314,Grow pipeline,40,103.0,2024
6939,3314,Hit quarterly quota,20,104.0,2024
6940,3314,Hit quarterly quota,30,80.0,2024
6941,3314,Expand key accounts,40,98.0,2024
6942,3315,Increase activation rate,40,90.0,2024
6943,3315,Launch new module,30,77.0,2024
6944,3316,Expand key accounts,25,81.0,2024
6945,3316,Improve win rate,30,102.0,2024
6946,3316,Hit quarterly quota,30,118.0,2024
6947,3317,Improve retention,40,88.0,2024
6948,3317,Improve retention,40,73.0,2024
6949,3317,Launch new module,20,69.0,2024
6950,3318,Reduce production incidents,40,85.0,2024
6951,3318,Improve test coverage,50,101.0,2024
6952,3318,Ship roadmap features,40,81.0,2024
6953,3318,Cut API latency,25,83.0,2024
6954,3319,Cut regretted attrition,20,75.0,2024
6955,3319,Reduce time-to-hire,50,76.0,2024
6956,3319,Cut regretted attrition,50,87.0,2024
6957,3320,Launch campaign,25,97.0,2024
6958,3320,Improve CAC,20,96.0,2024
6959,3320,Grow qualified leads,30,76.0,2024
6960,3320,Launch campaign,40,80.0,2024
6961,3321,Automate manual workflow,20,84.0,2024
6962,3321,Reduce process cost,30,82.0,2024
6963,3321,Reduce process cost,20,88.0,2024
6964,3321,Automate manual workflow,50,83.0,2024
6965,3322,Deliver self-serve dashboards,20,77.0,2024
6966,3322,Automate reporting pipeline,25,63.0,2024
6967,3323,Improve test coverage,40,120.0,2024
6968,3323,Ship roadmap features,50,111.0,2024
6969,3323,Ship roadmap features,40,91.0,2024
6970,3324,Reduce process cost,25,85.0,2024
6971,3324,Reduce process cost,40,65.0,2024
6972,3325,Cut API latency,25,64.0,2024
6973,3325,Cut API latency,25,98.0,2024
6974,3326,Launch campaign,50,128.0,2024
6975,3326,Improve CAC,20,117.0,2024
6976,3327,Close books faster,25,126.0,2024
6977,3327,Improve forecast accuracy,25,101.0,2024
6978,3327,Close books faster,50,110.0,2024
6979,3327,Reduce overdue invoices,25,114.0,2024
6980,3328,Reduce churn,30,93.0,2024
6981,3328,Increase upsell,20,90.0,2024
6982,3328,Improve NPS,20,97.0,2024
6983,3328,Improve NPS,30,126.0,2024
6984,3329,Automate reporting pipeline,20,104.0,2024
6985,3329,Reduce query cost,30,83.0,2024
6986,3329,Reduce query cost,40,93.0,2024
6987,3329,Deliver self-serve dashboards,50,105.0,2024
6988,3330,Cut regretted attrition,40,92.0,2024
6989,3330,Reduce time-to-hire,50,74.0,2024
6990,3331,Grow organic traffic,50,92.0,2024
6991,3331,Grow qualified leads,25,98.0,2024
6992,3331,Improve CAC,40,84.0,2024
6993,3331,Improve CAC,25,82.0,2024
6994,3332,Improve forecast accuracy,50,94.0,2024
6995,3332,Close books faster,50,89.0,2024
6996,3332,Close books faster,30,75.0,2024
6997,3332,Improve forecast accuracy,25,103.0,2024
6998,3333,Grow pipeline,30,70.0,2024
6999,3333,Grow pipeline,20,75.0,2024
7000,3333,Grow pipeline,20,94.0,2024
7001,3333,Grow pipeline,40,87.0,2024
7002,3334,Reduce time-to-hire,40,96.0,2024
7003,3334,Reduce time-to-hire,25,97.0,2024
7004,3334,Reduce time-to-hire,50,75.0,2024
7005,3335,Increase activation rate,40,70.0,2024
7006,3335,Run discovery interviews,40,74.0,2024
7007,3335,Increase activation rate,25,78.0,2024
7008,3336,Cut response time,30,85.0,2024
7009,3336,Reduce churn,40,78.0,2024
7010,3336,Improve NPS,40,76.0,2024
7011,3336,Increase upsell,50,107.0,2024
7012,3337,Reduce time-to-hire,20,95.0,2024
7013,3337,Improve eNPS,20,95.0,2024
7014,3337,Reduce time-to-hire,50,102.0,2024
7015,3337,Reduce time-to-hire,40,70.0,2024
7016,3338,Reduce overdue invoices,20,96.0,2024
7017,3338,Close books faster,50,99.0,2024
7018,3338,Reduce overdue invoices,25,107.0,2024
7019,3339,Improve data quality,50,108.0,2024
7020,3339,Deliver self-serve dashboards,50,94.0,2024
7021,3339,Improve data quality,20,88.0,2024
7022,3340,Improve CAC,25,79.0,2024
7023,3340,Grow organic traffic,50,97.0,2024
7024,3340,Grow qualified leads,30,85.0,2024
7025,3340,Grow organic traffic,50,92.0,2024
7026,3341,Reduce time-to-hire,50,71.0,2024
7027,3341,Improve eNPS,25,97.0,2024
7028,3341,Improve eNPS,50,71.0,2024
7029,3342,Cut regretted attrition,25,86.0,2024
7030,3342,Reduce time-to-hire,25,81.0,2024
7031,3342,Reduce time-to-hire,40,91.0,2024
7032,3342,Reduce time-to-hire,30,88.0,2024
7033,3343,Improve eNPS,20,85.0,2024
7034,3343,Cut regretted attrition,20,105.0,2024
7035,3343,Improve eNPS,40,85.0,2024
7036,3343,Cut regretted attrition,25,98.0,2024
7037,3344,Improve SLA compliance,40,90.0,2024
7038,3344,Reduce process cost,50,76.0,2024
7039,3345,Redesign onboarding,50,114.0,2024
7040,3345,Build design system,40,96.0,2024
7041,3346,Close books faster,20,116.0,2024
7042,3346,Improve forecast accuracy,20,99.0,2024
7043,3346,Close books faster,50,72.0,2024
7044,3347,Improve win rate,30,84.0,2024
7045,3347,Expand key accounts,20,75.0,2024
7046,3348,Automate reporting pipeline,50,54.0,2024
7047,3348,Improve data quality,40,73.0,2024
7048,3349,Reduce process cost,50,72.0,2024
7049,3349,Reduce process cost,30,85.0,2024
7050,3350,Improve retention,40,88.0,2024
7051,3350,Launch new module,25,66.0,2024
7052,3350,Run discovery interviews,50,84.0,2024
7053,3350,Run discovery interviews,20,54.0,2024
7054,3351,Ship roadmap features,25,81.0,2024
7055,3351,Cut API latency,40,59.0,2024
7056,3351,Cut API latency,20,71.0,2024
7057,3352,Improve forecast accuracy,25,65.0,2024
7058,3352,Reduce overdue invoices,30,80.0,2024
7059,3352,Reduce overdue invoices,20,80.0,2024
7060,3352,Reduce overdue invoices,25,53.0,2024
7061,3353,Automate manual workflow,50,68.0,2024
7062,3353,Automate manual workflow,20,88.0,2024
7063,3353,Reduce process cost,30,71.0,2024
7064,3354,Deliver self-serve dashboards,20,81.0,2024
7065,3354,Reduce query cost,50,94.0,2024
7066,3354,Deliver self-serve dashboards,25,83.0,2024
7067,3355,Grow organic traffic,25,64.0,2024
7068,3355,Improve CAC,40,66.0,2024
7069,3355,Launch campaign,40,90.0,2024
7070,3356,Reduce overdue invoices,30,77.0,2024
7071,3356,Improve forecast accuracy,25,87.0,2024
7072,3357,Reduce query cost,40,95.0,2024
7073,3357,Reduce query cost,40,97.0,2024
7074,3357,Deliver self-serve dashboards,50,106.0,2024
7075,3358,Improve win rate,30,102.0,2024
7076,3358,Grow pipeline,40,98.0,2024
7077,3359,Automate manual workflow,50,69.0,2024
7078,3359,Automate manual workflow,25,111.0,2024
7079,3360,Improve win rate,30,77.0,2024
7080,3360,Grow pipeline,25,83.0,2024
7081,3360,Expand key accounts,20,80.0,2024
7082,3361,Improve data quality,30,96.0,2024
7083,3361,Deliver self-serve dashboards,30,80.0,2024
7084,3361,Automate reporting pipeline,25,95.0,2024
7085,3362,Grow organic traffic,40,101.0,2024
7086,3362,Grow qualified leads,25,52.0,2024
7087,3362,Grow qualified leads,40,51.0,2024
7088,3363,Improve data quality,50,101.0,2024
7089,3363,Deliver self-serve dashboards,50,90.0,2024
7090,3363,Automate reporting pipeline,40,95.0,2024
7091,3363,Automate reporting pipeline,20,80.0,2024
7092,3364,Run discovery interviews,40,94.0,2024
7093,3364,Launch new module,25,82.0,2024
7094,3365,Reduce process cost,20,96.0,2024
7095,3365,Improve SLA compliance,50,97.0,2024
7096,3365,Automate manual workflow,20,88.0,2024
7097,3365,Reduce process cost,25,94.0,2024
7098,3366,Improve test coverage,20,71.0,2024
7099,3366,Ship roadmap features,40,68.0,2024
7100,3366,Reduce production incidents,50,91.0,2024
7101,3367,Cut response time,30,79.0,2024
7102,3367,Increase upsell,20,94.0,2024
7103,3367,Reduce churn,50,66.0,2024
7104,3367,Cut response time,20,83.0,2024
7105,3368,Reduce query cost,20,120.0,2024
7106,3368,Reduce query cost,50,82.0,2024
7107,3368,Improve data quality,50,65.0,2024
7108,3368,Improve data quality,20,81.0,2024
7109,3369,Improve data quality,50,88.0,2024
7110,3369,Deliver self-serve dashboards,20,91.0,2024
7111,3370,Cut API latency,30,87.0,2024
7112,3370,Improve test coverage,25,83.0,2024
7113,3371,Grow qualified leads,20,78.0,2024
7114,3371,Grow organic traffic,30,92.0,2024
7115,3371,Grow organic traffic,30,60.0,2024
7116,3372,Deliver self-serve dashboards,40,82.0,2024
7117,3372,Deliver self-serve dashboards,50,82.0,2024
7118,3372,Reduce query cost,25,83.0,2024
7119,3373,Improve NPS,50,78.0,2024
7120,3373,Reduce churn,20,70.0,2024
7121,3373,Cut response time,20,97.0,2024
7122,3373,Increase upsell,40,77.0,2024
7123,3374,Build design system,30,59.0,2024
7124,3374,Build design system,25,99.0,2024
7125,3375,Cut regretted attrition,30,114.0,2024
7126,3375,Reduce time-to-hire,20,98.0,2024
7127,3375,Cut regretted attrition,40,106.0,2024
7128,3375,Reduce time-to-hire,20,105.0,2024
7129,3376,Reduce query cost,40,98.0,2024
7130,3376,Automate reporting pipeline,40,93.0,2024
7131,3376,Automate reporting pipeline,30,85.0,2024
7132,3376,Improve data quality,20,96.0,2024
7133,3377,Run discovery interviews,40,95.0,2024
7134,3377,Increase activation rate,25,74.0,2024
7135,3377,Improve retention,30,107.0,2024
7136,3378,Deliver self-serve dashboards,40,76.0,2024
7137,3378,Reduce query cost,50,48.0,2024
7138,3378,Automate reporting pipeline,50,73.0,2024
7139,3378,Automate reporting pipeline,30,46.0,2024
7140,3379,Reduce time-to-hire,40,98.0,2024
7141,3379,Cut regretted attrition,40,102.0,2024
7142,3380,Improve eNPS,30,82.0,2024
7143,3380,Improve eNPS,30,76.0,2024
7144,3380,Improve eNPS,20,81.0,2024
7145,3381,Ship roadmap features,30,75.0,2024
7146,3381,Ship roadmap features,40,79.0,2024
7147,3381,Reduce production incidents,30,80.0,2024
7148,3382,Grow pipeline,50,80.0,2024
7149,3382,Grow pipeline,30,85.0,2024
7150,3383,Cut regretted attrition,50,91.0,2024
7151,3383,Improve eNPS,50,96.0,2024
7152,3383,Improve eNPS,40,69.0,2024
7153,3383,Cut regretted attrition,20,89.0,2024
7154,3384,Reduce overdue invoices,20,72.0,2024
7155,3384,Reduce overdue invoices,40,103.0,2024
7156,3384,Improve forecast accuracy,50,66.0,2024
7157,3384,Reduce overdue invoices,20,79.0,2024
7158,3385,Increase activation rate,30,76.0,2024
7159,3385,Increase activation rate,25,66.0,2024
7160,3385,Run discovery interviews,25,89.0,2024
7161,3386,Cut regretted attrition,40,54.0,2024
7162,3386,Improve eNPS,30,76.0,2024
7163,3386,Reduce time-to-hire,25,58.0,2024
7164,3387,Cut response time,20,98.0,2024
7165,3387,Improve NPS,40,100.0,2024
7166,3387,Reduce churn,25,86.0,2024
7167,3387,Improve NPS,50,105.0,2024
7168,3388,Hit quarterly quota,50,89.0,2024
7169,3388,Improve win rate,30,99.0,2024
7170,3389,Improve SLA compliance,25,68.0,2024
7171,3389,Improve SLA compliance,25,81.0,2024
7172,3390,Deliver self-serve dashboards,30,82.0,2024
7173,3390,Reduce query cost,50,102.0,2024
7174,3390,Automate reporting pipeline,20,110.0,2024
7175,3391,Grow pipeline,30,73.0,2024
7176,3391,Expand key accounts,40,65.0,2024
7177,3391,Expand key accounts,25,97.0,2024
7178,3392,Redesign onboarding,40,67.0,2024
7179,3392,Improve usability score,25,76.0,2024
7180,3393,Increase upsell,40,116.0,2024
7181,3393,Improve NPS,40,95.0,2024
7182,3393,Reduce churn,30,102.0,2024
7183,3394,Increase activation rate,30,91.0,2024
7184,3394,Increase activation rate,25,64.0,2024
7185,3395,Build design system,40,78.0,2024
7186,3395,Build design system,40,77.0,2024
7187,3395,Build design system,50,112.0,2024
7188,3396,Launch new module,25,107.0,2024
7189,3396,Launch new module,30,103.0,2024
7190,3396,Run discovery interviews,40,81.0,2024
7191,3397,Reduce process cost,20,92.0,2024
7192,3397,Automate manual workflow,40,93.0,2024
7193,3398,Reduce process cost,30,77.0,2024
7194,3398,Reduce process cost,50,80.0,2024
7195,3398,Improve SLA compliance,25,83.0,2024
7196,3399,Deliver self-serve dashboards,30,100.0,2024
7197,3399,Deliver self-serve dashboards,20,70.0,2024
7198,3400,Improve win rate,30,104.0,2024
7199,3400,Grow pipeline,50,99.0,2024
7200,3401,Ship roadmap features,40,101.0,2024
7201,3401,Cut API latency,40,93.0,2024
7202,3401,Improve test coverage,20,69.0,2024
7203,3401,Ship roadmap features,40,104.0,2024
7204,3402,Improve eNPS,30,57.0,2024
7205,3402,Cut regretted attrition,50,61.0,2024
7206,3402,Improve eNPS,50,58.0,2024
7207,3403,Reduce query cost,50,82.0,2024
7208,3403,Automate reporting pipeline,50,103.0,2024
7209,3403,Reduce query cost,50,86.0,2024
7210,3403,Reduce query cost,25,93.0,2024
7211,3404,Reduce production incidents,30,117.0,2024
7212,3404,Reduce production incidents,50,114.0,2024
7213,3404,Ship roadmap features,30,106.0,2024
7214,3404,Reduce production incidents,50,99.0,2024
7215,3405,Reduce overdue invoices,20,75.0,2024
7216,3405,Reduce overdue invoices,30,86.0,2024
7217,3405,Improve forecast accuracy,30,105.0,2024
7218,3406,Improve forecast accuracy,25,87.0,2024
7219,3406,Improve forecast accuracy,20,113.0,2024
7220,3406,Improve forecast accuracy,25,93.0,2024
7221,3407,Launch campaign,30,102.0,2024
7222,3407,Launch campaign,25,99.0,2024
7223,3407,Grow organic traffic,50,118.0,2024
7224,3408,Automate reporting pipeline,20,100.0,2024
7225,3408,Deliver self-serve dashboards,30,93.0,2024
7226,3408,Reduce query cost,25,93.0,2024
7227,3409,Cut API latency,30,107.0,2024
7228,3409,Reduce production incidents,40,115.0,2024
7229,3409,Improve test coverage,20,94.0,2024
7230,3409,Ship roadmap features,50,109.0,2024
7231,3410,Increase upsell,40,77.0,2024
7232,3410,Reduce churn,25,81.0,2024
7233,3411,Improve CAC,50,68.0,2024
7234,3411,Grow qualified leads,25,81.0,2024
7235,3411,Launch campaign,40,66.0,2024
7236,3412,Grow qualified leads,20,104.0,2024
7237,3412,Launch campaign,50,95.0,2024
7238,3412,Grow organic traffic,40,79.0,2024
7239,3412,Grow organic traffic,20,85.0,2024
7240,3413,Cut response time,30,99.0,2024
7241,3413,Reduce churn,20,103.0,2024
7242,3413,Improve NPS,50,95.0,2024
7243,3413,Improve NPS,50,121.0,2024
7244,3414,Improve NPS,30,71.0,2024
7245,3414,Cut response time,40,68.0,2024
7246,3414,Cut response time,30,49.0,2024
7247,3414,Cut response time,25,62.0,2024
7248,3415,Cut response time,40,130.0,2024
7249,3415,Reduce churn,50,94.0,2024
7250,3416,Improve SLA compliance,40,111.0,2024
7251,3416,Reduce process cost,40,95.0,2024
7252,3416,Automate manual workflow,50,99.0,2024
7253,3417,Redesign onboarding,40,92.0,2024
7254,3417,Redesign onboarding,25,86.0,2024
7255,3417,Improve usability score,40,104.0,2024
7256,3418,Improve usability score,20,103.0,2024
7257,3418,Redesign onboarding,20,98.0,2024
7258,3419,Improve data quality,40,106.0,2024
7259,3419,Improve data quality,30,125.0,2024
7260,3420,Cut response time,30,85.0,2024
7261,3420,Reduce churn,50,83.0,2024
7262,3420,Increase upsell,40,82.0,2024
7263,3420,Cut response time,30,96.0,2024
7264,3421,Expand key accounts,40,99.0,2024
7265,3421,Hit quarterly quota,30,109.0,2024
7266,3421,Grow pipeline,40,106.0,2024
7267,3422,Improve win rate,25,96.0,2024
7268,3422,Improve win rate,50,85.0,2024
7269,3422,Improve win rate,30,85.0,2024
7270,3423,Launch new module,20,88.0,2024
7271,3423,Run discovery interviews,40,94.0,2024
7272,3424,Reduce production incidents,50,74.0,2024
7273,3424,Reduce production incidents,20,90.0,2024
7274,3425,Grow pipeline,50,77.0,2024
7275,3425,Grow pipeline,30,82.0,2024
7276,3425,Grow pipeline,50,78.0,2024
7277,3425,Hit quarterly quota,20,69.0,2024
7278,3426,Improve NPS,20,73.0,2024
7279,3426,Increase upsell,25,72.0,2024
7280,3426,Cut response time,30,122.0,2024
7281,3426,Reduce churn,30,125.0,2024
7282,3427,Improve win rate,40,82.0,2024
7283,3427,Expand key accounts,50,64.0,2024
7284,3427,Expand key accounts,50,103.0,2024
7285,3427,Hit quarterly quota,20,70.0,2024
7286,3428,Automate manual workflow,25,114.0,2024
7287,3428,Improve SLA compliance,25,100.0,2024
7288,3429,Improve eNPS,25,87.0,2024
7289,3429,Improve eNPS,20,104.0,2024
7290,3430,Automate reporting pipeline,30,105.0,2024
7291,3430,Reduce query cost,30,83.0,2024
7292,3430,Deliver self-serve dashboards,25,93.0,2024
7293,3431,Expand key accounts,50,113.0,2024
7294,3431,Expand key accounts,20,117.0,2024
7295,3431,Grow pipeline,40,94.0,2024
7296,3432,Reduce overdue invoices,50,72.0,2024
7297,3432,Reduce overdue invoices,25,68.0,2024
7298,3432,Close books faster,25,88.0,2024
7299,3433,Improve retention,40,100.0,2024
7300,3433,Improve retention,25,96.0,2024
7301,3434,Improve SLA compliance,50,70.0,2024
7302,3434,Reduce process cost,30,91.0,2024
7303,3435,Reduce query cost,40,71.0,2024
7304,3435,Reduce query cost,20,70.0,2024
7305,3435,Reduce query cost,25,68.0,2024
7306,3436,Increase upsell,20,111.0,2024
7307,3436,Cut response time,30,97.0,2024
7308,3436,Reduce churn,20,107.0,2024
7309,3436,Improve NPS,20,98.0,2024
7310,3437,Improve eNPS,20,95.0,2024
7311,3437,Cut regretted attrition,40,103.0,2024
7312,3437,Reduce time-to-hire,25,111.0,2024
7313,3437,Cut regretted attrition,40,114.0,2024
7314,3438,Improve NPS,25,113.0,2024
7315,3438,Increase upsell,40,96.0,2024
7316,3438,Increase upsell,30,101.0,2024
7317,3439,Improve eNPS,20,84.0,2024
7318,3439,Reduce time-to-hire,20,86.0,2024
7319,3439,Reduce time-to-hire,50,105.0,2024
7320,3440,Cut regretted attrition,40,81.0,2024
7321,3440,Improve eNPS,25,94.0,2024
7322,3440,Improve eNPS,30,66.0,2024
7323,3441,Reduce churn,20,62.0,2024
7324,3441,Improve NPS,50,67.0,2024
7325,3441,Reduce churn,30,75.0,2024
7326,3442,Reduce time-to-hire,30,53.0,2024
7327,3442,Reduce time-to-hire,30,96.0,2024
7328,3442,Cut regretted attrition,30,102.0,2024
7329,3442,Reduce time-to-hire,30,117.0,2024
7330,3443,Improve usability score,40,77.0,2024
7331,3443,Redesign onboarding,50,94.0,2024
7332,3443,Improve usability score,40,99.0,2024
7333,3443,Improve usability score,20,107.0,2024
7334,3444,Hit quarterly quota,25,84.0,2024
7335,3444,Improve win rate,40,92.0,2024
7336,3444,Improve win rate,20,76.0,2024
7337,3445,Improve test coverage,20,99.0,2024
7338,3445,Cut API latency,30,92.0,2024
7339,3446,Improve SLA compliance,50,113.0,2024
7340,3446,Automate manual workflow,30,77.0,2024
7341,3446,Improve SLA compliance,30,97.0,2024
7342,3446,Automate manual workflow,50,89.0,2024
7343,3447,Improve test coverage,20,88.0,2024
7344,3447,Improve test coverage,30,75.0,2024
7345,3448,Cut response time,30,96.0,2024
7346,3448,Reduce churn,25,76.0,2024
7347,3448,Reduce churn,40,91.0,2024
7348,3449,Redesign onboarding,40,100.0,2024
7349,3449,Redesign onboarding,20,97.0,2024
7350,3449,Improve usability score,30,86.0,2024
7351,3449,Improve usability score,40,93.0,2024
7352,3450,Expand key accounts,25,94.0,2024
7353,3450,Improve win rate,25,88.0,2024
7354,3451,Improve CAC,20,102.0,2024
7355,3451,Launch campaign,50,78.0,2024
7356,3452,Expand key accounts,30,81.0,2024
7357,3452,Grow pipeline,50,91.0,2024
7358,3452,Improve win rate,30,92.0,2024
7359,3453,Automate reporting pipeline,30,99.0,2024
7360,3453,Deliver self-serve dashboards,20,88.0,2024
7361,3454,Improve CAC,25,77.0,2024
7362,3454,Grow qualified leads,50,100.0,2024
7363,3455,Close books faster,40,74.0,2024
7364,3455,Reduce overdue invoices,40,94.0,2024
7365,3455,Close books faster,20,80.0,2024
7366,3456,Reduce overdue invoices,25,72.0,2024
7367,3456,Reduce overdue invoices,20,54.0,2024
7368,3456,Close books faster,25,70.0,2024
7369,3457,Grow pipeline,25,75.0,2024
7370,3457,Grow pipeline,40,81.0,2024
7371,3457,Grow pipeline,20,118.0,2024
7372,3458,Improve test coverage,30,94.0,2024
7373,3458,Improve test coverage,40,63.0,2024
7374,3458,Ship roadmap features,50,74.0,2024
7375,3459,Automate manual workflow,40,105.0,2024
7376,3459,Reduce process cost,40,83.0,2024
7377,3459,Reduce process cost,40,73.0,2024
7378,3460,Improve CAC,25,109.0,2024
7379,3460,Improve CAC,50,106.0,2024
7380,3460,Launch campaign,25,101.0,2024
7381,3460,Grow qualified leads,20,107.0,2024
7382,3461,Improve usability score,30,90.0,2024
7383,3461,Redesign onboarding,50,89.0,2024
7384,3461,Improve usability score,50,72.0,2024
7385,3461,Build design system,40,58.0,2024
7386,3462,Grow organic traffic,50,94.0,2024
7387,3462,Improve CAC,50,74.0,2024
7388,3462,Grow qualified leads,50,67.0,2024
7389,3462,Launch campaign,40,68.0,2024
7390,3463,Improve NPS,50,87.0,2024
7391,3463,Cut response time,50,92.0,2024
7392,3464,Redesign onboarding,20,74.0,2024
7393,3464,Improve usability score,50,81.0,2024
7394,3465,Grow organic traffic,30,105.0,2024
7395,3465,Launch campaign,40,85.0,2024
7396,3465,Grow qualified leads,40,85.0,2024
7397,3465,Launch campaign,30,73.0,2024
7398,3466,Grow pipeline,30,91.0,2024
7399,3466,Expand key accounts,40,78.0,2024
7400,3466,Hit quarterly quota,25,90.0,2024
7401,3467,Improve forecast accuracy,20,109.0,2024
7402,3467,Reduce overdue invoices,50,83.0,2024
7403,3468,Improve retention,50,85.0,2024
7404,3468,Run discovery interviews,30,101.0,2024
7405,3468,Increase activation rate,50,107.0,2024
7406,3469,Redesign onboarding,25,92.0,2024
7407,3469,Redesign onboarding,40,88.0,2024
7408,3469,Build design system,25,89.0,2024
7409,3469,Redesign onboarding,30,98.0,2024
7410,3470,Reduce churn,40,68.0,2024
7411,3470,Increase upsell,25,101.0,2024
7412,3470,Reduce churn,40,99.0,2024
7413,3471,Automate manual workflow,30,91.0,2024
7414,3471,Reduce process cost,40,95.0,2024
7415,3471,Improve SLA compliance,50,89.0,2024
7416,3472,Reduce time-to-hire,25,90.0,2024
7417,3472,Improve eNPS,30,85.0,2024
7418,3473,Automate reporting pipeline,40,90.0,2024
7419,3473,Improve data quality,20,106.0,2024
7420,3473,Reduce query cost,20,92.0,2024
7421,3474,Cut regretted attrition,50,67.0,2024
7422,3474,Cut regretted attrition,20,87.0,2024
7423,3474,Reduce time-to-hire,20,100.0,2024
7424,3474,Reduce time-to-hire,20,88.0,2024
7425,3475,Improve forecast accuracy,40,90.0,2024
7426,3475,Close books faster,50,116.0,2024
7427,3476,Reduce production incidents,40,75.0,2024
7428,3476,Improve test coverage,25,91.0,2024
7429,3476,Cut API latency,20,63.0,2024
7430,3476,Cut API latency,40,80.0,2024
7431,3477,Reduce query cost,30,107.0,2024
7432,3477,Reduce query cost,20,116.0,2024
7433,3477,Automate reporting pipeline,40,85.0,2024
7434,3477,Improve data quality,30,102.0,2024
7435,3478,Grow organic traffic,30,92.0,2024
7436,3478,Grow organic traffic,30,92.0,2024
7437,3479,Reduce production incidents,50,96.0,2024
7438,3479,Ship roadmap features,20,107.0,2024
7439,3480,Launch new module,20,96.0,2024
7440,3480,Increase activation rate,20,121.0,2024
7441,3480,Run discovery interviews,20,98.0,2024
7442,3480,Launch new module,25,117.0,2024
7443,3481,Improve retention,25,96.0,2024
7444,3481,Increase activation rate,20,83.0,2024
7445,3482,Improve retention,20,97.0,2024
7446,3482,Run discovery interviews,40,104.0,2024
7447,3482,Improve retention,25,96.0,2024
7448,3483,Run discovery interviews,20,77.0,2024
7449,3483,Improve retention,25,90.0,2024
7450,3484,Cut regretted attrition,25,76.0,2024
7451,3484,Reduce time-to-hire,40,111.0,2024
7452,3484,Improve eNPS,25,85.0,2024
7453,3484,Reduce time-to-hire,25,85.0,2024
7454,3485,Reduce process cost,30,87.0,2024
7455,3485,Reduce process cost,40,96.0,2024
7456,3485,Improve SLA compliance,20,104.0,2024
7457,3486,Redesign onboarding,40,89.0,2024
7458,3486,Redesign onboarding,40,94.0,2024
7459,3486,Build design system,25,83.0,2024
7460,3487,Grow organic traffic,50,99.0,2024
7461,3487,Improve CAC,20,99.0,2024
7462,3487,Launch campaign,20,80.0,2024
7463,3488,Improve SLA compliance,20,81.0,2024
7464,3488,Improve SLA compliance,40,101.0,2024
7465,3488,Improve SLA compliance,50,107.0,2024
7466,3488,Improve SLA compliance,50,100.0,2024
7467,3489,Improve test coverage,40,83.0,2024
7468,3489,Reduce production incidents,20,81.0,2024
7469,3489,Reduce production incidents,40,74.0,2024
7470,3489,Reduce production incidents,30,87.0,2024
7471,3490,Deliver self-serve dashboards,40,89.0,2024
7472,3490,Reduce query cost,30,93.0,2024
7473,3490,Deliver self-serve dashboards,40,86.0,2024
7474,3491,Reduce process cost,50,72.0,2024
7475,3491,Improve SLA compliance,25,86.0,2024
7476,3491,Automate manual workflow,25,80.0,2024
7477,3492,Cut API latency,30,105.0,2024
7478,3492,Improve test coverage,40,90.0,2024
7479,3492,Reduce production incidents,20,97.0,2024
7480,3493,Improve data quality,40,87.0,2024
7481,3493,Deliver self-serve dashboards,50,93.0,2024
7482,3493,Reduce query cost,30,100.0,2024
7483,3493,Improve data quality,25,97.0,2024
7484,3494,Reduce churn,30,63.0,2024
7485,3494,Increase upsell,25,77.0,2024
7486,3495,Improve forecast accuracy,25,89.0,2024
7487,3495,Close books faster,30,116.0,2024
7488,3496,Improve usability score,25,86.0,2024
7489,3496,Redesign onboarding,40,83.0,2024
7490,3496,Redesign onboarding,20,80.0,2024
7491,3496,Redesign onboarding,25,95.0,2024
7492,3497,Cut response time,30,77.0,2024
7493,3497,Increase upsell,30,70.0,2024
7494,3497,Cut response time,30,93.0,2024
7495,3498,Cut response time,30,120.0,2024
7496,3498,Reduce churn,40,94.0,2024
7497,3499,Improve usability score,25,99.0,2024
7498,3499,Build design system,20,108.0,2024
7499,3500,Improve eNPS,25,95.0,2024
7500,3500,Cut regretted attrition,25,55.0,2024
7501,3501,Close books faster,30,93.0,2024
7502,3501,Reduce overdue invoices,25,80.0,2024
7503,3502,Expand key accounts,25,85.0,2024
7504,3502,Expand key accounts,25,100.0,2024
7505,3503,Launch new module,20,90.0,2024
7506,3503,Increase activation rate,30,89.0,2024
7507,3503,Increase activation rate,50,78.0,2024
7508,3503,Run discovery interviews,20,77.0,2024
7509,3504,Ship roadmap features,30,103.0,2024
7510,3504,Reduce production incidents,30,94.0,2024
7511,3505,Ship roadmap features,20,81.0,2024
7512,3505,Cut API latency,30,106.0,2024
7513,3505,Cut API latency,40,72.0,2024
7514,3506,Increase activation rate,20,83.0,2024
7515,3506,Launch new module,40,91.0,2024
7516,3507,Cut API latency,50,89.0,2024
7517,3507,Reduce production incidents,20,109.0,2024
7518,3508,Increase activation rate,40,98.0,2024
7519,3508,Run discovery interviews,40,74.0,2024
7520,3508,Launch new module,30,80.0,2024
7521,3508,Launch new module,20,79.0,2024
7522,3509,Improve SLA compliance,40,66.0,2024
7523,3509,Reduce process cost,25,83.0,2024
7524,3509,Automate manual workflow,40,88.0,2024
7525,3510,Increase activation rate,20,41.0,2024
7526,3510,Run discovery interviews,20,82.0,2024
7527,3511,Automate manual workflow,40,91.0,2024
7528,3511,Automate manual workflow,40,85.0,2024
7529,3511,Reduce process cost,40,95.0,2024
7530,3512,Improve retention,20,97.0,2024
7531,3512,Improve retention,40,88.0,2024
7532,3512,Launch new module,30,72.0,2024
7533,3512,Improve retention,40,81.0,2024
7534,3513,Cut regretted attrition,30,73.0,2024
7535,3513,Reduce time-to-hire,40,69.0,2024
7536,3513,Improve eNPS,25,64.0,2024
7537,3513,Improve eNPS,25,89.0,2024
7538,3514,Cut API latency,40,71.0,2024
7539,3514,Cut API latency,50,68.0,2024
7540,3514,Cut API latency,40,96.0,2024
7541,3515,Launch campaign,20,79.0,2024
7542,3515,Grow organic traffic,40,78.0,2024
7543,3516,Redesign onboarding,25,82.0,2024
7544,3516,Improve usability score,25,95.0,2024
7545,3517,Expand key accounts,20,89.0,2024
7546,3517,Hit quarterly quota,30,92.0,2024
7547,3517,Hit quarterly quota,50,96.0,2024
7548,3517,Improve win rate,20,110.0,2024
7549,3518,Improve forecast accuracy,20,103.0,2024
7550,3518,Improve forecast accuracy,20,84.0,2024
7551,3518,Reduce overdue invoices,50,98.0,2024
7552,3518,Improve forecast accuracy,25,76.0,2024
7553,3519,Redesign onboarding,20,88.0,2024
7554,3519,Improve usability score,30,66.0,2024
7555,3520,Grow organic traffic,25,114.0,2024
7556,3520,Launch campaign,50,95.0,2024
7557,3520,Grow organic traffic,20,107.0,2024
7558,3521,Reduce churn,30,88.0,2024
7559,3521,Increase upsell,25,87.0,2024
7560,3521,Improve NPS,50,84.0,2024
7561,3521,Increase upsell,20,76.0,2024
7562,3522,Close books faster,50,93.0,2024
7563,3522,Reduce overdue invoices,20,95.0,2024
7564,3522,Improve forecast accuracy,25,100.0,2024
7565,3523,Automate reporting pipeline,30,116.0,2024
7566,3523,Reduce query cost,40,103.0,2024
7567,3523,Automate reporting pipeline,25,109.0,2024
7568,3523,Automate reporting pipeline,50,109.0,2024
7569,3524,Improve SLA compliance,30,84.0,2024
7570,3524,Improve SLA compliance,50,79.0,2024
7571,3524,Improve SLA compliance,30,63.0,2024
7572,3524,Improve SLA compliance,30,94.0,2024
7573,3525,Improve SLA compliance,40,107.0,2024
7574,3525,Improve SLA compliance,30,108.0,2024
7575,3525,Reduce process cost,50,95.0,2024
7576,3525,Improve SLA compliance,50,108.0,2024
7577,3526,Grow organic traffic,50,109.0,2024
7578,3526,Improve CAC,30,87.0,2024
7579,3526,Grow organic traffic,25,90.0,2024
7580,3527,Increase upsell,20,101.0,2024
7581,3527,Cut response time,40,112.0,2024
7582,3527,Cut response time,25,97.0,2024
7583,3528,Expand key accounts,30,90.0,2024
7584,3528,Grow pipeline,20,64.0,2024
7585,3529,Cut response time,30,81.0,2024
7586,3529,Cut response time,30,87.0,2024
7587,3529,Improve NPS,50,82.0,2024
7588,3529,Improve NPS,25,92.0,2024
7589,3530,Improve usability score,25,92.0,2024
7590,3530,Improve usability score,30,102.0,2024
7591,3530,Improve usability score,40,93.0,2024
7592,3531,Improve usability score,25,85.0,2024
7593,3531,Improve usability score,30,88.0,2024
7594,3532,Cut response time,25,118.0,2024
7595,3532,Reduce churn,50,106.0,2024
7596,3533,Increase upsell,30,83.0,2024
7597,3533,Improve NPS,40,110.0,2024
7598,3533,Improve NPS,40,99.0,2024
7599,3534,Grow pipeline,25,100.0,2024
7600,3534,Hit quarterly quota,25,80.0,2024
7601,3534,Improve win rate,50,73.0,2024
7602,3535,Launch new module,50,95.0,2024
7603,3535,Run discovery interviews,40,125.0,2024
7604,3536,Improve data quality,30,92.0,2024
7605,3536,Automate reporting pipeline,30,60.0,2024
7606,3536,Automate reporting pipeline,50,104.0,2024
7607,3537,Improve usability score,30,111.0,2024
7608,3537,Build design system,40,100.0,2024
7609,3537,Build design system,30,100.0,2024
7610,3538,Ship roadmap features,25,87.0,2024
7611,3538,Improve test coverage,40,71.0,2024
7612,3538,Cut API latency,50,109.0,2024
7613,3538,Improve test coverage,20,97.0,2024
7614,3539,Reduce overdue invoices,25,67.0,2024
7615,3539,Close books faster,40,77.0,2024
7616,3539,Improve forecast accuracy,20,82.0,2024
7617,3540,Redesign onboarding,25,88.0,2024
7618,3540,Build design system,25,109.0,2024
7619,3540,Improve usability score,50,100.0,2024
7620,3541,Improve test coverage,30,80.0,2024
7621,3541,Cut API latency,20,64.0,2024
7622,3541,Improve test coverage,20,71.0,2024
7623,3542,Reduce production incidents,30,92.0,2024
7624,3542,Cut API latency,30,89.0,2024
7625,3542,Improve test coverage,50,98.0,2024
7626,3542,Reduce production incidents,40,66.0,2024
7627,3543,Reduce query cost,30,71.0,2024
7628,3543,Reduce query cost,50,59.0,2024
7629,3543,Deliver self-serve dashboards,20,71.0,2024
7630,3544,Improve usability score,25,88.0,2024
7631,3544,Redesign onboarding,25,90.0,2024
7632,3545,Reduce query cost,20,113.0,2024
7633,3545,Reduce query cost,50,85.0,2024
7634,3545,Improve data quality,25,75.0,2024
7635,3546,Deliver self-serve dashboards,50,70.0,2024
7636,3546,Improve data quality,25,70.0,2024
7637,3546,Deliver self-serve dashboards,30,71.0,2024
7638,3547,Reduce process cost,50,120.0,2024
7639,3547,Automate manual workflow,20,90.0,2024
7640,3548,Grow qualified leads,25,78.0,2024
7641,3548,Launch campaign,25,73.0,2024
7642,3548,Launch campaign,20,65.0,2024
7643,3549,Cut API latency,30,83.0,2024
7644,3549,Improve test coverage,40,90.0,2024
7645,3549,Reduce production incidents,30,92.0,2024
7646,3550,Reduce time-to-hire,50,101.0,2024
7647,3550,Cut regretted attrition,20,108.0,2024
7648,3551,Reduce production incidents,30,77.0,2024
7649,3551,Cut API latency,25,94.0,2024
7650,3552,Reduce production incidents,25,91.0,2024
7651,3552,Ship roadmap features,30,97.0,2024
7652,3552,Improve test coverage,30,70.0,2024
7653,3552,Reduce production incidents,20,46.0,2024
7654,3553,Expand key accounts,40,82.0,2024
7655,3553,Hit quarterly quota,25,70.0,2024
7656,3554,Reduce process cost,20,76.0,2024
7657,3554,Reduce process cost,40,71.0,2024
7658,3554,Automate manual workflow,50,73.0,2024
7659,3555,Grow pipeline,50,72.0,2024
7660,3555,Hit quarterly quota,50,91.0,2024
7661,3555,Hit quarterly quota,40,76.0,2024
7662,3556,Launch campaign,40,87.0,2024
7663,3556,Launch campaign,20,86.0,2024
7664,3556,Grow qualified leads,25,106.0,2024
7665,3557,Improve usability score,50,102.0,2024
7666,3557,Improve usability score,25,77.0,2024
7667,3558,Reduce churn,40,102.0,2024
7668,3558,Increase upsell,20,130.0,2024
7669,3559,Expand key accounts,30,92.0,2024
7670,3559,Improve win rate,20,89.0,2024
7671,3559,Grow pipeline,50,82.0,2024
7672,3559,Grow pipeline,40,108.0,2024
7673,3560,Reduce process cost,30,62.0,2024
7674,3560,Improve SLA compliance,40,89.0,2024
7675,3560,Automate manual workflow,30,84.0,2024
7676,3561,Improve forecast accuracy,25,117.0,2024
7677,3561,Reduce overdue invoices,20,95.0,2024
7678,3561,Close books faster,25,91.0,2024
7679,3561,Reduce overdue invoices,40,92.0,2024
7680,3562,Reduce query cost,25,104.0,2024
7681,3562,Reduce query cost,20,112.0,2024
7682,3562,Automate reporting pipeline,50,111.0,2024
7683,3563,Build design system,50,69.0,2024
7684,3563,Improve usability score,20,109.0,2024
7685,3564,Reduce time-to-hire,50,114.0,2024
7686,3564,Cut regretted attrition,50,114.0,2024
7687,3564,Reduce time-to-hire,20,107.0,2024
7688,3564,Cut regretted attrition,25,108.0,2024
7689,3565,Redesign onboarding,30,67.0,2024
7690,3565,Redesign onboarding,40,88.0,2024
7691,3566,Reduce time-to-hire,50,78.0,2024
7692,3566,Improve eNPS,50,87.0,2024
7693,3566,Cut regretted attrition,40,86.0,2024
7694,3566,Cut regretted attrition,25,109.0,2024
7695,3567,Improve NPS,20,91.0,2024
7696,3567,Improve NPS,20,82.0,2024
7697,3567,Cut response time,20,98.0,2024
7698,3567,Reduce churn,50,110.0,2024
7699,3568,Improve forecast accuracy,50,67.0,2024
7700,3568,Reduce overdue invoices,25,78.0,2024
7701,3569,Close books faster,50,88.0,2024
7702,3569,Improve forecast accuracy,40,83.0,2024
7703,3570,Improve eNPS,25,99.0,2024
7704,3570,Reduce time-to-hire,30,107.0,2024
7705,3570,Improve eNPS,20,99.0,2024
7706,3570,Improve eNPS,20,64.0,2024
7707,3571,Increase activation rate,40,79.0,2024
7708,3571,Increase activation rate,25,96.0,2024
7709,3571,Run discovery interviews,25,101.0,2024
7710,3571,Launch new module,50,86.0,2024
7711,3572,Redesign onboarding,50,102.0,2024
7712,3572,Build design system,25,85.0,2024
7713,3572,Build design system,50,90.0,2024
7714,3573,Build design system,50,94.0,2024
7715,3573,Redesign onboarding,40,83.0,2024
7716,3574,Reduce query cost,30,68.0,2024
7717,3574,Deliver self-serve dashboards,30,111.0,2024
7718,3575,Close books faster,20,89.0,2024
7719,3575,Reduce overdue invoices,25,82.0,2024
7720,3575,Reduce overdue invoices,25,98.0,2024
7721,3575,Close books faster,30,82.0,2024
7722,3576,Reduce overdue invoices,50,110.0,2024
7723,3576,Improve forecast accuracy,40,100.0,2024
7724,3576,Close books faster,50,93.0,2024
7725,3577,Improve CAC,30,108.0,2024
7726,3577,Grow organic traffic,25,96.0,2024
7727,3577,Grow qualified leads,40,107.0,2024
7728,3577,Grow qualified leads,50,112.0,2024
7729,3578,Increase upsell,30,83.0,2024
7730,3578,Cut response time,30,73.0,2024
7731,3579,Close books faster,25,81.0,2024
7732,3579,Reduce overdue invoices,40,91.0,2024
7733,3580,Improve retention,50,97.0,2024
7734,3580,Increase activation rate,50,92.0,2024
7735,3581,Hit quarterly quota,40,91.0,2024
7736,3581,Expand key accounts,50,112.0,2024
7737,3581,Improve win rate,25,112.0,2024
7738,3582,Reduce churn,25,82.0,2024
7739,3582,Cut response time,50,72.0,2024
7740,3582,Reduce churn,30,91.0,2024
7741,3582,Increase upsell,30,82.0,2024
7742,3583,Increase activation rate,20,118.0,2024
7743,3583,Increase activation rate,40,107.0,2024
7744,3583,Launch new module,50,100.0,2024
7745,3583,Improve retention,30,90.0,2024
7746,3584,Reduce process cost,50,82.0,2024
7747,3584,Automate manual workflow,40,64.0,2024
7748,3584,Reduce process cost,50,74.0,2024
7749,3584,Reduce process cost,20,61.0,2024
7750,3585,Improve NPS,40,88.0,2024
7751,3585,Improve NPS,50,98.0,2024
7752,3586,Reduce process cost,30,101.0,2024
7753,3586,Automate manual workflow,50,108.0,2024
7754,3586,Improve SLA compliance,40,130.0,2024
7755,3586,Automate manual workflow,25,100.0,2024
7756,3587,Automate reporting pipeline,50,77.0,2024
7757,3587,Automate reporting pipeline,30,86.0,2024
7758,3588,Reduce time-to-hire,20,87.0,2024
7759,3588,Cut regretted attrition,40,68.0,2024
7760,3588,Improve eNPS,25,76.0,2024
7761,3589,Improve usability score,30,102.0,2024
7762,3589,Build design system,30,104.0,2024
7763,3589,Improve usability score,25,97.0,2024
7764,3589,Improve usability score,50,96.0,2024
7765,3590,Improve win rate,30,104.0,2024
7766,3590,Improve win rate,40,112.0,2024
7767,3591,Reduce time-to-hire,50,88.0,2024
7768,3591,Improve eNPS,40,80.0,2024
7769,3591,Cut regretted attrition,20,99.0,2024
7770,3591,Reduce time-to-hire,20,86.0,2024
7771,3592,Grow qualified leads,25,85.0,2024
7772,3592,Improve CAC,40,85.0,2024
7773,3592,Improve CAC,30,94.0,2024
7774,3593,Launch new module,30,81.0,2024
7775,3593,Improve retention,40,93.0,2024
7776,3593,Increase activation rate,20,108.0,2024
7777,3593,Launch new module,30,100.0,2024
7778,3594,Hit quarterly quota,40,88.0,2024
7779,3594,Expand key accounts,25,71.0,2024
7780,3595,Improve test coverage,40,68.0,2024
7781,3595,Reduce production incidents,50,90.0,2024
7782,3595,Improve test coverage,40,63.0,2024
7783,3596,Improve forecast accuracy,25,85.0,2024
7784,3596,Improve forecast accuracy,50,98.0,2024
7785,3596,Improve forecast accuracy,40,63.0,2024
7786,3596,Improve forecast accuracy,40,78.0,2024
7787,3597,Improve CAC,20,88.0,2024
7788,3597,Improve CAC,30,84.0,2024
7789,3597,Grow organic traffic,25,91.0,2024
7790,3598,Improve usability score,50,89.0,2024
7791,3598,Redesign onboarding,50,111.0,2024
7792,3598,Redesign onboarding,20,96.0,2024
7793,3598,Redesign onboarding,40,106.0,2024
7794,3599,Improve eNPS,40,77.0,2024
7795,3599,Improve eNPS,20,92.0,2024
7796,3600,Hit quarterly quota,30,94.0,2024
7797,3600,Grow pipeline,20,127.0,2024
7798,3600,Grow pipeline,25,102.0,2024
7799,3600,Grow pipeline,20,104.0,2024
7800,3601,Automate manual workflow,40,68.0,2024
7801,3601,Reduce process cost,40,65.0,2024
7802,3601,Improve SLA compliance,25,79.0,2024
7803,3602,Improve data quality,50,85.0,2024
7804,3602,Reduce query cost,40,110.0,2024
7805,3602,Deliver self-serve dashboards,40,97.0,2024
7806,3603,Deliver self-serve dashboards,30,91.0,2024
7807,3603,Improve data quality,30,59.0,2024
7808,3603,Reduce query cost,50,85.0,2024
7809,3604,Cut response time,50,64.0,2024
7810,3604,Increase upsell,20,93.0,2024
7811,3604,Cut response time,40,62.0,2024
7812,3605,Expand key accounts,50,75.0,2024
7813,3605,Grow pipeline,40,90.0,2024
7814,3605,Improve win rate,50,84.0,2024
7815,3606,Reduce churn,25,80.0,2024
7816,3606,Reduce churn,20,68.0,2024
7817,3606,Reduce churn,25,81.0,2024
7818,3607,Deliver self-serve dashboards,30,67.0,2024
7819,3607,Reduce query cost,30,94.0,2024
7820,3607,Deliver self-serve dashboards,25,95.0,2024
7821,3608,Improve eNPS,40,77.0,2024
7822,3608,Cut regretted attrition,50,93.0,2024
7823,3609,Reduce time-to-hire,50,101.0,2024
7824,3609,Improve eNPS,50,102.0,2024
7825,3609,Improve eNPS,30,100.0,2024
7826,3610,Close books faster,30,110.0,2024
7827,3610,Close books faster,30,87.0,2024
7828,3610,Improve forecast accuracy,20,82.0,2024
7829,3611,Reduce query cost,25,91.0,2024
7830,3611,Improve data quality,40,100.0,2024
7831,3611,Automate reporting pipeline,40,81.0,2024
7832,3612,Improve forecast accuracy,20,85.0,2024
7833,3612,Close books faster,50,70.0,2024
7834,3612,Close books faster,50,62.0,2024
7835,3612,Improve forecast accuracy,20,57.0,2024
7836,3613,Grow organic traffic,30,100.0,2024
7837,3613,Launch campaign,30,108.0,2024
7838,3614,Improve eNPS,25,91.0,2024
7839,3614,Reduce time-to-hire,50,88.0,2024
7840,3614,Cut regretted attrition,20,83.0,2024
7841,3614,Cut regretted attrition,25,85.0,2024
7842,3615,Automate manual workflow,25,101.0,2024
7843,3615,Reduce process cost,20,98.0,2024
7844,3616,Cut response time,40,90.0,2024
7845,3616,Reduce churn,20,91.0,2024
7846,3616,Reduce churn,20,83.0,2024
7847,3616,Cut response time,40,71.0,2024
7848,3617,Cut response time,30,65.0,2024
7849,3617,Improve NPS,40,74.0,2024
7850,3617,Reduce churn,30,56.0,2024
7851,3617,Reduce churn,50,80.0,2024
7852,3618,Improve eNPS,50,100.0,2024
7853,3618,Reduce time-to-hire,40,94.0,2024
7854,3618,Reduce time-to-hire,30,93.0,2024
7855,3618,Reduce time-to-hire,40,86.0,2024
7856,3619,Build design system,40,79.0,2024
7857,3619,Build design system,50,115.0,2024
7858,3619,Redesign onboarding,30,81.0,2024
7859,3619,Build design system,40,120.0,2024
7860,3620,Improve usability score,50,130.0,2024
7861,3620,Improve usability score,25,111.0,2024
7862,3620,Improve usability score,50,88.0,2024
7863,3620,Build design system,20,110.0,2024
7864,3621,Reduce production incidents,50,81.0,2024
7865,3621,Cut API latency,40,100.0,2024
7866,3621,Cut API latency,30,103.0,2024
7867,3622,Build design system,50,83.0,2024
7868,3622,Improve usability score,20,86.0,2024
7869,3622,Improve usability score,30,72.0,2024
7870,3622,Redesign onboarding,20,97.0,2024
7871,3623,Cut response time,30,74.0,2024
7872,3623,Improve NPS,20,59.0,2024
7873,3623,Cut response time,50,82.0,2024
7874,3623,Reduce churn,20,92.0,2024
7875,3624,Improve CAC,20,89.0,2024
7876,3624,Improve CAC,40,50.0,2024
7877,3624,Grow qualified leads,30,89.0,2024
7878,3625,Reduce query cost,30,117.0,2024
7879,3625,Automate reporting pipeline,25,72.0,2024
7880,3625,Deliver self-serve dashboards,30,96.0,2024
7881,3626,Improve forecast accuracy,50,97.0,2024
7882,3626,Improve forecast accuracy,40,100.0,2024
7883,3626,Reduce overdue invoices,30,121.0,2024
7884,3626,Improve forecast accuracy,50,87.0,2024
7885,3627,Improve usability score,25,79.0,2024
7886,3627,Build design system,50,74.0,2024
7887,3628,Redesign onboarding,20,72.0,2024
7888,3628,Build design system,50,105.0,2024
7889,3629,Improve eNPS,25,71.0,2024
7890,3629,Reduce time-to-hire,50,80.0,2024
7891,3630,Improve data quality,30,96.0,2024
7892,3630,Deliver self-serve dashboards,20,99.0,2024
7893,3630,Improve data quality,25,78.0,2024
7894,3630,Deliver self-serve dashboards,30,111.0,2024
7895,3631,Reduce overdue invoices,25,92.0,2024
7896,3631,Close books faster,25,91.0,2024
7897,3631,Improve forecast accuracy,50,90.0,2024
7898,3631,Close books faster,25,84.0,2024
7899,3632,Increase upsell,30,100.0,2024
7900,3632,Cut response time,20,104.0,2024
7901,3632,Reduce churn,40,106.0,2024
7902,3633,Reduce query cost,30,100.0,2024
7903,3633,Improve data quality,30,125.0,2024
7904,3634,Increase upsell,50,85.0,2024
7905,3634,Improve NPS,50,104.0,2024
7906,3635,Launch new module,25,96.0,2024
7907,3635,Run discovery interviews,20,76.0,2024
7908,3635,Launch new module,25,80.0,2024
7909,3636,Run discovery interviews,30,77.0,2024
7910,3636,Increase activation rate,25,83.0,2024
7911,3637,Grow qualified leads,20,95.0,2024
7912,3637,Grow organic traffic,20,124.0,2024
7913,3637,Grow organic traffic,40,84.0,2024
7914,3637,Improve CAC,30,103.0,2024
7915,3638,Reduce time-to-hire,25,89.0,2024
7916,3638,Improve eNPS,40,104.0,2024
7917,3638,Reduce time-to-hire,25,88.0,2024
7918,3639,Reduce overdue invoices,40,78.0,2024
7919,3639,Close books faster,25,77.0,2024
7920,3639,Reduce overdue invoices,30,86.0,2024
7921,3639,Improve forecast accuracy,30,72.0,2024
7922,3640,Grow organic traffic,25,83.0,2024
7923,3640,Grow organic traffic,20,95.0,2024
7924,3641,Build design system,25,111.0,2024
7925,3641,Redesign onboarding,30,106.0,2024
7926,3642,Hit quarterly quota,30,92.0,2024
7927,3642,Grow pipeline,30,49.0,2024
7928,3642,Hit quarterly quota,40,103.0,2024
7929,3642,Grow pipeline,25,64.0,2024
7930,3643,Improve eNPS,50,91.0,2024
7931,3643,Improve eNPS,20,80.0,2024
7932,3643,Improve eNPS,30,80.0,2024
7933,3643,Cut regretted attrition,30,57.0,2024
7934,3644,Cut response time,20,83.0,2024
7935,3644,Improve NPS,25,78.0,2024
7936,3645,Reduce process cost,40,90.0,2024
7937,3645,Improve SLA compliance,25,71.0,2024
7938,3645,Reduce process cost,20,89.0,2024
7939,3646,Improve win rate,25,75.0,2024
7940,3646,Hit quarterly quota,40,93.0,2024
7941,3646,Hit quarterly quota,20,69.0,2024
7942,3647,Hit quarterly quota,20,71.0,2024
7943,3647,Improve win rate,30,97.0,2024
7944,3648,Ship roadmap features,40,109.0,2024
7945,3648,Improve test coverage,25,96.0,2024
7946,3648,Ship roadmap features,30,77.0,2024
7947,3648,Reduce production incidents,50,81.0,2024
7948,3649,Close books faster,30,92.0,2024
7949,3649,Improve forecast accuracy,50,75.0,2024
7950,3649,Reduce overdue invoices,25,101.0,2024
7951,3650,Improve retention,30,80.0,2024
7952,3650,Improve retention,40,76.0,2024
7953,3651,Automate manual workflow,30,102.0,2024
7954,3651,Automate manual workflow,50,82.0,2024
7955,3652,Improve CAC,50,73.0,2024
7956,3652,Launch campaign,25,105.0,2024
7957,3653,Improve usability score,40,87.0,2024
7958,3653,Build design system,50,101.0,2024
7959,3653,Build design system,50,108.0,2024
7960,3653,Improve usability score,20,90.0,2024
7961,3654,Increase upsell,30,90.0,2024
7962,3654,Cut response time,25,80.0,2024
7963,3655,Increase activation rate,40,85.0,2024
7964,3655,Launch new module,40,85.0,2024
7965,3656,Reduce query cost,20,51.0,2024
7966,3656,Deliver self-serve dashboards,20,66.0,2024
7967,3656,Deliver self-serve dashboards,30,86.0,2024
7968,3656,Reduce query cost,30,109.0,2024
7969,3657,Hit quarterly quota,40,90.0,2024
7970,3657,Improve win rate,20,90.0,2024
7971,3658,Run discovery interviews,40,89.0,2024
7972,3658,Improve retention,30,120.0,2024
7973,3658,Increase activation rate,40,84.0,2024
7974,3659,Cut regretted attrition,40,98.0,2024
7975,3659,Cut regretted attrition,40,98.0,2024
7976,3659,Cut regretted attrition,25,86.0,2024
7977,3660,Ship roadmap features,25,102.0,2024
7978,3660,Improve test coverage,25,118.0,2024
7979,3661,Improve win rate,25,112.0,2024
7980,3661,Hit quarterly quota,20,113.0,2024
7981,3662,Ship roadmap features,20,75.0,2024
7982,3662,Reduce production incidents,20,78.0,2024
7983,3662,Cut API latency,50,74.0,2024
7984,3663,Close books faster,25,59.0,2024
7985,3663,Improve forecast accuracy,25,46.0,2024
7986,3663,Improve forecast accuracy,50,48.0,2024
7987,3664,Reduce production incidents,30,90.0,2024
7988,3664,Ship roadmap features,20,69.0,2024
7989,3665,Cut regretted attrition,40,113.0,2024
7990,3665,Reduce time-to-hire,25,91.0,2024
7991,3666,Ship roadmap features,25,93.0,2024
7992,3666,Cut API latency,20,103.0,2024
7993,3667,Increase activation rate,25,130.0,2024
7994,3667,Improve retention,30,68.0,2024
7995,3667,Improve retention,25,99.0,2024
7996,3668,Build design system,50,71.0,2024
7997,3668,Redesign onboarding,25,72.0,2024
7998,3669,Improve data quality,20,77.0,2024
7999,3669,Improve data quality,25,103.0,2024
8000,3669,Improve data quality,20,69.0,2024
8001,3670,Reduce churn,20,72.0,2024
8002,3670,Improve NPS,25,79.0,2024
8003,3671,Improve usability score,50,97.0,2024
8004,3671,Redesign onboarding,50,73.0,2024
8005,3671,Improve usability score,25,96.0,2024
8006,3672,Automate manual workflow,25,102.0,2024
8007,3672,Reduce process cost,20,103.0,2024
8008,3672,Automate manual workflow,50,91.0,2024
8009,3673,Grow qualified leads,25,70.0,2024
8010,3673,Launch campaign,25,81.0,2024
8011,3673,Improve CAC,50,74.0,2024
8012,3674,Run discovery interviews,20,91.0,2024
8013,3674,Run discovery interviews,40,95.0,2024
8014,3674,Launch new module,50,82.0,2024
8015,3675,Improve test coverage,40,111.0,2024
8016,3675,Cut API latency,40,124.0,2024
8017,3675,Improve test coverage,20,96.0,2024
8018,3676,Cut response time,40,90.0,2024
8019,3676,Increase upsell,25,91.0,2024
8020,3676,Cut response time,20,88.0,2024
8021,3676,Increase upsell,20,76.0,2024
8022,3677,Improve SLA compliance,20,73.0,2024
8023,3677,Automate manual workflow,40,60.0,2024
8024,3677,Improve SLA compliance,50,67.0,2024
8025,3677,Improve SLA compliance,40,60.0,2024
8026,3678,Ship roadmap features,40,119.0,2024
8027,3678,Reduce production incidents,25,101.0,2024
8028,3679,Improve data quality,20,82.0,2024
8029,3679,Deliver self-serve dashboards,40,98.0,2024
8030,3679,Reduce query cost,25,99.0,2024
8031,3680,Increase activation rate,40,39.0,2024
8032,3680,Launch new module,40,56.0,2024
8033,3680,Launch new module,50,55.0,2024
8034,3681,Improve win rate,30,98.0,2024
8035,3681,Expand key accounts,40,81.0,2024
8036,3682,Reduce time-to-hire,50,98.0,2024
8037,3682,Cut regretted attrition,25,99.0,2024
8038,3682,Cut regretted attrition,30,124.0,2024
8039,3683,Launch new module,20,106.0,2024
8040,3683,Improve retention,40,77.0,2024
8041,3684,Improve data quality,25,104.0,2024
8042,3684,Improve data quality,25,73.0,2024
8043,3685,Close books faster,25,96.0,2024
8044,3685,Reduce overdue invoices,20,92.0,2024
8045,3685,Close books faster,50,76.0,2024
8046,3685,Improve forecast accuracy,25,81.0,2024
8047,3686,Ship roadmap features,25,83.0,2024
8048,3686,Improve test coverage,50,92.0,2024
8049,3686,Reduce production incidents,40,98.0,2024
8050,3686,Ship roadmap features,40,71.0,2024
8051,3687,Grow qualified leads,50,67.0,2024
8052,3687,Launch campaign,20,57.0,2024
8053,3687,Grow qualified leads,30,68.0,2024
8054,3687,Launch campaign,20,74.0,2024
8055,3688,Improve win rate,30,84.0,2024
8056,3688,Grow pipeline,25,90.0,2024
8057,3689,Improve data quality,30,81.0,2024
8058,3689,Deliver self-serve dashboards,40,72.0,2024
8059,3689,Reduce query cost,20,52.0,2024
8060,3689,Improve data quality,50,89.0,2024
8061,3690,Ship roadmap features,30,85.0,2024
8062,3690,Reduce production incidents,30,70.0,2024
8063,3690,Cut API latency,25,100.0,2024
8064,3690,Ship roadmap features,25,71.0,2024
8065,3691,Run discovery interviews,30,94.0,2024
8066,3691,Increase activation rate,30,63.0,2024
8067,3691,Launch new module,30,54.0,2024
8068,3691,Launch new module,25,84.0,2024
8069,3692,Cut regretted attrition,40,76.0,2024
8070,3692,Cut regretted attrition,50,90.0,2024
8071,3692,Improve eNPS,50,97.0,2024
8072,3692,Reduce time-to-hire,50,89.0,2024
8073,3693,Improve win rate,25,102.0,2024
8074,3693,Hit quarterly quota,50,83.0,2024
8075,3694,Improve retention,30,85.0,2024
8076,3694,Run discovery interviews,30,99.0,2024
8077,3694,Improve retention,20,70.0,2024
8078,3694,Launch new module,30,108.0,2024
8079,3695,Grow pipeline,25,100.0,2024
8080,3695,Grow pipeline,25,91.0,2024
8081,3695,Hit quarterly quota,20,93.0,2024
8082,3696,Reduce production incidents,50,109.0,2024
8083,3696,Cut API latency,20,107.0,2024
8084,3696,Cut API latency,50,83.0,2024
8085,3697,Improve retention,40,95.0,2024
8086,3697,Run discovery interviews,30,91.0,2024
8087,3697,Run discovery interviews,30,92.0,2024
8088,3698,Improve usability score,50,69.0,2024
8089,3698,Redesign onboarding,30,67.0,2024
8090,3699,Improve SLA compliance,30,77.0,2024
8091,3699,Automate manual workflow,40,88.0,2024
8092,3699,Reduce process cost,20,71.0,2024
8093,3699,Automate manual workflow,40,88.0,2024
8094,3700,Reduce time-to-hire,25,86.0,2024
8095,3700,Improve eNPS,20,82.0,2024
8096,3700,Cut regretted attrition,25,84.0,2024
8097,3700,Improve eNPS,25,102.0,2024
8098,3701,Cut regretted attrition,30,103.0,2024
8099,3701,Cut regretted attrition,30,89.0,2024
8100,3701,Cut regretted attrition,20,70.0,2024
8101,3701,Reduce time-to-hire,20,89.0,2024
8102,3702,Deliver self-serve dashboards,40,126.0,2024
8103,3702,Improve data quality,30,85.0,2024
8104,3702,Automate reporting pipeline,25,110.0,2024
8105,3703,Run discovery interviews,40,62.0,2024
8106,3703,Run discovery interviews,50,78.0,2024
8107,3703,Increase activation rate,50,70.0,2024
8108,3704,Increase activation rate,30,72.0,2024
8109,3704,Run discovery interviews,30,77.0,2024
8110,3704,Run discovery interviews,20,70.0,2024
8111,3705,Launch new module,40,101.0,2024
8112,3705,Improve retention,25,85.0,2024
8113,3706,Improve win rate,25,116.0,2024
8114,3706,Grow pipeline,20,93.0,2024
8115,3706,Expand key accounts,30,127.0,2024
8116,3707,Improve CAC,25,117.0,2024
8117,3707,Grow organic traffic,20,88.0,2024
8118,3707,Launch campaign,25,78.0,2024
8119,3708,Increase activation rate,25,80.0,2024
8120,3708,Run discovery interviews,20,62.0,2024
8121,3708,Improve retention,25,96.0,2024
8122,3709,Improve retention,25,78.0,2024
8123,3709,Increase activation rate,20,82.0,2024
8124,3709,Increase activation rate,30,93.0,2024
8125,3709,Run discovery interviews,50,73.0,2024
8126,3710,Cut regretted attrition,20,112.0,2024
8127,3710,Cut regretted attrition,30,99.0,2024
8128,3711,Automate manual workflow,20,95.0,2024
8129,3711,Automate manual workflow,25,94.0,2024
8130,3712,Improve eNPS,25,114.0,2024
8131,3712,Cut regretted attrition,40,87.0,2024
8132,3713,Expand key accounts,30,109.0,2024
8133,3713,Expand key accounts,50,119.0,2024
8134,3713,Expand key accounts,20,90.0,2024
8135,3714,Run discovery interviews,40,95.0,2024
8136,3714,Improve retention,30,114.0,2024
8137,3714,Launch new module,50,94.0,2024
8138,3715,Grow pipeline,20,93.0,2024
8139,3715,Expand key accounts,20,117.0,2024
8140,3715,Expand key accounts,50,103.0,2024
8141,3716,Automate reporting pipeline,20,106.0,2024
8142,3716,Automate reporting pipeline,20,98.0,2024
8143,3717,Improve win rate,30,84.0,2024
8144,3717,Hit quarterly quota,30,92.0,2024
8145,3718,Improve retention,25,111.0,2024
8146,3718,Increase activation rate,20,106.0,2024
8147,3718,Run discovery interviews,30,101.0,2024
8148,3719,Automate manual workflow,20,123.0,2024
8149,3719,Improve SLA compliance,30,115.0,2024
8150,3719,Reduce process cost,50,105.0,2024
8151,3719,Improve SLA compliance,20,112.0,2024
8152,3720,Cut regretted attrition,20,97.0,2024
8153,3720,Improve eNPS,25,83.0,2024
8154,3720,Cut regretted attrition,25,95.0,2024
8155,3720,Cut regretted attrition,20,72.0,2024
8156,3721,Improve forecast accuracy,50,91.0,2024
8157,3721,Close books faster,20,105.0,2024
8158,3721,Improve forecast accuracy,50,105.0,2024
8159,3721,Reduce overdue invoices,25,82.0,2024
8160,3722,Reduce query cost,30,105.0,2024
8161,3722,Automate reporting pipeline,30,71.0,2024
8162,3723,Improve data quality,20,90.0,2024
8163,3723,Automate reporting pipeline,40,103.0,2024
8164,3724,Reduce overdue invoices,30,95.0,2024
8165,3724,Reduce overdue invoices,25,63.0,2024
8166,3725,Reduce time-to-hire,30,78.0,2024
8167,3725,Improve eNPS,20,73.0,2024
8168,3726,Increase activation rate,30,128.0,2024
8169,3726,Run discovery interviews,50,100.0,2024
8170,3727,Redesign onboarding,40,76.0,2024
8171,3727,Build design system,20,83.0,2024
8172,3727,Build design system,40,54.0,2024
8173,3728,Increase activation rate,30,80.0,2024
8174,3728,Increase activation rate,30,64.0,2024
8175,3728,Launch new module,30,67.0,2024
8176,3729,Improve win rate,40,103.0,2024
8177,3729,Hit quarterly quota,50,83.0,2024
8178,3730,Grow qualified leads,30,100.0,2024
8179,3730,Improve CAC,40,90.0,2024
8180,3730,Grow organic traffic,20,86.0,2024
8181,3731,Grow pipeline,20,100.0,2024
8182,3731,Improve win rate,25,81.0,2024
8183,3731,Expand key accounts,20,91.0,2024
8184,3731,Hit quarterly quota,30,75.0,2024
8185,3732,Reduce production incidents,20,94.0,2024
8186,3732,Cut API latency,25,105.0,2024
8187,3733,Cut response time,20,88.0,2024
8188,3733,Increase upsell,25,84.0,2024
8189,3733,Increase upsell,50,93.0,2024
8190,3733,Improve NPS,30,103.0,2024
8191,3734,Reduce production incidents,40,56.0,2024
8192,3734,Reduce production incidents,40,79.0,2024
8193,3735,Automate reporting pipeline,30,53.0,2024
8194,3735,Reduce query cost,25,61.0,2024
8195,3735,Deliver self-serve dashboards,30,67.0,2024
8196,3736,Close books faster,20,72.0,2024
8197,3736,Improve forecast accuracy,25,101.0,2024
8198,3737,Grow qualified leads,25,67.0,2024
8199,3737,Improve CAC,20,74.0,2024
8200,3737,Grow organic traffic,25,67.0,2024
8201,3738,Improve usability score,20,71.0,2024
8202,3738,Improve usability score,30,94.0,2024
8203,3738,Build design system,25,98.0,2024
8204,3739,Reduce churn,50,103.0,2024
8205,3739,Cut response time,20,79.0,2024
8206,3739,Cut response time,50,106.0,2024
8207,3740,Improve retention,25,90.0,2024
8208,3740,Launch new module,40,66.0,2024
8209,3741,Grow qualified leads,20,86.0,2024
8210,3741,Improve CAC,20,78.0,2024
8211,3742,Hit quarterly quota,30,106.0,2024
8212,3742,Hit quarterly quota,20,103.0,2024
8213,3742,Hit quarterly quota,25,101.0,2024
8214,3742,Expand key accounts,20,75.0,2024
8215,3743,Grow pipeline,25,106.0,2024
8216,3743,Expand key accounts,30,107.0,2024
8217,3743,Hit quarterly quota,30,98.0,2024
8218,3743,Improve win rate,50,71.0,2024
8219,3744,Reduce process cost,30,96.0,2024
8220,3744,Automate manual workflow,25,94.0,2024
8221,3745,Increase upsell,20,91.0,2024
8222,3745,Improve NPS,40,93.0,2024
8223,3745,Cut response time,30,79.0,2024
8224,3746,Improve SLA compliance,40,79.0,2024
8225,3746,Improve SLA compliance,50,76.0,2024
8226,3746,Automate manual workflow,40,86.0,2024
8227,3746,Automate manual workflow,50,76.0,2024
8228,3747,Build design system,30,77.0,2024
8229,3747,Improve usability score,20,102.0,2024
8230,3747,Redesign onboarding,20,101.0,2024
8231,3748,Reduce production incidents,25,104.0,2024
8232,3748,Ship roadmap features,40,85.0,2024
8233,3748,Ship roadmap features,30,90.0,2024
8234,3749,Increase activation rate,40,88.0,2024
8235,3749,Run discovery interviews,40,84.0,2024
8236,3750,Improve NPS,40,105.0,2024
8237,3750,Cut response time,40,109.0,2024
8238,3750,Reduce churn,20,102.0,2024
8239,3751,Reduce churn,50,92.0,2024
8240,3751,Improve NPS,30,102.0,2024
8241,3751,Reduce churn,50,92.0,2024
8242,3752,Improve NPS,30,89.0,2024
8243,3752,Reduce churn,25,117.0,2024
8244,3752,Improve NPS,20,122.0,2024
8245,3752,Increase upsell,40,107.0,2024
8246,3753,Improve CAC,20,93.0,2024
8247,3753,Improve CAC,25,94.0,2024
8248,3753,Grow organic traffic,40,89.0,2024
8249,3753,Grow qualified leads,40,62.0,2024
8250,3754,Grow pipeline,20,75.0,2024
8251,3754,Hit quarterly quota,40,54.0,2024
8252,3754,Grow pipeline,50,65.0,2024
8253,3754,Improve win rate,20,64.0,2024
8254,3755,Improve NPS,40,72.0,2024
8255,3755,Cut response time,20,86.0,2024
8256,3755,Cut response time,50,94.0,2024
8257,3755,Cut response time,20,81.0,2024
8258,3756,Reduce time-to-hire,50,88.0,2024
8259,3756,Improve eNPS,20,103.0,2024
8260,3757,Ship roadmap features,50,91.0,2024
8261,3757,Reduce production incidents,50,96.0,2024
8262,3757,Ship roadmap features,40,88.0,2024
8263,3757,Cut API latency,40,65.0,2024
8264,3758,Improve eNPS,20,94.0,2024
8265,3758,Cut regretted attrition,40,96.0,2024
8266,3759,Redesign onboarding,25,103.0,2024
8267,3759,Improve usability score,50,87.0,2024
8268,3760,Reduce process cost,20,76.0,2024
8269,3760,Reduce process cost,40,57.0,2024
8270,3760,Automate manual workflow,40,74.0,2024
8271,3760,Automate manual workflow,40,72.0,2024
8272,3761,Reduce production incidents,30,81.0,2024
8273,3761,Improve test coverage,20,59.0,2024
8274,3761,Reduce production incidents,20,79.0,2024
8275,3762,Reduce time-to-hire,50,87.0,2024
8276,3762,Reduce time-to-hire,50,93.0,2024
8277,3762,Reduce time-to-hire,20,77.0,2024
8278,3763,Improve NPS,30,56.0,2024
8279,3763,Reduce churn,50,65.0,2024
8280,3763,Reduce churn,30,74.0,2024
8281,3764,Reduce query cost,30,60.0,2024
8282,3764,Deliver self-serve dashboards,20,67.0,2024
8283,3764,Deliver self-serve dashboards,20,84.0,2024
8284,3765,Build design system,25,101.0,2024
8285,3765,Build design system,20,113.0,2024
8286,3766,Hit quarterly quota,30,51.0,2024
8287,3766,Hit quarterly quota,25,94.0,2024
8288,3766,Hit quarterly quota,40,91.0,2024
8289,3767,Automate reporting pipeline,50,52.0,2024
8290,3767,Automate reporting pipeline,50,81.0,2024
8291,3767,Automate reporting pipeline,30,66.0,2024
8292,3768,Automate manual workflow,25,93.0,2024
8293,3768,Reduce process cost,40,91.0,2024
8294,3768,Automate manual workflow,30,102.0,2024
8295,3768,Automate manual workflow,20,86.0,2024
8296,3769,Improve SLA compliance,20,115.0,2024
8297,3769,Reduce process cost,40,117.0,2024
8298,3770,Automate reporting pipeline,20,89.0,2024
8299,3770,Reduce query cost,40,76.0,2024
8300,3770,Reduce query cost,30,88.0,2024
8301,3771,Reduce time-to-hire,20,100.0,2024
8302,3771,Improve eNPS,25,107.0,2024
8303,3771,Improve eNPS,30,78.0,2024
8304,3772,Redesign onboarding,20,98.0,2024
8305,3772,Build design system,40,83.0,2024
8306,3772,Build design system,25,88.0,2024
8307,3772,Redesign onboarding,50,87.0,2024
8308,3773,Increase activation rate,50,110.0,2024
8309,3773,Launch new module,50,95.0,2024
8310,3773,Run discovery interviews,20,120.0,2024
8311,3774,Automate reporting pipeline,25,100.0,2024
8312,3774,Reduce query cost,40,75.0,2024
8313,3775,Automate manual workflow,40,81.0,2024
8314,3775,Reduce process cost,30,100.0,2024
8315,3775,Reduce process cost,40,81.0,2024
8316,3776,Launch new module,30,53.0,2024
8317,3776,Increase activation rate,30,72.0,2024
8318,3776,Launch new module,30,79.0,2024
8319,3777,Reduce overdue invoices,40,101.0,2024
8320,3777,Improve forecast accuracy,25,99.0,2024
8321,3777,Reduce overdue invoices,25,94.0,2024
8322,3777,Improve forecast accuracy,20,99.0,2024
8323,3778,Close books faster,25,80.0,2024
8324,3778,Close books faster,40,90.0,2024
8325,3778,Reduce overdue invoices,20,69.0,2024
8326,3778,Reduce overdue invoices,20,86.0,2024
8327,3779,Improve forecast accuracy,50,100.0,2024
8328,3779,Close books faster,20,104.0,2024
8329,3780,Reduce churn,25,90.0,2024
8330,3780,Improve NPS,20,91.0,2024
8331,3781,Reduce time-to-hire,25,121.0,2024
8332,3781,Improve eNPS,20,103.0,2024
8333,3781,Improve eNPS,20,116.0,2024
8334,3781,Cut regretted attrition,50,88.0,2024
8335,3782,Reduce query cost,30,105.0,2024
8336,3782,Reduce query cost,50,111.0,2024
8337,3783,Improve eNPS,20,100.0,2024
8338,3783,Improve eNPS,40,82.0,2024
8339,3783,Reduce time-to-hire,50,75.0,2024
8340,3783,Reduce time-to-hire,40,82.0,2024
8341,3784,Improve win rate,30,109.0,2024
8342,3784,Improve win rate,50,87.0,2024
8343,3784,Hit quarterly quota,30,122.0,2024
8344,3785,Increase upsell,40,79.0,2024
8345,3785,Reduce churn,40,64.0,2024
8346,3786,Redesign onboarding,25,94.0,2024
8347,3786,Improve usability score,25,109.0,2024
8348,3786,Build design system,40,104.0,2024
8349,3786,Redesign onboarding,40,110.0,2024
8350,3787,Automate reporting pipeline,30,104.0,2024
8351,3787,Deliver self-serve dashboards,20,100.0,2024
8352,3788,Expand key accounts,20,103.0,2024
8353,3788,Grow pipeline,50,89.0,2024
8354,3789,Improve forecast accuracy,40,79.0,2024
8355,3789,Improve forecast accuracy,30,79.0,2024
8356,3789,Reduce overdue invoices,25,71.0,2024
8357,3789,Close books faster,50,98.0,2024
8358,3790,Improve win rate,40,82.0,2024
8359,3790,Expand key accounts,30,90.0,2024
8360,3790,Grow pipeline,25,78.0,2024
8361,3790,Expand key accounts,30,92.0,2024
8362,3791,Grow pipeline,50,62.0,2024
8363,3791,Hit quarterly quota,50,89.0,2024
8364,3791,Hit quarterly quota,25,89.0,2024
8365,3792,Improve retention,50,51.0,2024
8366,3792,Run discovery interviews,40,60.0,2024
8367,3793,Deliver self-serve dashboards,30,89.0,2024
8368,3793,Deliver self-serve dashboards,25,84.0,2024
8369,3794,Grow pipeline,40,94.0,2024
8370,3794,Grow pipeline,40,89.0,2024
8371,3794,Hit quarterly quota,50,86.0,2024
8372,3794,Hit quarterly quota,50,100.0,2024
8373,3795,Expand key accounts,30,82.0,2024
8374,3795,Grow pipeline,40,92.0,2024
8375,3795,Improve win rate,40,72.0,2024
8376,3796,Close books faster,20,93.0,2024
8377,3796,Reduce overdue invoices,25,108.0,2024
8378,3796,Reduce overdue invoices,30,103.0,2024
8379,3797,Reduce overdue invoices,50,99.0,2024
8380,3797,Close books faster,20,93.0,2024
8381,3798,Improve eNPS,50,97.0,2024
8382,3798,Reduce time-to-hire,40,58.0,2024
8383,3799,Build design system,25,89.0,2024
8384,3799,Redesign onboarding,30,104.0,2024
8385,3799,Build design system,20,83.0,2024
8386,3799,Build design system,20,70.0,2024
8387,3800,Reduce production incidents,40,85.0,2024
8388,3800,Cut API latency,40,106.0,2024
8389,3801,Redesign onboarding,50,64.0,2024
8390,3801,Improve usability score,40,64.0,2024
8391,3801,Redesign onboarding,20,44.0,2024
8392,3801,Redesign onboarding,40,90.0,2024
8393,3802,Build design system,50,76.0,2024
8394,3802,Improve usability score,40,92.0,2024
8395,3802,Improve usability score,25,97.0,2024
8396,3803,Improve test coverage,25,95.0,2024
8397,3803,Improve test coverage,40,94.0,2024
8398,3803,Improve test coverage,50,53.0,2024
8399,3803,Ship roadmap features,50,77.0,2024
8400,3804,Cut regretted attrition,30,99.0,2024
8401,3804,Improve eNPS,20,96.0,2024
8402,3805,Improve win rate,30,122.0,2024
8403,3805,Improve win rate,20,105.0,2024
8404,3805,Grow pipeline,50,93.0,2024
8405,3805,Expand key accounts,25,73.0,2024
8406,3806,Reduce time-to-hire,30,89.0,2024
8407,3806,Improve eNPS,40,87.0,2024
8408,3806,Cut regretted attrition,20,82.0,2024
8409,3806,Cut regretted attrition,20,98.0,2024
8410,3807,Increase upsell,50,89.0,2024
8411,3807,Cut response time,20,101.0,2024
8412,3807,Improve NPS,50,99.0,2024
8413,3808,Cut response time,30,92.0,2024
8414,3808,Improve NPS,25,89.0,2024
8415,3808,Improve NPS,20,83.0,2024
8416,3808,Increase upsell,25,112.0,2024
8417,3809,Reduce query cost,20,87.0,2024
8418,3809,Reduce query cost,50,94.0,2024
8419,3810,Hit quarterly quota,30,78.0,2024
8420,3810,Expand key accounts,50,64.0,2024
8421,3811,Hit quarterly quota,20,100.0,2024
8422,3811,Improve win rate,20,103.0,2024
8423,3811,Grow pipeline,25,100.0,2024
8424,3812,Improve forecast accuracy,20,63.0,2024
8425,3812,Close books faster,50,96.0,2024
8426,3812,Reduce overdue invoices,25,79.0,2024
8427,3813,Launch campaign,30,110.0,2024
8428,3813,Launch campaign,20,110.0,2024
8429,3813,Improve CAC,25,84.0,2024
8430,3813,Grow organic traffic,50,76.0,2024
8431,3814,Hit quarterly quota,30,87.0,2024
8432,3814,Expand key accounts,30,72.0,2024
8433,3814,Grow pipeline,30,85.0,2024
8434,3814,Hit quarterly quota,40,101.0,2024
8435,3815,Close books faster,50,85.0,2024
8436,3815,Close books faster,20,92.0,2024
8437,3815,Close books faster,50,61.0,2024
8438,3816,Cut regretted attrition,20,67.0,2024
8439,3816,Cut regretted attrition,20,59.0,2024
8440,3816,Improve eNPS,50,97.0,2024
8441,3817,Build design system,40,86.0,2024
8442,3817,Build design system,30,94.0,2024
8443,3817,Redesign onboarding,20,90.0,2024
8444,3818,Ship roadmap features,30,119.0,2024
8445,3818,Cut API latency,40,104.0,2024
8446,3818,Reduce production incidents,25,106.0,2024
8447,3819,Grow organic traffic,25,108.0,2024
8448,3819,Improve CAC,40,93.0,2024
8449,3819,Grow qualified leads,30,96.0,2024
8450,3820,Improve forecast accuracy,40,108.0,2024
8451,3820,Improve forecast accuracy,20,68.0,2024
8452,3821,Reduce time-to-hire,40,86.0,2024
8453,3821,Cut regretted attrition,25,81.0,2024
8454,3821,Reduce time-to-hire,50,72.0,2024
8455,3822,Build design system,40,73.0,2024
8456,3822,Improve usability score,20,70.0,2024
8457,3822,Improve usability score,30,96.0,2024
8458,3823,Grow pipeline,30,113.0,2024
8459,3823,Grow pipeline,40,83.0,2024
8460,3823,Improve win rate,50,103.0,2024
8461,3823,Improve win rate,20,112.0,2024
8462,3824,Grow pipeline,40,72.0,2024
8463,3824,Improve win rate,40,78.0,2024
8464,3824,Expand key accounts,25,73.0,2024
8465,3825,Cut response time,20,78.0,2024
8466,3825,Increase upsell,40,67.0,2024
8467,3826,Hit quarterly quota,40,103.0,2024
8468,3826,Improve win rate,20,83.0,2024
8469,3827,Reduce query cost,30,95.0,2024
8470,3827,Automate reporting pipeline,20,90.0,2024
8471,3827,Automate reporting pipeline,50,115.0,2024
8472,3827,Improve data quality,30,102.0,2024
8473,3828,Reduce overdue invoices,50,87.0,2024
8474,3828,Close books faster,30,86.0,2024
8475,3828,Reduce overdue invoices,40,89.0,2024
8476,3829,Grow organic traffic,50,76.0,2024
8477,3829,Improve CAC,50,95.0,2024
8478,3830,Reduce process cost,40,91.0,2024
8479,3830,Reduce process cost,30,104.0,2024
8480,3830,Reduce process cost,20,72.0,2024
8481,3831,Redesign onboarding,30,86.0,2024
8482,3831,Build design system,20,73.0,2024
8483,3832,Improve eNPS,20,100.0,2024
8484,3832,Reduce time-to-hire,40,87.0,2024
8485,3832,Improve eNPS,20,93.0,2024
8486,3833,Automate manual workflow,25,77.0,2024
8487,3833,Reduce process cost,30,94.0,2024
8488,3834,Cut response time,30,77.0,2024
8489,3834,Improve NPS,50,73.0,2024
8490,3834,Improve NPS,40,79.0,2024
8491,3834,Cut response time,30,83.0,2024
8492,3835,Improve data quality,40,70.0,2024
8493,3835,Deliver self-serve dashboards,30,80.0,2024
8494,3835,Deliver self-serve dashboards,30,90.0,2024
8495,3836,Launch new module,30,102.0,2024
8496,3836,Launch new module,50,102.0,2024
8497,3837,Reduce process cost,50,69.0,2024
8498,3837,Reduce process cost,30,74.0,2024
8499,3837,Improve SLA compliance,40,46.0,2024
8500,3838,Improve win rate,25,84.0,2024
8501,3838,Grow pipeline,20,80.0,2024
8502,3838,Improve win rate,40,72.0,2024
8503,3838,Hit quarterly quota,30,66.0,2024
8504,3839,Improve eNPS,40,94.0,2024
8505,3839,Improve eNPS,30,73.0,2024
8506,3839,Cut regretted attrition,25,79.0,2024
8507,3840,Improve usability score,20,123.0,2024
8508,3840,Redesign onboarding,50,98.0,2024
8509,3840,Improve usability score,40,111.0,2024
8510,3840,Build design system,50,104.0,2024
8511,3841,Improve eNPS,20,75.0,2024
8512,3841,Improve eNPS,25,82.0,2024
8513,3842,Automate manual workflow,30,74.0,2024
8514,3842,Automate manual workflow,25,95.0,2024
8515,3842,Automate manual workflow,40,88.0,2024
8516,3842,Improve SLA compliance,30,83.0,2024
8517,3843,Reduce overdue invoices,25,98.0,2024
8518,3843,Improve forecast accuracy,30,88.0,2024
8519,3843,Close books faster,20,107.0,2024
8520,3843,Close books faster,50,103.0,2024
8521,3844,Reduce overdue invoices,40,91.0,2024
8522,3844,Reduce overdue invoices,25,93.0,2024
8523,3844,Reduce overdue invoices,30,65.0,2024
8524,3844,Improve forecast accuracy,30,88.0,2024
8525,3845,Reduce process cost,20,104.0,2024
8526,3845,Improve SLA compliance,50,94.0,2024
8527,3846,Automate manual workflow,20,56.0,2024
8528,3846,Reduce process cost,40,65.0,2024
8529,3846,Automate manual workflow,50,60.0,2024
8530,3847,Increase activation rate,50,106.0,2024
8531,3847,Run discovery interviews,40,80.0,2024
8532,3847,Launch new module,30,100.0,2024
8533,3848,Grow pipeline,40,99.0,2024
8534,3848,Grow pipeline,30,102.0,2024
8535,3848,Expand key accounts,40,92.0,2024
8536,3848,Hit quarterly quota,20,74.0,2024
8537,3849,Grow organic traffic,50,85.0,2024
8538,3849,Grow organic traffic,25,85.0,2024
8539,3849,Grow organic traffic,50,75.0,2024
8540,3850,Launch campaign,40,96.0,2024
8541,3850,Grow qualified leads,40,82.0,2024
8542,3851,Hit quarterly quota,40,88.0,2024
8543,3851,Grow pipeline,40,89.0,2024
8544,3852,Improve SLA compliance,25,79.0,2024
8545,3852,Automate manual workflow,50,103.0,2024
8546,3852,Automate manual workflow,40,74.0,2024
8547,3853,Redesign onboarding,30,64.0,2024
8548,3853,Redesign onboarding,25,104.0,2024
8549,3854,Reduce production incidents,40,85.0,2024
8550,3854,Cut API latency,40,89.0,2024
8551,3855,Increase activation rate,40,97.0,2024
8552,3855,Launch new module,30,67.0,2024
8553,3855,Run discovery interviews,50,90.0,2024
8554,3855,Run discovery interviews,40,100.0,2024
8555,3856,Ship roadmap features,20,75.0,2024
8556,3856,Ship roadmap features,25,75.0,2024
8557,3856,Improve test coverage,40,75.0,2024
8558,3857,Reduce overdue invoices,25,82.0,2024
8559,3857,Close books faster,30,89.0,2024
8560,3857,Improve forecast accuracy,40,93.0,2024
8561,3857,Reduce overdue invoices,50,100.0,2024
8562,3858,Grow organic traffic,20,89.0,2024
8563,3858,Grow organic traffic,20,98.0,2024
8564,3858,Grow organic traffic,40,95.0,2024
8565,3859,Improve win rate,50,89.0,2024
8566,3859,Improve win rate,40,120.0,2024
8567,3860,Ship roadmap features,30,58.0,2024
8568,3860,Cut API latency,50,83.0,2024
8569,3860,Improve test coverage,25,80.0,2024
8570,3860,Ship roadmap features,30,66.0,2024
8571,3861,Improve usability score,50,115.0,2024
8572,3861,Redesign onboarding,20,117.0,2024
8573,3862,Improve SLA compliance,30,111.0,2024
8574,3862,Improve SLA compliance,25,79.0,2024
8575,3862,Reduce process cost,25,90.0,2024
8576,3862,Reduce process cost,30,90.0,2024
8577,3863,Improve CAC,30,112.0,2024
8578,3863,Grow organic traffic,20,106.0,2024
8579,3863,Grow qualified leads,30,101.0,2024
8580,3864,Automate manual workflow,25,100.0,2024
8581,3864,Improve SLA compliance,20,83.0,2024
8582,3864,Automate manual workflow,20,86.0,2024
8583,3865,Increase upsell,20,93.0,2024
8584,3865,Cut response time,20,99.0,2024
8585,3865,Reduce churn,40,100.0,2024
8586,3865,Reduce churn,40,117.0,2024
8587,3866,Cut API latency,40,64.0,2024
8588,3866,Ship roadmap features,20,85.0,2024
8589,3866,Ship roadmap features,20,67.0,2024
8590,3867,Increase upsell,30,96.0,2024
8591,3867,Improve NPS,50,116.0,2024
8592,3867,Improve NPS,25,101.0,2024
8593,3868,Reduce process cost,25,92.0,2024
8594,3868,Reduce process cost,30,102.0,2024
8595,3868,Improve SLA compliance,25,95.0,2024
8596,3869,Redesign onboarding,25,88.0,2024
8597,3869,Improve usability score,25,88.0,2024
8598,3869,Improve usability score,20,91.0,2024
8599,3870,Automate reporting pipeline,25,76.0,2024
8600,3870,Deliver self-serve dashboards,30,84.0,2024
8601,3871,Reduce process cost,40,96.0,2024
8602,3871,Reduce process cost,50,89.0,2024
8603,3871,Improve SLA compliance,30,91.0,2024
8604,3871,Automate manual workflow,50,93.0,2024
8605,3872,Reduce overdue invoices,30,104.0,2024
8606,3872,Reduce overdue invoices,40,111.0,2024
8607,3872,Improve forecast accuracy,20,115.0,2024
8608,3872,Close books faster,20,121.0,2024
8609,3873,Cut response time,20,97.0,2024
8610,3873,Increase upsell,40,95.0,2024
8611,3873,Improve NPS,30,94.0,2024
8612,3873,Improve NPS,25,98.0,2024
8613,3874,Reduce production incidents,30,109.0,2024
8614,3874,Ship roadmap features,30,109.0,2024
8615,3875,Launch campaign,40,107.0,2024
8616,3875,Improve CAC,40,87.0,2024
8617,3875,Grow organic traffic,50,83.0,2024
8618,3876,Automate manual workflow,25,85.0,2024
8619,3876,Reduce process cost,50,68.0,2024
8620,3876,Reduce process cost,25,87.0,2024
8621,3876,Reduce process cost,30,79.0,2024
8622,3877,Reduce process cost,30,87.0,2024
8623,3877,Automate manual workflow,50,82.0,2024
8624,3877,Improve SLA compliance,20,86.0,2024
8625,3877,Automate manual workflow,40,100.0,2024
8626,3878,Close books faster,40,95.0,2024
8627,3878,Improve forecast accuracy,25,94.0,2024
8628,3879,Redesign onboarding,20,75.0,2024
8629,3879,Build design system,20,73.0,2024
8630,3879,Build design system,25,82.0,2024
8631,3879,Improve usability score,30,81.0,2024
8632,3880,Improve data quality,20,101.0,2024
8633,3880,Automate reporting pipeline,50,88.0,2024
8634,3881,Improve forecast accuracy,40,83.0,2024
8635,3881,Improve forecast accuracy,25,92.0,2024
8636,3882,Increase upsell,20,88.0,2024
8637,3882,Cut response time,50,63.0,2024
8638,3882,Cut response time,50,105.0,2024
8639,3882,Improve NPS,20,98.0,2024
8640,3883,Grow pipeline,50,68.0,2024
8641,3883,Expand key accounts,25,95.0,2024
8642,3883,Hit quarterly quota,20,71.0,2024
8643,3883,Grow pipeline,20,52.0,2024
8644,3884,Improve usability score,25,97.0,2024
8645,3884,Improve usability score,50,89.0,2024
8646,3885,Improve CAC,50,96.0,2024
8647,3885,Grow qualified leads,20,80.0,2024
8648,3885,Launch campaign,20,90.0,2024
8649,3885,Launch campaign,50,77.0,2024
8650,3886,Improve win rate,40,70.0,2024
8651,3886,Expand key accounts,20,59.0,2024
8652,3886,Expand key accounts,50,78.0,2024
8653,3887,Cut API latency,50,90.0,2024
8654,3887,Reduce production incidents,25,94.0,2024
8655,3888,Increase upsell,20,101.0,2024
8656,3888,Reduce churn,30,99.0,2024
8657,3889,Launch campaign,40,118.0,2024
8658,3889,Grow qualified leads,20,88.0,2024
8659,3889,Improve CAC,20,79.0,2024
8660,3889,Launch campaign,25,100.0,2024
8661,3890,Build design system,20,96.0,2024
8662,3890,Build design system,40,113.0,2024
8663,3891,Ship roadmap features,25,82.0,2024
8664,3891,Reduce production incidents,20,91.0,2024
8665,3891,Reduce production incidents,30,80.0,2024
8666,3892,Increase upsell,50,70.0,2024
8667,3892,Improve NPS,50,72.0,2024
8668,3892,Reduce churn,40,61.0,2024
8669,3893,Automate manual workflow,20,75.0,2024
8670,3893,Automate manual workflow,40,94.0,2024
8671,3893,Automate manual workflow,20,81.0,2024
8672,3893,Automate manual workflow,20,77.0,2024
8673,3894,Build design system,30,80.0,2024
8674,3894,Redesign onboarding,40,67.0,2024
8675,3895,Improve eNPS,30,97.0,2024
8676,3895,Cut regretted attrition,50,111.0,2024
8677,3895,Reduce time-to-hire,20,104.0,2024
8678,3895,Improve eNPS,50,102.0,2024
8679,3896,Cut regretted attrition,25,82.0,2024
8680,3896,Improve eNPS,20,81.0,2024
8681,3896,Cut regretted attrition,20,86.0,2024
8682,3897,Expand key accounts,50,115.0,2024
8683,3897,Hit quarterly quota,20,101.0,2024
8684,3898,Launch campaign,25,78.0,2024
8685,3898,Grow organic traffic,20,85.0,2024
8686,3899,Run discovery interviews,30,89.0,2024
8687,3899,Launch new module,50,90.0,2024
8688,3899,Improve retention,30,85.0,2024
8689,3899,Launch new module,30,70.0,2024
8690,3900,Cut API latency,25,87.0,2024
8691,3900,Ship roadmap features,20,70.0,2024
8692,3900,Reduce production incidents,50,80.0,2024
8693,3900,Cut API latency,20,80.0,2024
8694,3901,Increase upsell,25,82.0,2024
8695,3901,Increase upsell,25,75.0,2024
8696,3902,Reduce production incidents,30,90.0,2024
8697,3902,Ship roadmap features,25,83.0,2024
8698,3902,Improve test coverage,40,83.0,2024
8699,3902,Ship roadmap features,30,80.0,2024
8700,3903,Cut regretted attrition,50,98.0,2024
8701,3903,Cut regretted attrition,50,96.0,2024
8702,3903,Cut regretted attrition,50,81.0,2024
8703,3903,Reduce time-to-hire,30,62.0,2024
8704,3904,Grow organic traffic,20,87.0,2024
8705,3904,Launch campaign,40,94.0,2024
8706,3904,Launch campaign,50,100.0,2024
8707,3904,Launch campaign,30,91.0,2024
8708,3905,Grow qualified leads,40,96.0,2024
8709,3905,Improve CAC,25,94.0,2024
8710,3905,Launch campaign,20,84.0,2024
8711,3906,Cut regretted attrition,40,115.0,2024
8712,3906,Cut regretted attrition,30,106.0,2024
8713,3906,Reduce time-to-hire,20,102.0,2024
8714,3907,Automate manual workflow,25,82.0,2024
8715,3907,Reduce process cost,25,94.0,2024
8716,3907,Automate manual workflow,20,112.0,2024
8717,3907,Automate manual workflow,20,105.0,2024
8718,3908,Automate reporting pipeline,40,92.0,2024
8719,3908,Reduce query cost,40,117.0,2024
8720,3909,Reduce production incidents,50,103.0,2024
8721,3909,Improve test coverage,25,88.0,2024
8722,3909,Reduce production incidents,50,96.0,2024
8723,3910,Grow organic traffic,50,110.0,2024
8724,3910,Grow qualified leads,30,104.0,2024
8725,3910,Improve CAC,50,101.0,2024
8726,3911,Launch new module,50,72.0,2024
8727,3911,Increase activation rate,20,102.0,2024
8728,3911,Launch new module,30,63.0,2024
8729,3912,Cut regretted attrition,30,114.0,2024
8730,3912,Improve eNPS,50,103.0,2024
8731,3912,Reduce time-to-hire,50,111.0,2024
8732,3912,Cut regretted attrition,50,105.0,2024
8733,3913,Improve NPS,40,95.0,2024
8734,3913,Reduce churn,25,113.0,2024
8735,3914,Improve eNPS,25,68.0,2024
8736,3914,Reduce time-to-hire,25,61.0,2024
8737,3914,Reduce time-to-hire,30,83.0,2024
8738,3915,Reduce overdue invoices,40,83.0,2024
8739,3915,Reduce overdue invoices,30,95.0,2024
8740,3915,Reduce overdue invoices,30,99.0,2024
8741,3915,Close books faster,20,95.0,2024
8742,3916,Improve retention,50,91.0,2024
8743,3916,Run discovery interviews,50,104.0,2024
8744,3916,Increase activation rate,25,113.0,2024
8745,3917,Increase activation rate,50,100.0,2024
8746,3917,Improve retention,20,112.0,2024
8747,3917,Improve retention,20,87.0,2024
8748,3918,Increase activation rate,20,92.0,2024
8749,3918,Increase activation rate,25,93.0,2024
8750,3918,Run discovery interviews,20,109.0,2024
8751,3919,Grow qualified leads,20,69.0,2024
8752,3919,Grow qualified leads,30,86.0,2024
8753,3919,Launch campaign,30,71.0,2024
8754,3920,Hit quarterly quota,25,93.0,2024
8755,3920,Grow pipeline,30,65.0,2024
8756,3920,Hit quarterly quota,20,75.0,2024
8757,3920,Improve win rate,30,85.0,2024
8758,3921,Improve forecast accuracy,30,86.0,2024
8759,3921,Close books faster,50,56.0,2024
8760,3922,Improve CAC,30,85.0,2024
8761,3922,Launch campaign,40,82.0,2024
8762,3922,Grow qualified leads,30,93.0,2024
8763,3923,Reduce time-to-hire,25,97.0,2024
8764,3923,Cut regretted attrition,50,125.0,2024
8765,3923,Cut regretted attrition,40,90.0,2024
8766,3924,Reduce production incidents,20,85.0,2024
8767,3924,Ship roadmap features,25,77.0,2024
8768,3925,Improve test coverage,25,82.0,2024
8769,3925,Improve test coverage,20,90.0,2024
8770,3926,Reduce process cost,20,75.0,2024
8771,3926,Improve SLA compliance,20,83.0,2024
8772,3926,Reduce process cost,50,99.0,2024
8773,3927,Redesign onboarding,30,93.0,2024
8774,3927,Improve usability score,20,114.0,2024
8775,3928,Improve eNPS,30,99.0,2024
8776,3928,Reduce time-to-hire,40,98.0,2024
8777,3928,Reduce time-to-hire,25,83.0,2024
8778,3928,Reduce time-to-hire,40,88.0,2024
8779,3929,Improve test coverage,50,64.0,2024
8780,3929,Reduce production incidents,20,91.0,2024
8781,3929,Reduce production incidents,20,66.0,2024
8782,3930,Reduce time-to-hire,25,72.0,2024
8783,3930,Reduce time-to-hire,20,72.0,2024
8784,3931,Improve forecast accuracy,40,87.0,2024
8785,3931,Reduce overdue invoices,40,83.0,2024
8786,3932,Improve win rate,40,77.0,2024
8787,3932,Expand key accounts,25,88.0,2024
8788,3932,Grow pipeline,25,97.0,2024
8789,3933,Reduce overdue invoices,25,125.0,2024
8790,3933,Improve forecast accuracy,50,107.0,2024
8791,3933,Improve forecast accuracy,20,112.0,2024
8792,3933,Improve forecast accuracy,25,107.0,2024
8793,3934,Improve win rate,40,106.0,2024
8794,3934,Grow pipeline,25,59.0,2024
8795,3934,Hit quarterly quota,40,104.0,2024
8796,3935,Hit quarterly quota,30,90.0,2024
8797,3935,Grow pipeline,50,84.0,2024
8798,3935,Hit quarterly quota,30,63.0,2024
8799,3936,Improve test coverage,20,103.0,2024
8800,3936,Improve test coverage,25,105.0,2024
8801,3936,Reduce production incidents,40,99.0,2024
8802,3936,Ship roadmap features,40,109.0,2024
8803,3937,Deliver self-serve dashboards,40,90.0,2024
8804,3937,Reduce query cost,25,67.0,2024
8805,3938,Reduce production incidents,50,92.0,2024
8806,3938,Cut API latency,25,53.0,2024
8807,3939,Launch campaign,20,102.0,2024
8808,3939,Grow qualified leads,30,77.0,2024
8809,3939,Grow qualified leads,30,76.0,2024
8810,3940,Cut response time,50,121.0,2024
8811,3940,Reduce churn,30,130.0,2024
8812,3940,Increase upsell,30,104.0,2024
8813,3940,Reduce churn,50,89.0,2024
8814,3941,Improve retention,30,119.0,2024
8815,3941,Launch new module,50,120.0,2024
8816,3941,Run discovery interviews,30,88.0,2024
8817,3942,Improve usability score,30,86.0,2024
8818,3942,Redesign onboarding,25,81.0,2024
8819,3943,Improve eNPS,25,73.0,2024
8820,3943,Reduce time-to-hire,50,60.0,2024
8821,3944,Launch new module,30,92.0,2024
8822,3944,Run discovery interviews,25,109.0,2024
8823,3944,Increase activation rate,25,67.0,2024
8824,3945,Improve CAC,50,78.0,2024
8825,3945,Grow qualified leads,40,92.0,2024
8826,3946,Reduce query cost,30,106.0,2024
8827,3946,Automate reporting pipeline,25,101.0,2024
8828,3947,Increase upsell,25,68.0,2024
8829,3947,Reduce churn,30,94.0,2024
8830,3947,Increase upsell,40,95.0,2024
8831,3947,Reduce churn,25,116.0,2024
8832,3948,Improve forecast accuracy,30,90.0,2024
8833,3948,Improve forecast accuracy,25,65.0,2024
8834,3949,Deliver self-serve dashboards,25,98.0,2024
8835,3949,Automate reporting pipeline,25,92.0,2024
8836,3949,Automate reporting pipeline,25,130.0,2024
8837,3949,Deliver self-serve dashboards,20,110.0,2024
8838,3950,Automate reporting pipeline,20,95.0,2024
8839,3950,Automate reporting pipeline,20,70.0,2024
8840,3951,Improve SLA compliance,30,105.0,2024
8841,3951,Reduce process cost,30,81.0,2024
8842,3952,Redesign onboarding,20,94.0,2024
8843,3952,Build design system,25,101.0,2024
8844,3952,Build design system,40,80.0,2024
8845,3953,Improve usability score,20,89.0,2024
8846,3953,Build design system,30,109.0,2024
8847,3953,Improve usability score,50,80.0,2024
8848,3953,Redesign onboarding,25,86.0,2024
8849,3954,Build design system,20,98.0,2024
8850,3954,Improve usability score,25,97.0,2024
8851,3954,Build design system,20,80.0,2024
8852,3955,Improve win rate,50,84.0,2024
8853,3955,Expand key accounts,40,71.0,2024
8854,3955,Expand key accounts,50,94.0,2024
8855,3955,Expand key accounts,25,96.0,2024
8856,3956,Reduce query cost,50,101.0,2024
8857,3956,Reduce query cost,30,75.0,2024
8858,3956,Automate reporting pipeline,20,111.0,2024
8859,3957,Improve retention,20,81.0,2024
8860,3957,Run discovery interviews,40,86.0,2024
8861,3958,Expand key accounts,40,87.0,2024
8862,3958,Grow pipeline,40,79.0,2024
8863,3958,Expand key accounts,25,69.0,2024
8864,3959,Cut API latency,50,90.0,2024
8865,3959,Reduce production incidents,20,71.0,2024
8866,3960,Increase activation rate,20,91.0,2024
8867,3960,Improve retention,40,78.0,2024
8868,3960,Improve retention,20,100.0,2024
8869,3961,Deliver self-serve dashboards,25,65.0,2024
8870,3961,Improve data quality,20,87.0,2024
8871,3961,Automate reporting pipeline,20,61.0,2024
8872,3961,Improve data quality,40,73.0,2024
8873,3962,Improve win rate,25,80.0,2024
8874,3962,Grow pipeline,30,88.0,2024
8875,3963,Launch new module,25,92.0,2024
8876,3963,Launch new module,25,75.0,2024
8877,3963,Increase activation rate,30,74.0,2024
8878,3963,Launch new module,25,82.0,2024
8879,3964,Build design system,20,88.0,2024
8880,3964,Build design system,40,87.0,2024
8881,3965,Cut API latency,30,59.0,2024
8882,3965,Improve test coverage,40,78.0,2024
8883,3965,Cut API latency,20,83.0,2024
8884,3965,Cut API latency,20,82.0,2024
8885,3966,Improve win rate,20,91.0,2024
8886,3966,Hit quarterly quota,20,82.0,2024
8887,3967,Grow organic traffic,50,64.0,2024
8888,3967,Grow organic traffic,25,96.0,2024
8889,3967,Improve CAC,50,89.0,2024
8890,3968,Grow pipeline,40,93.0,2024
8891,3968,Hit quarterly quota,30,84.0,2024
8892,3969,Build design system,50,107.0,2024
8893,3969,Build design system,20,96.0,2024
8894,3969,Redesign onboarding,40,100.0,2024
8895,3969,Build design system,25,80.0,2024
8896,3970,Reduce process cost,25,101.0,2024
8897,3970,Automate manual workflow,30,121.0,2024
8898,3971,Improve test coverage,40,78.0,2024
8899,3971,Ship roadmap features,40,92.0,2024
8900,3971,Reduce production incidents,30,106.0,2024
8901,3972,Reduce overdue invoices,50,98.0,2024
8902,3972,Improve forecast accuracy,30,102.0,2024
8903,3972,Close books faster,50,80.0,2024
8904,3973,Grow qualified leads,30,124.0,2024
8905,3973,Grow organic traffic,20,93.0,2024
8906,3973,Grow qualified leads,40,100.0,2024
8907,3973,Launch campaign,30,114.0,2024
8908,3974,Increase activation rate,20,98.0,2024
8909,3974,Launch new module,40,77.0,2024
8910,3974,Improve retention,50,86.0,2024
8911,3975,Improve retention,25,100.0,2024
8912,3975,Improve retention,30,94.0,2024
8913,3975,Launch new module,40,86.0,2024
8914,3975,Launch new module,40,100.0,2024
8915,3976,Build design system,20,107.0,2024
8916,3976,Build design system,30,119.0,2024
8917,3976,Improve usability score,40,92.0,2024
8918,3977,Run discovery interviews,20,80.0,2024
8919,3977,Increase activation rate,50,73.0,2024
8920,3977,Increase activation rate,40,89.0,2024
8921,3977,Increase activation rate,50,90.0,2024
8922,3978,Improve usability score,40,72.0,2024
8923,3978,Improve usability score,40,91.0,2024
8924,3979,Improve data quality,30,98.0,2024
8925,3979,Reduce query cost,40,88.0,2024
8926,3979,Deliver self-serve dashboards,50,72.0,2024
8927,3979,Reduce query cost,40,80.0,2024
8928,3980,Improve retention,30,102.0,2024
8929,3980,Launch new module,40,93.0,2024
8930,3980,Launch new module,25,108.0,2024
8931,3980,Increase activation rate,50,71.0,2024
8932,3981,Reduce time-to-hire,30,75.0,2024
8933,3981,Improve eNPS,40,95.0,2024
8934,3981,Improve eNPS,30,91.0,2024
8935,3981,Reduce time-to-hire,25,80.0,2024
8936,3982,Reduce process cost,30,64.0,2024
8937,3982,Reduce process cost,40,96.0,2024
8938,3982,Automate manual workflow,40,97.0,2024
8939,3983,Close books faster,40,107.0,2024
8940,3983,Reduce overdue invoices,20,98.0,2024
8941,3983,Improve forecast accuracy,40,105.0,2024
8942,3983,Reduce overdue invoices,20,87.0,2024
8943,3984,Launch campaign,30,73.0,2024
8944,3984,Improve CAC,20,85.0,2024
8945,3984,Grow qualified leads,20,89.0,2024
8946,3985,Improve SLA compliance,20,121.0,2024
8947,3985,Reduce process cost,20,98.0,2024
8948,3985,Improve SLA compliance,40,101.0,2024
8949,3986,Improve forecast accuracy,50,100.0,2024
8950,3986,Close books faster,20,87.0,2024
8951,3987,Reduce time-to-hire,50,89.0,2024
8952,3987,Cut regretted attrition,50,90.0,2024
8953,3987,Improve eNPS,40,100.0,2024
8954,3987,Improve eNPS,25,81.0,2024
8955,3988,Improve SLA compliance,30,63.0,2024
8956,3988,Reduce process cost,30,86.0,2024
8957,3988,Automate manual workflow,25,71.0,2024
8958,3989,Improve SLA compliance,40,100.0,2024
8959,3989,Reduce process cost,30,113.0,2024
8960,3989,Automate manual workflow,50,89.0,2024
8961,3990,Reduce query cost,30,95.0,2024
8962,3990,Improve data quality,40,82.0,2024
8963,3990,Deliver self-serve dashboards,25,107.0,2024
8964,3991,Increase upsell,25,85.0,2024
8965,3991,Cut response time,30,112.0,2024
8966,3991,Improve NPS,50,101.0,2024
8967,3991,Improve NPS,25,90.0,2024
8968,3992,Grow pipeline,25,90.0,2024
8969,3992,Hit quarterly quota,30,107.0,2024
8970,3993,Increase activation rate,40,99.0,2024
8971,3993,Improve retention,50,111.0,2024
8972,3994,Reduce production incidents,40,62.0,2024
8973,3994,Ship roadmap features,40,79.0,2024
8974,3994,Improve test coverage,25,78.0,2024
8975,3995,Reduce production incidents,20,97.0,2024
8976,3995,Improve test coverage,50,114.0,2024
8977,3995,Cut API latency,40,101.0,2024
8978,3995,Reduce production incidents,50,100.0,2024
8979,3996,Reduce process cost,25,87.0,2024
8980,3996,Reduce process cost,25,91.0,2024
8981,3996,Reduce process cost,20,72.0,2024
8982,3997,Improve NPS,25,104.0,2024
8983,3997,Reduce churn,50,99.0,2024
8984,3998,Expand key accounts,50,86.0,2024
8985,3998,Grow pipeline,25,88.0,2024
8986,3998,Hit quarterly quota,30,94.0,2024
8987,3999,Hit quarterly quota,40,80.0,2024
8988,3999,Improve win rate,20,95.0,2024
8989,3999,Expand key accounts,50,105.0,2024
8990,3999,Expand key accounts,20,72.0,2024
8991,4000,Automate manual workflow,30,94.0,2024
8992,4000,Automate manual workflow,50,90.0,2024
8993,4000,Reduce process cost,30,57.0,2024
8994,4000,Automate manual workflow,30,98.0,2024
8995,4001,Improve NPS,40,74.0,2024
8996,4001,Increase upsell,50,102.0,2024
8997,4002,Hit quarterly quota,20,89.0,2024
8998,4002,Hit quarterly quota,20,100.0,2024
8999,4002,Grow pipeline,20,106.0,2024
9000,4003,Cut response time,40,75.0,2024
9001,4003,Cut response time,20,101.0,2024
9002,4003,Increase upsell,20,100.0,2024
9003,4003,Cut response time,25,95.0,2024
9004,4004,Improve data quality,20,85.0,2024
9005,4004,Deliver self-serve dashboards,20,100.0,2024
9006,4005,Build design system,30,105.0,2024
9007,4005,Redesign onboarding,50,71.0,2024
9008,4005,Build design system,40,93.0,2024
9009,4005,Improve usability score,25,115.0,2024
9010,4006,Build design system,20,70.0,2024
9011,4006,Build design system,50,91.0,2024
9012,4006,Build design system,30,78.0,2024
9013,4006,Redesign onboarding,20,84.0,2024
9014,4007,Improve data quality,30,57.0,2024
9015,4007,Improve data quality,25,74.0,2024
9016,4007,Automate reporting pipeline,40,74.0,2024
9017,4008,Reduce process cost,25,100.0,2024
9018,4008,Improve SLA compliance,20,104.0,2024
9019,4009,Reduce query cost,25,85.0,2024
9020,4009,Improve data quality,25,84.0,2024
9021,4009,Reduce query cost,30,97.0,2024
9022,4010,Improve retention,50,95.0,2024
9023,4010,Launch new module,40,80.0,2024
9024,4010,Run discovery interviews,30,90.0,2024
9025,4010,Launch new module,50,62.0,2024
9026,4011,Improve eNPS,20,80.0,2024
9027,4011,Reduce time-to-hire,40,103.0,2024
9028,4011,Improve eNPS,40,87.0,2024
9029,4011,Cut regretted attrition,50,75.0,2024
9030,4012,Close books faster,50,85.0,2024
9031,4012,Reduce overdue invoices,20,94.0,2024
9032,4012,Close books faster,20,69.0,2024
9033,4013,Redesign onboarding,20,83.0,2024
9034,4013,Improve usability score,30,81.0,2024
9035,4014,Launch new module,25,69.0,2024
9036,4014,Launch new module,30,79.0,2024
9037,4015,Improve data quality,25,103.0,2024
9038,4015,Reduce query cost,40,104.0,2024
9039,4016,Automate reporting pipeline,30,109.0,2024
9040,4016,Deliver self-serve dashboards,50,75.0,2024
9041,4016,Automate reporting pipeline,40,88.0,2024
9042,4017,Close books faster,25,64.0,2024
9043,4017,Improve forecast accuracy,30,80.0,2024
9044,4017,Reduce overdue invoices,50,70.0,2024
9045,4017,Improve forecast accuracy,50,92.0,2024
9046,4018,Build design system,20,77.0,2024
9047,4018,Build design system,20,81.0,2024
9048,4018,Improve usability score,25,88.0,2024
9049,4019,Redesign onboarding,40,56.0,2024
9050,4019,Improve usability score,30,99.0,2024
9051,4019,Build design system,30,85.0,2024
9052,4020,Build design system,50,96.0,2024
9053,4020,Redesign onboarding,25,106.0,2024
9054,4021,Reduce query cost,20,89.0,2024
9055,4021,Improve data quality,20,109.0,2024
9056,4021,Deliver self-serve dashboards,40,70.0,2024
9057,4021,Automate reporting pipeline,40,97.0,2024
9058,4022,Increase activation rate,30,89.0,2024
9059,4022,Run discovery interviews,40,104.0,2024
9060,4022,Increase activation rate,20,123.0,2024
9061,4022,Launch new module,50,100.0,2024
9062,4023,Improve retention,30,96.0,2024
9063,4023,Improve retention,20,110.0,2024
9064,4023,Increase activation rate,30,95.0,2024
9065,4024,Improve eNPS,40,83.0,2024
9066,4024,Reduce time-to-hire,25,90.0,2024
9067,4025,Cut regretted attrition,40,75.0,2024
9068,4025,Improve eNPS,20,82.0,2024
9069,4025,Improve eNPS,20,91.0,2024
9070,4025,Reduce time-to-hire,30,78.0,2024
9071,4026,Ship roadmap features,25,95.0,2024
9072,4026,Cut API latency,25,97.0,2024
9073,4026,Improve test coverage,40,98.0,2024
9074,4027,Increase upsell,30,85.0,2024
9075,4027,Cut response time,20,96.0,2024
9076,4027,Increase upsell,50,96.0,2024
9077,4027,Increase upsell,20,70.0,2024
9078,4028,Automate reporting pipeline,40,116.0,2024
9079,4028,Deliver self-serve dashboards,40,114.0,2024
9080,4029,Redesign onboarding,25,53.0,2024
9081,4029,Redesign onboarding,40,95.0,2024
9082,4029,Build design system,50,93.0,2024
9083,4029,Redesign onboarding,20,92.0,2024
9084,4030,Reduce process cost,50,78.0,2024
9085,4030,Reduce process cost,20,82.0,2024
9086,4031,Build design system,50,79.0,2024
9087,4031,Improve usability score,25,67.0,2024
9088,4032,Run discovery interviews,25,89.0,2024
9089,4032,Increase activation rate,40,82.0,2024
9090,4032,Improve retention,25,106.0,2024
9091,4032,Launch new module,25,74.0,2024
9092,4033,Improve NPS,30,86.0,2024
9093,4033,Improve NPS,50,86.0,2024
9094,4033,Increase upsell,20,85.0,2024
9095,4033,Cut response time,30,100.0,2024
9096,4034,Expand key accounts,20,74.0,2024
9097,4034,Expand key accounts,40,102.0,2024
9098,4034,Improve win rate,40,70.0,2024
9099,4035,Close books faster,30,79.0,2024
9100,4035,Improve forecast accuracy,50,80.0,2024
9101,4036,Close books faster,40,85.0,2024
9102,4036,Improve forecast accuracy,20,122.0,2024
9103,4036,Improve forecast accuracy,50,103.0,2024
9104,4036,Reduce overdue invoices,25,104.0,2024
9105,4037,Increase upsell,20,95.0,2024
9106,4037,Improve NPS,25,74.0,2024
9107,4038,Automate manual workflow,25,75.0,2024
9108,4038,Reduce process cost,20,77.0,2024
9109,4038,Reduce process cost,50,83.0,2024
9110,4039,Reduce query cost,40,90.0,2024
9111,4039,Reduce query cost,40,64.0,2024
9112,4040,Improve usability score,20,89.0,2024
9113,4040,Improve usability score,20,92.0,2024
9114,4040,Build design system,50,93.0,2024
9115,4040,Build design system,40,84.0,2024
9116,4041,Reduce time-to-hire,20,93.0,2024
9117,4041,Reduce time-to-hire,20,75.0,2024
9118,4041,Reduce time-to-hire,25,68.0,2024
9119,4042,Improve win rate,20,84.0,2024
9120,4042,Grow pipeline,40,95.0,2024
9121,4042,Hit quarterly quota,30,90.0,2024
9122,4043,Improve SLA compliance,50,83.0,2024
9123,4043,Improve SLA compliance,50,85.0,2024
9124,4043,Improve SLA compliance,25,91.0,2024
9125,4044,Build design system,20,102.0,2024
9126,4044,Build design system,25,95.0,2024
9127,4045,Redesign onboarding,25,95.0,2024
9128,4045,Build design system,30,57.0,2024
9129,4045,Build design system,25,89.0,2024
9130,4045,Build design system,50,58.0,2024
9131,4046,Cut regretted attrition,25,101.0,2024
9132,4046,Cut regretted attrition,25,93.0,2024
9133,4047,Run discovery interviews,50,84.0,2024
9134,4047,Improve retention,50,84.0,2024
9135,4047,Improve retention,30,90.0,2024
9136,4047,Launch new module,40,102.0,2024
9137,4048,Reduce overdue invoices,25,75.0,2024
9138,4048,Reduce overdue invoices,25,88.0,2024
9139,4048,Reduce overdue invoices,25,78.0,2024
9140,4049,Cut regretted attrition,50,100.0,2024
9141,4049,Cut regretted attrition,25,87.0,2024
9142,4049,Reduce time-to-hire,30,79.0,2024
9143,4050,Cut API latency,25,74.0,2024
9144,4050,Reduce production incidents,50,88.0,2024
9145,4051,Hit quarterly quota,40,94.0,2024
9146,4051,Hit quarterly quota,50,79.0,2024
9147,4051,Hit quarterly quota,50,74.0,2024
9148,4052,Reduce time-to-hire,50,86.0,2024
9149,4052,Cut regretted attrition,50,72.0,2024
9150,4052,Cut regretted attrition,20,101.0,2024
9151,4052,Improve eNPS,20,86.0,2024
9152,4053,Improve NPS,25,81.0,2024
9153,4053,Cut response time,25,67.0,2024
9154,4053,Cut response time,25,90.0,2024
9155,4053,Increase upsell,30,62.0,2024
9156,4054,Ship roadmap features,25,78.0,2024
9157,4054,Cut API latency,30,54.0,2024
9158,4054,Improve test coverage,25,51.0,2024
9159,4055,Reduce query cost,25,51.0,2024
9160,4055,Improve data quality,40,62.0,2024
9161,4055,Improve data quality,25,117.0,2024
9162,4056,Reduce churn,30,74.0,2024
9163,4056,Increase upsell,25,98.0,2024
9164,4057,Improve forecast accuracy,20,102.0,2024
9165,4057,Close books faster,40,79.0,2024
9166,4058,Automate manual workflow,25,101.0,2024
9167,4058,Improve SLA compliance,50,111.0,2024
9168,4058,Reduce process cost,30,118.0,2024
9169,4058,Reduce process cost,20,130.0,2024
9170,4059,Cut response time,30,101.0,2024
9171,4059,Reduce churn,40,119.0,2024
9172,4060,Reduce overdue invoices,40,80.0,2024
9173,4060,Close books faster,30,106.0,2024
9174,4061,Increase upsell,20,87.0,2024
9175,4061,Improve NPS,25,75.0,2024
9176,4061,Cut response time,40,79.0,2024
9177,4061,Reduce churn,30,71.0,2024
9178,4062,Launch campaign,25,121.0,2024
9179,4062,Grow organic traffic,40,111.0,2024
9180,4062,Launch campaign,40,105.0,2024
9181,4063,Cut regretted attrition,20,90.0,2024
9182,4063,Cut regretted attrition,20,95.0,2024
9183,4064,Improve CAC,20,64.0,2024
9184,4064,Grow organic traffic,25,50.0,2024
9185,4065,Automate reporting pipeline,50,92.0,2024
9186,4065,Automate reporting pipeline,50,71.0,2024
9187,4066,Build design system,30,106.0,2024
9188,4066,Build design system,20,87.0,2024
9189,4066,Build design system,25,112.0,2024
9190,4067,Improve test coverage,20,89.0,2024
9191,4067,Cut API latency,40,86.0,2024
9192,4067,Cut API latency,30,76.0,2024
9193,4068,Reduce overdue invoices,50,77.0,2024
9194,4068,Reduce overdue invoices,20,76.0,2024
9195,4068,Reduce overdue invoices,40,102.0,2024
9196,4069,Run discovery interviews,40,65.0,2024
9197,4069,Increase activation rate,25,95.0,2024
9198,4069,Launch new module,25,93.0,2024
9199,4070,Launch campaign,30,73.0,2024
9200,4070,Launch campaign,20,130.0,2024
9201,4070,Launch campaign,25,94.0,2024
9202,4071,Automate manual workflow,20,103.0,2024
9203,4071,Automate manual workflow,30,114.0,2024
9204,4071,Improve SLA compliance,30,102.0,2024
9205,4072,Reduce process cost,50,90.0,2024
9206,4072,Improve SLA compliance,40,76.0,2024
9207,4073,Reduce process cost,25,75.0,2024
9208,4073,Improve SLA compliance,40,88.0,2024
9209,4074,Cut API latency,30,95.0,2024
9210,4074,Improve test coverage,25,84.0,2024
9211,4074,Ship roadmap features,25,115.0,2024
9212,4075,Improve SLA compliance,30,76.0,2024
9213,4075,Improve SLA compliance,20,81.0,2024
9214,4076,Grow organic traffic,25,74.0,2024
9215,4076,Grow qualified leads,50,87.0,2024
9216,4076,Grow qualified leads,25,91.0,2024
9217,4076,Launch campaign,40,78.0,2024
9218,4077,Improve SLA compliance,40,91.0,2024
9219,4077,Reduce process cost,20,95.0,2024
9220,4078,Improve NPS,50,80.0,2024
9221,4078,Increase upsell,50,51.0,2024
9222,4079,Improve retention,20,82.0,2024
9223,4079,Launch new module,25,89.0,2024
9224,4080,Build design system,20,90.0,2024
9225,4080,Redesign onboarding,30,101.0,2024
9226,4081,Redesign onboarding,30,94.0,2024
9227,4081,Redesign onboarding,25,93.0,2024
9228,4081,Build design system,40,85.0,2024
9229,4082,Improve SLA compliance,30,59.0,2024
9230,4082,Improve SLA compliance,20,67.0,2024
9231,4082,Automate manual workflow,40,66.0,2024
9232,4082,Improve SLA compliance,50,50.0,2024
9233,4083,Reduce churn,40,122.0,2024
9234,4083,Improve NPS,25,96.0,2024
9235,4083,Increase upsell,30,106.0,2024
9236,4083,Cut response time,20,92.0,2024
9237,4084,Launch campaign,30,109.0,2024
9238,4084,Improve CAC,25,87.0,2024
9239,4084,Improve CAC,30,98.0,2024
9240,4084,Launch campaign,20,98.0,2024
9241,4085,Cut response time,50,100.0,2024
9242,4085,Improve NPS,25,101.0,2024
9243,4085,Reduce churn,40,79.0,2024
9244,4086,Improve SLA compliance,50,79.0,2024
9245,4086,Automate manual workflow,50,77.0,2024
9246,4086,Automate manual workflow,30,86.0,2024
9247,4086,Reduce process cost,50,82.0,2024
9248,4087,Reduce churn,25,104.0,2024
9249,4087,Increase upsell,30,125.0,2024
9250,4087,Cut response time,20,107.0,2024
9251,4087,Cut response time,50,99.0,2024
9252,4088,Increase activation rate,50,91.0,2024
9253,4088,Increase activation rate,40,112.0,2024
9254,4088,Launch new module,30,98.0,2024
9255,4088,Improve retention,50,73.0,2024
9256,4089,Ship roadmap features,20,75.0,2024
9257,4089,Improve test coverage,30,69.0,2024
9258,4089,Ship roadmap features,40,64.0,2024
9259,4089,Improve test coverage,20,83.0,2024
9260,4090,Launch new module,50,63.0,2024
9261,4090,Run discovery interviews,20,74.0,2024
9262,4091,Reduce process cost,40,78.0,2024
9263,4091,Automate manual workflow,30,76.0,2024
9264,4092,Reduce churn,40,80.0,2024
9265,4092,Reduce churn,40,73.0,2024
9266,4092,Reduce churn,30,72.0,2024
9267,4093,Reduce time-to-hire,25,73.0,2024
9268,4093,Improve eNPS,20,79.0,2024
9269,4093,Improve eNPS,25,61.0,2024
9270,4094,Reduce query cost,20,57.0,2024
9271,4094,Improve data quality,40,59.0,2024
9272,4094,Deliver self-serve dashboards,40,85.0,2024
9273,4095,Cut response time,50,112.0,2024
9274,4095,Increase upsell,25,97.0,2024
9275,4096,Improve NPS,20,78.0,2024
9276,4096,Cut response time,50,97.0,2024
9277,4097,Improve retention,20,79.0,2024
9278,4097,Run discovery interviews,50,74.0,2024
9279,4097,Run discovery interviews,25,84.0,2024
9280,4097,Run discovery interviews,40,101.0,2024
9281,4098,Hit quarterly quota,30,91.0,2024
9282,4098,Hit quarterly quota,50,74.0,2024
9283,4099,Grow pipeline,50,96.0,2024
9284,4099,Grow pipeline,20,107.0,2024
9285,4099,Hit quarterly quota,40,82.0,2024
9286,4100,Automate manual workflow,40,101.0,2024
9287,4100,Reduce process cost,50,116.0,2024
9288,4100,Reduce process cost,30,125.0,2024
9289,4101,Improve forecast accuracy,20,93.0,2024
9290,4101,Close books faster,50,64.0,2024
9291,4101,Close books faster,30,67.0,2024
9292,4102,Improve SLA compliance,20,75.0,2024
9293,4102,Reduce process cost,30,66.0,2024
9294,4102,Reduce process cost,20,91.0,2024
9295,4103,Improve eNPS,20,74.0,2024
9296,4103,Improve eNPS,20,104.0,2024
9297,4103,Improve eNPS,25,79.0,2024
9298,4104,Increase upsell,20,64.0,2024
9299,4104,Improve NPS,50,79.0,2024
9300,4104,Cut response time,25,88.0,2024
9301,4104,Cut response time,40,68.0,2024
9302,4105,Improve test coverage,30,104.0,2024
9303,4105,Cut API latency,40,89.0,2024
9304,4105,Reduce production incidents,50,92.0,2024
9305,4106,Hit quarterly quota,30,101.0,2024
9306,4106,Grow pipeline,30,89.0,2024
9307,4106,Hit quarterly quota,50,82.0,2024
9308,4107,Reduce process cost,25,111.0,2024
9309,4107,Reduce process cost,20,90.0,2024
9310,4107,Improve SLA compliance,50,95.0,2024
9311,4108,Reduce overdue invoices,30,103.0,2024
9312,4108,Close books faster,50,73.0,2024
9313,4108,Reduce overdue invoices,25,107.0,2024
9314,4109,Grow qualified leads,25,51.0,2024
9315,4109,Improve CAC,50,68.0,2024
9316,4110,Grow organic traffic,40,69.0,2024
9317,4110,Improve CAC,30,77.0,2024
9318,4110,Improve CAC,30,72.0,2024
9319,4110,Launch campaign,50,103.0,2024
9320,4111,Grow qualified leads,50,125.0,2024
9321,4111,Grow organic traffic,40,102.0,2024
9322,4111,Grow organic traffic,25,130.0,2024
9323,4111,Launch campaign,50,105.0,2024
9324,4112,Improve data quality,25,98.0,2024
9325,4112,Deliver self-serve dashboards,30,91.0,2024
9326,4112,Improve data quality,40,90.0,2024
9327,4113,Reduce query cost,25,99.0,2024
9328,4113,Reduce query cost,40,70.0,2024
9329,4113,Improve data quality,50,91.0,2024
9330,4113,Reduce query cost,20,102.0,2024
9331,4114,Improve forecast accuracy,20,77.0,2024
9332,4114,Improve forecast accuracy,30,78.0,2024
9333,4115,Improve test coverage,50,81.0,2024
9334,4115,Improve test coverage,30,99.0,2024
9335,4116,Automate manual workflow,30,81.0,2024
9336,4116,Reduce process cost,20,66.0,2024
9337,4117,Improve win rate,50,89.0,2024
9338,4117,Grow pipeline,50,74.0,2024
9339,4117,Improve win rate,50,99.0,2024
9340,4118,Improve SLA compliance,20,76.0,2024
9341,4118,Automate manual workflow,50,93.0,2024
9342,4118,Automate manual workflow,40,75.0,2024
9343,4119,Improve NPS,50,74.0,2024
9344,4119,Increase upsell,30,76.0,2024
9345,4119,Increase upsell,20,88.0,2024
9346,4119,Cut response time,50,80.0,2024
9347,4120,Launch campaign,25,117.0,2024
9348,4120,Grow qualified leads,30,120.0,2024
9349,4121,Reduce production incidents,30,95.0,2024
9350,4121,Ship roadmap features,20,104.0,2024
9351,4121,Improve test coverage,30,107.0,2024
9352,4121,Improve test coverage,20,86.0,2024
9353,4122,Cut API latency,40,90.0,2024
9354,4122,Cut API latency,25,80.0,2024
9355,4122,Improve test coverage,25,77.0,2024
9356,4122,Improve test coverage,40,88.0,2024
9357,4123,Reduce production incidents,30,80.0,2024
9358,4123,Reduce production incidents,30,87.0,2024
9359,4123,Ship roadmap features,40,65.0,2024
9360,4124,Run discovery interviews,20,92.0,2024
9361,4124,Launch new module,30,101.0,2024
9362,4124,Improve retention,40,87.0,2024
9363,4124,Run discovery interviews,40,92.0,2024
9364,4125,Redesign onboarding,40,85.0,2024
9365,4125,Improve usability score,40,91.0,2024
9366,4126,Grow organic traffic,30,84.0,2024
9367,4126,Grow qualified leads,20,100.0,2024
9368,4126,Grow qualified leads,40,88.0,2024
9369,4126,Launch campaign,20,97.0,2024
9370,4127,Deliver self-serve dashboards,20,96.0,2024
9371,4127,Reduce query cost,25,100.0,2024
9372,4127,Improve data quality,30,104.0,2024
9373,4127,Reduce query cost,20,96.0,2024
9374,4128,Increase activation rate,30,98.0,2024
9375,4128,Increase activation rate,20,114.0,2024
9376,4128,Run discovery interviews,20,102.0,2024
9377,4129,Launch new module,50,130.0,2024
9378,4129,Launch new module,25,92.0,2024
9379,4129,Increase activation rate,50,104.0,2024
9380,4129,Launch new module,30,93.0,2024
9381,4130,Reduce overdue invoices,25,85.0,2024
9382,4130,Reduce overdue invoices,20,91.0,2024
9383,4131,Grow pipeline,50,75.0,2024
9384,4131,Improve win rate,20,75.0,2024
9385,4132,Cut regretted attrition,20,92.0,2024
9386,4132,Improve eNPS,40,71.0,2024
9387,4133,Cut response time,25,71.0,2024
9388,4133,Reduce churn,30,81.0,2024
9389,4133,Increase upsell,30,85.0,2024
9390,4134,Redesign onboarding,40,118.0,2024
9391,4134,Improve usability score,25,93.0,2024
9392,4135,Increase activation rate,30,71.0,2024
9393,4135,Run discovery interviews,30,86.0,2024
9394,4135,Run discovery interviews,30,110.0,2024
9395,4135,Improve retention,40,81.0,2024
9396,4136,Launch campaign,30,72.0,2024
9397,4136,Improve CAC,40,68.0,2024
9398,4136,Improve CAC,25,85.0,2024
9399,4136,Improve CAC,25,84.0,2024
9400,4137,Launch campaign,40,80.0,2024
9401,4137,Launch campaign,20,70.0,2024
9402,4137,Grow qualified leads,25,88.0,2024
9403,4137,Launch campaign,50,85.0,2024
9404,4138,Redesign onboarding,50,51.0,2024
9405,4138,Redesign onboarding,30,65.0,2024
9406,4139,Improve SLA compliance,20,99.0,2024
9407,4139,Improve SLA compliance,40,120.0,2024
9408,4140,Improve eNPS,30,102.0,2024
9409,4140,Cut regretted attrition,30,97.0,2024
9410,4141,Reduce churn,25,82.0,2024
9411,4141,Increase upsell,50,94.0,2024
9412,4141,Improve NPS,30,83.0,2024
9413,4141,Reduce churn,40,77.0,2024
9414,4142,Reduce process cost,25,93.0,2024
9415,4142,Improve SLA compliance,30,73.0,2024
9416,4142,Automate manual workflow,25,108.0,2024
9417,4142,Automate manual workflow,20,97.0,2024
9418,4143,Improve eNPS,20,69.0,2024
9419,4143,Cut regretted attrition,25,88.0,2024
9420,4143,Reduce time-to-hire,50,95.0,2024
9421,4143,Reduce time-to-hire,20,99.0,2024
9422,4144,Grow qualified leads,40,68.0,2024
9423,4144,Improve CAC,50,82.0,2024
9424,4144,Improve CAC,25,83.0,2024
9425,4145,Cut regretted attrition,40,95.0,2024
9426,4145,Improve eNPS,50,112.0,2024
9427,4146,Increase activation rate,20,74.0,2024
9428,4146,Increase activation rate,25,108.0,2024
9429,4147,Improve CAC,40,90.0,2024
9430,4147,Grow organic traffic,20,79.0,2024
9431,4148,Redesign onboarding,30,76.0,2024
9432,4148,Build design system,50,99.0,2024
9433,4148,Build design system,25,95.0,2024
9434,4148,Build design system,40,98.0,2024
9435,4149,Improve eNPS,20,89.0,2024
9436,4149,Reduce time-to-hire,50,88.0,2024
9437,4149,Cut regretted attrition,25,74.0,2024
9438,4150,Improve test coverage,40,71.0,2024
9439,4150,Ship roadmap features,50,74.0,2024
9440,4150,Cut API latency,25,72.0,2024
9441,4151,Automate manual workflow,40,119.0,2024
9442,4151,Improve SLA compliance,30,72.0,2024
9443,4151,Improve SLA compliance,25,89.0,2024
9444,4151,Improve SLA compliance,50,115.0,2024
9445,4152,Launch campaign,50,105.0,2024
9446,4152,Improve CAC,20,80.0,2024
9447,4152,Improve CAC,20,111.0,2024
9448,4152,Grow organic traffic,30,111.0,2024
9449,4153,Reduce time-to-hire,30,52.0,2024
9450,4153,Improve eNPS,20,97.0,2024
9451,4153,Cut regretted attrition,20,79.0,2024
9452,4153,Cut regretted attrition,20,95.0,2024
9453,4154,Grow pipeline,50,82.0,2024
9454,4154,Improve win rate,40,81.0,2024
9455,4154,Grow pipeline,50,53.0,2024
9456,4154,Expand key accounts,50,78.0,2024
9457,4155,Deliver self-serve dashboards,25,102.0,2024
9458,4155,Automate reporting pipeline,20,81.0,2024
9459,4156,Reduce query cost,25,61.0,2024
9460,4156,Improve data quality,25,75.0,2024
9461,4156,Improve data quality,40,71.0,2024
9462,4157,Improve eNPS,25,70.0,2024
9463,4157,Improve eNPS,50,74.0,2024
9464,4157,Cut regretted attrition,20,89.0,2024
9465,4158,Increase upsell,50,73.0,2024
9466,4158,Cut response time,40,69.0,2024
9467,4159,Launch new module,25,89.0,2024
9468,4159,Improve retention,50,94.0,2024
9469,4159,Improve retention,30,102.0,2024
9470,4159,Launch new module,20,83.0,2024
9471,4160,Improve SLA compliance,20,83.0,2024
9472,4160,Automate manual workflow,30,96.0,2024
9473,4161,Improve retention,30,84.0,2024
9474,4161,Improve retention,50,75.0,2024
9475,4161,Improve retention,40,75.0,2024
9476,4161,Launch new module,20,78.0,2024
9477,4162,Increase upsell,20,95.0,2024
9478,4162,Increase upsell,20,76.0,2024
9479,4162,Cut response time,20,109.0,2024
9480,4163,Improve NPS,25,110.0,2024
9481,4163,Reduce churn,40,104.0,2024
9482,4164,Improve win rate,50,80.0,2024
9483,4164,Hit quarterly quota,25,92.0,2024
9484,4164,Improve win rate,30,100.0,2024
9485,4165,Grow pipeline,50,85.0,2024
9486,4165,Hit quarterly quota,20,89.0,2024
9487,4165,Grow pipeline,25,95.0,2024
9488,4165,Hit quarterly quota,30,74.0,2024
9489,4166,Improve usability score,20,110.0,2024
9490,4166,Redesign onboarding,40,115.0,2024
9491,4167,Increase activation rate,20,84.0,2024
9492,4167,Launch new module,50,60.0,2024
9493,4168,Grow pipeline,50,114.0,2024
9494,4168,Improve win rate,40,110.0,2024
9495,4168,Improve win rate,30,101.0,2024
9496,4169,Launch new module,40,94.0,2024
9497,4169,Launch new module,40,98.0,2024
9498,4170,Cut regretted attrition,20,73.0,2024
9499,4170,Improve eNPS,50,64.0,2024
9500,4171,Improve NPS,25,80.0,2024
9501,4171,Reduce churn,25,89.0,2024
9502,4171,Improve NPS,30,83.0,2024
9503,4172,Cut response time,40,95.0,2024
9504,4172,Cut response time,40,73.0,2024
9505,4173,Ship roadmap features,20,103.0,2024
9506,4173,Ship roadmap features,40,99.0,2024
9507,4173,Improve test coverage,40,104.0,2024
9508,4173,Ship roadmap features,20,102.0,2024
9509,4174,Close books faster,30,56.0,2024
9510,4174,Improve forecast accuracy,50,55.0,2024
9511,4175,Build design system,50,86.0,2024
9512,4175,Redesign onboarding,50,76.0,2024
9513,4175,Build design system,40,67.0,2024
9514,4175,Build design system,40,97.0,2024
9515,4176,Reduce time-to-hire,50,79.0,2024
9516,4176,Reduce time-to-hire,50,102.0,2024
9517,4177,Improve forecast accuracy,50,122.0,2024
9518,4177,Close books faster,50,105.0,2024
9519,4177,Reduce overdue invoices,50,98.0,2024
9520,4177,Improve forecast accuracy,30,109.0,2024
9521,4178,Increase upsell,40,88.0,2024
9522,4178,Increase upsell,25,76.0,2024
9523,4179,Cut response time,25,95.0,2024
9524,4179,Cut response time,50,110.0,2024
9525,4179,Improve NPS,30,71.0,2024
9526,4180,Increase upsell,50,101.0,2024
9527,4180,Increase upsell,50,91.0,2024
9528,4180,Cut response time,30,99.0,2024
9529,4181,Cut API latency,40,96.0,2024
9530,4181,Improve test coverage,30,104.0,2024
9531,4181,Cut API latency,40,83.0,2024
9532,4182,Hit quarterly quota,30,89.0,2024
9533,4182,Hit quarterly quota,50,80.0,2024
9534,4182,Expand key accounts,30,98.0,2024
9535,4182,Hit quarterly quota,40,91.0,2024
9536,4183,Cut API latency,30,83.0,2024
9537,4183,Improve test coverage,20,85.0,2024
9538,4183,Reduce production incidents,30,89.0,2024
9539,4184,Improve usability score,20,90.0,2024
9540,4184,Build design system,50,96.0,2024
9541,4184,Redesign onboarding,30,94.0,2024
9542,4184,Build design system,50,111.0,2024
9543,4185,Redesign onboarding,30,95.0,2024
9544,4185,Redesign onboarding,40,82.0,2024
9545,4185,Build design system,40,80.0,2024
9546,4186,Build design system,50,105.0,2024
9547,4186,Build design system,20,72.0,2024
9548,4186,Improve usability score,50,113.0,2024
9549,4186,Redesign onboarding,30,97.0,2024
9550,4187,Improve eNPS,40,115.0,2024
9551,4187,Reduce time-to-hire,40,102.0,2024
9552,4187,Reduce time-to-hire,50,102.0,2024
9553,4187,Cut regretted attrition,25,110.0,2024
9554,4188,Increase upsell,20,106.0,2024
9555,4188,Increase upsell,20,95.0,2024
9556,4188,Cut response time,25,123.0,2024
9557,4188,Cut response time,30,119.0,2024
9558,4189,Ship roadmap features,20,93.0,2024
9559,4189,Ship roadmap features,25,95.0,2024
9560,4190,Grow pipeline,20,85.0,2024
9561,4190,Grow pipeline,25,72.0,2024
9562,4190,Hit quarterly quota,25,99.0,2024
9563,4191,Launch campaign,30,76.0,2024
9564,4191,Grow organic traffic,25,77.0,2024
9565,4191,Grow organic traffic,40,71.0,2024
9566,4191,Improve CAC,30,87.0,2024
9567,4192,Improve SLA compliance,30,62.0,2024
9568,4192,Automate manual workflow,40,81.0,2024
9569,4192,Reduce process cost,50,83.0,2024
9570,4192,Reduce process cost,20,88.0,2024
9571,4193,Improve usability score,20,93.0,2024
9572,4193,Redesign onboarding,50,105.0,2024
9573,4193,Build design system,30,107.0,2024
9574,4194,Improve CAC,50,79.0,2024
9575,4194,Launch campaign,25,106.0,2024
9576,4194,Improve CAC,30,84.0,2024
9577,4195,Improve usability score,30,92.0,2024
9578,4195,Improve usability score,50,80.0,2024
9579,4195,Improve usability score,50,48.0,2024
9580,4195,Improve usability score,50,74.0,2024
9581,4196,Improve eNPS,50,102.0,2024
9582,4196,Improve eNPS,25,85.0,2024
9583,4197,Automate manual workflow,50,93.0,2024
9584,4197,Automate manual workflow,30,93.0,2024
9585,4197,Improve SLA compliance,25,90.0,2024
9586,4198,Reduce overdue invoices,40,91.0,2024
9587,4198,Reduce overdue invoices,30,108.0,2024
9588,4198,Close books faster,25,83.0,2024
9589,4198,Close books faster,50,83.0,2024
9590,4199,Grow qualified leads,20,101.0,2024
9591,4199,Grow qualified leads,40,70.0,2024
9592,4199,Launch campaign,50,97.0,2024
9593,4199,Grow organic traffic,25,81.0,2024
9594,4200,Improve SLA compliance,20,112.0,2024
9595,4200,Reduce process cost,50,127.0,2024
9596,4201,Close books faster,25,69.0,2024
9597,4201,Improve forecast accuracy,20,75.0,2024
9598,4201,Reduce overdue invoices,50,50.0,2024
9599,4202,Grow qualified leads,20,112.0,2024
9600,4202,Launch campaign,20,116.0,2024
9601,4202,Launch campaign,30,107.0,2024
9602,4202,Grow organic traffic,20,92.0,2024
9603,4203,Grow organic traffic,30,80.0,2024
9604,4203,Grow qualified leads,20,86.0,2024
9605,4203,Launch campaign,50,89.0,2024
9606,4203,Grow organic traffic,30,89.0,2024
9607,4204,Improve CAC,30,117.0,2024
9608,4204,Launch campaign,30,121.0,2024
9609,4204,Launch campaign,25,99.0,2024
9610,4204,Grow qualified leads,20,107.0,2024
9611,4205,Improve eNPS,25,90.0,2024
9612,4205,Reduce time-to-hire,50,91.0,2024
9613,4205,Improve eNPS,20,106.0,2024
9614,4205,Cut regretted attrition,25,99.0,2024
9615,4206,Grow organic traffic,30,76.0,2024
9616,4206,Launch campaign,50,102.0,2024
9617,4206,Grow qualified leads,40,77.0,2024
9618,4206,Grow organic traffic,25,83.0,2024
9619,4207,Improve eNPS,20,111.0,2024
9620,4207,Cut regretted attrition,30,87.0,2024
9621,4207,Improve eNPS,20,81.0,2024
9622,4208,Increase activation rate,50,109.0,2024
9623,4208,Increase activation rate,50,97.0,2024
9624,4208,Launch new module,40,89.0,2024
9625,4209,Improve forecast accuracy,40,120.0,2024
9626,4209,Close books faster,40,92.0,2024
9627,4209,Reduce overdue invoices,40,89.0,2024
9628,4210,Reduce production incidents,40,104.0,2024
9629,4210,Reduce production incidents,40,85.0,2024
9630,4210,Improve test coverage,20,99.0,2024
9631,4210,Ship roadmap features,30,107.0,2024
9632,4211,Reduce time-to-hire,50,83.0,2024
9633,4211,Improve eNPS,50,89.0,2024
9634,4212,Improve forecast accuracy,50,83.0,2024
9635,4212,Improve forecast accuracy,30,107.0,2024
9636,4213,Improve forecast accuracy,50,111.0,2024
9637,4213,Close books faster,40,94.0,2024
9638,4213,Improve forecast accuracy,20,92.0,2024
9639,4213,Reduce overdue invoices,40,112.0,2024
9640,4214,Grow pipeline,25,85.0,2024
9641,4214,Expand key accounts,50,74.0,2024
9642,4214,Hit quarterly quota,30,101.0,2024
9643,4214,Expand key accounts,50,89.0,2024
9644,4215,Improve retention,50,77.0,2024
9645,4215,Increase activation rate,40,74.0,2024
9646,4215,Increase activation rate,50,54.0,2024
9647,4215,Launch new module,40,85.0,2024
9648,4216,Grow qualified leads,20,62.0,2024
9649,4216,Grow qualified leads,25,86.0,2024
9650,4216,Improve CAC,30,100.0,2024
9651,4217,Grow pipeline,20,75.0,2024
9652,4217,Improve win rate,30,75.0,2024
9653,4218,Reduce overdue invoices,40,116.0,2024
9654,4218,Reduce overdue invoices,20,110.0,2024
9655,4218,Improve forecast accuracy,40,104.0,2024
9656,4218,Close books faster,30,106.0,2024
9657,4219,Deliver self-serve dashboards,25,121.0,2024
9658,4219,Deliver self-serve dashboards,40,119.0,2024
9659,4219,Improve data quality,25,100.0,2024
9660,4219,Reduce query cost,30,115.0,2024
9661,4220,Improve win rate,50,84.0,2024
9662,4220,Hit quarterly quota,25,75.0,2024
9663,4220,Expand key accounts,50,70.0,2024
9664,4220,Expand key accounts,20,101.0,2024
9665,4221,Reduce production incidents,20,90.0,2024
9666,4221,Reduce production incidents,25,69.0,2024
9667,4222,Cut API latency,50,95.0,2024
9668,4222,Improve test coverage,25,63.0,2024
9669,4223,Ship roadmap features,20,70.0,2024
9670,4223,Improve test coverage,25,76.0,2024
9671,4224,Increase upsell,20,90.0,2024
9672,4224,Cut response time,20,69.0,2024
9673,4225,Cut API latency,20,81.0,2024
9674,4225,Ship roadmap features,40,73.0,2024
9675,4225,Cut API latency,50,84.0,2024
9676,4225,Cut API latency,25,98.0,2024
9677,4226,Run discovery interviews,50,75.0,2024
9678,4226,Increase activation rate,50,94.0,2024
9679,4227,Reduce production incidents,25,83.0,2024
9680,4227,Ship roadmap features,25,89.0,2024
9681,4227,Reduce production incidents,50,73.0,2024
9682,4227,Ship roadmap features,25,49.0,2024
9683,4228,Build design system,30,98.0,2024
9684,4228,Improve usability score,30,76.0,2024
9685,4229,Grow pipeline,30,58.0,2024
9686,4229,Hit quarterly quota,50,74.0,2024
9687,4229,Expand key accounts,50,65.0,2024
9688,4229,Hit quarterly quota,40,96.0,2024
9689,4230,Improve win rate,40,43.0,2024
9690,4230,Hit quarterly quota,20,57.0,2024
9691,4230,Improve win rate,25,72.0,2024
9692,4231,Improve win rate,50,102.0,2024
9693,4231,Hit quarterly quota,20,101.0,2024
9694,4231,Grow pipeline,50,97.0,2024
9695,4231,Improve win rate,25,101.0,2024
9696,4232,Deliver self-serve dashboards,20,90.0,2024
9697,4232,Reduce query cost,20,78.0,2024
9698,4233,Reduce production incidents,50,56.0,2024
9699,4233,Ship roadmap features,20,74.0,2024
9700,4233,Ship roadmap features,40,74.0,2024
9701,4233,Cut API latency,30,71.0,2024
9702,4234,Improve win rate,20,104.0,2024
9703,4234,Grow pipeline,20,74.0,2024
9704,4235,Cut response time,50,89.0,2024
9705,4235,Improve NPS,30,90.0,2024
9706,4235,Reduce churn,40,100.0,2024
9707,4236,Ship roadmap features,25,85.0,2024
9708,4236,Improve test coverage,50,77.0,2024
9709,4237,Reduce time-to-hire,40,77.0,2024
9710,4237,Cut regretted attrition,25,79.0,2024
9711,4238,Reduce time-to-hire,20,94.0,2024
9712,4238,Cut regretted attrition,30,87.0,2024
9713,4239,Cut regretted attrition,40,79.0,2024
9714,4239,Cut regretted attrition,40,104.0,2024
9715,4240,Deliver self-serve dashboards,30,107.0,2024
9716,4240,Reduce query cost,25,96.0,2024
9717,4240,Automate reporting pipeline,20,109.0,2024
9718,4240,Reduce query cost,40,93.0,2024
9719,4241,Automate reporting pipeline,40,91.0,2024
9720,4241,Improve data quality,20,50.0,2024
9721,4242,Close books faster,20,86.0,2024
9722,4242,Close books faster,30,81.0,2024
9723,4242,Close books faster,40,90.0,2024
9724,4242,Reduce overdue invoices,40,105.0,2024
9725,4243,Launch campaign,30,88.0,2024
9726,4243,Improve CAC,40,92.0,2024
9727,4243,Improve CAC,50,59.0,2024
9728,4244,Reduce churn,25,100.0,2024
9729,4244,Increase upsell,20,66.0,2024
9730,4245,Increase activation rate,20,85.0,2024
9731,4245,Launch new module,30,100.0,2024
9732,4245,Improve retention,50,78.0,2024
9733,4245,Run discovery interviews,50,107.0,2024
9734,4246,Cut regretted attrition,30,81.0,2024
9735,4246,Reduce time-to-hire,50,64.0,2024
9736,4246,Reduce time-to-hire,50,80.0,2024
9737,4246,Reduce time-to-hire,50,92.0,2024
9738,4247,Improve win rate,30,108.0,2024
9739,4247,Improve win rate,50,105.0,2024
9740,4247,Improve win rate,50,114.0,2024
9741,4248,Improve CAC,30,83.0,2024
9742,4248,Launch campaign,40,105.0,2024
9743,4248,Improve CAC,20,109.0,2024
9744,4249,Cut response time,30,112.0,2024
9745,4249,Increase upsell,25,94.0,2024
9746,4249,Reduce churn,40,77.0,2024
9747,4250,Run discovery interviews,25,125.0,2024
9748,4250,Improve retention,50,120.0,2024
9749,4250,Increase activation rate,30,104.0,2024
9750,4251,Increase upsell,20,98.0,2024
9751,4251,Increase upsell,30,61.0,2024
9752,4251,Increase upsell,30,94.0,2024
9753,4252,Improve test coverage,40,107.0,2024
9754,4252,Improve test coverage,50,103.0,2024
9755,4252,Reduce production incidents,30,76.0,2024
9756,4253,Reduce process cost,25,100.0,2024
9757,4253,Reduce process cost,25,107.0,2024
9758,4253,Automate manual workflow,50,88.0,2024
9759,4253,Automate manual workflow,50,114.0,2024
9760,4254,Build design system,30,92.0,2024
9761,4254,Build design system,30,69.0,2024
9762,4254,Redesign onboarding,50,90.0,2024
9763,4254,Improve usability score,25,82.0,2024
9764,4255,Reduce process cost,25,66.0,2024
9765,4255,Improve SLA compliance,40,46.0,2024
9766,4256,Improve test coverage,25,68.0,2024
9767,4256,Reduce production incidents,25,103.0,2024
9768,4256,Reduce production incidents,25,92.0,2024
9769,4256,Cut API latency,50,55.0,2024
9770,4257,Improve forecast accuracy,30,92.0,2024
9771,4257,Improve forecast accuracy,50,66.0,2024
9772,4257,Close books faster,50,67.0,2024
9773,4257,Close books faster,40,64.0,2024
9774,4258,Run discovery interviews,25,100.0,2024
9775,4258,Run discovery interviews,20,72.0,2024
9776,4258,Improve retention,30,91.0,2024
9777,4259,Close books faster,30,70.0,2024
9778,4259,Close books faster,25,71.0,2024
9779,4260,Close books faster,25,103.0,2024
9780,4260,Reduce overdue invoices,25,110.0,2024
9781,4260,Improve forecast accuracy,20,101.0,2024
9782,4261,Reduce process cost,40,90.0,2024
9783,4261,Improve SLA compliance,25,94.0,2024
9784,4262,Improve forecast accuracy,25,77.0,2024
9785,4262,Close books faster,40,104.0,2024
9786,4263,Increase activation rate,50,84.0,2024
9787,4263,Run discovery interviews,30,69.0,2024
9788,4263,Launch new module,40,73.0,2024
9789,4264,Reduce overdue invoices,20,89.0,2024
9790,4264,Improve forecast accuracy,25,87.0,2024
9791,4265,Improve CAC,50,77.0,2024
9792,4265,Grow organic traffic,40,61.0,2024
9793,4266,Ship roadmap features,30,72.0,2024
9794,4266,Ship roadmap features,20,120.0,2024
9795,4267,Improve win rate,50,104.0,2024
9796,4267,Grow pipeline,40,116.0,2024
9797,4268,Build design system,50,86.0,2024
9798,4268,Redesign onboarding,40,115.0,2024
9799,4268,Redesign onboarding,25,93.0,2024
9800,4269,Improve win rate,30,92.0,2024
9801,4269,Hit quarterly quota,20,93.0,2024
9802,4270,Improve test coverage,50,62.0,2024
9803,4270,Reduce production incidents,50,70.0,2024
9804,4270,Reduce production incidents,20,83.0,2024
9805,4270,Improve test coverage,25,73.0,2024
9806,4271,Reduce time-to-hire,40,95.0,2024
9807,4271,Cut regretted attrition,50,104.0,2024
9808,4271,Reduce time-to-hire,30,86.0,2024
9809,4271,Reduce time-to-hire,20,96.0,2024
9810,4272,Build design system,25,99.0,2024
9811,4272,Redesign onboarding,50,84.0,2024
9812,4272,Improve usability score,30,100.0,2024
9813,4273,Improve SLA compliance,30,76.0,2024
9814,4273,Improve SLA compliance,25,92.0,2024
9815,4273,Reduce process cost,50,86.0,2024
9816,4274,Grow organic traffic,20,91.0,2024
9817,4274,Grow organic traffic,25,102.0,2024
9818,4274,Grow qualified leads,30,100.0,2024
9819,4274,Grow qualified leads,50,94.0,2024
9820,4275,Redesign onboarding,25,89.0,2024
9821,4275,Build design system,25,85.0,2024
9822,4275,Build design system,25,87.0,2024
9823,4275,Improve usability score,20,76.0,2024
9824,4276,Reduce churn,40,103.0,2024
9825,4276,Improve NPS,20,101.0,2024
9826,4277,Grow pipeline,25,74.0,2024
9827,4277,Grow pipeline,30,76.0,2024
9828,4277,Grow pipeline,20,86.0,2024
9829,4278,Cut regretted attrition,40,94.0,2024
9830,4278,Reduce time-to-hire,30,80.0,2024
9831,4278,Improve eNPS,40,79.0,2024
9832,4278,Cut regretted attrition,25,105.0,2024
9833,4279,Grow qualified leads,40,67.0,2024
9834,4279,Grow qualified leads,25,82.0,2024
9835,4279,Grow qualified leads,25,88.0,2024
9836,4279,Launch campaign,40,70.0,2024
9837,4280,Expand key accounts,50,66.0,2024
9838,4280,Hit quarterly quota,20,66.0,2024
9839,4280,Grow pipeline,30,44.0,2024
9840,4280,Hit quarterly quota,50,72.0,2024
9841,4281,Improve CAC,40,86.0,2024
9842,4281,Improve CAC,30,77.0,2024
9843,4281,Launch campaign,50,69.0,2024
9844,4281,Launch campaign,25,63.0,2024
9845,4282,Run discovery interviews,40,69.0,2024
9846,4282,Increase activation rate,30,47.0,2024
9847,4283,Reduce overdue invoices,25,91.0,2024
9848,4283,Close books faster,20,98.0,2024
9849,4284,Grow organic traffic,40,83.0,2024
9850,4284,Launch campaign,20,93.0,2024
9851,4284,Grow organic traffic,40,77.0,2024
9852,4284,Launch campaign,20,79.0,2024
9853,4285,Improve usability score,20,98.0,2024
9854,4285,Redesign onboarding,30,121.0,2024
9855,4286,Improve test coverage,20,84.0,2024
9856,4286,Ship roadmap features,40,116.0,2024
9857,4286,Cut API latency,40,86.0,2024
9858,4287,Reduce time-to-hire,25,109.0,2024
9859,4287,Reduce time-to-hire,20,103.0,2024
9860,4288,Launch new module,30,89.0,2024
9861,4288,Run discovery interviews,30,112.0,2024
9862,4288,Increase activation rate,20,87.0,2024
9863,4289,Automate reporting pipeline,25,80.0,2024
9864,4289,Reduce query cost,40,88.0,2024
9865,4290,Increase upsell,40,119.0,2024
9866,4290,Increase upsell,25,97.0,2024
9867,4290,Cut response time,25,99.0,2024
9868,4290,Increase upsell,40,76.0,2024
9869,4291,Reduce churn,50,103.0,2024
9870,4291,Increase upsell,30,106.0,2024
9871,4291,Reduce churn,40,81.0,2024
9872,4291,Improve NPS,20,81.0,2024
9873,4292,Grow qualified leads,25,95.0,2024
9874,4292,Grow qualified leads,50,64.0,2024
9875,4293,Improve SLA compliance,40,88.0,2024
9876,4293,Improve SLA compliance,40,76.0,2024
9877,4294,Reduce process cost,20,82.0,2024
9878,4294,Improve SLA compliance,25,73.0,2024
9879,4295,Improve usability score,50,73.0,2024
9880,4295,Redesign onboarding,25,95.0,2024
9881,4295,Improve usability score,20,67.0,2024
9882,4295,Redesign onboarding,25,111.0,2024
9883,4296,Grow pipeline,25,98.0,2024
9884,4296,Expand key accounts,20,87.0,2024
9885,4296,Improve win rate,20,100.0,2024
9886,4297,Run discovery interviews,30,77.0,2024
9887,4297,Launch new module,30,95.0,2024
9888,4297,Launch new module,25,72.0,2024
9889,4298,Redesign onboarding,30,108.0,2024
9890,4298,Build design system,40,87.0,2024
9891,4298,Build design system,30,109.0,2024
9892,4298,Build design system,40,99.0,2024
9893,4299,Close books faster,40,100.0,2024
9894,4299,Reduce overdue invoices,20,82.0,2024
9895,4300,Improve retention,30,68.0,2024
9896,4300,Increase activation rate,25,88.0,2024
9897,4300,Run discovery interviews,30,102.0,2024
9898,4301,Increase upsell,30,103.0,2024
9899,4301,Improve NPS,25,87.0,2024
9900,4302,Improve CAC,30,112.0,2024
9901,4302,Grow organic traffic,40,125.0,2024
9902,4302,Grow organic traffic,40,109.0,2024
9903,4303,Launch new module,25,66.0,2024
9904,4303,Run discovery interviews,40,84.0,2024
9905,4303,Run discovery interviews,20,85.0,2024
9906,4303,Run discovery interviews,30,81.0,2024
9907,4304,Reduce process cost,50,93.0,2024
9908,4304,Improve SLA compliance,30,95.0,2024
9909,4304,Reduce process cost,30,88.0,2024
9910,4304,Improve SLA compliance,25,106.0,2024
9911,4305,Improve NPS,20,89.0,2024
9912,4305,Increase upsell,50,73.0,2024
9913,4305,Cut response time,30,77.0,2024
9914,4306,Improve forecast accuracy,30,85.0,2024
9915,4306,Reduce overdue invoices,40,97.0,2024
9916,4307,Grow qualified leads,40,80.0,2024
9917,4307,Launch campaign,25,104.0,2024
9918,4307,Grow organic traffic,20,90.0,2024
9919,4307,Grow organic traffic,20,82.0,2024
9920,4308,Reduce overdue invoices,25,109.0,2024
9921,4308,Improve forecast accuracy,50,85.0,2024
9922,4308,Reduce overdue invoices,40,92.0,2024
9923,4308,Close books faster,20,93.0,2024
9924,4309,Cut API latency,20,82.0,2024
9925,4309,Reduce production incidents,30,97.0,2024
9926,4310,Improve win rate,25,55.0,2024
9927,4310,Improve win rate,25,77.0,2024
9928,4310,Hit quarterly quota,20,98.0,2024
9929,4311,Improve win rate,30,85.0,2024
9930,4311,Grow pipeline,30,80.0,2024
9931,4311,Hit quarterly quota,20,68.0,2024
9932,4311,Improve win rate,20,87.0,2024
9933,4312,Deliver self-serve dashboards,25,70.0,2024
9934,4312,Reduce query cost,50,80.0,2024
9935,4312,Automate reporting pipeline,50,92.0,2024
9936,4312,Reduce query cost,50,90.0,2024
9937,4313,Launch new module,30,114.0,2024
9938,4313,Improve retention,30,93.0,2024
9939,4314,Automate manual workflow,25,83.0,2024
9940,4314,Reduce process cost,30,94.0,2024
9941,4314,Reduce process cost,30,71.0,2024
9942,4314,Automate manual workflow,50,91.0,2024
9943,4315,Launch campaign,50,67.0,2024
9944,4315,Grow organic traffic,50,95.0,2024
9945,4315,Grow organic traffic,30,75.0,2024
9946,4316,Improve forecast accuracy,30,78.0,2024
9947,4316,Close books faster,50,46.0,2024
9948,4317,Automate reporting pipeline,30,66.0,2024
9949,4317,Improve data quality,40,84.0,2024
9950,4317,Improve data quality,40,50.0,2024
9951,4317,Deliver self-serve dashboards,40,85.0,2024
9952,4318,Improve test coverage,50,84.0,2024
9953,4318,Cut API latency,50,85.0,2024
9954,4318,Improve test coverage,20,85.0,2024
9955,4318,Cut API latency,50,98.0,2024
9956,4319,Cut API latency,40,87.0,2024
9957,4319,Ship roadmap features,30,105.0,2024
9958,4319,Ship roadmap features,20,82.0,2024
9959,4319,Reduce production incidents,30,96.0,2024
9960,4320,Hit quarterly quota,50,86.0,2024
9961,4320,Expand key accounts,40,76.0,2024
9962,4320,Improve win rate,30,82.0,2024
9963,4320,Hit quarterly quota,20,79.0,2024
9964,4321,Launch new module,25,93.0,2024
9965,4321,Improve retention,40,90.0,2024
9966,4321,Run discovery interviews,20,96.0,2024
9967,4321,Launch new module,40,86.0,2024
9968,4322,Close books faster,25,71.0,2024
9969,4322,Improve forecast accuracy,20,79.0,2024
9970,4322,Close books faster,20,44.0,2024
9971,4323,Launch new module,50,98.0,2024
9972,4323,Improve retention,50,87.0,2024
9973,4323,Run discovery interviews,25,68.0,2024
9974,4323,Improve retention,20,83.0,2024
9975,4324,Reduce query cost,30,88.0,2024
9976,4324,Reduce query cost,20,99.0,2024
9977,4324,Deliver self-serve dashboards,25,91.0,2024
9978,4324,Improve data quality,20,79.0,2024
9979,4325,Improve CAC,40,74.0,2024
9980,4325,Grow qualified leads,25,90.0,2024
9981,4325,Grow qualified leads,20,79.0,2024
9982,4325,Launch campaign,30,67.0,2024
9983,4326,Deliver self-serve dashboards,20,72.0,2024
9984,4326,Reduce query cost,25,89.0,2024
9985,4326,Deliver self-serve dashboards,20,75.0,2024
9986,4327,Reduce time-to-hire,25,69.0,2024
9987,4327,Improve eNPS,40,87.0,2024
9988,4327,Improve eNPS,50,74.0,2024
9989,4327,Reduce time-to-hire,40,88.0,2024
9990,4328,Improve usability score,25,88.0,2024
9991,4328,Redesign onboarding,50,72.0,2024
9992,4328,Improve usability score,30,66.0,2024
9993,4328,Redesign onboarding,20,96.0,2024
9994,4329,Cut response time,20,96.0,2024
9995,4329,Improve NPS,20,100.0,2024
9996,4330,Cut response time,20,98.0,2024
9997,4330,Cut response time,20,89.0,2024
9998,4331,Improve retention,40,69.0,2024
9999,4331,Run discovery interviews,50,101.0,2024
10000,4331,Increase activation rate,50,72.0,2024
10001,4331,Run discovery interviews,40,107.0,2024
10002,4332,Improve SLA compliance,40,86.0,2024
10003,4332,Improve SLA compliance,20,67.0,2024
10004,4332,Reduce process cost,50,85.0,2024
10005,4332,Improve SLA compliance,40,94.0,2024
10006,4333,Improve data quality,40,95.0,2024
10007,4333,Deliver self-serve dashboards,40,105.0,2024
10008,4333,Automate reporting pipeline,20,79.0,2024
10009,4334,Reduce time-to-hire,40,91.0,2024
10010,4334,Cut regretted attrition,50,84.0,2024
10011,4335,Cut response time,40,64.0,2024
10012,4335,Increase upsell,20,81.0,2024
10013,4335,Reduce churn,50,89.0,2024
10014,4335,Cut response time,20,73.0,2024
10015,4336,Improve data quality,25,93.0,2024
10016,4336,Deliver self-serve dashboards,40,94.0,2024
10017,4337,Automate reporting pipeline,50,104.0,2024
10018,4337,Automate reporting pipeline,40,100.0,2024
10019,4337,Automate reporting pipeline,20,119.0,2024
10020,4338,Improve win rate,25,93.0,2024
10021,4338,Expand key accounts,20,89.0,2024
10022,4338,Hit quarterly quota,40,92.0,2024
10023,4338,Hit quarterly quota,20,119.0,2024
10024,4339,Redesign onboarding,25,67.0,2024
10025,4339,Redesign onboarding,25,84.0,2024
10026,4340,Grow qualified leads,25,60.0,2024
10027,4340,Grow organic traffic,50,77.0,2024
10028,4340,Improve CAC,50,89.0,2024
10029,4340,Grow qualified leads,30,83.0,2024
10030,4341,Improve usability score,20,59.0,2024
10031,4341,Redesign onboarding,20,75.0,2024
10032,4342,Redesign onboarding,40,108.0,2024
10033,4342,Improve usability score,25,105.0,2024
10034,4342,Build design system,50,94.0,2024
10035,4342,Redesign onboarding,20,112.0,2024
10036,4343,Grow organic traffic,40,86.0,2024
10037,4343,Grow organic traffic,20,63.0,2024
10038,4343,Grow qualified leads,20,70.0,2024
10039,4344,Cut regretted attrition,30,75.0,2024
10040,4344,Reduce time-to-hire,20,82.0,2024
10041,4344,Improve eNPS,25,76.0,2024
10042,4345,Improve usability score,25,72.0,2024
10043,4345,Improve usability score,25,86.0,2024
10044,4346,Redesign onboarding,50,104.0,2024
10045,4346,Build design system,30,87.0,2024
10046,4346,Redesign onboarding,50,110.0,2024
10047,4347,Automate manual workflow,40,110.0,2024
10048,4347,Improve SLA compliance,40,96.0,2024
10049,4347,Reduce process cost,25,80.0,2024
10050,4348,Hit quarterly quota,40,98.0,2024
10051,4348,Hit quarterly quota,25,115.0,2024
10052,4349,Improve forecast accuracy,30,87.0,2024
10053,4349,Reduce overdue invoices,40,82.0,2024
10054,4349,Improve forecast accuracy,30,96.0,2024
10055,4350,Redesign onboarding,30,99.0,2024
10056,4350,Improve usability score,25,97.0,2024
10057,4351,Automate reporting pipeline,50,73.0,2024
10058,4351,Improve data quality,30,90.0,2024
10059,4351,Deliver self-serve dashboards,50,85.0,2024
10060,4351,Automate reporting pipeline,30,71.0,2024
10061,4352,Expand key accounts,30,109.0,2024
10062,4352,Improve win rate,20,108.0,2024
10063,4352,Grow pipeline,30,99.0,2024
10064,4352,Grow pipeline,30,91.0,2024
10065,4353,Improve SLA compliance,40,59.0,2024
10066,4353,Improve SLA compliance,25,64.0,2024
10067,4353,Reduce process cost,25,77.0,2024
10068,4353,Improve SLA compliance,20,84.0,2024
10069,4354,Grow organic traffic,30,74.0,2024
10070,4354,Launch campaign,50,72.0,2024
10071,4354,Grow organic traffic,40,74.0,2024
10072,4354,Grow qualified leads,25,82.0,2024
10073,4355,Increase activation rate,25,82.0,2024
10074,4355,Increase activation rate,40,66.0,2024
10075,4356,Launch new module,50,98.0,2024
10076,4356,Launch new module,20,103.0,2024
10077,4357,Grow qualified leads,50,89.0,2024
10078,4357,Grow organic traffic,40,76.0,2024
10079,4358,Improve usability score,40,71.0,2024
10080,4358,Build design system,30,78.0,2024
10081,4358,Improve usability score,25,93.0,2024
10082,4359,Expand key accounts,50,75.0,2024
10083,4359,Hit quarterly quota,40,83.0,2024
10084,4360,Reduce production incidents,20,48.0,2024
10085,4360,Improve test coverage,50,80.0,2024
10086,4361,Improve CAC,20,80.0,2024
10087,4361,Grow organic traffic,40,66.0,2024
10088,4361,Grow organic traffic,40,77.0,2024
10089,4362,Close books faster,50,91.0,2024
10090,4362,Improve forecast accuracy,20,92.0,2024
10091,4362,Reduce overdue invoices,25,86.0,2024
10092,4363,Reduce overdue invoices,40,89.0,2024
10093,4363,Reduce overdue invoices,30,95.0,2024
10094,4363,Reduce overdue invoices,50,89.0,2024
10095,4363,Close books faster,20,78.0,2024
10096,4364,Reduce query cost,20,112.0,2024
10097,4364,Reduce query cost,30,93.0,2024
10098,4364,Deliver self-serve dashboards,30,89.0,2024
10099,4365,Improve win rate,30,90.0,2024
10100,4365,Expand key accounts,30,79.0,2024
10101,4365,Expand key accounts,40,109.0,2024
10102,4366,Improve SLA compliance,25,94.0,2024
10103,4366,Automate manual workflow,40,102.0,2024
10104,4366,Improve SLA compliance,30,93.0,2024
10105,4366,Improve SLA compliance,30,94.0,2024
10106,4367,Improve eNPS,50,91.0,2024
10107,4367,Cut regretted attrition,50,96.0,2024
10108,4368,Grow pipeline,50,91.0,2024
10109,4368,Expand key accounts,25,96.0,2024
10110,4369,Improve NPS,40,66.0,2024
10111,4369,Cut response time,40,84.0,2024
10112,4370,Increase upsell,50,90.0,2024
10113,4370,Increase upsell,25,105.0,2024
10114,4370,Cut response time,30,94.0,2024
10115,4371,Improve test coverage,40,99.0,2024
10116,4371,Improve test coverage,30,99.0,2024
10117,4371,Improve test coverage,20,100.0,2024
10118,4371,Ship roadmap features,20,96.0,2024
10119,4372,Reduce production incidents,25,78.0,2024
10120,4372,Reduce production incidents,30,82.0,2024
10121,4372,Ship roadmap features,40,70.0,2024
10122,4372,Cut API latency,30,92.0,2024
10123,4373,Build design system,30,123.0,2024
10124,4373,Redesign onboarding,50,116.0,2024
10125,4373,Improve usability score,25,106.0,2024
10126,4373,Redesign onboarding,25,106.0,2024
10127,4374,Improve test coverage,30,90.0,2024
10128,4374,Ship roadmap features,25,59.0,2024
10129,4375,Improve eNPS,40,100.0,2024
10130,4375,Cut regretted attrition,25,109.0,2024
10131,4375,Reduce time-to-hire,50,99.0,2024
10132,4376,Reduce overdue invoices,40,65.0,2024
10133,4376,Improve forecast accuracy,40,75.0,2024
10134,4376,Reduce overdue invoices,30,69.0,2024
10135,4376,Improve forecast accuracy,50,97.0,2024
10136,4377,Grow pipeline,20,100.0,2024
10137,4377,Grow pipeline,50,88.0,2024
10138,4377,Hit quarterly quota,20,94.0,2024
10139,4377,Grow pipeline,25,83.0,2024
10140,4378,Grow organic traffic,40,86.0,2024
10141,4378,Grow qualified leads,50,80.0,2024
10142,4378,Grow qualified leads,30,88.0,2024
10143,4378,Grow organic traffic,40,81.0,2024
10144,4379,Close books faster,30,113.0,2024
10145,4379,Close books faster,20,106.0,2024
10146,4380,Improve retention,50,58.0,2024
10147,4380,Increase activation rate,40,87.0,2024
10148,4381,Redesign onboarding,20,94.0,2024
10149,4381,Build design system,25,78.0,2024
10150,4382,Improve test coverage,25,93.0,2024
10151,4382,Reduce production incidents,20,68.0,2024
10152,4382,Improve test coverage,50,88.0,2024
10153,4382,Cut API latency,40,65.0,2024
10154,4383,Reduce churn,50,84.0,2024
10155,4383,Reduce churn,40,70.0,2024
10156,4383,Improve NPS,50,87.0,2024
10157,4384,Improve test coverage,20,106.0,2024
10158,4384,Improve test coverage,40,95.0,2024
10159,4384,Ship roadmap features,20,86.0,2024
10160,4385,Grow qualified leads,20,73.0,2024
10161,4385,Grow qualified leads,20,85.0,2024
10162,4385,Grow qualified leads,50,87.0,2024
10163,4386,Improve test coverage,25,110.0,2024
10164,4386,Reduce production incidents,20,97.0,2024
10165,4386,Ship roadmap features,40,94.0,2024
10166,4387,Improve NPS,25,103.0,2024
10167,4387,Reduce churn,40,106.0,2024
10168,4387,Increase upsell,40,94.0,2024
10169,4388,Improve forecast accuracy,25,88.0,2024
10170,4388,Improve forecast accuracy,40,79.0,2024
10171,4388,Reduce overdue invoices,25,88.0,2024
10172,4388,Reduce overdue invoices,20,88.0,2024
10173,4389,Launch new module,40,66.0,2024
10174,4389,Launch new module,25,90.0,2024
10175,4389,Run discovery interviews,40,84.0,2024
10176,4389,Run discovery interviews,25,86.0,2024
10177,4390,Cut regretted attrition,20,72.0,2024
10178,4390,Reduce time-to-hire,30,100.0,2024
10179,4390,Reduce time-to-hire,20,91.0,2024
10180,4390,Cut regretted attrition,20,86.0,2024
10181,4391,Improve retention,25,76.0,2024
10182,4391,Run discovery interviews,20,91.0,2024
10183,4391,Improve retention,20,82.0,2024
10184,4392,Improve NPS,40,113.0,2024
10185,4392,Increase upsell,25,88.0,2024
10186,4392,Improve NPS,20,91.0,2024
10187,4393,Launch campaign,40,83.0,2024
10188,4393,Grow qualified leads,30,80.0,2024
10189,4393,Improve CAC,50,98.0,2024
10190,4394,Improve NPS,50,79.0,2024
10191,4394,Reduce churn,40,96.0,2024
10192,4394,Cut response time,30,102.0,2024
10193,4394,Improve NPS,50,97.0,2024
10194,4395,Improve test coverage,30,91.0,2024
10195,4395,Reduce production incidents,30,97.0,2024
10196,4395,Improve test coverage,40,101.0,2024
10197,4395,Improve test coverage,25,68.0,2024
10198,4396,Cut regretted attrition,30,86.0,2024
10199,4396,Improve eNPS,30,82.0,2024
10200,4396,Reduce time-to-hire,50,88.0,2024
10201,4396,Cut regretted attrition,40,68.0,2024
10202,4397,Improve win rate,30,100.0,2024
10203,4397,Expand key accounts,50,97.0,2024
10204,4398,Improve NPS,25,93.0,2024
10205,4398,Increase upsell,30,90.0,2024
10206,4398,Increase upsell,30,80.0,2024
10207,4398,Reduce churn,30,97.0,2024
10208,4399,Improve SLA compliance,20,97.0,2024
10209,4399,Improve SLA compliance,20,86.0,2024
10210,4400,Reduce query cost,20,76.0,2024
10211,4400,Automate reporting pipeline,40,72.0,2024
10212,4400,Reduce query cost,50,86.0,2024
10213,4401,Reduce process cost,30,114.0,2024
10214,4401,Improve SLA compliance,50,112.0,2024
10215,4401,Automate manual workflow,20,85.0,2024
10216,4402,Build design system,40,60.0,2024
10217,4402,Improve usability score,50,75.0,2024
10218,4402,Improve usability score,40,103.0,2024
10219,4402,Build design system,25,84.0,2024
10220,4403,Cut API latency,50,86.0,2024
10221,4403,Ship roadmap features,25,79.0,2024
10222,4403,Ship roadmap features,50,71.0,2024
10223,4403,Improve test coverage,25,95.0,2024
10224,4404,Grow qualified leads,20,91.0,2024
10225,4404,Improve CAC,30,82.0,2024
10226,4404,Launch campaign,25,87.0,2024
10227,4404,Launch campaign,25,81.0,2024
10228,4405,Improve eNPS,40,82.0,2024
10229,4405,Cut regretted attrition,25,77.0,2024
10230,4405,Improve eNPS,40,81.0,2024
10231,4405,Cut regretted attrition,25,98.0,2024
10232,4406,Improve SLA compliance,30,96.0,2024
10233,4406,Improve SLA compliance,30,108.0,2024
10234,4407,Improve usability score,40,97.0,2024
10235,4407,Redesign onboarding,20,88.0,2024
10236,4407,Redesign onboarding,20,95.0,2024
10237,4408,Grow qualified leads,20,99.0,2024
10238,4408,Grow organic traffic,30,83.0,2024
10239,4408,Grow qualified leads,40,108.0,2024
10240,4408,Improve CAC,25,82.0,2024
10241,4409,Automate manual workflow,25,98.0,2024
10242,4409,Reduce process cost,25,91.0,2024
10243,4409,Reduce process cost,50,99.0,2024
10244,4410,Close books faster,20,80.0,2024
10245,4410,Improve forecast accuracy,20,68.0,2024
10246,4410,Improve forecast accuracy,40,87.0,2024
10247,4410,Reduce overdue invoices,30,86.0,2024
10248,4411,Ship roadmap features,50,105.0,2024
10249,4411,Cut API latency,50,87.0,2024
10250,4411,Cut API latency,20,74.0,2024
10251,4412,Improve SLA compliance,25,79.0,2024
10252,4412,Reduce process cost,50,100.0,2024
10253,4412,Improve SLA compliance,30,81.0,2024
10254,4413,Reduce production incidents,20,110.0,2024
10255,4413,Improve test coverage,30,97.0,2024
10256,4413,Ship roadmap features,30,103.0,2024
10257,4413,Cut API latency,25,94.0,2024
10258,4414,Grow organic traffic,25,98.0,2024
10259,4414,Grow organic traffic,30,124.0,2024
10260,4414,Improve CAC,25,118.0,2024
10261,4414,Grow qualified leads,40,112.0,2024
10262,4415,Improve CAC,20,85.0,2024
10263,4415,Improve CAC,50,81.0,2024
10264,4416,Grow organic traffic,50,90.0,2024
10265,4416,Launch campaign,25,61.0,2024
10266,4416,Grow organic traffic,40,58.0,2024
10267,4417,Grow qualified leads,30,87.0,2024
10268,4417,Improve CAC,40,88.0,2024
10269,4417,Grow organic traffic,25,69.0,2024
10270,4418,Cut regretted attrition,50,113.0,2024
10271,4418,Improve eNPS,30,129.0,2024
10272,4419,Grow organic traffic,40,115.0,2024
10273,4419,Grow qualified leads,25,100.0,2024
10274,4420,Deliver self-serve dashboards,40,82.0,2024
10275,4420,Deliver self-serve dashboards,50,85.0,2024
10276,4420,Deliver self-serve dashboards,30,74.0,2024
10277,4420,Automate reporting pipeline,40,98.0,2024
10278,4421,Improve data quality,25,89.0,2024
10279,4421,Automate reporting pipeline,20,83.0,2024
10280,4421,Automate reporting pipeline,30,86.0,2024
10281,4422,Improve win rate,30,93.0,2024
10282,4422,Hit quarterly quota,25,110.0,2024
10283,4422,Expand key accounts,25,93.0,2024
10284,4423,Reduce production incidents,40,73.0,2024
10285,4423,Reduce production incidents,25,81.0,2024
10286,4424,Improve CAC,25,87.0,2024
10287,4424,Improve CAC,30,82.0,2024
10288,4424,Grow qualified leads,50,60.0,2024
10289,4425,Grow pipeline,25,83.0,2024
10290,4425,Hit quarterly quota,40,76.0,2024
10291,4425,Improve win rate,40,86.0,2024
10292,4426,Improve CAC,20,82.0,2024
10293,4426,Grow organic traffic,25,94.0,2024
10294,4427,Grow organic traffic,20,103.0,2024
10295,4427,Launch campaign,50,80.0,2024
10296,4427,Launch campaign,30,108.0,2024
10297,4427,Launch campaign,30,87.0,2024
10298,4428,Reduce production incidents,20,106.0,2024
10299,4428,Cut API latency,30,85.0,2024
10300,4429,Cut API latency,40,90.0,2024
10301,4429,Cut API latency,30,81.0,2024
10302,4429,Reduce production incidents,30,120.0,2024
10303,4430,Deliver self-serve dashboards,20,89.0,2024
10304,4430,Improve data quality,20,103.0,2024
10305,4430,Reduce query cost,25,99.0,2024
10306,4431,Launch new module,30,119.0,2024
10307,4431,Launch new module,25,104.0,2024
10308,4432,Cut API latency,25,65.0,2024
10309,4432,Reduce production incidents,30,60.0,2024
10310,4432,Cut API latency,30,61.0,2024
10311,4432,Cut API latency,50,76.0,2024
10312,4433,Cut response time,20,89.0,2024
10313,4433,Cut response time,20,61.0,2024
10314,4433,Improve NPS,30,82.0,2024
10315,4434,Reduce process cost,40,81.0,2024
10316,4434,Reduce process cost,40,77.0,2024
10317,4435,Cut response time,50,86.0,2024
10318,4435,Increase upsell,20,87.0,2024
10319,4436,Reduce process cost,25,109.0,2024
10320,4436,Reduce process cost,20,78.0,2024
10321,4436,Improve SLA compliance,40,100.0,2024
10322,4436,Automate manual workflow,50,94.0,2024
10323,4437,Improve retention,30,111.0,2024
10324,4437,Launch new module,25,105.0,2024
10325,4437,Run discovery interviews,30,108.0,2024
10326,4438,Improve retention,20,93.0,2024
10327,4438,Improve retention,20,86.0,2024
10328,4438,Launch new module,30,110.0,2024
10329,4439,Automate manual workflow,30,84.0,2024
10330,4439,Improve SLA compliance,50,72.0,2024
10331,4440,Increase upsell,50,89.0,2024
10332,4440,Improve NPS,30,79.0,2024
10333,4440,Cut response time,20,78.0,2024
10334,4441,Redesign onboarding,20,93.0,2024
10335,4441,Improve usability score,25,104.0,2024
10336,4442,Cut response time,20,97.0,2024
10337,4442,Cut response time,25,79.0,2024
10338,4443,Automate reporting pipeline,50,101.0,2024
10339,4443,Improve data quality,50,83.0,2024
10340,4443,Improve data quality,40,84.0,2024
10341,4443,Automate reporting pipeline,50,108.0,2024
10342,4444,Improve NPS,50,63.0,2024
10343,4444,Reduce churn,50,68.0,2024
10344,4445,Run discovery interviews,50,123.0,2024
10345,4445,Launch new module,20,73.0,2024
10346,4445,Run discovery interviews,30,83.0,2024
10347,4445,Increase activation rate,20,112.0,2024
10348,4446,Improve SLA compliance,40,68.0,2024
10349,4446,Automate manual workflow,30,68.0,2024
10350,4446,Reduce process cost,40,85.0,2024
10351,4446,Automate manual workflow,20,83.0,2024
10352,4447,Reduce overdue invoices,20,73.0,2024
10353,4447,Reduce overdue invoices,40,75.0,2024
10354,4448,Run discovery interviews,30,71.0,2024
10355,4448,Launch new module,25,86.0,2024
10356,4448,Run discovery interviews,25,100.0,2024
10357,4448,Improve retention,50,101.0,2024
10358,4449,Improve test coverage,25,89.0,2024
10359,4449,Ship roadmap features,25,87.0,2024
10360,4450,Reduce production incidents,40,89.0,2024
10361,4450,Cut API latency,30,73.0,2024
10362,4450,Reduce production incidents,40,89.0,2024
10363,4450,Cut API latency,25,92.0,2024
10364,4451,Grow pipeline,20,76.0,2024
10365,4451,Expand key accounts,30,106.0,2024
10366,4452,Grow pipeline,20,97.0,2024
10367,4452,Grow pipeline,30,92.0,2024
10368,4452,Grow pipeline,40,80.0,2024
10369,4452,Expand key accounts,25,86.0,2024
10370,4453,Improve retention,50,82.0,2024
10371,4453,Launch new module,40,91.0,2024
10372,4453,Run discovery interviews,30,85.0,2024
10373,4454,Reduce churn,50,56.0,2024
10374,4454,Improve NPS,30,63.0,2024
10375,4455,Cut API latency,30,81.0,2024
10376,4455,Reduce production incidents,40,111.0,2024
10377,4455,Ship roadmap features,50,65.0,2024
10378,4456,Reduce query cost,25,97.0,2024
10379,4456,Reduce query cost,20,95.0,2024
10380,4457,Increase upsell,50,100.0,2024
10381,4457,Improve NPS,40,93.0,2024
10382,4457,Improve NPS,50,100.0,2024
10383,4458,Grow pipeline,30,102.0,2024
10384,4458,Hit quarterly quota,25,92.0,2024
10385,4459,Automate reporting pipeline,25,103.0,2024
10386,4459,Improve data quality,30,97.0,2024
10387,4459,Reduce query cost,20,88.0,2024
10388,4460,Grow organic traffic,30,124.0,2024
10389,4460,Grow organic traffic,50,103.0,2024
10390,4460,Grow organic traffic,30,82.0,2024
10391,4460,Grow organic traffic,30,106.0,2024
10392,4461,Reduce overdue invoices,30,101.0,2024
10393,4461,Improve forecast accuracy,30,98.0,2024
10394,4461,Improve forecast accuracy,30,84.0,2024
10395,4461,Reduce overdue invoices,25,108.0,2024
10396,4462,Cut response time,25,100.0,2024
10397,4462,Improve NPS,20,107.0,2024
10398,4463,Improve retention,30,78.0,2024
10399,4463,Run discovery interviews,40,68.0,2024
10400,4464,Reduce churn,30,104.0,2024
10401,4464,Reduce churn,25,84.0,2024
10402,4464,Reduce churn,30,71.0,2024
10403,4465,Improve SLA compliance,30,62.0,2024
10404,4465,Automate manual workflow,40,79.0,2024
10405,4466,Hit quarterly quota,50,92.0,2024
10406,4466,Expand key accounts,30,87.0,2024
10407,4466,Expand key accounts,50,85.0,2024
10408,4467,Grow organic traffic,25,98.0,2024
10409,4467,Grow organic traffic,30,86.0,2024
10410,4467,Launch campaign,40,102.0,2024
10411,4467,Grow organic traffic,20,95.0,2024
10412,4468,Reduce process cost,20,101.0,2024
10413,4468,Improve SLA compliance,30,125.0,2024
10414,4469,Grow pipeline,50,115.0,2024
10415,4469,Grow pipeline,30,94.0,2024
10416,4469,Hit quarterly quota,20,92.0,2024
10417,4469,Expand key accounts,30,91.0,2024
10418,4470,Improve NPS,50,104.0,2024
10419,4470,Cut response time,40,52.0,2024
10420,4470,Cut response time,30,94.0,2024
10421,4471,Improve NPS,20,102.0,2024
10422,4471,Cut response time,40,88.0,2024
10423,4471,Reduce churn,25,99.0,2024
10424,4472,Reduce time-to-hire,25,83.0,2024
10425,4472,Improve eNPS,40,67.0,2024
10426,4472,Cut regretted attrition,40,86.0,2024
10427,4472,Improve eNPS,30,76.0,2024
10428,4473,Grow qualified leads,20,85.0,2024
10429,4473,Launch campaign,25,95.0,2024
10430,4473,Grow organic traffic,20,77.0,2024
10431,4474,Reduce production incidents,50,61.0,2024
10432,4474,Ship roadmap features,20,38.0,2024
10433,4474,Reduce production incidents,25,57.0,2024
10434,4474,Improve test coverage,20,53.0,2024
10435,4475,Automate manual workflow,25,93.0,2024
10436,4475,Reduce process cost,50,91.0,2024
10437,4475,Improve SLA compliance,40,103.0,2024
10438,4475,Automate manual workflow,20,97.0,2024
10439,4476,Improve NPS,25,65.0,2024
10440,4476,Reduce churn,25,60.0,2024
10441,4476,Reduce churn,20,76.0,2024
10442,4477,Reduce query cost,40,81.0,2024
10443,4477,Deliver self-serve dashboards,40,98.0,2024
10444,4477,Deliver self-serve dashboards,20,96.0,2024
10445,4478,Launch campaign,40,69.0,2024
10446,4478,Grow organic traffic,50,90.0,2024
10447,4478,Grow organic traffic,50,85.0,2024
10448,4478,Launch campaign,30,87.0,2024
10449,4479,Cut regretted attrition,40,83.0,2024
10450,4479,Cut regretted attrition,30,102.0,2024
10451,4479,Improve eNPS,50,104.0,2024
10452,4479,Improve eNPS,20,114.0,2024
10453,4480,Improve retention,50,96.0,2024
10454,4480,Increase activation rate,40,93.0,2024
10455,4481,Build design system,40,117.0,2024
10456,4481,Redesign onboarding,50,112.0,2024
10457,4481,Redesign onboarding,40,129.0,2024
10458,4481,Improve usability score,25,107.0,2024
10459,4482,Improve win rate,20,55.0,2024
10460,4482,Hit quarterly quota,50,77.0,2024
10461,4483,Reduce overdue invoices,25,104.0,2024
10462,4483,Close books faster,40,96.0,2024
10463,4483,Reduce overdue invoices,50,98.0,2024
10464,4483,Improve forecast accuracy,40,95.0,2024
10465,4484,Run discovery interviews,50,75.0,2024
10466,4484,Improve retention,25,78.0,2024
10467,4484,Increase activation rate,20,66.0,2024
10468,4484,Launch new module,25,76.0,2024
10469,4485,Increase upsell,20,88.0,2024
10470,4485,Improve NPS,20,72.0,2024
10471,4485,Increase upsell,25,71.0,2024
10472,4486,Reduce time-to-hire,20,69.0,2024
10473,4486,Improve eNPS,25,102.0,2024
10474,4486,Reduce time-to-hire,40,86.0,2024
10475,4487,Improve test coverage,20,83.0,2024
10476,4487,Ship roadmap features,25,91.0,2024
10477,4487,Improve test coverage,25,89.0,2024
10478,4488,Improve win rate,50,75.0,2024
10479,4488,Improve win rate,40,98.0,2024
10480,4488,Expand key accounts,20,83.0,2024
10481,4488,Grow pipeline,50,59.0,2024
10482,4489,Grow qualified leads,20,98.0,2024
10483,4489,Launch campaign,50,70.0,2024
10484,4489,Improve CAC,50,65.0,2024
10485,4490,Increase activation rate,30,76.0,2024
10486,4490,Improve retention,25,48.0,2024
10487,4490,Run discovery interviews,50,76.0,2024
10488,4491,Improve eNPS,20,102.0,2024
10489,4491,Reduce time-to-hire,50,106.0,2024
10490,4491,Improve eNPS,40,89.0,2024
10491,4492,Reduce query cost,25,114.0,2024
10492,4492,Automate reporting pipeline,25,120.0,2024
10493,4492,Deliver self-serve dashboards,30,100.0,2024
10494,4493,Improve eNPS,40,88.0,2024
10495,4493,Reduce time-to-hire,30,87.0,2024
10496,4493,Cut regretted attrition,25,89.0,2024
10497,4493,Reduce time-to-hire,30,88.0,2024
10498,4494,Close books faster,50,107.0,2024
10499,4494,Reduce overdue invoices,25,117.0,2024
10500,4494,Reduce overdue invoices,30,92.0,2024
10501,4494,Reduce overdue invoices,50,100.0,2024
10502,4495,Reduce overdue invoices,30,88.0,2024
10503,4495,Close books faster,20,120.0,2024
10504,4495,Close books faster,20,89.0,2024
10505,4495,Close books faster,50,112.0,2024
10506,4496,Reduce overdue invoices,20,74.0,2024
10507,4496,Improve forecast accuracy,20,81.0,2024
10508,4496,Close books faster,25,73.0,2024
10509,4497,Reduce production incidents,40,108.0,2024
10510,4497,Reduce production incidents,25,105.0,2024
10511,4497,Cut API latency,30,107.0,2024
10512,4498,Improve data quality,40,76.0,2024
10513,4498,Improve data quality,25,69.0,2024
10514,4499,Launch new module,30,88.0,2024
10515,4499,Launch new module,30,107.0,2024
10516,4500,Reduce process cost,40,96.0,2024
10517,4500,Improve SLA compliance,50,78.0,2024
10518,4501,Expand key accounts,40,90.0,2024
10519,4501,Grow pipeline,20,85.0,2024
10520,4501,Expand key accounts,40,102.0,2024
10521,4501,Improve win rate,25,79.0,2024
10522,4502,Grow pipeline,20,93.0,2024
10523,4502,Hit quarterly quota,20,104.0,2024
10524,4502,Expand key accounts,25,90.0,2024
10525,4502,Expand key accounts,30,91.0,2024
10526,4503,Improve SLA compliance,20,96.0,2024
10527,4503,Automate manual workflow,30,89.0,2024
10528,4503,Improve SLA compliance,40,88.0,2024
10529,4503,Reduce process cost,20,84.0,2024
10530,4504,Cut API latency,50,76.0,2024
10531,4504,Cut API latency,25,84.0,2024
10532,4504,Reduce production incidents,25,83.0,2024
10533,4504,Ship roadmap features,30,83.0,2024
10534,4505,Grow qualified leads,30,96.0,2024
10535,4505,Grow organic traffic,20,102.0,2024
10536,4505,Grow organic traffic,30,86.0,2024
10537,4505,Grow qualified leads,50,97.0,2024
10538,4506,Cut response time,25,107.0,2024
10539,4506,Cut response time,20,100.0,2024
10540,4506,Increase upsell,30,103.0,2024
10541,4507,Reduce production incidents,40,79.0,2024
10542,4507,Improve test coverage,50,93.0,2024
10543,4507,Cut API latency,50,86.0,2024
10544,4508,Redesign onboarding,25,71.0,2024
10545,4508,Build design system,50,68.0,2024
10546,4508,Build design system,40,55.0,2024
10547,4509,Improve SLA compliance,40,88.0,2024
10548,4509,Improve SLA compliance,25,114.0,2024
10549,4509,Improve SLA compliance,50,87.0,2024
10550,4510,Reduce overdue invoices,25,94.0,2024
10551,4510,Reduce overdue invoices,50,83.0,2024
10552,4510,Close books faster,40,104.0,2024
10553,4510,Improve forecast accuracy,40,99.0,2024
10554,4511,Cut regretted attrition,40,102.0,2024
10555,4511,Cut regretted attrition,20,94.0,2024
10556,4512,Improve data quality,25,98.0,2024
10557,4512,Reduce query cost,50,94.0,2024
10558,4513,Improve data quality,30,56.0,2024
10559,4513,Deliver self-serve dashboards,30,84.0,2024
10560,4513,Improve data quality,40,80.0,2024
10561,4514,Improve retention,25,85.0,2024
10562,4514,Increase activation rate,20,98.0,2024
10563,4514,Launch new module,50,89.0,2024
10564,4514,Run discovery interviews,50,87.0,2024
10565,4515,Automate reporting pipeline,40,100.0,2024
10566,4515,Deliver self-serve dashboards,40,94.0,2024
10567,4515,Deliver self-serve dashboards,50,89.0,2024
10568,4515,Deliver self-serve dashboards,50,86.0,2024
10569,4516,Cut response time,50,118.0,2024
10570,4516,Increase upsell,50,110.0,2024
10571,4517,Run discovery interviews,30,69.0,2024
10572,4517,Launch new module,25,93.0,2024
10573,4517,Increase activation rate,25,89.0,2024
10574,4517,Launch new module,25,125.0,2024
10575,4518,Cut regretted attrition,40,95.0,2024
10576,4518,Cut regretted attrition,40,97.0,2024
10577,4518,Reduce time-to-hire,25,108.0,2024
10578,4519,Improve win rate,30,100.0,2024
10579,4519,Expand key accounts,50,77.0,2024
10580,4519,Improve win rate,30,53.0,2024
10581,4520,Run discovery interviews,40,86.0,2024
10582,4520,Improve retention,25,58.0,2024
10583,4520,Increase activation rate,50,70.0,2024
10584,4521,Improve win rate,40,90.0,2024
10585,4521,Improve win rate,25,90.0,2024
10586,4522,Reduce overdue invoices,20,114.0,2024
10587,4522,Close books faster,25,80.0,2024
10588,4523,Close books faster,30,69.0,2024
10589,4523,Improve forecast accuracy,30,110.0,2024
10590,4524,Improve forecast accuracy,20,88.0,2024
10591,4524,Close books faster,25,106.0,2024
10592,4525,Grow organic traffic,30,98.0,2024
10593,4525,Improve CAC,30,91.0,2024
10594,4525,Grow qualified leads,50,92.0,2024
10595,4526,Improve test coverage,30,80.0,2024
10596,4526,Cut API latency,25,95.0,2024
10597,4526,Reduce production incidents,30,76.0,2024
10598,4527,Improve SLA compliance,40,77.0,2024
10599,4527,Reduce process cost,25,68.0,2024
10600,4527,Improve SLA compliance,30,57.0,2024
10601,4527,Reduce process cost,40,71.0,2024
10602,4528,Redesign onboarding,25,89.0,2024
10603,4528,Improve usability score,25,80.0,2024
10604,4528,Improve usability score,50,85.0,2024
10605,4529,Improve forecast accuracy,20,77.0,2024
10606,4529,Close books faster,20,106.0,2024
10607,4530,Increase upsell,30,64.0,2024
10608,4530,Cut response time,30,68.0,2024
10609,4531,Grow organic traffic,50,61.0,2024
10610,4531,Improve CAC,50,80.0,2024
10611,4532,Reduce process cost,50,95.0,2024
10612,4532,Reduce process cost,50,89.0,2024
10613,4532,Improve SLA compliance,25,104.0,2024
10614,4532,Automate manual workflow,25,87.0,2024
10615,4533,Improve CAC,25,79.0,2024
10616,4533,Grow organic traffic,40,91.0,2024
10617,4534,Improve CAC,50,89.0,2024
10618,4534,Grow organic traffic,50,101.0,2024
10619,4534,Improve CAC,30,75.0,2024
10620,4534,Grow qualified leads,40,110.0,2024
10621,4535,Reduce overdue invoices,40,72.0,2024
10622,4535,Reduce overdue invoices,20,71.0,2024
10623,4536,Improve retention,25,73.0,2024
10624,4536,Launch new module,25,62.0,2024
10625,4536,Improve retention,20,81.0,2024
10626,4537,Improve CAC,40,90.0,2024
10627,4537,Grow organic traffic,25,95.0,2024
10628,4537,Launch campaign,25,72.0,2024
10629,4538,Reduce churn,40,61.0,2024
10630,4538,Increase upsell,50,102.0,2024
10631,4539,Grow qualified leads,25,107.0,2024
10632,4539,Improve CAC,30,94.0,2024
10633,4539,Improve CAC,50,99.0,2024
10634,4540,Automate manual workflow,30,117.0,2024
10635,4540,Improve SLA compliance,50,116.0,2024
10636,4540,Reduce process cost,40,102.0,2024
10637,4540,Improve SLA compliance,25,84.0,2024
10638,4541,Cut regretted attrition,40,81.0,2024
10639,4541,Reduce time-to-hire,50,100.0,2024
10640,4541,Reduce time-to-hire,20,83.0,2024
10641,4542,Cut response time,40,81.0,2024
10642,4542,Cut response time,40,48.0,2024
10643,4542,Cut response time,40,73.0,2024
10644,4543,Improve usability score,25,87.0,2024
10645,4543,Improve usability score,50,95.0,2024
10646,4543,Build design system,20,88.0,2024
10647,4543,Improve usability score,20,120.0,2024
10648,4544,Reduce churn,30,88.0,2024
10649,4544,Cut response time,30,76.0,2024
10650,4544,Cut response time,50,91.0,2024
10651,4544,Improve NPS,25,79.0,2024
10652,4545,Launch campaign,25,88.0,2024
10653,4545,Grow organic traffic,30,54.0,2024
10654,4546,Reduce overdue invoices,40,94.0,2024
10655,4546,Close books faster,30,82.0,2024
10656,4547,Run discovery interviews,20,94.0,2024
10657,4547,Increase activation rate,25,78.0,2024
10658,4548,Ship roadmap features,30,69.0,2024
10659,4548,Cut API latency,40,74.0,2024
10660,4549,Grow organic traffic,30,106.0,2024
10661,4549,Grow qualified leads,50,119.0,2024
10662,4550,Deliver self-serve dashboards,50,82.0,2024
10663,4550,Automate reporting pipeline,50,111.0,2024
10664,4550,Reduce query cost,40,94.0,2024
10665,4550,Automate reporting pipeline,25,68.0,2024
10666,4551,Improve test coverage,20,112.0,2024
10667,4551,Cut API latency,25,83.0,2024
10668,4552,Reduce query cost,25,79.0,2024
10669,4552,Deliver self-serve dashboards,40,83.0,2024
10670,4552,Reduce query cost,25,77.0,2024
10671,4553,Launch campaign,40,67.0,2024
10672,4553,Improve CAC,40,108.0,2024
10673,4553,Launch campaign,20,81.0,2024
10674,4553,Grow qualified leads,40,93.0,2024
10675,4554,Launch campaign,25,77.0,2024
10676,4554,Launch campaign,50,61.0,2024
10677,4555,Reduce time-to-hire,50,106.0,2024
10678,4555,Cut regretted attrition,50,99.0,2024
10679,4556,Improve eNPS,40,94.0,2024
10680,4556,Cut regretted attrition,50,87.0,2024
10681,4556,Reduce time-to-hire,30,111.0,2024
10682,4556,Cut regretted attrition,30,100.0,2024
10683,4557,Improve SLA compliance,30,91.0,2024
10684,4557,Improve SLA compliance,30,80.0,2024
10685,4557,Automate manual workflow,20,128.0,2024
10686,4557,Reduce process cost,50,98.0,2024
10687,4558,Improve usability score,25,81.0,2024
10688,4558,Build design system,50,98.0,2024
10689,4558,Build design system,30,76.0,2024
10690,4559,Improve NPS,30,88.0,2024
10691,4559,Increase upsell,25,78.0,2024
10692,4559,Cut response time,30,90.0,2024
10693,4560,Run discovery interviews,20,104.0,2024
10694,4560,Increase activation rate,40,110.0,2024
10695,4560,Run discovery interviews,50,103.0,2024
10696,4560,Run discovery interviews,40,79.0,2024
10697,4561,Ship roadmap features,25,100.0,2024
10698,4561,Ship roadmap features,40,107.0,2024
10699,4562,Reduce process cost,20,66.0,2024
10700,4562,Reduce process cost,25,55.0,2024
10701,4562,Improve SLA compliance,20,62.0,2024
10702,4563,Improve NPS,40,106.0,2024
10703,4563,Reduce churn,25,84.0,2024
10704,4564,Improve test coverage,20,90.0,2024
10705,4564,Cut API latency,40,99.0,2024
10706,4564,Cut API latency,40,92.0,2024
10707,4565,Cut regretted attrition,25,80.0,2024
10708,4565,Cut regretted attrition,20,97.0,2024
10709,4565,Improve eNPS,20,73.0,2024
10710,4565,Improve eNPS,30,92.0,2024
10711,4566,Expand key accounts,50,78.0,2024
10712,4566,Hit quarterly quota,20,108.0,2024
10713,4567,Hit quarterly quota,25,51.0,2024
10714,4567,Hit quarterly quota,40,62.0,2024
10715,4567,Improve win rate,20,70.0,2024
10716,4568,Grow qualified leads,40,91.0,2024
10717,4568,Grow qualified leads,30,109.0,2024
10718,4569,Launch campaign,50,121.0,2024
10719,4569,Improve CAC,50,87.0,2024
10720,4569,Improve CAC,25,91.0,2024
10721,4570,Improve forecast accuracy,30,60.0,2024
10722,4570,Improve forecast accuracy,40,68.0,2024
10723,4570,Improve forecast accuracy,25,52.0,2024
10724,4571,Close books faster,25,106.0,2024
10725,4571,Close books faster,30,92.0,2024
10726,4572,Increase upsell,30,79.0,2024
10727,4572,Reduce churn,25,63.0,2024
10728,4572,Increase upsell,20,94.0,2024
10729,4572,Cut response time,40,72.0,2024
10730,4573,Improve data quality,25,77.0,2024
10731,4573,Automate reporting pipeline,25,79.0,2024
10732,4573,Automate reporting pipeline,30,105.0,2024
10733,4573,Reduce query cost,50,77.0,2024
10734,4574,Improve usability score,20,81.0,2024
10735,4574,Build design system,20,103.0,2024
10736,4574,Build design system,40,111.0,2024
10737,4575,Improve test coverage,20,121.0,2024
10738,4575,Reduce production incidents,40,94.0,2024
10739,4575,Ship roadmap features,40,130.0,2024
10740,4575,Reduce production incidents,20,91.0,2024
10741,4576,Expand key accounts,30,81.0,2024
10742,4576,Hit quarterly quota,50,58.0,2024
10743,4577,Improve SLA compliance,20,65.0,2024
10744,4577,Reduce process cost,25,85.0,2024
10745,4577,Improve SLA compliance,40,78.0,2024
10746,4577,Automate manual workflow,50,68.0,2024
10747,4578,Improve usability score,25,91.0,2024
10748,4578,Redesign onboarding,30,87.0,2024
10749,4579,Improve data quality,50,93.0,2024
10750,4579,Reduce query cost,50,88.0,2024
10751,4579,Reduce query cost,25,55.0,2024
10752,4580,Improve NPS,20,80.0,2024
10753,4580,Improve NPS,50,90.0,2024
10754,4580,Increase upsell,20,88.0,2024
10755,4580,Increase upsell,25,90.0,2024
10756,4581,Cut regretted attrition,30,71.0,2024
10757,4581,Reduce time-to-hire,30,77.0,2024
10758,4582,Redesign onboarding,50,84.0,2024
10759,4582,Redesign onboarding,20,92.0,2024
10760,4582,Improve usability score,20,85.0,2024
10761,4583,Automate manual workflow,40,97.0,2024
10762,4583,Improve SLA compliance,30,89.0,2024
10763,4584,Improve usability score,50,75.0,2024
10764,4584,Build design system,50,70.0,2024
10765,4584,Improve usability score,40,57.0,2024
10766,4584,Build design system,30,77.0,2024
10767,4585,Automate reporting pipeline,50,103.0,2024
10768,4585,Deliver self-serve dashboards,30,79.0,2024
10769,4585,Automate reporting pipeline,50,91.0,2024
10770,4585,Improve data quality,50,90.0,2024
10771,4586,Build design system,30,62.0,2024
10772,4586,Build design system,20,78.0,2024
10773,4586,Improve usability score,25,74.0,2024
10774,4587,Reduce overdue invoices,20,93.0,2024
10775,4587,Reduce overdue invoices,30,108.0,2024
10776,4587,Improve forecast accuracy,50,108.0,2024
10777,4588,Build design system,50,78.0,2024
10778,4588,Build design system,20,103.0,2024
10779,4588,Build design system,40,73.0,2024
10780,4589,Improve NPS,25,71.0,2024
10781,4589,Reduce churn,20,78.0,2024
10782,4589,Increase upsell,40,79.0,2024
10783,4590,Improve usability score,30,79.0,2024
10784,4590,Build design system,40,84.0,2024
10785,4591,Increase upsell,20,93.0,2024
10786,4591,Reduce churn,25,101.0,2024
10787,4592,Improve data quality,30,105.0,2024
10788,4592,Automate reporting pipeline,40,118.0,2024
10789,4592,Reduce query cost,30,115.0,2024
10790,4592,Reduce query cost,40,110.0,2024
10791,4593,Improve test coverage,20,57.0,2024
10792,4593,Improve test coverage,50,83.0,2024
10793,4594,Launch campaign,30,98.0,2024
10794,4594,Grow organic traffic,40,113.0,2024
10795,4595,Cut API latency,50,95.0,2024
10796,4595,Ship roadmap features,40,95.0,2024
10797,4595,Ship roadmap features,50,91.0,2024
10798,4596,Improve win rate,40,72.0,2024
10799,4596,Improve win rate,25,85.0,2024
10800,4597,Improve CAC,50,93.0,2024
10801,4597,Grow qualified leads,25,84.0,2024
10802,4597,Launch campaign,25,85.0,2024
10803,4598,Expand key accounts,20,93.0,2024
10804,4598,Hit quarterly quota,20,103.0,2024
10805,4599,Cut response time,40,96.0,2024
10806,4599,Increase upsell,40,130.0,2024
10807,4600,Improve test coverage,25,106.0,2024
10808,4600,Improve test coverage,25,91.0,2024
10809,4601,Redesign onboarding,20,127.0,2024
10810,4601,Redesign onboarding,50,108.0,2024
10811,4602,Grow pipeline,40,71.0,2024
10812,4602,Expand key accounts,25,70.0,2024
10813,4603,Grow organic traffic,40,109.0,2024
10814,4603,Improve CAC,50,93.0,2024
10815,4604,Reduce time-to-hire,25,91.0,2024
10816,4604,Reduce time-to-hire,50,97.0,2024
10817,4605,Redesign onboarding,20,95.0,2024
10818,4605,Build design system,30,85.0,2024
10819,4605,Redesign onboarding,25,73.0,2024
10820,4605,Build design system,50,88.0,2024
10821,4606,Improve SLA compliance,30,109.0,2024
10822,4606,Reduce process cost,25,92.0,2024
10823,4607,Ship roadmap features,50,85.0,2024
10824,4607,Cut API latency,30,104.0,2024
10825,4608,Improve SLA compliance,30,105.0,2024
10826,4608,Reduce process cost,30,73.0,2024
10827,4608,Reduce process cost,50,108.0,2024
10828,4608,Reduce process cost,40,110.0,2024
10829,4609,Grow qualified leads,30,96.0,2024
10830,4609,Grow qualified leads,20,103.0,2024
10831,4609,Grow qualified leads,30,84.0,2024
10832,4609,Launch campaign,25,83.0,2024
10833,4610,Grow qualified leads,30,61.0,2024
10834,4610,Grow organic traffic,30,63.0,2024
10835,4610,Grow qualified leads,20,72.0,2024
10836,4610,Launch campaign,30,75.0,2024
10837,4611,Cut regretted attrition,50,92.0,2024
10838,4611,Cut regretted attrition,30,104.0,2024
10839,4612,Increase activation rate,50,81.0,2024
10840,4612,Increase activation rate,40,84.0,2024
10841,4612,Run discovery interviews,50,87.0,2024
10842,4613,Improve eNPS,50,81.0,2024
10843,4613,Cut regretted attrition,20,99.0,2024
10844,4613,Improve eNPS,50,83.0,2024
10845,4613,Cut regretted attrition,20,84.0,2024
10846,4614,Reduce churn,30,89.0,2024
10847,4614,Increase upsell,40,81.0,2024
10848,4614,Cut response time,20,75.0,2024
10849,4615,Improve win rate,30,91.0,2024
10850,4615,Hit quarterly quota,40,96.0,2024
10851,4615,Hit quarterly quota,20,82.0,2024
10852,4615,Hit quarterly quota,40,111.0,2024
10853,4616,Reduce query cost,25,81.0,2024
10854,4616,Reduce query cost,40,74.0,2024
10855,4616,Reduce query cost,50,84.0,2024
10856,4617,Improve win rate,30,72.0,2024
10857,4617,Improve win rate,30,88.0,2024
10858,4617,Grow pipeline,40,77.0,2024
10859,4617,Grow pipeline,40,82.0,2024
10860,4618,Improve eNPS,40,81.0,2024
10861,4618,Improve eNPS,50,84.0,2024
10862,4618,Cut regretted attrition,30,100.0,2024
10863,4619,Automate manual workflow,20,88.0,2024
10864,4619,Improve SLA compliance,25,110.0,2024
10865,4619,Reduce process cost,30,115.0,2024
10866,4619,Improve SLA compliance,25,88.0,2024
10867,4620,Close books faster,40,63.0,2024
10868,4620,Close books faster,25,80.0,2024
10869,4620,Improve forecast accuracy,40,99.0,2024
10870,4620,Improve forecast accuracy,50,70.0,2024
10871,4621,Reduce overdue invoices,20,71.0,2024
10872,4621,Reduce overdue invoices,40,51.0,2024
10873,4621,Close books faster,30,61.0,2024
10874,4622,Close books faster,50,90.0,2024
10875,4622,Reduce overdue invoices,25,89.0,2024
10876,4622,Improve forecast accuracy,25,88.0,2024
10877,4623,Improve retention,50,77.0,2024
10878,4623,Increase activation rate,30,87.0,2024
10879,4623,Launch new module,25,89.0,2024
10880,4623,Increase activation rate,30,94.0,2024
10881,4624,Cut regretted attrition,25,99.0,2024
10882,4624,Reduce time-to-hire,25,86.0,2024
10883,4625,Grow organic traffic,20,96.0,2024
10884,4625,Grow qualified leads,40,112.0,2024
10885,4625,Grow qualified leads,25,85.0,2024
10886,4626,Improve usability score,30,77.0,2024
10887,4626,Build design system,25,65.0,2024
10888,4626,Build design system,30,101.0,2024
10889,4627,Improve NPS,40,107.0,2024
10890,4627,Improve NPS,25,97.0,2024
10891,4627,Improve NPS,50,101.0,2024
10892,4628,Increase activation rate,40,85.0,2024
10893,4628,Run discovery interviews,20,91.0,2024
10894,4628,Run discovery interviews,50,95.0,2024
10895,4628,Launch new module,25,83.0,2024
10896,4629,Automate manual workflow,50,100.0,2024
10897,4629,Reduce process cost,50,99.0,2024
10898,4629,Reduce process cost,25,104.0,2024
10899,4630,Launch new module,30,90.0,2024
10900,4630,Run discovery interviews,30,82.0,2024
10901,4631,Reduce overdue invoices,40,84.0,2024
10902,4631,Improve forecast accuracy,40,89.0,2024
10903,4632,Increase activation rate,40,68.0,2024
10904,4632,Launch new module,50,67.0,2024
10905,4632,Run discovery interviews,25,51.0,2024
10906,4633,Reduce query cost,20,70.0,2024
10907,4633,Reduce query cost,30,70.0,2024
10908,4633,Reduce query cost,30,85.0,2024
10909,4633,Reduce query cost,40,77.0,2024
10910,4634,Cut regretted attrition,20,84.0,2024
10911,4634,Improve eNPS,20,92.0,2024
10912,4634,Cut regretted attrition,25,112.0,2024
10913,4634,Cut regretted attrition,30,86.0,2024
10914,4635,Improve data quality,30,130.0,2024
10915,4635,Automate reporting pipeline,20,96.0,2024
10916,4635,Automate reporting pipeline,50,109.0,2024
10917,4636,Increase upsell,30,80.0,2024
10918,4636,Increase upsell,20,53.0,2024
10919,4636,Improve NPS,30,48.0,2024
10920,4637,Reduce process cost,25,66.0,2024
10921,4637,Automate manual workflow,40,73.0,2024
10922,4638,Improve win rate,50,122.0,2024
10923,4638,Improve win rate,20,99.0,2024
10924,4639,Reduce process cost,20,89.0,2024
10925,4639,Automate manual workflow,40,92.0,2024
10926,4640,Grow organic traffic,30,83.0,2024
10927,4640,Grow qualified leads,30,78.0,2024
10928,4641,Build design system,25,109.0,2024
10929,4641,Redesign onboarding,40,93.0,2024
10930,4641,Improve usability score,30,79.0,2024
10931,4642,Reduce time-to-hire,20,75.0,2024
10932,4642,Improve eNPS,40,76.0,2024
10933,4643,Grow qualified leads,30,61.0,2024
10934,4643,Grow organic traffic,20,78.0,2024
10935,4643,Grow organic traffic,30,76.0,2024
10936,4643,Grow qualified leads,30,71.0,2024
10937,4644,Launch new module,25,67.0,2024
10938,4644,Run discovery interviews,40,98.0,2024
10939,4644,Improve retention,20,62.0,2024
10940,4645,Cut regretted attrition,20,89.0,2024
10941,4645,Reduce time-to-hire,30,88.0,2024
10942,4645,Reduce time-to-hire,40,94.0,2024
10943,4645,Cut regretted attrition,20,89.0,2024
10944,4646,Reduce churn,40,119.0,2024
10945,4646,Reduce churn,50,81.0,2024
10946,4647,Run discovery interviews,20,80.0,2024
10947,4647,Improve retention,30,95.0,2024
10948,4647,Increase activation rate,30,90.0,2024
10949,4648,Improve retention,20,86.0,2024
10950,4648,Improve retention,50,94.0,2024
10951,4648,Improve retention,30,102.0,2024
10952,4648,Launch new module,50,76.0,2024
10953,4649,Ship roadmap features,40,109.0,2024
10954,4649,Reduce production incidents,40,102.0,2024
10955,4649,Ship roadmap features,50,111.0,2024
10956,4650,Build design system,20,95.0,2024
10957,4650,Improve usability score,20,109.0,2024
10958,4650,Improve usability score,30,88.0,2024
10959,4651,Reduce production incidents,40,115.0,2024
10960,4651,Improve test coverage,50,103.0,2024
10961,4652,Reduce process cost,25,112.0,2024
10962,4652,Improve SLA compliance,20,100.0,2024
10963,4653,Reduce production incidents,40,92.0,2024
10964,4653,Reduce production incidents,30,113.0,2024
10965,4653,Cut API latency,30,114.0,2024
10966,4653,Improve test coverage,30,111.0,2024
10967,4654,Improve CAC,20,105.0,2024
10968,4654,Grow qualified leads,40,96.0,2024
10969,4655,Reduce time-to-hire,30,92.0,2024
10970,4655,Improve eNPS,20,99.0,2024
10971,4655,Cut regretted attrition,50,89.0,2024
10972,4655,Cut regretted attrition,20,117.0,2024
10973,4656,Automate reporting pipeline,50,76.0,2024
10974,4656,Reduce query cost,25,92.0,2024
10975,4656,Improve data quality,20,74.0,2024
10976,4656,Automate reporting pipeline,25,74.0,2024
10977,4657,Run discovery interviews,25,66.0,2024
10978,4657,Launch new module,40,81.0,2024
10979,4657,Launch new module,25,54.0,2024
10980,4658,Build design system,25,86.0,2024
10981,4658,Build design system,50,94.0,2024
10982,4659,Redesign onboarding,30,58.0,2024
10983,4659,Redesign onboarding,25,108.0,2024
10984,4659,Improve usability score,40,100.0,2024
10985,4660,Improve retention,50,99.0,2024
10986,4660,Increase activation rate,30,74.0,2024
10987,4661,Improve CAC,30,78.0,2024
10988,4661,Improve CAC,30,67.0,2024
10989,4661,Improve CAC,25,62.0,2024
10990,4662,Reduce overdue invoices,30,111.0,2024
10991,4662,Improve forecast accuracy,50,103.0,2024
10992,4662,Close books faster,20,98.0,2024
10993,4663,Improve CAC,50,95.0,2024
10994,4663,Grow organic traffic,25,73.0,2024
10995,4663,Launch campaign,30,76.0,2024
10996,4664,Ship roadmap features,30,65.0,2024
10997,4664,Cut API latency,30,83.0,2024
10998,4665,Reduce query cost,20,115.0,2024
10999,4665,Reduce query cost,20,126.0,2024
11000,4666,Reduce production incidents,50,88.0,2024
11001,4666,Cut API latency,25,102.0,2024
11002,4666,Cut API latency,30,109.0,2024
11003,4666,Reduce production incidents,30,91.0,2024
11004,4667,Improve retention,25,97.0,2024
11005,4667,Increase activation rate,40,103.0,2024
11006,4668,Close books faster,20,107.0,2024
11007,4668,Reduce overdue invoices,50,92.0,2024
11008,4668,Close books faster,25,87.0,2024
11009,4669,Increase upsell,40,97.0,2024
11010,4669,Increase upsell,20,93.0,2024
11011,4669,Improve NPS,30,87.0,2024
11012,4670,Grow pipeline,40,88.0,2024
11013,4670,Hit quarterly quota,20,96.0,2024
11014,4670,Expand key accounts,25,104.0,2024
11015,4671,Cut regretted attrition,50,120.0,2024
11016,4671,Cut regretted attrition,25,116.0,2024
11017,4671,Reduce time-to-hire,25,95.0,2024
11018,4671,Cut regretted attrition,30,110.0,2024
11019,4672,Deliver self-serve dashboards,40,88.0,2024
11020,4672,Improve data quality,50,72.0,2024
11021,4673,Improve retention,50,87.0,2024
11022,4673,Improve retention,30,102.0,2024
11023,4673,Launch new module,25,90.0,2024
11024,4673,Improve retention,20,75.0,2024
11025,4674,Improve eNPS,30,72.0,2024
11026,4674,Improve eNPS,30,90.0,2024
11027,4674,Reduce time-to-hire,50,97.0,2024
11028,4674,Improve eNPS,50,87.0,2024
11029,4675,Run discovery interviews,30,50.0,2024
11030,4675,Run discovery interviews,30,67.0,2024
11031,4675,Improve retention,20,86.0,2024
11032,4676,Deliver self-serve dashboards,40,97.0,2024
11033,4676,Improve data quality,50,108.0,2024
11034,4677,Grow organic traffic,40,82.0,2024
11035,4677,Grow organic traffic,40,84.0,2024
11036,4678,Reduce query cost,20,90.0,2024
11037,4678,Improve data quality,20,102.0,2024
11038,4678,Automate reporting pipeline,20,101.0,2024
11039,4679,Close books faster,20,82.0,2024
11040,4679,Close books faster,25,97.0,2024
11041,4680,Cut API latency,30,89.0,2024
11042,4680,Ship roadmap features,30,86.0,2024
11043,4680,Ship roadmap features,20,88.0,2024
11044,4680,Improve test coverage,30,83.0,2024
11045,4681,Improve NPS,30,92.0,2024
11046,4681,Increase upsell,30,111.0,2024
11047,4681,Cut response time,30,104.0,2024
11048,4681,Improve NPS,50,93.0,2024
11049,4682,Cut regretted attrition,25,93.0,2024
11050,4682,Cut regretted attrition,25,114.0,2024
11051,4682,Improve eNPS,25,112.0,2024
11052,4683,Improve win rate,25,101.0,2024
11053,4683,Hit quarterly quota,50,76.0,2024
11054,4683,Grow pipeline,30,94.0,2024
11055,4684,Improve CAC,30,78.0,2024
11056,4684,Improve CAC,20,77.0,2024
11057,4684,Launch campaign,20,47.0,2024
11058,4684,Grow organic traffic,25,61.0,2024
11059,4685,Deliver self-serve dashboards,40,100.0,2024
11060,4685,Reduce query cost,20,83.0,2024
11061,4685,Reduce query cost,50,100.0,2024
11062,4685,Improve data quality,30,87.0,2024
11063,4686,Redesign onboarding,30,73.0,2024
11064,4686,Build design system,30,98.0,2024
11065,4686,Build design system,20,89.0,2024
11066,4687,Hit quarterly quota,20,71.0,2024
11067,4687,Hit quarterly quota,25,71.0,2024
11068,4688,Improve NPS,25,91.0,2024
11069,4688,Reduce churn,25,103.0,2024
11070,4689,Deliver self-serve dashboards,30,67.0,2024
11071,4689,Automate reporting pipeline,25,62.0,2024
11072,4690,Run discovery interviews,50,87.0,2024
11073,4690,Launch new module,25,63.0,2024
11074,4691,Improve CAC,50,82.0,2024
11075,4691,Launch campaign,30,98.0,2024
11076,4692,Reduce process cost,25,95.0,2024
11077,4692,Improve SLA compliance,40,120.0,2024
11078,4693,Ship roadmap features,40,93.0,2024
11079,4693,Ship roadmap features,20,88.0,2024
11080,4694,Increase upsell,30,69.0,2024
11081,4694,Improve NPS,40,86.0,2024
11082,4694,Reduce churn,30,89.0,2024
11083,4695,Reduce production incidents,30,88.0,2024
11084,4695,Improve test coverage,20,96.0,2024
11085,4695,Cut API latency,40,99.0,2024
11086,4695,Cut API latency,40,76.0,2024
11087,4696,Hit quarterly quota,20,127.0,2024
11088,4696,Hit quarterly quota,30,94.0,2024
11089,4696,Hit quarterly quota,25,84.0,2024
11090,4696,Grow pipeline,40,111.0,2024
11091,4697,Improve win rate,25,92.0,2024
11092,4697,Grow pipeline,25,90.0,2024
11093,4697,Expand key accounts,25,71.0,2024
11094,4697,Improve win rate,30,86.0,2024
11095,4698,Cut API latency,50,78.0,2024
11096,4698,Reduce production incidents,25,80.0,2024
11097,4698,Ship roadmap features,40,88.0,2024
11098,4699,Improve CAC,20,94.0,2024
11099,4699,Grow qualified leads,30,97.0,2024
11100,4699,Grow organic traffic,20,71.0,2024
11101,4699,Grow organic traffic,25,85.0,2024
11102,4700,Close books faster,50,88.0,2024
11103,4700,Close books faster,30,103.0,2024
11104,4701,Improve eNPS,30,94.0,2024
11105,4701,Reduce time-to-hire,40,91.0,2024
11106,4701,Cut regretted attrition,40,75.0,2024
11107,4702,Improve NPS,40,108.0,2024
11108,4702,Reduce churn,25,118.0,2024
11109,4702,Improve NPS,30,113.0,2024
11110,4703,Deliver self-serve dashboards,20,95.0,2024
11111,4703,Improve data quality,20,98.0,2024
11112,4703,Reduce query cost,50,118.0,2024
11113,4704,Close books faster,50,88.0,2024
11114,4704,Reduce overdue invoices,30,93.0,2024
11115,4704,Close books faster,40,71.0,2024
11116,4704,Reduce overdue invoices,50,100.0,2024
11117,4705,Build design system,50,82.0,2024
11118,4705,Build design system,50,109.0,2024
11119,4705,Improve usability score,50,89.0,2024
11120,4706,Improve SLA compliance,50,94.0,2024
11121,4706,Improve SLA compliance,50,105.0,2024
11122,4706,Automate manual workflow,20,90.0,2024
11123,4706,Automate manual workflow,50,98.0,2024
11124,4707,Reduce query cost,30,91.0,2024
11125,4707,Reduce query cost,20,99.0,2024
11126,4707,Improve data quality,25,100.0,2024
11127,4708,Reduce production incidents,50,99.0,2024
11128,4708,Reduce production incidents,20,84.0,2024
11129,4708,Ship roadmap features,30,112.0,2024
11130,4708,Reduce production incidents,30,117.0,2024
11131,4709,Redesign onboarding,40,85.0,2024
11132,4709,Build design system,50,71.0,2024
11133,4709,Build design system,25,88.0,2024
11134,4710,Improve CAC,30,110.0,2024
11135,4710,Improve CAC,25,94.0,2024
11136,4710,Improve CAC,40,85.0,2024
11137,4711,Close books faster,50,91.0,2024
11138,4711,Reduce overdue invoices,50,77.0,2024
11139,4712,Cut response time,40,77.0,2024
11140,4712,Cut response time,50,72.0,2024
11141,4712,Increase upsell,50,73.0,2024
11142,4713,Build design system,25,96.0,2024
11143,4713,Redesign onboarding,20,87.0,2024
11144,4713,Build design system,25,100.0,2024
11145,4713,Redesign onboarding,20,78.0,2024
11146,4714,Cut regretted attrition,40,87.0,2024
11147,4714,Improve eNPS,20,87.0,2024
11148,4714,Improve eNPS,50,106.0,2024
11149,4714,Improve eNPS,40,86.0,2024
11150,4715,Expand key accounts,30,118.0,2024
11151,4715,Improve win rate,25,109.0,2024
11152,4716,Increase activation rate,30,82.0,2024
11153,4716,Improve retention,40,71.0,2024
11154,4717,Reduce churn,20,81.0,2024
11155,4717,Improve NPS,20,93.0,2024
11156,4717,Improve NPS,40,73.0,2024
11157,4718,Run discovery interviews,20,112.0,2024
11158,4718,Improve retention,50,95.0,2024
11159,4718,Run discovery interviews,50,97.0,2024
11160,4719,Improve CAC,30,91.0,2024
11161,4719,Launch campaign,25,102.0,2024
11162,4719,Launch campaign,25,86.0,2024
11163,4720,Improve SLA compliance,30,102.0,2024
11164,4720,Automate manual workflow,30,110.0,2024
11165,4721,Ship roadmap features,20,109.0,2024
11166,4721,Ship roadmap features,30,97.0,2024
11167,4721,Cut API latency,20,112.0,2024
11168,4722,Improve CAC,20,73.0,2024
11169,4722,Grow qualified leads,50,72.0,2024
11170,4722,Grow qualified leads,30,67.0,2024
11171,4723,Hit quarterly quota,30,81.0,2024
11172,4723,Hit quarterly quota,30,67.0,2024
11173,4724,Redesign onboarding,30,106.0,2024
11174,4724,Redesign onboarding,30,87.0,2024
11175,4724,Redesign onboarding,50,96.0,2024
11176,4724,Build design system,20,89.0,2024
11177,4725,Redesign onboarding,25,72.0,2024
11178,4725,Improve usability score,30,83.0,2024
11179,4725,Build design system,30,96.0,2024
11180,4725,Improve usability score,25,81.0,2024
11181,4726,Reduce overdue invoices,40,95.0,2024
11182,4726,Close books faster,40,109.0,2024
11183,4726,Improve forecast accuracy,20,99.0,2024
11184,4726,Close books faster,25,72.0,2024
11185,4727,Improve retention,40,58.0,2024
11186,4727,Launch new module,30,73.0,2024
11187,4727,Improve retention,25,79.0,2024
11188,4728,Improve CAC,30,116.0,2024
11189,4728,Launch campaign,25,105.0,2024
11190,4728,Grow organic traffic,20,109.0,2024
11191,4728,Launch campaign,25,110.0,2024
11192,4729,Improve SLA compliance,50,80.0,2024
11193,4729,Improve SLA compliance,40,97.0,2024
11194,4729,Reduce process cost,30,117.0,2024
11195,4730,Improve eNPS,25,79.0,2024
11196,4730,Cut regretted attrition,40,94.0,2024
11197,4731,Improve usability score,30,99.0,2024
11198,4731,Improve usability score,25,100.0,2024
11199,4731,Build design system,40,86.0,2024
11200,4731,Improve usability score,25,92.0,2024
11201,4732,Automate manual workflow,20,88.0,2024
11202,4732,Automate manual workflow,50,81.0,2024
11203,4733,Improve CAC,25,71.0,2024
11204,4733,Launch campaign,40,90.0,2024
11205,4734,Reduce churn,30,110.0,2024
11206,4734,Improve NPS,50,104.0,2024
11207,4734,Reduce churn,50,128.0,2024
11208,4735,Improve SLA compliance,25,57.0,2024
11209,4735,Improve SLA compliance,50,98.0,2024
11210,4735,Reduce process cost,50,72.0,2024
11211,4736,Hit quarterly quota,50,58.0,2024
11212,4736,Expand key accounts,25,101.0,2024
11213,4736,Improve win rate,20,115.0,2024
11214,4736,Improve win rate,50,99.0,2024
11215,4737,Increase activation rate,40,78.0,2024
11216,4737,Improve retention,25,65.0,2024
11217,4738,Close books faster,40,103.0,2024
11218,4738,Close books faster,25,106.0,2024
11219,4739,Improve win rate,25,96.0,2024
11220,4739,Grow pipeline,40,82.0,2024
11221,4739,Expand key accounts,20,75.0,2024
11222,4739,Expand key accounts,20,65.0,2024
11223,4740,Improve data quality,40,81.0,2024
11224,4740,Reduce query cost,30,76.0,2024
11225,4740,Reduce query cost,25,100.0,2024
11226,4741,Close books faster,40,81.0,2024
11227,4741,Close books faster,40,70.0,2024
11228,4741,Close books faster,20,82.0,2024
11229,4742,Redesign onboarding,30,90.0,2024
11230,4742,Redesign onboarding,25,102.0,2024
11231,4742,Redesign onboarding,20,93.0,2024
11232,4742,Redesign onboarding,25,73.0,2024
11233,4743,Deliver self-serve dashboards,40,114.0,2024
11234,4743,Reduce query cost,30,70.0,2024
11235,4744,Improve test coverage,20,87.0,2024
11236,4744,Ship roadmap features,25,82.0,2024
11237,4744,Reduce production incidents,20,80.0,2024
11238,4745,Hit quarterly quota,50,84.0,2024
11239,4745,Expand key accounts,50,81.0,2024
11240,4745,Grow pipeline,50,85.0,2024
11241,4746,Cut regretted attrition,30,105.0,2024
11242,4746,Reduce time-to-hire,25,72.0,2024
11243,4746,Improve eNPS,40,80.0,2024
11244,4747,Redesign onboarding,30,84.0,2024
11245,4747,Build design system,25,77.0,2024
11246,4748,Automate reporting pipeline,25,72.0,2024
11247,4748,Deliver self-serve dashboards,50,81.0,2024
11248,4749,Reduce time-to-hire,20,94.0,2024
11249,4749,Improve eNPS,40,91.0,2024
11250,4750,Improve forecast accuracy,25,103.0,2024
11251,4750,Reduce overdue invoices,40,103.0,2024
11252,4750,Improve forecast accuracy,40,81.0,2024
11253,4750,Close books faster,25,66.0,2024
11254,4751,Improve forecast accuracy,40,97.0,2024
11255,4751,Reduce overdue invoices,25,91.0,2024
11256,4751,Improve forecast accuracy,20,85.0,2024
11257,4752,Launch campaign,30,82.0,2024
11258,4752,Improve CAC,25,88.0,2024
11259,4752,Improve CAC,25,98.0,2024
11260,4752,Improve CAC,30,79.0,2024
11261,4753,Improve SLA compliance,30,60.0,2024
11262,4753,Automate manual workflow,30,60.0,2024
11263,4753,Automate manual workflow,25,74.0,2024
11264,4753,Automate manual workflow,50,72.0,2024
11265,4754,Ship roadmap features,30,94.0,2024
11266,4754,Cut API latency,30,91.0,2024
11267,4754,Cut API latency,40,87.0,2024
11268,4755,Reduce overdue invoices,25,96.0,2024
11269,4755,Reduce overdue invoices,25,119.0,2024
11270,4755,Improve forecast accuracy,25,100.0,2024
11271,4756,Automate manual workflow,50,97.0,2024
11272,4756,Reduce process cost,20,87.0,2024
11273,4757,Grow organic traffic,30,88.0,2024
11274,4757,Grow qualified leads,40,91.0,2024
11275,4757,Launch campaign,20,86.0,2024
11276,4757,Improve CAC,25,100.0,2024
11277,4758,Reduce overdue invoices,20,88.0,2024
11278,4758,Improve forecast accuracy,30,94.0,2024
11279,4758,Close books faster,25,96.0,2024
11280,4758,Improve forecast accuracy,30,99.0,2024
11281,4759,Grow pipeline,20,77.0,2024
11282,4759,Expand key accounts,30,97.0,2024
11283,4759,Hit quarterly quota,20,87.0,2024
11284,4760,Launch new module,25,109.0,2024
11285,4760,Run discovery interviews,20,78.0,2024
11286,4760,Launch new module,30,71.0,2024
11287,4761,Increase activation rate,30,98.0,2024
11288,4761,Increase activation rate,20,115.0,2024
11289,4761,Improve retention,25,95.0,2024
11290,4761,Run discovery interviews,50,83.0,2024
11291,4762,Improve eNPS,25,97.0,2024
11292,4762,Improve eNPS,30,85.0,2024
11293,4762,Reduce time-to-hire,40,97.0,2024
11294,4762,Reduce time-to-hire,20,78.0,2024
11295,4763,Reduce process cost,30,92.0,2024
11296,4763,Automate manual workflow,30,99.0,2024
11297,4764,Launch new module,40,85.0,2024
11298,4764,Run discovery interviews,40,77.0,2024
11299,4764,Run discovery interviews,50,86.0,2024
11300,4765,Build design system,30,77.0,2024
11301,4765,Build design system,40,66.0,2024
11302,4765,Improve usability score,25,81.0,2024
11303,4766,Automate manual workflow,50,83.0,2024
11304,4766,Reduce process cost,25,79.0,2024
11305,4766,Improve SLA compliance,20,100.0,2024
11306,4767,Improve data quality,25,74.0,2024
11307,4767,Improve data quality,25,85.0,2024
11308,4767,Reduce query cost,50,71.0,2024
11309,4767,Improve data quality,20,82.0,2024
11310,4768,Hit quarterly quota,25,87.0,2024
11311,4768,Expand key accounts,40,81.0,2024
11312,4768,Hit quarterly quota,50,89.0,2024
11313,4769,Cut response time,20,103.0,2024
11314,4769,Increase upsell,50,71.0,2024
11315,4769,Increase upsell,50,66.0,2024
11316,4769,Reduce churn,50,76.0,2024
11317,4770,Reduce production incidents,30,96.0,2024
11318,4770,Cut API latency,30,71.0,2024
11319,4770,Cut API latency,20,87.0,2024
11320,4771,Reduce overdue invoices,20,106.0,2024
11321,4771,Close books faster,50,120.0,2024
11322,4771,Improve forecast accuracy,50,94.0,2024
11323,4772,Reduce overdue invoices,25,89.0,2024
11324,4772,Improve forecast accuracy,20,82.0,2024
11325,4772,Improve forecast accuracy,50,68.0,2024
11326,4773,Improve NPS,50,114.0,2024
11327,4773,Cut response time,50,103.0,2024
11328,4774,Cut API latency,20,77.0,2024
11329,4774,Improve test coverage,20,112.0,2024
11330,4774,Reduce production incidents,50,90.0,2024
11331,4775,Cut response time,20,130.0,2024
11332,4775,Increase upsell,50,126.0,2024
11333,4775,Improve NPS,50,100.0,2024
11334,4776,Grow pipeline,30,78.0,2024
11335,4776,Expand key accounts,50,90.0,2024
11336,4777,Automate reporting pipeline,50,57.0,2024
11337,4777,Deliver self-serve dashboards,20,101.0,2024
11338,4777,Reduce query cost,50,65.0,2024
11339,4777,Automate reporting pipeline,25,98.0,2024
11340,4778,Improve NPS,30,80.0,2024
11341,4778,Cut response time,20,106.0,2024
11342,4779,Improve CAC,20,53.0,2024
11343,4779,Improve CAC,40,54.0,2024
11344,4780,Improve SLA compliance,25,99.0,2024
11345,4780,Improve SLA compliance,50,94.0,2024
11346,4781,Increase upsell,50,96.0,2024
11347,4781,Increase upsell,20,74.0,2024
11348,4781,Improve NPS,50,90.0,2024
11349,4781,Improve NPS,20,81.0,2024
11350,4782,Improve CAC,25,96.0,2024
11351,4782,Improve CAC,20,96.0,2024
11352,4782,Improve CAC,25,95.0,2024
11353,4783,Reduce overdue invoices,50,128.0,2024
11354,4783,Close books faster,25,64.0,2024
11355,4783,Close books faster,50,81.0,2024
11356,4784,Launch campaign,20,116.0,2024
11357,4784,Grow qualified leads,20,108.0,2024
11358,4784,Improve CAC,50,72.0,2024
11359,4784,Grow organic traffic,40,107.0,2024
11360,4785,Grow organic traffic,50,117.0,2024
11361,4785,Improve CAC,40,107.0,2024
11362,4786,Reduce process cost,40,105.0,2024
11363,4786,Reduce process cost,50,94.0,2024
11364,4786,Improve SLA compliance,25,85.0,2024
11365,4786,Reduce process cost,20,100.0,2024
11366,4787,Cut regretted attrition,30,89.0,2024
11367,4787,Reduce time-to-hire,25,77.0,2024
11368,4787,Cut regretted attrition,40,87.0,2024
11369,4787,Improve eNPS,30,85.0,2024
11370,4788,Launch campaign,30,103.0,2024
11371,4788,Launch campaign,50,66.0,2024
11372,4789,Build design system,40,80.0,2024
11373,4789,Build design system,25,71.0,2024
11374,4789,Redesign onboarding,40,79.0,2024
11375,4790,Hit quarterly quota,40,87.0,2024
11376,4790,Hit quarterly quota,30,83.0,2024
11377,4791,Reduce overdue invoices,50,97.0,2024
11378,4791,Reduce overdue invoices,30,96.0,2024
11379,4791,Reduce overdue invoices,50,79.0,2024
11380,4791,Reduce overdue invoices,20,104.0,2024
11381,4792,Reduce overdue invoices,40,97.0,2024
11382,4792,Close books faster,20,74.0,2024
11383,4792,Close books faster,50,63.0,2024
11384,4792,Reduce overdue invoices,20,88.0,2024
11385,4793,Reduce time-to-hire,20,111.0,2024
11386,4793,Reduce time-to-hire,50,96.0,2024
11387,4794,Improve NPS,25,83.0,2024
11388,4794,Reduce churn,30,107.0,2024
11389,4794,Reduce churn,50,83.0,2024
11390,4795,Grow qualified leads,20,69.0,2024
11391,4795,Grow organic traffic,50,81.0,2024
11392,4795,Grow organic traffic,25,98.0,2024
11393,4795,Improve CAC,20,110.0,2024
11394,4796,Deliver self-serve dashboards,20,93.0,2024
11395,4796,Reduce query cost,30,92.0,2024
11396,4796,Deliver self-serve dashboards,20,72.0,2024
11397,4796,Deliver self-serve dashboards,30,95.0,2024
11398,4797,Improve NPS,40,86.0,2024
11399,4797,Reduce churn,50,77.0,2024
11400,4798,Automate reporting pipeline,25,97.0,2024
11401,4798,Deliver self-serve dashboards,30,93.0,2024
11402,4799,Improve forecast accuracy,20,68.0,2024
11403,4799,Reduce overdue invoices,40,77.0,2024
11404,4800,Improve NPS,40,84.0,2024
11405,4800,Improve NPS,30,78.0,2024
11406,4800,Reduce churn,50,72.0,2024
11407,4800,Increase upsell,20,69.0,2024
11408,4801,Cut regretted attrition,40,83.0,2024
11409,4801,Reduce time-to-hire,25,72.0,2024
11410,4801,Reduce time-to-hire,50,56.0,2024
11411,4801,Reduce time-to-hire,25,90.0,2024
11412,4802,Close books faster,30,87.0,2024
11413,4802,Improve forecast accuracy,30,77.0,2024
11414,4802,Close books faster,20,110.0,2024
11415,4803,Build design system,40,100.0,2024
11416,4803,Redesign onboarding,25,99.0,2024
11417,4804,Improve win rate,50,63.0,2024
11418,4804,Improve win rate,20,56.0,2024
11419,4804,Improve win rate,25,76.0,2024
11420,4805,Launch new module,50,85.0,2024
11421,4805,Improve retention,20,77.0,2024
11422,4805,Run discovery interviews,25,63.0,2024
11423,4806,Run discovery interviews,50,99.0,2024
11424,4806,Increase activation rate,20,71.0,2024
11425,4806,Run discovery interviews,30,91.0,2024
11426,4807,Cut API latency,40,95.0,2024
11427,4807,Improve test coverage,40,81.0,2024
11428,4807,Reduce production incidents,25,89.0,2024
11429,4808,Cut regretted attrition,50,80.0,2024
11430,4808,Reduce time-to-hire,20,97.0,2024
11431,4809,Grow pipeline,50,76.0,2024
11432,4809,Hit quarterly quota,30,92.0,2024
11433,4810,Improve test coverage,20,114.0,2024
11434,4810,Reduce production incidents,50,106.0,2024
11435,4810,Improve test coverage,50,99.0,2024
11436,4810,Reduce production incidents,20,104.0,2024
11437,4811,Redesign onboarding,30,76.0,2024
11438,4811,Build design system,20,79.0,2024
11439,4812,Close books faster,30,98.0,2024
11440,4812,Close books faster,30,115.0,2024
11441,4813,Expand key accounts,50,105.0,2024
11442,4813,Grow pipeline,50,70.0,2024
11443,4813,Hit quarterly quota,20,73.0,2024
11444,4813,Improve win rate,20,79.0,2024
11445,4814,Reduce churn,25,55.0,2024
11446,4814,Improve NPS,30,63.0,2024
11447,4814,Cut response time,25,77.0,2024
11448,4814,Reduce churn,40,74.0,2024
11449,4815,Cut response time,40,64.0,2024
11450,4815,Reduce churn,25,57.0,2024
11451,4815,Cut response time,20,67.0,2024
11452,4816,Reduce overdue invoices,50,96.0,2024
11453,4816,Close books faster,40,79.0,2024
11454,4816,Reduce overdue invoices,50,69.0,2024
11455,4817,Increase upsell,40,72.0,2024
11456,4817,Cut response time,20,63.0,2024
11457,4817,Reduce churn,50,85.0,2024
11458,4817,Improve NPS,50,106.0,2024
11459,4818,Launch campaign,40,85.0,2024
11460,4818,Grow organic traffic,20,94.0,2024
11461,4819,Reduce churn,20,62.0,2024
11462,4819,Increase upsell,40,81.0,2024
11463,4819,Improve NPS,20,83.0,2024
11464,4820,Automate manual workflow,20,93.0,2024
11465,4820,Improve SLA compliance,50,78.0,2024
11466,4820,Improve SLA compliance,20,92.0,2024
11467,4820,Improve SLA compliance,20,102.0,2024
11468,4821,Grow qualified leads,30,97.0,2024
11469,4821,Improve CAC,30,78.0,2024
11470,4821,Grow qualified leads,30,100.0,2024
11471,4821,Improve CAC,20,107.0,2024
11472,4822,Improve win rate,30,94.0,2024
11473,4822,Expand key accounts,50,51.0,2024
11474,4822,Expand key accounts,50,80.0,2024
11475,4823,Deliver self-serve dashboards,25,123.0,2024
11476,4823,Deliver self-serve dashboards,50,102.0,2024
11477,4823,Reduce query cost,25,89.0,2024
11478,4823,Deliver self-serve dashboards,50,87.0,2024
11479,4824,Improve SLA compliance,20,82.0,2024
11480,4824,Automate manual workflow,40,85.0,2024
11481,4825,Ship roadmap features,25,101.0,2024
11482,4825,Improve test coverage,30,109.0,2024
11483,4825,Reduce production incidents,20,81.0,2024
11484,4826,Hit quarterly quota,50,74.0,2024
11485,4826,Improve win rate,20,63.0,2024
11486,4826,Hit quarterly quota,25,90.0,2024
11487,4827,Reduce production incidents,25,90.0,2024
11488,4827,Reduce production incidents,40,102.0,2024
11489,4827,Cut API latency,40,86.0,2024
11490,4827,Reduce production incidents,40,78.0,2024
11491,4828,Reduce query cost,20,103.0,2024
11492,4828,Reduce query cost,40,84.0,2024
11493,4829,Automate manual workflow,30,78.0,2024
11494,4829,Reduce process cost,30,49.0,2024
11495,4829,Automate manual workflow,50,72.0,2024
11496,4829,Automate manual workflow,25,81.0,2024
11497,4830,Automate reporting pipeline,50,108.0,2024
11498,4830,Reduce query cost,25,121.0,2024
11499,4830,Deliver self-serve dashboards,50,104.0,2024
11500,4830,Automate reporting pipeline,50,91.0,2024
11501,4831,Reduce query cost,50,92.0,2024
11502,4831,Reduce query cost,50,102.0,2024
11503,4832,Ship roadmap features,30,114.0,2024
11504,4832,Improve test coverage,30,92.0,2024
11505,4833,Launch campaign,30,104.0,2024
11506,4833,Grow organic traffic,25,101.0,2024
11507,4834,Cut response time,40,81.0,2024
11508,4834,Improve NPS,20,74.0,2024
11509,4834,Improve NPS,50,52.0,2024
11510,4835,Redesign onboarding,40,89.0,2024
11511,4835,Redesign onboarding,20,95.0,2024
11512,4835,Improve usability score,50,72.0,2024
11513,4836,Reduce process cost,20,104.0,2024
11514,4836,Automate manual workflow,30,81.0,2024
11515,4837,Cut regretted attrition,30,93.0,2024
11516,4837,Reduce time-to-hire,40,88.0,2024
11517,4837,Cut regretted attrition,25,117.0,2024
11518,4837,Reduce time-to-hire,20,116.0,2024
11519,4838,Reduce time-to-hire,20,71.0,2024
11520,4838,Improve eNPS,20,50.0,2024
11521,4838,Cut regretted attrition,40,61.0,2024
11522,4838,Improve eNPS,50,77.0,2024
11523,4839,Improve NPS,40,53.0,2024
11524,4839,Improve NPS,20,64.0,2024
11525,4839,Increase upsell,50,88.0,2024
11526,4840,Improve CAC,30,101.0,2024
11527,4840,Launch campaign,20,76.0,2024
11528,4840,Launch campaign,40,62.0,2024
11529,4840,Grow qualified leads,30,93.0,2024
11530,4841,Cut response time,20,90.0,2024
11531,4841,Improve NPS,40,88.0,2024
11532,4841,Increase upsell,40,80.0,2024
11533,4841,Increase upsell,40,102.0,2024
11534,4842,Improve forecast accuracy,20,65.0,2024
11535,4842,Reduce overdue invoices,40,69.0,2024
11536,4842,Improve forecast accuracy,40,81.0,2024
11537,4842,Improve forecast accuracy,40,68.0,2024
11538,4843,Reduce churn,30,73.0,2024
11539,4843,Cut response time,20,96.0,2024
11540,4843,Reduce churn,20,90.0,2024
11541,4844,Close books faster,40,91.0,2024
11542,4844,Close books faster,20,79.0,2024
11543,4845,Cut regretted attrition,20,108.0,2024
11544,4845,Cut regretted attrition,30,107.0,2024
11545,4845,Cut regretted attrition,50,73.0,2024
11546,4845,Cut regretted attrition,25,80.0,2024
11547,4846,Reduce overdue invoices,40,84.0,2024
11548,4846,Improve forecast accuracy,50,64.0,2024
11549,4846,Close books faster,40,78.0,2024
11550,4847,Improve eNPS,30,74.0,2024
11551,4847,Reduce time-to-hire,30,57.0,2024
11552,4848,Reduce query cost,20,62.0,2024
11553,4848,Deliver self-serve dashboards,20,91.0,2024
11554,4848,Improve data quality,25,84.0,2024
11555,4849,Increase upsell,50,69.0,2024
11556,4849,Reduce churn,50,71.0,2024
11557,4849,Cut response time,20,93.0,2024
11558,4850,Reduce process cost,50,116.0,2024
11559,4850,Automate manual workflow,25,97.0,2024
11560,4850,Improve SLA compliance,30,95.0,2024
11561,4850,Improve SLA compliance,30,87.0,2024
11562,4851,Redesign onboarding,50,72.0,2024
11563,4851,Improve usability score,40,68.0,2024
11564,4852,Improve test coverage,25,94.0,2024
11565,4852,Ship roadmap features,20,102.0,2024
11566,4852,Reduce production incidents,20,82.0,2024
11567,4852,Ship roadmap features,25,80.0,2024
11568,4853,Improve CAC,20,72.0,2024
11569,4853,Grow qualified leads,30,90.0,2024
11570,4853,Grow qualified leads,20,103.0,2024
11571,4853,Improve CAC,40,70.0,2024
11572,4854,Launch campaign,50,89.0,2024
11573,4854,Launch campaign,50,91.0,2024
11574,4854,Grow qualified leads,20,119.0,2024
11575,4855,Improve SLA compliance,30,97.0,2024
11576,4855,Reduce process cost,30,72.0,2024
11577,4855,Automate manual workflow,20,99.0,2024
11578,4856,Improve win rate,40,107.0,2024
11579,4856,Expand key accounts,20,82.0,2024
11580,4857,Increase activation rate,50,89.0,2024
11581,4857,Improve retention,50,73.0,2024
11582,4857,Increase activation rate,25,77.0,2024
11583,4857,Run discovery interviews,50,93.0,2024
11584,4858,Reduce time-to-hire,30,64.0,2024
11585,4858,Improve eNPS,25,74.0,2024
11586,4858,Improve eNPS,50,58.0,2024
11587,4858,Reduce time-to-hire,50,77.0,2024
11588,4859,Increase activation rate,50,99.0,2024
11589,4859,Launch new module,50,104.0,2024
11590,4859,Run discovery interviews,30,121.0,2024
11591,4859,Launch new module,40,102.0,2024
11592,4860,Reduce query cost,50,85.0,2024
11593,4860,Reduce query cost,20,57.0,2024
11594,4861,Improve CAC,40,87.0,2024
11595,4861,Grow organic traffic,40,79.0,2024
11596,4861,Grow qualified leads,40,94.0,2024
11597,4862,Cut API latency,30,103.0,2024
11598,4862,Ship roadmap features,50,90.0,2024
11599,4862,Cut API latency,50,109.0,2024
11600,4862,Improve test coverage,25,106.0,2024
11601,4863,Build design system,50,96.0,2024
11602,4863,Redesign onboarding,30,101.0,2024
11603,4863,Build design system,50,118.0,2024
11604,4863,Improve usability score,50,87.0,2024
11605,4864,Automate reporting pipeline,30,92.0,2024
11606,4864,Automate reporting pipeline,25,87.0,2024
11607,4864,Deliver self-serve dashboards,30,75.0,2024
11608,4865,Reduce process cost,40,112.0,2024
11609,4865,Improve SLA compliance,30,83.0,2024
11610,4866,Reduce overdue invoices,40,111.0,2024
11611,4866,Improve forecast accuracy,30,94.0,2024
11612,4867,Reduce process cost,40,98.0,2024
11613,4867,Improve SLA compliance,30,78.0,2024
11614,4868,Improve usability score,20,116.0,2024
11615,4868,Improve usability score,50,105.0,2024
11616,4868,Improve usability score,40,91.0,2024
11617,4869,Improve retention,20,86.0,2024
11618,4869,Increase activation rate,25,63.0,2024
11619,4869,Increase activation rate,50,79.0,2024
11620,4870,Improve usability score,40,75.0,2024
11621,4870,Redesign onboarding,40,84.0,2024
11622,4871,Increase activation rate,30,69.0,2024
11623,4871,Launch new module,20,55.0,2024
11624,4871,Increase activation rate,25,97.0,2024
11625,4872,Improve test coverage,25,96.0,2024
11626,4872,Ship roadmap features,50,109.0,2024
11627,4872,Reduce production incidents,30,85.0,2024
11628,4873,Build design system,40,68.0,2024
11629,4873,Redesign onboarding,30,90.0,2024
11630,4874,Reduce query cost,25,100.0,2024
11631,4874,Deliver self-serve dashboards,40,76.0,2024
11632,4874,Improve data quality,25,103.0,2024
11633,4875,Improve NPS,40,72.0,2024
11634,4875,Improve NPS,25,87.0,2024
11635,4875,Reduce churn,50,40.0,2024
11636,4876,Increase activation rate,25,130.0,2024
11637,4876,Improve retention,30,120.0,2024
11638,4876,Improve retention,30,101.0,2024
11639,4876,Run discovery interviews,50,110.0,2024
11640,4877,Grow pipeline,25,81.0,2024
11641,4877,Hit quarterly quota,20,86.0,2024
11642,4877,Improve win rate,30,103.0,2024
11643,4878,Improve eNPS,50,89.0,2024
11644,4878,Improve eNPS,20,87.0,2024
11645,4878,Improve eNPS,40,83.0,2024
11646,4878,Cut regretted attrition,25,90.0,2024
11647,4879,Grow organic traffic,50,70.0,2024
11648,4879,Grow qualified leads,50,100.0,2024
11649,4880,Increase activation rate,50,100.0,2024
11650,4880,Improve retention,40,85.0,2024
11651,4880,Run discovery interviews,40,91.0,2024
11652,4880,Increase activation rate,40,111.0,2024
11653,4881,Improve usability score,50,106.0,2024
11654,4881,Build design system,20,77.0,2024
11655,4882,Close books faster,25,91.0,2024
11656,4882,Reduce overdue invoices,30,71.0,2024
11657,4883,Grow pipeline,30,109.0,2024
11658,4883,Expand key accounts,40,96.0,2024
11659,4883,Grow pipeline,20,113.0,2024
11660,4884,Reduce production incidents,25,65.0,2024
11661,4884,Reduce production incidents,30,93.0,2024
11662,4885,Launch campaign,30,70.0,2024
11663,4885,Grow qualified leads,20,82.0,2024
11664,4885,Grow qualified leads,30,91.0,2024
11665,4886,Launch campaign,20,90.0,2024
11666,4886,Launch campaign,40,92.0,2024
11667,4886,Grow organic traffic,25,86.0,2024
11668,4887,Build design system,40,105.0,2024
11669,4887,Redesign onboarding,40,110.0,2024
11670,4888,Improve forecast accuracy,25,78.0,2024
11671,4888,Close books faster,20,88.0,2024
11672,4888,Close books faster,20,53.0,2024
11673,4889,Improve win rate,50,106.0,2024
11674,4889,Grow pipeline,50,102.0,2024
11675,4889,Grow pipeline,50,94.0,2024
11676,4890,Close books faster,30,127.0,2024
11677,4890,Close books faster,40,115.0,2024
11678,4890,Close books faster,20,105.0,2024
11679,4890,Reduce overdue invoices,25,107.0,2024
11680,4891,Improve eNPS,40,94.0,2024
11681,4891,Cut regretted attrition,20,104.0,2024
11682,4891,Cut regretted attrition,40,96.0,2024
11683,4891,Reduce time-to-hire,20,86.0,2024
11684,4892,Improve NPS,25,95.0,2024
11685,4892,Increase upsell,50,94.0,2024
11686,4892,Improve NPS,25,75.0,2024
11687,4892,Improve NPS,40,82.0,2024
11688,4893,Launch campaign,40,99.0,2024
11689,4893,Grow organic traffic,40,75.0,2024
11690,4893,Launch campaign,40,84.0,2024
11691,4894,Deliver self-serve dashboards,25,107.0,2024
11692,4894,Improve data quality,30,106.0,2024
11693,4894,Automate reporting pipeline,30,84.0,2024
11694,4895,Build design system,25,68.0,2024
11695,4895,Build design system,50,99.0,2024
11696,4895,Improve usability score,50,77.0,2024
11697,4895,Improve usability score,20,103.0,2024
11698,4896,Improve forecast accuracy,30,73.0,2024
11699,4896,Improve forecast accuracy,30,87.0,2024
11700,4896,Improve forecast accuracy,30,88.0,2024
11701,4897,Build design system,40,99.0,2024
11702,4897,Improve usability score,30,102.0,2024
11703,4897,Build design system,30,85.0,2024
11704,4897,Build design system,20,117.0,2024
11705,4898,Launch new module,30,87.0,2024
11706,4898,Launch new module,40,122.0,2024
11707,4898,Launch new module,30,112.0,2024
11708,4898,Run discovery interviews,50,84.0,2024
11709,4899,Launch new module,50,72.0,2024
11710,4899,Improve retention,20,112.0,2024
11711,4899,Run discovery interviews,30,80.0,2024
11712,4899,Launch new module,25,75.0,2024
11713,4900,Reduce query cost,25,99.0,2024
11714,4900,Deliver self-serve dashboards,20,87.0,2024
11715,4900,Automate reporting pipeline,50,89.0,2024
11716,4900,Reduce query cost,40,93.0,2024
11717,4901,Build design system,25,109.0,2024
11718,4901,Build design system,20,79.0,2024
11719,4901,Build design system,30,91.0,2024
11720,4901,Improve usability score,40,110.0,2024
11721,4902,Grow organic traffic,40,89.0,2024
11722,4902,Launch campaign,40,73.0,2024
11723,4902,Grow organic traffic,25,104.0,2024
11724,4902,Grow organic traffic,20,83.0,2024
11725,4903,Improve NPS,20,76.0,2024
11726,4903,Cut response time,25,105.0,2024
11727,4904,Run discovery interviews,50,114.0,2024
11728,4904,Run discovery interviews,20,98.0,2024
11729,4904,Run discovery interviews,50,107.0,2024
11730,4905,Improve usability score,40,97.0,2024
11731,4905,Build design system,30,90.0,2024
11732,4905,Improve usability score,25,98.0,2024
11733,4905,Redesign onboarding,30,96.0,2024
11734,4906,Increase activation rate,30,89.0,2024
11735,4906,Run discovery interviews,50,88.0,2024
11736,4906,Improve retention,40,101.0,2024
11737,4906,Launch new module,25,87.0,2024
11738,4907,Reduce process cost,25,125.0,2024
11739,4907,Reduce process cost,40,93.0,2024
11740,4908,Reduce time-to-hire,50,101.0,2024
11741,4908,Cut regretted attrition,40,114.0,2024
11742,4908,Improve eNPS,20,91.0,2024
11743,4909,Redesign onboarding,20,110.0,2024
11744,4909,Redesign onboarding,20,89.0,2024
11745,4909,Build design system,20,108.0,2024
11746,4910,Improve CAC,50,96.0,2024
11747,4910,Improve CAC,50,113.0,2024
11748,4910,Grow organic traffic,50,78.0,2024
11749,4910,Grow qualified leads,50,115.0,2024
11750,4911,Cut response time,50,66.0,2024
11751,4911,Cut response time,30,101.0,2024
11752,4911,Reduce churn,30,99.0,2024
11753,4911,Cut response time,40,97.0,2024
11754,4912,Reduce churn,40,82.0,2024
11755,4912,Reduce churn,30,107.0,2024
11756,4913,Ship roadmap features,50,78.0,2024
11757,4913,Cut API latency,40,97.0,2024
11758,4913,Reduce production incidents,20,97.0,2024
11759,4913,Improve test coverage,30,66.0,2024
11760,4914,Improve CAC,25,122.0,2024
11761,4914,Grow organic traffic,30,102.0,2024
11762,4914,Grow qualified leads,25,87.0,2024
11763,4914,Launch campaign,40,92.0,2024
11764,4915,Improve test coverage,25,74.0,2024
11765,4915,Improve test coverage,40,88.0,2024
11766,4915,Cut API latency,25,88.0,2024
11767,4916,Hit quarterly quota,40,85.0,2024
11768,4916,Grow pipeline,25,108.0,2024
11769,4916,Hit quarterly quota,25,93.0,2024
11770,4917,Grow organic traffic,20,120.0,2024
11771,4917,Grow qualified leads,25,116.0,2024
11772,4918,Reduce production incidents,50,78.0,2024
11773,4918,Reduce production incidents,20,76.0,2024
11774,4918,Ship roadmap features,20,99.0,2024
11775,4918,Improve test coverage,50,81.0,2024
11776,4919,Reduce churn,20,92.0,2024
11777,4919,Increase upsell,40,104.0,2024
11778,4919,Increase upsell,30,91.0,2024
11779,4919,Increase upsell,40,84.0,2024
11780,4920,Cut response time,25,114.0,2024
11781,4920,Increase upsell,25,101.0,2024
11782,4920,Improve NPS,50,86.0,2024
11783,4920,Improve NPS,25,91.0,2024
11784,4921,Reduce production incidents,25,84.0,2024
11785,4921,Ship roadmap features,20,94.0,2024
11786,4921,Ship roadmap features,40,92.0,2024
11787,4921,Cut API latency,50,109.0,2024
11788,4922,Deliver self-serve dashboards,50,100.0,2024
11789,4922,Improve data quality,30,64.0,2024
11790,4922,Automate reporting pipeline,50,92.0,2024
11791,4922,Deliver self-serve dashboards,40,72.0,2024
11792,4923,Expand key accounts,25,78.0,2024
11793,4923,Grow pipeline,50,89.0,2024
11794,4923,Expand key accounts,30,71.0,2024
11795,4923,Improve win rate,30,86.0,2024
11796,4924,Grow pipeline,40,114.0,2024
11797,4924,Hit quarterly quota,25,93.0,2024
11798,4924,Expand key accounts,20,69.0,2024
11799,4925,Close books faster,30,111.0,2024
11800,4925,Improve forecast accuracy,40,114.0,2024
11801,4925,Reduce overdue invoices,50,108.0,2024
11802,4925,Improve forecast accuracy,30,103.0,2024
11803,4926,Increase activation rate,50,89.0,2024
11804,4926,Increase activation rate,40,87.0,2024
11805,4926,Run discovery interviews,20,88.0,2024
11806,4926,Improve retention,40,95.0,2024
11807,4927,Launch new module,20,76.0,2024
11808,4927,Run discovery interviews,25,84.0,2024
11809,4927,Run discovery interviews,30,98.0,2024
11810,4927,Run discovery interviews,30,91.0,2024
11811,4928,Automate manual workflow,50,95.0,2024
11812,4928,Automate manual workflow,50,95.0,2024
11813,4928,Reduce process cost,25,69.0,2024
11814,4928,Reduce process cost,30,86.0,2024
11815,4929,Build design system,25,72.0,2024
11816,4929,Redesign onboarding,25,71.0,2024
11817,4929,Improve usability score,50,87.0,2024
11818,4930,Improve test coverage,25,76.0,2024
11819,4930,Reduce production incidents,50,83.0,2024
11820,4930,Ship roadmap features,40,100.0,2024
11821,4930,Improve test coverage,50,80.0,2024
11822,4931,Automate reporting pipeline,50,99.0,2024
11823,4931,Automate reporting pipeline,20,81.0,2024
11824,4932,Close books faster,20,82.0,2024
11825,4932,Close books faster,20,107.0,2024
11826,4933,Reduce production incidents,25,88.0,2024
11827,4933,Improve test coverage,20,75.0,2024
11828,4933,Ship roadmap features,40,77.0,2024
11829,4934,Improve test coverage,20,91.0,2024
11830,4934,Improve test coverage,30,110.0,2024
11831,4934,Reduce production incidents,40,102.0,2024
11832,4934,Improve test coverage,25,101.0,2024
11833,4935,Run discovery interviews,20,71.0,2024
11834,4935,Increase activation rate,50,89.0,2024
11835,4936,Expand key accounts,40,88.0,2024
11836,4936,Improve win rate,20,102.0,2024
11837,4936,Hit quarterly quota,20,80.0,2024
11838,4937,Close books faster,25,80.0,2024
11839,4937,Reduce overdue invoices,40,65.0,2024
11840,4938,Reduce process cost,25,90.0,2024
11841,4938,Reduce process cost,40,90.0,2024
11842,4939,Launch campaign,25,70.0,2024
11843,4939,Improve CAC,40,97.0,2024
11844,4939,Grow organic traffic,30,90.0,2024
11845,4939,Launch campaign,40,76.0,2024
11846,4940,Grow pipeline,20,90.0,2024
11847,4940,Hit quarterly quota,25,96.0,2024
11848,4940,Grow pipeline,25,85.0,2024
11849,4941,Increase upsell,30,122.0,2024
11850,4941,Improve NPS,40,107.0,2024
11851,4942,Reduce query cost,40,106.0,2024
11852,4942,Improve data quality,20,66.0,2024
11853,4942,Deliver self-serve dashboards,50,104.0,2024
11854,4942,Deliver self-serve dashboards,50,106.0,2024
11855,4943,Reduce churn,50,89.0,2024
11856,4943,Cut response time,30,103.0,2024
11857,4944,Expand key accounts,50,100.0,2024
11858,4944,Grow pipeline,25,99.0,2024
11859,4944,Improve win rate,25,117.0,2024
11860,4945,Launch new module,20,112.0,2024
11861,4945,Launch new module,30,84.0,2024
11862,4946,Ship roadmap features,50,118.0,2024
11863,4946,Ship roadmap features,25,115.0,2024
11864,4946,Reduce production incidents,40,123.0,2024
11865,4947,Reduce production incidents,30,67.0,2024
11866,4947,Reduce production incidents,25,86.0,2024
11867,4947,Improve test coverage,40,75.0,2024
11868,4947,Reduce production incidents,40,74.0,2024
11869,4948,Grow qualified leads,40,96.0,2024
11870,4948,Grow organic traffic,50,124.0,2024
11871,4948,Improve CAC,30,111.0,2024
11872,4949,Reduce overdue invoices,30,78.0,2024
11873,4949,Improve forecast accuracy,40,93.0,2024
11874,4949,Improve forecast accuracy,50,114.0,2024
11875,4950,Reduce churn,20,106.0,2024
11876,4950,Improve NPS,20,106.0,2024
11877,4950,Increase upsell,40,115.0,2024
11878,4951,Reduce process cost,25,78.0,2024
11879,4951,Improve SLA compliance,20,88.0,2024
11880,4951,Improve SLA compliance,30,59.0,2024
11881,4951,Improve SLA compliance,40,65.0,2024
11882,4952,Reduce process cost,50,66.0,2024
11883,4952,Automate manual workflow,40,93.0,2024
11884,4952,Improve SLA compliance,50,90.0,2024
11885,4953,Grow organic traffic,50,109.0,2024
11886,4953,Launch campaign,30,123.0,2024
11887,4953,Improve CAC,20,85.0,2024
11888,4954,Hit quarterly quota,25,70.0,2024
11889,4954,Improve win rate,50,62.0,2024
11890,4955,Increase upsell,50,69.0,2024
11891,4955,Cut response time,25,58.0,2024
11892,4955,Cut response time,25,71.0,2024
11893,4955,Improve NPS,40,63.0,2024
11894,4956,Increase activation rate,25,101.0,2024
11895,4956,Run discovery interviews,20,115.0,2024
11896,4956,Launch new module,40,91.0,2024
11897,4957,Close books faster,20,106.0,2024
11898,4957,Reduce overdue invoices,20,87.0,2024
11899,4957,Close books faster,25,80.0,2024
11900,4958,Reduce process cost,25,117.0,2024
11901,4958,Automate manual workflow,50,109.0,2024
11902,4958,Improve SLA compliance,40,117.0,2024
11903,4958,Improve SLA compliance,40,101.0,2024
11904,4959,Improve test coverage,50,74.0,2024
11905,4959,Cut API latency,20,71.0,2024
11906,4959,Cut API latency,50,79.0,2024
11907,4960,Hit quarterly quota,20,67.0,2024
11908,4960,Expand key accounts,30,75.0,2024
11909,4960,Grow pipeline,25,103.0,2024
11910,4961,Run discovery interviews,25,118.0,2024
11911,4961,Launch new module,50,112.0,2024
11912,4961,Improve retention,20,93.0,2024
11913,4962,Grow qualified leads,20,88.0,2024
11914,4962,Grow qualified leads,50,119.0,2024
11915,4963,Automate reporting pipeline,20,88.0,2024
11916,4963,Automate reporting pipeline,20,74.0,2024
11917,4963,Improve data quality,25,91.0,2024
11918,4964,Close books faster,30,114.0,2024
11919,4964,Close books faster,25,95.0,2024
11920,4965,Grow pipeline,20,112.0,2024
11921,4965,Grow pipeline,50,115.0,2024
11922,4965,Improve win rate,40,116.0,2024
11923,4965,Hit quarterly quota,50,100.0,2024
11924,4966,Reduce overdue invoices,20,106.0,2024
11925,4966,Improve forecast accuracy,40,85.0,2024
11926,4966,Improve forecast accuracy,20,91.0,2024
11927,4966,Improve forecast accuracy,20,128.0,2024
11928,4967,Automate reporting pipeline,30,82.0,2024
11929,4967,Reduce query cost,50,118.0,2024
11930,4968,Launch campaign,40,104.0,2024
11931,4968,Launch campaign,50,80.0,2024
11932,4969,Improve usability score,20,91.0,2024
11933,4969,Redesign onboarding,40,98.0,2024
11934,4969,Redesign onboarding,50,80.0,2024
11935,4969,Redesign onboarding,40,90.0,2024
11936,4970,Improve test coverage,20,93.0,2024
11937,4970,Cut API latency,50,62.0,2024
11938,4970,Improve test coverage,40,84.0,2024
11939,4971,Build design system,20,100.0,2024
11940,4971,Redesign onboarding,40,87.0,2024
11941,4971,Redesign onboarding,20,102.0,2024
11942,4971,Build design system,20,75.0,2024
11943,4972,Reduce process cost,20,84.0,2024
11944,4972,Improve SLA compliance,30,73.0,2024
11945,4973,Close books faster,40,75.0,2024
11946,4973,Close books faster,25,93.0,2024
11947,4973,Reduce overdue invoices,40,92.0,2024
11948,4974,Reduce overdue invoices,30,93.0,2024
11949,4974,Close books faster,30,75.0,2024
11950,4975,Expand key accounts,50,82.0,2024
11951,4975,Improve win rate,30,81.0,2024
11952,4976,Improve retention,40,98.0,2024
11953,4976,Run discovery interviews,40,83.0,2024
11954,4976,Run discovery interviews,40,99.0,2024
11955,4977,Launch campaign,40,99.0,2024
11956,4977,Grow qualified leads,30,97.0,2024
11957,4977,Improve CAC,50,107.0,2024
11958,4977,Launch campaign,20,111.0,2024
11959,4978,Close books faster,20,83.0,2024
11960,4978,Reduce overdue invoices,20,90.0,2024
11961,4979,Run discovery interviews,30,79.0,2024
11962,4979,Launch new module,40,103.0,2024
11963,4980,Build design system,40,98.0,2024
11964,4980,Improve usability score,20,104.0,2024
11965,4980,Redesign onboarding,40,72.0,2024
11966,4980,Redesign onboarding,50,106.0,2024
11967,4981,Improve SLA compliance,25,86.0,2024
11968,4981,Improve SLA compliance,30,76.0,2024
11969,4982,Ship roadmap features,25,87.0,2024
11970,4982,Cut API latency,40,112.0,2024
11971,4982,Ship roadmap features,25,88.0,2024
11972,4982,Ship roadmap features,25,92.0,2024
11973,4983,Increase upsell,20,89.0,2024
11974,4983,Reduce churn,30,96.0,2024
11975,4983,Increase upsell,20,86.0,2024
11976,4984,Improve eNPS,40,78.0,2024
11977,4984,Improve eNPS,40,88.0,2024
11978,4984,Cut regretted attrition,40,96.0,2024
11979,4985,Increase activation rate,20,98.0,2024
11980,4985,Increase activation rate,20,84.0,2024
11981,4985,Increase activation rate,30,88.0,2024
11982,4986,Increase activation rate,20,89.0,2024
11983,4986,Run discovery interviews,25,83.0,2024
11984,4986,Improve retention,40,93.0,2024
11985,4986,Launch new module,50,105.0,2024
11986,4987,Grow pipeline,30,80.0,2024
11987,4987,Hit quarterly quota,30,105.0,2024
11988,4988,Launch new module,40,95.0,2024
11989,4988,Run discovery interviews,25,94.0,2024
11990,4989,Improve retention,30,74.0,2024
11991,4989,Improve retention,50,92.0,2024
11992,4990,Hit quarterly quota,50,89.0,2024
11993,4990,Expand key accounts,30,112.0,2024
11994,4991,Reduce process cost,40,88.0,2024
11995,4991,Reduce process cost,20,81.0,2024
11996,4991,Automate manual workflow,25,85.0,2024
11997,4992,Improve CAC,50,87.0,2024
11998,4992,Improve CAC,25,79.0,2024
11999,4993,Redesign onboarding,50,88.0,2024
12000,4993,Build design system,30,95.0,2024
12001,4993,Build design system,40,75.0,2024
12002,4994,Automate manual workflow,30,55.0,2024
12003,4994,Improve SLA compliance,20,97.0,2024
12004,4994,Automate manual workflow,25,80.0,2024
12005,4994,Automate manual workflow,50,83.0,2024
12006,4995,Ship roadmap features,50,97.0,2024
12007,4995,Improve test coverage,30,115.0,2024
12008,4996,Deliver self-serve dashboards,25,111.0,2024
12009,4996,Improve data quality,25,117.0,2024
12010,4997,Automate manual workflow,30,82.0,2024
12011,4997,Reduce process cost,40,81.0,2024
12012,4997,Improve SLA compliance,20,105.0,2024
12013,4998,Build design system,25,88.0,2024
12014,4998,Redesign onboarding,40,101.0,2024
12015,4998,Improve usability score,20,104.0,2024
12016,4999,Reduce production incidents,40,108.0,2024
12017,4999,Improve test coverage,25,83.0,2024
12018,5000,Automate reporting pipeline,30,81.0,2024
12019,5000,Deliver self-serve dashboards,50,81.0,2024
12020,5000,Reduce query cost,20,78.0,2024
12021,5001,Improve eNPS,50,97.0,2024
12022,5001,Reduce time-to-hire,20,71.0,2024
12023,5002,Hit quarterly quota,50,95.0,2024
12024,5002,Grow pipeline,40,90.0,2024
12025,5002,Grow pipeline,40,77.0,2024
12026,5002,Expand key accounts,30,78.0,2024
12027,5003,Reduce production incidents,40,104.0,2024
12028,5003,Reduce production incidents,30,95.0,2024
12029,5003,Reduce production incidents,50,116.0,2024
12030,5004,Reduce overdue invoices,40,86.0,2024
12031,5004,Close books faster,50,88.0,2024
12032,5004,Improve forecast accuracy,40,87.0,2024
12033,5005,Redesign onboarding,20,75.0,2024
12034,5005,Improve usability score,50,86.0,2024
12035,5005,Redesign onboarding,50,77.0,2024
12036,5006,Reduce time-to-hire,20,86.0,2024
12037,5006,Cut regretted attrition,20,63.0,2024
12038,5006,Improve eNPS,30,84.0,2024
12039,5006,Cut regretted attrition,40,88.0,2024
12040,5007,Improve data quality,30,78.0,2024
12041,5007,Improve data quality,20,86.0,2024
12042,5007,Reduce query cost,30,69.0,2024
12043,5008,Close books faster,40,95.0,2024
12044,5008,Close books faster,20,73.0,2024
12045,5009,Improve CAC,50,97.0,2024
12046,5009,Grow organic traffic,50,88.0,2024
12047,5009,Grow qualified leads,50,76.0,2024
12048,5010,Reduce process cost,20,87.0,2024
12049,5010,Automate manual workflow,40,73.0,2024
12050,5010,Reduce process cost,40,101.0,2024
12051,5010,Automate manual workflow,40,78.0,2024
12052,5011,Launch campaign,30,91.0,2024
12053,5011,Launch campaign,50,58.0,2024
12054,5012,Improve forecast accuracy,25,65.0,2024
12055,5012,Close books faster,20,72.0,2024
12056,5012,Improve forecast accuracy,50,88.0,2024
12057,5013,Improve CAC,30,75.0,2024
12058,5013,Launch campaign,50,67.0,2024
12059,5013,Improve CAC,20,89.0,2024
12060,5013,Grow qualified leads,25,82.0,2024
12061,5014,Reduce churn,50,86.0,2024
12062,5014,Cut response time,30,94.0,2024
12063,5014,Cut response time,25,112.0,2024
12064,5015,Improve test coverage,50,111.0,2024
12065,5015,Reduce production incidents,20,114.0,2024
12066,5015,Improve test coverage,25,100.0,2024
12067,5016,Ship roadmap features,20,100.0,2024
12068,5016,Ship roadmap features,40,99.0,2024
12069,5016,Ship roadmap features,40,89.0,2024
12070,5017,Cut regretted attrition,25,94.0,2024
12071,5017,Improve eNPS,20,83.0,2024
12072,5017,Improve eNPS,50,106.0,2024
12073,5018,Improve NPS,25,76.0,2024
12074,5018,Reduce churn,50,87.0,2024
12075,5018,Reduce churn,40,93.0,2024
12076,5018,Cut response time,20,92.0,2024
12077,5019,Improve forecast accuracy,20,71.0,2024
12078,5019,Close books faster,20,69.0,2024
12079,5019,Close books faster,30,62.0,2024
12080,5020,Ship roadmap features,20,97.0,2024
12081,5020,Cut API latency,25,72.0,2024
12082,5021,Grow qualified leads,40,88.0,2024
12083,5021,Launch campaign,30,102.0,2024
12084,5021,Grow organic traffic,30,58.0,2024
12085,5022,Expand key accounts,50,85.0,2024
12086,5022,Hit quarterly quota,50,82.0,2024
12087,5023,Increase activation rate,20,86.0,2024
12088,5023,Increase activation rate,20,89.0,2024
12089,5023,Increase activation rate,20,82.0,2024
12090,5024,Improve data quality,20,57.0,2024
12091,5024,Improve data quality,20,93.0,2024
12092,5025,Improve usability score,50,75.0,2024
12093,5025,Redesign onboarding,30,74.0,2024
12094,5025,Redesign onboarding,20,80.0,2024
12095,5026,Improve NPS,50,83.0,2024
12096,5026,Improve NPS,20,69.0,2024
12097,5027,Automate manual workflow,50,90.0,2024
12098,5027,Automate manual workflow,20,90.0,2024
12099,5027,Automate manual workflow,25,108.0,2024
12100,5028,Grow organic traffic,25,112.0,2024
12101,5028,Launch campaign,30,110.0,2024
12102,5028,Improve CAC,40,101.0,2024
12103,5029,Grow organic traffic,30,93.0,2024
12104,5029,Launch campaign,40,116.0,2024
12105,5029,Grow qualified leads,50,105.0,2024
12106,5029,Launch campaign,40,105.0,2024
12107,5030,Reduce production incidents,30,108.0,2024
12108,5030,Ship roadmap features,25,115.0,2024
12109,5030,Cut API latency,30,83.0,2024
12110,5030,Cut API latency,30,97.0,2024
12111,5031,Increase activation rate,50,97.0,2024
12112,5031,Increase activation rate,30,86.0,2024
12113,5031,Run discovery interviews,20,106.0,2024
12114,5032,Grow pipeline,50,85.0,2024
12115,5032,Hit quarterly quota,50,103.0,2024
12116,5032,Grow pipeline,25,103.0,2024
12117,5032,Grow pipeline,40,96.0,2024
12118,5033,Run discovery interviews,20,93.0,2024
12119,5033,Run discovery interviews,50,91.0,2024
12120,5033,Run discovery interviews,50,88.0,2024
12121,5034,Redesign onboarding,40,92.0,2024
12122,5034,Build design system,40,87.0,2024
12123,5035,Automate reporting pipeline,40,93.0,2024
12124,5035,Improve data quality,40,114.0,2024
12125,5035,Reduce query cost,20,118.0,2024
12126,5035,Reduce query cost,40,89.0,2024
12127,5036,Reduce process cost,30,85.0,2024
12128,5036,Automate manual workflow,40,69.0,2024
12129,5036,Reduce process cost,50,69.0,2024
12130,5037,Grow organic traffic,30,56.0,2024
12131,5037,Grow organic traffic,40,108.0,2024
12132,5037,Grow organic traffic,40,85.0,2024
12133,5038,Cut regretted attrition,50,80.0,2024
12134,5038,Reduce time-to-hire,20,75.0,2024
12135,5039,Improve forecast accuracy,20,101.0,2024
12136,5039,Reduce overdue invoices,40,84.0,2024
12137,5039,Reduce overdue invoices,25,91.0,2024
12138,5040,Launch new module,40,88.0,2024
12139,5040,Launch new module,25,72.0,2024
12140,5041,Reduce time-to-hire,30,97.0,2024
12141,5041,Improve eNPS,30,81.0,2024
12142,5041,Cut regretted attrition,20,100.0,2024
12143,5041,Cut regretted attrition,25,105.0,2024
12144,5042,Improve eNPS,50,86.0,2024
12145,5042,Cut regretted attrition,40,94.0,2024
12146,5042,Improve eNPS,40,80.0,2024
12147,5043,Run discovery interviews,25,113.0,2024
12148,5043,Improve retention,30,96.0,2024
12149,5044,Reduce production incidents,30,95.0,2024
12150,5044,Ship roadmap features,20,92.0,2024
12151,5044,Cut API latency,25,94.0,2024
12152,5045,Hit quarterly quota,25,91.0,2024
12153,5045,Grow pipeline,20,59.0,2024
12154,5046,Increase upsell,50,101.0,2024
12155,5046,Cut response time,50,88.0,2024
12156,5046,Improve NPS,50,76.0,2024
12157,5046,Reduce churn,25,73.0,2024
12158,5047,Ship roadmap features,50,64.0,2024
12159,5047,Improve test coverage,30,56.0,2024
12160,5047,Cut API latency,40,57.0,2024
12161,5047,Ship roadmap features,20,83.0,2024
12162,5048,Grow pipeline,40,65.0,2024
12163,5048,Hit quarterly quota,40,67.0,2024
12164,5048,Hit quarterly quota,50,56.0,2024
12165,5048,Hit quarterly quota,40,65.0,2024
12166,5049,Improve NPS,20,99.0,2024
12167,5049,Increase upsell,30,76.0,2024
12168,5050,Improve retention,30,99.0,2024
12169,5050,Increase activation rate,50,113.0,2024
12170,5051,Improve eNPS,40,100.0,2024
12171,5051,Reduce time-to-hire,50,75.0,2024
12172,5051,Improve eNPS,50,77.0,2024
12173,5052,Expand key accounts,40,110.0,2024
12174,5052,Hit quarterly quota,20,107.0,2024
12175,5052,Expand key accounts,25,93.0,2024
12176,5052,Improve win rate,50,117.0,2024
12177,5053,Improve retention,50,114.0,2024
12178,5053,Run discovery interviews,25,94.0,2024
12179,5053,Improve retention,25,82.0,2024
12180,5053,Run discovery interviews,30,87.0,2024
12181,5054,Close books faster,50,83.0,2024
12182,5054,Improve forecast accuracy,20,64.0,2024
12183,5054,Improve forecast accuracy,25,93.0,2024
12184,5054,Reduce overdue invoices,40,78.0,2024
12185,5055,Improve data quality,30,108.0,2024
12186,5055,Automate reporting pipeline,50,89.0,2024
12187,5055,Reduce query cost,25,101.0,2024
12188,5056,Grow organic traffic,20,85.0,2024
12189,5056,Grow qualified leads,25,88.0,2024
12190,5056,Improve CAC,20,63.0,2024
12191,5056,Launch campaign,40,85.0,2024
12192,5057,Run discovery interviews,20,98.0,2024
12193,5057,Increase activation rate,50,118.0,2024
12194,5057,Increase activation rate,50,98.0,2024
12195,5058,Reduce production incidents,40,109.0,2024
12196,5058,Reduce production incidents,20,84.0,2024
12197,5058,Improve test coverage,30,86.0,2024
12198,5059,Reduce overdue invoices,50,115.0,2024
12199,5059,Reduce overdue invoices,25,90.0,2024
12200,5059,Reduce overdue invoices,20,117.0,2024
12201,5059,Improve forecast accuracy,20,103.0,2024
12202,5060,Reduce production incidents,25,61.0,2024
12203,5060,Ship roadmap features,20,83.0,2024
12204,5060,Ship roadmap features,20,66.0,2024
12205,5060,Cut API latency,20,36.0,2024
12206,5061,Reduce production incidents,25,86.0,2024
12207,5061,Improve test coverage,40,72.0,2024
12208,5061,Reduce production incidents,20,73.0,2024
12209,5062,Improve CAC,30,89.0,2024
12210,5062,Grow qualified leads,40,101.0,2024
12211,5062,Launch campaign,20,95.0,2024
12212,5063,Build design system,30,95.0,2024
12213,5063,Build design system,30,98.0,2024
12214,5063,Build design system,20,88.0,2024
12215,5064,Ship roadmap features,25,79.0,2024
12216,5064,Improve test coverage,30,66.0,2024
12217,5065,Close books faster,40,69.0,2024
12218,5065,Improve forecast accuracy,50,90.0,2024
12219,5065,Close books faster,30,83.0,2024
12220,5065,Reduce overdue invoices,40,76.0,2024
12221,5066,Ship roadmap features,20,67.0,2024
12222,5066,Ship roadmap features,40,76.0,2024
12223,5066,Ship roadmap features,25,67.0,2024
12224,5067,Build design system,30,52.0,2024
12225,5067,Improve usability score,40,84.0,2024
12226,5067,Build design system,20,70.0,2024
12227,5067,Redesign onboarding,40,77.0,2024
12228,5068,Build design system,25,105.0,2024
12229,5068,Build design system,25,99.0,2024
12230,5068,Build design system,20,84.0,2024
12231,5069,Increase activation rate,40,71.0,2024
12232,5069,Improve retention,25,99.0,2024
12233,5070,Deliver self-serve dashboards,40,89.0,2024
12234,5070,Automate reporting pipeline,40,89.0,2024
12235,5070,Reduce query cost,50,98.0,2024
12236,5071,Improve usability score,40,104.0,2024
12237,5071,Build design system,50,74.0,2024
12238,5071,Improve usability score,20,92.0,2024
12239,5072,Improve eNPS,20,120.0,2024
12240,5072,Improve eNPS,30,78.0,2024
12241,5073,Deliver self-serve dashboards,30,83.0,2024
12242,5073,Reduce query cost,30,60.0,2024
12243,5074,Reduce time-to-hire,30,79.0,2024
12244,5074,Reduce time-to-hire,30,80.0,2024
12245,5074,Reduce time-to-hire,50,80.0,2024
12246,5074,Reduce time-to-hire,30,66.0,2024
12247,5075,Improve eNPS,20,54.0,2024
12248,5075,Cut regretted attrition,30,92.0,2024
12249,5076,Cut response time,25,104.0,2024
12250,5076,Improve NPS,50,86.0,2024
12251,5077,Improve test coverage,40,114.0,2024
12252,5077,Improve test coverage,20,104.0,2024
12253,5077,Ship roadmap features,25,89.0,2024
12254,5077,Cut API latency,20,94.0,2024
12255,5078,Reduce production incidents,30,76.0,2024
12256,5078,Reduce production incidents,25,76.0,2024
12257,5079,Improve eNPS,25,66.0,2024
12258,5079,Cut regretted attrition,30,85.0,2024
12259,5079,Improve eNPS,20,70.0,2024
12260,5080,Grow qualified leads,50,104.0,2024
12261,5080,Improve CAC,20,90.0,2024
12262,5080,Launch campaign,20,101.0,2024
12263,5080,Grow qualified leads,40,97.0,2024
12264,5081,Improve data quality,50,108.0,2024
12265,5081,Improve data quality,25,84.0,2024
12266,5082,Improve CAC,30,83.0,2024
12267,5082,Improve CAC,25,88.0,2024
12268,5082,Grow organic traffic,30,66.0,2024
12269,5083,Cut regretted attrition,20,110.0,2024
12270,5083,Reduce time-to-hire,50,95.0,2024
12271,5083,Reduce time-to-hire,30,90.0,2024
12272,5084,Automate reporting pipeline,25,110.0,2024
12273,5084,Improve data quality,20,87.0,2024
12274,5084,Automate reporting pipeline,40,76.0,2024
12275,5084,Improve data quality,25,102.0,2024
12276,5085,Grow qualified leads,50,94.0,2024
12277,5085,Improve CAC,50,83.0,2024
12278,5085,Improve CAC,30,74.0,2024
12279,5085,Launch campaign,20,79.0,2024
12280,5086,Expand key accounts,50,88.0,2024
12281,5086,Hit quarterly quota,40,84.0,2024
12282,5086,Expand key accounts,40,79.0,2024
12283,5087,Improve usability score,50,85.0,2024
12284,5087,Build design system,20,75.0,2024
12285,5088,Reduce overdue invoices,20,61.0,2024
12286,5088,Close books faster,40,82.0,2024
12287,5088,Close books faster,50,90.0,2024
12288,5089,Grow pipeline,25,73.0,2024
12289,5089,Improve win rate,50,67.0,2024
12290,5090,Grow pipeline,25,72.0,2024
12291,5090,Improve win rate,25,102.0,2024
12292,5091,Improve eNPS,25,91.0,2024
12293,5091,Improve eNPS,40,101.0,2024
12294,5092,Reduce overdue invoices,50,86.0,2024
12295,5092,Improve forecast accuracy,25,91.0,2024
12296,5093,Improve forecast accuracy,30,84.0,2024
12297,5093,Reduce overdue invoices,20,87.0,2024
12298,5093,Improve forecast accuracy,20,93.0,2024
12299,5093,Reduce overdue invoices,30,107.0,2024
12300,5094,Build design system,40,127.0,2024
12301,5094,Improve usability score,40,112.0,2024
12302,5095,Improve eNPS,50,57.0,2024
12303,5095,Reduce time-to-hire,50,94.0,2024
12304,5096,Ship roadmap features,20,71.0,2024
12305,5096,Ship roadmap features,30,83.0,2024
12306,5096,Improve test coverage,40,84.0,2024
12307,5096,Ship roadmap features,20,113.0,2024
12308,5097,Close books faster,40,88.0,2024
12309,5097,Close books faster,50,92.0,2024
12310,5097,Improve forecast accuracy,20,99.0,2024
12311,5098,Reduce overdue invoices,40,78.0,2024
12312,5098,Reduce overdue invoices,30,88.0,2024
12313,5099,Reduce overdue invoices,40,67.0,2024
12314,5099,Close books faster,25,87.0,2024
12315,5099,Reduce overdue invoices,25,80.0,2024
12316,5099,Close books faster,25,79.0,2024
12317,5100,Reduce process cost,25,85.0,2024
12318,5100,Reduce process cost,25,83.0,2024
12319,5101,Improve NPS,40,87.0,2024
12320,5101,Reduce churn,25,83.0,2024
12321,5101,Increase upsell,30,67.0,2024
12322,5102,Deliver self-serve dashboards,30,114.0,2024
12323,5102,Improve data quality,50,114.0,2024
12324,5103,Deliver self-serve dashboards,40,103.0,2024
12325,5103,Deliver self-serve dashboards,50,102.0,2024
12326,5103,Automate reporting pipeline,30,82.0,2024
12327,5104,Improve forecast accuracy,30,94.0,2024
12328,5104,Reduce overdue invoices,20,86.0,2024
12329,5104,Improve forecast accuracy,40,81.0,2024
12330,5105,Improve SLA compliance,30,50.0,2024
12331,5105,Reduce process cost,20,72.0,2024
12332,5105,Improve SLA compliance,30,77.0,2024
12333,5106,Improve test coverage,20,59.0,2024
12334,5106,Cut API latency,30,86.0,2024
12335,5106,Ship roadmap features,30,77.0,2024
12336,5107,Ship roadmap features,50,75.0,2024
12337,5107,Ship roadmap features,25,67.0,2024
12338,5108,Improve forecast accuracy,30,74.0,2024
12339,5108,Reduce overdue invoices,50,57.0,2024
12340,5108,Close books faster,30,82.0,2024
12341,5109,Improve win rate,20,113.0,2024
12342,5109,Improve win rate,30,82.0,2024
12343,5109,Hit quarterly quota,50,92.0,2024
12344,5109,Expand key accounts,40,97.0,2024
12345,5110,Improve win rate,40,102.0,2024
12346,5110,Grow pipeline,50,98.0,2024
12347,5110,Hit quarterly quota,30,101.0,2024
12348,5111,Build design system,20,82.0,2024
12349,5111,Build design system,40,104.0,2024
12350,5111,Redesign onboarding,30,94.0,2024
12351,5111,Improve usability score,20,72.0,2024
12352,5112,Run discovery interviews,25,100.0,2024
12353,5112,Launch new module,20,87.0,2024
12354,5113,Redesign onboarding,40,96.0,2024
12355,5113,Build design system,20,77.0,2024
12356,5113,Build design system,50,91.0,2024
12357,5114,Reduce query cost,25,77.0,2024
12358,5114,Deliver self-serve dashboards,50,75.0,2024
12359,5114,Deliver self-serve dashboards,50,87.0,2024
12360,5115,Expand key accounts,20,102.0,2024
12361,5115,Improve win rate,25,76.0,2024
12362,5116,Launch new module,20,75.0,2024
12363,5116,Improve retention,40,97.0,2024
12364,5116,Launch new module,20,85.0,2024
12365,5116,Increase activation rate,50,81.0,2024
12366,5117,Automate reporting pipeline,40,108.0,2024
12367,5117,Automate reporting pipeline,50,97.0,2024
12368,5118,Reduce overdue invoices,25,104.0,2024
12369,5118,Close books faster,20,89.0,2024
12370,5118,Reduce overdue invoices,25,73.0,2024
12371,5118,Improve forecast accuracy,25,104.0,2024
12372,5119,Redesign onboarding,20,117.0,2024
12373,5119,Improve usability score,50,88.0,2024
12374,5119,Build design system,25,104.0,2024
12375,5119,Redesign onboarding,30,96.0,2024
12376,5120,Deliver self-serve dashboards,40,115.0,2024
12377,5120,Automate reporting pipeline,25,99.0,2024
12378,5120,Automate reporting pipeline,25,98.0,2024
12379,5120,Reduce query cost,50,116.0,2024
12380,5121,Reduce production incidents,25,102.0,2024
12381,5121,Improve test coverage,20,96.0,2024
12382,5122,Reduce time-to-hire,25,113.0,2024
12383,5122,Reduce time-to-hire,40,101.0,2024
12384,5123,Automate manual workflow,25,120.0,2024
12385,5123,Reduce process cost,40,96.0,2024
12386,5123,Automate manual workflow,50,111.0,2024
12387,5123,Automate manual workflow,50,126.0,2024
12388,5124,Deliver self-serve dashboards,50,75.0,2024
12389,5124,Deliver self-serve dashboards,25,48.0,2024
12390,5125,Cut API latency,20,81.0,2024
12391,5125,Ship roadmap features,25,73.0,2024
12392,5126,Launch campaign,20,69.0,2024
12393,5126,Grow qualified leads,40,105.0,2024
12394,5127,Reduce overdue invoices,20,81.0,2024
12395,5127,Close books faster,25,69.0,2024
12396,5127,Improve forecast accuracy,50,98.0,2024
12397,5128,Build design system,20,101.0,2024
12398,5128,Build design system,20,91.0,2024
12399,5129,Improve retention,25,72.0,2024
12400,5129,Improve retention,40,100.0,2024
12401,5129,Increase activation rate,50,78.0,2024
12402,5130,Cut regretted attrition,50,94.0,2024
12403,5130,Improve eNPS,50,70.0,2024
12404,5130,Reduce time-to-hire,20,111.0,2024
12405,5130,Cut regretted attrition,30,100.0,2024
12406,5131,Increase upsell,20,70.0,2024
12407,5131,Improve NPS,25,93.0,2024
12408,5132,Cut regretted attrition,40,62.0,2024
12409,5132,Improve eNPS,20,104.0,2024
12410,5132,Reduce time-to-hire,50,79.0,2024
12411,5132,Cut regretted attrition,50,85.0,2024
12412,5133,Grow organic traffic,30,107.0,2024
12413,5133,Launch campaign,20,104.0,2024
12414,5133,Grow qualified leads,40,111.0,2024
12415,5133,Grow qualified leads,30,95.0,2024
12416,5134,Reduce production incidents,25,102.0,2024
12417,5134,Cut API latency,30,90.0,2024
12418,5134,Cut API latency,25,74.0,2024
12419,5134,Cut API latency,25,75.0,2024
12420,5135,Improve test coverage,50,93.0,2024
12421,5135,Reduce production incidents,20,87.0,2024
12422,5135,Ship roadmap features,30,87.0,2024
12423,5135,Cut API latency,50,103.0,2024
12424,5136,Reduce overdue invoices,25,99.0,2024
12425,5136,Improve forecast accuracy,25,77.0,2024
12426,5136,Reduce overdue invoices,25,84.0,2024
12427,5137,Cut response time,50,103.0,2024
12428,5137,Cut response time,40,100.0,2024
12429,5137,Reduce churn,30,106.0,2024
12430,5137,Increase upsell,25,110.0,2024
12431,5138,Cut regretted attrition,30,71.0,2024
12432,5138,Cut regretted attrition,50,61.0,2024
12433,5138,Cut regretted attrition,30,77.0,2024
12434,5138,Improve eNPS,20,98.0,2024
12435,5139,Increase upsell,40,65.0,2024
12436,5139,Cut response time,20,88.0,2024
12437,5139,Reduce churn,40,84.0,2024
12438,5139,Reduce churn,50,65.0,2024
12439,5140,Grow qualified leads,25,105.0,2024
12440,5140,Launch campaign,25,97.0,2024
12441,5141,Cut API latency,25,101.0,2024
12442,5141,Improve test coverage,50,86.0,2024
12443,5142,Increase activation rate,40,76.0,2024
12444,5142,Launch new module,25,59.0,2024
12445,5143,Close books faster,30,101.0,2024
12446,5143,Reduce overdue invoices,20,119.0,2024
12447,5143,Improve forecast accuracy,30,91.0,2024
12448,5144,Run discovery interviews,40,62.0,2024
12449,5144,Launch new module,20,92.0,2024
12450,5144,Improve retention,25,64.0,2024
12451,5144,Run discovery interviews,20,61.0,2024
12452,5145,Grow qualified leads,20,73.0,2024
12453,5145,Launch campaign,30,97.0,2024
12454,5145,Improve CAC,20,102.0,2024
12455,5146,Improve win rate,50,72.0,2024
12456,5146,Improve win rate,50,73.0,2024
12457,5147,Reduce time-to-hire,50,94.0,2024
12458,5147,Reduce time-to-hire,40,88.0,2024
12459,5147,Improve eNPS,50,94.0,2024
12460,5147,Improve eNPS,20,97.0,2024
12461,5148,Close books faster,25,89.0,2024
12462,5148,Improve forecast accuracy,40,74.0,2024
12463,5148,Improve forecast accuracy,30,91.0,2024
12464,5149,Reduce churn,30,88.0,2024
12465,5149,Improve NPS,20,86.0,2024
12466,5149,Improve NPS,40,78.0,2024
12467,5149,Increase upsell,20,63.0,2024
12468,5150,Improve SLA compliance,20,97.0,2024
12469,5150,Automate manual workflow,50,96.0,2024
12470,5150,Improve SLA compliance,20,104.0,2024
12471,5150,Improve SLA compliance,20,77.0,2024
12472,5151,Grow pipeline,50,97.0,2024
12473,5151,Grow pipeline,25,96.0,2024
12474,5151,Improve win rate,30,87.0,2024
12475,5152,Reduce time-to-hire,40,101.0,2024
12476,5152,Improve eNPS,30,71.0,2024
12477,5153,Deliver self-serve dashboards,20,94.0,2024
12478,5153,Automate reporting pipeline,50,103.0,2024
12479,5153,Reduce query cost,50,102.0,2024
12480,5153,Deliver self-serve dashboards,30,104.0,2024
12481,5154,Run discovery interviews,50,69.0,2024
12482,5154,Increase activation rate,30,77.0,2024
12483,5155,Redesign onboarding,40,67.0,2024
12484,5155,Improve usability score,50,70.0,2024
12485,5155,Redesign onboarding,25,72.0,2024
12486,5156,Improve eNPS,50,114.0,2024
12487,5156,Cut regretted attrition,30,111.0,2024
12488,5156,Cut regretted attrition,50,107.0,2024
12489,5157,Increase activation rate,30,83.0,2024
12490,5157,Improve retention,20,60.0,2024
12491,5158,Automate reporting pipeline,50,113.0,2024
12492,5158,Automate reporting pipeline,20,81.0,2024
12493,5158,Automate reporting pipeline,40,108.0,2024
12494,5158,Deliver self-serve dashboards,40,85.0,2024
12495,5159,Automate reporting pipeline,50,78.0,2024
12496,5159,Improve data quality,25,73.0,2024
12497,5159,Improve data quality,20,83.0,2024
12498,5159,Reduce query cost,40,95.0,2024
12499,5160,Launch new module,40,92.0,2024
12500,5160,Run discovery interviews,30,79.0,2024
12501,5160,Increase activation rate,25,81.0,2024
12502,5160,Increase activation rate,40,88.0,2024
12503,5161,Grow qualified leads,30,86.0,2024
12504,5161,Grow qualified leads,40,85.0,2024
12505,5161,Launch campaign,20,72.0,2024
12506,5162,Improve SLA compliance,20,96.0,2024
12507,5162,Reduce process cost,40,78.0,2024
12508,5162,Improve SLA compliance,20,105.0,2024
12509,5162,Automate manual workflow,20,84.0,2024
12510,5163,Automate manual workflow,40,93.0,2024
12511,5163,Reduce process cost,20,99.0,2024
12512,5163,Improve SLA compliance,30,79.0,2024
12513,5164,Improve data quality,20,65.0,2024
12514,5164,Reduce query cost,30,91.0,2024
12515,5164,Improve data quality,40,57.0,2024
12516,5164,Deliver self-serve dashboards,50,91.0,2024
12517,5165,Improve eNPS,30,94.0,2024
12518,5165,Cut regretted attrition,50,73.0,2024
12519,5165,Reduce time-to-hire,50,55.0,2024
12520,5166,Grow qualified leads,50,30.0,2024
12521,5166,Launch campaign,40,40.0,2024
12522,5167,Automate manual workflow,30,63.0,2024
12523,5167,Reduce process cost,50,84.0,2024
12524,5167,Improve SLA compliance,30,72.0,2024
12525,5168,Grow qualified leads,25,90.0,2024
12526,5168,Grow organic traffic,50,88.0,2024
12527,5168,Grow qualified leads,20,83.0,2024
12528,5169,Cut response time,25,103.0,2024
12529,5169,Improve NPS,20,68.0,2024
12530,5169,Reduce churn,50,85.0,2024
12531,5170,Reduce time-to-hire,25,85.0,2024
12532,5170,Reduce time-to-hire,40,91.0,2024
12533,5170,Cut regretted attrition,50,100.0,2024
12534,5171,Run discovery interviews,40,88.0,2024
12535,5171,Launch new module,25,103.0,2024
12536,5172,Close books faster,30,85.0,2024
12537,5172,Improve forecast accuracy,50,120.0,2024
12538,5172,Reduce overdue invoices,20,87.0,2024
12539,5172,Close books faster,50,86.0,2024
12540,5173,Reduce churn,25,71.0,2024
12541,5173,Cut response time,40,80.0,2024
12542,5173,Cut response time,20,80.0,2024
12543,5173,Increase upsell,20,65.0,2024
12544,5174,Reduce churn,40,92.0,2024
12545,5174,Increase upsell,30,93.0,2024
12546,5174,Improve NPS,30,86.0,2024
12547,5174,Cut response time,40,125.0,2024
12548,5175,Increase activation rate,20,78.0,2024
12549,5175,Improve retention,25,106.0,2024
12550,5175,Improve retention,50,102.0,2024
12551,5176,Improve eNPS,30,82.0,2024
12552,5176,Improve eNPS,20,89.0,2024
12553,5176,Reduce time-to-hire,30,97.0,2024
12554,5177,Improve retention,30,94.0,2024
12555,5177,Improve retention,40,55.0,2024
12556,5177,Improve retention,20,70.0,2024
12557,5178,Expand key accounts,20,85.0,2024
12558,5178,Improve win rate,50,74.0,2024
12559,5178,Hit quarterly quota,20,79.0,2024
12560,5178,Improve win rate,20,73.0,2024
12561,5179,Hit quarterly quota,30,89.0,2024
12562,5179,Improve win rate,30,80.0,2024
12563,5179,Improve win rate,50,75.0,2024
12564,5179,Expand key accounts,25,77.0,2024
12565,5180,Improve retention,25,96.0,2024
12566,5180,Increase activation rate,40,86.0,2024
12567,5180,Improve retention,25,110.0,2024
12568,5180,Run discovery interviews,25,115.0,2024
12569,5181,Hit quarterly quota,40,83.0,2024
12570,5181,Expand key accounts,40,87.0,2024
12571,5181,Expand key accounts,40,79.0,2024
12572,5181,Improve win rate,25,99.0,2024
12573,5182,Deliver self-serve dashboards,25,99.0,2024
12574,5182,Automate reporting pipeline,25,101.0,2024
12575,5182,Automate reporting pipeline,30,99.0,2024
12576,5183,Cut response time,20,80.0,2024
12577,5183,Cut response time,30,87.0,2024
12578,5183,Reduce churn,20,86.0,2024
12579,5184,Build design system,30,84.0,2024
12580,5184,Redesign onboarding,40,77.0,2024
12581,5185,Cut regretted attrition,25,98.0,2024
12582,5185,Improve eNPS,25,96.0,2024
12583,5185,Improve eNPS,20,104.0,2024
12584,5186,Improve usability score,40,91.0,2024
12585,5186,Improve usability score,50,106.0,2024
12586,5186,Redesign onboarding,20,98.0,2024
12587,5186,Improve usability score,25,71.0,2024
12588,5187,Build design system,20,69.0,2024
12589,5187,Build design system,40,80.0,2024
12590,5188,Reduce time-to-hire,50,61.0,2024
12591,5188,Cut regretted attrition,25,68.0,2024
12592,5189,Improve data quality,40,115.0,2024
12593,5189,Automate reporting pipeline,20,94.0,2024
12594,5189,Reduce query cost,40,94.0,2024
12595,5190,Cut response time,30,102.0,2024
12596,5190,Increase upsell,50,86.0,2024
12597,5191,Improve data quality,25,71.0,2024
12598,5191,Reduce query cost,20,64.0,2024
12599,5192,Improve test coverage,30,79.0,2024
12600,5192,Ship roadmap features,40,80.0,2024
12601,5193,Close books faster,50,105.0,2024
12602,5193,Close books faster,25,88.0,2024
12603,5194,Reduce overdue invoices,25,92.0,2024
12604,5194,Reduce overdue invoices,20,95.0,2024
12605,5195,Close books faster,30,96.0,2024
12606,5195,Reduce overdue invoices,25,104.0,2024
12607,5196,Improve retention,40,97.0,2024
12608,5196,Run discovery interviews,30,79.0,2024
12609,5197,Reduce process cost,20,92.0,2024
12610,5197,Automate manual workflow,30,79.0,2024
12611,5198,Improve NPS,20,74.0,2024
12612,5198,Reduce churn,30,107.0,2024
12613,5199,Build design system,50,92.0,2024
12614,5199,Redesign onboarding,30,101.0,2024
12615,5199,Build design system,25,112.0,2024
12616,5200,Grow organic traffic,30,52.0,2024
12617,5200,Improve CAC,20,48.0,2024
12618,5200,Launch campaign,50,70.0,2024
12619,5200,Improve CAC,25,72.0,2024
12620,5201,Deliver self-serve dashboards,50,99.0,2024
12621,5201,Improve data quality,20,81.0,2024
12622,5201,Deliver self-serve dashboards,25,92.0,2024
12623,5202,Cut API latency,30,103.0,2024
12624,5202,Improve test coverage,50,81.0,2024
12625,5202,Cut API latency,20,88.0,2024
12626,5202,Cut API latency,40,92.0,2024
12627,5203,Grow pipeline,20,78.0,2024
12628,5203,Grow pipeline,25,91.0,2024
12629,5204,Automate reporting pipeline,40,112.0,2024
12630,5204,Automate reporting pipeline,40,70.0,2024
12631,5205,Increase activation rate,50,73.0,2024
12632,5205,Launch new module,20,108.0,2024
12633,5206,Improve test coverage,30,57.0,2024
12634,5206,Cut API latency,30,94.0,2024
12635,5206,Reduce production incidents,25,65.0,2024
12636,5206,Improve test coverage,20,68.0,2024
12637,5207,Automate reporting pipeline,50,61.0,2024
12638,5207,Improve data quality,25,68.0,2024
12639,5208,Reduce churn,20,81.0,2024
12640,5208,Cut response time,50,65.0,2024
12641,5208,Reduce churn,50,74.0,2024
12642,5209,Build design system,30,93.0,2024
12643,5209,Improve usability score,30,105.0,2024
12644,5209,Build design system,40,97.0,2024
12645,5210,Run discovery interviews,50,105.0,2024
12646,5210,Run discovery interviews,25,108.0,2024
12647,5210,Improve retention,25,96.0,2024
12648,5210,Run discovery interviews,40,112.0,2024
12649,5211,Reduce time-to-hire,40,90.0,2024
12650,5211,Reduce time-to-hire,25,75.0,2024
12651,5212,Redesign onboarding,30,86.0,2024
12652,5212,Build design system,40,87.0,2024
12653,5213,Improve win rate,20,103.0,2024
12654,5213,Expand key accounts,30,98.0,2024
12655,5213,Expand key accounts,30,105.0,2024
12656,5213,Grow pipeline,25,84.0,2024
12657,5214,Hit quarterly quota,25,88.0,2024
12658,5214,Grow pipeline,30,103.0,2024
12659,5215,Improve CAC,25,113.0,2024
12660,5215,Grow organic traffic,20,83.0,2024
12661,5216,Expand key accounts,30,92.0,2024
12662,5216,Grow pipeline,25,82.0,2024
12663,5216,Grow pipeline,30,52.0,2024
12664,5217,Improve usability score,50,94.0,2024
12665,5217,Improve usability score,40,87.0,2024
12666,5218,Reduce overdue invoices,25,118.0,2024
12667,5218,Close books faster,20,92.0,2024
12668,5218,Close books faster,30,79.0,2024
12669,5218,Close books faster,50,92.0,2024
12670,5219,Expand key accounts,20,90.0,2024
12671,5219,Grow pipeline,20,104.0,2024
12672,5220,Cut response time,40,101.0,2024
12673,5220,Increase upsell,25,115.0,2024
12674,5220,Reduce churn,20,110.0,2024
12675,5221,Increase activation rate,40,91.0,2024
12676,5221,Launch new module,20,82.0,2024
12677,5221,Increase activation rate,20,74.0,2024
12678,5221,Increase activation rate,50,86.0,2024
12679,5222,Redesign onboarding,30,81.0,2024
12680,5222,Build design system,20,99.0,2024
12681,5223,Improve win rate,25,83.0,2024
12682,5223,Hit quarterly quota,30,78.0,2024
12683,5224,Improve forecast accuracy,40,58.0,2024
12684,5224,Improve forecast accuracy,50,79.0,2024
12685,5224,Improve forecast accuracy,30,62.0,2024
12686,5224,Close books faster,20,73.0,2024
12687,5225,Launch campaign,25,91.0,2024
12688,5225,Grow organic traffic,25,82.0,2024
12689,5226,Build design system,50,100.0,2024
12690,5226,Redesign onboarding,50,96.0,2024
12691,5227,Automate reporting pipeline,25,100.0,2024
12692,5227,Deliver self-serve dashboards,25,82.0,2024
12693,5228,Build design system,30,73.0,2024
12694,5228,Improve usability score,50,74.0,2024
12695,5229,Close books faster,40,76.0,2024
12696,5229,Improve forecast accuracy,50,82.0,2024
12697,5229,Reduce overdue invoices,40,55.0,2024
12698,5229,Improve forecast accuracy,40,71.0,2024
12699,5230,Reduce process cost,30,118.0,2024
12700,5230,Reduce process cost,25,82.0,2024
12701,5230,Automate manual workflow,30,107.0,2024
12702,5231,Close books faster,50,82.0,2024
12703,5231,Reduce overdue invoices,20,81.0,2024
12704,5231,Improve forecast accuracy,40,99.0,2024
12705,5231,Close books faster,20,79.0,2024
12706,5232,Increase upsell,30,126.0,2024
12707,5232,Improve NPS,30,97.0,2024
12708,5233,Launch campaign,50,87.0,2024
12709,5233,Grow qualified leads,20,79.0,2024
12710,5233,Grow organic traffic,20,99.0,2024
12711,5234,Increase upsell,40,113.0,2024
12712,5234,Reduce churn,50,86.0,2024
12713,5234,Improve NPS,25,102.0,2024
12714,5234,Improve NPS,25,92.0,2024
12715,5235,Improve retention,30,86.0,2024
12716,5235,Improve retention,30,101.0,2024
12717,5235,Run discovery interviews,30,92.0,2024
12718,5235,Improve retention,50,98.0,2024
12719,5236,Cut regretted attrition,40,94.0,2024
12720,5236,Cut regretted attrition,30,58.0,2024
12721,5236,Improve eNPS,30,77.0,2024
12722,5237,Reduce overdue invoices,30,84.0,2024
12723,5237,Close books faster,20,56.0,2024
12724,5238,Increase upsell,40,115.0,2024
12725,5238,Improve NPS,50,81.0,2024
12726,5238,Reduce churn,30,80.0,2024
12727,5238,Improve NPS,40,82.0,2024
12728,5239,Grow qualified leads,40,66.0,2024
12729,5239,Grow qualified leads,25,77.0,2024
12730,5239,Improve CAC,50,78.0,2024
12731,5239,Grow qualified leads,30,77.0,2024
12732,5240,Improve NPS,40,94.0,2024
12733,5240,Cut response time,30,95.0,2024
12734,5241,Build design system,20,104.0,2024
12735,5241,Redesign onboarding,25,93.0,2024
12736,5241,Improve usability score,50,90.0,2024
12737,5241,Build design system,30,105.0,2024
12738,5242,Improve test coverage,25,109.0,2024
12739,5242,Improve test coverage,50,104.0,2024
12740,5242,Reduce production incidents,25,114.0,2024
12741,5243,Improve data quality,20,110.0,2024
12742,5243,Reduce query cost,40,125.0,2024
12743,5243,Reduce query cost,25,109.0,2024
12744,5244,Cut regretted attrition,40,86.0,2024
12745,5244,Cut regretted attrition,20,91.0,2024
12746,5245,Improve data quality,30,67.0,2024
12747,5245,Reduce query cost,50,94.0,2024
12748,5246,Grow pipeline,20,84.0,2024
12749,5246,Expand key accounts,30,92.0,2024
12750,5246,Grow pipeline,50,96.0,2024
12751,5247,Reduce production incidents,50,92.0,2024
12752,5247,Ship roadmap features,50,78.0,2024
12753,5248,Improve usability score,50,93.0,2024
12754,5248,Redesign onboarding,50,112.0,2024
12755,5249,Ship roadmap features,30,69.0,2024
12756,5249,Reduce production incidents,40,97.0,2024
12757,5249,Ship roadmap features,50,105.0,2024
12758,5249,Improve test coverage,50,96.0,2024
12759,5250,Improve eNPS,30,129.0,2024
12760,5250,Reduce time-to-hire,30,113.0,2024
12761,5250,Reduce time-to-hire,40,97.0,2024
12762,5250,Cut regretted attrition,20,108.0,2024
12763,5251,Reduce time-to-hire,20,89.0,2024
12764,5251,Improve eNPS,40,89.0,2024
12765,5251,Reduce time-to-hire,40,97.0,2024
12766,5252,Launch campaign,40,85.0,2024
12767,5252,Grow organic traffic,25,101.0,2024
12768,5252,Grow qualified leads,40,118.0,2024
12769,5252,Grow organic traffic,25,122.0,2024
12770,5253,Improve eNPS,25,100.0,2024
12771,5253,Improve eNPS,25,103.0,2024
12772,5253,Cut regretted attrition,20,128.0,2024
12773,5253,Improve eNPS,30,113.0,2024
12774,5254,Build design system,30,95.0,2024
12775,5254,Redesign onboarding,30,69.0,2024
12776,5254,Improve usability score,50,103.0,2024
12777,5255,Deliver self-serve dashboards,25,88.0,2024
12778,5255,Automate reporting pipeline,20,82.0,2024
12779,5255,Deliver self-serve dashboards,30,74.0,2024
12780,5256,Ship roadmap features,25,100.0,2024
12781,5256,Improve test coverage,30,86.0,2024
12782,5256,Improve test coverage,30,98.0,2024
12783,5257,Reduce time-to-hire,20,61.0,2024
12784,5257,Reduce time-to-hire,25,73.0,2024
12785,5257,Reduce time-to-hire,20,60.0,2024
12786,5258,Launch campaign,50,74.0,2024
12787,5258,Grow qualified leads,25,75.0,2024
12788,5258,Grow qualified leads,25,65.0,2024
12789,5258,Grow qualified leads,30,73.0,2024
12790,5259,Improve NPS,20,107.0,2024
12791,5259,Improve NPS,20,81.0,2024
12792,5259,Improve NPS,25,77.0,2024
12793,5259,Improve NPS,20,105.0,2024
12794,5260,Improve test coverage,20,80.0,2024
12795,5260,Cut API latency,40,87.0,2024
12796,5261,Reduce overdue invoices,40,62.0,2024
12797,5261,Close books faster,40,101.0,2024
12798,5261,Reduce overdue invoices,25,79.0,2024
12799,5262,Launch new module,50,87.0,2024
12800,5262,Launch new module,40,79.0,2024
12801,5262,Run discovery interviews,40,105.0,2024
12802,5262,Improve retention,20,114.0,2024
12803,5263,Increase activation rate,20,79.0,2024
12804,5263,Run discovery interviews,40,89.0,2024
12805,5263,Launch new module,30,89.0,2024
12806,5263,Improve retention,50,78.0,2024
12807,5264,Run discovery interviews,25,104.0,2024
12808,5264,Improve retention,50,93.0,2024
12809,5264,Improve retention,50,79.0,2024
12810,5264,Increase activation rate,20,86.0,2024
12811,5265,Automate reporting pipeline,25,96.0,2024
12812,5265,Deliver self-serve dashboards,30,73.0,2024
12813,5266,Grow qualified leads,20,94.0,2024
12814,5266,Improve CAC,30,90.0,2024
12815,5267,Deliver self-serve dashboards,25,78.0,2024
12816,5267,Reduce query cost,30,96.0,2024
12817,5268,Improve forecast accuracy,50,80.0,2024
12818,5268,Close books faster,40,90.0,2024
12819,5268,Close books faster,40,123.0,2024
12820,5269,Improve win rate,40,81.0,2024
12821,5269,Improve win rate,30,71.0,2024
12822,5269,Hit quarterly quota,25,82.0,2024
12823,5270,Reduce time-to-hire,30,103.0,2024
12824,5270,Cut regretted attrition,25,88.0,2024
12825,5270,Reduce time-to-hire,20,59.0,2024
12826,5270,Reduce time-to-hire,50,79.0,2024
12827,5271,Improve forecast accuracy,30,77.0,2024
12828,5271,Reduce overdue invoices,40,87.0,2024
12829,5271,Close books faster,20,105.0,2024
12830,5271,Improve forecast accuracy,30,88.0,2024
12831,5272,Improve CAC,25,90.0,2024
12832,5272,Grow qualified leads,40,100.0,2024
12833,5272,Launch campaign,30,98.0,2024
12834,5273,Grow qualified leads,25,76.0,2024
12835,5273,Grow organic traffic,50,80.0,2024
12836,5273,Launch campaign,30,76.0,2024
12837,5274,Improve win rate,50,90.0,2024
12838,5274,Grow pipeline,40,97.0,2024
12839,5275,Improve eNPS,25,82.0,2024
12840,5275,Reduce time-to-hire,50,94.0,2024
12841,5276,Build design system,50,101.0,2024
12842,5276,Improve usability score,25,86.0,2024
12843,5276,Improve usability score,25,100.0,2024
12844,5276,Improve usability score,50,78.0,2024
12845,5277,Reduce query cost,40,99.0,2024
12846,5277,Automate reporting pipeline,20,75.0,2024
12847,5277,Automate reporting pipeline,40,87.0,2024
12848,5277,Deliver self-serve dashboards,25,80.0,2024
12849,5278,Deliver self-serve dashboards,30,106.0,2024
12850,5278,Deliver self-serve dashboards,25,99.0,2024
12851,5278,Automate reporting pipeline,30,85.0,2024
12852,5278,Improve data quality,25,109.0,2024
12853,5279,Build design system,20,83.0,2024
12854,5279,Build design system,20,80.0,2024
12855,5279,Build design system,25,73.0,2024
12856,5279,Improve usability score,40,73.0,2024
12857,5280,Grow organic traffic,25,76.0,2024
12858,5280,Grow organic traffic,30,81.0,2024
12859,5281,Grow pipeline,20,97.0,2024
12860,5281,Hit quarterly quota,30,101.0,2024
12861,5281,Hit quarterly quota,25,70.0,2024
12862,5281,Improve win rate,20,93.0,2024
12863,5282,Improve usability score,50,69.0,2024
12864,5282,Redesign onboarding,50,92.0,2024
12865,5282,Build design system,40,84.0,2024
12866,5283,Reduce churn,20,88.0,2024
12867,5283,Increase upsell,50,111.0,2024
12868,5283,Increase upsell,50,122.0,2024
12869,5283,Reduce churn,30,82.0,2024
12870,5284,Redesign onboarding,30,98.0,2024
12871,5284,Build design system,25,103.0,2024
12872,5284,Build design system,50,102.0,2024
12873,5284,Build design system,50,102.0,2024
12874,5285,Grow qualified leads,30,100.0,2024
12875,5285,Grow qualified leads,30,74.0,2024
12876,5285,Grow organic traffic,20,101.0,2024
12877,5286,Improve SLA compliance,50,76.0,2024
12878,5286,Automate manual workflow,40,110.0,2024
12879,5286,Reduce process cost,50,92.0,2024
12880,5287,Grow qualified leads,30,61.0,2024
12881,5287,Grow organic traffic,50,85.0,2024
12882,5287,Improve CAC,25,57.0,2024
12883,5288,Hit quarterly quota,25,61.0,2024
12884,5288,Expand key accounts,50,67.0,2024
12885,5288,Hit quarterly quota,20,91.0,2024
12886,5288,Expand key accounts,50,80.0,2024
12887,5289,Improve retention,20,65.0,2024
12888,5289,Improve retention,40,78.0,2024
12889,5289,Run discovery interviews,25,71.0,2024
12890,5289,Launch new module,20,66.0,2024
12891,5290,Deliver self-serve dashboards,40,100.0,2024
12892,5290,Automate reporting pipeline,30,100.0,2024
12893,5290,Automate reporting pipeline,30,94.0,2024
12894,5290,Improve data quality,50,94.0,2024
12895,5291,Improve CAC,40,103.0,2024
12896,5291,Grow organic traffic,40,107.0,2024
12897,5291,Grow organic traffic,30,105.0,2024
12898,5292,Run discovery interviews,30,87.0,2024
12899,5292,Launch new module,40,74.0,2024
12900,5293,Build design system,40,71.0,2024
12901,5293,Build design system,50,70.0,2024
12902,5293,Build design system,40,89.0,2024
12903,5294,Cut regretted attrition,40,101.0,2024
12904,5294,Reduce time-to-hire,40,101.0,2024
12905,5295,Improve CAC,40,84.0,2024
12906,5295,Grow qualified leads,20,93.0,2024
12907,5295,Grow qualified leads,40,92.0,2024
12908,5296,Launch campaign,50,71.0,2024
12909,5296,Launch campaign,25,80.0,2024
12910,5296,Launch campaign,20,53.0,2024
12911,5296,Grow organic traffic,20,47.0,2024
12912,5297,Cut response time,30,95.0,2024
12913,5297,Cut response time,50,86.0,2024
12914,5297,Improve NPS,30,89.0,2024
12915,5298,Ship roadmap features,30,100.0,2024
12916,5298,Ship roadmap features,25,100.0,2024
12917,5298,Improve test coverage,20,109.0,2024
12918,5299,Close books faster,20,76.0,2024
12919,5299,Close books faster,25,102.0,2024
12920,5300,Automate manual workflow,50,82.0,2024
12921,5300,Improve SLA compliance,20,92.0,2024
12922,5300,Reduce process cost,50,125.0,2024
12923,5300,Automate manual workflow,20,91.0,2024
12924,5301,Redesign onboarding,20,101.0,2024
12925,5301,Redesign onboarding,20,92.0,2024
12926,5301,Improve usability score,25,104.0,2024
12927,5302,Redesign onboarding,40,85.0,2024
12928,5302,Build design system,40,101.0,2024
12929,5303,Cut regretted attrition,50,88.0,2024
12930,5303,Reduce time-to-hire,30,60.0,2024
12931,5303,Cut regretted attrition,40,84.0,2024
12932,5304,Reduce query cost,20,99.0,2024
12933,5304,Deliver self-serve dashboards,25,72.0,2024
12934,5304,Improve data quality,50,82.0,2024
12935,5304,Automate reporting pipeline,25,73.0,2024
12936,5305,Reduce churn,25,100.0,2024
12937,5305,Increase upsell,30,109.0,2024
12938,5305,Improve NPS,30,90.0,2024
12939,5305,Cut response time,20,89.0,2024
12940,5306,Reduce churn,40,76.0,2024
12941,5306,Reduce churn,50,80.0,2024
12942,5306,Improve NPS,40,86.0,2024
12943,5306,Increase upsell,40,76.0,2024
12944,5307,Improve NPS,40,97.0,2024
12945,5307,Increase upsell,25,85.0,2024
12946,5307,Increase upsell,30,87.0,2024
12947,5308,Reduce overdue invoices,30,65.0,2024
12948,5308,Reduce overdue invoices,40,64.0,2024
12949,5309,Ship roadmap features,40,73.0,2024
12950,5309,Reduce production incidents,30,64.0,2024
12951,5310,Improve retention,40,50.0,2024
12952,5310,Run discovery interviews,40,67.0,2024
12953,5310,Launch new module,20,95.0,2024
12954,5310,Run discovery interviews,25,89.0,2024
12955,5311,Reduce query cost,25,91.0,2024
12956,5311,Improve data quality,25,88.0,2024
12957,5311,Automate reporting pipeline,50,110.0,2024
12958,5311,Reduce query cost,20,84.0,2024
12959,5312,Expand key accounts,25,94.0,2024
12960,5312,Grow pipeline,30,84.0,2024
12961,5312,Improve win rate,30,67.0,2024
12962,5312,Grow pipeline,50,81.0,2024
12963,5313,Improve win rate,20,90.0,2024
12964,5313,Grow pipeline,50,54.0,2024
12965,5313,Hit quarterly quota,25,87.0,2024
12966,5314,Cut regretted attrition,30,83.0,2024
12967,5314,Improve eNPS,50,68.0,2024
12968,5314,Cut regretted attrition,20,78.0,2024
12969,5314,Reduce time-to-hire,50,91.0,2024
12970,5315,Improve eNPS,20,89.0,2024
12971,5315,Reduce time-to-hire,40,85.0,2024
12972,5315,Cut regretted attrition,25,67.0,2024
12973,5316,Launch new module,40,107.0,2024
12974,5316,Improve retention,50,96.0,2024
12975,5316,Improve retention,20,104.0,2024
12976,5317,Improve retention,40,114.0,2024
12977,5317,Increase activation rate,30,87.0,2024
12978,5317,Improve retention,40,95.0,2024
12979,5317,Improve retention,20,110.0,2024
12980,5318,Close books faster,40,109.0,2024
12981,5318,Reduce overdue invoices,50,100.0,2024
12982,5318,Close books faster,40,79.0,2024
12983,5319,Hit quarterly quota,40,84.0,2024
12984,5319,Hit quarterly quota,50,74.0,2024
12985,5319,Grow pipeline,25,79.0,2024
12986,5319,Grow pipeline,20,97.0,2024
12987,5320,Reduce production incidents,20,60.0,2024
12988,5320,Ship roadmap features,50,84.0,2024
12989,5320,Cut API latency,50,98.0,2024
12990,5320,Reduce production incidents,40,97.0,2024
12991,5321,Improve eNPS,50,108.0,2024
12992,5321,Reduce time-to-hire,30,80.0,2024
12993,5321,Improve eNPS,30,106.0,2024
12994,5321,Cut regretted attrition,30,103.0,2024
12995,5322,Increase activation rate,50,80.0,2024
12996,5322,Launch new module,25,83.0,2024
12997,5323,Improve data quality,20,103.0,2024
12998,5323,Improve data quality,50,77.0,2024
12999,5324,Automate reporting pipeline,40,93.0,2024
13000,5324,Automate reporting pipeline,25,80.0,2024
13001,5324,Deliver self-serve dashboards,50,92.0,2024
13002,5324,Improve data quality,25,85.0,2024
13003,5325,Ship roadmap features,25,108.0,2024
13004,5325,Ship roadmap features,40,74.0,2024
13005,5325,Ship roadmap features,25,80.0,2024
13006,5325,Improve test coverage,30,99.0,2024
13007,5326,Reduce process cost,20,64.0,2024
13008,5326,Reduce process cost,20,94.0,2024
13009,5327,Reduce time-to-hire,50,91.0,2024
13010,5327,Cut regretted attrition,20,107.0,2024
13011,5327,Improve eNPS,50,79.0,2024
13012,5327,Cut regretted attrition,50,101.0,2024
13013,5328,Improve usability score,25,100.0,2024
13014,5328,Improve usability score,25,100.0,2024
13015,5328,Redesign onboarding,25,95.0,2024
13016,5329,Ship roadmap features,50,119.0,2024
13017,5329,Improve test coverage,40,115.0,2024
13018,5330,Reduce production incidents,50,65.0,2024
13019,5330,Cut API latency,20,93.0,2024
13020,5330,Reduce production incidents,50,99.0,2024
13021,5331,Hit quarterly quota,50,94.0,2024
13022,5331,Expand key accounts,25,83.0,2024
13023,5331,Grow pipeline,20,60.0,2024
13024,5331,Grow pipeline,25,76.0,2024
13025,5332,Cut regretted attrition,30,106.0,2024
13026,5332,Cut regretted attrition,25,106.0,2024
13027,5332,Reduce time-to-hire,30,82.0,2024
13028,5333,Improve retention,30,87.0,2024
13029,5333,Improve retention,40,106.0,2024
13030,5333,Launch new module,25,106.0,2024
13031,5334,Reduce production incidents,20,84.0,2024
13032,5334,Improve test coverage,50,75.0,2024
13033,5334,Cut API latency,30,92.0,2024
13034,5335,Ship roadmap features,25,118.0,2024
13035,5335,Improve test coverage,50,97.0,2024
13036,5335,Cut API latency,25,94.0,2024
13037,5336,Improve CAC,40,93.0,2024
13038,5336,Launch campaign,50,82.0,2024
13039,5337,Grow qualified leads,50,91.0,2024
13040,5337,Improve CAC,40,81.0,2024
13041,5337,Launch campaign,25,99.0,2024
13042,5338,Hit quarterly quota,20,92.0,2024
13043,5338,Expand key accounts,20,67.0,2024
13044,5339,Cut regretted attrition,25,95.0,2024
13045,5339,Reduce time-to-hire,40,89.0,2024
13046,5339,Improve eNPS,25,110.0,2024
13047,5339,Improve eNPS,40,108.0,2024
13048,5340,Increase upsell,50,89.0,2024
13049,5340,Increase upsell,50,102.0,2024
13050,5340,Cut response time,40,84.0,2024
13051,5341,Launch campaign,40,84.0,2024
13052,5341,Improve CAC,25,115.0,2024
13053,5342,Improve test coverage,25,107.0,2024
13054,5342,Ship roadmap features,40,97.0,2024
13055,5343,Reduce time-to-hire,25,112.0,2024
13056,5343,Reduce time-to-hire,50,101.0,2024
13057,5343,Cut regretted attrition,50,105.0,2024
13058,5343,Improve eNPS,20,130.0,2024
13059,5344,Reduce query cost,50,77.0,2024
13060,5344,Deliver self-serve dashboards,40,112.0,2024
13061,5344,Reduce query cost,20,96.0,2024
13062,5345,Launch new module,40,91.0,2024
13063,5345,Increase activation rate,25,86.0,2024
13064,5345,Increase activation rate,40,87.0,2024
13065,5345,Run discovery interviews,25,91.0,2024
13066,5346,Automate manual workflow,20,112.0,2024
13067,5346,Automate manual workflow,50,106.0,2024
13068,5346,Reduce process cost,25,117.0,2024
13069,5347,Improve win rate,25,89.0,2024
13070,5347,Expand key accounts,30,98.0,2024
13071,5348,Grow qualified leads,40,84.0,2024
13072,5348,Improve CAC,40,88.0,2024
13073,5348,Improve CAC,20,102.0,2024
13074,5349,Reduce process cost,20,95.0,2024
13075,5349,Improve SLA compliance,20,96.0,2024
13076,5350,Deliver self-serve dashboards,30,82.0,2024
13077,5350,Deliver self-serve dashboards,40,108.0,2024
13078,5350,Reduce query cost,40,81.0,2024
13079,5351,Reduce process cost,25,90.0,2024
13080,5351,Reduce process cost,20,61.0,2024
13081,5351,Improve SLA compliance,40,72.0,2024
13082,5352,Reduce overdue invoices,30,111.0,2024
13083,5352,Improve forecast accuracy,30,98.0,2024
13084,5352,Reduce overdue invoices,50,98.0,2024
13085,5353,Improve usability score,50,84.0,2024
13086,5353,Redesign onboarding,40,108.0,2024
13087,5353,Redesign onboarding,40,105.0,2024
13088,5353,Build design system,40,95.0,2024
13089,5354,Automate manual workflow,50,88.0,2024
13090,5354,Improve SLA compliance,25,85.0,2024
13091,5354,Improve SLA compliance,25,87.0,2024
13092,5354,Reduce process cost,50,99.0,2024
13093,5355,Improve SLA compliance,20,104.0,2024
13094,5355,Improve SLA compliance,50,125.0,2024
13095,5356,Reduce time-to-hire,30,98.0,2024
13096,5356,Reduce time-to-hire,50,76.0,2024
13097,5357,Grow qualified leads,30,117.0,2024
13098,5357,Launch campaign,20,97.0,2024
13099,5357,Improve CAC,50,86.0,2024
13100,5358,Ship roadmap features,20,70.0,2024
13101,5358,Ship roadmap features,50,78.0,2024
13102,5358,Reduce production incidents,25,71.0,2024
13103,5358,Improve test coverage,30,69.0,2024
13104,5359,Hit quarterly quota,25,86.0,2024
13105,5359,Expand key accounts,25,84.0,2024
13106,5360,Grow pipeline,50,90.0,2024
13107,5360,Improve win rate,20,111.0,2024
13108,5361,Automate manual workflow,50,113.0,2024
13109,5361,Automate manual workflow,50,130.0,2024
13110,5361,Improve SLA compliance,50,91.0,2024
13111,5362,Run discovery interviews,30,103.0,2024
13112,5362,Run discovery interviews,25,87.0,2024
13113,5362,Launch new module,25,100.0,2024
13114,5362,Launch new module,40,80.0,2024
13115,5363,Reduce churn,50,109.0,2024
13116,5363,Improve NPS,50,99.0,2024
13117,5363,Improve NPS,50,84.0,2024
13118,5363,Cut response time,25,102.0,2024
13119,5364,Improve SLA compliance,20,68.0,2024
13120,5364,Reduce process cost,25,86.0,2024
13121,5364,Improve SLA compliance,30,96.0,2024
13122,5364,Reduce process cost,40,72.0,2024
13123,5365,Cut response time,25,107.0,2024
13124,5365,Reduce churn,25,104.0,2024
13125,5365,Reduce churn,40,92.0,2024
13126,5365,Reduce churn,50,86.0,2024
13127,5366,Reduce query cost,40,82.0,2024
13128,5366,Automate reporting pipeline,40,83.0,2024
13129,5366,Reduce query cost,50,90.0,2024
13130,5367,Grow organic traffic,30,86.0,2024
13131,5367,Launch campaign,30,77.0,2024
13132,5367,Grow qualified leads,20,63.0,2024
13133,5367,Launch campaign,20,89.0,2024
13134,5368,Improve SLA compliance,30,57.0,2024
13135,5368,Reduce process cost,25,71.0,2024
13136,5369,Reduce time-to-hire,30,103.0,2024
13137,5369,Improve eNPS,40,83.0,2024
13138,5369,Reduce time-to-hire,20,71.0,2024
13139,5370,Close books faster,50,97.0,2024
13140,5370,Reduce overdue invoices,20,89.0,2024
13141,5370,Reduce overdue invoices,40,92.0,2024
13142,5370,Close books faster,30,85.0,2024
13143,5371,Improve forecast accuracy,25,74.0,2024
13144,5371,Close books faster,20,82.0,2024
13145,5371,Close books faster,25,109.0,2024
13146,5371,Reduce overdue invoices,40,95.0,2024
13147,5372,Expand key accounts,30,98.0,2024
13148,5372,Grow pipeline,20,72.0,2024
13149,5373,Deliver self-serve dashboards,25,114.0,2024
13150,5373,Reduce query cost,25,116.0,2024
13151,5373,Improve data quality,20,95.0,2024
13152,5373,Automate reporting pipeline,30,97.0,2024
13153,5374,Improve eNPS,20,104.0,2024
13154,5374,Cut regretted attrition,40,88.0,2024
13155,5375,Improve NPS,50,107.0,2024
13156,5375,Improve NPS,40,97.0,2024
13157,5375,Cut response time,40,54.0,2024
13158,5376,Automate manual workflow,40,97.0,2024
13159,5376,Improve SLA compliance,40,102.0,2024
13160,5376,Reduce process cost,40,85.0,2024
13161,5377,Cut regretted attrition,50,91.0,2024
13162,5377,Cut regretted attrition,30,69.0,2024
13163,5378,Increase activation rate,30,86.0,2024
13164,5378,Launch new module,30,83.0,2024
13165,5378,Run discovery interviews,30,84.0,2024
13166,5379,Cut response time,30,89.0,2024
13167,5379,Reduce churn,50,82.0,2024
13168,5379,Cut response time,50,97.0,2024
13169,5379,Improve NPS,30,75.0,2024
13170,5380,Grow organic traffic,50,78.0,2024
13171,5380,Grow organic traffic,20,90.0,2024
13172,5380,Grow organic traffic,30,113.0,2024
13173,5380,Grow organic traffic,25,83.0,2024
13174,5381,Improve SLA compliance,50,74.0,2024
13175,5381,Improve SLA compliance,40,97.0,2024
13176,5381,Reduce process cost,25,48.0,2024
13177,5381,Reduce process cost,20,94.0,2024
13178,5382,Improve CAC,50,93.0,2024
13179,5382,Grow qualified leads,50,115.0,2024
13180,5382,Grow qualified leads,20,120.0,2024
13181,5383,Close books faster,20,78.0,2024
13182,5383,Improve forecast accuracy,40,76.0,2024
13183,5384,Improve SLA compliance,20,64.0,2024
13184,5384,Automate manual workflow,25,72.0,2024
13185,5384,Automate manual workflow,40,80.0,2024
13186,5384,Improve SLA compliance,40,71.0,2024
13187,5385,Build design system,20,87.0,2024
13188,5385,Improve usability score,50,113.0,2024
13189,5385,Build design system,20,102.0,2024
13190,5385,Redesign onboarding,25,89.0,2024
13191,5386,Improve win rate,20,85.0,2024
13192,5386,Hit quarterly quota,50,79.0,2024
13193,5387,Improve SLA compliance,50,71.0,2024
13194,5387,Automate manual workflow,25,67.0,2024
13195,5388,Run discovery interviews,30,98.0,2024
13196,5388,Improve retention,30,84.0,2024
13197,5389,Improve retention,30,113.0,2024
13198,5389,Improve retention,40,88.0,2024
13199,5389,Launch new module,40,83.0,2024
13200,5390,Expand key accounts,50,93.0,2024
13201,5390,Grow pipeline,30,69.0,2024
13202,5390,Improve win rate,40,88.0,2024
13203,5390,Expand key accounts,20,73.0,2024
13204,5391,Improve eNPS,20,70.0,2024
13205,5391,Improve eNPS,40,92.0,2024
13206,5391,Cut regretted attrition,40,89.0,2024
13207,5392,Improve test coverage,25,83.0,2024
13208,5392,Reduce production incidents,40,92.0,2024
13209,5392,Reduce production incidents,25,97.0,2024
13210,5393,Reduce query cost,50,68.0,2024
13211,5393,Improve data quality,25,79.0,2024
13212,5393,Reduce query cost,40,93.0,2024
13213,5394,Reduce overdue invoices,25,71.0,2024
13214,5394,Improve forecast accuracy,50,81.0,2024
13215,5395,Hit quarterly quota,50,106.0,2024
13216,5395,Expand key accounts,50,69.0,2024
13217,5396,Increase activation rate,50,88.0,2024
13218,5396,Increase activation rate,25,91.0,2024
13219,5396,Increase activation rate,25,65.0,2024
13220,5397,Improve data quality,40,90.0,2024
13221,5397,Improve data quality,30,93.0,2024
13222,5398,Cut regretted attrition,20,69.0,2024
13223,5398,Improve eNPS,40,68.0,2024
13224,5398,Improve eNPS,20,73.0,2024
13225,5398,Reduce time-to-hire,25,83.0,2024
13226,5399,Redesign onboarding,25,116.0,2024
13227,5399,Improve usability score,30,89.0,2024
13228,5399,Improve usability score,20,118.0,2024
13229,5400,Redesign onboarding,25,67.0,2024
13230,5400,Build design system,40,85.0,2024
13231,5400,Redesign onboarding,50,77.0,2024
13232,5400,Build design system,30,66.0,2024
13233,5401,Grow organic traffic,25,71.0,2024
13234,5401,Improve CAC,50,77.0,2024
13235,5402,Automate reporting pipeline,20,81.0,2024
13236,5402,Improve data quality,30,75.0,2024
13237,5402,Improve data quality,20,104.0,2024
13238,5403,Improve forecast accuracy,25,80.0,2024
13239,5403,Close books faster,20,79.0,2024
13240,5404,Reduce production incidents,50,79.0,2024
13241,5404,Ship roadmap features,50,98.0,2024
13242,5404,Reduce production incidents,25,97.0,2024
13243,5404,Improve test coverage,40,108.0,2024
13244,5405,Expand key accounts,40,87.0,2024
13245,5405,Expand key accounts,40,77.0,2024
13246,5405,Grow pipeline,20,79.0,2024
13247,5405,Grow pipeline,20,58.0,2024
13248,5406,Reduce time-to-hire,50,67.0,2024
13249,5406,Cut regretted attrition,30,92.0,2024
13250,5406,Reduce time-to-hire,50,60.0,2024
13251,5407,Improve NPS,40,113.0,2024
13252,5407,Increase upsell,20,109.0,2024
13253,5407,Improve NPS,40,111.0,2024
13254,5407,Cut response time,50,77.0,2024
13255,5408,Improve usability score,20,107.0,2024
13256,5408,Build design system,20,117.0,2024
13257,5408,Improve usability score,50,100.0,2024
13258,5409,Run discovery interviews,40,89.0,2024
13259,5409,Increase activation rate,50,76.0,2024
13260,5409,Improve retention,30,99.0,2024
13261,5409,Increase activation rate,50,74.0,2024
13262,5410,Reduce production incidents,50,94.0,2024
13263,5410,Improve test coverage,50,66.0,2024
13264,5411,Reduce process cost,30,109.0,2024
13265,5411,Improve SLA compliance,50,86.0,2024
13266,5411,Reduce process cost,20,83.0,2024
13267,5411,Automate manual workflow,30,104.0,2024
13268,5412,Improve retention,40,75.0,2024
13269,5412,Improve retention,30,85.0,2024
13270,5413,Improve CAC,30,63.0,2024
13271,5413,Grow qualified leads,20,84.0,2024
13272,5413,Grow qualified leads,40,104.0,2024
13273,5413,Launch campaign,25,80.0,2024
13274,5414,Grow organic traffic,50,91.0,2024
13275,5414,Grow organic traffic,25,88.0,2024
13276,5414,Improve CAC,30,72.0,2024
13277,5414,Grow organic traffic,30,105.0,2024
13278,5415,Reduce time-to-hire,25,87.0,2024
13279,5415,Improve eNPS,50,80.0,2024
13280,5416,Grow qualified leads,25,72.0,2024
13281,5416,Improve CAC,40,91.0,2024
13282,5417,Improve win rate,30,88.0,2024
13283,5417,Improve win rate,50,94.0,2024
13284,5418,Improve forecast accuracy,20,109.0,2024
13285,5418,Close books faster,20,107.0,2024
13286,5418,Improve forecast accuracy,50,107.0,2024
13287,5419,Ship roadmap features,30,112.0,2024
13288,5419,Improve test coverage,40,109.0,2024
13289,5419,Cut API latency,40,106.0,2024
13290,5420,Improve NPS,50,77.0,2024
13291,5420,Cut response time,40,85.0,2024
13292,5421,Cut API latency,50,86.0,2024
13293,5421,Ship roadmap features,50,84.0,2024
13294,5421,Reduce production incidents,40,109.0,2024
13295,5421,Improve test coverage,20,107.0,2024
13296,5422,Improve SLA compliance,50,109.0,2024
13297,5422,Improve SLA compliance,40,87.0,2024
13298,5422,Reduce process cost,25,91.0,2024
13299,5423,Reduce query cost,50,101.0,2024
13300,5423,Deliver self-serve dashboards,20,90.0,2024
13301,5423,Automate reporting pipeline,40,89.0,2024
13302,5424,Improve forecast accuracy,25,101.0,2024
13303,5424,Close books faster,50,75.0,2024
13304,5425,Increase activation rate,40,108.0,2024
13305,5425,Run discovery interviews,30,84.0,2024
13306,5425,Increase activation rate,25,110.0,2024
13307,5425,Run discovery interviews,20,92.0,2024
13308,5426,Improve test coverage,30,53.0,2024
13309,5426,Improve test coverage,20,75.0,2024
13310,5426,Ship roadmap features,50,90.0,2024
13311,5427,Automate manual workflow,30,111.0,2024
13312,5427,Reduce process cost,30,104.0,2024
13313,5428,Improve usability score,30,83.0,2024
13314,5428,Improve usability score,50,83.0,2024
13315,5429,Increase upsell,20,116.0,2024
13316,5429,Increase upsell,50,114.0,2024
13317,5429,Improve NPS,25,77.0,2024
13318,5430,Grow pipeline,30,90.0,2024
13319,5430,Expand key accounts,20,104.0,2024
13320,5430,Grow pipeline,25,101.0,2024
13321,5430,Grow pipeline,30,101.0,2024
13322,5431,Hit quarterly quota,40,80.0,2024
13323,5431,Improve win rate,50,105.0,2024
13324,5432,Cut response time,25,95.0,2024
13325,5432,Cut response time,50,102.0,2024
13326,5432,Improve NPS,50,93.0,2024
13327,5432,Reduce churn,30,84.0,2024
13328,5433,Deliver self-serve dashboards,40,81.0,2024
13329,5433,Automate reporting pipeline,40,74.0,2024
13330,5433,Automate reporting pipeline,30,98.0,2024
13331,5433,Improve data quality,30,83.0,2024
13332,5434,Hit quarterly quota,40,97.0,2024
13333,5434,Improve win rate,50,96.0,2024
13334,5434,Grow pipeline,20,110.0,2024
13335,5434,Expand key accounts,25,86.0,2024
13336,5435,Increase activation rate,20,105.0,2024
13337,5435,Improve retention,30,100.0,2024
13338,5435,Run discovery interviews,25,103.0,2024
13339,5436,Increase activation rate,30,77.0,2024
13340,5436,Run discovery interviews,50,94.0,2024
13341,5436,Run discovery interviews,20,91.0,2024
13342,5436,Launch new module,40,90.0,2024
13343,5437,Close books faster,50,81.0,2024
13344,5437,Reduce overdue invoices,50,89.0,2024
13345,5437,Reduce overdue invoices,40,92.0,2024
13346,5438,Reduce process cost,50,82.0,2024
13347,5438,Reduce process cost,25,70.0,2024
13348,5438,Reduce process cost,50,75.0,2024
13349,5439,Automate manual workflow,40,71.0,2024
13350,5439,Automate manual workflow,50,100.0,2024
13351,5439,Improve SLA compliance,40,73.0,2024
13352,5439,Automate manual workflow,40,69.0,2024
13353,5440,Cut regretted attrition,20,71.0,2024
13354,5440,Cut regretted attrition,40,97.0,2024
13355,5440,Improve eNPS,20,108.0,2024
13356,5440,Reduce time-to-hire,50,97.0,2024
13357,5441,Cut response time,30,76.0,2024
13358,5441,Increase upsell,40,72.0,2024
13359,5441,Improve NPS,25,94.0,2024
13360,5441,Reduce churn,40,69.0,2024
13361,5442,Build design system,50,84.0,2024
13362,5442,Build design system,30,105.0,2024
13363,5442,Build design system,40,104.0,2024
13364,5442,Build design system,40,97.0,2024
13365,5443,Grow organic traffic,20,113.0,2024
13366,5443,Grow organic traffic,20,97.0,2024
13367,5443,Launch campaign,30,100.0,2024
13368,5443,Improve CAC,30,81.0,2024
13369,5444,Improve win rate,40,97.0,2024
13370,5444,Improve win rate,25,100.0,2024
13371,5444,Grow pipeline,40,113.0,2024
13372,5444,Improve win rate,30,91.0,2024
13373,5445,Reduce production incidents,30,86.0,2024
13374,5445,Cut API latency,30,88.0,2024
13375,5446,Cut API latency,40,87.0,2024
13376,5446,Reduce production incidents,20,93.0,2024
13377,5447,Deliver self-serve dashboards,40,97.0,2024
13378,5447,Improve data quality,40,101.0,2024
13379,5447,Reduce query cost,50,102.0,2024
13380,5447,Automate reporting pipeline,50,107.0,2024
13381,5448,Improve eNPS,25,84.0,2024
13382,5448,Improve eNPS,50,65.0,2024
13383,5449,Redesign onboarding,20,106.0,2024
13384,5449,Improve usability score,30,90.0,2024
13385,5450,Improve forecast accuracy,25,90.0,2024
13386,5450,Close books faster,40,96.0,2024
13387,5450,Reduce overdue invoices,30,95.0,2024
13388,5451,Reduce query cost,20,85.0,2024
13389,5451,Reduce query cost,40,50.0,2024
13390,5451,Deliver self-serve dashboards,50,67.0,2024
13391,5451,Improve data quality,25,76.0,2024
13392,5452,Improve forecast accuracy,30,82.0,2024
13393,5452,Improve forecast accuracy,50,99.0,2024
13394,5453,Cut regretted attrition,50,75.0,2024
13395,5453,Reduce time-to-hire,25,88.0,2024
13396,5454,Increase activation rate,30,114.0,2024
13397,5454,Launch new module,25,94.0,2024
13398,5455,Reduce process cost,50,88.0,2024
13399,5455,Reduce process cost,50,97.0,2024
13400,5455,Automate manual workflow,25,94.0,2024
13401,5456,Improve usability score,25,83.0,2024
13402,5456,Improve usability score,20,73.0,2024
13403,5456,Build design system,40,69.0,2024
13404,5456,Build design system,30,98.0,2024
13405,5457,Launch campaign,40,102.0,2024
13406,5457,Grow organic traffic,20,100.0,2024
13407,5458,Improve usability score,20,111.0,2024
13408,5458,Redesign onboarding,25,80.0,2024
13409,5459,Improve SLA compliance,20,110.0,2024
13410,5459,Improve SLA compliance,20,96.0,2024
13411,5459,Improve SLA compliance,25,91.0,2024
13412,5459,Automate manual workflow,40,83.0,2024
13413,5460,Cut response time,20,79.0,2024
13414,5460,Cut response time,50,80.0,2024
13415,5460,Reduce churn,50,83.0,2024
13416,5461,Automate manual workflow,40,74.0,2024
13417,5461,Reduce process cost,30,83.0,2024
13418,5461,Automate manual workflow,50,55.0,2024
13419,5461,Automate manual workflow,50,85.0,2024
13420,5462,Grow organic traffic,25,74.0,2024
13421,5462,Grow organic traffic,40,84.0,2024
13422,5463,Reduce process cost,20,98.0,2024
13423,5463,Improve SLA compliance,50,71.0,2024
13424,5463,Reduce process cost,25,80.0,2024
13425,5464,Grow qualified leads,20,122.0,2024
13426,5464,Improve CAC,25,92.0,2024
13427,5464,Grow qualified leads,30,119.0,2024
13428,5465,Build design system,25,67.0,2024
13429,5465,Build design system,30,89.0,2024
13430,5466,Reduce time-to-hire,40,109.0,2024
13431,5466,Reduce time-to-hire,50,66.0,2024
13432,5466,Improve eNPS,40,100.0,2024
13433,5466,Cut regretted attrition,40,82.0,2024
13434,5467,Build design system,25,86.0,2024
13435,5467,Build design system,25,51.0,2024
13436,5468,Improve CAC,25,110.0,2024
13437,5468,Grow qualified leads,20,103.0,2024
13438,5468,Grow qualified leads,40,107.0,2024
13439,5468,Grow qualified leads,20,130.0,2024
13440,5469,Run discovery interviews,30,56.0,2024
13441,5469,Improve retention,40,65.0,2024
13442,5469,Increase activation rate,50,66.0,2024
13443,5470,Improve retention,50,78.0,2024
13444,5470,Run discovery interviews,30,113.0,2024
13445,5471,Grow qualified leads,40,71.0,2024
13446,5471,Launch campaign,20,87.0,2024
13447,5471,Grow organic traffic,50,71.0,2024
13448,5471,Improve CAC,20,75.0,2024
13449,5472,Improve NPS,25,90.0,2024
13450,5472,Reduce churn,30,85.0,2024
13451,5473,Grow pipeline,30,100.0,2024
13452,5473,Expand key accounts,40,89.0,2024
13453,5473,Grow pipeline,20,99.0,2024
13454,5473,Expand key accounts,30,98.0,2024
13455,5474,Cut regretted attrition,20,71.0,2024
13456,5474,Cut regretted attrition,25,68.0,2024
13457,5475,Improve win rate,20,99.0,2024
13458,5475,Improve win rate,20,105.0,2024
13459,5475,Expand key accounts,30,100.0,2024
13460,5476,Reduce overdue invoices,40,71.0,2024
13461,5476,Reduce overdue invoices,40,95.0,2024
13462,5476,Reduce overdue invoices,50,79.0,2024
13463,5476,Reduce overdue invoices,25,97.0,2024
13464,5477,Expand key accounts,25,104.0,2024
13465,5477,Grow pipeline,40,98.0,2024
13466,5478,Reduce query cost,20,89.0,2024
13467,5478,Improve data quality,50,54.0,2024
13468,5478,Deliver self-serve dashboards,50,105.0,2024
13469,5478,Reduce query cost,25,89.0,2024
13470,5479,Launch campaign,30,86.0,2024
13471,5479,Grow qualified leads,20,88.0,2024
13472,5479,Improve CAC,20,62.0,2024
13473,5480,Increase activation rate,30,85.0,2024
13474,5480,Improve retention,25,91.0,2024
13475,5480,Improve retention,25,108.0,2024
13476,5480,Improve retention,50,82.0,2024
13477,5481,Improve SLA compliance,20,85.0,2024
13478,5481,Improve SLA compliance,50,82.0,2024
13479,5481,Reduce process cost,30,55.0,2024
13480,5482,Cut API latency,20,92.0,2024
13481,5482,Improve test coverage,50,96.0,2024
13482,5482,Improve test coverage,30,77.0,2024
13483,5483,Hit quarterly quota,30,82.0,2024
13484,5483,Improve win rate,25,110.0,2024
13485,5483,Hit quarterly quota,20,95.0,2024
13486,5484,Grow qualified leads,25,103.0,2024
13487,5484,Grow organic traffic,20,107.0,2024
13488,5485,Grow organic traffic,20,72.0,2024
13489,5485,Improve CAC,40,61.0,2024
13490,5485,Grow qualified leads,30,73.0,2024
13491,5485,Improve CAC,20,87.0,2024
13492,5486,Grow qualified leads,20,92.0,2024
13493,5486,Grow qualified leads,30,106.0,2024
13494,5487,Grow organic traffic,50,85.0,2024
13495,5487,Grow organic traffic,30,89.0,2024
13496,5487,Improve CAC,20,100.0,2024
13497,5488,Automate reporting pipeline,50,79.0,2024
13498,5488,Deliver self-serve dashboards,50,78.0,2024
13499,5489,Improve test coverage,30,85.0,2024
13500,5489,Ship roadmap features,30,67.0,2024
13501,5489,Improve test coverage,40,89.0,2024
13502,5490,Grow organic traffic,25,89.0,2024
13503,5490,Improve CAC,25,50.0,2024
13504,5490,Grow qualified leads,30,61.0,2024
13505,5490,Launch campaign,30,82.0,2024
13506,5491,Grow organic traffic,20,91.0,2024
13507,5491,Grow qualified leads,30,111.0,2024
13508,5492,Build design system,25,93.0,2024
13509,5492,Improve usability score,25,101.0,2024
13510,5492,Improve usability score,25,97.0,2024
13511,5493,Cut response time,50,83.0,2024
13512,5493,Reduce churn,40,73.0,2024
13513,5493,Reduce churn,40,81.0,2024
13514,5493,Increase upsell,50,76.0,2024
13515,5494,Cut response time,25,71.0,2024
13516,5494,Improve NPS,30,63.0,2024
13517,5494,Improve NPS,50,85.0,2024
13518,5494,Increase upsell,20,74.0,2024
13519,5495,Increase upsell,25,87.0,2024
13520,5495,Reduce churn,30,97.0,2024
13521,5495,Cut response time,40,97.0,2024
13522,5496,Improve SLA compliance,30,97.0,2024
13523,5496,Automate manual workflow,25,79.0,2024
13524,5497,Automate reporting pipeline,40,91.0,2024
13525,5497,Reduce query cost,25,96.0,2024
13526,5497,Reduce query cost,25,84.0,2024
13527,5497,Improve data quality,30,72.0,2024
13528,5498,Close books faster,50,78.0,2024
13529,5498,Close books faster,40,92.0,2024
13530,5498,Reduce overdue invoices,30,89.0,2024
13531,5499,Ship roadmap features,25,71.0,2024
13532,5499,Cut API latency,25,110.0,2024
13533,5500,Improve test coverage,20,103.0,2024
13534,5500,Cut API latency,25,83.0,2024
