review_id,employee_id,review_period,review_score,reviewer_id
1,1001,2023-H1,3.2,5095.0
2,1001,2023-H2,3.8,5095.0
3,1001,2024-H1,3.5,5095.0
4,1001,2024-H2,3.6,5095.0
5,1002,2023-H1,3.2,3090.0
6,1002,2023-H2,3.6,3090.0
7,1002,2024-H1,3.1,3090.0
8,1002,2024-H2,2.5,3090.0
9,1004,2023-H1,4.2,2039.0
10,1004,2023-H2,4.0,2039.0
11,1004,2024-H1,3.6,2039.0
12,1005,2024-H1,3.2,2689.0
13,1005,2024-H2,4.0,2689.0
14,1006,2023-H1,3.9,2786.0
15,1006,2023-H2,3.8,2786.0
16,1006,2024-H1,4.3,2786.0
17,1006,2024-H2,3.4,2786.0
18,1007,2023-H1,4.0,1825.0
19,1007,2023-H2,4.0,1825.0
20,1007,2024-H1,4.9,1825.0
21,1007,2024-H2,4.4,1825.0
22,1008,2023-H1,4.5,2905.0
23,1008,2023-H2,3.5,2905.0
24,1008,2024-H1,3.1,2905.0
25,1008,2024-H2,4.8,2905.0
26,1009,2023-H1,4.0,1724.0
27,1009,2023-H2,3.7,1724.0
28,1009,2024-H1,3.3,1724.0
29,1009,2024-H2,3.6,1724.0
30,1010,2023-H1,3.8,5008.0
31,1010,2023-H2,4.1,5008.0
32,1010,2024-H1,3.6,5008.0
33,1010,2024-H2,4.2,5008.0
34,1011,2023-H2,3.0,3625.0
35,1011,2024-H1,3.4,3625.0
36,1011,2024-H2,4.0,3625.0
37,1012,2023-H1,4.4,5382.0
38,1012,2023-H2,3.9,5382.0
39,1012,2024-H1,3.8,5382.0
40,1012,2024-H2,3.3,5382.0
41,1013,2023-H1,2.4,2579.0
42,1013,2023-H2,3.5,2579.0
43,1013,2024-H1,2.5,2579.0
44,1013,2024-H2,2.3,2579.0
45,1014,2023-H1,3.4,5248.0
46,1014,2023-H2,3.9,5248.0
47,1014,2024-H1,3.6,5248.0
48,1014,2024-H2,3.6,5248.0
49,1015,2023-H1,3.5,1784.0
50,1015,2023-H2,3.6,1784.0
51,1015,2024-H1,3.5,1784.0
52,1015,2024-H2,3.2,1784.0
53,1016,2023-H1,1.5,4223.0
54,1016,2023-H2,1.7,4223.0
55,1016,2024-H1,1.4,4223.0
56,1016,2024-H2,1.7,4223.0
57,1017,2024-H1,3.8,2112.0
58,1017,2024-H2,3.3,2112.0
59,1018,2023-H1,2.4,3288.0
60,1018,2023-H2,2.3,3288.0
61,1018,2024-H1,3.2,3288.0
62,1018,2024-H2,2.9,3288.0
63,1019,2023-H1,4.1,3224.0
64,1019,2023-H2,4.3,3224.0
65,1019,2024-H1,4.2,3224.0
66,1019,2024-H2,3.3,3224.0
67,1020,2023-H1,3.5,
68,1020,2023-H2,3.8,
69,1020,2024-H1,3.3,
70,1020,2024-H2,3.1,
71,1021,2023-H1,3.8,2602.0
72,1021,2023-H2,3.5,2602.0
73,1021,2024-H1,2.6,2602.0
74,1021,2024-H2,4.1,2602.0
75,1022,2023-H1,2.8,2600.0
76,1022,2023-H2,3.0,2600.0
77,1022,2024-H1,3.5,2600.0
78,1022,2024-H2,2.9,2600.0
79,1023,2023-H1,2.7,5409.0
80,1023,2023-H2,3.1,5409.0
81,1023,2024-H1,2.1,5409.0
82,1023,2024-H2,2.5,5409.0
83,1024,2023-H1,3.6,2921.0
84,1024,2023-H2,3.0,2921.0
85,1024,2024-H1,4.0,2921.0
86,1024,2024-H2,3.4,2921.0
87,1025,2023-H2,2.8,2873.0
88,1025,2024-H1,2.9,2873.0
89,1025,2024-H2,2.0,2873.0
90,1026,2023-H1,3.5,3850.0
91,1026,2023-H2,3.6,3850.0
92,1026,2024-H1,3.3,3850.0
93,1027,2023-H1,4.4,2636.0
94,1027,2023-H2,3.9,2636.0
95,1027,2024-H1,3.9,2636.0
96,1027,2024-H2,4.5,2636.0
97,1028,2023-H1,3.7,4053.0
98,1028,2023-H2,2.9,4053.0
99,1028,2024-H1,3.7,4053.0
100,1028,2024-H2,3.5,4053.0
101,1030,2023-H1,3.0,3069.0
102,1030,2023-H2,3.2,3069.0
103,1030,2024-H1,2.8,3069.0
104,1031,2024-H1,3.6,1565.0
105,1032,2023-H1,4.1,2468.0
106,1032,2023-H2,4.5,2468.0
107,1032,2024-H1,4.3,2468.0
108,1032,2024-H2,4.3,2468.0
109,1033,2023-H1,3.1,4372.0
110,1033,2023-H2,3.8,4372.0
111,1033,2024-H1,3.1,4372.0
112,1033,2024-H2,3.1,4372.0
113,1034,2023-H1,2.2,3790.0
114,1034,2023-H2,3.5,3790.0
115,1034,2024-H1,3.0,3790.0
116,1034,2024-H2,2.7,3790.0
117,1035,2023-H1,4.0,4530.0
118,1035,2023-H2,2.8,4530.0
119,1035,2024-H1,3.4,4530.0
120,1035,2024-H2,3.3,4530.0
121,1036,2023-H1,3.2,4844.0
122,1036,2023-H2,2.9,4844.0
123,1036,2024-H1,3.3,4844.0
124,1036,2024-H2,2.9,4844.0
125,1038,2023-H1,3.3,3129.0
126,1038,2023-H2,3.9,3129.0
127,1038,2024-H1,2.9,3129.0
128,1038,2024-H2,2.5,3129.0
129,1039,2023-H1,3.5,3603.0
130,1039,2023-H2,2.9,3603.0
131,1039,2024-H1,3.4,3603.0
132,1039,2024-H2,3.0,3603.0
133,1040,2023-H1,4.3,3490.0
134,1040,2023-H2,4.0,3490.0
135,1040,2024-H1,3.9,3490.0
136,1040,2024-H2,4.1,3490.0
137,1041,2023-H1,2.5,2654.0
138,1041,2023-H2,2.6,2654.0
139,1041,2024-H1,2.4,2654.0
140,1041,2024-H2,2.7,2654.0
141,1042,2023-H1,4.5,1633.0
142,1042,2023-H2,4.5,1633.0
143,1042,2024-H1,4.4,1633.0
144,1042,2024-H2,4.4,1633.0
145,1043,2023-H1,4.0,5241.0
146,1043,2023-H2,4.7,5241.0
147,1043,2024-H1,3.7,5241.0
148,1043,2024-H2,3.8,5241.0
149,1044,2023-H1,3.9,2838.0
150,1044,2023-H2,3.7,2838.0
151,1044,2024-H1,4.0,2838.0
152,1044,2024-H2,3.7,2838.0
153,1045,2023-H1,3.7,1529.0
154,1045,2023-H2,2.4,1529.0
155,1045,2024-H1,2.7,1529.0
156,1045,2024-H2,3.4,1529.0
157,1046,2023-H1,5.0,3568.0
158,1046,2023-H2,4.1,3568.0
159,1046,2024-H1,4.6,3568.0
160,1046,2024-H2,4.7,3568.0
161,1047,2023-H1,3.2,2218.0
162,1047,2023-H2,2.6,2218.0
163,1047,2024-H1,2.3,2218.0
164,1047,2024-H2,2.1,2218.0
165,1048,2023-H1,2.5,2147.0
166,1048,2023-H2,3.5,2147.0
167,1048,2024-H1,2.5,2147.0
168,1048,2024-H2,2.8,2147.0
169,1049,2023-H1,3.8,5432.0
170,1049,2023-H2,3.8,5432.0
171,1049,2024-H1,3.1,5432.0
172,1049,2024-H2,3.8,5432.0
173,1050,2023-H1,2.5,4345.0
174,1050,2023-H2,3.0,4345.0
175,1050,2024-H1,2.8,4345.0
176,1050,2024-H2,3.1,4345.0
177,1051,2023-H1,4.3,2019.0
178,1051,2023-H2,5.0,2019.0
179,1051,2024-H1,4.3,2019.0
180,1051,2024-H2,4.8,2019.0
181,1052,2023-H1,3.7,2519.0
182,1052,2023-H2,2.7,2519.0
183,1052,2024-H1,3.4,2519.0
184,1052,2024-H2,3.4,2519.0
185,1053,2023-H1,3.9,2587.0
186,1053,2023-H2,4.1,2587.0
187,1053,2024-H1,4.6,2587.0
188,1053,2024-H2,3.7,2587.0
189,1054,2023-H1,3.5,2684.0
190,1054,2023-H2,3.0,2684.0
191,1054,2024-H1,3.0,2684.0
192,1054,2024-H2,3.4,2684.0
193,1055,2023-H1,3.2,2344.0
194,1056,2023-H1,1.9,4292.0
195,1056,2023-H2,2.1,4292.0
196,1056,2024-H1,2.2,4292.0
197,1056,2024-H2,3.3,4292.0
198,1058,2024-H2,2.9,4464.0
199,1059,2023-H1,4.4,2219.0
200,1059,2023-H2,4.4,2219.0
201,1059,2024-H1,4.2,2219.0
202,1059,2024-H2,3.6,2219.0
203,1061,2023-H1,4.3,3972.0
204,1061,2023-H2,4.7,3972.0
205,1061,2024-H1,4.9,3972.0
206,1061,2024-H2,4.5,3972.0
207,1062,2023-H1,3.7,1746.0
208,1062,2023-H2,3.7,1746.0
209,1062,2024-H1,3.8,1746.0
210,1062,2024-H2,3.3,1746.0
211,1063,2023-H1,3.7,2260.0
212,1063,2023-H2,3.9,2260.0
213,1063,2024-H1,4.2,2260.0
214,1063,2024-H2,2.9,2260.0
215,1064,2024-H1,3.6,2773.0
216,1064,2024-H2,3.4,2773.0
217,1065,2023-H1,3.7,4164.0
218,1065,2023-H2,3.5,4164.0
219,1065,2024-H1,4.5,4164.0
220,1065,2024-H2,3.8,4164.0
221,1067,2024-H1,1.7,1603.0
222,1067,2024-H2,2.8,1603.0
223,1068,2023-H1,2.0,
224,1068,2023-H2,2.6,
225,1068,2024-H1,2.1,
226,1068,2024-H2,2.4,
227,1069,2023-H1,3.5,2899.0
228,1069,2023-H2,2.8,2899.0
229,1069,2024-H1,2.8,2899.0
230,1069,2024-H2,2.8,2899.0
231,1070,2023-H1,4.2,2736.0
232,1070,2023-H2,3.9,2736.0
233,1070,2024-H1,3.2,2736.0
234,1070,2024-H2,3.2,2736.0
235,1071,2024-H2,4.4,2344.0
236,1072,2023-H2,3.7,3081.0
237,1072,2024-H1,4.3,3081.0
238,1072,2024-H2,4.2,3081.0
239,1074,2023-H1,5.0,5171.0
240,1074,2023-H2,5.0,5171.0
241,1074,2024-H1,4.9,5171.0
242,1074,2024-H2,5.0,5171.0
243,1076,2023-H2,3.0,2007.0
244,1076,2024-H1,2.9,2007.0
245,1076,2024-H2,3.1,2007.0
246,1077,2023-H1,1.9,1606.0
247,1077,2023-H2,3.2,1606.0
248,1077,2024-H1,2.4,1606.0
249,1077,2024-H2,2.6,1606.0
250,1079,2023-H1,3.3,4498.0
251,1079,2023-H2,3.7,4498.0
252,1079,2024-H1,4.1,4498.0
253,1079,2024-H2,4.2,4498.0
254,1081,2023-H1,3.5,1918.0
255,1081,2023-H2,3.4,1918.0
256,1081,2024-H1,3.5,1918.0
257,1081,2024-H2,2.7,1918.0
258,1082,2023-H1,4.0,2414.0
259,1082,2023-H2,4.1,2414.0
260,1082,2024-H1,3.8,2414.0
261,1082,2024-H2,3.4,2414.0
262,1083,2023-H1,2.8,4469.0
263,1083,2023-H2,1.9,4469.0
264,1083,2024-H1,3.0,4469.0
265,1083,2024-H2,1.2,4469.0
266,1084,2023-H1,3.1,3747.0
267,1084,2023-H2,3.4,3747.0
268,1084,2024-H1,3.9,3747.0
269,1084,2024-H2,3.4,3747.0
270,1085,2023-H1,4.1,2951.0
271,1085,2023-H2,4.4,2951.0
272,1085,2024-H1,4.6,2951.0
273,1085,2024-H2,3.3,2951.0
274,1086,2023-H1,2.7,3621.0
275,1086,2023-H2,1.9,3621.0
276,1086,2024-H1,2.9,3621.0
277,1086,2024-H2,2.1,3621.0
278,1087,2023-H1,3.3,1921.0
279,1087,2023-H2,2.9,1921.0
280,1087,2024-H1,3.1,1921.0
281,1087,2024-H2,3.9,1921.0
282,1088,2023-H2,2.1,1783.0
283,1088,2024-H1,2.6,1783.0
284,1088,2024-H2,3.4,1783.0
285,1089,2023-H1,4.1,2810.0
286,1089,2023-H2,3.8,2810.0
287,1089,2024-H1,4.4,2810.0
288,1089,2024-H2,4.3,2810.0
289,1090,2024-H1,2.7,4731.0
290,1090,2024-H2,2.1,4731.0
291,1091,2024-H1,3.7,1983.0
292,1092,2023-H1,4.3,3798.0
293,1092,2023-H2,4.8,3798.0
294,1092,2024-H1,4.0,3798.0
295,1092,2024-H2,3.5,3798.0
296,1093,2023-H1,4.4,4566.0
297,1093,2023-H2,3.9,4566.0
298,1093,2024-H1,3.4,4566.0
299,1093,2024-H2,4.5,4566.0
300,1094,2023-H1,2.6,2979.0
301,1094,2023-H2,3.7,2979.0
302,1094,2024-H1,3.3,2979.0
303,1094,2024-H2,2.7,2979.0
304,1095,2023-H1,3.5,2586.0
305,1095,2023-H2,3.9,2586.0
306,1095,2024-H1,3.3,2586.0
307,1095,2024-H2,2.9,2586.0
308,1096,2023-H1,2.8,4084.0
309,1096,2023-H2,3.7,4084.0
310,1096,2024-H1,3.8,4084.0
311,1096,2024-H2,3.7,4084.0
312,1097,2023-H1,3.0,2218.0
313,1097,2023-H2,3.1,2218.0
314,1097,2024-H1,3.5,2218.0
315,1097,2024-H2,3.7,2218.0
316,1098,2023-H1,4.7,2707.0
317,1098,2023-H2,4.4,2707.0
318,1098,2024-H1,5.0,2707.0
319,1098,2024-H2,4.9,2707.0
320,1099,2023-H1,3.5,2392.0
321,1099,2023-H2,3.4,2392.0
322,1099,2024-H1,3.3,2392.0
323,1099,2024-H2,3.3,2392.0
324,1100,2024-H1,3.7,2792.0
325,1100,2024-H2,4.3,2792.0
326,1101,2023-H1,2.8,2829.0
327,1101,2023-H2,2.7,2829.0
328,1101,2024-H1,2.3,2829.0
329,1101,2024-H2,2.5,2829.0
330,1102,2023-H1,2.4,5254.0
331,1102,2023-H2,2.6,5254.0
332,1102,2024-H1,2.5,5254.0
333,1102,2024-H2,2.2,5254.0
334,1103,2023-H1,2.1,
335,1103,2023-H2,2.6,
336,1103,2024-H1,2.8,
337,1103,2024-H2,1.9,
338,1104,2023-H1,2.7,4166.0
339,1104,2023-H2,2.8,4166.0
340,1104,2024-H1,2.8,4166.0
341,1104,2024-H2,2.3,4166.0
342,1105,2023-H1,2.9,4576.0
343,1105,2023-H2,1.9,4576.0
344,1105,2024-H1,2.4,4576.0
345,1105,2024-H2,2.5,4576.0
346,1106,2024-H2,4.5,1573.0
347,1107,2023-H1,4.8,1409.0
348,1107,2023-H2,5.0,1409.0
349,1107,2024-H1,5.0,1409.0
350,1107,2024-H2,5.0,1409.0
351,1108,2023-H1,4.6,2101.0
352,1108,2023-H2,3.6,2101.0
353,1108,2024-H1,4.5,2101.0
354,1108,2024-H2,4.5,2101.0
355,1109,2023-H1,3.9,3603.0
356,1109,2023-H2,3.8,3603.0
357,1109,2024-H1,4.7,3603.0
358,1109,2024-H2,3.7,3603.0
359,1110,2023-H1,4.5,3103.0
360,1110,2023-H2,3.1,3103.0
361,1110,2024-H1,3.9,3103.0
362,1110,2024-H2,3.7,3103.0
363,1111,2023-H1,4.4,5491.0
364,1111,2023-H2,4.3,5491.0
365,1111,2024-H1,5.0,5491.0
366,1111,2024-H2,4.4,5491.0
367,1112,2023-H1,2.8,4318.0
368,1112,2023-H2,2.7,4318.0
369,1112,2024-H1,3.4,4318.0
370,1112,2024-H2,3.0,4318.0
371,1113,2023-H1,3.0,5199.0
372,1113,2023-H2,2.4,5199.0
373,1113,2024-H1,2.8,5199.0
374,1113,2024-H2,3.1,5199.0
375,1114,2023-H1,3.7,2012.0
376,1114,2023-H2,3.4,2012.0
377,1114,2024-H1,4.3,2012.0
378,1114,2024-H2,3.6,2012.0
379,1115,2023-H1,3.9,1685.0
380,1115,2023-H2,3.8,1685.0
381,1115,2024-H1,4.1,1685.0
382,1115,2024-H2,3.3,1685.0
383,1116,2023-H1,4.6,2469.0
384,1117,2023-H1,3.6,4322.0
385,1117,2023-H2,4.1,4322.0
386,1117,2024-H1,3.2,4322.0
387,1117,2024-H2,3.7,4322.0
388,1118,2023-H1,4.6,5355.0
389,1118,2023-H2,4.6,5355.0
390,1118,2024-H1,5.0,5355.0
391,1118,2024-H2,4.8,5355.0
392,1119,2023-H1,4.5,2275.0
393,1119,2023-H2,4.6,2275.0
394,1119,2024-H1,4.9,2275.0
395,1119,2024-H2,5.0,2275.0
396,1120,2023-H1,3.6,2232.0
397,1120,2023-H2,3.3,2232.0
398,1120,2024-H1,3.0,2232.0
399,1120,2024-H2,3.4,2232.0
400,1121,2023-H2,2.6,5480.0
401,1121,2024-H1,2.9,5480.0
402,1121,2024-H2,2.2,5480.0
403,1122,2023-H1,3.0,2108.0
404,1122,2023-H2,3.8,2108.0
405,1122,2024-H1,2.4,2108.0
406,1122,2024-H2,2.3,2108.0
407,1123,2023-H1,4.6,4790.0
408,1123,2023-H2,4.4,4790.0
409,1123,2024-H1,4.4,4790.0
410,1123,2024-H2,4.6,4790.0
411,1124,2024-H2,2.9,3881.0
412,1125,2023-H1,3.0,4515.0
413,1125,2023-H2,2.4,4515.0
414,1125,2024-H1,2.7,4515.0
415,1125,2024-H2,3.5,4515.0
416,1126,2023-H1,3.3,1830.0
417,1126,2023-H2,3.4,1830.0
418,1126,2024-H1,3.4,1830.0
419,1126,2024-H2,3.6,1830.0
420,1127,2023-H1,4.7,1247.0
421,1127,2023-H2,5.0,1247.0
422,1127,2024-H1,4.2,1247.0
423,1127,2024-H2,4.7,1247.0
424,1128,2023-H1,2.3,2271.0
425,1128,2023-H2,2.2,2271.0
426,1128,2024-H1,2.6,2271.0
427,1128,2024-H2,2.1,2271.0
428,1129,2023-H1,2.3,5369.0
429,1129,2023-H2,3.0,5369.0
430,1129,2024-H1,2.2,5369.0
431,1129,2024-H2,3.1,5369.0
432,1130,2024-H2,5.0,2810.0
433,1131,2023-H1,3.4,1905.0
434,1131,2023-H2,3.4,1905.0
435,1131,2024-H1,3.6,1905.0
436,1131,2024-H2,3.5,1905.0
437,1133,2023-H2,4.0,4883.0
438,1133,2024-H1,3.6,4883.0
439,1135,2023-H1,3.0,3962.0
440,1135,2023-H2,3.0,3962.0
441,1135,2024-H1,3.6,3962.0
442,1135,2024-H2,3.0,3962.0
443,1136,2023-H1,4.5,2342.0
444,1136,2023-H2,4.5,2342.0
445,1136,2024-H1,5.0,2342.0
446,1136,2024-H2,4.4,2342.0
447,1137,2023-H1,4.9,4164.0
448,1137,2023-H2,4.0,4164.0
449,1137,2024-H1,3.8,4164.0
450,1137,2024-H2,3.8,4164.0
451,1138,2023-H1,2.7,2456.0
452,1138,2023-H2,2.9,2456.0
453,1138,2024-H1,3.3,2456.0
454,1138,2024-H2,3.1,2456.0
455,1139,2023-H1,3.2,1020.0
456,1139,2023-H2,4.0,1020.0
457,1139,2024-H1,3.2,1020.0
458,1139,2024-H2,2.8,1020.0
459,1140,2023-H1,1.8,3599.0
460,1140,2023-H2,2.4,3599.0
461,1140,2024-H1,1.9,3599.0
462,1140,2024-H2,1.7,3599.0
463,1141,2023-H1,4.7,4858.0
464,1141,2023-H2,4.4,4858.0
465,1141,2024-H1,4.5,4858.0
466,1141,2024-H2,4.1,4858.0
467,1142,2023-H1,2.9,4146.0
468,1142,2023-H2,2.1,4146.0
469,1142,2024-H1,1.5,4146.0
470,1142,2024-H2,2.4,4146.0
471,1143,2023-H1,3.1,2219.0
472,1143,2023-H2,3.0,2219.0
473,1143,2024-H1,3.8,2219.0
474,1144,2023-H1,2.5,3237.0
475,1144,2023-H2,2.3,3237.0
476,1144,2024-H1,2.6,3237.0
477,1144,2024-H2,2.0,3237.0
478,1145,2023-H1,2.5,2503.0
479,1145,2023-H2,3.4,2503.0
480,1145,2024-H1,3.1,2503.0
481,1145,2024-H2,3.3,2503.0
482,1146,2023-H1,3.1,3335.0
483,1146,2023-H2,4.5,3335.0
484,1146,2024-H1,4.3,3335.0
485,1146,2024-H2,3.3,3335.0
486,1147,2023-H1,4.6,1575.0
487,1147,2023-H2,4.0,1575.0
488,1147,2024-H1,4.1,1575.0
489,1147,2024-H2,3.9,1575.0
490,1148,2023-H1,3.1,1786.0
491,1149,2023-H1,3.9,3279.0
492,1149,2023-H2,2.9,3279.0
493,1149,2024-H1,3.8,3279.0
494,1149,2024-H2,2.8,3279.0
495,1150,2023-H2,2.4,1183.0
496,1150,2024-H1,3.1,1183.0
497,1150,2024-H2,2.9,1183.0
498,1151,2024-H2,4.6,2403.0
499,1152,2023-H1,5.0,4158.0
500,1152,2023-H2,4.7,4158.0
501,1152,2024-H1,4.7,4158.0
502,1152,2024-H2,5.0,4158.0
503,1153,2023-H1,3.6,
504,1153,2023-H2,2.8,
505,1156,2023-H1,2.6,1955.0
506,1156,2023-H2,2.0,1955.0
507,1156,2024-H1,2.4,1955.0
508,1156,2024-H2,3.1,1955.0
509,1157,2023-H1,3.5,5370.0
510,1157,2023-H2,3.5,5370.0
511,1157,2024-H1,3.5,5370.0
512,1157,2024-H2,3.2,5370.0
513,1158,2024-H1,3.6,3396.0
514,1159,2023-H1,3.5,4261.0
515,1159,2023-H2,3.3,4261.0
516,1159,2024-H1,3.1,4261.0
517,1159,2024-H2,3.4,4261.0
518,1160,2023-H1,3.6,2579.0
519,1160,2023-H2,3.1,2579.0
520,1160,2024-H1,4.0,2579.0
521,1160,2024-H2,3.2,2579.0
522,1161,2023-H1,4.5,1891.0
523,1161,2023-H2,3.9,1891.0
524,1161,2024-H1,3.9,1891.0
525,1161,2024-H2,4.1,1891.0
526,1162,2023-H1,4.7,4982.0
527,1162,2023-H2,4.4,4982.0
528,1162,2024-H1,3.7,4982.0
529,1162,2024-H2,4.9,4982.0
530,1163,2023-H2,3.3,4176.0
531,1163,2024-H1,3.4,4176.0
532,1163,2024-H2,3.4,4176.0
533,1164,2023-H1,4.8,3385.0
534,1164,2023-H2,3.7,3385.0
535,1164,2024-H1,4.1,3385.0
536,1164,2024-H2,3.7,3385.0
537,1165,2023-H1,3.7,1355.0
538,1165,2023-H2,3.6,1355.0
539,1165,2024-H1,2.8,1355.0
540,1165,2024-H2,3.9,1355.0
541,1166,2023-H1,2.9,3289.0
542,1166,2023-H2,4.0,3289.0
543,1166,2024-H1,3.7,3289.0
544,1166,2024-H2,4.5,3289.0
545,1167,2023-H1,3.9,3630.0
546,1167,2023-H2,3.2,3630.0
547,1167,2024-H1,2.6,3630.0
548,1167,2024-H2,2.9,3630.0
549,1168,2024-H1,4.1,1199.0
550,1168,2024-H2,3.6,1199.0
551,1169,2023-H1,3.9,4525.0
552,1169,2023-H2,4.2,4525.0
553,1169,2024-H1,3.6,4525.0
554,1169,2024-H2,3.5,4525.0
555,1170,2023-H1,3.7,1219.0
556,1170,2023-H2,3.8,1219.0
557,1170,2024-H1,3.1,1219.0
558,1170,2024-H2,3.2,1219.0
559,1171,2023-H1,3.7,2066.0
560,1171,2023-H2,3.5,2066.0
561,1171,2024-H1,3.6,2066.0
562,1171,2024-H2,3.3,2066.0
563,1172,2023-H1,3.7,5013.0
564,1172,2023-H2,3.5,5013.0
565,1172,2024-H1,3.2,5013.0
566,1172,2024-H2,3.0,5013.0
567,1173,2024-H2,3.8,4971.0
568,1174,2023-H1,4.4,4839.0
569,1174,2023-H2,3.9,4839.0
570,1174,2024-H1,4.1,4839.0
571,1174,2024-H2,3.6,4839.0
572,1175,2023-H1,3.6,5203.0
573,1175,2023-H2,2.9,5203.0
574,1175,2024-H1,2.9,5203.0
575,1175,2024-H2,3.5,5203.0
576,1176,2023-H1,2.0,2825.0
577,1176,2023-H2,2.8,2825.0
578,1176,2024-H1,2.5,2825.0
579,1176,2024-H2,1.9,2825.0
580,1177,2023-H1,3.3,4122.0
581,1177,2023-H2,3.4,4122.0
582,1177,2024-H1,3.4,4122.0
583,1177,2024-H2,3.3,4122.0
584,1178,2023-H1,2.7,1327.0
585,1178,2023-H2,2.3,1327.0
586,1178,2024-H1,2.1,1327.0
587,1178,2024-H2,2.7,1327.0
588,1179,2024-H2,4.3,1668.0
589,1180,2024-H1,2.7,1494.0
590,1181,2024-H2,3.2,4711.0
591,1182,2023-H1,5.0,3488.0
592,1182,2023-H2,4.8,3488.0
593,1182,2024-H1,5.0,3488.0
594,1182,2024-H2,5.0,3488.0
595,1183,2024-H2,3.9,4595.0
596,1184,2023-H1,4.3,5321.0
597,1184,2023-H2,3.6,5321.0
598,1184,2024-H1,3.8,5321.0
599,1184,2024-H2,4.0,5321.0
600,1185,2023-H1,5.0,2610.0
601,1185,2023-H2,4.1,2610.0
602,1185,2024-H1,4.6,2610.0
603,1185,2024-H2,4.4,2610.0
604,1186,2023-H1,4.2,4648.0
605,1186,2023-H2,3.5,4648.0
606,1186,2024-H1,3.8,4648.0
607,1186,2024-H2,4.0,4648.0
608,1187,2024-H2,3.9,3915.0
609,1188,2023-H1,3.9,2617.0
610,1188,2023-H2,4.1,2617.0
611,1188,2024-H1,4.1,2617.0
612,1188,2024-H2,3.8,2617.0
613,1189,2023-H1,2.6,2751.0
614,1189,2023-H2,2.8,2751.0
615,1189,2024-H1,2.6,2751.0
616,1189,2024-H2,2.7,2751.0
617,1190,2023-H1,3.7,1584.0
618,1191,2023-H1,3.2,2707.0
619,1191,2023-H2,3.4,2707.0
620,1191,2024-H1,3.9,2707.0
621,1191,2024-H2,4.2,2707.0
622,1192,2023-H1,2.1,2773.0
623,1192,2023-H2,2.7,2773.0
624,1193,2023-H1,3.8,4275.0
625,1193,2023-H2,4.1,4275.0
626,1193,2024-H1,3.9,4275.0
627,1193,2024-H2,4.0,4275.0
628,1195,2023-H1,3.4,4551.0
629,1195,2023-H2,3.2,4551.0
630,1195,2024-H1,3.2,4551.0
631,1195,2024-H2,4.0,4551.0
632,1196,2023-H1,3.3,5121.0
633,1196,2023-H2,3.7,5121.0
634,1196,2024-H1,3.3,5121.0
635,1196,2024-H2,3.7,5121.0
636,1197,2023-H1,4.3,3654.0
637,1197,2023-H2,5.0,3654.0
638,1197,2024-H1,4.7,3654.0
639,1197,2024-H2,4.7,3654.0
640,1198,2023-H1,2.7,4164.0
641,1198,2023-H2,2.4,4164.0
642,1198,2024-H1,2.5,4164.0
643,1199,2023-H1,2.0,2825.0
644,1199,2023-H2,2.8,2825.0
645,1200,2023-H1,4.1,4983.0
646,1200,2023-H2,3.9,4983.0
647,1200,2024-H1,4.1,4983.0
648,1200,2024-H2,4.2,4983.0
649,1201,2023-H1,2.8,2147.0
650,1201,2023-H2,3.2,2147.0
651,1201,2024-H1,2.7,2147.0
652,1201,2024-H2,3.0,2147.0
653,1202,2023-H1,4.0,2927.0
654,1202,2023-H2,3.8,2927.0
655,1202,2024-H1,4.1,2927.0
656,1202,2024-H2,4.2,2927.0
657,1203,2023-H1,4.3,1417.0
658,1203,2023-H2,4.1,1417.0
659,1203,2024-H1,3.4,1417.0
660,1203,2024-H2,4.1,1417.0
661,1204,2023-H1,3.9,4242.0
662,1204,2023-H2,4.2,4242.0
663,1204,2024-H1,4.1,4242.0
664,1204,2024-H2,4.6,4242.0
665,1205,2023-H1,3.1,3349.0
666,1205,2023-H2,3.1,3349.0
667,1205,2024-H1,3.3,3349.0
668,1205,2024-H2,3.0,3349.0
669,1206,2024-H1,3.4,3773.0
670,1206,2024-H2,3.8,3773.0
671,1207,2023-H1,2.9,3403.0
672,1207,2023-H2,2.5,3403.0
673,1207,2024-H1,2.5,3403.0
674,1207,2024-H2,2.7,3403.0
675,1208,2023-H1,2.5,2096.0
676,1208,2023-H2,3.5,2096.0
677,1208,2024-H1,2.9,2096.0
678,1208,2024-H2,3.2,2096.0
679,1209,2023-H1,3.9,2067.0
680,1209,2023-H2,4.3,2067.0
681,1210,2023-H1,5.0,5117.0
682,1210,2023-H2,5.0,5117.0
683,1210,2024-H1,4.4,5117.0
684,1210,2024-H2,4.9,5117.0
685,1211,2023-H1,3.1,4331.0
686,1211,2023-H2,3.2,4331.0
687,1211,2024-H1,2.8,4331.0
688,1211,2024-H2,3.1,4331.0
689,1212,2023-H1,3.1,2350.0
690,1212,2023-H2,2.7,2350.0
691,1212,2024-H1,2.7,2350.0
692,1212,2024-H2,2.8,2350.0
693,1213,2024-H1,2.7,2354.0
694,1213,2024-H2,2.5,2354.0
695,1214,2024-H1,3.6,5314.0
696,1215,2024-H2,3.8,3267.0
697,1216,2023-H1,3.4,1328.0
698,1216,2023-H2,3.8,1328.0
699,1216,2024-H1,3.5,1328.0
700,1216,2024-H2,3.1,1328.0
701,1217,2023-H1,3.5,4073.0
702,1217,2023-H2,3.8,4073.0
703,1217,2024-H1,3.5,4073.0
704,1217,2024-H2,3.3,4073.0
705,1218,2024-H1,2.7,1166.0
706,1218,2024-H2,2.3,1166.0
707,1219,2023-H1,3.0,
708,1220,2023-H1,4.4,3221.0
709,1220,2023-H2,4.3,3221.0
710,1222,2023-H1,4.6,4863.0
711,1222,2023-H2,5.0,4863.0
712,1222,2024-H1,5.0,4863.0
713,1222,2024-H2,5.0,4863.0
714,1223,2023-H1,3.7,1065.0
715,1223,2023-H2,4.0,1065.0
716,1223,2024-H1,3.9,1065.0
717,1223,2024-H2,2.6,1065.0
718,1224,2023-H1,3.2,3164.0
719,1224,2023-H2,3.0,3164.0
720,1224,2024-H1,2.8,3164.0
721,1224,2024-H2,3.1,3164.0
722,1225,2024-H1,3.3,4937.0
723,1225,2024-H2,3.0,4937.0
724,1226,2023-H1,4.8,1718.0
725,1226,2023-H2,4.7,1718.0
726,1226,2024-H1,4.0,1718.0
727,1226,2024-H2,4.7,1718.0
728,1227,2024-H2,3.5,2894.0
729,1228,2023-H1,3.6,4129.0
730,1228,2023-H2,4.0,4129.0
731,1228,2024-H1,2.9,4129.0
732,1228,2024-H2,3.0,4129.0
733,1229,2023-H1,2.5,4220.0
734,1229,2023-H2,3.5,4220.0
735,1229,2024-H1,3.0,4220.0
736,1229,2024-H2,3.1,4220.0
737,1230,2023-H1,3.4,1609.0
738,1230,2023-H2,3.7,1609.0
739,1230,2024-H1,4.2,1609.0
740,1230,2024-H2,3.5,1609.0
741,1231,2023-H1,4.7,4961.0
742,1231,2023-H2,3.7,4961.0
743,1231,2024-H1,3.9,4961.0
744,1231,2024-H2,4.4,4961.0
745,1232,2024-H1,3.1,4459.0
746,1232,2024-H2,2.5,4459.0
747,1233,2023-H1,4.5,1804.0
748,1233,2023-H2,4.3,1804.0
749,1233,2024-H1,4.7,1804.0
750,1233,2024-H2,5.0,1804.0
751,1234,2023-H2,2.6,5081.0
752,1234,2024-H1,2.3,5081.0
753,1235,2023-H2,3.4,3042.0
754,1235,2024-H1,3.4,3042.0
755,1235,2024-H2,2.9,3042.0
756,1236,2023-H1,3.6,4156.0
757,1236,2023-H2,3.5,4156.0
758,1236,2024-H1,2.5,4156.0
759,1236,2024-H2,3.9,4156.0
760,1237,2023-H1,5.0,2071.0
761,1237,2023-H2,4.8,2071.0
762,1238,2023-H1,2.5,1053.0
763,1238,2023-H2,2.0,1053.0
764,1238,2024-H1,2.0,1053.0
765,1238,2024-H2,2.5,1053.0
766,1239,2023-H1,4.8,
767,1239,2023-H2,3.5,
768,1239,2024-H1,4.1,
769,1239,2024-H2,4.0,
770,1240,2024-H2,3.1,4992.0
771,1241,2023-H1,3.7,3404.0
772,1241,2023-H2,3.2,3404.0
773,1241,2024-H1,3.2,3404.0
774,1241,2024-H2,3.4,3404.0
775,1242,2023-H1,3.2,5058.0
776,1242,2023-H2,3.5,5058.0
777,1242,2024-H1,2.6,5058.0
778,1242,2024-H2,3.0,5058.0
779,1243,2023-H1,3.8,2718.0
780,1243,2023-H2,3.5,2718.0
781,1243,2024-H1,3.6,2718.0
782,1243,2024-H2,3.6,2718.0
783,1244,2023-H1,4.9,3231.0
784,1244,2023-H2,4.1,3231.0
785,1244,2024-H1,4.4,3231.0
786,1244,2024-H2,4.7,3231.0
787,1245,2023-H1,3.5,4372.0
788,1245,2023-H2,3.0,4372.0
789,1245,2024-H1,2.6,4372.0
790,1245,2024-H2,2.7,4372.0
791,1246,2023-H1,2.4,2905.0
792,1246,2023-H2,3.4,2905.0
793,1246,2024-H1,2.9,2905.0
794,1246,2024-H2,2.4,2905.0
795,1248,2023-H1,5.0,2078.0
796,1248,2023-H2,4.3,2078.0
797,1248,2024-H1,5.0,2078.0
798,1248,2024-H2,4.5,2078.0
799,1249,2024-H1,4.3,2019.0
800,1250,2023-H1,3.6,5484.0
801,1250,2023-H2,4.5,5484.0
802,1251,2024-H2,4.9,3200.0
803,1253,2023-H1,2.6,3198.0
804,1253,2023-H2,2.3,3198.0
805,1253,2024-H1,3.2,3198.0
806,1253,2024-H2,2.5,3198.0
807,1254,2023-H1,3.2,1035.0
808,1254,2023-H2,3.4,1035.0
809,1254,2024-H1,3.3,1035.0
810,1254,2024-H2,3.8,1035.0
811,1255,2024-H1,3.1,4164.0
812,1255,2024-H2,3.7,4164.0
813,1256,2023-H1,4.2,5281.0
814,1256,2023-H2,4.0,5281.0
815,1256,2024-H1,4.0,5281.0
816,1256,2024-H2,2.9,5281.0
817,1257,2023-H1,4.0,2696.0
818,1257,2023-H2,4.3,2696.0
819,1257,2024-H1,4.5,2696.0
820,1257,2024-H2,4.1,2696.0
821,1258,2023-H1,3.5,4140.0
822,1258,2023-H2,3.5,4140.0
823,1258,2024-H1,4.1,4140.0
824,1258,2024-H2,4.0,4140.0
825,1259,2023-H1,4.3,3863.0
826,1259,2023-H2,3.6,3863.0
827,1259,2024-H1,4.5,3863.0
828,1259,2024-H2,3.9,3863.0
829,1260,2023-H1,3.6,1371.0
830,1260,2023-H2,4.3,1371.0
831,1260,2024-H1,4.3,1371.0
832,1260,2024-H2,3.3,1371.0
833,1261,2023-H1,1.3,3490.0
834,1261,2023-H2,3.1,3490.0
835,1261,2024-H1,2.8,3490.0
836,1261,2024-H2,2.7,3490.0
837,1262,2024-H2,3.4,1025.0
838,1263,2023-H1,4.0,4870.0
839,1263,2023-H2,3.9,4870.0
840,1264,2023-H1,2.2,2854.0
841,1264,2023-H2,2.2,2854.0
842,1264,2024-H1,2.4,2854.0
843,1264,2024-H2,2.8,2854.0
844,1265,2023-H1,3.7,1139.0
845,1265,2023-H2,3.3,1139.0
846,1265,2024-H1,3.9,1139.0
847,1265,2024-H2,3.2,1139.0
848,1266,2023-H1,3.9,2505.0
849,1266,2023-H2,3.3,2505.0
850,1266,2024-H1,3.4,2505.0
851,1266,2024-H2,4.2,2505.0
852,1267,2023-H1,3.6,2288.0
853,1267,2023-H2,3.9,2288.0
854,1267,2024-H1,3.3,2288.0
855,1267,2024-H2,3.7,2288.0
856,1268,2023-H1,2.4,2802.0
857,1268,2023-H2,1.8,2802.0
858,1268,2024-H1,2.4,2802.0
859,1269,2023-H1,4.8,4358.0
860,1269,2023-H2,4.0,4358.0
861,1269,2024-H1,3.7,4358.0
862,1269,2024-H2,3.7,4358.0
863,1270,2023-H1,3.1,2380.0
864,1270,2023-H2,3.8,2380.0
865,1270,2024-H1,3.3,2380.0
866,1270,2024-H2,4.1,2380.0
867,1271,2023-H1,4.1,2218.0
868,1271,2023-H2,3.9,2218.0
869,1271,2024-H1,4.2,2218.0
870,1271,2024-H2,3.5,2218.0
871,1272,2023-H1,4.0,1624.0
872,1272,2023-H2,3.6,1624.0
873,1272,2024-H1,3.7,1624.0
874,1272,2024-H2,3.8,1624.0
875,1273,2023-H1,4.4,3421.0
876,1273,2023-H2,4.4,3421.0
877,1273,2024-H1,5.0,3421.0
878,1273,2024-H2,4.6,3421.0
879,1274,2023-H1,4.1,5494.0
880,1274,2023-H2,4.4,5494.0
881,1274,2024-H1,3.5,5494.0
882,1274,2024-H2,3.7,5494.0
883,1276,2023-H2,3.4,5219.0
884,1276,2024-H1,3.6,5219.0
885,1276,2024-H2,3.2,5219.0
886,1277,2023-H2,2.9,3193.0
887,1277,2024-H1,2.2,3193.0
888,1277,2024-H2,3.2,3193.0
889,1278,2023-H1,4.3,4093.0
890,1278,2023-H2,3.3,4093.0
891,1278,2024-H1,3.2,4093.0
892,1278,2024-H2,4.0,4093.0
893,1279,2023-H2,1.5,3735.0
894,1279,2024-H1,1.6,3735.0
895,1279,2024-H2,1.7,3735.0
896,1280,2023-H1,3.8,2928.0
897,1280,2023-H2,4.1,2928.0
898,1280,2024-H1,4.1,2928.0
899,1280,2024-H2,3.8,2928.0
900,1281,2024-H2,4.7,2397.0
901,1282,2023-H1,4.0,4368.0
902,1282,2023-H2,2.7,4368.0
903,1282,2024-H1,3.5,4368.0
904,1282,2024-H2,3.2,4368.0
905,1283,2023-H1,3.5,2243.0
906,1283,2023-H2,3.3,2243.0
907,1283,2024-H1,3.8,2243.0
908,1283,2024-H2,3.7,2243.0
909,1284,2023-H1,3.5,4362.0
910,1284,2023-H2,3.6,4362.0
911,1284,2024-H1,3.0,4362.0
912,1284,2024-H2,3.1,4362.0
913,1285,2023-H1,2.6,4870.0
914,1285,2023-H2,2.3,4870.0
915,1285,2024-H1,3.2,4870.0
916,1285,2024-H2,2.8,4870.0
917,1286,2023-H1,3.0,2779.0
918,1286,2023-H2,2.8,2779.0
919,1286,2024-H1,4.1,2779.0
920,1286,2024-H2,3.0,2779.0
921,1287,2023-H1,3.0,4658.0
922,1287,2023-H2,2.7,4658.0
923,1287,2024-H1,3.0,4658.0
924,1287,2024-H2,2.0,4658.0
925,1288,2023-H1,3.1,2112.0
926,1288,2023-H2,3.1,2112.0
927,1288,2024-H1,2.9,2112.0
928,1288,2024-H2,2.6,2112.0
929,1289,2023-H1,2.5,2596.0
930,1289,2023-H2,3.2,2596.0
931,1289,2024-H1,3.0,2596.0
932,1289,2024-H2,3.1,2596.0
933,1290,2023-H1,3.9,4012.0
934,1290,2023-H2,3.1,4012.0
935,1290,2024-H1,3.8,4012.0
936,1290,2024-H2,3.2,4012.0
937,1291,2023-H1,3.2,1755.0
938,1291,2023-H2,2.8,1755.0
939,1291,2024-H1,2.5,1755.0
940,1291,2024-H2,1.8,1755.0
941,1292,2023-H2,2.8,4179.0
942,1292,2024-H1,3.3,4179.0
943,1292,2024-H2,2.6,4179.0
944,1293,2023-H1,3.3,5384.0
945,1293,2023-H2,4.0,5384.0
946,1293,2024-H1,4.0,5384.0
947,1293,2024-H2,3.2,5384.0
948,1295,2023-H1,2.5,3813.0
949,1295,2023-H2,2.5,3813.0
950,1295,2024-H1,2.5,3813.0
951,1295,2024-H2,3.5,3813.0
952,1296,2023-H1,2.9,3722.0
953,1296,2023-H2,2.6,3722.0
954,1296,2024-H1,3.2,3722.0
955,1296,2024-H2,3.1,3722.0
956,1297,2023-H1,2.0,4164.0
957,1297,2023-H2,3.0,4164.0
958,1297,2024-H1,1.8,4164.0
959,1297,2024-H2,1.8,4164.0
960,1298,2023-H1,4.7,4164.0
961,1298,2023-H2,5.0,4164.0
962,1298,2024-H1,5.0,4164.0
963,1298,2024-H2,4.7,4164.0
964,1299,2023-H1,3.3,4794.0
965,1299,2023-H2,3.1,4794.0
966,1299,2024-H1,3.3,4794.0
967,1299,2024-H2,3.4,4794.0
968,1300,2024-H1,3.0,3130.0
969,1300,2024-H2,3.3,3130.0
970,1301,2023-H1,4.2,1025.0
971,1301,2023-H2,3.7,1025.0
972,1301,2024-H1,4.5,1025.0
973,1301,2024-H2,4.2,1025.0
974,1302,2023-H1,2.9,3741.0
975,1302,2023-H2,2.5,3741.0
976,1302,2024-H1,3.0,3741.0
977,1302,2024-H2,2.3,3741.0
978,1303,2023-H1,4.3,3090.0
979,1303,2023-H2,3.2,3090.0
980,1303,2024-H1,3.6,3090.0
981,1303,2024-H2,4.2,3090.0
982,1304,2023-H1,1.5,4158.0
983,1304,2023-H2,2.6,4158.0
984,1304,2024-H1,2.0,4158.0
985,1304,2024-H2,1.6,4158.0
986,1305,2023-H1,3.1,2389.0
987,1305,2023-H2,3.2,2389.0
988,1305,2024-H1,3.1,2389.0
989,1305,2024-H2,3.3,2389.0
990,1306,2023-H1,2.0,5382.0
991,1306,2023-H2,2.6,5382.0
992,1306,2024-H1,1.7,5382.0
993,1306,2024-H2,2.7,5382.0
994,1307,2023-H2,2.4,2256.0
995,1307,2024-H1,3.5,2256.0
996,1307,2024-H2,2.8,2256.0
997,1308,2023-H1,3.7,5008.0
998,1308,2023-H2,3.0,5008.0
999,1308,2024-H1,3.3,5008.0
1000,1308,2024-H2,3.2,5008.0
1001,1309,2023-H1,3.6,4998.0
1002,1309,2023-H2,3.3,4998.0
1003,1309,2024-H1,2.5,4998.0
1004,1309,2024-H2,2.9,4998.0
1005,1310,2023-H1,3.9,5322.0
1006,1310,2023-H2,4.0,5322.0
1007,1310,2024-H1,3.2,5322.0
1008,1310,2024-H2,3.0,5322.0
1009,1311,2023-H1,3.2,1154.0
1010,1311,2023-H2,3.3,1154.0
1011,1311,2024-H1,2.9,1154.0
1012,1311,2024-H2,2.1,1154.0
1013,1312,2023-H1,3.6,1069.0
1014,1312,2023-H2,2.8,1069.0
1015,1312,2024-H1,3.0,1069.0
1016,1312,2024-H2,3.7,1069.0
1017,1313,2023-H1,4.3,3404.0
1018,1313,2023-H2,4.4,3404.0
1019,1313,2024-H1,3.7,3404.0
1020,1313,2024-H2,4.4,3404.0
1021,1314,2023-H1,4.8,1692.0
1022,1314,2023-H2,4.8,1692.0
1023,1314,2024-H1,5.0,1692.0
1024,1314,2024-H2,4.8,1692.0
1025,1315,2023-H1,3.9,1317.0
1026,1315,2023-H2,3.6,1317.0
1027,1315,2024-H1,3.2,1317.0
1028,1315,2024-H2,3.3,1317.0
1029,1316,2023-H1,3.7,1092.0
1030,1316,2023-H2,4.1,1092.0
1031,1316,2024-H1,3.8,1092.0
1032,1316,2024-H2,3.8,1092.0
1033,1317,2023-H2,4.5,1500.0
1034,1317,2024-H1,5.0,1500.0
1035,1317,2024-H2,5.0,1500.0
1036,1318,2023-H1,4.0,3851.0
1037,1318,2023-H2,4.5,3851.0
1038,1318,2024-H1,3.5,3851.0
1039,1318,2024-H2,3.3,3851.0
1040,1319,2023-H1,3.6,1901.0
1041,1319,2023-H2,3.4,1901.0
1042,1319,2024-H1,3.5,1901.0
1043,1319,2024-H2,3.7,1901.0
1044,1320,2023-H1,1.5,4071.0
1045,1320,2023-H2,2.1,4071.0
1046,1320,2024-H1,3.0,4071.0
1047,1320,2024-H2,2.5,4071.0
1048,1321,2024-H1,3.7,3014.0
1049,1321,2024-H2,3.8,3014.0
1050,1322,2023-H1,3.2,4294.0
1051,1322,2023-H2,2.4,4294.0
1052,1322,2024-H1,3.0,4294.0
1053,1323,2023-H1,3.5,5118.0
1054,1323,2023-H2,3.1,5118.0
1055,1323,2024-H1,3.5,5118.0
1056,1323,2024-H2,3.4,5118.0
1057,1324,2023-H1,3.3,1426.0
1058,1324,2023-H2,4.0,1426.0
1059,1324,2024-H1,4.2,1426.0
1060,1324,2024-H2,3.4,1426.0
1061,1325,2023-H1,2.3,4496.0
1062,1325,2023-H2,2.4,4496.0
1063,1325,2024-H1,2.3,4496.0
1064,1325,2024-H2,2.7,4496.0
1065,1326,2023-H1,2.3,4824.0
1066,1326,2023-H2,2.9,4824.0
1067,1326,2024-H1,3.5,4824.0
1068,1326,2024-H2,3.8,4824.0
1069,1327,2023-H1,3.8,3056.0
1070,1327,2023-H2,3.3,3056.0
1071,1327,2024-H1,3.6,3056.0
1072,1327,2024-H2,2.8,3056.0
1073,1329,2024-H1,3.6,4396.0
1074,1329,2024-H2,3.5,4396.0
1075,1331,2023-H1,3.6,3012.0
1076,1331,2023-H2,3.7,3012.0
1077,1331,2024-H1,4.4,3012.0
1078,1331,2024-H2,3.6,3012.0
1079,1332,2023-H1,2.7,2456.0
1080,1332,2023-H2,2.3,2456.0
1081,1332,2024-H1,2.5,2456.0
1082,1332,2024-H2,2.3,2456.0
1083,1334,2024-H2,2.9,5457.0
1084,1335,2023-H1,3.8,2002.0
1085,1335,2023-H2,4.1,2002.0
1086,1335,2024-H1,4.0,2002.0
1087,1335,2024-H2,3.6,2002.0
1088,1336,2023-H1,2.7,4104.0
1089,1336,2023-H2,3.4,4104.0
1090,1336,2024-H1,3.4,4104.0
1091,1336,2024-H2,3.0,4104.0
1092,1337,2023-H2,3.0,1287.0
1093,1337,2024-H1,3.2,1287.0
1094,1337,2024-H2,3.0,1287.0
1095,1338,2023-H1,4.4,4937.0
1096,1338,2023-H2,4.7,4937.0
1097,1338,2024-H1,4.6,4937.0
1098,1338,2024-H2,4.7,4937.0
1099,1339,2023-H1,3.7,3207.0
1100,1339,2023-H2,3.4,3207.0
1101,1339,2024-H1,2.8,3207.0
1102,1339,2024-H2,3.4,3207.0
1103,1340,2023-H1,2.7,4373.0
1104,1340,2023-H2,2.5,4373.0
1105,1340,2024-H1,2.2,4373.0
1106,1340,2024-H2,2.7,4373.0
1107,1342,2023-H1,3.9,3554.0
1108,1342,2023-H2,3.3,3554.0
1109,1342,2024-H1,4.3,3554.0
1110,1342,2024-H2,3.6,3554.0
1111,1343,2023-H1,3.5,1846.0
1112,1343,2023-H2,3.2,1846.0
1113,1343,2024-H1,2.7,1846.0
1114,1343,2024-H2,4.1,1846.0
1115,1344,2023-H1,3.4,4904.0
1116,1344,2023-H2,3.6,4904.0
1117,1344,2024-H1,2.2,4904.0
1118,1344,2024-H2,3.4,4904.0
1119,1345,2023-H1,3.8,3707.0
1120,1345,2023-H2,2.8,3707.0
1121,1345,2024-H1,3.6,3707.0
1122,1345,2024-H2,3.8,3707.0
1123,1347,2023-H1,2.2,2558.0
1124,1347,2023-H2,2.3,2558.0
1125,1347,2024-H1,2.6,2558.0
1126,1347,2024-H2,2.1,2558.0
1127,1348,2023-H1,2.8,2770.0
1128,1348,2023-H2,3.1,2770.0
1129,1348,2024-H1,2.4,2770.0
1130,1348,2024-H2,3.1,2770.0
1131,1349,2023-H1,3.6,3952.0
1132,1349,2023-H2,2.6,3952.0
1133,1349,2024-H1,3.3,3952.0
1134,1349,2024-H2,2.9,3952.0
1135,1350,2023-H1,3.2,3923.0
1136,1350,2023-H2,3.7,3923.0
1137,1350,2024-H1,3.4,3923.0
1138,1350,2024-H2,3.7,3923.0
1139,1351,2023-H1,2.7,1219.0
1140,1351,2023-H2,2.9,1219.0
1141,1351,2024-H1,3.0,1219.0
1142,1351,2024-H2,3.0,1219.0
1143,1352,2024-H2,2.5,4158.0
1144,1353,2023-H1,3.2,4652.0
1145,1353,2023-H2,3.0,4652.0
1146,1353,2024-H1,4.1,4652.0
1147,1353,2024-H2,3.7,4652.0
1148,1354,2023-H1,3.2,5011.0
1149,1354,2023-H2,4.5,5011.0
1150,1354,2024-H1,4.1,5011.0
1151,1354,2024-H2,3.9,5011.0
1152,1355,2023-H2,3.7,1678.0
1153,1355,2024-H1,3.5,1678.0
1154,1355,2024-H2,2.8,1678.0
1155,1356,2023-H2,3.5,5101.0
1156,1356,2024-H1,3.2,5101.0
1157,1357,2023-H1,4.9,5354.0
1158,1357,2023-H2,4.4,5354.0
1159,1357,2024-H1,4.4,5354.0
1160,1357,2024-H2,4.8,5354.0
1161,1358,2023-H1,2.7,5375.0
1162,1358,2023-H2,2.7,5375.0
1163,1358,2024-H1,3.7,5375.0
1164,1358,2024-H2,3.1,5375.0
1165,1359,2023-H2,2.1,1261.0
1166,1359,2024-H1,1.3,1261.0
1167,1359,2024-H2,3.4,1261.0
1168,1360,2023-H1,3.1,1033.0
1169,1360,2023-H2,2.5,1033.0
1170,1361,2024-H2,2.3,3229.0
1171,1362,2023-H2,3.3,3957.0
1172,1362,2024-H1,4.1,3957.0
1173,1362,2024-H2,4.2,3957.0
1174,1363,2024-H1,3.7,1785.0
1175,1363,2024-H2,3.3,1785.0
1176,1364,2023-H1,3.3,3100.0
1177,1364,2023-H2,3.0,3100.0
1178,1364,2024-H1,1.9,3100.0
1179,1364,2024-H2,2.6,3100.0
1180,1365,2024-H1,3.6,4740.0
1181,1366,2023-H1,3.6,3790.0
1182,1366,2023-H2,2.8,3790.0
1183,1366,2024-H1,3.5,3790.0
1184,1366,2024-H2,3.8,3790.0
1185,1367,2023-H1,2.7,5444.0
1186,1367,2023-H2,2.7,5444.0
1187,1367,2024-H1,3.2,5444.0
1188,1367,2024-H2,3.3,5444.0
1189,1368,2024-H1,4.8,3176.0
1190,1368,2024-H2,5.0,3176.0
1191,1369,2023-H1,3.6,1426.0
1192,1370,2023-H2,3.7,5491.0
1193,1370,2024-H1,3.4,5491.0
1194,1370,2024-H2,3.7,5491.0
1195,1371,2023-H1,4.5,4259.0
1196,1371,2023-H2,3.5,4259.0
1197,1371,2024-H1,3.2,4259.0
1198,1371,2024-H2,3.6,4259.0
1199,1372,2023-H1,2.5,2651.0
1200,1372,2023-H2,2.6,2651.0
1201,1372,2024-H1,2.8,2651.0
1202,1372,2024-H2,2.5,2651.0
1203,1373,2023-H1,3.0,3487.0
1204,1373,2023-H2,2.3,3487.0
1205,1373,2024-H1,3.1,3487.0
1206,1373,2024-H2,3.1,3487.0
1207,1374,2023-H1,2.0,2905.0
1208,1374,2023-H2,2.2,2905.0
1209,1375,2023-H1,2.0,1199.0
1210,1375,2023-H2,2.8,1199.0
1211,1375,2024-H1,2.5,1199.0
1212,1375,2024-H2,1.8,1199.0
1213,1376,2023-H2,3.4,2792.0
1214,1376,2024-H1,2.6,2792.0
1215,1376,2024-H2,2.8,2792.0
1216,1378,2023-H1,3.3,5261.0
1217,1378,2023-H2,2.6,5261.0
1218,1378,2024-H1,2.7,5261.0
1219,1378,2024-H2,3.4,5261.0
1220,1379,2024-H1,2.8,2995.0
1221,1379,2024-H2,3.1,2995.0
1222,1380,2023-H2,3.0,3949.0
1223,1380,2024-H1,3.1,3949.0
1224,1382,2023-H1,5.0,4181.0
1225,1382,2023-H2,5.0,4181.0
1226,1382,2024-H1,5.0,4181.0
1227,1382,2024-H2,4.6,4181.0
1228,1383,2023-H1,3.2,4441.0
1229,1383,2023-H2,3.0,4441.0
1230,1383,2024-H1,2.8,4441.0
1231,1383,2024-H2,2.5,4441.0
1232,1385,2023-H1,2.8,4876.0
1233,1385,2023-H2,3.0,4876.0
1234,1385,2024-H1,2.2,4876.0
1235,1385,2024-H2,2.6,4876.0
1236,1386,2023-H1,5.0,2610.0
1237,1386,2023-H2,5.0,2610.0
1238,1386,2024-H1,4.5,2610.0
1239,1386,2024-H2,4.9,2610.0
1240,1387,2023-H1,3.1,1632.0
1241,1387,2023-H2,3.8,1632.0
1242,1387,2024-H1,3.6,1632.0
1243,1387,2024-H2,3.5,1632.0
1244,1388,2024-H1,3.8,5171.0
1245,1388,2024-H2,2.9,5171.0
1246,1389,2023-H1,3.8,4196.0
1247,1389,2023-H2,4.4,4196.0
1248,1389,2024-H1,3.3,4196.0
1249,1389,2024-H2,4.0,4196.0
1250,1390,2023-H1,2.9,4906.0
1251,1390,2023-H2,3.8,4906.0
1252,1390,2024-H1,2.8,4906.0
1253,1390,2024-H2,3.7,4906.0
1254,1391,2023-H1,3.7,1207.0
1255,1391,2023-H2,4.1,1207.0
1256,1392,2023-H1,3.0,4192.0
1257,1392,2023-H2,3.2,4192.0
1258,1392,2024-H1,3.1,4192.0
1259,1392,2024-H2,3.0,4192.0
1260,1393,2023-H1,2.5,2092.0
1261,1393,2023-H2,3.3,2092.0
1262,1393,2024-H1,2.4,2092.0
1263,1393,2024-H2,3.3,2092.0
1264,1394,2023-H1,4.2,2732.0
1265,1394,2023-H2,4.1,2732.0
1266,1394,2024-H1,4.7,2732.0
1267,1394,2024-H2,4.8,2732.0
1268,1395,2023-H1,3.1,4529.0
1269,1395,2023-H2,3.2,4529.0
1270,1395,2024-H1,3.4,4529.0
1271,1395,2024-H2,3.9,4529.0
1272,1396,2023-H1,2.3,2106.0
1273,1396,2023-H2,2.8,2106.0
1274,1396,2024-H1,3.3,2106.0
1275,1396,2024-H2,3.2,2106.0
1276,1397,2023-H1,3.0,2929.0
1277,1397,2023-H2,2.6,2929.0
1278,1397,2024-H1,3.3,2929.0
1279,1397,2024-H2,4.1,2929.0
1280,1398,2023-H1,4.6,5360.0
1281,1398,2023-H2,4.8,5360.0
1282,1398,2024-H1,4.6,5360.0
1283,1399,2023-H1,5.0,4635.0
1284,1399,2023-H2,4.2,4635.0
1285,1399,2024-H1,4.2,4635.0
1286,1399,2024-H2,5.0,4635.0
1287,1401,2023-H1,3.1,4804.0
1288,1401,2023-H2,2.3,4804.0
1289,1401,2024-H1,3.4,4804.0
1290,1401,2024-H2,3.3,4804.0
1291,1402,2023-H1,2.7,5155.0
1292,1403,2023-H1,3.5,4082.0
1293,1403,2023-H2,3.3,4082.0
1294,1403,2024-H1,3.9,4082.0
1295,1403,2024-H2,3.0,4082.0
1296,1404,2023-H1,3.5,3664.0
1297,1404,2023-H2,3.7,3664.0
1298,1404,2024-H1,3.3,3664.0
1299,1404,2024-H2,3.5,3664.0
1300,1405,2023-H1,5.0,3353.0
1301,1405,2023-H2,4.4,3353.0
1302,1405,2024-H1,5.0,3353.0
1303,1405,2024-H2,4.3,3353.0
1304,1406,2023-H1,2.2,1794.0
1305,1406,2023-H2,2.9,1794.0
1306,1406,2024-H1,2.6,1794.0
1307,1406,2024-H2,2.5,1794.0
1308,1407,2023-H1,4.8,2848.0
1309,1407,2023-H2,3.8,2848.0
1310,1407,2024-H1,3.7,2848.0
1311,1407,2024-H2,4.5,2848.0
1312,1408,2023-H1,3.3,2461.0
1313,1408,2023-H2,3.8,2461.0
1314,1408,2024-H1,2.8,2461.0
1315,1409,2024-H1,2.7,2165.0
1316,1409,2024-H2,3.2,2165.0
1317,1410,2023-H1,2.7,5321.0
1318,1410,2023-H2,2.0,5321.0
1319,1410,2024-H1,2.9,5321.0
1320,1411,2023-H1,1.5,3089.0
1321,1412,2023-H1,4.5,1915.0
1322,1413,2023-H1,3.9,1520.0
1323,1413,2023-H2,3.6,1520.0
1324,1413,2024-H1,4.3,1520.0
1325,1413,2024-H2,3.4,1520.0
1326,1414,2023-H1,3.8,5111.0
1327,1414,2023-H2,3.7,5111.0
1328,1414,2024-H1,2.3,5111.0
1329,1414,2024-H2,3.7,5111.0
1330,1415,2023-H1,3.9,4988.0
1331,1415,2023-H2,3.3,4988.0
1332,1415,2024-H1,3.3,4988.0
1333,1415,2024-H2,3.4,4988.0
1334,1416,2023-H1,3.3,2933.0
1335,1416,2023-H2,3.6,2933.0
1336,1416,2024-H1,3.0,2933.0
1337,1416,2024-H2,3.4,2933.0
1338,1417,2023-H2,2.9,4158.0
1339,1417,2024-H1,2.4,4158.0
1340,1418,2023-H1,4.0,2250.0
1341,1418,2023-H2,3.8,2250.0
1342,1418,2024-H1,3.9,2250.0
1343,1418,2024-H2,4.2,2250.0
1344,1419,2024-H1,3.2,4219.0
1345,1419,2024-H2,2.9,4219.0
1346,1420,2024-H2,2.3,3798.0
1347,1421,2023-H1,3.2,5444.0
1348,1421,2023-H2,3.6,5444.0
1349,1421,2024-H1,3.6,5444.0
1350,1421,2024-H2,3.5,5444.0
1351,1422,2023-H1,3.8,1459.0
1352,1422,2023-H2,3.8,1459.0
1353,1422,2024-H1,4.4,1459.0
1354,1422,2024-H2,4.0,1459.0
1355,1423,2023-H1,3.3,1098.0
1356,1423,2023-H2,3.6,1098.0
1357,1424,2023-H1,3.2,1023.0
1358,1424,2023-H2,2.9,1023.0
1359,1424,2024-H1,3.5,1023.0
1360,1424,2024-H2,3.2,1023.0
1361,1425,2023-H1,3.1,1739.0
1362,1425,2023-H2,3.2,1739.0
1363,1425,2024-H1,2.7,1739.0
1364,1425,2024-H2,3.7,1739.0
1365,1426,2023-H1,3.6,4643.0
1366,1426,2023-H2,3.4,4643.0
1367,1426,2024-H1,4.2,4643.0
1368,1426,2024-H2,3.0,4643.0
1369,1427,2023-H1,2.3,2623.0
1370,1427,2023-H2,3.0,2623.0
1371,1427,2024-H1,2.4,2623.0
1372,1427,2024-H2,2.7,2623.0
1373,1428,2023-H1,4.6,1288.0
1374,1428,2023-H2,5.0,1288.0
1375,1428,2024-H1,4.3,1288.0
1376,1428,2024-H2,4.8,1288.0
1377,1429,2023-H1,4.8,3073.0
1378,1429,2023-H2,5.0,3073.0
1379,1429,2024-H1,5.0,3073.0
1380,1429,2024-H2,5.0,3073.0
1381,1430,2023-H1,3.6,2996.0
1382,1430,2023-H2,3.4,2996.0
1383,1430,2024-H1,3.1,2996.0
1384,1430,2024-H2,3.4,2996.0
1385,1431,2023-H1,3.6,1459.0
1386,1431,2023-H2,3.9,1459.0
1387,1431,2024-H1,3.7,1459.0
1388,1431,2024-H2,3.6,1459.0
1389,1432,2023-H1,3.1,3495.0
1390,1432,2023-H2,2.9,3495.0
1391,1433,2023-H1,4.3,4719.0
1392,1433,2023-H2,5.0,4719.0
1393,1433,2024-H1,4.7,4719.0
1394,1433,2024-H2,4.4,4719.0
1395,1434,2023-H1,3.6,1591.0
1396,1434,2023-H2,3.9,1591.0
1397,1434,2024-H1,4.0,1591.0
1398,1434,2024-H2,4.7,1591.0
1399,1435,2023-H2,2.7,1108.0
1400,1435,2024-H1,2.9,1108.0
1401,1435,2024-H2,2.7,1108.0
1402,1436,2023-H1,4.4,3422.0
1403,1436,2023-H2,4.5,3422.0
1404,1436,2024-H1,4.5,3422.0
1405,1436,2024-H2,3.7,3422.0
1406,1437,2023-H1,3.0,5492.0
1407,1437,2023-H2,3.0,5492.0
1408,1437,2024-H1,3.3,5492.0
1409,1437,2024-H2,3.3,5492.0
1410,1438,2023-H1,3.8,5494.0
1411,1438,2023-H2,3.8,5494.0
1412,1438,2024-H1,4.4,5494.0
1413,1438,2024-H2,3.6,5494.0
1414,1439,2023-H1,3.7,2469.0
1415,1439,2023-H2,2.4,2469.0
1416,1439,2024-H1,2.6,2469.0
1417,1439,2024-H2,1.6,2469.0
1418,1440,2024-H1,2.7,2638.0
1419,1441,2023-H1,4.4,3169.0
1420,1441,2023-H2,3.9,3169.0
1421,1441,2024-H1,4.8,3169.0
1422,1441,2024-H2,3.8,3169.0
1423,1442,2023-H1,3.5,2164.0
1424,1442,2023-H2,3.6,2164.0
1425,1442,2024-H1,4.0,2164.0
1426,1442,2024-H2,4.1,2164.0
1427,1443,2023-H1,3.3,3575.0
1428,1443,2023-H2,3.1,3575.0
1429,1443,2024-H1,3.3,3575.0
1430,1443,2024-H2,3.0,3575.0
1431,1444,2023-H1,4.2,1036.0
1432,1444,2023-H2,4.3,1036.0
1433,1444,2024-H1,5.0,1036.0
1434,1444,2024-H2,3.9,1036.0
1435,1445,2023-H1,4.2,2951.0
1436,1445,2023-H2,4.5,2951.0
1437,1445,2024-H1,3.7,2951.0
1438,1445,2024-H2,4.5,2951.0
1439,1446,2023-H1,3.6,3735.0
1440,1446,2023-H2,4.1,3735.0
1441,1446,2024-H1,4.3,3735.0
1442,1446,2024-H2,3.3,3735.0
1443,1447,2023-H1,3.8,4305.0
1444,1447,2023-H2,3.8,4305.0
1445,1447,2024-H1,4.6,4305.0
1446,1447,2024-H2,4.1,4305.0
1447,1448,2023-H1,4.4,2620.0
1448,1448,2023-H2,3.1,2620.0
1449,1448,2024-H1,3.8,2620.0
1450,1448,2024-H2,3.7,2620.0
1451,1449,2023-H1,4.3,5464.0
1452,1449,2023-H2,3.7,5464.0
1453,1449,2024-H1,4.4,5464.0
1454,1449,2024-H2,3.4,5464.0
1455,1450,2023-H1,2.6,3572.0
1456,1450,2023-H2,1.7,3572.0
1457,1450,2024-H1,2.3,3572.0
1458,1450,2024-H2,2.2,3572.0
1459,1451,2024-H1,2.6,5076.0
1460,1452,2024-H2,3.0,2495.0
1461,1453,2023-H1,2.8,4769.0
1462,1453,2023-H2,3.7,4769.0
1463,1453,2024-H1,2.6,4769.0
1464,1453,2024-H2,2.6,4769.0
1465,1454,2023-H1,3.6,1664.0
1466,1454,2023-H2,2.9,1664.0
1467,1454,2024-H1,3.8,1664.0
1468,1454,2024-H2,2.6,1664.0
1469,1455,2023-H1,3.0,4348.0
1470,1455,2023-H2,2.7,4348.0
1471,1455,2024-H1,2.4,4348.0
1472,1455,2024-H2,2.4,4348.0
1473,1456,2023-H1,4.3,4928.0
1474,1456,2023-H2,4.5,4928.0
1475,1456,2024-H1,3.5,4928.0
1476,1456,2024-H2,4.1,4928.0
1477,1457,2023-H1,4.2,1348.0
1478,1457,2023-H2,3.7,1348.0
1479,1457,2024-H1,4.2,1348.0
1480,1457,2024-H2,4.5,1348.0
1481,1458,2023-H1,4.0,1783.0
1482,1458,2023-H2,4.3,1783.0
1483,1458,2024-H1,4.2,1783.0
1484,1458,2024-H2,4.8,1783.0
1485,1459,2023-H1,2.8,1790.0
1486,1459,2023-H2,3.3,1790.0
1487,1459,2024-H1,3.5,1790.0
1488,1459,2024-H2,3.2,1790.0
1489,1460,2023-H1,3.0,5264.0
1490,1460,2023-H2,3.8,5264.0
1491,1460,2024-H1,3.8,5264.0
1492,1460,2024-H2,3.3,5264.0
1493,1461,2023-H1,3.8,2101.0
1494,1461,2023-H2,4.1,2101.0
1495,1461,2024-H1,3.7,2101.0
1496,1461,2024-H2,4.4,2101.0
1497,1463,2023-H1,3.7,4621.0
1498,1463,2023-H2,3.0,4621.0
1499,1463,2024-H1,3.1,4621.0
1500,1463,2024-H2,3.6,4621.0
1501,1464,2024-H1,3.5,4158.0
1502,1464,2024-H2,3.0,4158.0
1503,1465,2023-H1,2.0,1875.0
1504,1465,2023-H2,1.8,1875.0
1505,1465,2024-H1,2.2,1875.0
1506,1465,2024-H2,2.1,1875.0
1507,1466,2023-H1,4.4,2602.0
1508,1466,2023-H2,4.3,2602.0
1509,1466,2024-H1,3.9,2602.0
1510,1466,2024-H2,4.0,2602.0
1511,1467,2023-H1,4.0,5057.0
1512,1467,2023-H2,3.4,5057.0
1513,1467,2024-H1,3.0,5057.0
1514,1467,2024-H2,3.2,5057.0
1515,1468,2023-H1,4.4,5072.0
1516,1468,2023-H2,4.9,5072.0
1517,1468,2024-H1,4.4,5072.0
1518,1468,2024-H2,3.8,5072.0
1519,1469,2024-H1,3.0,4115.0
1520,1469,2024-H2,2.8,4115.0
1521,1470,2023-H1,2.8,2707.0
1522,1470,2023-H2,4.1,2707.0
1523,1470,2024-H1,3.2,2707.0
1524,1470,2024-H2,3.3,2707.0
1525,1471,2023-H1,3.5,4497.0
1526,1471,2023-H2,3.4,4497.0
1527,1471,2024-H1,3.9,4497.0
1528,1471,2024-H2,3.2,4497.0
1529,1472,2023-H1,3.8,2514.0
1530,1472,2023-H2,3.7,2514.0
1531,1472,2024-H1,3.3,2514.0
1532,1472,2024-H2,3.1,2514.0
1533,1473,2023-H1,3.7,3357.0
1534,1473,2023-H2,3.1,3357.0
1535,1473,2024-H1,4.2,3357.0
1536,1473,2024-H2,3.4,3357.0
1537,1474,2023-H1,4.9,2611.0
1538,1474,2023-H2,4.0,2611.0
1539,1474,2024-H1,4.3,2611.0
1540,1474,2024-H2,4.0,2611.0
1541,1475,2023-H1,3.4,4054.0
1542,1475,2023-H2,3.7,4054.0
1543,1475,2024-H1,3.8,4054.0
1544,1475,2024-H2,4.1,4054.0
1545,1476,2023-H1,4.7,4534.0
1546,1476,2023-H2,4.6,4534.0
1547,1476,2024-H1,4.0,4534.0
1548,1476,2024-H2,3.6,4534.0
1549,1477,2023-H1,3.8,2896.0
1550,1477,2023-H2,4.2,2896.0
1551,1478,2023-H1,4.0,3067.0
1552,1478,2023-H2,3.7,3067.0
1553,1478,2024-H1,3.8,3067.0
1554,1478,2024-H2,3.5,3067.0
1555,1479,2023-H1,4.7,5313.0
1556,1479,2023-H2,4.5,5313.0
1557,1479,2024-H1,4.4,5313.0
1558,1479,2024-H2,4.5,5313.0
1559,1480,2023-H1,2.8,3570.0
1560,1480,2023-H2,3.7,3570.0
1561,1480,2024-H1,3.4,3570.0
1562,1480,2024-H2,3.4,3570.0
1563,1481,2023-H1,5.0,3790.0
1564,1483,2023-H1,3.3,1746.0
1565,1484,2023-H1,2.5,1487.0
1566,1484,2023-H2,2.8,1487.0
1567,1484,2024-H1,2.5,1487.0
1568,1484,2024-H2,2.2,1487.0
1569,1485,2023-H1,2.8,1915.0
1570,1485,2023-H2,2.6,1915.0
1571,1485,2024-H1,3.1,1915.0
1572,1485,2024-H2,2.8,1915.0
1573,1486,2023-H1,3.8,3138.0
1574,1487,2023-H1,3.9,5229.0
1575,1487,2023-H2,3.9,5229.0
1576,1487,2024-H1,4.8,5229.0
1577,1487,2024-H2,3.7,5229.0
1578,1488,2023-H1,3.4,2890.0
1579,1488,2023-H2,2.6,2890.0
1580,1488,2024-H1,3.4,2890.0
1581,1488,2024-H2,3.8,2890.0
1582,1489,2023-H1,4.5,4623.0
1583,1489,2023-H2,5.0,4623.0
1584,1489,2024-H1,4.1,4623.0
1585,1489,2024-H2,4.4,4623.0
1586,1490,2023-H1,2.0,2259.0
1587,1490,2023-H2,2.6,2259.0
1588,1490,2024-H1,3.2,2259.0
1589,1490,2024-H2,3.1,2259.0
1590,1491,2023-H1,3.0,3845.0
1591,1491,2023-H2,2.6,3845.0
1592,1491,2024-H1,3.2,3845.0
1593,1491,2024-H2,3.0,3845.0
1594,1492,2023-H1,3.8,5203.0
1595,1492,2023-H2,3.9,5203.0
1596,1492,2024-H1,4.1,5203.0
1597,1492,2024-H2,4.1,5203.0
1598,1493,2023-H1,3.7,3384.0
1599,1493,2023-H2,3.1,3384.0
1600,1493,2024-H1,2.1,3384.0
1601,1493,2024-H2,3.3,3384.0
1602,1494,2023-H1,3.0,4917.0
1603,1494,2023-H2,3.2,4917.0
1604,1494,2024-H1,3.0,4917.0
1605,1495,2023-H1,3.4,4459.0
1606,1495,2023-H2,3.6,4459.0
1607,1495,2024-H1,4.7,4459.0
1608,1495,2024-H2,2.9,4459.0
1609,1496,2023-H1,3.4,1297.0
1610,1496,2023-H2,3.0,1297.0
1611,1496,2024-H1,3.8,1297.0
1612,1496,2024-H2,3.4,1297.0
1613,1498,2023-H1,3.2,3045.0
1614,1498,2023-H2,3.4,3045.0
1615,1498,2024-H1,3.7,3045.0
1616,1498,2024-H2,4.0,3045.0
1617,1499,2023-H1,2.7,1565.0
1618,1499,2023-H2,2.3,1565.0
1619,1500,2023-H1,4.0,5095.0
1620,1500,2023-H2,4.1,5095.0
1621,1500,2024-H1,4.8,5095.0
1622,1500,2024-H2,4.0,5095.0
1623,1501,2023-H1,4.1,4559.0
1624,1501,2023-H2,3.4,4559.0
1625,1501,2024-H1,3.6,4559.0
1626,1501,2024-H2,4.4,4559.0
1627,1502,2023-H1,3.7,4794.0
1628,1502,2023-H2,2.6,4794.0
1629,1502,2024-H1,3.5,4794.0
1630,1502,2024-H2,3.8,4794.0
1631,1503,2023-H1,2.9,1685.0
1632,1503,2023-H2,2.5,1685.0
1633,1503,2024-H1,2.8,1685.0
1634,1503,2024-H2,2.7,1685.0
1635,1504,2023-H2,1.9,5177.0
1636,1504,2024-H1,2.0,5177.0
1637,1505,2023-H1,4.8,2515.0
1638,1505,2023-H2,5.0,2515.0
1639,1505,2024-H1,5.0,2515.0
1640,1505,2024-H2,4.7,2515.0
1641,1506,2023-H1,4.2,2138.0
1642,1506,2023-H2,4.2,2138.0
1643,1506,2024-H1,4.8,2138.0
1644,1506,2024-H2,4.6,2138.0
1645,1507,2023-H1,3.4,3169.0
1646,1507,2023-H2,3.3,3169.0
1647,1507,2024-H1,2.9,3169.0
1648,1507,2024-H2,3.6,3169.0
1649,1508,2023-H1,4.3,3353.0
1650,1508,2023-H2,5.0,3353.0
1651,1508,2024-H1,5.0,3353.0
1652,1508,2024-H2,5.0,3353.0
1653,1509,2023-H1,2.0,1900.0
1654,1509,2023-H2,2.2,1900.0
1655,1509,2024-H1,2.3,1900.0
1656,1509,2024-H2,1.4,1900.0
1657,1510,2023-H1,4.7,4373.0
1658,1510,2023-H2,4.4,4373.0
1659,1510,2024-H1,4.6,4373.0
1660,1510,2024-H2,3.7,4373.0
1661,1512,2024-H2,3.7,4965.0
1662,1513,2023-H1,3.4,2828.0
1663,1513,2023-H2,4.0,2828.0
1664,1513,2024-H1,3.8,2828.0
1665,1513,2024-H2,4.7,2828.0
1666,1514,2023-H1,3.3,2200.0
1667,1514,2023-H2,2.7,2200.0
1668,1514,2024-H1,2.9,2200.0
1669,1514,2024-H2,2.9,2200.0
1670,1516,2023-H1,4.6,4261.0
1671,1516,2023-H2,4.8,4261.0
1672,1516,2024-H1,5.0,4261.0
1673,1516,2024-H2,4.4,4261.0
1674,1517,2023-H1,4.2,1597.0
1675,1517,2023-H2,3.9,1597.0
1676,1517,2024-H1,4.7,1597.0
1677,1517,2024-H2,4.7,1597.0
1678,1518,2023-H1,4.8,1663.0
1679,1518,2023-H2,4.6,1663.0
1680,1518,2024-H1,4.4,1663.0
1681,1518,2024-H2,4.2,1663.0
1682,1519,2024-H1,2.3,1790.0
1683,1519,2024-H2,3.7,1790.0
1684,1520,2024-H1,4.7,3274.0
1685,1520,2024-H2,4.0,3274.0
1686,1521,2023-H1,3.5,1804.0
1687,1521,2023-H2,3.7,1804.0
1688,1521,2024-H1,3.4,1804.0
1689,1521,2024-H2,3.9,1804.0
1690,1522,2023-H1,3.5,1082.0
1691,1522,2023-H2,3.6,1082.0
1692,1522,2024-H1,2.8,1082.0
1693,1522,2024-H2,3.7,1082.0
1694,1523,2023-H1,2.7,1692.0
1695,1523,2023-H2,3.4,1692.0
1696,1523,2024-H1,2.9,1692.0
1697,1523,2024-H2,3.0,1692.0
1698,1525,2023-H1,3.3,4158.0
1699,1525,2023-H2,3.1,4158.0
1700,1525,2024-H1,3.2,4158.0
1701,1525,2024-H2,2.9,4158.0
1702,1526,2023-H1,2.8,2116.0
1703,1526,2023-H2,3.4,2116.0
1704,1526,2024-H1,2.7,2116.0
1705,1526,2024-H2,2.6,2116.0
1706,1527,2024-H1,3.9,1538.0
1707,1527,2024-H2,3.4,1538.0
1708,1528,2023-H1,3.4,1335.0
1709,1528,2023-H2,3.4,1335.0
1710,1528,2024-H1,3.2,1335.0
1711,1528,2024-H2,3.2,1335.0
1712,1529,2023-H2,3.3,1831.0
1713,1529,2024-H1,2.6,1831.0
1714,1530,2023-H1,2.4,2915.0
1715,1530,2023-H2,2.1,2915.0
1716,1530,2024-H1,1.3,2915.0
1717,1530,2024-H2,1.8,2915.0
1718,1531,2023-H2,2.6,1668.0
1719,1531,2024-H1,3.2,1668.0
1720,1531,2024-H2,2.6,1668.0
1721,1532,2023-H1,4.1,1717.0
1722,1532,2023-H2,2.7,1717.0
1723,1532,2024-H1,3.3,1717.0
1724,1532,2024-H2,3.0,1717.0
1725,1533,2023-H1,3.2,5294.0
1726,1533,2023-H2,3.0,5294.0
1727,1533,2024-H1,3.4,5294.0
1728,1533,2024-H2,3.4,5294.0
1729,1534,2023-H1,4.2,2067.0
1730,1534,2023-H2,4.1,2067.0
1731,1534,2024-H1,3.7,2067.0
1732,1534,2024-H2,4.3,2067.0
1733,1535,2023-H1,2.8,2527.0
1734,1535,2023-H2,2.4,2527.0
1735,1535,2024-H1,3.5,2527.0
1736,1535,2024-H2,2.9,2527.0
1737,1536,2023-H1,4.2,1695.0
1738,1536,2023-H2,3.8,1695.0
1739,1536,2024-H1,3.9,1695.0
1740,1536,2024-H2,4.0,1695.0
1741,1537,2023-H1,3.5,4213.0
1742,1537,2023-H2,3.7,4213.0
1743,1537,2024-H1,3.1,4213.0
1744,1537,2024-H2,3.8,4213.0
1745,1538,2023-H1,3.5,2546.0
1746,1538,2023-H2,3.2,2546.0
1747,1538,2024-H1,3.5,2546.0
1748,1538,2024-H2,3.5,2546.0
1749,1539,2023-H1,2.7,2732.0
1750,1539,2023-H2,2.1,2732.0
1751,1539,2024-H1,2.7,2732.0
1752,1539,2024-H2,2.7,2732.0
1753,1540,2023-H1,5.0,5425.0
1754,1540,2023-H2,5.0,5425.0
1755,1540,2024-H1,5.0,5425.0
1756,1542,2023-H1,3.5,4954.0
1757,1542,2023-H2,4.2,4954.0
1758,1542,2024-H1,3.6,4954.0
1759,1542,2024-H2,4.2,4954.0
1760,1543,2023-H1,3.7,1198.0
1761,1543,2023-H2,3.7,1198.0
1762,1543,2024-H1,2.9,1198.0
1763,1543,2024-H2,2.5,1198.0
1764,1544,2023-H1,4.1,5101.0
1765,1544,2023-H2,4.6,5101.0
1766,1544,2024-H1,4.1,5101.0
1767,1544,2024-H2,4.0,5101.0
1768,1547,2023-H1,3.9,1067.0
1769,1547,2023-H2,3.8,1067.0
1770,1547,2024-H1,3.1,1067.0
1771,1548,2023-H1,4.6,2166.0
1772,1548,2023-H2,4.9,2166.0
1773,1549,2023-H1,2.8,1851.0
1774,1549,2023-H2,2.7,1851.0
1775,1549,2024-H1,3.1,1851.0
1776,1549,2024-H2,3.3,1851.0
1777,1550,2023-H1,3.1,2859.0
1778,1550,2023-H2,3.6,2859.0
1779,1550,2024-H1,4.0,2859.0
1780,1550,2024-H2,3.7,2859.0
1781,1551,2023-H1,2.5,1625.0
1782,1551,2023-H2,2.3,1625.0
1783,1551,2024-H1,2.7,1625.0
1784,1551,2024-H2,3.0,1625.0
1785,1552,2023-H1,4.4,3349.0
1786,1552,2023-H2,4.5,3349.0
1787,1552,2024-H1,4.7,3349.0
1788,1552,2024-H2,5.0,3349.0
1789,1553,2023-H1,2.9,2800.0
1790,1553,2023-H2,3.2,2800.0
1791,1553,2024-H1,2.2,2800.0
1792,1553,2024-H2,3.1,2800.0
1793,1554,2023-H1,3.0,3295.0
1794,1554,2023-H2,3.2,3295.0
1795,1554,2024-H1,3.5,3295.0
1796,1554,2024-H2,3.0,3295.0
1797,1555,2023-H1,4.2,4427.0
1798,1555,2023-H2,4.0,4427.0
1799,1555,2024-H1,4.4,4427.0
1800,1555,2024-H2,4.3,4427.0
1801,1556,2024-H1,4.0,3067.0
1802,1556,2024-H2,2.6,3067.0
1803,1558,2023-H1,4.6,4012.0
1804,1558,2023-H2,5.0,4012.0
1805,1558,2024-H1,5.0,4012.0
1806,1558,2024-H2,4.6,4012.0
1807,1559,2023-H1,3.5,4441.0
1808,1559,2023-H2,3.3,4441.0
1809,1559,2024-H1,3.5,4441.0
1810,1559,2024-H2,3.0,4441.0
1811,1561,2023-H1,3.9,2156.0
1812,1561,2023-H2,3.8,2156.0
1813,1561,2024-H1,4.1,2156.0
1814,1561,2024-H2,4.3,2156.0
1815,1562,2023-H1,2.7,2805.0
1816,1562,2023-H2,2.9,2805.0
1817,1562,2024-H1,2.9,2805.0
1818,1563,2023-H2,3.2,2005.0
1819,1563,2024-H1,3.7,2005.0
1820,1563,2024-H2,3.9,2005.0
1821,1564,2023-H1,5.0,4400.0
1822,1564,2023-H2,4.6,4400.0
1823,1564,2024-H1,4.7,4400.0
1824,1564,2024-H2,4.9,4400.0
1825,1565,2024-H2,4.1,2495.0
1826,1566,2023-H1,3.3,4887.0
1827,1566,2023-H2,3.6,4887.0
1828,1566,2024-H1,3.6,4887.0
1829,1566,2024-H2,4.5,4887.0
1830,1567,2023-H1,3.3,2806.0
1831,1567,2023-H2,2.8,2806.0
1832,1567,2024-H1,2.7,2806.0
1833,1567,2024-H2,2.5,2806.0
1834,1568,2023-H1,2.8,3612.0
1835,1568,2023-H2,2.5,3612.0
1836,1568,2024-H1,3.0,3612.0
1837,1568,2024-H2,2.8,3612.0
1838,1569,2023-H1,4.0,5462.0
1839,1569,2023-H2,3.6,5462.0
1840,1569,2024-H1,4.7,5462.0
1841,1569,2024-H2,3.7,5462.0
1842,1570,2023-H1,4.1,1663.0
1843,1570,2023-H2,3.7,1663.0
1844,1570,2024-H1,3.9,1663.0
1845,1570,2024-H2,3.1,1663.0
1846,1571,2024-H2,3.3,2183.0
1847,1572,2023-H1,2.4,1369.0
1848,1572,2023-H2,2.3,1369.0
1849,1572,2024-H1,3.2,1369.0
1850,1572,2024-H2,2.9,1369.0
1851,1573,2023-H1,3.1,5491.0
1852,1573,2023-H2,2.8,5491.0
1853,1573,2024-H1,3.6,5491.0
1854,1573,2024-H2,3.1,5491.0
1855,1574,2024-H1,2.4,3335.0
1856,1574,2024-H2,2.9,3335.0
1857,1575,2023-H1,4.0,3089.0
1858,1575,2023-H2,3.9,3089.0
1859,1575,2024-H1,3.0,3089.0
1860,1575,2024-H2,4.4,3089.0
1861,1576,2023-H1,4.4,4903.0
1862,1576,2023-H2,4.1,4903.0
1863,1576,2024-H1,4.2,4903.0
1864,1576,2024-H2,4.1,4903.0
1865,1577,2023-H1,4.5,1447.0
1866,1577,2023-H2,4.4,1447.0
1867,1577,2024-H1,4.2,1447.0
1868,1577,2024-H2,4.3,1447.0
1869,1578,2023-H1,4.2,2602.0
1870,1578,2023-H2,4.0,2602.0
1871,1578,2024-H1,4.6,2602.0
1872,1578,2024-H2,4.8,2602.0
1873,1579,2023-H1,3.0,1333.0
1874,1579,2023-H2,3.2,1333.0
1875,1579,2024-H1,3.1,1333.0
1876,1579,2024-H2,3.5,1333.0
1877,1580,2023-H1,4.3,5326.0
1878,1580,2023-H2,3.9,5326.0
1879,1580,2024-H1,3.9,5326.0
1880,1580,2024-H2,4.0,5326.0
1881,1581,2024-H1,2.5,2996.0
1882,1581,2024-H2,2.6,2996.0
1883,1582,2023-H2,2.3,3770.0
1884,1582,2024-H1,1.9,3770.0
1885,1583,2023-H1,2.8,1386.0
1886,1583,2023-H2,3.3,1386.0
1887,1583,2024-H1,2.7,1386.0
1888,1583,2024-H2,2.7,1386.0
1889,1584,2023-H1,3.2,1304.0
1890,1584,2023-H2,2.8,1304.0
1891,1584,2024-H1,2.8,1304.0
1892,1584,2024-H2,3.8,1304.0
1893,1585,2023-H1,3.4,2823.0
1894,1585,2023-H2,2.6,2823.0
1895,1585,2024-H1,3.2,2823.0
1896,1585,2024-H2,3.3,2823.0
1897,1587,2023-H1,3.8,1456.0
1898,1587,2023-H2,2.7,1456.0
1899,1587,2024-H1,3.6,1456.0
1900,1587,2024-H2,3.3,1456.0
1901,1588,2023-H1,3.1,4232.0
1902,1589,2023-H1,3.8,2897.0
1903,1589,2023-H2,2.6,2897.0
1904,1589,2024-H1,3.2,2897.0
1905,1589,2024-H2,3.4,2897.0
1906,1590,2024-H1,4.8,3860.0
1907,1591,2023-H1,4.9,5107.0
1908,1591,2023-H2,4.0,5107.0
1909,1591,2024-H1,4.5,5107.0
1910,1591,2024-H2,4.6,5107.0
1911,1592,2023-H1,2.8,5397.0
1912,1592,2023-H2,2.9,5397.0
1913,1592,2024-H1,3.6,5397.0
1914,1592,2024-H2,3.3,5397.0
1915,1593,2023-H1,3.0,1335.0
1916,1593,2023-H2,3.1,1335.0
1917,1593,2024-H1,2.5,1335.0
1918,1593,2024-H2,1.9,1335.0
1919,1594,2023-H1,2.8,4877.0
1920,1594,2023-H2,3.0,4877.0
1921,1594,2024-H1,2.0,4877.0
1922,1594,2024-H2,2.2,4877.0
1923,1595,2023-H1,4.5,1994.0
1924,1595,2023-H2,3.9,1994.0
1925,1595,2024-H1,3.6,1994.0
1926,1595,2024-H2,3.7,1994.0
1927,1596,2024-H2,4.4,2991.0
1928,1597,2023-H1,3.1,4654.0
1929,1597,2023-H2,3.8,4654.0
1930,1597,2024-H1,3.3,4654.0
1931,1597,2024-H2,3.0,4654.0
1932,1598,2023-H2,4.3,4233.0
1933,1598,2024-H1,4.4,4233.0
1934,1599,2023-H2,4.8,5203.0
1935,1599,2024-H1,4.8,5203.0
1936,1599,2024-H2,4.3,5203.0
1937,1600,2023-H1,3.5,3200.0
1938,1600,2023-H2,3.8,3200.0
1939,1600,2024-H1,4.5,3200.0
1940,1600,2024-H2,4.3,3200.0
1941,1601,2023-H1,3.7,5209.0
1942,1601,2023-H2,4.2,5209.0
1943,1601,2024-H1,3.5,5209.0
1944,1601,2024-H2,3.6,5209.0
1945,1602,2023-H1,3.0,3030.0
1946,1602,2023-H2,3.6,3030.0
1947,1602,2024-H1,3.7,3030.0
1948,1602,2024-H2,3.3,3030.0
1949,1603,2023-H1,4.7,1205.0
1950,1603,2023-H2,3.7,1205.0
1951,1603,2024-H1,4.1,1205.0
1952,1603,2024-H2,4.7,1205.0
1953,1604,2023-H1,4.0,1297.0
1954,1604,2023-H2,4.0,1297.0
1955,1604,2024-H1,3.4,1297.0
1956,1604,2024-H2,3.6,1297.0
1957,1605,2023-H1,4.3,2620.0
1958,1605,2023-H2,4.2,2620.0
1959,1605,2024-H1,4.0,2620.0
1960,1605,2024-H2,3.4,2620.0
1961,1606,2023-H1,4.2,3923.0
1962,1606,2023-H2,3.5,3923.0
1963,1606,2024-H1,4.0,3923.0
1964,1606,2024-H2,4.1,3923.0
1965,1607,2023-H1,2.5,4225.0
1966,1607,2023-H2,2.5,4225.0
1967,1607,2024-H1,1.7,4225.0
1968,1607,2024-H2,2.2,4225.0
1969,1609,2023-H1,3.7,2147.0
1970,1609,2023-H2,3.8,2147.0
1971,1609,2024-H1,4.2,2147.0
1972,1609,2024-H2,4.4,2147.0
1973,1610,2023-H1,3.3,1736.0
1974,1610,2023-H2,2.1,1736.0
1975,1610,2024-H1,2.5,1736.0
1976,1610,2024-H2,2.9,1736.0
1977,1611,2023-H1,3.6,4794.0
1978,1611,2023-H2,4.3,4794.0
1979,1611,2024-H1,4.4,4794.0
1980,1611,2024-H2,4.8,4794.0
1981,1612,2023-H1,3.1,5235.0
1982,1612,2023-H2,2.7,5235.0
1983,1612,2024-H1,4.0,5235.0
1984,1612,2024-H2,3.5,5235.0
1985,1613,2023-H1,3.5,3279.0
1986,1613,2023-H2,4.0,3279.0
1987,1613,2024-H1,4.6,3279.0
1988,1613,2024-H2,4.0,3279.0
1989,1614,2023-H1,4.6,4683.0
1990,1614,2023-H2,4.2,4683.0
1991,1614,2024-H1,3.8,4683.0
1992,1614,2024-H2,4.2,4683.0
1993,1615,2023-H1,5.0,2089.0
1994,1615,2023-H2,4.4,2089.0
1995,1615,2024-H1,5.0,2089.0
1996,1615,2024-H2,4.6,2089.0
1997,1616,2023-H2,4.2,1747.0
1998,1616,2024-H1,4.7,1747.0
1999,1616,2024-H2,3.9,1747.0
2000,1617,2023-H1,2.0,5127.0
2001,1617,2023-H2,2.9,5127.0
2002,1617,2024-H1,2.7,5127.0
2003,1618,2023-H1,2.8,3899.0
2004,1618,2023-H2,2.3,3899.0
2005,1618,2024-H1,2.7,3899.0
2006,1618,2024-H2,2.1,3899.0
2007,1619,2023-H1,5.0,2887.0
2008,1619,2023-H2,5.0,2887.0
2009,1619,2024-H1,5.0,2887.0
2010,1619,2024-H2,5.0,2887.0
2011,1620,2023-H1,2.9,2878.0
2012,1620,2023-H2,2.4,2878.0
2013,1620,2024-H1,2.4,2878.0
2014,1620,2024-H2,3.2,2878.0
2015,1622,2024-H2,3.7,5405.0
2016,1623,2023-H1,3.1,4662.0
2017,1623,2023-H2,3.6,4662.0
2018,1623,2024-H1,3.4,4662.0
2019,1623,2024-H2,2.7,4662.0
2020,1624,2023-H1,3.7,4158.0
2021,1624,2023-H2,3.9,4158.0
2022,1624,2024-H1,2.9,4158.0
2023,1624,2024-H2,3.0,4158.0
2024,1625,2023-H1,3.2,2279.0
2025,1625,2023-H2,3.7,2279.0
2026,1625,2024-H1,3.3,2279.0
2027,1625,2024-H2,3.4,2279.0
2028,1626,2023-H1,3.4,2791.0
2029,1626,2023-H2,4.2,2791.0
2030,1626,2024-H1,3.8,2791.0
2031,1626,2024-H2,3.8,2791.0
2032,1627,2023-H1,3.9,5425.0
2033,1627,2023-H2,3.6,5425.0
2034,1628,2023-H1,3.7,5272.0
2035,1628,2023-H2,4.3,5272.0
2036,1628,2024-H1,4.3,5272.0
2037,1628,2024-H2,3.3,5272.0
2038,1629,2023-H1,3.9,4585.0
2039,1629,2023-H2,3.9,4585.0
2040,1629,2024-H1,4.5,4585.0
2041,1629,2024-H2,4.9,4585.0
2042,1630,2023-H1,2.3,5366.0
2043,1630,2023-H2,2.1,5366.0
2044,1630,2024-H1,2.6,5366.0
2045,1630,2024-H2,3.0,5366.0
2046,1631,2023-H1,4.6,4946.0
2047,1631,2023-H2,4.9,4946.0
2048,1631,2024-H1,4.0,4946.0
2049,1631,2024-H2,4.7,4946.0
2050,1633,2023-H1,3.6,4216.0
2051,1633,2023-H2,3.7,4216.0
2052,1633,2024-H1,3.2,4216.0
2053,1633,2024-H2,3.4,4216.0
2054,1634,2023-H1,3.2,3198.0
2055,1634,2023-H2,3.9,3198.0
2056,1634,2024-H1,3.1,3198.0
2057,1634,2024-H2,3.7,3198.0
2058,1635,2024-H1,2.5,3360.0
2059,1635,2024-H2,2.2,3360.0
2060,1636,2023-H1,4.0,4992.0
2061,1636,2023-H2,3.5,4992.0
2062,1637,2023-H1,3.5,2728.0
2063,1637,2023-H2,3.2,2728.0
2064,1637,2024-H1,3.6,2728.0
2065,1637,2024-H2,2.9,2728.0
2066,1638,2023-H1,4.1,3434.0
2067,1638,2023-H2,3.4,3434.0
2068,1638,2024-H1,3.7,3434.0
2069,1638,2024-H2,4.2,3434.0
2070,1639,2023-H1,3.2,5015.0
2071,1639,2023-H2,3.0,5015.0
2072,1639,2024-H1,3.8,5015.0
2073,1639,2024-H2,3.6,5015.0
2074,1642,2023-H1,4.5,1685.0
2075,1642,2023-H2,4.3,1685.0
2076,1642,2024-H1,4.6,1685.0
2077,1642,2024-H2,3.8,1685.0
2078,1643,2023-H1,3.3,2218.0
2079,1643,2023-H2,2.7,2218.0
2080,1643,2024-H1,2.6,2218.0
2081,1643,2024-H2,2.3,2218.0
2082,1644,2024-H1,3.3,4732.0
2083,1644,2024-H2,3.0,4732.0
2084,1646,2023-H1,4.5,5272.0
2085,1646,2023-H2,4.3,5272.0
2086,1646,2024-H1,4.0,5272.0
2087,1646,2024-H2,5.0,5272.0
2088,1647,2024-H2,3.7,4877.0
2089,1649,2023-H1,3.3,4283.0
2090,1649,2023-H2,2.8,4283.0
2091,1649,2024-H1,3.4,4283.0
2092,1649,2024-H2,3.6,4283.0
2093,1650,2023-H1,4.6,4216.0
2094,1650,2023-H2,3.8,4216.0
2095,1650,2024-H1,3.6,4216.0
2096,1650,2024-H2,3.9,4216.0
2097,1651,2023-H1,3.0,4017.0
2098,1651,2023-H2,3.0,4017.0
2099,1651,2024-H1,3.4,4017.0
2100,1651,2024-H2,2.8,4017.0
2101,1652,2024-H2,2.4,1654.0
2102,1654,2023-H1,3.1,2331.0
2103,1654,2023-H2,3.2,2331.0
2104,1654,2024-H1,3.7,2331.0
2105,1656,2023-H1,3.0,2394.0
2106,1656,2023-H2,3.1,2394.0
2107,1656,2024-H1,3.0,2394.0
2108,1656,2024-H2,3.2,2394.0
2109,1658,2023-H1,4.3,4588.0
2110,1658,2023-H2,4.8,4588.0
2111,1658,2024-H1,4.2,4588.0
2112,1658,2024-H2,4.4,4588.0
2113,1659,2023-H2,4.4,1417.0
2114,1659,2024-H1,3.2,1417.0
2115,1659,2024-H2,3.8,1417.0
2116,1660,2023-H1,4.1,4270.0
2117,1660,2023-H2,4.0,4270.0
2118,1660,2024-H1,3.9,4270.0
2119,1660,2024-H2,3.7,4270.0
2120,1661,2023-H1,3.4,4242.0
2121,1661,2023-H2,3.5,4242.0
2122,1662,2023-H1,4.1,2392.0
2123,1662,2023-H2,3.6,2392.0
2124,1662,2024-H1,4.7,2392.0
2125,1662,2024-H2,3.7,2392.0
2126,1663,2023-H1,3.7,1685.0
2127,1663,2023-H2,3.7,1685.0
2128,1663,2024-H1,3.4,1685.0
2129,1663,2024-H2,3.2,1685.0
2130,1664,2023-H2,1.9,5321.0
2131,1664,2024-H1,2.0,5321.0
2132,1664,2024-H2,2.0,5321.0
2133,1665,2023-H1,2.8,2344.0
2134,1665,2023-H2,2.9,2344.0
2135,1665,2024-H1,2.7,2344.0
2136,1665,2024-H2,2.2,2344.0
2137,1666,2024-H1,3.8,2066.0
2138,1666,2024-H2,3.8,2066.0
2139,1667,2023-H1,3.3,1487.0
2140,1667,2023-H2,3.2,1487.0
2141,1667,2024-H1,2.9,1487.0
2142,1667,2024-H2,3.6,1487.0
2143,1668,2024-H1,3.9,1747.0
2144,1668,2024-H2,3.5,1747.0
2145,1670,2023-H1,3.7,3237.0
2146,1670,2023-H2,3.3,3237.0
2147,1670,2024-H1,3.1,3237.0
2148,1670,2024-H2,3.0,3237.0
2149,1671,2024-H1,4.9,4751.0
2150,1672,2023-H1,3.4,3759.0
2151,1672,2023-H2,4.6,3759.0
2152,1672,2024-H1,3.3,3759.0
2153,1672,2024-H2,4.0,3759.0
2154,1673,2023-H1,3.4,3349.0
2155,1673,2023-H2,4.3,3349.0
2156,1673,2024-H1,4.0,3349.0
2157,1673,2024-H2,4.0,3349.0
2158,1674,2023-H1,4.0,2389.0
2159,1674,2023-H2,4.1,2389.0
2160,1674,2024-H1,3.4,2389.0
2161,1674,2024-H2,4.0,2389.0
2162,1675,2023-H2,3.2,1603.0
2163,1675,2024-H1,2.8,1603.0
2164,1675,2024-H2,2.7,1603.0
2165,1676,2023-H1,3.1,1406.0
2166,1676,2023-H2,2.3,1406.0
2167,1676,2024-H1,2.1,1406.0
2168,1676,2024-H2,1.7,1406.0
2169,1677,2023-H1,3.0,4576.0
2170,1677,2023-H2,3.4,4576.0
2171,1677,2024-H1,4.0,4576.0
2172,1677,2024-H2,3.7,4576.0
2173,1678,2023-H1,2.6,3541.0
2174,1678,2023-H2,2.4,3541.0
2175,1678,2024-H1,2.4,3541.0
2176,1678,2024-H2,2.3,3541.0
2177,1679,2024-H2,3.8,2078.0
2178,1680,2024-H1,3.2,2593.0
2179,1680,2024-H2,3.7,2593.0
2180,1681,2023-H1,2.9,3851.0
2181,1681,2023-H2,3.9,3851.0
2182,1681,2024-H1,3.6,3851.0
2183,1681,2024-H2,4.1,3851.0
2184,1682,2023-H1,3.1,4529.0
2185,1682,2023-H2,2.5,4529.0
2186,1682,2024-H1,3.2,4529.0
2187,1682,2024-H2,3.1,4529.0
2188,1684,2023-H1,3.1,3866.0
2189,1684,2023-H2,3.9,3866.0
2190,1684,2024-H1,3.0,3866.0
2191,1684,2024-H2,2.9,3866.0
2192,1685,2023-H1,3.8,1830.0
2193,1685,2023-H2,3.8,1830.0
2194,1685,2024-H1,3.8,1830.0
2195,1685,2024-H2,4.1,1830.0
2196,1686,2024-H2,4.3,4010.0
2197,1687,2023-H2,2.6,3439.0
2198,1687,2024-H1,2.1,3439.0
2199,1687,2024-H2,2.4,3439.0
2200,1688,2023-H1,4.9,4869.0
2201,1688,2023-H2,5.0,4869.0
2202,1688,2024-H1,4.4,4869.0
2203,1688,2024-H2,4.7,4869.0
2204,1689,2023-H1,2.9,2897.0
2205,1689,2023-H2,4.6,2897.0
2206,1689,2024-H1,4.3,2897.0
2207,1689,2024-H2,4.1,2897.0
2208,1690,2023-H1,3.2,3896.0
2209,1690,2023-H2,3.3,3896.0
2210,1690,2024-H1,2.6,3896.0
2211,1690,2024-H2,3.7,3896.0
2212,1691,2023-H1,3.5,4213.0
2213,1691,2023-H2,4.4,4213.0
2214,1691,2024-H1,4.2,4213.0
2215,1691,2024-H2,4.0,4213.0
2216,1692,2023-H1,3.5,1168.0
2217,1692,2023-H2,3.6,1168.0
2218,1692,2024-H1,3.8,1168.0
2219,1692,2024-H2,3.1,1168.0
2220,1694,2023-H1,2.4,3064.0
2221,1694,2023-H2,2.8,3064.0
2222,1694,2024-H1,3.4,3064.0
2223,1694,2024-H2,2.6,3064.0
2224,1695,2023-H1,5.0,4412.0
2225,1695,2023-H2,4.9,4412.0
2226,1695,2024-H1,5.0,4412.0
2227,1695,2024-H2,5.0,4412.0
2228,1697,2023-H1,4.1,1271.0
2229,1697,2023-H2,3.5,1271.0
2230,1697,2024-H1,3.0,1271.0
2231,1697,2024-H2,4.8,1271.0
2232,1698,2023-H1,4.5,3274.0
2233,1698,2023-H2,3.3,3274.0
2234,1698,2024-H1,3.9,3274.0
2235,1698,2024-H2,3.7,3274.0
2236,1699,2023-H1,4.8,3689.0
2237,1699,2023-H2,4.3,3689.0
2238,1699,2024-H1,4.9,3689.0
2239,1699,2024-H2,4.9,3689.0
2240,1700,2023-H1,4.9,4579.0
2241,1700,2023-H2,4.7,4579.0
2242,1700,2024-H1,5.0,4579.0
2243,1700,2024-H2,4.4,4579.0
2244,1701,2023-H1,3.2,3798.0
2245,1701,2023-H2,3.4,3798.0
2246,1701,2024-H1,3.1,3798.0
2247,1701,2024-H2,2.6,3798.0
2248,1703,2023-H1,3.4,4505.0
2249,1703,2023-H2,2.5,4505.0
2250,1703,2024-H1,3.0,4505.0
2251,1703,2024-H2,2.5,4505.0
2252,1704,2024-H1,4.0,5017.0
2253,1704,2024-H2,3.7,5017.0
2254,1705,2023-H1,3.5,4632.0
2255,1705,2023-H2,4.6,4632.0
2256,1705,2024-H1,3.9,4632.0
2257,1705,2024-H2,4.7,4632.0
2258,1706,2024-H2,3.0,2654.0
2259,1707,2023-H1,4.3,4368.0
2260,1707,2023-H2,4.2,4368.0
2261,1707,2024-H1,4.7,4368.0
2262,1707,2024-H2,3.7,4368.0
2263,1708,2023-H1,4.1,1721.0
2264,1708,2023-H2,3.7,1721.0
2265,1708,2024-H1,3.4,1721.0
2266,1708,2024-H2,3.8,1721.0
2267,1709,2023-H1,3.1,3989.0
2268,1709,2023-H2,3.4,3989.0
2269,1709,2024-H1,3.5,3989.0
2270,1709,2024-H2,3.0,3989.0
2271,1710,2023-H1,4.1,1185.0
2272,1710,2023-H2,5.0,1185.0
2273,1710,2024-H1,5.0,1185.0
2274,1710,2024-H2,4.7,1185.0
2275,1711,2023-H1,2.5,5305.0
2276,1711,2023-H2,3.4,5305.0
2277,1711,2024-H1,3.2,5305.0
2278,1711,2024-H2,3.5,5305.0
2279,1712,2023-H2,3.8,3189.0
2280,1712,2024-H1,3.6,3189.0
2281,1712,2024-H2,4.2,3189.0
2282,1713,2023-H1,3.6,3435.0
2283,1713,2023-H2,3.9,3435.0
2284,1713,2024-H1,3.8,3435.0
2285,1713,2024-H2,3.9,3435.0
2286,1714,2023-H1,1.9,4041.0
2287,1714,2023-H2,3.3,4041.0
2288,1714,2024-H1,2.7,4041.0
2289,1714,2024-H2,2.4,4041.0
2290,1715,2024-H2,3.2,5104.0
2291,1716,2023-H1,3.5,3603.0
2292,1716,2023-H2,2.7,3603.0
2293,1716,2024-H1,3.2,3603.0
2294,1716,2024-H2,2.4,3603.0
2295,1717,2023-H1,2.6,2104.0
2296,1717,2023-H2,3.3,2104.0
2297,1717,2024-H1,3.5,2104.0
2298,1717,2024-H2,3.7,2104.0
2299,1718,2023-H1,3.2,1830.0
2300,1718,2023-H2,2.9,1830.0
2301,1718,2024-H1,3.3,1830.0
2302,1718,2024-H2,3.5,1830.0
2303,1719,2023-H1,4.6,1426.0
2304,1719,2023-H2,4.6,1426.0
2305,1719,2024-H1,4.4,1426.0
2306,1719,2024-H2,4.7,1426.0
2307,1720,2024-H2,3.1,1109.0
2308,1721,2023-H1,2.7,2927.0
2309,1721,2023-H2,3.9,2927.0
2310,1721,2024-H1,3.0,2927.0
2311,1721,2024-H2,3.0,2927.0
2312,1722,2023-H1,3.1,2237.0
2313,1722,2023-H2,3.7,2237.0
2314,1722,2024-H1,3.5,2237.0
2315,1722,2024-H2,3.0,2237.0
2316,1724,2024-H1,4.2,1170.0
2317,1725,2023-H1,3.1,3422.0
2318,1725,2023-H2,4.0,3422.0
2319,1725,2024-H1,3.0,3422.0
2320,1725,2024-H2,3.1,3422.0
2321,1727,2023-H1,3.9,3440.0
2322,1727,2023-H2,3.5,3440.0
2323,1727,2024-H1,3.4,3440.0
2324,1727,2024-H2,3.4,3440.0
2325,1728,2024-H1,2.3,1140.0
2326,1728,2024-H2,3.0,1140.0
2327,1729,2023-H1,3.9,1640.0
2328,1729,2023-H2,4.0,1640.0
2329,1730,2024-H2,3.1,3292.0
2330,1731,2024-H1,3.8,4720.0
2331,1731,2024-H2,3.9,4720.0
2332,1733,2024-H2,3.3,2461.0
2333,1734,2023-H1,4.0,2799.0
2334,1734,2023-H2,3.0,2799.0
2335,1734,2024-H1,3.5,2799.0
2336,1734,2024-H2,3.3,2799.0
2337,1735,2023-H1,1.8,3934.0
2338,1735,2023-H2,1.7,3934.0
2339,1735,2024-H1,1.9,3934.0
2340,1735,2024-H2,2.7,3934.0
2341,1736,2023-H1,2.3,2989.0
2342,1736,2023-H2,2.5,2989.0
2343,1736,2024-H1,2.3,2989.0
2344,1736,2024-H2,1.3,2989.0
2345,1737,2023-H1,4.0,4888.0
2346,1737,2023-H2,5.0,4888.0
2347,1737,2024-H1,4.7,4888.0
2348,1737,2024-H2,3.8,4888.0
2349,1738,2023-H1,4.1,4138.0
2350,1738,2023-H2,3.2,4138.0
2351,1738,2024-H1,3.8,4138.0
2352,1738,2024-H2,3.6,4138.0
2353,1739,2023-H1,2.6,2226.0
2354,1739,2023-H2,3.2,2226.0
2355,1739,2024-H1,2.2,2226.0
2356,1740,2023-H1,3.6,2935.0
2357,1740,2023-H2,4.4,2935.0
2358,1740,2024-H1,4.0,2935.0
2359,1740,2024-H2,4.0,2935.0
2360,1742,2023-H1,4.7,1835.0
2361,1742,2023-H2,4.9,1835.0
2362,1742,2024-H1,4.8,1835.0
2363,1742,2024-H2,4.8,1835.0
2364,1743,2023-H1,3.7,3441.0
2365,1743,2023-H2,3.9,3441.0
2366,1743,2024-H1,2.7,3441.0
2367,1743,2024-H2,3.0,3441.0
2368,1744,2023-H1,3.0,3835.0
2369,1744,2023-H2,3.3,3835.0
2370,1744,2024-H1,3.0,3835.0
2371,1744,2024-H2,3.8,3835.0
2372,1745,2023-H1,4.1,1039.0
2373,1745,2023-H2,4.1,1039.0
2374,1745,2024-H1,3.2,1039.0
2375,1745,2024-H2,3.7,1039.0
2376,1746,2023-H1,2.8,3267.0
2377,1746,2023-H2,2.9,3267.0
2378,1746,2024-H1,3.0,3267.0
2379,1746,2024-H2,3.7,3267.0
2380,1747,2023-H1,2.9,
2381,1747,2023-H2,1.8,
2382,1747,2024-H1,2.0,
2383,1747,2024-H2,2.5,
2384,1748,2023-H1,4.7,1862.0
2385,1748,2023-H2,5.0,1862.0
2386,1748,2024-H1,4.6,1862.0
2387,1748,2024-H2,4.3,1862.0
2388,1749,2023-H1,3.3,3809.0
2389,1749,2023-H2,3.7,3809.0
2390,1749,2024-H1,3.3,3809.0
2391,1749,2024-H2,3.4,3809.0
2392,1750,2023-H1,4.0,3168.0
2393,1750,2023-H2,3.8,3168.0
2394,1750,2024-H1,4.0,3168.0
2395,1750,2024-H2,3.9,3168.0
2396,1751,2023-H1,2.6,3052.0
2397,1751,2023-H2,2.3,3052.0
2398,1751,2024-H1,2.1,3052.0
2399,1751,2024-H2,2.7,3052.0
2400,1752,2023-H1,3.6,4362.0
2401,1752,2023-H2,4.4,4362.0
2402,1752,2024-H1,3.8,4362.0
2403,1752,2024-H2,4.2,4362.0
2404,1753,2023-H1,3.5,4425.0
2405,1753,2023-H2,3.2,4425.0
2406,1754,2023-H1,3.7,3218.0
2407,1754,2023-H2,3.5,3218.0
2408,1754,2024-H1,4.1,3218.0
2409,1754,2024-H2,3.6,3218.0
2410,1755,2023-H1,3.3,1659.0
2411,1755,2023-H2,3.1,1659.0
2412,1755,2024-H1,2.3,1659.0
2413,1755,2024-H2,2.1,1659.0
2414,1756,2023-H1,3.4,4850.0
2415,1756,2023-H2,3.0,4850.0
2416,1756,2024-H1,2.8,4850.0
2417,1756,2024-H2,3.8,4850.0
2418,1757,2023-H1,2.2,3603.0
2419,1757,2023-H2,1.8,3603.0
2420,1757,2024-H1,2.2,3603.0
2421,1757,2024-H2,2.4,3603.0
2422,1758,2023-H1,3.6,2667.0
2423,1758,2023-H2,3.2,2667.0
2424,1758,2024-H1,2.3,2667.0
2425,1758,2024-H2,2.8,2667.0
2426,1759,2023-H1,5.0,1137.0
2427,1759,2023-H2,4.8,1137.0
2428,1759,2024-H1,5.0,1137.0
2429,1759,2024-H2,4.5,1137.0
2430,1760,2023-H1,2.1,1884.0
2431,1760,2023-H2,1.8,1884.0
2432,1760,2024-H1,1.4,1884.0
2433,1760,2024-H2,1.4,1884.0
2434,1761,2023-H1,5.0,2002.0
2435,1761,2023-H2,4.8,2002.0
2436,1761,2024-H1,5.0,2002.0
2437,1761,2024-H2,5.0,2002.0
2438,1762,2023-H1,2.3,2882.0
2439,1762,2023-H2,2.7,2882.0
2440,1762,2024-H1,3.4,2882.0
2441,1762,2024-H2,2.6,2882.0
2442,1763,2023-H1,3.0,3178.0
2443,1763,2023-H2,2.5,3178.0
2444,1763,2024-H1,3.4,3178.0
2445,1763,2024-H2,4.1,3178.0
2446,1764,2023-H1,2.5,2112.0
2447,1764,2023-H2,2.2,2112.0
2448,1764,2024-H1,2.5,2112.0
2449,1764,2024-H2,2.1,2112.0
2450,1765,2023-H1,4.1,1426.0
2451,1765,2023-H2,3.6,1426.0
2452,1765,2024-H1,3.6,1426.0
2453,1765,2024-H2,3.8,1426.0
2454,1767,2023-H1,3.1,2889.0
2455,1767,2023-H2,2.0,2889.0
2456,1767,2024-H1,1.9,2889.0
2457,1767,2024-H2,2.6,2889.0
2458,1768,2023-H1,3.7,1035.0
2459,1768,2023-H2,4.1,1035.0
2460,1768,2024-H1,5.0,1035.0
2461,1768,2024-H2,3.9,1035.0
2462,1769,2023-H1,2.8,5162.0
2463,1769,2023-H2,3.0,5162.0
2464,1769,2024-H1,2.7,5162.0
2465,1769,2024-H2,2.3,5162.0
2466,1770,2023-H1,2.9,4185.0
2467,1770,2023-H2,3.1,4185.0
2468,1770,2024-H1,2.9,4185.0
2469,1770,2024-H2,2.4,4185.0
2470,1771,2023-H1,3.0,4496.0
2471,1771,2023-H2,2.9,4496.0
2472,1771,2024-H1,2.9,4496.0
2473,1771,2024-H2,2.6,4496.0
2474,1772,2024-H2,2.8,2714.0
2475,1774,2023-H1,3.6,4955.0
2476,1774,2023-H2,4.7,4955.0
2477,1774,2024-H1,4.8,4955.0
2478,1774,2024-H2,4.1,4955.0
2479,1775,2023-H1,3.2,5309.0
2480,1775,2023-H2,3.8,5309.0
2481,1775,2024-H1,3.7,5309.0
2482,1775,2024-H2,3.4,5309.0
2483,1776,2023-H1,3.9,3098.0
2484,1776,2023-H2,3.4,3098.0
2485,1777,2023-H1,2.9,1632.0
2486,1777,2023-H2,3.0,1632.0
2487,1777,2024-H1,2.7,1632.0
2488,1777,2024-H2,3.0,1632.0
2489,1778,2023-H1,4.6,5272.0
2490,1778,2023-H2,4.5,5272.0
2491,1778,2024-H1,5.0,5272.0
2492,1778,2024-H2,4.3,5272.0
2493,1779,2023-H2,4.3,4873.0
2494,1779,2024-H1,4.3,4873.0
2495,1779,2024-H2,5.0,4873.0
2496,1780,2023-H1,2.4,2768.0
2497,1780,2023-H2,3.3,2768.0
2498,1780,2024-H1,3.8,2768.0
2499,1780,2024-H2,2.6,2768.0
2500,1781,2023-H1,4.9,2768.0
2501,1781,2023-H2,4.9,2768.0
2502,1781,2024-H1,4.6,2768.0
2503,1781,2024-H2,4.3,2768.0
2504,1782,2023-H1,3.4,4823.0
2505,1782,2023-H2,3.7,4823.0
2506,1782,2024-H1,3.2,4823.0
2507,1782,2024-H2,3.9,4823.0
2508,1783,2023-H1,2.9,3274.0
2509,1783,2023-H2,3.4,3274.0
2510,1783,2024-H1,4.0,3274.0
2511,1783,2024-H2,2.7,3274.0
2512,1784,2023-H1,4.1,4271.0
2513,1784,2023-H2,4.7,4271.0
2514,1784,2024-H1,4.2,4271.0
2515,1784,2024-H2,4.0,4271.0
2516,1785,2023-H1,4.7,
2517,1785,2023-H2,4.3,
2518,1785,2024-H1,3.9,
2519,1785,2024-H2,3.6,
2520,1786,2024-H2,5.0,4936.0
2521,1787,2023-H1,3.0,4181.0
2522,1787,2023-H2,3.4,4181.0
2523,1787,2024-H1,3.7,4181.0
2524,1787,2024-H2,3.4,4181.0
2525,1788,2023-H1,4.0,1010.0
2526,1788,2023-H2,4.4,1010.0
2527,1788,2024-H1,3.6,1010.0
2528,1788,2024-H2,4.2,1010.0
2529,1789,2023-H1,3.1,5152.0
2530,1789,2023-H2,3.9,5152.0
2531,1789,2024-H1,2.8,5152.0
2532,1789,2024-H2,3.6,5152.0
2533,1791,2023-H1,4.3,2873.0
2534,1791,2023-H2,3.2,2873.0
2535,1791,2024-H1,4.1,2873.0
2536,1791,2024-H2,3.7,2873.0
2537,1792,2023-H1,3.5,4872.0
2538,1792,2023-H2,3.5,4872.0
2539,1792,2024-H1,2.8,4872.0
2540,1793,2023-H1,3.3,3219.0
2541,1793,2023-H2,2.9,3219.0
2542,1793,2024-H1,2.8,3219.0
2543,1793,2024-H2,2.8,3219.0
2544,1794,2023-H1,2.0,
2545,1794,2023-H2,2.2,
2546,1794,2024-H1,2.7,
2547,1794,2024-H2,2.7,
2548,1795,2023-H1,4.1,2147.0
2549,1795,2023-H2,4.4,2147.0
2550,1795,2024-H1,4.6,2147.0
2551,1795,2024-H2,4.6,2147.0
2552,1797,2023-H1,4.3,1317.0
2553,1797,2023-H2,4.1,1317.0
2554,1797,2024-H1,4.0,1317.0
2555,1797,2024-H2,4.8,1317.0
2556,1798,2023-H1,3.6,2925.0
2557,1798,2023-H2,4.5,2925.0
2558,1798,2024-H1,4.0,2925.0
2559,1798,2024-H2,4.4,2925.0
2560,1799,2023-H1,4.5,1659.0
2561,1799,2023-H2,4.2,1659.0
2562,1799,2024-H1,4.7,1659.0
2563,1799,2024-H2,4.5,1659.0
2564,1800,2023-H1,1.6,1220.0
2565,1800,2023-H2,2.2,1220.0
2566,1800,2024-H1,2.1,1220.0
2567,1800,2024-H2,2.7,1220.0
2568,1801,2024-H2,1.9,2456.0
2569,1802,2023-H1,3.9,3973.0
2570,1802,2023-H2,4.7,3973.0
2571,1802,2024-H1,4.2,3973.0
2572,1802,2024-H2,4.4,3973.0
2573,1803,2023-H1,3.3,3543.0
2574,1803,2023-H2,3.5,3543.0
2575,1803,2024-H1,2.6,3543.0
2576,1803,2024-H2,3.7,3543.0
2577,1804,2023-H1,3.8,3441.0
2578,1804,2023-H2,3.3,3441.0
2579,1804,2024-H1,3.2,3441.0
2580,1804,2024-H2,3.6,3441.0
2581,1805,2023-H1,4.8,4917.0
2582,1805,2023-H2,3.6,4917.0
2583,1805,2024-H1,4.3,4917.0
2584,1805,2024-H2,4.8,4917.0
2585,1806,2023-H1,3.2,4770.0
2586,1806,2023-H2,3.6,4770.0
2587,1806,2024-H1,3.6,4770.0
2588,1806,2024-H2,4.2,4770.0
2589,1807,2024-H1,2.8,2325.0
2590,1808,2023-H1,3.1,3151.0
2591,1808,2023-H2,3.6,3151.0
2592,1808,2024-H1,3.4,3151.0
2593,1808,2024-H2,4.1,3151.0
2594,1809,2024-H1,4.0,1078.0
2595,1810,2023-H1,2.5,3148.0
2596,1810,2023-H2,1.8,3148.0
2597,1810,2024-H1,2.4,3148.0
2598,1810,2024-H2,2.0,3148.0
2599,1811,2023-H2,2.1,4206.0
2600,1811,2024-H1,3.1,4206.0
2601,1811,2024-H2,3.2,4206.0
2602,1812,2023-H1,3.1,5096.0
2603,1812,2023-H2,2.0,5096.0
2604,1812,2024-H1,2.7,5096.0
2605,1812,2024-H2,2.3,5096.0
2606,1815,2023-H1,3.7,4012.0
2607,1815,2023-H2,4.4,4012.0
2608,1815,2024-H1,5.0,4012.0
2609,1816,2023-H2,3.1,4457.0
2610,1816,2024-H1,2.8,4457.0
2611,1816,2024-H2,3.2,4457.0
2612,1818,2023-H1,2.4,2073.0
2613,1818,2023-H2,3.1,2073.0
2614,1818,2024-H1,3.3,2073.0
2615,1818,2024-H2,2.8,2073.0
2616,1819,2023-H1,2.0,5347.0
2617,1819,2023-H2,2.3,5347.0
2618,1819,2024-H1,2.5,5347.0
2619,1819,2024-H2,2.0,5347.0
2620,1820,2023-H1,4.5,1271.0
2621,1820,2023-H2,4.0,1271.0
2622,1820,2024-H1,3.7,1271.0
2623,1820,2024-H2,4.3,1271.0
2624,1821,2023-H1,4.1,3923.0
2625,1821,2023-H2,3.7,3923.0
2626,1821,2024-H1,3.8,3923.0
2627,1821,2024-H2,3.8,3923.0
2628,1822,2024-H1,3.6,3098.0
2629,1823,2024-H1,4.4,3315.0
2630,1823,2024-H2,4.5,3315.0
2631,1824,2023-H1,2.6,4879.0
2632,1824,2023-H2,2.8,4879.0
2633,1824,2024-H1,3.0,4879.0
2634,1824,2024-H2,2.8,4879.0
2635,1825,2023-H1,3.4,1616.0
2636,1825,2023-H2,3.7,1616.0
2637,1825,2024-H1,4.0,1616.0
2638,1826,2023-H1,3.0,4682.0
2639,1826,2023-H2,3.7,4682.0
2640,1827,2023-H1,3.4,1032.0
2641,1827,2023-H2,1.6,1032.0
2642,1827,2024-H1,2.8,1032.0
2643,1827,2024-H2,2.3,1032.0
2644,1828,2024-H1,2.1,3349.0
2645,1829,2023-H1,4.2,3482.0
2646,1830,2023-H1,1.8,
2647,1830,2023-H2,3.2,
2648,1830,2024-H1,2.4,
2649,1830,2024-H2,3.1,
2650,1831,2023-H1,4.6,4807.0
2651,1831,2023-H2,3.9,4807.0
2652,1831,2024-H1,4.2,4807.0
2653,1831,2024-H2,4.6,4807.0
2654,1832,2023-H1,3.8,1878.0
2655,1832,2023-H2,3.3,1878.0
2656,1832,2024-H1,3.2,1878.0
2657,1832,2024-H2,3.2,1878.0
2658,1833,2023-H1,3.7,2275.0
2659,1833,2023-H2,4.3,2275.0
2660,1833,2024-H1,4.2,2275.0
2661,1833,2024-H2,3.8,2275.0
2662,1834,2023-H1,2.6,1207.0
2663,1834,2023-H2,3.6,1207.0
2664,1834,2024-H1,2.9,1207.0
2665,1834,2024-H2,3.0,1207.0
2666,1836,2024-H1,2.5,3008.0
2667,1836,2024-H2,2.7,3008.0
2668,1837,2023-H1,3.5,2473.0
2669,1837,2023-H2,2.8,2473.0
2670,1837,2024-H1,3.1,2473.0
2671,1837,2024-H2,3.6,2473.0
2672,1838,2023-H1,3.2,1418.0
2673,1838,2023-H2,3.5,1418.0
2674,1838,2024-H1,3.1,1418.0
2675,1838,2024-H2,3.5,1418.0
2676,1839,2023-H1,3.5,1388.0
2677,1839,2023-H2,3.7,1388.0
2678,1839,2024-H1,3.9,1388.0
2679,1839,2024-H2,3.4,1388.0
2680,1840,2023-H1,3.3,5156.0
2681,1840,2023-H2,2.8,5156.0
2682,1840,2024-H1,3.6,5156.0
2683,1840,2024-H2,3.1,5156.0
2684,1841,2023-H1,4.4,1830.0
2685,1841,2023-H2,4.3,1830.0
2686,1841,2024-H1,4.7,1830.0
2687,1841,2024-H2,5.0,1830.0
2688,1842,2023-H1,2.5,3723.0
2689,1842,2023-H2,3.4,3723.0
2690,1842,2024-H1,2.9,3723.0
2691,1842,2024-H2,3.2,3723.0
2692,1843,2023-H1,2.0,3817.0
2693,1843,2023-H2,2.5,3817.0
2694,1843,2024-H1,2.8,3817.0
2695,1843,2024-H2,2.9,3817.0
2696,1844,2023-H1,3.1,2873.0
2697,1844,2023-H2,2.5,2873.0
2698,1844,2024-H1,2.8,2873.0
2699,1844,2024-H2,2.4,2873.0
2700,1845,2023-H1,1.9,5397.0
2701,1845,2023-H2,3.1,5397.0
2702,1845,2024-H1,1.8,5397.0
2703,1845,2024-H2,2.3,5397.0
2704,1846,2024-H2,3.3,3342.0
2705,1847,2023-H1,3.7,5108.0
2706,1847,2023-H2,3.8,5108.0
2707,1847,2024-H1,3.5,5108.0
2708,1847,2024-H2,3.3,5108.0
2709,1848,2023-H1,3.7,1410.0
2710,1848,2023-H2,3.4,1410.0
2711,1848,2024-H1,3.1,1410.0
2712,1848,2024-H2,4.2,1410.0
2713,1849,2023-H1,3.4,2539.0
2714,1849,2023-H2,3.6,2539.0
2715,1849,2024-H1,3.9,2539.0
2716,1849,2024-H2,4.2,2539.0
2717,1850,2023-H1,3.7,3564.0
2718,1850,2023-H2,3.8,3564.0
2719,1850,2024-H1,3.8,3564.0
2720,1850,2024-H2,4.2,3564.0
2721,1851,2023-H1,3.8,3798.0
2722,1851,2023-H2,3.7,3798.0
2723,1851,2024-H1,4.0,3798.0
2724,1851,2024-H2,3.6,3798.0
2725,1852,2023-H1,4.1,2428.0
2726,1852,2023-H2,3.5,2428.0
2727,1852,2024-H1,3.9,2428.0
2728,1852,2024-H2,3.5,2428.0
2729,1853,2023-H1,3.8,5168.0
2730,1853,2023-H2,4.6,5168.0
2731,1853,2024-H1,4.3,5168.0
2732,1853,2024-H2,4.7,5168.0
2733,1854,2023-H1,3.9,1785.0
2734,1854,2023-H2,3.9,1785.0
2735,1854,2024-H1,4.4,1785.0
2736,1854,2024-H2,3.5,1785.0
2737,1855,2024-H1,4.2,5361.0
2738,1856,2023-H1,3.9,1326.0
2739,1856,2023-H2,3.4,1326.0
2740,1856,2024-H1,4.3,1326.0
2741,1856,2024-H2,3.7,1326.0
2742,1857,2023-H1,2.7,2996.0
2743,1857,2023-H2,2.7,2996.0
2744,1857,2024-H1,1.6,2996.0
2745,1857,2024-H2,2.6,2996.0
2746,1859,2023-H1,3.2,1074.0
2747,1859,2023-H2,3.7,1074.0
2748,1859,2024-H1,3.5,1074.0
2749,1859,2024-H2,3.3,1074.0
2750,1861,2023-H1,3.4,1685.0
2751,1861,2023-H2,3.4,1685.0
2752,1861,2024-H1,3.1,1685.0
2753,1861,2024-H2,2.9,1685.0
2754,1862,2023-H1,4.6,4946.0
2755,1862,2023-H2,3.4,4946.0
2756,1862,2024-H1,3.9,4946.0
2757,1862,2024-H2,3.8,4946.0
2758,1863,2023-H1,3.2,4692.0
2759,1863,2023-H2,3.0,4692.0
2760,1865,2023-H1,3.0,3477.0
2761,1865,2023-H2,4.3,3477.0
2762,1865,2024-H1,3.9,3477.0
2763,1865,2024-H2,3.1,3477.0
2764,1866,2023-H1,2.5,4846.0
2765,1866,2023-H2,3.5,4846.0
2766,1866,2024-H1,2.6,4846.0
2767,1866,2024-H2,3.1,4846.0
2768,1867,2023-H1,3.4,2692.0
2769,1867,2023-H2,3.1,2692.0
2770,1867,2024-H1,4.0,2692.0
2771,1867,2024-H2,3.0,2692.0
2772,1869,2023-H1,3.7,2017.0
2773,1869,2023-H2,3.9,2017.0
2774,1869,2024-H1,3.4,2017.0
2775,1869,2024-H2,3.1,2017.0
2776,1870,2023-H1,2.9,1478.0
2777,1870,2023-H2,3.2,1478.0
2778,1870,2024-H1,3.4,1478.0
2779,1870,2024-H2,3.2,1478.0
2780,1871,2023-H1,3.8,2654.0
2781,1871,2023-H2,4.2,2654.0
2782,1871,2024-H1,3.6,2654.0
2783,1871,2024-H2,3.2,2654.0
2784,1872,2023-H1,2.7,3151.0
2785,1872,2023-H2,3.4,3151.0
2786,1872,2024-H1,4.5,3151.0
2787,1872,2024-H2,3.8,3151.0
2788,1874,2023-H1,3.1,2032.0
2789,1874,2023-H2,2.9,2032.0
2790,1874,2024-H1,2.5,2032.0
2791,1874,2024-H2,2.9,2032.0
2792,1875,2023-H1,4.1,1682.0
2793,1875,2023-H2,3.8,1682.0
2794,1875,2024-H1,4.0,1682.0
2795,1875,2024-H2,4.4,1682.0
2796,1876,2023-H1,3.1,3264.0
2797,1876,2023-H2,4.2,3264.0
2798,1876,2024-H1,3.2,3264.0
2799,1876,2024-H2,3.8,3264.0
2800,1877,2023-H1,3.4,4946.0
2801,1877,2023-H2,2.9,4946.0
2802,1877,2024-H1,3.5,4946.0
2803,1877,2024-H2,3.4,4946.0
2804,1878,2023-H1,1.9,4216.0
2805,1878,2023-H2,2.1,4216.0
2806,1878,2024-H1,2.1,4216.0
2807,1878,2024-H2,1.9,4216.0
2808,1879,2023-H1,3.9,1939.0
2809,1879,2023-H2,3.7,1939.0
2810,1879,2024-H1,3.6,1939.0
2811,1879,2024-H2,3.1,1939.0
2812,1880,2023-H1,3.0,2635.0
2813,1880,2023-H2,3.5,2635.0
2814,1880,2024-H1,2.3,2635.0
2815,1880,2024-H2,3.4,2635.0
2816,1882,2024-H2,4.3,5321.0
2817,1883,2023-H2,3.5,4643.0
2818,1883,2024-H1,3.7,4643.0
2819,1883,2024-H2,3.3,4643.0
2820,1884,2023-H1,4.9,1967.0
2821,1884,2023-H2,4.5,1967.0
2822,1884,2024-H1,3.3,1967.0
2823,1884,2024-H2,4.1,1967.0
2824,1885,2023-H1,3.8,3594.0
2825,1885,2023-H2,3.1,3594.0
2826,1885,2024-H1,3.0,3594.0
2827,1885,2024-H2,3.0,3594.0
2828,1887,2023-H1,4.2,5046.0
2829,1887,2023-H2,4.6,5046.0
2830,1887,2024-H1,4.0,5046.0
2831,1887,2024-H2,4.3,5046.0
2832,1888,2023-H1,3.1,4677.0
2833,1888,2023-H2,2.4,4677.0
2834,1888,2024-H1,2.6,4677.0
2835,1888,2024-H2,3.1,4677.0
2836,1890,2023-H1,2.9,4093.0
2837,1890,2023-H2,3.4,4093.0
2838,1890,2024-H1,2.7,4093.0
2839,1890,2024-H2,2.9,4093.0
2840,1891,2024-H2,3.3,3169.0
2841,1892,2024-H1,2.4,5492.0
2842,1892,2024-H2,1.7,5492.0
2843,1893,2023-H1,4.8,5393.0
2844,1893,2023-H2,4.2,5393.0
2845,1893,2024-H1,4.9,5393.0
2846,1893,2024-H2,4.4,5393.0
2847,1894,2023-H1,4.2,3337.0
2848,1894,2023-H2,3.9,3337.0
2849,1894,2024-H1,3.7,3337.0
2850,1894,2024-H2,4.5,3337.0
2851,1895,2024-H1,3.5,1838.0
2852,1895,2024-H2,3.5,1838.0
2853,1896,2023-H1,3.5,1885.0
2854,1896,2023-H2,4.7,1885.0
2855,1896,2024-H1,4.4,1885.0
2856,1896,2024-H2,4.4,1885.0
2857,1897,2023-H1,3.5,2122.0
2858,1897,2023-H2,3.6,2122.0
2859,1897,2024-H1,3.0,2122.0
2860,1897,2024-H2,3.2,2122.0
2861,1898,2023-H1,3.8,4946.0
2862,1898,2023-H2,3.6,4946.0
2863,1898,2024-H1,3.5,4946.0
2864,1898,2024-H2,3.9,4946.0
2865,1899,2024-H1,3.6,5008.0
2866,1899,2024-H2,3.2,5008.0
2867,1900,2023-H1,4.6,4844.0
2868,1900,2023-H2,3.7,4844.0
2869,1900,2024-H1,4.1,4844.0
2870,1900,2024-H2,4.2,4844.0
2871,1901,2023-H1,4.1,1097.0
2872,1901,2023-H2,3.6,1097.0
2873,1901,2024-H1,4.0,1097.0
2874,1901,2024-H2,4.8,1097.0
2875,1902,2023-H1,4.3,2782.0
2876,1902,2023-H2,4.4,2782.0
2877,1902,2024-H1,4.1,2782.0
2878,1902,2024-H2,4.7,2782.0
2879,1903,2023-H1,3.4,2246.0
2880,1903,2023-H2,3.9,2246.0
2881,1903,2024-H1,2.8,2246.0
2882,1903,2024-H2,3.0,2246.0
2883,1904,2023-H1,4.4,1720.0
2884,1904,2023-H2,3.2,1720.0
2885,1904,2024-H1,3.3,1720.0
2886,1904,2024-H2,3.5,1720.0
2887,1906,2023-H1,4.7,1624.0
2888,1906,2023-H2,4.7,1624.0
2889,1906,2024-H1,4.5,1624.0
2890,1906,2024-H2,4.4,1624.0
2891,1907,2023-H1,1.9,3129.0
2892,1907,2023-H2,1.9,3129.0
2893,1907,2024-H1,1.8,3129.0
2894,1907,2024-H2,1.4,3129.0
2895,1908,2023-H1,3.6,3345.0
2896,1908,2023-H2,3.5,3345.0
2897,1908,2024-H1,3.7,3345.0
2898,1908,2024-H2,3.2,3345.0
2899,1910,2024-H1,4.2,4644.0
2900,1911,2024-H2,4.9,1478.0
2901,1912,2023-H1,1.6,2451.0
2902,1912,2023-H2,1.1,2451.0
2903,1912,2024-H1,1.7,2451.0
2904,1912,2024-H2,1.7,2451.0
2905,1913,2023-H2,2.2,2612.0
2906,1913,2024-H1,3.3,2612.0
2907,1913,2024-H2,3.0,2612.0
2908,1914,2024-H2,3.9,1757.0
2909,1915,2023-H2,4.6,5058.0
2910,1915,2024-H1,4.0,5058.0
2911,1915,2024-H2,4.9,5058.0
2912,1916,2023-H1,3.5,3351.0
2913,1916,2023-H2,2.8,3351.0
2914,1916,2024-H1,2.9,3351.0
2915,1916,2024-H2,2.8,3351.0
2916,1917,2023-H1,3.5,4082.0
2917,1917,2023-H2,2.8,4082.0
2918,1917,2024-H1,3.6,4082.0
2919,1917,2024-H2,3.1,4082.0
2920,1918,2023-H1,3.4,4241.0
2921,1918,2023-H2,3.9,4241.0
2922,1918,2024-H1,3.6,4241.0
2923,1918,2024-H2,3.5,4241.0
2924,1919,2023-H1,4.2,3596.0
2925,1919,2023-H2,5.0,3596.0
2926,1919,2024-H1,4.6,3596.0
2927,1920,2023-H1,3.0,3424.0
2928,1920,2023-H2,3.0,3424.0
2929,1920,2024-H1,3.4,3424.0
2930,1920,2024-H2,3.2,3424.0
2931,1921,2023-H1,3.7,2780.0
2932,1921,2023-H2,3.9,2780.0
2933,1921,2024-H1,3.5,2780.0
2934,1921,2024-H2,3.7,2780.0
2935,1922,2023-H1,3.5,3339.0
2936,1922,2023-H2,4.6,3339.0
2937,1922,2024-H1,3.9,3339.0
2938,1922,2024-H2,3.4,3339.0
2939,1923,2023-H1,3.8,4242.0
2940,1923,2023-H2,4.1,4242.0
2941,1923,2024-H1,3.3,4242.0
2942,1923,2024-H2,3.9,4242.0
2943,1924,2023-H1,4.0,3067.0
2944,1924,2023-H2,2.8,3067.0
2945,1924,2024-H1,3.4,3067.0
2946,1924,2024-H2,3.5,3067.0
2947,1925,2024-H2,1.8,4889.0
2948,1926,2023-H2,2.5,3576.0
2949,1926,2024-H1,3.4,3576.0
2950,1926,2024-H2,2.0,3576.0
2951,1927,2023-H2,3.1,4850.0
2952,1927,2024-H1,2.8,4850.0
2953,1927,2024-H2,2.8,4850.0
2954,1928,2023-H1,4.8,4405.0
2955,1928,2023-H2,4.7,4405.0
2956,1928,2024-H1,4.1,4405.0
2957,1928,2024-H2,4.4,4405.0
2958,1929,2024-H1,3.8,4269.0
2959,1930,2023-H1,3.2,4059.0
2960,1930,2023-H2,2.8,4059.0
2961,1930,2024-H1,2.8,4059.0
2962,1930,2024-H2,3.6,4059.0
2963,1931,2023-H1,2.8,3516.0
2964,1931,2023-H2,3.1,3516.0
2965,1931,2024-H1,2.7,3516.0
2966,1931,2024-H2,2.3,3516.0
2967,1932,2023-H2,2.8,4783.0
2968,1932,2024-H1,2.0,4783.0
2969,1932,2024-H2,2.2,4783.0
2970,1933,2023-H1,3.1,1036.0
2971,1933,2023-H2,2.7,1036.0
2972,1933,2024-H1,3.3,1036.0
2973,1933,2024-H2,3.1,1036.0
2974,1934,2023-H2,4.2,5248.0
2975,1934,2024-H1,4.7,5248.0
2976,1934,2024-H2,5.0,5248.0
2977,1935,2023-H1,3.8,1678.0
2978,1936,2023-H1,4.1,5155.0
2979,1936,2023-H2,3.8,5155.0
2980,1936,2024-H1,4.6,5155.0
2981,1936,2024-H2,4.1,5155.0
2982,1937,2023-H1,3.8,4961.0
2983,1937,2023-H2,4.4,4961.0
2984,1937,2024-H1,4.2,4961.0
2985,1937,2024-H2,3.3,4961.0
2986,1938,2023-H1,4.2,2610.0
2987,1938,2023-H2,4.7,2610.0
2988,1938,2024-H1,3.6,2610.0
2989,1938,2024-H2,4.7,2610.0
2990,1939,2023-H1,2.8,1134.0
2991,1939,2023-H2,2.8,1134.0
2992,1939,2024-H1,2.9,1134.0
2993,1939,2024-H2,2.8,1134.0
2994,1940,2023-H1,4.9,1914.0
2995,1940,2023-H2,5.0,1914.0
2996,1940,2024-H1,5.0,1914.0
2997,1940,2024-H2,4.7,1914.0
2998,1941,2023-H1,3.1,3939.0
2999,1941,2023-H2,3.2,3939.0
3000,1941,2024-H1,2.8,3939.0
3001,1941,2024-H2,3.5,3939.0
3002,1942,2023-H1,4.6,3622.0
3003,1942,2023-H2,4.5,3622.0
3004,1942,2024-H1,5.0,3622.0
3005,1942,2024-H2,4.9,3622.0
3006,1943,2023-H1,4.6,
3007,1943,2023-H2,5.0,
3008,1943,2024-H1,5.0,
3009,1943,2024-H2,4.8,
3010,1944,2023-H1,3.0,1851.0
3011,1944,2023-H2,3.3,1851.0
3012,1944,2024-H1,3.7,1851.0
3013,1944,2024-H2,4.0,1851.0
3014,1946,2023-H1,3.1,5011.0
3015,1946,2023-H2,3.4,5011.0
3016,1946,2024-H1,2.8,5011.0
3017,1946,2024-H2,3.0,5011.0
3018,1947,2023-H1,3.7,1783.0
3019,1947,2023-H2,3.0,1783.0
3020,1947,2024-H1,3.9,1783.0
3021,1947,2024-H2,4.3,1783.0
3022,1949,2023-H1,2.7,2797.0
3023,1949,2023-H2,3.1,2797.0
3024,1949,2024-H1,2.9,2797.0
3025,1949,2024-H2,2.9,2797.0
3026,1950,2023-H1,3.2,1591.0
3027,1950,2023-H2,3.0,1591.0
3028,1950,2024-H1,4.0,1591.0
3029,1950,2024-H2,3.2,1591.0
3030,1951,2023-H1,3.9,2595.0
3031,1951,2023-H2,3.1,2595.0
3032,1951,2024-H1,3.9,2595.0
3033,1951,2024-H2,3.7,2595.0
3034,1952,2023-H1,2.4,5303.0
3035,1952,2023-H2,2.0,5303.0
3036,1952,2024-H1,2.6,5303.0
3037,1952,2024-H2,2.4,5303.0
3038,1953,2023-H1,4.0,4066.0
3039,1953,2023-H2,4.1,4066.0
3040,1953,2024-H1,4.1,4066.0
3041,1953,2024-H2,4.3,4066.0
3042,1954,2023-H1,3.1,3500.0
3043,1954,2023-H2,2.8,3500.0
3044,1954,2024-H1,3.2,3500.0
3045,1955,2023-H1,2.4,2200.0
3046,1955,2023-H2,2.9,2200.0
3047,1955,2024-H1,2.7,2200.0
3048,1955,2024-H2,3.1,2200.0
3049,1956,2023-H1,3.1,3211.0
3050,1956,2023-H2,3.0,3211.0
3051,1956,2024-H1,3.8,3211.0
3052,1956,2024-H2,3.5,3211.0
3053,1957,2023-H1,3.9,5119.0
3054,1957,2023-H2,3.5,5119.0
3055,1957,2024-H1,3.0,5119.0
3056,1957,2024-H2,3.5,5119.0
3057,1958,2023-H1,4.8,3289.0
3058,1958,2023-H2,4.5,3289.0
3059,1958,2024-H1,5.0,3289.0
3060,1958,2024-H2,5.0,3289.0
3061,1959,2024-H2,3.3,1792.0
3062,1960,2023-H1,3.5,4017.0
3063,1960,2023-H2,3.0,4017.0
3064,1960,2024-H1,3.8,4017.0
3065,1960,2024-H2,3.7,4017.0
3066,1961,2023-H1,3.1,4416.0
3067,1961,2023-H2,2.8,4416.0
3068,1961,2024-H1,3.4,4416.0
3069,1961,2024-H2,3.3,4416.0
3070,1962,2023-H1,4.7,5385.0
3071,1962,2023-H2,4.2,5385.0
3072,1962,2024-H1,3.8,5385.0
3073,1962,2024-H2,4.7,5385.0
3074,1963,2023-H1,4.4,3049.0
3075,1963,2023-H2,4.4,3049.0
3076,1963,2024-H1,4.1,3049.0
3077,1963,2024-H2,3.6,3049.0
3078,1964,2023-H1,2.3,1010.0
3079,1964,2023-H2,3.0,1010.0
3080,1964,2024-H1,3.1,1010.0
3081,1964,2024-H2,2.9,1010.0
3082,1965,2023-H1,3.3,3798.0
3083,1965,2023-H2,3.2,3798.0
3084,1965,2024-H1,2.7,3798.0
3085,1965,2024-H2,4.1,3798.0
3086,1966,2023-H1,2.4,3516.0
3087,1966,2023-H2,2.3,3516.0
3088,1966,2024-H1,1.8,3516.0
3089,1966,2024-H2,2.1,3516.0
3090,1967,2023-H1,4.1,
3091,1967,2023-H2,4.2,
3092,1967,2024-H1,4.5,
3093,1967,2024-H2,4.3,
3094,1968,2023-H1,3.6,1742.0
3095,1968,2023-H2,3.4,1742.0
3096,1968,2024-H1,2.3,1742.0
3097,1968,2024-H2,3.0,1742.0
3098,1969,2024-H2,4.1,3723.0
3099,1970,2023-H1,3.0,3201.0
3100,1970,2023-H2,1.5,3201.0
3101,1970,2024-H1,2.0,3201.0
3102,1970,2024-H2,2.3,3201.0
3103,1971,2023-H1,4.2,1865.0
3104,1971,2023-H2,4.2,1865.0
3105,1971,2024-H1,4.0,1865.0
3106,1971,2024-H2,4.0,1865.0
3107,1972,2024-H1,4.5,5095.0
3108,1972,2024-H2,4.7,5095.0
3109,1973,2023-H1,1.9,3237.0
3110,1973,2023-H2,2.5,3237.0
3111,1973,2024-H1,2.2,3237.0
3112,1973,2024-H2,2.4,3237.0
3113,1975,2023-H1,5.0,3916.0
3114,1975,2023-H2,4.1,3916.0
3115,1975,2024-H1,5.0,3916.0
3116,1975,2024-H2,4.8,3916.0
3117,1976,2023-H1,3.8,2682.0
3118,1976,2023-H2,4.1,2682.0
3119,1976,2024-H1,3.4,2682.0
3120,1976,2024-H2,3.8,2682.0
3121,1977,2023-H1,2.6,2514.0
3122,1977,2023-H2,3.2,2514.0
3123,1977,2024-H1,2.9,2514.0
3124,1977,2024-H2,3.5,2514.0
3125,1978,2024-H2,3.4,4469.0
3126,1979,2024-H2,4.6,3589.0
3127,1980,2023-H1,3.6,5246.0
3128,1980,2023-H2,3.3,5246.0
3129,1980,2024-H1,4.1,5246.0
3130,1980,2024-H2,3.8,5246.0
3131,1981,2023-H1,2.9,4505.0
3132,1981,2023-H2,3.2,4505.0
3133,1981,2024-H1,2.4,4505.0
3134,1981,2024-H2,3.0,4505.0
3135,1982,2023-H1,3.2,4812.0
3136,1982,2023-H2,3.9,4812.0
3137,1982,2024-H1,3.0,4812.0
3138,1982,2024-H2,3.2,4812.0
3139,1983,2023-H1,3.8,1287.0
3140,1983,2023-H2,3.6,1287.0
3141,1983,2024-H1,3.9,1287.0
3142,1983,2024-H2,3.2,1287.0
3143,1985,2023-H1,3.9,3899.0
3144,1986,2023-H1,3.1,1753.0
3145,1986,2023-H2,4.4,1753.0
3146,1986,2024-H1,3.6,1753.0
3147,1986,2024-H2,4.1,1753.0
3148,1987,2023-H1,3.1,3435.0
3149,1987,2023-H2,3.6,3435.0
3150,1987,2024-H1,3.4,3435.0
3151,1987,2024-H2,3.9,3435.0
3152,1988,2023-H1,3.1,2637.0
3153,1988,2023-H2,2.8,2637.0
3154,1988,2024-H1,3.0,2637.0
3155,1988,2024-H2,3.8,2637.0
3156,1989,2024-H2,3.0,4889.0
3157,1990,2023-H1,3.7,5123.0
3158,1990,2023-H2,3.5,5123.0
3159,1990,2024-H1,2.9,5123.0
3160,1990,2024-H2,3.1,5123.0
3161,1991,2023-H1,4.5,5177.0
3162,1991,2023-H2,4.1,5177.0
3163,1991,2024-H1,3.2,5177.0
3164,1991,2024-H2,3.7,5177.0
3165,1992,2023-H1,3.5,4421.0
3166,1992,2023-H2,3.4,4421.0
3167,1992,2024-H1,3.7,4421.0
3168,1992,2024-H2,3.3,4421.0
3169,1993,2023-H1,3.3,4567.0
3170,1993,2023-H2,3.1,4567.0
3171,1993,2024-H1,2.2,4567.0
3172,1993,2024-H2,1.7,4567.0
3173,1994,2023-H1,4.4,4032.0
3174,1994,2023-H2,3.9,4032.0
3175,1994,2024-H1,3.7,4032.0
3176,1994,2024-H2,4.2,4032.0
3177,1995,2023-H1,3.0,3931.0
3178,1995,2023-H2,3.4,3931.0
3179,1996,2023-H2,5.0,2780.0
3180,1996,2024-H1,4.9,2780.0
3181,1997,2023-H1,3.2,1075.0
3182,1997,2023-H2,2.8,1075.0
3183,1997,2024-H1,3.1,1075.0
3184,1997,2024-H2,3.3,1075.0
3185,1998,2023-H1,4.3,3125.0
3186,1998,2023-H2,4.5,3125.0
3187,1998,2024-H1,3.8,3125.0
3188,1998,2024-H2,5.0,3125.0
3189,2000,2023-H1,3.1,5063.0
3190,2000,2023-H2,3.5,5063.0
3191,2000,2024-H1,2.8,5063.0
3192,2000,2024-H2,3.1,5063.0
3193,2001,2023-H1,2.7,3972.0
3194,2001,2023-H2,3.4,3972.0
3195,2001,2024-H1,3.1,3972.0
3196,2001,2024-H2,3.8,3972.0
3197,2002,2023-H1,3.3,
3198,2002,2023-H2,3.9,
3199,2002,2024-H1,3.4,
3200,2002,2024-H2,3.7,
3201,2003,2023-H1,3.9,4648.0
3202,2003,2023-H2,4.1,4648.0
3203,2003,2024-H1,4.4,4648.0
3204,2003,2024-H2,4.5,4648.0
3205,2004,2023-H1,3.4,2687.0
3206,2004,2023-H2,3.0,2687.0
3207,2004,2024-H1,3.2,2687.0
3208,2004,2024-H2,3.2,2687.0
3209,2005,2023-H1,4.1,5167.0
3210,2006,2023-H1,3.1,4581.0
3211,2006,2023-H2,2.8,4581.0
3212,2006,2024-H1,3.3,4581.0
3213,2006,2024-H2,2.9,4581.0
3214,2007,2023-H1,3.1,3498.0
3215,2007,2023-H2,3.4,3498.0
3216,2007,2024-H1,2.8,3498.0
3217,2007,2024-H2,3.4,3498.0
3218,2008,2023-H1,2.8,1875.0
3219,2008,2023-H2,2.8,1875.0
3220,2008,2024-H1,2.4,1875.0
3221,2008,2024-H2,3.0,1875.0
3222,2009,2023-H1,3.6,2519.0
3223,2009,2023-H2,3.2,2519.0
3224,2009,2024-H1,3.7,2519.0
3225,2009,2024-H2,2.8,2519.0
3226,2010,2023-H1,3.4,2655.0
3227,2010,2023-H2,3.3,2655.0
3228,2010,2024-H1,3.0,2655.0
3229,2010,2024-H2,3.2,2655.0
3230,2011,2023-H1,3.9,5444.0
3231,2011,2023-H2,3.5,5444.0
3232,2011,2024-H1,4.3,5444.0
3233,2011,2024-H2,3.5,5444.0
3234,2012,2023-H1,2.7,2147.0
3235,2012,2023-H2,3.2,2147.0
3236,2012,2024-H1,3.1,2147.0
3237,2012,2024-H2,2.7,2147.0
3238,2014,2023-H1,2.7,2236.0
3239,2014,2023-H2,3.1,2236.0
3240,2014,2024-H1,2.0,2236.0
3241,2014,2024-H2,3.3,2236.0
3242,2015,2024-H2,3.3,1055.0
3243,2017,2023-H1,2.6,3067.0
3244,2017,2023-H2,2.9,3067.0
3245,2017,2024-H1,3.2,3067.0
3246,2017,2024-H2,3.4,3067.0
3247,2018,2023-H1,3.7,1241.0
3248,2018,2023-H2,4.3,1241.0
3249,2018,2024-H1,4.2,1241.0
3250,2018,2024-H2,4.2,1241.0
3251,2019,2023-H1,4.0,1494.0
3252,2019,2023-H2,3.9,1494.0
3253,2019,2024-H1,4.2,1494.0
3254,2019,2024-H2,4.7,1494.0
3255,2020,2023-H1,4.6,1040.0
3256,2020,2023-H2,3.9,1040.0
3257,2020,2024-H1,4.3,1040.0
3258,2020,2024-H2,4.0,1040.0
3259,2021,2023-H1,3.1,1997.0
3260,2021,2023-H2,2.8,1997.0
3261,2021,2024-H1,2.6,1997.0
3262,2021,2024-H2,2.8,1997.0
3263,2022,2024-H1,2.8,4013.0
3264,2022,2024-H2,2.8,4013.0
3265,2023,2023-H1,2.8,2807.0
3266,2023,2023-H2,3.2,2807.0
3267,2023,2024-H1,3.8,2807.0
3268,2023,2024-H2,3.2,2807.0
3269,2024,2023-H1,2.6,4317.0
3270,2024,2023-H2,3.2,4317.0
3271,2024,2024-H1,3.4,4317.0
3272,2024,2024-H2,2.9,4317.0
3273,2025,2023-H1,5.0,1170.0
3274,2025,2023-H2,4.8,1170.0
3275,2025,2024-H1,4.0,1170.0
3276,2025,2024-H2,5.0,1170.0
3277,2026,2023-H1,4.0,5155.0
3278,2026,2023-H2,3.8,5155.0
3279,2026,2024-H1,3.8,5155.0
3280,2026,2024-H2,4.0,5155.0
3281,2027,2023-H1,3.8,1055.0
3282,2027,2023-H2,4.4,1055.0
3283,2027,2024-H1,5.0,1055.0
3284,2027,2024-H2,4.6,1055.0
3285,2028,2023-H1,4.5,3063.0
3286,2028,2023-H2,3.6,3063.0
3287,2028,2024-H1,4.3,3063.0
3288,2028,2024-H2,3.7,3063.0
3289,2029,2023-H1,3.6,4887.0
3290,2029,2023-H2,4.6,4887.0
3291,2029,2024-H1,3.4,4887.0
3292,2029,2024-H2,3.9,4887.0
3293,2030,2023-H2,4.0,1487.0
3294,2030,2024-H1,4.7,1487.0
3295,2030,2024-H2,4.5,1487.0
3296,2031,2023-H1,3.1,3625.0
3297,2031,2023-H2,3.2,3625.0
3298,2031,2024-H1,2.8,3625.0
3299,2031,2024-H2,3.3,3625.0
3300,2032,2023-H1,3.7,2756.0
3301,2032,2023-H2,3.6,2756.0
3302,2032,2024-H1,3.3,2756.0
3303,2032,2024-H2,3.9,2756.0
3304,2033,2023-H1,3.6,2866.0
3305,2033,2023-H2,4.0,2866.0
3306,2033,2024-H1,4.8,2866.0
3307,2033,2024-H2,4.0,2866.0
3308,2034,2023-H1,3.8,3284.0
3309,2034,2023-H2,4.0,3284.0
3310,2034,2024-H1,4.6,3284.0
3311,2034,2024-H2,3.9,3284.0
3312,2035,2023-H1,3.7,3745.0
3313,2036,2023-H1,3.9,4188.0
3314,2036,2023-H2,3.8,4188.0
3315,2036,2024-H1,4.0,4188.0
3316,2036,2024-H2,4.2,4188.0
3317,2037,2023-H1,4.2,4428.0
3318,2037,2023-H2,3.8,4428.0
3319,2037,2024-H1,3.6,4428.0
3320,2037,2024-H2,3.5,4428.0
3321,2038,2023-H1,4.3,2532.0
3322,2038,2023-H2,5.0,2532.0
3323,2038,2024-H1,4.0,2532.0
3324,2038,2024-H2,4.2,2532.0
3325,2039,2024-H1,3.8,3091.0
3326,2039,2024-H2,5.0,3091.0
3327,2040,2024-H1,3.5,5272.0
3328,2040,2024-H2,4.3,5272.0
3329,2041,2023-H1,2.3,4107.0
3330,2041,2023-H2,3.1,4107.0
3331,2041,2024-H1,2.8,4107.0
3332,2041,2024-H2,2.6,4107.0
3333,2042,2023-H1,3.7,3282.0
3334,2042,2023-H2,4.0,3282.0
3335,2042,2024-H1,3.9,3282.0
3336,2042,2024-H2,4.2,3282.0
3337,2043,2023-H1,4.0,3952.0
3338,2043,2023-H2,4.6,3952.0
3339,2043,2024-H1,4.4,3952.0
3340,2043,2024-H2,4.2,3952.0
3341,2044,2023-H1,2.7,4295.0
3342,2044,2023-H2,2.9,4295.0
3343,2044,2024-H1,2.8,4295.0
3344,2044,2024-H2,3.3,4295.0
3345,2045,2023-H1,3.4,1875.0
3346,2045,2023-H2,2.2,1875.0
3347,2045,2024-H1,2.3,1875.0
3348,2045,2024-H2,2.3,1875.0
3349,2046,2023-H1,4.7,3131.0
3350,2046,2023-H2,4.8,3131.0
3351,2046,2024-H1,4.6,3131.0
3352,2046,2024-H2,4.6,3131.0
3353,2047,2023-H1,3.9,1716.0
3354,2047,2023-H2,3.7,1716.0
3355,2047,2024-H1,3.2,1716.0
3356,2047,2024-H2,3.3,1716.0
3357,2048,2023-H2,4.5,1321.0
3358,2048,2024-H1,4.5,1321.0
3359,2048,2024-H2,3.6,1321.0
3360,2049,2023-H1,3.4,2897.0
3361,2049,2023-H2,2.5,2897.0
3362,2049,2024-H1,2.9,2897.0
3363,2049,2024-H2,3.5,2897.0
3364,2050,2023-H1,3.1,2989.0
3365,2050,2023-H2,3.0,2989.0
3366,2050,2024-H1,3.8,2989.0
3367,2050,2024-H2,3.7,2989.0
3368,2051,2023-H1,3.6,3041.0
3369,2051,2023-H2,4.6,3041.0
3370,2053,2023-H2,3.5,3435.0
3371,2053,2024-H1,3.7,3435.0
3372,2053,2024-H2,4.2,3435.0
3373,2055,2023-H1,3.7,2828.0
3374,2055,2023-H2,3.4,2828.0
3375,2055,2024-H1,4.4,2828.0
3376,2055,2024-H2,3.3,2828.0
3377,2056,2023-H1,3.8,3841.0
3378,2056,2023-H2,4.1,3841.0
3379,2056,2024-H1,4.0,3841.0
3380,2056,2024-H2,4.6,3841.0
3381,2057,2023-H2,2.8,1013.0
3382,2057,2024-H1,2.9,1013.0
3383,2057,2024-H2,2.5,1013.0
3384,2058,2023-H1,4.1,4317.0
3385,2058,2023-H2,5.0,4317.0
3386,2058,2024-H1,4.0,4317.0
3387,2058,2024-H2,4.2,4317.0
3388,2059,2023-H1,3.0,2625.0
3389,2059,2023-H2,3.0,2625.0
3390,2059,2024-H1,2.5,2625.0
3391,2059,2024-H2,3.2,2625.0
3392,2060,2023-H1,3.0,4021.0
3393,2060,2023-H2,2.8,4021.0
3394,2060,2024-H1,3.5,4021.0
3395,2060,2024-H2,3.4,4021.0
3396,2061,2023-H1,4.5,1795.0
3397,2061,2023-H2,4.9,1795.0
3398,2061,2024-H1,4.4,1795.0
3399,2061,2024-H2,4.7,1795.0
3400,2062,2023-H1,3.3,3297.0
3401,2062,2023-H2,3.4,3297.0
3402,2062,2024-H1,2.4,3297.0
3403,2062,2024-H2,2.8,3297.0
3404,2063,2023-H1,3.2,2474.0
3405,2063,2023-H2,3.8,2474.0
3406,2063,2024-H1,3.5,2474.0
3407,2063,2024-H2,3.7,2474.0
3408,2064,2023-H1,1.8,2762.0
3409,2064,2023-H2,2.6,2762.0
3410,2064,2024-H1,2.4,2762.0
3411,2064,2024-H2,2.0,2762.0
3412,2065,2023-H1,3.3,3337.0
3413,2065,2023-H2,2.8,3337.0
3414,2065,2024-H1,4.1,3337.0
3415,2065,2024-H2,4.0,3337.0
3416,2066,2023-H1,3.8,4204.0
3417,2066,2023-H2,3.5,4204.0
3418,2066,2024-H1,4.9,4204.0
3419,2066,2024-H2,4.1,4204.0
3420,2067,2023-H1,4.9,3264.0
3421,2067,2023-H2,3.1,3264.0
3422,2067,2024-H1,2.8,3264.0
3423,2067,2024-H2,2.4,3264.0
3424,2068,2023-H2,3.1,5441.0
3425,2068,2024-H1,2.8,5441.0
3426,2069,2023-H1,4.0,3049.0
3427,2069,2023-H2,2.7,3049.0
3428,2069,2024-H1,3.0,3049.0
3429,2069,2024-H2,2.9,3049.0
3430,2070,2023-H1,3.8,3855.0
3431,2070,2023-H2,3.8,3855.0
3432,2070,2024-H1,3.9,3855.0
3433,2070,2024-H2,4.2,3855.0
3434,2071,2023-H1,3.7,2602.0
3435,2071,2023-H2,3.5,2602.0
3436,2071,2024-H1,2.4,2602.0
3437,2071,2024-H2,2.7,2602.0
3438,2072,2023-H1,3.7,4596.0
3439,2072,2023-H2,3.5,4596.0
3440,2072,2024-H1,3.5,4596.0
3441,2072,2024-H2,4.0,4596.0
3442,2073,2023-H1,3.6,4994.0
3443,2073,2023-H2,3.7,4994.0
3444,2073,2024-H1,3.7,4994.0
3445,2073,2024-H2,4.3,4994.0
3446,2075,2023-H1,3.3,3146.0
3447,2075,2023-H2,3.4,3146.0
3448,2075,2024-H1,2.5,3146.0
3449,2075,2024-H2,3.6,3146.0
3450,2076,2023-H1,3.3,1804.0
3451,2076,2023-H2,3.6,1804.0
3452,2076,2024-H1,3.4,1804.0
3453,2076,2024-H2,3.8,1804.0
3454,2077,2023-H1,3.0,2356.0
3455,2077,2023-H2,3.0,2356.0
3456,2077,2024-H1,2.6,2356.0
3457,2077,2024-H2,2.9,2356.0
3458,2078,2023-H1,3.6,4711.0
3459,2078,2023-H2,2.6,4711.0
3460,2078,2024-H1,4.2,4711.0
3461,2078,2024-H2,3.8,4711.0
3462,2079,2023-H1,2.9,5321.0
3463,2079,2023-H2,3.8,5321.0
3464,2079,2024-H1,3.6,5321.0
3465,2079,2024-H2,2.9,5321.0
3466,2080,2023-H1,2.7,4365.0
3467,2080,2023-H2,4.2,4365.0
3468,2080,2024-H1,3.5,4365.0
3469,2080,2024-H2,3.2,4365.0
3470,2081,2023-H1,3.4,2736.0
3471,2081,2023-H2,3.8,2736.0
3472,2081,2024-H1,3.4,2736.0
3473,2081,2024-H2,3.7,2736.0
3474,2082,2023-H1,2.8,5321.0
3475,2082,2023-H2,3.0,5321.0
3476,2082,2024-H1,2.6,5321.0
3477,2082,2024-H2,2.7,5321.0
3478,2083,2023-H1,4.1,5028.0
3479,2083,2023-H2,4.2,5028.0
3480,2083,2024-H1,3.1,5028.0
3481,2083,2024-H2,3.5,5028.0
3482,2084,2023-H1,4.4,3268.0
3483,2084,2023-H2,4.2,3268.0
3484,2084,2024-H1,4.5,3268.0
3485,2084,2024-H2,4.1,3268.0
3486,2085,2023-H1,4.1,4093.0
3487,2085,2023-H2,4.5,4093.0
3488,2085,2024-H1,3.9,4093.0
3489,2085,2024-H2,4.5,4093.0
3490,2086,2024-H2,3.9,5155.0
3491,2087,2023-H1,3.1,4174.0
3492,2087,2023-H2,4.2,4174.0
3493,2087,2024-H1,3.3,4174.0
3494,2087,2024-H2,3.4,4174.0
3495,2088,2023-H1,3.0,1449.0
3496,2088,2023-H2,3.3,1449.0
3497,2088,2024-H1,3.4,1449.0
3498,2088,2024-H2,3.6,1449.0
3499,2089,2023-H1,2.9,3598.0
3500,2089,2023-H2,3.4,3598.0
3501,2089,2024-H1,3.4,3598.0
3502,2089,2024-H2,3.6,3598.0
3503,2090,2024-H1,3.3,5475.0
3504,2091,2023-H1,2.8,1634.0
3505,2091,2023-H2,2.8,1634.0
3506,2091,2024-H1,3.6,1634.0
3507,2091,2024-H2,2.9,1634.0
3508,2092,2023-H1,2.9,2433.0
3509,2092,2023-H2,3.3,2433.0
3510,2092,2024-H1,3.8,2433.0
3511,2093,2023-H1,4.0,3890.0
3512,2093,2023-H2,4.7,3890.0
3513,2093,2024-H1,4.1,3890.0
3514,2093,2024-H2,5.0,3890.0
3515,2094,2023-H1,2.8,1019.0
3516,2094,2023-H2,3.0,1019.0
3517,2094,2024-H1,2.9,1019.0
3518,2094,2024-H2,2.2,1019.0
3519,2095,2023-H1,2.9,3603.0
3520,2095,2023-H2,2.7,3603.0
3521,2095,2024-H1,2.8,3603.0
3522,2095,2024-H2,3.1,3603.0
3523,2096,2023-H1,4.1,2894.0
3524,2096,2023-H2,4.0,2894.0
3525,2096,2024-H1,4.1,2894.0
3526,2096,2024-H2,4.2,2894.0
3527,2097,2023-H2,4.5,4453.0
3528,2097,2024-H1,3.0,4453.0
3529,2098,2023-H1,4.7,3948.0
3530,2098,2023-H2,4.4,3948.0
3531,2098,2024-H1,4.4,3948.0
3532,2098,2024-H2,4.6,3948.0
3533,2099,2024-H2,3.7,5182.0
3534,2100,2023-H1,3.6,1472.0
3535,2100,2023-H2,3.7,1472.0
3536,2100,2024-H1,4.0,1472.0
3537,2100,2024-H2,3.6,1472.0
3538,2101,2023-H2,3.8,2738.0
3539,2101,2024-H1,2.7,2738.0
3540,2101,2024-H2,3.5,2738.0
3541,2102,2023-H1,4.8,5177.0
3542,2102,2023-H2,4.2,5177.0
3543,2102,2024-H1,4.4,5177.0
3544,2102,2024-H2,3.7,5177.0
3545,2103,2023-H1,4.0,2062.0
3546,2103,2023-H2,3.7,2062.0
3547,2103,2024-H1,4.1,2062.0
3548,2103,2024-H2,3.8,2062.0
3549,2104,2023-H1,2.9,1943.0
3550,2104,2023-H2,3.5,1943.0
3551,2104,2024-H1,2.9,1943.0
3552,2104,2024-H2,2.7,1943.0
3553,2106,2023-H1,4.2,4872.0
3554,2106,2023-H2,3.4,4872.0
3555,2106,2024-H1,4.7,4872.0
3556,2106,2024-H2,4.0,4872.0
3557,2107,2023-H2,3.4,1705.0
3558,2107,2024-H1,3.1,1705.0
3559,2107,2024-H2,3.6,1705.0
3560,2108,2024-H2,4.3,1562.0
3561,2109,2023-H1,3.4,2642.0
3562,2109,2023-H2,2.8,2642.0
3563,2109,2024-H1,3.1,2642.0
3564,2109,2024-H2,2.6,2642.0
3565,2110,2023-H1,2.9,1169.0
3566,2110,2023-H2,2.9,1169.0
3567,2110,2024-H1,2.5,1169.0
3568,2110,2024-H2,4.0,1169.0
3569,2111,2023-H1,3.5,2241.0
3570,2112,2023-H1,4.4,
3571,2112,2023-H2,4.2,
3572,2112,2024-H1,3.5,
3573,2112,2024-H2,3.8,
3574,2113,2023-H1,3.9,5198.0
3575,2113,2023-H2,3.9,5198.0
3576,2113,2024-H1,4.8,5198.0
3577,2113,2024-H2,4.4,5198.0
3578,2114,2023-H1,4.9,3070.0
3579,2114,2023-H2,4.3,3070.0
3580,2114,2024-H1,4.1,3070.0
3581,2114,2024-H2,4.1,3070.0
3582,2115,2023-H1,4.0,3863.0
3583,2115,2023-H2,3.4,3863.0
3584,2115,2024-H1,3.5,3863.0
3585,2115,2024-H2,3.5,3863.0
3586,2116,2023-H1,4.2,1798.0
3587,2116,2023-H2,3.9,1798.0
3588,2116,2024-H1,4.3,1798.0
3589,2116,2024-H2,4.2,1798.0
3590,2117,2023-H1,4.4,1939.0
3591,2117,2023-H2,4.2,1939.0
3592,2117,2024-H1,3.5,1939.0
3593,2117,2024-H2,4.5,1939.0
3594,2118,2023-H1,4.0,4090.0
3595,2118,2023-H2,4.3,4090.0
3596,2118,2024-H1,4.2,4090.0
3597,2118,2024-H2,4.3,4090.0
3598,2119,2024-H2,3.3,5292.0
3599,2120,2023-H1,3.5,3880.0
3600,2120,2023-H2,4.4,3880.0
3601,2120,2024-H1,3.8,3880.0
3602,2120,2024-H2,4.0,3880.0
3603,2121,2023-H1,4.0,1753.0
3604,2121,2023-H2,3.9,1753.0
3605,2121,2024-H1,4.0,1753.0
3606,2121,2024-H2,3.3,1753.0
3607,2122,2023-H1,3.2,2262.0
3608,2122,2023-H2,3.7,2262.0
3609,2122,2024-H1,2.9,2262.0
3610,2122,2024-H2,3.0,2262.0
3611,2123,2023-H1,3.0,1166.0
3612,2123,2023-H2,3.1,1166.0
3613,2123,2024-H1,3.4,1166.0
3614,2123,2024-H2,2.6,1166.0
3615,2124,2023-H1,3.0,2828.0
3616,2124,2023-H2,3.3,2828.0
3617,2124,2024-H1,3.0,2828.0
3618,2124,2024-H2,2.6,2828.0
3619,2125,2023-H1,5.0,4067.0
3620,2125,2023-H2,4.5,4067.0
3621,2125,2024-H1,5.0,4067.0
3622,2125,2024-H2,4.4,4067.0
3623,2126,2023-H1,3.6,4975.0
3624,2126,2023-H2,3.8,4975.0
3625,2126,2024-H1,3.8,4975.0
3626,2126,2024-H2,3.3,4975.0
3627,2127,2023-H1,3.3,1938.0
3628,2127,2023-H2,3.7,1938.0
3629,2127,2024-H1,3.2,1938.0
3630,2127,2024-H2,4.0,1938.0
3631,2128,2023-H1,3.7,3567.0
3632,2128,2023-H2,3.4,3567.0
3633,2128,2024-H1,3.5,3567.0
3634,2128,2024-H2,4.0,3567.0
3635,2129,2023-H1,4.4,4836.0
3636,2129,2023-H2,4.5,4836.0
3637,2129,2024-H1,4.5,4836.0
3638,2129,2024-H2,4.9,4836.0
3639,2130,2023-H1,2.4,1965.0
3640,2130,2023-H2,2.4,1965.0
3641,2130,2024-H1,3.4,1965.0
3642,2130,2024-H2,2.3,1965.0
3643,2131,2023-H1,3.6,2246.0
3644,2131,2023-H2,3.3,2246.0
3645,2131,2024-H1,4.2,2246.0
3646,2131,2024-H2,3.5,2246.0
3647,2132,2023-H1,3.2,4174.0
3648,2132,2023-H2,3.6,4174.0
3649,2132,2024-H1,3.0,4174.0
3650,2132,2024-H2,3.0,4174.0
3651,2133,2023-H1,2.4,2995.0
3652,2133,2023-H2,2.7,2995.0
3653,2133,2024-H1,2.7,2995.0
3654,2133,2024-H2,2.1,2995.0
3655,2134,2023-H1,5.0,1830.0
3656,2134,2023-H2,5.0,1830.0
3657,2134,2024-H1,5.0,1830.0
3658,2134,2024-H2,4.0,1830.0
3659,2135,2023-H1,3.6,1760.0
3660,2135,2023-H2,4.0,1760.0
3661,2135,2024-H1,2.7,1760.0
3662,2135,2024-H2,2.6,1760.0
3663,2136,2023-H2,2.4,5328.0
3664,2136,2024-H1,3.1,5328.0
3665,2137,2024-H1,2.7,2620.0
3666,2137,2024-H2,2.5,2620.0
3667,2138,2023-H1,5.0,4012.0
3668,2138,2023-H2,4.5,4012.0
3669,2138,2024-H1,4.6,4012.0
3670,2138,2024-H2,5.0,4012.0
3671,2140,2023-H1,3.8,5095.0
3672,2140,2023-H2,3.8,5095.0
3673,2140,2024-H1,3.0,5095.0
3674,2140,2024-H2,3.8,5095.0
3675,2141,2023-H1,3.0,4135.0
3676,2141,2023-H2,3.8,4135.0
3677,2141,2024-H1,4.0,4135.0
3678,2141,2024-H2,3.5,4135.0
3679,2142,2023-H1,3.7,2456.0
3680,2142,2023-H2,4.2,2456.0
3681,2142,2024-H1,4.0,2456.0
3682,2142,2024-H2,3.5,2456.0
3683,2143,2023-H1,3.8,3530.0
3684,2143,2023-H2,3.8,3530.0
3685,2143,2024-H1,2.5,3530.0
3686,2143,2024-H2,2.7,3530.0
3687,2145,2023-H1,3.4,4158.0
3688,2145,2023-H2,3.2,4158.0
3689,2145,2024-H1,3.1,4158.0
3690,2145,2024-H2,2.7,4158.0
3691,2146,2023-H1,2.3,3361.0
3692,2146,2023-H2,3.0,3361.0
3693,2146,2024-H1,2.0,3361.0
3694,2146,2024-H2,2.7,3361.0
3695,2147,2023-H1,4.3,
3696,2147,2023-H2,4.5,
3697,2147,2024-H1,5.0,
3698,2147,2024-H2,5.0,
3699,2148,2023-H1,3.2,2237.0
3700,2148,2023-H2,3.1,2237.0
3701,2148,2024-H1,3.1,2237.0
3702,2148,2024-H2,3.8,2237.0
3703,2149,2023-H1,3.6,3909.0
3704,2149,2023-H2,2.3,3909.0
3705,2149,2024-H1,2.6,3909.0
3706,2149,2024-H2,3.4,3909.0
3707,2150,2024-H1,3.8,3969.0
3708,2151,2023-H1,3.7,4473.0
3709,2151,2023-H2,3.3,4473.0
3710,2151,2024-H1,3.4,4473.0
3711,2151,2024-H2,3.3,4473.0
3712,2152,2023-H1,3.7,4270.0
3713,2152,2023-H2,3.8,4270.0
3714,2152,2024-H1,4.0,4270.0
3715,2152,2024-H2,4.5,4270.0
3716,2153,2023-H2,3.3,5239.0
3717,2153,2024-H1,4.2,5239.0
3718,2153,2024-H2,3.7,5239.0
3719,2154,2023-H1,2.4,3033.0
3720,2154,2023-H2,2.7,3033.0
3721,2154,2024-H1,3.2,3033.0
3722,2154,2024-H2,2.3,3033.0
3723,2155,2023-H1,3.6,3771.0
3724,2155,2023-H2,3.4,3771.0
3725,2155,2024-H1,3.7,3771.0
3726,2155,2024-H2,3.3,3771.0
3727,2156,2023-H1,4.3,4932.0
3728,2156,2023-H2,4.3,4932.0
3729,2156,2024-H1,4.3,4932.0
3730,2156,2024-H2,4.8,4932.0
3731,2157,2023-H1,2.1,4863.0
3732,2157,2023-H2,2.8,4863.0
3733,2157,2024-H1,3.1,4863.0
3734,2157,2024-H2,2.4,4863.0
3735,2158,2023-H1,3.6,3297.0
3736,2158,2023-H2,3.1,3297.0
3737,2158,2024-H1,3.5,3297.0
3738,2158,2024-H2,3.3,3297.0
3739,2159,2023-H1,1.4,4232.0
3740,2159,2023-H2,2.4,4232.0
3741,2159,2024-H1,2.3,4232.0
3742,2160,2023-H1,3.7,1805.0
3743,2160,2023-H2,3.5,1805.0
3744,2160,2024-H1,4.3,1805.0
3745,2160,2024-H2,3.8,1805.0
3746,2162,2023-H1,4.5,3647.0
3747,2163,2023-H1,3.6,3237.0
3748,2163,2023-H2,3.5,3237.0
3749,2163,2024-H1,3.3,3237.0
3750,2163,2024-H2,3.1,3237.0
3751,2164,2023-H1,3.5,1562.0
3752,2164,2023-H2,3.2,1562.0
3753,2164,2024-H1,2.6,1562.0
3754,2164,2024-H2,3.5,1562.0
3755,2165,2023-H1,3.7,4143.0
3756,2165,2023-H2,3.3,4143.0
3757,2165,2024-H1,3.0,4143.0
3758,2165,2024-H2,3.3,4143.0
3759,2166,2023-H1,2.9,2642.0
3760,2166,2023-H2,1.8,2642.0
3761,2166,2024-H1,2.5,2642.0
3762,2166,2024-H2,2.2,2642.0
3763,2167,2023-H1,2.9,4164.0
3764,2167,2023-H2,2.3,4164.0
3765,2167,2024-H1,2.2,4164.0
3766,2167,2024-H2,2.2,4164.0
3767,2168,2023-H1,3.8,1241.0
3768,2168,2023-H2,3.3,1241.0
3769,2168,2024-H1,3.3,1241.0
3770,2168,2024-H2,3.0,1241.0
3771,2169,2023-H1,2.9,1272.0
3772,2169,2023-H2,3.0,1272.0
3773,2169,2024-H1,4.0,1272.0
3774,2169,2024-H2,3.9,1272.0
3775,2170,2023-H2,1.9,2600.0
3776,2170,2024-H1,3.1,2600.0
3777,2170,2024-H2,3.3,2600.0
3778,2171,2023-H1,3.9,3526.0
3779,2171,2023-H2,3.9,3526.0
3780,2171,2024-H1,4.0,3526.0
3781,2172,2023-H1,2.5,2372.0
3782,2172,2023-H2,2.8,2372.0
3783,2172,2024-H1,2.3,2372.0
3784,2172,2024-H2,2.9,2372.0
3785,2173,2023-H1,4.0,1464.0
3786,2173,2023-H2,4.2,1464.0
3787,2173,2024-H1,4.3,1464.0
3788,2173,2024-H2,3.5,1464.0
3789,2174,2023-H1,1.5,2134.0
3790,2174,2023-H2,1.5,2134.0
3791,2174,2024-H1,1.6,2134.0
3792,2174,2024-H2,1.9,2134.0
3793,2175,2023-H1,4.2,1308.0
3794,2175,2023-H2,4.0,1308.0
3795,2175,2024-H1,4.4,1308.0
3796,2175,2024-H2,3.8,1308.0
3797,2176,2023-H1,2.6,1159.0
3798,2176,2023-H2,3.2,1159.0
3799,2176,2024-H1,2.8,1159.0
3800,2176,2024-H2,2.7,1159.0
3801,2177,2023-H1,3.0,4370.0
3802,2177,2023-H2,2.1,4370.0
3803,2177,2024-H1,2.7,4370.0
3804,2177,2024-H2,3.4,4370.0
3805,2178,2023-H1,3.2,1355.0
3806,2178,2023-H2,3.5,1355.0
3807,2178,2024-H1,2.2,1355.0
3808,2178,2024-H2,2.6,1355.0
3809,2179,2023-H1,4.1,5203.0
3810,2179,2023-H2,4.4,5203.0
3811,2179,2024-H1,4.2,5203.0
3812,2179,2024-H2,4.3,5203.0
3813,2181,2023-H1,2.8,3815.0
3814,2181,2023-H2,3.5,3815.0
3815,2181,2024-H1,2.9,3815.0
3816,2181,2024-H2,3.0,3815.0
3817,2182,2023-H2,4.0,4261.0
3818,2182,2024-H1,3.6,4261.0
3819,2182,2024-H2,3.7,4261.0
3820,2183,2023-H1,2.3,3531.0
3821,2183,2023-H2,3.3,3531.0
3822,2183,2024-H1,3.3,3531.0
3823,2183,2024-H2,2.9,3531.0
3824,2184,2023-H1,4.2,1136.0
3825,2184,2023-H2,4.4,1136.0
3826,2184,2024-H1,3.4,1136.0
3827,2184,2024-H2,4.2,1136.0
3828,2185,2023-H1,3.7,1538.0
3829,2185,2023-H2,3.7,1538.0
3830,2185,2024-H1,3.3,1538.0
3831,2185,2024-H2,3.1,1538.0
3832,2186,2023-H2,3.5,4026.0
3833,2186,2024-H1,3.2,4026.0
3834,2187,2023-H1,3.2,4198.0
3835,2187,2023-H2,3.7,4198.0
3836,2187,2024-H1,3.6,4198.0
3837,2187,2024-H2,3.1,4198.0
3838,2188,2023-H1,3.1,1653.0
3839,2188,2023-H2,3.4,1653.0
3840,2188,2024-H1,3.1,1653.0
3841,2188,2024-H2,3.3,1653.0
3842,2189,2023-H1,2.3,4493.0
3843,2189,2023-H2,1.9,4493.0
3844,2189,2024-H1,2.8,4493.0
3845,2189,2024-H2,1.8,4493.0
3846,2190,2023-H1,3.3,4528.0
3847,2190,2023-H2,3.8,4528.0
3848,2190,2024-H1,3.7,4528.0
3849,2190,2024-H2,4.1,4528.0
3850,2191,2023-H1,4.3,3612.0
3851,2191,2023-H2,4.6,3612.0
3852,2191,2024-H1,5.0,3612.0
3853,2191,2024-H2,4.2,3612.0
3854,2192,2024-H1,2.8,3715.0
3855,2192,2024-H2,3.5,3715.0
3856,2193,2023-H1,3.2,1222.0
3857,2193,2023-H2,3.3,1222.0
3858,2194,2023-H1,3.7,3774.0
3859,2194,2023-H2,3.6,3774.0
3860,2194,2024-H1,3.7,3774.0
3861,2194,2024-H2,3.1,3774.0
3862,2195,2023-H1,2.6,1040.0
3863,2195,2023-H2,3.8,1040.0
3864,2196,2023-H1,3.3,4584.0
3865,2196,2023-H2,3.2,4584.0
3866,2196,2024-H1,3.4,4584.0
3867,2196,2024-H2,2.9,4584.0
3868,2197,2023-H1,4.6,3049.0
3869,2197,2023-H2,4.8,3049.0
3870,2197,2024-H1,4.0,3049.0
3871,2197,2024-H2,4.7,3049.0
3872,2198,2023-H1,3.3,2033.0
3873,2198,2023-H2,3.7,2033.0
3874,2198,2024-H1,2.6,2033.0
3875,2198,2024-H2,3.5,2033.0
3876,2199,2023-H1,3.1,1253.0
3877,2199,2023-H2,3.7,1253.0
3878,2199,2024-H1,2.3,1253.0
3879,2199,2024-H2,2.7,1253.0
3880,2200,2023-H1,1.4,4815.0
3881,2200,2023-H2,1.3,4815.0
3882,2200,2024-H1,1.2,4815.0
3883,2200,2024-H2,1.7,4815.0
3884,2201,2023-H1,3.1,4240.0
3885,2201,2023-H2,2.7,4240.0
3886,2201,2024-H1,2.9,4240.0
3887,2201,2024-H2,2.5,4240.0
3888,2202,2024-H2,4.4,4617.0
3889,2203,2023-H1,3.2,4443.0
3890,2203,2023-H2,3.5,4443.0
3891,2203,2024-H1,4.2,4443.0
3892,2203,2024-H2,4.5,4443.0
3893,2204,2023-H1,3.4,3822.0
3894,2204,2023-H2,2.9,3822.0
3895,2204,2024-H1,3.3,3822.0
3896,2204,2024-H2,3.3,3822.0
3897,2205,2023-H1,2.4,3782.0
3898,2205,2023-H2,2.5,3782.0
3899,2205,2024-H1,2.4,3782.0
3900,2205,2024-H2,2.7,3782.0
3901,2206,2023-H1,3.8,2451.0
3902,2206,2023-H2,4.5,2451.0
3903,2206,2024-H1,3.9,2451.0
3904,2206,2024-H2,4.1,2451.0
3905,2207,2023-H1,3.9,5008.0
3906,2207,2023-H2,4.7,5008.0
3907,2207,2024-H1,4.3,5008.0
3908,2207,2024-H2,4.5,5008.0
3909,2208,2023-H1,2.9,4623.0
3910,2208,2023-H2,3.5,4623.0
3911,2208,2024-H1,4.0,4623.0
3912,2208,2024-H2,3.7,4623.0
3913,2209,2024-H2,4.2,4736.0
3914,2210,2023-H1,5.0,2763.0
3915,2211,2023-H1,3.2,5011.0
3916,2211,2023-H2,2.3,5011.0
3917,2211,2024-H1,3.3,5011.0
3918,2211,2024-H2,3.2,5011.0
3919,2212,2023-H1,4.0,1140.0
3920,2212,2023-H2,3.7,1140.0
3921,2212,2024-H1,4.0,1140.0
3922,2212,2024-H2,4.3,1140.0
3923,2213,2023-H1,3.2,4839.0
3924,2213,2023-H2,4.2,4839.0
3925,2213,2024-H1,2.9,4839.0
3926,2213,2024-H2,3.3,4839.0
3927,2214,2023-H1,3.1,1302.0
3928,2214,2023-H2,3.2,1302.0
3929,2214,2024-H1,1.9,1302.0
3930,2214,2024-H2,3.2,1302.0
3931,2215,2023-H1,3.2,3198.0
3932,2215,2023-H2,2.6,3198.0
3933,2215,2024-H1,2.5,3198.0
3934,2216,2023-H1,3.2,3672.0
3935,2216,2023-H2,3.9,3672.0
3936,2216,2024-H1,3.8,3672.0
3937,2216,2024-H2,4.3,3672.0
3938,2217,2023-H1,4.5,3413.0
3939,2217,2023-H2,4.4,3413.0
3940,2217,2024-H1,4.6,3413.0
3941,2217,2024-H2,3.5,3413.0
3942,2218,2023-H1,4.2,
3943,2218,2023-H2,3.8,
3944,2218,2024-H1,4.3,
3945,2218,2024-H2,4.1,
3946,2219,2023-H1,3.5,3699.0
3947,2219,2023-H2,3.6,3699.0
3948,2219,2024-H1,3.5,3699.0
3949,2219,2024-H2,2.6,3699.0
3950,2220,2023-H1,3.7,3257.0
3951,2220,2023-H2,3.3,3257.0
3952,2220,2024-H1,2.8,3257.0
3953,2220,2024-H2,3.0,3257.0
3954,2221,2023-H1,2.0,5171.0
3955,2221,2023-H2,1.1,5171.0
3956,2221,2024-H1,1.2,5171.0
3957,2221,2024-H2,2.1,5171.0
3958,2222,2023-H1,3.7,4397.0
3959,2222,2023-H2,3.4,4397.0
3960,2222,2024-H1,3.6,4397.0
3961,2222,2024-H2,3.2,4397.0
3962,2223,2024-H1,2.4,5003.0
3963,2223,2024-H2,2.6,5003.0
3964,2224,2023-H1,2.0,2956.0
3965,2224,2023-H2,1.9,2956.0
3966,2224,2024-H1,1.0,2956.0
3967,2224,2024-H2,1.7,2956.0
3968,2225,2023-H1,2.0,5464.0
3969,2225,2023-H2,2.7,5464.0
3970,2225,2024-H1,2.8,5464.0
3971,2225,2024-H2,3.3,5464.0
3972,2226,2023-H1,3.6,2112.0
3973,2226,2023-H2,3.4,2112.0
3974,2226,2024-H1,4.1,2112.0
3975,2226,2024-H2,4.8,2112.0
3976,2227,2023-H1,4.5,1126.0
3977,2227,2023-H2,4.4,1126.0
3978,2227,2024-H1,4.4,1126.0
3979,2227,2024-H2,4.2,1126.0
3980,2228,2023-H1,3.3,4174.0
3981,2228,2023-H2,3.1,4174.0
3982,2228,2024-H1,2.8,4174.0
3983,2228,2024-H2,3.1,4174.0
3984,2229,2024-H1,3.5,2921.0
3985,2229,2024-H2,3.7,2921.0
3986,2230,2023-H1,3.7,2335.0
3987,2230,2023-H2,3.5,2335.0
3988,2230,2024-H1,3.1,2335.0
3989,2230,2024-H2,3.2,2335.0
3990,2231,2023-H1,3.5,2336.0
3991,2231,2023-H2,3.3,2336.0
3992,2231,2024-H1,3.0,2336.0
3993,2231,2024-H2,3.5,2336.0
3994,2232,2023-H1,4.0,1209.0
3995,2232,2023-H2,3.2,1209.0
3996,2232,2024-H1,3.4,1209.0
3997,2232,2024-H2,2.7,1209.0
3998,2233,2023-H1,5.0,4053.0
3999,2233,2023-H2,4.4,4053.0
4000,2233,2024-H1,4.6,4053.0
4001,2233,2024-H2,5.0,4053.0
4002,2234,2023-H1,3.0,3798.0
4003,2234,2023-H2,3.6,3798.0
4004,2234,2024-H1,3.8,3798.0
4005,2234,2024-H2,3.6,3798.0
4006,2235,2023-H1,4.3,1728.0
4007,2235,2023-H2,4.2,1728.0
4008,2235,2024-H1,3.7,1728.0
4009,2235,2024-H2,3.7,1728.0
4010,2236,2023-H1,4.1,3294.0
4011,2236,2023-H2,4.7,3294.0
4012,2236,2024-H1,4.4,3294.0
4013,2236,2024-H2,4.3,3294.0
4014,2237,2023-H1,3.7,3425.0
4015,2237,2023-H2,4.0,3425.0
4016,2237,2024-H1,3.7,3425.0
4017,2237,2024-H2,3.7,3425.0
4018,2238,2023-H2,4.0,4668.0
4019,2238,2024-H1,4.4,4668.0
4020,2239,2023-H1,3.8,3487.0
4021,2239,2023-H2,4.5,3487.0
4022,2239,2024-H1,3.6,3487.0
4023,2239,2024-H2,4.9,3487.0
4024,2240,2023-H1,2.7,3231.0
4025,2240,2023-H2,3.0,3231.0
4026,2240,2024-H1,2.9,3231.0
4027,2240,2024-H2,2.9,3231.0
4028,2241,2023-H1,3.8,1098.0
4029,2241,2023-H2,3.8,1098.0
4030,2241,2024-H1,3.3,1098.0
4031,2241,2024-H2,4.3,1098.0
4032,2243,2023-H1,3.8,2825.0
4033,2243,2023-H2,4.1,2825.0
4034,2244,2023-H1,3.5,2382.0
4035,2244,2023-H2,3.5,2382.0
4036,2244,2024-H1,3.7,2382.0
4037,2244,2024-H2,3.7,2382.0
4038,2245,2024-H2,2.9,5242.0
4039,2246,2023-H1,2.3,3952.0
4040,2246,2023-H2,2.9,3952.0
4041,2246,2024-H1,2.5,3952.0
4042,2246,2024-H2,3.2,3952.0
4043,2247,2023-H1,3.4,3986.0
4044,2247,2023-H2,2.8,3986.0
4045,2247,2024-H1,2.4,3986.0
4046,2247,2024-H2,3.1,3986.0
4047,2248,2023-H1,3.1,1640.0
4048,2248,2023-H2,3.6,1640.0
4049,2248,2024-H1,4.0,1640.0
4050,2248,2024-H2,3.9,1640.0
4051,2249,2023-H1,2.5,2741.0
4052,2249,2023-H2,2.5,2741.0
4053,2249,2024-H1,1.8,2741.0
4054,2249,2024-H2,2.7,2741.0
4055,2250,2023-H1,4.0,1219.0
4056,2250,2023-H2,4.3,1219.0
4057,2250,2024-H1,3.8,1219.0
4058,2250,2024-H2,4.1,1219.0
4059,2251,2023-H1,3.2,4869.0
4060,2251,2023-H2,2.7,4869.0
4061,2251,2024-H1,3.3,4869.0
4062,2251,2024-H2,3.0,4869.0
4063,2252,2023-H1,3.2,4484.0
4064,2252,2023-H2,2.9,4484.0
4065,2252,2024-H1,2.1,4484.0
4066,2252,2024-H2,2.7,4484.0
4067,2253,2023-H1,3.6,4437.0
4068,2253,2023-H2,2.9,4437.0
4069,2253,2024-H1,2.9,4437.0
4070,2253,2024-H2,3.1,4437.0
4071,2254,2023-H1,3.8,5288.0
4072,2254,2023-H2,3.1,5288.0
4073,2254,2024-H1,3.7,5288.0
4074,2254,2024-H2,3.8,5288.0
4075,2255,2023-H1,4.4,4316.0
4076,2255,2023-H2,4.0,4316.0
4077,2255,2024-H1,4.2,4316.0
4078,2255,2024-H2,3.9,4316.0
4079,2256,2023-H1,2.8,1239.0
4080,2256,2023-H2,2.3,1239.0
4081,2256,2024-H1,2.8,1239.0
4082,2256,2024-H2,3.2,1239.0
4083,2257,2023-H1,4.5,4578.0
4084,2257,2023-H2,4.0,4578.0
4085,2257,2024-H1,4.1,4578.0
4086,2257,2024-H2,4.7,4578.0
4087,2258,2024-H1,4.4,1153.0
4088,2258,2024-H2,5.0,1153.0
4089,2259,2023-H1,4.0,4005.0
4090,2259,2023-H2,4.9,4005.0
4091,2259,2024-H1,4.1,4005.0
4092,2259,2024-H2,3.7,4005.0
4093,2260,2023-H1,3.6,5326.0
4094,2260,2023-H2,4.0,5326.0
4095,2260,2024-H1,3.6,5326.0
4096,2260,2024-H2,3.2,5326.0
4097,2261,2023-H1,3.4,5256.0
4098,2261,2023-H2,2.4,5256.0
4099,2261,2024-H1,2.8,5256.0
4100,2261,2024-H2,2.6,5256.0
4101,2262,2023-H2,2.8,4496.0
4102,2262,2024-H1,3.8,4496.0
4103,2262,2024-H2,2.5,4496.0
4104,2263,2023-H1,2.7,1886.0
4105,2263,2023-H2,3.3,1886.0
4106,2263,2024-H1,2.8,1886.0
4107,2263,2024-H2,3.6,1886.0
4108,2264,2023-H1,4.7,3659.0
4109,2264,2023-H2,5.0,3659.0
4110,2264,2024-H1,4.8,3659.0
4111,2264,2024-H2,5.0,3659.0
4112,2265,2023-H1,2.5,4428.0
4113,2265,2023-H2,3.5,4428.0
4114,2265,2024-H1,3.5,4428.0
4115,2265,2024-H2,3.3,4428.0
4116,2266,2023-H1,2.5,4818.0
4117,2266,2023-H2,2.8,4818.0
4118,2266,2024-H1,3.1,4818.0
4119,2266,2024-H2,3.8,4818.0
4120,2267,2023-H1,4.7,1761.0
4121,2267,2023-H2,4.8,1761.0
4122,2267,2024-H1,4.9,1761.0
4123,2267,2024-H2,4.7,1761.0
4124,2268,2023-H1,4.9,1288.0
4125,2268,2023-H2,4.3,1288.0
4126,2268,2024-H1,4.7,1288.0
4127,2268,2024-H2,4.5,1288.0
4128,2269,2023-H1,3.3,1909.0
4129,2269,2023-H2,3.5,1909.0
4130,2269,2024-H1,3.8,1909.0
4131,2270,2023-H1,2.4,2216.0
4132,2270,2023-H2,2.6,2216.0
4133,2270,2024-H1,2.9,2216.0
4134,2270,2024-H2,2.7,2216.0
4135,2272,2023-H1,2.5,3204.0
4136,2272,2023-H2,2.5,3204.0
4137,2274,2024-H1,1.3,1348.0
4138,2274,2024-H2,2.0,1348.0
4139,2275,2023-H1,5.0,1417.0
4140,2275,2023-H2,4.3,1417.0
4141,2275,2024-H1,3.9,1417.0
4142,2275,2024-H2,4.7,1417.0
4143,2276,2023-H1,4.2,3103.0
4144,2276,2023-H2,4.6,3103.0
4145,2276,2024-H1,3.9,3103.0
4146,2276,2024-H2,4.2,3103.0
4147,2277,2023-H1,3.0,4090.0
4148,2277,2023-H2,1.9,4090.0
4149,2277,2024-H1,2.8,4090.0
4150,2277,2024-H2,1.7,4090.0
4151,2279,2023-H1,3.5,2546.0
4152,2279,2023-H2,3.4,2546.0
4153,2279,2024-H1,3.2,2546.0
4154,2279,2024-H2,4.8,2546.0
4155,2280,2023-H1,1.9,4863.0
4156,2280,2023-H2,3.1,4863.0
4157,2281,2023-H1,4.4,2112.0
4158,2281,2023-H2,4.6,2112.0
4159,2281,2024-H1,3.6,2112.0
4160,2281,2024-H2,3.8,2112.0
4161,2282,2023-H1,4.6,3810.0
4162,2282,2023-H2,4.0,3810.0
4163,2282,2024-H1,4.2,3810.0
4164,2282,2024-H2,4.4,3810.0
4165,2283,2023-H1,3.5,3382.0
4166,2283,2023-H2,3.1,3382.0
4167,2283,2024-H1,3.0,3382.0
4168,2283,2024-H2,2.6,3382.0
4169,2284,2023-H1,2.7,3625.0
4170,2284,2023-H2,2.7,3625.0
4171,2284,2024-H1,2.8,3625.0
4172,2284,2024-H2,3.3,3625.0
4173,2285,2023-H1,3.4,2948.0
4174,2285,2023-H2,2.7,2948.0
4175,2285,2024-H1,3.4,2948.0
4176,2285,2024-H2,3.6,2948.0
4177,2286,2023-H1,3.3,4839.0
4178,2286,2023-H2,3.3,4839.0
4179,2286,2024-H1,3.4,4839.0
4180,2286,2024-H2,3.3,4839.0
4181,2287,2023-H1,2.9,4061.0
4182,2287,2023-H2,3.6,4061.0
4183,2287,2024-H1,3.4,4061.0
4184,2287,2024-H2,3.6,4061.0
4185,2288,2023-H1,2.6,3073.0
4186,2288,2023-H2,2.3,3073.0
4187,2288,2024-H1,2.3,3073.0
4188,2288,2024-H2,2.2,3073.0
4189,2289,2023-H1,3.6,3439.0
4190,2289,2023-H2,3.3,3439.0
4191,2289,2024-H1,2.7,3439.0
4192,2289,2024-H2,3.2,3439.0
4193,2291,2023-H1,4.0,2742.0
4194,2291,2023-H2,4.0,2742.0
4195,2291,2024-H1,3.8,2742.0
4196,2292,2023-H1,3.0,3404.0
4197,2292,2023-H2,2.8,3404.0
4198,2292,2024-H1,3.2,3404.0
4199,2292,2024-H2,3.2,3404.0
4200,2294,2023-H1,3.4,1640.0
4201,2294,2023-H2,4.7,1640.0
4202,2294,2024-H1,3.5,1640.0
4203,2294,2024-H2,3.0,1640.0
4204,2295,2023-H1,4.0,4498.0
4205,2295,2023-H2,3.7,4498.0
4206,2295,2024-H1,3.2,4498.0
4207,2295,2024-H2,4.1,4498.0
4208,2296,2023-H1,2.5,3622.0
4209,2296,2023-H2,2.8,3622.0
4210,2296,2024-H1,2.9,3622.0
4211,2296,2024-H2,3.7,3622.0
4212,2297,2023-H1,3.3,5351.0
4213,2297,2023-H2,3.8,5351.0
4214,2297,2024-H1,5.0,5351.0
4215,2297,2024-H2,4.2,5351.0
4216,2298,2023-H1,2.6,5322.0
4217,2298,2023-H2,3.2,5322.0
4218,2298,2024-H1,2.7,5322.0
4219,2298,2024-H2,3.5,5322.0
4220,2299,2023-H1,3.5,4982.0
4221,2299,2023-H2,3.9,4982.0
4222,2299,2024-H1,2.8,4982.0
4223,2299,2024-H2,3.7,4982.0
4224,2300,2023-H1,3.9,3037.0
4225,2300,2023-H2,3.7,3037.0
4226,2300,2024-H1,3.7,3037.0
4227,2300,2024-H2,3.3,3037.0
4228,2301,2023-H1,4.5,5380.0
4229,2301,2023-H2,4.6,5380.0
4230,2301,2024-H1,4.7,5380.0
4231,2301,2024-H2,4.0,5380.0
4232,2302,2023-H1,3.8,4311.0
4233,2302,2023-H2,3.2,4311.0
4234,2302,2024-H1,4.0,4311.0
4235,2302,2024-H2,3.0,4311.0
4236,2303,2023-H2,3.9,2979.0
4237,2303,2024-H1,3.7,2979.0
4238,2303,2024-H2,3.7,2979.0
4239,2304,2023-H1,4.1,5428.0
4240,2304,2023-H2,5.0,5428.0
4241,2304,2024-H1,4.6,5428.0
4242,2304,2024-H2,4.0,5428.0
4243,2305,2024-H2,3.7,3307.0
4244,2307,2023-H1,4.4,5203.0
4245,2307,2023-H2,4.2,5203.0
4246,2307,2024-H1,5.0,5203.0
4247,2307,2024-H2,4.3,5203.0
4248,2308,2023-H1,4.4,2279.0
4249,2308,2023-H2,2.8,2279.0
4250,2308,2024-H1,4.1,2279.0
4251,2308,2024-H2,4.2,2279.0
4252,2309,2023-H1,3.6,1222.0
4253,2309,2023-H2,4.4,1222.0
4254,2309,2024-H1,4.1,1222.0
4255,2309,2024-H2,4.2,1222.0
4256,2310,2023-H1,3.3,1692.0
4257,2310,2023-H2,3.1,1692.0
4258,2310,2024-H1,2.6,1692.0
4259,2310,2024-H2,3.2,1692.0
4260,2311,2023-H1,4.2,5062.0
4261,2311,2023-H2,4.7,5062.0
4262,2311,2024-H1,5.0,5062.0
4263,2311,2024-H2,4.5,5062.0
4264,2313,2023-H1,5.0,1205.0
4265,2313,2023-H2,3.8,1205.0
4266,2313,2024-H1,4.6,1205.0
4267,2313,2024-H2,4.9,1205.0
4268,2314,2024-H2,3.5,2884.0
4269,2315,2023-H1,4.7,2086.0
4270,2315,2023-H2,3.6,2086.0
4271,2315,2024-H1,4.4,2086.0
4272,2315,2024-H2,3.8,2086.0
4273,2316,2023-H1,3.6,1429.0
4274,2316,2023-H2,4.1,1429.0
4275,2316,2024-H1,3.6,1429.0
4276,2316,2024-H2,3.5,1429.0
4277,2317,2023-H1,3.9,3609.0
4278,2317,2023-H2,4.1,3609.0
4279,2317,2024-H1,3.9,3609.0
4280,2317,2024-H2,4.0,3609.0
4281,2318,2023-H1,4.0,3052.0
4282,2318,2023-H2,4.3,3052.0
4283,2318,2024-H1,3.3,3052.0
4284,2318,2024-H2,3.6,3052.0
4285,2319,2023-H2,3.1,5314.0
4286,2319,2024-H1,3.4,5314.0
4287,2319,2024-H2,3.9,5314.0
4288,2320,2023-H1,2.6,1025.0
4289,2320,2023-H2,1.8,1025.0
4290,2320,2024-H1,2.7,1025.0
4291,2320,2024-H2,2.5,1025.0
4292,2321,2023-H1,2.8,4969.0
4293,2321,2023-H2,2.3,4969.0
4294,2321,2024-H1,2.2,4969.0
4295,2321,2024-H2,2.6,4969.0
4296,2322,2023-H1,2.2,4682.0
4297,2322,2023-H2,3.0,4682.0
4298,2322,2024-H1,3.0,4682.0
4299,2322,2024-H2,3.3,4682.0
4300,2323,2023-H1,3.7,4525.0
4301,2323,2023-H2,2.5,4525.0
4302,2323,2024-H1,3.2,4525.0
4303,2323,2024-H2,2.4,4525.0
4304,2324,2023-H1,4.7,2828.0
4305,2324,2023-H2,5.0,2828.0
4306,2324,2024-H1,5.0,2828.0
4307,2324,2024-H2,5.0,2828.0
4308,2325,2023-H1,4.6,2147.0
4309,2325,2023-H2,4.4,2147.0
4310,2325,2024-H1,4.6,2147.0
4311,2325,2024-H2,3.6,2147.0
4312,2326,2023-H1,3.7,3952.0
4313,2326,2023-H2,3.6,3952.0
4314,2326,2024-H1,3.9,3952.0
4315,2326,2024-H2,3.6,3952.0
4316,2327,2023-H1,4.0,4012.0
4317,2327,2023-H2,3.3,4012.0
4318,2327,2024-H1,3.7,4012.0
4319,2327,2024-H2,3.7,4012.0
4320,2328,2023-H1,3.3,2764.0
4321,2328,2023-H2,2.5,2764.0
4322,2328,2024-H1,3.3,2764.0
4323,2328,2024-H2,2.7,2764.0
4324,2329,2023-H1,2.6,2066.0
4325,2329,2023-H2,3.2,2066.0
4326,2329,2024-H1,3.1,2066.0
4327,2329,2024-H2,2.7,2066.0
4328,2330,2023-H1,2.4,5203.0
4329,2330,2023-H2,4.1,5203.0
4330,2330,2024-H1,3.3,5203.0
4331,2330,2024-H2,2.6,5203.0
4332,2331,2023-H1,5.0,3603.0
4333,2331,2023-H2,5.0,3603.0
4334,2331,2024-H1,4.8,3603.0
4335,2331,2024-H2,4.5,3603.0
4336,2332,2023-H1,1.9,3789.0
4337,2332,2023-H2,2.3,3789.0
4338,2332,2024-H1,2.8,3789.0
4339,2332,2024-H2,2.2,3789.0
4340,2333,2023-H1,3.5,2928.0
4341,2333,2023-H2,4.3,2928.0
4342,2333,2024-H1,3.5,2928.0
4343,2333,2024-H2,3.6,2928.0
4344,2334,2023-H1,3.3,5484.0
4345,2334,2023-H2,3.3,5484.0
4346,2334,2024-H1,3.3,5484.0
4347,2334,2024-H2,3.4,5484.0
4348,2335,2023-H1,4.9,3172.0
4349,2335,2023-H2,4.6,3172.0
4350,2335,2024-H1,5.0,3172.0
4351,2335,2024-H2,4.4,3172.0
4352,2336,2024-H1,2.9,3735.0
4353,2336,2024-H2,3.1,3735.0
4354,2337,2023-H1,4.3,1092.0
4355,2337,2023-H2,4.2,1092.0
4356,2337,2024-H1,4.5,1092.0
4357,2337,2024-H2,3.5,1092.0
4358,2338,2023-H1,3.8,2603.0
4359,2338,2023-H2,3.6,2603.0
4360,2338,2024-H1,3.7,2603.0
4361,2338,2024-H2,3.9,2603.0
4362,2339,2023-H1,4.2,3101.0
4363,2339,2023-H2,3.7,3101.0
4364,2339,2024-H1,3.6,3101.0
4365,2339,2024-H2,3.9,3101.0
4366,2340,2023-H2,2.5,4182.0
4367,2340,2024-H1,3.0,4182.0
4368,2340,2024-H2,2.6,4182.0
4369,2341,2023-H1,3.4,2079.0
4370,2341,2023-H2,2.4,2079.0
4371,2341,2024-H1,3.2,2079.0
4372,2341,2024-H2,3.4,2079.0
4373,2342,2023-H1,3.1,4732.0
4374,2342,2023-H2,2.9,4732.0
4375,2342,2024-H1,2.7,4732.0
4376,2342,2024-H2,4.3,4732.0
4377,2343,2023-H1,3.2,2767.0
4378,2343,2023-H2,3.8,2767.0
4379,2343,2024-H1,3.3,2767.0
4380,2343,2024-H2,3.4,2767.0
4381,2344,2023-H1,2.2,5171.0
4382,2344,2023-H2,1.4,5171.0
4383,2344,2024-H1,1.5,5171.0
4384,2344,2024-H2,1.9,5171.0
4385,2345,2023-H1,3.4,1795.0
4386,2345,2023-H2,4.1,1795.0
4387,2345,2024-H1,3.6,1795.0
4388,2345,2024-H2,3.1,1795.0
4389,2346,2023-H1,3.9,1757.0
4390,2346,2023-H2,3.6,1757.0
4391,2346,2024-H1,4.3,1757.0
4392,2346,2024-H2,4.0,1757.0
4393,2347,2023-H1,4.5,2413.0
4394,2347,2023-H2,4.4,2413.0
4395,2347,2024-H1,4.3,2413.0
4396,2347,2024-H2,4.0,2413.0
4397,2349,2023-H1,3.7,1471.0
4398,2349,2023-H2,3.5,1471.0
4399,2349,2024-H1,3.7,1471.0
4400,2349,2024-H2,3.4,1471.0
4401,2350,2023-H1,1.9,5466.0
4402,2350,2023-H2,2.3,5466.0
4403,2350,2024-H1,2.4,5466.0
4404,2350,2024-H2,2.9,5466.0
4405,2351,2023-H1,3.5,2112.0
4406,2351,2023-H2,3.2,2112.0
4407,2351,2024-H1,3.9,2112.0
4408,2351,2024-H2,3.6,2112.0
4409,2352,2023-H1,2.9,2147.0
4410,2352,2023-H2,3.3,2147.0
4411,2352,2024-H1,2.3,2147.0
4412,2352,2024-H2,2.9,2147.0
4413,2353,2023-H1,3.9,3632.0
4414,2353,2023-H2,3.5,3632.0
4415,2353,2024-H1,4.2,3632.0
4416,2353,2024-H2,4.2,3632.0
4417,2354,2023-H2,2.8,3442.0
4418,2354,2024-H1,2.6,3442.0
4419,2354,2024-H2,2.4,3442.0
4420,2355,2023-H1,3.4,3781.0
4421,2355,2023-H2,3.5,3781.0
4422,2355,2024-H1,3.8,3781.0
4423,2355,2024-H2,3.1,3781.0
4424,2356,2023-H1,3.3,2808.0
4425,2356,2023-H2,2.8,2808.0
4426,2356,2024-H1,3.5,2808.0
4427,2356,2024-H2,3.7,2808.0
4428,2357,2023-H1,1.8,4067.0
4429,2357,2023-H2,2.3,4067.0
4430,2357,2024-H1,2.1,4067.0
4431,2357,2024-H2,2.0,4067.0
4432,2358,2023-H1,3.4,1207.0
4433,2358,2023-H2,2.9,1207.0
4434,2358,2024-H1,2.8,1207.0
4435,2358,2024-H2,3.0,1207.0
4436,2359,2023-H1,4.1,2846.0
4437,2359,2023-H2,4.0,2846.0
4438,2359,2024-H1,4.1,2846.0
4439,2359,2024-H2,4.7,2846.0
4440,2360,2023-H1,3.3,4286.0
4441,2360,2023-H2,3.1,4286.0
4442,2360,2024-H1,3.2,4286.0
4443,2360,2024-H2,3.2,4286.0
4444,2361,2023-H1,5.0,1445.0
4445,2361,2023-H2,3.7,1445.0
4446,2361,2024-H1,4.1,1445.0
4447,2361,2024-H2,4.1,1445.0
4448,2362,2023-H1,2.5,3198.0
4449,2362,2023-H2,3.5,3198.0
4450,2362,2024-H1,3.0,3198.0
4451,2362,2024-H2,2.6,3198.0
4452,2363,2023-H1,4.3,3756.0
4453,2363,2023-H2,5.0,3756.0
4454,2363,2024-H1,4.3,3756.0
4455,2363,2024-H2,4.5,3756.0
4456,2364,2023-H1,2.2,3470.0
4457,2364,2023-H2,2.2,3470.0
4458,2364,2024-H1,2.4,3470.0
4459,2364,2024-H2,2.8,3470.0
4460,2365,2023-H1,4.7,3978.0
4461,2365,2023-H2,4.2,3978.0
4462,2365,2024-H1,4.0,3978.0
4463,2365,2024-H2,3.8,3978.0
4464,2366,2023-H1,2.3,4287.0
4465,2366,2023-H2,2.0,4287.0
4466,2366,2024-H1,2.8,4287.0
4467,2366,2024-H2,3.7,4287.0
4468,2367,2024-H1,3.7,1905.0
4469,2367,2024-H2,5.0,1905.0
4470,2369,2023-H1,2.0,3699.0
4471,2369,2023-H2,3.1,3699.0
4472,2369,2024-H1,1.6,3699.0
4473,2369,2024-H2,2.9,3699.0
4474,2370,2023-H1,3.8,1751.0
4475,2370,2023-H2,3.4,1751.0
4476,2370,2024-H1,3.4,1751.0
4477,2370,2024-H2,4.2,1751.0
4478,2371,2023-H1,4.5,2768.0
4479,2371,2023-H2,4.9,2768.0
4480,2371,2024-H1,4.7,2768.0
4481,2371,2024-H2,4.3,2768.0
4482,2372,2023-H1,2.3,4150.0
4483,2372,2023-H2,2.6,4150.0
4484,2372,2024-H1,3.2,4150.0
4485,2372,2024-H2,2.5,4150.0
4486,2373,2023-H1,5.0,4484.0
4487,2373,2023-H2,5.0,4484.0
4488,2373,2024-H1,5.0,4484.0
4489,2373,2024-H2,5.0,4484.0
4490,2374,2024-H1,4.4,1721.0
4491,2375,2024-H2,4.4,2184.0
4492,2376,2023-H1,3.3,4497.0
4493,2376,2023-H2,4.2,4497.0
4494,2376,2024-H1,4.1,4497.0
4495,2376,2024-H2,3.9,4497.0
4496,2377,2023-H1,5.0,4241.0
4497,2377,2023-H2,4.4,4241.0
4498,2377,2024-H1,4.2,4241.0
4499,2377,2024-H2,4.9,4241.0
4500,2378,2023-H2,2.8,2321.0
4501,2379,2024-H1,3.5,1764.0
4502,2379,2024-H2,3.6,1764.0
4503,2380,2023-H1,2.9,1804.0
4504,2380,2023-H2,2.7,1804.0
4505,2380,2024-H1,3.2,1804.0
4506,2380,2024-H2,3.1,1804.0
4507,2381,2023-H1,3.6,4289.0
4508,2381,2023-H2,3.7,4289.0
4509,2381,2024-H1,3.7,4289.0
4510,2381,2024-H2,3.3,4289.0
4511,2382,2023-H1,3.0,1068.0
4512,2382,2023-H2,2.5,1068.0
4513,2382,2024-H1,1.9,1068.0
4514,2382,2024-H2,2.1,1068.0
4515,2383,2023-H1,3.7,1844.0
4516,2383,2023-H2,3.6,1844.0
4517,2383,2024-H1,4.6,1844.0
4518,2383,2024-H2,4.4,1844.0
4519,2384,2023-H1,3.1,4476.0
4520,2384,2023-H2,2.9,4476.0
4521,2384,2024-H1,2.6,4476.0
4522,2384,2024-H2,3.0,4476.0
4523,2385,2023-H1,3.3,1958.0
4524,2385,2023-H2,2.4,1958.0
4525,2385,2024-H1,2.3,1958.0
4526,2385,2024-H2,2.9,1958.0
4527,2386,2024-H1,3.3,3756.0
4528,2386,2024-H2,3.4,3756.0
4529,2387,2023-H1,3.0,1337.0
4530,2387,2023-H2,3.3,1337.0
4531,2387,2024-H1,3.1,1337.0
4532,2387,2024-H2,3.6,1337.0
4533,2391,2023-H1,3.5,4518.0
4534,2391,2023-H2,2.3,4518.0
4535,2391,2024-H1,2.7,4518.0
4536,2391,2024-H2,3.2,4518.0
4537,2392,2023-H1,2.5,1939.0
4538,2392,2023-H2,2.7,1939.0
4539,2392,2024-H1,3.3,1939.0
4540,2392,2024-H2,2.9,1939.0
4541,2393,2023-H1,5.0,2800.0
4542,2393,2023-H2,5.0,2800.0
4543,2394,2023-H1,4.8,5111.0
4544,2394,2023-H2,4.8,5111.0
4545,2394,2024-H1,3.6,5111.0
4546,2394,2024-H2,4.7,5111.0
4547,2395,2023-H1,4.7,2570.0
4548,2395,2023-H2,5.0,2570.0
4549,2395,2024-H1,4.9,2570.0
4550,2395,2024-H2,4.7,2570.0
4551,2396,2023-H1,3.4,4150.0
4552,2396,2023-H2,3.7,4150.0
4553,2396,2024-H1,2.6,4150.0
4554,2396,2024-H2,3.4,4150.0
4555,2397,2023-H1,4.8,2602.0
4556,2397,2023-H2,4.2,2602.0
4557,2397,2024-H1,3.8,2602.0
4558,2397,2024-H2,4.9,2602.0
4559,2398,2023-H1,3.3,3073.0
4560,2398,2023-H2,2.1,3073.0
4561,2398,2024-H1,2.9,3073.0
4562,2398,2024-H2,3.1,3073.0
4563,2399,2023-H1,4.1,4711.0
4564,2399,2023-H2,3.1,4711.0
4565,2399,2024-H1,2.8,4711.0
4566,2399,2024-H2,3.5,4711.0
4567,2400,2023-H1,3.4,1355.0
4568,2400,2023-H2,3.9,1355.0
4569,2400,2024-H1,3.6,1355.0
4570,2400,2024-H2,3.0,1355.0
4571,2401,2023-H1,5.0,2518.0
4572,2401,2023-H2,4.8,2518.0
4573,2401,2024-H1,5.0,2518.0
4574,2401,2024-H2,5.0,2518.0
4575,2402,2023-H2,3.7,1828.0
4576,2402,2024-H1,4.1,1828.0
4577,2402,2024-H2,4.3,1828.0
4578,2403,2023-H1,4.7,4012.0
4579,2403,2023-H2,5.0,4012.0
4580,2403,2024-H1,4.6,4012.0
4581,2403,2024-H2,4.3,4012.0
4582,2404,2023-H1,4.3,3345.0
4583,2404,2023-H2,4.5,3345.0
4584,2404,2024-H1,3.9,3345.0
4585,2404,2024-H2,5.0,3345.0
4586,2405,2023-H1,3.5,2106.0
4587,2405,2023-H2,3.0,2106.0
4588,2405,2024-H1,3.1,2106.0
4589,2405,2024-H2,2.8,2106.0
4590,2406,2023-H1,4.0,2172.0
4591,2406,2023-H2,2.9,2172.0
4592,2406,2024-H1,3.0,2172.0
4593,2406,2024-H2,3.5,2172.0
4594,2407,2023-H1,3.0,3535.0
4595,2407,2023-H2,3.6,3535.0
4596,2407,2024-H1,3.1,3535.0
4597,2407,2024-H2,2.9,3535.0
4598,2409,2023-H1,3.5,5494.0
4599,2409,2023-H2,3.6,5494.0
4600,2409,2024-H1,3.5,5494.0
4601,2409,2024-H2,3.4,5494.0
4602,2410,2023-H1,2.8,3772.0
4603,2410,2023-H2,3.0,3772.0
4604,2410,2024-H1,2.3,3772.0
4605,2410,2024-H2,2.2,3772.0
4606,2411,2023-H1,2.8,4815.0
4607,2411,2023-H2,3.5,4815.0
4608,2411,2024-H1,3.3,4815.0
4609,2411,2024-H2,3.7,4815.0
4610,2412,2023-H1,4.0,5354.0
4611,2412,2023-H2,4.0,5354.0
4612,2412,2024-H1,4.6,5354.0
4613,2412,2024-H2,3.7,5354.0
4614,2413,2023-H2,3.1,5095.0
4615,2413,2024-H1,4.3,5095.0
4616,2413,2024-H2,3.2,5095.0
4617,2414,2023-H1,4.4,
4618,2414,2023-H2,3.8,
4619,2414,2024-H1,3.8,
4620,2414,2024-H2,4.5,
4621,2415,2023-H1,2.3,1793.0
4622,2415,2023-H2,3.3,1793.0
4623,2415,2024-H1,2.3,1793.0
4624,2415,2024-H2,2.5,1793.0
4625,2416,2023-H1,3.9,2866.0
4626,2416,2023-H2,2.5,2866.0
4627,2416,2024-H1,3.8,2866.0
4628,2416,2024-H2,3.8,2866.0
4629,2417,2023-H1,4.6,3770.0
4630,2417,2023-H2,4.6,3770.0
4631,2417,2024-H1,4.5,3770.0
4632,2417,2024-H2,4.7,3770.0
4633,2418,2023-H1,2.9,5054.0
4634,2418,2023-H2,3.7,5054.0
4635,2418,2024-H1,3.3,5054.0
4636,2418,2024-H2,3.3,5054.0
4637,2419,2023-H1,3.8,1804.0
4638,2419,2023-H2,4.6,1804.0
4639,2419,2024-H1,4.0,1804.0
4640,2419,2024-H2,4.6,1804.0
4641,2420,2023-H2,4.3,2736.0
4642,2420,2024-H1,3.7,2736.0
4643,2420,2024-H2,4.1,2736.0
4644,2421,2023-H1,4.1,1159.0
4645,2421,2023-H2,3.6,1159.0
4646,2421,2024-H1,3.9,1159.0
4647,2421,2024-H2,3.5,1159.0
4648,2422,2023-H2,4.0,1557.0
4649,2422,2024-H1,4.0,1557.0
4650,2423,2024-H2,3.8,5009.0
4651,2424,2023-H1,3.8,2799.0
4652,2424,2023-H2,3.0,2799.0
4653,2424,2024-H1,2.7,2799.0
4654,2424,2024-H2,3.3,2799.0
4655,2425,2023-H1,4.2,4295.0
4656,2425,2023-H2,4.5,4295.0
4657,2425,2024-H1,3.5,4295.0
4658,2425,2024-H2,4.4,4295.0
4659,2426,2023-H2,3.0,1153.0
4660,2426,2024-H1,3.7,1153.0
4661,2427,2023-H1,4.6,1254.0
4662,2427,2023-H2,4.6,1254.0
4663,2427,2024-H1,4.6,1254.0
4664,2427,2024-H2,4.3,1254.0
4665,2428,2023-H1,4.2,4241.0
4666,2428,2023-H2,4.1,4241.0
4667,2428,2024-H1,4.1,4241.0
4668,2428,2024-H2,3.9,4241.0
4669,2429,2023-H2,3.0,3378.0
4670,2429,2024-H1,3.7,3378.0
4671,2429,2024-H2,2.9,3378.0
4672,2430,2023-H1,2.7,2193.0
4673,2430,2023-H2,3.1,2193.0
4674,2430,2024-H1,2.4,2193.0
4675,2430,2024-H2,3.1,2193.0
4676,2431,2023-H2,1.7,4602.0
4677,2431,2024-H1,2.1,4602.0
4678,2431,2024-H2,2.0,4602.0
4679,2432,2023-H1,2.2,1103.0
4680,2432,2023-H2,2.2,1103.0
4681,2432,2024-H1,2.2,1103.0
4682,2432,2024-H2,1.8,1103.0
4683,2433,2023-H1,2.9,1020.0
4684,2433,2023-H2,2.8,1020.0
4685,2433,2024-H1,2.1,1020.0
4686,2433,2024-H2,3.5,1020.0
4687,2434,2024-H2,3.3,4312.0
4688,2435,2023-H1,2.9,5347.0
4689,2435,2023-H2,3.4,5347.0
4690,2435,2024-H1,3.5,5347.0
4691,2435,2024-H2,2.8,5347.0
4692,2436,2023-H1,3.3,4732.0
4693,2437,2023-H1,3.4,1088.0
4694,2437,2023-H2,3.1,1088.0
4695,2437,2024-H1,3.7,1088.0
4696,2437,2024-H2,3.4,1088.0
4697,2438,2023-H1,3.1,4225.0
4698,2438,2023-H2,3.3,4225.0
4699,2438,2024-H1,3.4,4225.0
4700,2438,2024-H2,3.4,4225.0
4701,2439,2023-H1,2.7,3756.0
4702,2439,2023-H2,2.4,3756.0
4703,2439,2024-H1,3.5,3756.0
4704,2439,2024-H2,2.9,3756.0
4705,2440,2023-H1,2.9,4143.0
4706,2440,2023-H2,3.9,4143.0
4707,2440,2024-H1,3.7,4143.0
4708,2440,2024-H2,3.5,4143.0
4709,2441,2023-H1,3.8,4969.0
4710,2441,2023-H2,3.4,4969.0
4711,2441,2024-H1,3.5,4969.0
4712,2441,2024-H2,2.5,4969.0
4713,2442,2024-H1,2.9,2352.0
4714,2443,2023-H1,3.1,1020.0
4715,2443,2023-H2,3.4,1020.0
4716,2443,2024-H1,3.4,1020.0
4717,2443,2024-H2,3.5,1020.0
4718,2444,2023-H1,3.4,3148.0
4719,2444,2023-H2,2.9,3148.0
4720,2444,2024-H1,2.8,3148.0
4721,2444,2024-H2,3.4,3148.0
4722,2445,2023-H1,4.3,2596.0
4723,2445,2023-H2,3.8,2596.0
4724,2445,2024-H1,3.7,2596.0
4725,2445,2024-H2,4.0,2596.0
4726,2446,2023-H1,4.1,4611.0
4727,2446,2023-H2,3.7,4611.0
4728,2446,2024-H1,4.4,4611.0
4729,2446,2024-H2,3.5,4611.0
4730,2447,2023-H1,2.5,2481.0
4731,2447,2023-H2,2.5,2481.0
4732,2447,2024-H1,1.9,2481.0
4733,2447,2024-H2,2.6,2481.0
4734,2448,2023-H1,4.3,5070.0
4735,2448,2023-H2,3.6,5070.0
4736,2448,2024-H1,3.2,5070.0
4737,2448,2024-H2,3.5,5070.0
4738,2449,2023-H1,2.6,4012.0
4739,2449,2023-H2,2.3,4012.0
4740,2449,2024-H1,3.2,4012.0
4741,2449,2024-H2,3.6,4012.0
4742,2450,2023-H1,3.6,3811.0
4743,2450,2023-H2,2.3,3811.0
4744,2450,2024-H1,2.4,3811.0
4745,2450,2024-H2,2.3,3811.0
4746,2452,2024-H1,4.4,4010.0
4747,2452,2024-H2,4.0,4010.0
4748,2453,2023-H1,2.6,2256.0
4749,2453,2023-H2,3.3,2256.0
4750,2453,2024-H1,2.9,2256.0
4751,2453,2024-H2,3.3,2256.0
4752,2454,2023-H1,2.7,3279.0
4753,2454,2023-H2,2.5,3279.0
4754,2454,2024-H1,2.8,3279.0
4755,2454,2024-H2,2.9,3279.0
4756,2455,2023-H1,3.2,1701.0
4757,2455,2023-H2,2.9,1701.0
4758,2455,2024-H1,2.9,1701.0
4759,2455,2024-H2,2.6,1701.0
4760,2456,2023-H1,3.2,2002.0
4761,2456,2023-H2,4.7,2002.0
4762,2456,2024-H1,3.3,2002.0
4763,2456,2024-H2,4.2,2002.0
4764,2457,2023-H1,3.1,1965.0
4765,2457,2023-H2,2.7,1965.0
4766,2457,2024-H1,2.4,1965.0
4767,2457,2024-H2,2.8,1965.0
4768,2458,2023-H1,3.7,4412.0
4769,2458,2023-H2,4.2,4412.0
4770,2458,2024-H1,4.2,4412.0
4771,2458,2024-H2,3.8,4412.0
4772,2459,2023-H2,2.0,2243.0
4773,2460,2023-H1,4.9,1675.0
4774,2460,2023-H2,4.0,1675.0
4775,2460,2024-H1,3.6,1675.0
4776,2460,2024-H2,3.3,1675.0
4777,2461,2023-H1,2.9,4619.0
4778,2461,2023-H2,3.1,4619.0
4779,2461,2024-H1,2.1,4619.0
4780,2461,2024-H2,2.2,4619.0
4781,2462,2023-H1,3.9,5069.0
4782,2462,2023-H2,4.2,5069.0
4783,2462,2024-H1,3.6,5069.0
4784,2462,2024-H2,3.7,5069.0
4785,2463,2023-H1,3.6,5018.0
4786,2463,2023-H2,4.5,5018.0
4787,2463,2024-H1,4.3,5018.0
4788,2463,2024-H2,4.4,5018.0
4789,2464,2023-H1,4.6,2938.0
4790,2464,2023-H2,4.2,2938.0
4791,2464,2024-H1,4.5,2938.0
4792,2464,2024-H2,4.0,2938.0
4793,2465,2023-H1,4.3,2013.0
4794,2465,2023-H2,4.0,2013.0
4795,2465,2024-H1,4.3,2013.0
4796,2465,2024-H2,3.9,2013.0
4797,2466,2023-H1,3.3,3041.0
4798,2466,2023-H2,2.9,3041.0
4799,2466,2024-H1,2.7,3041.0
4800,2466,2024-H2,3.5,3041.0
4801,2467,2023-H1,4.0,2128.0
4802,2467,2023-H2,4.2,2128.0
4803,2467,2024-H1,3.8,2128.0
4804,2467,2024-H2,3.7,2128.0
4805,2468,2023-H1,3.0,1716.0
4806,2468,2023-H2,2.1,1716.0
4807,2468,2024-H1,2.3,1716.0
4808,2468,2024-H2,2.8,1716.0
4809,2469,2023-H1,2.2,3490.0
4810,2469,2023-H2,2.7,3490.0
4811,2469,2024-H1,1.9,3490.0
4812,2469,2024-H2,2.7,3490.0
4813,2470,2023-H1,3.3,4193.0
4814,2470,2023-H2,3.8,4193.0
4815,2470,2024-H1,3.2,4193.0
4816,2470,2024-H2,3.6,4193.0
4817,2471,2023-H1,4.9,5321.0
4818,2471,2023-H2,5.0,5321.0
4819,2471,2024-H1,4.6,5321.0
4820,2471,2024-H2,4.7,5321.0
4821,2472,2023-H1,4.0,3958.0
4822,2472,2023-H2,3.4,3958.0
4823,2472,2024-H1,3.3,3958.0
4824,2472,2024-H2,3.2,3958.0
4825,2473,2023-H1,3.3,1297.0
4826,2473,2023-H2,3.3,1297.0
4827,2473,2024-H1,4.3,1297.0
4828,2473,2024-H2,3.4,1297.0
4829,2474,2023-H1,2.9,2951.0
4830,2474,2023-H2,4.0,2951.0
4831,2474,2024-H1,3.0,2951.0
4832,2474,2024-H2,3.1,2951.0
4833,2475,2023-H1,2.1,1786.0
4834,2475,2023-H2,2.2,1786.0
4835,2475,2024-H1,1.7,1786.0
4836,2475,2024-H2,2.3,1786.0
4837,2476,2023-H1,1.7,3874.0
4838,2476,2023-H2,3.0,3874.0
4839,2476,2024-H1,2.7,3874.0
4840,2476,2024-H2,2.3,3874.0
4841,2477,2024-H1,3.1,5256.0
4842,2477,2024-H2,2.7,5256.0
4843,2478,2024-H1,2.7,3213.0
4844,2479,2023-H1,2.4,1674.0
4845,2479,2023-H2,2.4,1674.0
4846,2479,2024-H1,2.3,1674.0
4847,2479,2024-H2,3.1,1674.0
4848,2481,2023-H2,2.6,2889.0
4849,2481,2024-H1,2.7,2889.0
4850,2481,2024-H2,2.6,2889.0
4851,2482,2023-H1,3.9,2859.0
4852,2482,2023-H2,3.7,2859.0
4853,2482,2024-H1,4.3,2859.0
4854,2482,2024-H2,4.3,2859.0
4855,2483,2024-H2,3.8,2926.0
4856,2484,2023-H1,3.1,4692.0
4857,2484,2023-H2,3.2,4692.0
4858,2484,2024-H1,2.7,4692.0
4859,2484,2024-H2,3.2,4692.0
4860,2485,2023-H1,4.0,1317.0
4861,2485,2023-H2,4.1,1317.0
4862,2485,2024-H1,3.9,1317.0
4863,2485,2024-H2,3.9,1317.0
4864,2486,2023-H1,4.7,2162.0
4865,2486,2023-H2,4.5,2162.0
4866,2486,2024-H1,4.8,2162.0
4867,2486,2024-H2,5.0,2162.0
4868,2487,2024-H1,2.7,4277.0
4869,2487,2024-H2,2.9,4277.0
4870,2488,2023-H1,4.1,1225.0
4871,2488,2023-H2,3.6,1225.0
4872,2488,2024-H1,4.4,1225.0
4873,2488,2024-H2,4.2,1225.0
4874,2489,2023-H1,2.4,3446.0
4875,2489,2023-H2,1.9,3446.0
4876,2489,2024-H1,2.0,3446.0
4877,2490,2023-H1,2.9,3541.0
4878,2490,2023-H2,3.0,3541.0
4879,2490,2024-H1,3.5,3541.0
4880,2490,2024-H2,3.7,3541.0
4881,2491,2023-H1,3.0,5300.0
4882,2491,2023-H2,2.0,5300.0
4883,2491,2024-H1,2.2,5300.0
4884,2492,2024-H1,4.4,2250.0
4885,2492,2024-H2,4.2,2250.0
4886,2493,2023-H1,3.3,4995.0
4887,2493,2023-H2,3.4,4995.0
4888,2493,2024-H1,4.3,4995.0
4889,2493,2024-H2,3.7,4995.0
4890,2494,2023-H1,4.0,1202.0
4891,2494,2023-H2,3.7,1202.0
4892,2494,2024-H1,3.6,1202.0
4893,2494,2024-H2,3.4,1202.0
4894,2495,2023-H1,2.6,3603.0
4895,2495,2023-H2,3.9,3603.0
4896,2495,2024-H1,2.9,3603.0
4897,2495,2024-H2,2.3,3603.0
4898,2496,2023-H1,3.1,5474.0
4899,2496,2023-H2,3.4,5474.0
4900,2496,2024-H1,3.4,5474.0
4901,2496,2024-H2,2.8,5474.0
4902,2497,2023-H1,4.6,4836.0
4903,2497,2023-H2,4.3,4836.0
4904,2497,2024-H1,4.1,4836.0
4905,2497,2024-H2,3.8,4836.0
4906,2498,2023-H1,3.9,2700.0
4907,2498,2023-H2,4.7,2700.0
4908,2498,2024-H1,4.7,2700.0
4909,2498,2024-H2,4.2,2700.0
4910,2499,2023-H1,4.6,4968.0
4911,2499,2023-H2,4.5,4968.0
4912,2501,2023-H1,2.3,4164.0
4913,2501,2023-H2,1.8,4164.0
4914,2501,2024-H1,2.4,4164.0
4915,2501,2024-H2,2.8,4164.0
4916,2502,2023-H1,2.4,5319.0
4917,2502,2023-H2,2.6,5319.0
4918,2502,2024-H1,3.0,5319.0
4919,2502,2024-H2,3.2,5319.0
4920,2503,2023-H1,3.4,2267.0
4921,2503,2023-H2,3.4,2267.0
4922,2503,2024-H1,3.4,2267.0
4923,2503,2024-H2,3.7,2267.0
4924,2504,2023-H1,3.4,5194.0
4925,2505,2023-H1,3.0,2814.0
4926,2505,2023-H2,3.9,2814.0
4927,2505,2024-H1,3.0,2814.0
4928,2505,2024-H2,3.6,2814.0
4929,2506,2023-H1,3.3,3399.0
4930,2506,2023-H2,4.1,3399.0
4931,2506,2024-H1,3.9,3399.0
4932,2506,2024-H2,3.5,3399.0
4933,2507,2023-H1,3.1,2527.0
4934,2507,2023-H2,3.5,2527.0
4935,2507,2024-H1,3.7,2527.0
4936,2507,2024-H2,3.2,2527.0
4937,2508,2023-H1,3.3,4576.0
4938,2508,2023-H2,3.6,4576.0
4939,2508,2024-H1,3.2,4576.0
4940,2508,2024-H2,3.6,4576.0
4941,2509,2023-H1,2.8,2419.0
4942,2509,2023-H2,3.3,2419.0
4943,2509,2024-H1,3.5,2419.0
4944,2509,2024-H2,3.4,2419.0
4945,2510,2023-H1,4.3,5371.0
4946,2510,2023-H2,4.0,5371.0
4947,2510,2024-H1,4.0,5371.0
4948,2510,2024-H2,4.2,5371.0
4949,2511,2023-H1,2.8,4490.0
4950,2511,2023-H2,2.3,4490.0
4951,2511,2024-H1,2.3,4490.0
4952,2511,2024-H2,2.6,4490.0
4953,2512,2023-H1,4.1,1441.0
4954,2512,2023-H2,3.5,1441.0
4955,2512,2024-H1,3.7,1441.0
4956,2512,2024-H2,4.5,1441.0
4957,2515,2024-H2,4.0,2947.0
4958,2516,2023-H1,3.5,4018.0
4959,2516,2023-H2,3.0,4018.0
4960,2516,2024-H1,3.6,4018.0
4961,2516,2024-H2,3.7,4018.0
4962,2517,2023-H1,4.1,3209.0
4963,2517,2023-H2,3.9,3209.0
4964,2517,2024-H1,4.6,3209.0
4965,2517,2024-H2,3.9,3209.0
4966,2518,2023-H1,2.3,3007.0
4967,2518,2023-H2,2.5,3007.0
4968,2518,2024-H1,2.4,3007.0
4969,2518,2024-H2,2.4,3007.0
4970,2519,2023-H1,2.9,4316.0
4971,2519,2023-H2,3.7,4316.0
4972,2519,2024-H1,3.5,4316.0
4973,2519,2024-H2,3.6,4316.0
4974,2520,2023-H1,2.6,3989.0
4975,2520,2023-H2,2.2,3989.0
4976,2520,2024-H1,2.8,3989.0
4977,2520,2024-H2,2.4,3989.0
4978,2521,2023-H1,4.0,2583.0
4979,2521,2023-H2,4.2,2583.0
4980,2521,2024-H1,4.7,2583.0
4981,2521,2024-H2,3.9,2583.0
4982,2522,2023-H1,2.9,4159.0
4983,2522,2023-H2,2.5,4159.0
4984,2522,2024-H1,3.1,4159.0
4985,2522,2024-H2,3.5,4159.0
4986,2523,2023-H1,4.8,1984.0
4987,2523,2023-H2,4.0,1984.0
4988,2523,2024-H1,4.9,1984.0
4989,2523,2024-H2,3.9,1984.0
4990,2524,2023-H1,2.1,4846.0
4991,2524,2023-H2,2.2,4846.0
4992,2524,2024-H1,2.6,4846.0
4993,2524,2024-H2,2.9,4846.0
4994,2525,2023-H1,4.7,1597.0
4995,2525,2023-H2,4.2,1597.0
4996,2525,2024-H1,4.3,1597.0
4997,2526,2023-H1,3.0,4634.0
4998,2526,2023-H2,3.7,4634.0
4999,2526,2024-H1,4.0,4634.0
5000,2526,2024-H2,3.2,4634.0
5001,2527,2023-H1,4.1,1153.0
5002,2527,2023-H2,5.0,1153.0
5003,2527,2024-H1,3.9,1153.0
5004,2527,2024-H2,4.1,1153.0
5005,2528,2023-H1,4.1,4049.0
5006,2528,2023-H2,4.4,4049.0
5007,2528,2024-H1,3.6,4049.0
5008,2528,2024-H2,4.1,4049.0
5009,2529,2023-H1,4.8,1830.0
5010,2529,2023-H2,3.9,1830.0
5011,2529,2024-H1,3.6,1830.0
5012,2529,2024-H2,3.9,1830.0
5013,2530,2023-H1,3.0,4672.0
5014,2530,2023-H2,3.5,4672.0
5015,2530,2024-H1,3.2,4672.0
5016,2530,2024-H2,3.3,4672.0
5017,2531,2023-H1,2.8,3734.0
5018,2531,2023-H2,2.4,3734.0
5019,2531,2024-H1,2.5,3734.0
5020,2531,2024-H2,2.8,3734.0
5021,2532,2024-H1,4.6,3860.0
5022,2532,2024-H2,4.1,3860.0
5023,2534,2023-H1,2.2,2576.0
5024,2534,2023-H2,3.3,2576.0
5025,2534,2024-H1,2.7,2576.0
5026,2534,2024-H2,3.5,2576.0
5027,2535,2023-H1,3.7,4963.0
5028,2535,2023-H2,3.0,4963.0
5029,2535,2024-H1,3.0,4963.0
5030,2535,2024-H2,2.8,4963.0
5031,2536,2023-H1,4.7,2854.0
5032,2536,2023-H2,4.1,2854.0
5033,2536,2024-H1,3.8,2854.0
5034,2536,2024-H2,4.0,2854.0
5035,2538,2023-H1,4.3,2229.0
5036,2539,2023-H1,3.1,4982.0
5037,2539,2023-H2,3.7,4982.0
5038,2539,2024-H1,3.6,4982.0
5039,2539,2024-H2,3.8,4982.0
5040,2540,2023-H1,3.9,4807.0
5041,2540,2023-H2,3.4,4807.0
5042,2540,2024-H1,3.7,4807.0
5043,2540,2024-H2,3.3,4807.0
5044,2541,2024-H1,2.8,4307.0
5045,2541,2024-H2,3.5,4307.0
5046,2542,2023-H1,2.6,1698.0
5047,2542,2023-H2,2.5,1698.0
5048,2542,2024-H1,2.4,1698.0
5049,2542,2024-H2,2.6,1698.0
5050,2543,2023-H1,4.4,3571.0
5051,2543,2023-H2,5.0,3571.0
5052,2543,2024-H1,4.5,3571.0
5053,2543,2024-H2,4.4,3571.0
5054,2544,2023-H1,4.4,2748.0
5055,2544,2023-H2,4.4,2748.0
5056,2544,2024-H1,4.6,2748.0
5057,2544,2024-H2,4.5,2748.0
5058,2545,2024-H2,1.6,3169.0
5059,2547,2024-H2,3.2,1967.0
5060,2548,2023-H1,3.7,1921.0
5061,2548,2023-H2,3.4,1921.0
5062,2548,2024-H1,3.3,1921.0
5063,2548,2024-H2,3.5,1921.0
5064,2549,2024-H1,2.8,4844.0
5065,2549,2024-H2,3.1,4844.0
5066,2550,2023-H1,3.6,4761.0
5067,2550,2023-H2,3.3,4761.0
5068,2550,2024-H1,3.7,4761.0
5069,2550,2024-H2,3.2,4761.0
5070,2551,2023-H1,3.1,4635.0
5071,2551,2023-H2,3.0,4635.0
5072,2551,2024-H1,2.9,4635.0
5073,2551,2024-H2,3.5,4635.0
5074,2552,2024-H1,3.1,4687.0
5075,2552,2024-H2,3.0,4687.0
5076,2553,2023-H2,4.5,2663.0
5077,2553,2024-H1,4.2,2663.0
5078,2553,2024-H2,3.5,2663.0
5079,2554,2023-H1,2.7,4770.0
5080,2554,2023-H2,3.2,4770.0
5081,2554,2024-H1,2.9,4770.0
5082,2554,2024-H2,2.7,4770.0
5083,2556,2023-H1,1.1,2738.0
5084,2556,2023-H2,1.1,2738.0
5085,2556,2024-H1,1.0,2738.0
5086,2556,2024-H2,1.0,2738.0
5087,2557,2023-H1,4.6,1757.0
5088,2557,2023-H2,4.7,1757.0
5089,2557,2024-H1,4.7,1757.0
5090,2557,2024-H2,4.8,1757.0
5091,2558,2024-H2,4.8,4828.0
5092,2559,2023-H1,4.6,3237.0
5093,2559,2023-H2,3.7,3237.0
5094,2559,2024-H1,4.5,3237.0
5095,2559,2024-H2,4.1,3237.0
5096,2560,2023-H1,4.2,2126.0
5097,2560,2023-H2,3.9,2126.0
5098,2560,2024-H1,3.6,2126.0
5099,2560,2024-H2,3.9,2126.0
5100,2561,2023-H1,2.6,4239.0
5101,2561,2023-H2,3.1,4239.0
5102,2562,2023-H1,5.0,1491.0
5103,2562,2023-H2,5.0,1491.0
5104,2562,2024-H1,4.6,1491.0
5105,2562,2024-H2,5.0,1491.0
5106,2563,2023-H1,3.3,2772.0
5107,2563,2023-H2,2.1,2772.0
5108,2563,2024-H1,2.9,2772.0
5109,2563,2024-H2,3.2,2772.0
5110,2564,2023-H1,3.2,5170.0
5111,2564,2023-H2,3.3,5170.0
5112,2564,2024-H1,3.8,5170.0
5113,2564,2024-H2,3.8,5170.0
5114,2565,2024-H2,4.5,4989.0
5115,2566,2024-H1,4.1,3201.0
5116,2566,2024-H2,4.1,3201.0
5117,2567,2023-H2,3.4,1078.0
5118,2567,2024-H1,2.6,1078.0
5119,2567,2024-H2,3.6,1078.0
5120,2568,2023-H1,3.4,2382.0
5121,2568,2023-H2,3.0,2382.0
5122,2568,2024-H1,3.2,2382.0
5123,2568,2024-H2,3.5,2382.0
5124,2569,2023-H1,4.5,4708.0
5125,2569,2023-H2,5.0,4708.0
5126,2569,2024-H1,4.5,4708.0
5127,2569,2024-H2,5.0,4708.0
5128,2570,2023-H1,3.2,5480.0
5129,2570,2023-H2,3.4,5480.0
5130,2570,2024-H1,3.3,5480.0
5131,2570,2024-H2,3.9,5480.0
5132,2571,2023-H1,5.0,3008.0
5133,2571,2023-H2,4.5,3008.0
5134,2571,2024-H1,5.0,3008.0
5135,2571,2024-H2,4.8,3008.0
5136,2572,2024-H1,2.6,4889.0
5137,2572,2024-H2,3.1,4889.0
5138,2573,2023-H1,3.9,3848.0
5139,2573,2023-H2,3.6,3848.0
5140,2573,2024-H1,3.3,3848.0
5141,2573,2024-H2,3.2,3848.0
5142,2574,2023-H1,3.8,3776.0
5143,2574,2023-H2,3.5,3776.0
5144,2574,2024-H1,3.9,3776.0
5145,2574,2024-H2,4.5,3776.0
5146,2575,2023-H2,4.7,4844.0
5147,2575,2024-H1,3.9,4844.0
5148,2575,2024-H2,4.7,4844.0
5149,2576,2023-H1,3.5,2397.0
5150,2576,2023-H2,3.7,2397.0
5151,2576,2024-H1,3.8,2397.0
5152,2577,2023-H1,3.7,2126.0
5153,2577,2023-H2,3.7,2126.0
5154,2577,2024-H1,3.6,2126.0
5155,2577,2024-H2,3.0,2126.0
5156,2578,2024-H1,4.5,4476.0
5157,2578,2024-H2,3.6,4476.0
5158,2579,2024-H2,2.9,5288.0
5159,2580,2023-H1,4.5,4954.0
5160,2580,2023-H2,4.5,4954.0
5161,2580,2024-H1,4.4,4954.0
5162,2580,2024-H2,4.4,4954.0
5163,2581,2023-H1,3.2,2436.0
5164,2581,2023-H2,2.5,2436.0
5165,2581,2024-H1,2.8,2436.0
5166,2581,2024-H2,3.1,2436.0
5167,2582,2024-H2,3.4,3538.0
5168,2583,2023-H1,5.0,2805.0
5169,2583,2023-H2,5.0,2805.0
5170,2583,2024-H1,5.0,2805.0
5171,2583,2024-H2,4.6,2805.0
5172,2584,2023-H1,3.5,5032.0
5173,2584,2023-H2,3.6,5032.0
5174,2584,2024-H1,3.7,5032.0
5175,2584,2024-H2,3.1,5032.0
5176,2585,2023-H1,3.3,4163.0
5177,2585,2023-H2,3.4,4163.0
5178,2585,2024-H1,3.3,4163.0
5179,2585,2024-H2,2.9,4163.0
5180,2586,2023-H2,3.9,4643.0
5181,2586,2024-H1,4.0,4643.0
5182,2586,2024-H2,3.5,4643.0
5183,2587,2023-H1,3.0,3541.0
5184,2587,2023-H2,3.4,3541.0
5185,2587,2024-H1,3.5,3541.0
5186,2587,2024-H2,3.7,3541.0
5187,2588,2023-H1,3.7,1441.0
5188,2588,2023-H2,3.9,1441.0
5189,2588,2024-H1,4.1,1441.0
5190,2588,2024-H2,4.4,1441.0
5191,2589,2023-H1,2.6,1509.0
5192,2589,2023-H2,2.9,1509.0
5193,2589,2024-H1,4.0,1509.0
5194,2589,2024-H2,3.1,1509.0
5195,2590,2023-H1,5.0,1086.0
5196,2590,2023-H2,5.0,1086.0
5197,2590,2024-H1,4.7,1086.0
5198,2591,2023-H1,3.4,1887.0
5199,2591,2023-H2,3.6,1887.0
5200,2591,2024-H1,3.6,1887.0
5201,2592,2023-H1,4.3,3436.0
5202,2592,2023-H2,3.5,3436.0
5203,2592,2024-H1,3.9,3436.0
5204,2592,2024-H2,4.4,3436.0
5205,2593,2023-H1,3.8,3069.0
5206,2593,2023-H2,3.8,3069.0
5207,2593,2024-H1,3.3,3069.0
5208,2593,2024-H2,3.5,3069.0
5209,2594,2023-H1,4.4,3557.0
5210,2594,2023-H2,4.6,3557.0
5211,2594,2024-H1,4.3,3557.0
5212,2594,2024-H2,3.3,3557.0
5213,2595,2023-H1,1.8,4761.0
5214,2595,2023-H2,2.0,4761.0
5215,2595,2024-H1,2.9,4761.0
5216,2595,2024-H2,2.5,4761.0
5217,2596,2024-H2,2.4,4529.0
5218,2597,2023-H1,5.0,4510.0
5219,2597,2023-H2,4.8,4510.0
5220,2597,2024-H1,4.8,4510.0
5221,2597,2024-H2,5.0,4510.0
5222,2598,2023-H1,4.3,2892.0
5223,2598,2023-H2,3.2,2892.0
5224,2599,2023-H1,3.1,5203.0
5225,2599,2023-H2,2.9,5203.0
5226,2599,2024-H1,3.3,5203.0
5227,2600,2024-H1,3.2,2079.0
5228,2600,2024-H2,3.0,2079.0
5229,2601,2023-H1,3.1,2887.0
5230,2601,2023-H2,3.6,2887.0
5231,2602,2023-H1,3.7,3603.0
5232,2602,2023-H2,3.6,3603.0
5233,2602,2024-H1,4.5,3603.0
5234,2602,2024-H2,4.2,3603.0
5235,2603,2023-H1,2.7,4807.0
5236,2603,2023-H2,2.6,4807.0
5237,2603,2024-H1,3.4,4807.0
5238,2603,2024-H2,3.0,4807.0
5239,2604,2024-H1,4.6,3049.0
5240,2604,2024-H2,3.9,3049.0
5241,2605,2023-H1,1.4,5095.0
5242,2605,2023-H2,2.0,5095.0
5243,2605,2024-H1,2.2,5095.0
5244,2605,2024-H2,1.9,5095.0
5245,2606,2023-H1,3.2,1742.0
5246,2606,2023-H2,2.3,1742.0
5247,2606,2024-H1,3.6,1742.0
5248,2606,2024-H2,3.4,1742.0
5249,2607,2023-H1,3.0,4122.0
5250,2607,2023-H2,2.9,4122.0
5251,2607,2024-H1,2.9,4122.0
5252,2607,2024-H2,2.3,4122.0
5253,2608,2023-H1,3.7,5168.0
5254,2608,2023-H2,2.8,5168.0
5255,2608,2024-H1,3.7,5168.0
5256,2608,2024-H2,2.8,5168.0
5257,2609,2023-H1,2.8,1844.0
5258,2609,2023-H2,3.3,1844.0
5259,2609,2024-H1,3.0,1844.0
5260,2609,2024-H2,2.9,1844.0
5261,2610,2023-H1,3.1,5219.0
5262,2610,2023-H2,3.9,5219.0
5263,2610,2024-H1,3.6,5219.0
5264,2610,2024-H2,3.2,5219.0
5265,2611,2024-H2,2.0,1900.0
5266,2612,2023-H1,4.8,2256.0
5267,2612,2023-H2,4.6,2256.0
5268,2612,2024-H1,4.5,2256.0
5269,2612,2024-H2,4.6,2256.0
5270,2613,2024-H1,5.0,5279.0
5271,2614,2023-H1,4.1,4035.0
5272,2614,2023-H2,4.6,4035.0
5273,2614,2024-H1,3.9,4035.0
5274,2614,2024-H2,3.0,4035.0
5275,2615,2023-H1,2.0,2269.0
5276,2615,2023-H2,2.2,2269.0
5277,2615,2024-H1,2.4,2269.0
5278,2616,2023-H1,4.7,2557.0
5279,2616,2023-H2,4.7,2557.0
5280,2616,2024-H1,4.2,2557.0
5281,2616,2024-H2,4.8,2557.0
5282,2617,2023-H1,3.8,2200.0
5283,2617,2023-H2,2.9,2200.0
5284,2617,2024-H1,3.4,2200.0
5285,2617,2024-H2,3.1,2200.0
5286,2618,2023-H1,4.5,2866.0
5287,2618,2023-H2,4.9,2866.0
5288,2618,2024-H1,5.0,2866.0
5289,2618,2024-H2,4.6,2866.0
5290,2619,2023-H2,4.3,2211.0
5291,2619,2024-H1,3.9,2211.0
5292,2620,2023-H1,2.4,2816.0
5293,2620,2023-H2,3.0,2816.0
5294,2620,2024-H1,3.4,2816.0
5295,2620,2024-H2,3.0,2816.0
5296,2621,2023-H1,2.9,3009.0
5297,2621,2023-H2,3.0,3009.0
5298,2621,2024-H1,2.8,3009.0
5299,2621,2024-H2,2.5,3009.0
5300,2622,2023-H1,3.4,2199.0
5301,2622,2023-H2,2.5,2199.0
5302,2622,2024-H1,2.3,2199.0
5303,2622,2024-H2,2.5,2199.0
5304,2623,2024-H1,3.0,3001.0
5305,2623,2024-H2,2.6,3001.0
5306,2624,2023-H1,3.4,4902.0
5307,2624,2023-H2,3.2,4902.0
5308,2624,2024-H1,3.2,4902.0
5309,2624,2024-H2,3.0,4902.0
5310,2625,2024-H2,3.5,2866.0
5311,2626,2023-H1,3.8,1036.0
5312,2626,2023-H2,3.7,1036.0
5313,2626,2024-H1,4.2,1036.0
5314,2626,2024-H2,3.4,1036.0
5315,2627,2023-H1,3.9,2164.0
5316,2627,2023-H2,3.5,2164.0
5317,2627,2024-H1,3.5,2164.0
5318,2627,2024-H2,4.1,2164.0
5319,2628,2024-H2,4.3,4416.0
5320,2629,2023-H1,3.7,1423.0
5321,2629,2023-H2,3.6,1423.0
5322,2629,2024-H1,3.8,1423.0
5323,2629,2024-H2,3.8,1423.0
5324,2630,2023-H1,1.5,2856.0
5325,2630,2023-H2,1.6,2856.0
5326,2630,2024-H1,2.3,2856.0
5327,2630,2024-H2,1.0,2856.0
5328,2631,2023-H1,3.5,4140.0
5329,2631,2023-H2,4.0,4140.0
5330,2631,2024-H1,4.5,4140.0
5331,2631,2024-H2,4.1,4140.0
5332,2632,2023-H1,3.2,1883.0
5333,2632,2023-H2,3.3,1883.0
5334,2632,2024-H1,3.6,1883.0
5335,2632,2024-H2,3.7,1883.0
5336,2633,2023-H1,4.5,1154.0
5337,2633,2023-H2,4.4,1154.0
5338,2633,2024-H1,4.5,1154.0
5339,2633,2024-H2,4.2,1154.0
5340,2634,2023-H1,1.7,1290.0
5341,2634,2023-H2,1.9,1290.0
5342,2634,2024-H1,2.3,1290.0
5343,2634,2024-H2,1.8,1290.0
5344,2636,2023-H1,4.9,2630.0
5345,2636,2023-H2,5.0,2630.0
5346,2636,2024-H1,5.0,2630.0
5347,2636,2024-H2,5.0,2630.0
5348,2637,2023-H1,3.5,2456.0
5349,2637,2023-H2,3.0,2456.0
5350,2637,2024-H1,3.9,2456.0
5351,2637,2024-H2,3.7,2456.0
5352,2638,2023-H1,4.5,1740.0
5353,2638,2023-H2,4.4,1740.0
5354,2638,2024-H1,4.3,1740.0
5355,2638,2024-H2,3.9,1740.0
5356,2639,2023-H1,4.5,3056.0
5357,2639,2023-H2,4.6,3056.0
5358,2639,2024-H1,4.6,3056.0
5359,2639,2024-H2,4.4,3056.0
5360,2640,2023-H1,2.3,2242.0
5361,2640,2023-H2,2.1,2242.0
5362,2640,2024-H1,2.7,2242.0
5363,2640,2024-H2,3.0,2242.0
5364,2641,2023-H1,4.3,1177.0
5365,2641,2023-H2,4.5,1177.0
5366,2641,2024-H1,4.8,1177.0
5367,2641,2024-H2,4.6,1177.0
5368,2642,2023-H1,4.2,3404.0
5369,2642,2023-H2,4.0,3404.0
5370,2642,2024-H1,3.9,3404.0
5371,2642,2024-H2,4.2,3404.0
5372,2643,2023-H1,1.9,2899.0
5373,2643,2023-H2,2.3,2899.0
5374,2643,2024-H1,1.8,2899.0
5375,2643,2024-H2,1.9,2899.0
5376,2644,2023-H1,3.9,2256.0
5377,2644,2023-H2,3.8,2256.0
5378,2644,2024-H1,4.1,2256.0
5379,2644,2024-H2,3.9,2256.0
5380,2645,2023-H1,4.5,4505.0
5381,2645,2023-H2,4.0,4505.0
5382,2645,2024-H1,4.6,4505.0
5383,2645,2024-H2,4.0,4505.0
5384,2646,2023-H2,1.7,1739.0
5385,2646,2024-H1,1.8,1739.0
5386,2646,2024-H2,3.1,1739.0
5387,2647,2023-H1,2.8,3229.0
5388,2647,2023-H2,4.0,3229.0
5389,2648,2023-H1,3.7,4544.0
5390,2648,2023-H2,3.6,4544.0
5391,2648,2024-H1,3.7,4544.0
5392,2648,2024-H2,3.9,4544.0
5393,2649,2023-H1,3.0,3225.0
5394,2649,2023-H2,2.4,3225.0
5395,2649,2024-H1,2.7,3225.0
5396,2649,2024-H2,2.6,3225.0
5397,2650,2023-H1,4.3,4460.0
5398,2650,2023-H2,3.8,4460.0
5399,2650,2024-H1,4.3,4460.0
5400,2650,2024-H2,4.7,4460.0
5401,2651,2023-H1,3.2,3089.0
5402,2651,2023-H2,3.4,3089.0
5403,2651,2024-H1,2.8,3089.0
5404,2651,2024-H2,3.3,3089.0
5405,2652,2024-H1,3.4,1464.0
5406,2652,2024-H2,3.4,1464.0
5407,2653,2023-H1,4.4,2529.0
5408,2653,2023-H2,3.3,2529.0
5409,2653,2024-H1,4.5,2529.0
5410,2653,2024-H2,3.8,2529.0
5411,2654,2023-H1,2.9,2456.0
5412,2654,2023-H2,3.2,2456.0
5413,2654,2024-H1,3.0,2456.0
5414,2654,2024-H2,2.9,2456.0
5415,2655,2024-H2,2.8,3972.0
5416,2656,2024-H2,4.3,4405.0
5417,2657,2023-H1,3.1,2764.0
5418,2657,2023-H2,4.1,2764.0
5419,2657,2024-H1,4.3,2764.0
5420,2657,2024-H2,3.8,2764.0
5421,2658,2023-H1,3.7,2132.0
5422,2658,2023-H2,4.0,2132.0
5423,2658,2024-H1,4.5,2132.0
5424,2658,2024-H2,3.9,2132.0
5425,2659,2023-H1,3.0,4453.0
5426,2659,2023-H2,3.7,4453.0
5427,2659,2024-H1,2.9,4453.0
5428,2659,2024-H2,2.8,4453.0
5429,2660,2023-H1,2.7,2925.0
5430,2660,2023-H2,2.1,2925.0
5431,2660,2024-H1,1.5,2925.0
5432,2660,2024-H2,2.1,2925.0
5433,2661,2023-H1,3.2,4711.0
5434,2661,2023-H2,3.6,4711.0
5435,2661,2024-H1,3.1,4711.0
5436,2661,2024-H2,3.6,4711.0
5437,2662,2024-H1,3.8,1399.0
5438,2662,2024-H2,3.7,1399.0
5439,2663,2024-H1,3.1,1363.0
5440,2663,2024-H2,3.5,1363.0
5441,2664,2024-H1,2.9,2896.0
5442,2664,2024-H2,2.9,2896.0
5443,2665,2023-H1,3.7,3221.0
5444,2665,2023-H2,2.9,3221.0
5445,2665,2024-H1,3.1,3221.0
5446,2665,2024-H2,3.5,3221.0
5447,2666,2023-H1,3.6,4438.0
5448,2666,2023-H2,3.3,4438.0
5449,2667,2023-H1,3.1,1668.0
5450,2667,2023-H2,2.7,1668.0
5451,2667,2024-H1,2.8,1668.0
5452,2668,2023-H1,2.2,1153.0
5453,2668,2023-H2,2.7,1153.0
5454,2668,2024-H1,3.4,1153.0
5455,2668,2024-H2,2.6,1153.0
5456,2669,2023-H1,2.2,5425.0
5457,2669,2023-H2,2.7,5425.0
5458,2669,2024-H1,1.8,5425.0
5459,2669,2024-H2,1.9,5425.0
5460,2670,2023-H1,2.9,4530.0
5461,2670,2023-H2,2.4,4530.0
5462,2670,2024-H1,1.6,4530.0
5463,2670,2024-H2,1.7,4530.0
5464,2671,2023-H1,2.8,2896.0
5465,2671,2023-H2,2.8,2896.0
5466,2671,2024-H1,3.3,2896.0
5467,2672,2023-H1,3.7,3233.0
5468,2672,2023-H2,3.7,3233.0
5469,2672,2024-H1,3.4,3233.0
5470,2672,2024-H2,3.0,3233.0
5471,2673,2023-H1,4.0,3599.0
5472,2673,2023-H2,4.2,3599.0
5473,2673,2024-H1,4.5,3599.0
5474,2673,2024-H2,4.0,3599.0
5475,2674,2023-H1,3.9,3627.0
5476,2674,2023-H2,4.3,3627.0
5477,2674,2024-H1,3.8,3627.0
5478,2674,2024-H2,4.4,3627.0
5479,2675,2023-H1,5.0,1020.0
5480,2675,2023-H2,5.0,1020.0
5481,2675,2024-H1,4.1,1020.0
5482,2675,2024-H2,4.9,1020.0
5483,2676,2023-H1,2.7,1207.0
5484,2676,2023-H2,2.6,1207.0
5485,2676,2024-H1,2.6,1207.0
5486,2676,2024-H2,2.3,1207.0
5487,2677,2023-H1,2.7,5070.0
5488,2677,2023-H2,3.1,5070.0
5489,2677,2024-H1,3.0,5070.0
5490,2677,2024-H2,3.1,5070.0
5491,2678,2023-H1,3.9,3416.0
5492,2678,2023-H2,4.4,3416.0
5493,2678,2024-H1,4.4,3416.0
5494,2678,2024-H2,3.8,3416.0
5495,2679,2023-H1,4.7,5314.0
5496,2679,2023-H2,3.7,5314.0
5497,2679,2024-H1,4.5,5314.0
5498,2679,2024-H2,4.3,5314.0
5499,2680,2023-H1,3.9,4992.0
5500,2680,2023-H2,4.1,4992.0
5501,2680,2024-H1,4.0,4992.0
5502,2680,2024-H2,3.2,4992.0
5503,2681,2023-H1,3.2,3338.0
5504,2681,2023-H2,3.7,3338.0
5505,2681,2024-H1,3.2,3338.0
5506,2682,2023-H1,3.8,4021.0
5507,2682,2023-H2,2.6,4021.0
5508,2682,2024-H1,2.7,4021.0
5509,2682,2024-H2,2.5,4021.0
5510,2683,2023-H1,3.3,1824.0
5511,2683,2023-H2,3.7,1824.0
5512,2683,2024-H1,3.4,1824.0
5513,2683,2024-H2,3.4,1824.0
5514,2684,2024-H1,3.6,2921.0
5515,2685,2024-H1,3.1,2820.0
5516,2686,2023-H2,4.2,2342.0
5517,2686,2024-H1,3.2,2342.0
5518,2686,2024-H2,3.9,2342.0
5519,2687,2023-H1,3.3,4917.0
5520,2687,2023-H2,3.6,4917.0
5521,2687,2024-H1,3.6,4917.0
5522,2687,2024-H2,3.4,4917.0
5523,2688,2023-H1,3.9,1476.0
5524,2688,2023-H2,3.9,1476.0
5525,2688,2024-H1,3.9,1476.0
5526,2688,2024-H2,3.9,1476.0
5527,2689,2023-H1,4.0,2856.0
5528,2689,2023-H2,4.1,2856.0
5529,2689,2024-H1,3.8,2856.0
5530,2689,2024-H2,3.4,2856.0
5531,2691,2023-H1,2.4,4476.0
5532,2691,2023-H2,2.5,4476.0
5533,2692,2023-H1,2.4,4204.0
5534,2692,2023-H2,3.7,4204.0
5535,2692,2024-H1,2.9,4204.0
5536,2692,2024-H2,3.1,4204.0
5537,2693,2023-H1,4.9,1720.0
5538,2693,2023-H2,4.9,1720.0
5539,2693,2024-H1,4.3,1720.0
5540,2693,2024-H2,4.1,1720.0
5541,2694,2023-H1,3.3,3885.0
5542,2694,2023-H2,2.9,3885.0
5543,2694,2024-H1,3.7,3885.0
5544,2694,2024-H2,4.1,3885.0
5545,2695,2023-H1,3.6,1010.0
5546,2695,2023-H2,4.1,1010.0
5547,2695,2024-H1,3.6,1010.0
5548,2695,2024-H2,3.5,1010.0
5549,2696,2023-H1,3.1,5248.0
5550,2696,2023-H2,2.9,5248.0
5551,2696,2024-H1,2.8,5248.0
5552,2696,2024-H2,3.5,5248.0
5553,2697,2023-H1,4.5,4952.0
5554,2697,2023-H2,4.3,4952.0
5555,2697,2024-H1,4.5,4952.0
5556,2697,2024-H2,4.5,4952.0
5557,2698,2023-H2,5.0,4805.0
5558,2698,2024-H1,3.2,4805.0
5559,2699,2023-H1,2.9,1997.0
5560,2699,2023-H2,2.0,1997.0
5561,2699,2024-H1,3.5,1997.0
5562,2699,2024-H2,2.8,1997.0
5563,2700,2023-H1,4.3,1048.0
5564,2700,2023-H2,4.1,1048.0
5565,2700,2024-H1,3.3,1048.0
5566,2700,2024-H2,4.0,1048.0
5567,2701,2023-H1,2.3,2085.0
5568,2701,2023-H2,3.4,2085.0
5569,2701,2024-H1,2.8,2085.0
5570,2701,2024-H2,2.4,2085.0
5571,2702,2023-H1,2.4,3366.0
5572,2702,2023-H2,2.5,3366.0
5573,2702,2024-H1,2.0,3366.0
5574,2702,2024-H2,2.0,3366.0
5575,2703,2023-H1,3.4,3264.0
5576,2703,2023-H2,4.2,3264.0
5577,2703,2024-H1,4.2,3264.0
5578,2703,2024-H2,4.7,3264.0
5579,2704,2023-H2,2.9,1010.0
5580,2704,2024-H1,3.3,1010.0
5581,2705,2023-H1,3.0,1370.0
5582,2705,2023-H2,2.8,1370.0
5583,2705,2024-H1,2.4,1370.0
5584,2705,2024-H2,2.8,1370.0
5585,2706,2023-H1,2.9,4908.0
5586,2706,2023-H2,2.6,4908.0
5587,2706,2024-H1,2.5,4908.0
5588,2706,2024-H2,2.5,4908.0
5589,2707,2024-H2,4.0,2546.0
5590,2708,2023-H1,4.1,2104.0
5591,2708,2023-H2,3.5,2104.0
5592,2708,2024-H1,4.0,2104.0
5593,2708,2024-H2,4.1,2104.0
5594,2709,2023-H1,3.3,2882.0
5595,2709,2023-H2,3.2,2882.0
5596,2709,2024-H1,2.8,2882.0
5597,2709,2024-H2,3.4,2882.0
5598,2710,2023-H1,3.8,1395.0
5599,2710,2023-H2,3.3,1395.0
5600,2710,2024-H1,3.5,1395.0
5601,2710,2024-H2,3.1,1395.0
5602,2712,2023-H1,2.9,4418.0
5603,2712,2023-H2,3.4,4418.0
5604,2712,2024-H1,2.8,4418.0
5605,2712,2024-H2,2.0,4418.0
5606,2713,2023-H1,3.2,2106.0
5607,2713,2023-H2,2.9,2106.0
5608,2713,2024-H1,3.0,2106.0
5609,2713,2024-H2,3.7,2106.0
5610,2714,2023-H1,3.2,3699.0
5611,2714,2023-H2,3.5,3699.0
5612,2715,2024-H1,3.8,2039.0
5613,2715,2024-H2,3.6,2039.0
5614,2716,2023-H1,2.2,5302.0
5615,2716,2023-H2,1.4,5302.0
5616,2716,2024-H1,1.5,5302.0
5617,2716,2024-H2,2.4,5302.0
5618,2717,2023-H1,3.6,3796.0
5619,2717,2023-H2,3.8,3796.0
5620,2717,2024-H1,2.9,3796.0
5621,2717,2024-H2,3.7,3796.0
5622,2718,2023-H1,4.9,3284.0
5623,2718,2023-H2,4.1,3284.0
5624,2718,2024-H1,4.8,3284.0
5625,2718,2024-H2,4.6,3284.0
5626,2720,2023-H1,2.0,3672.0
5627,2720,2023-H2,1.9,3672.0
5628,2720,2024-H1,2.8,3672.0
5629,2720,2024-H2,2.8,3672.0
5630,2721,2023-H1,4.3,1611.0
5631,2721,2023-H2,5.0,1611.0
5632,2721,2024-H1,4.0,1611.0
5633,2721,2024-H2,4.7,1611.0
5634,2722,2023-H2,2.2,2772.0
5635,2722,2024-H1,2.9,2772.0
5636,2723,2024-H2,2.9,1288.0
5637,2724,2023-H1,3.0,3385.0
5638,2724,2023-H2,2.0,3385.0
5639,2724,2024-H1,1.6,3385.0
5640,2724,2024-H2,2.2,3385.0
5641,2725,2023-H1,4.2,5376.0
5642,2725,2023-H2,4.0,5376.0
5643,2725,2024-H1,4.2,5376.0
5644,2725,2024-H2,4.3,5376.0
5645,2726,2023-H1,2.6,3770.0
5646,2726,2023-H2,3.3,3770.0
5647,2726,2024-H1,2.8,3770.0
5648,2726,2024-H2,3.8,3770.0
5649,2727,2023-H1,4.6,2736.0
5650,2727,2023-H2,3.9,2736.0
5651,2727,2024-H1,3.8,2736.0
5652,2727,2024-H2,4.8,2736.0
5653,2728,2023-H1,2.6,4345.0
5654,2728,2023-H2,3.2,4345.0
5655,2728,2024-H1,2.7,4345.0
5656,2728,2024-H2,2.7,4345.0
5657,2729,2023-H1,3.6,1158.0
5658,2729,2023-H2,3.3,1158.0
5659,2729,2024-H1,3.6,1158.0
5660,2729,2024-H2,3.4,1158.0
5661,2731,2023-H1,3.9,2715.0
5662,2731,2023-H2,3.4,2715.0
5663,2731,2024-H1,3.0,2715.0
5664,2731,2024-H2,3.4,2715.0
5665,2732,2023-H1,3.7,3625.0
5666,2732,2023-H2,4.3,3625.0
5667,2732,2024-H1,3.8,3625.0
5668,2732,2024-H2,4.1,3625.0
5669,2733,2023-H1,3.5,3519.0
5670,2733,2023-H2,2.9,3519.0
5671,2733,2024-H1,4.0,3519.0
5672,2733,2024-H2,3.5,3519.0
5673,2734,2023-H1,2.9,5475.0
5674,2734,2023-H2,3.1,5475.0
5675,2734,2024-H1,3.2,5475.0
5676,2734,2024-H2,4.0,5475.0
5677,2735,2023-H1,3.0,1350.0
5678,2735,2023-H2,2.7,1350.0
5679,2735,2024-H1,2.1,1350.0
5680,2735,2024-H2,2.8,1350.0
5681,2736,2023-H1,3.4,3264.0
5682,2736,2023-H2,3.2,3264.0
5683,2736,2024-H1,4.1,3264.0
5684,2736,2024-H2,3.8,3264.0
5685,2737,2023-H2,2.6,3031.0
5686,2737,2024-H1,2.5,3031.0
5687,2737,2024-H2,2.9,3031.0
5688,2739,2023-H1,3.0,4440.0
5689,2739,2023-H2,2.6,4440.0
5690,2739,2024-H1,2.7,4440.0
5691,2739,2024-H2,2.8,4440.0
5692,2740,2023-H1,4.9,4156.0
5693,2740,2023-H2,4.2,4156.0
5694,2740,2024-H1,5.0,4156.0
5695,2740,2024-H2,5.0,4156.0
5696,2741,2023-H1,2.0,2250.0
5697,2741,2023-H2,3.0,2250.0
5698,2741,2024-H1,2.2,2250.0
5699,2741,2024-H2,2.4,2250.0
5700,2742,2023-H1,2.4,1364.0
5701,2742,2023-H2,3.2,1364.0
5702,2742,2024-H1,2.9,1364.0
5703,2742,2024-H2,2.6,1364.0
5704,2743,2024-H2,2.2,2673.0
5705,2744,2023-H1,4.3,3490.0
5706,2744,2023-H2,3.7,3490.0
5707,2744,2024-H1,3.6,3490.0
5708,2744,2024-H2,3.1,3490.0
5709,2745,2023-H1,2.4,1935.0
5710,2745,2023-H2,2.4,1935.0
5711,2745,2024-H1,2.4,1935.0
5712,2745,2024-H2,2.8,1935.0
5713,2746,2024-H1,4.1,2268.0
5714,2747,2023-H1,3.6,4242.0
5715,2747,2023-H2,4.7,4242.0
5716,2747,2024-H1,4.2,4242.0
5717,2747,2024-H2,4.0,4242.0
5718,2748,2023-H1,3.3,5156.0
5719,2748,2023-H2,3.8,5156.0
5720,2748,2024-H1,3.3,5156.0
5721,2748,2024-H2,2.7,5156.0
5722,2749,2023-H1,3.3,3881.0
5723,2749,2023-H2,3.0,3881.0
5724,2749,2024-H1,3.2,3881.0
5725,2749,2024-H2,2.9,3881.0
5726,2750,2023-H1,3.1,1287.0
5727,2750,2023-H2,3.2,1287.0
5728,2750,2024-H1,4.0,1287.0
5729,2750,2024-H2,3.0,1287.0
5730,2751,2023-H1,2.1,3441.0
5731,2751,2023-H2,1.7,3441.0
5732,2751,2024-H1,2.9,3441.0
5733,2751,2024-H2,2.2,3441.0
5734,2752,2023-H1,3.4,3049.0
5735,2752,2023-H2,4.3,3049.0
5736,2752,2024-H1,3.5,3049.0
5737,2752,2024-H2,3.5,3049.0
5738,2753,2023-H1,4.7,5261.0
5739,2753,2023-H2,4.8,5261.0
5740,2753,2024-H1,4.8,5261.0
5741,2753,2024-H2,4.2,5261.0
5742,2754,2023-H1,3.7,3873.0
5743,2754,2023-H2,3.3,3873.0
5744,2754,2024-H1,4.3,3873.0
5745,2754,2024-H2,4.0,3873.0
5746,2755,2023-H1,3.3,3045.0
5747,2755,2023-H2,3.8,3045.0
5748,2755,2024-H1,2.9,3045.0
5749,2755,2024-H2,3.2,3045.0
5750,2757,2023-H1,3.8,2642.0
5751,2757,2023-H2,3.9,2642.0
5752,2757,2024-H1,4.1,2642.0
5753,2757,2024-H2,4.8,2642.0
5754,2758,2023-H1,3.6,1544.0
5755,2758,2023-H2,2.9,1544.0
5756,2758,2024-H1,3.1,1544.0
5757,2758,2024-H2,2.9,1544.0
5758,2759,2023-H1,2.9,2575.0
5759,2759,2023-H2,2.1,2575.0
5760,2759,2024-H1,2.6,2575.0
5761,2759,2024-H2,2.7,2575.0
5762,2760,2024-H2,4.4,2267.0
5763,2761,2023-H1,4.7,4778.0
5764,2761,2023-H2,4.4,4778.0
5765,2761,2024-H1,4.3,4778.0
5766,2761,2024-H2,4.4,4778.0
5767,2763,2023-H1,4.1,3396.0
5768,2763,2023-H2,4.1,3396.0
5769,2763,2024-H1,4.1,3396.0
5770,2763,2024-H2,3.6,3396.0
5771,2764,2023-H1,2.5,1351.0
5772,2764,2023-H2,3.0,1351.0
5773,2764,2024-H1,2.4,1351.0
5774,2764,2024-H2,2.1,1351.0
5775,2765,2023-H1,3.0,4863.0
5776,2765,2023-H2,3.3,4863.0
5777,2765,2024-H1,3.5,4863.0
5778,2765,2024-H2,3.2,4863.0
5779,2766,2023-H1,3.4,4792.0
5780,2766,2023-H2,3.2,4792.0
5781,2766,2024-H1,3.5,4792.0
5782,2766,2024-H2,3.1,4792.0
5783,2767,2023-H1,2.5,3790.0
5784,2767,2023-H2,3.0,3790.0
5785,2767,2024-H1,2.8,3790.0
5786,2767,2024-H2,2.9,3790.0
5787,2768,2023-H1,3.6,4358.0
5788,2768,2023-H2,3.9,4358.0
5789,2768,2024-H1,3.0,4358.0
5790,2768,2024-H2,3.4,4358.0
5791,2769,2023-H1,3.3,2432.0
5792,2769,2023-H2,4.0,2432.0
5793,2769,2024-H1,3.8,2432.0
5794,2769,2024-H2,3.3,2432.0
5795,2770,2023-H1,2.5,4581.0
5796,2770,2023-H2,3.8,4581.0
5797,2770,2024-H1,3.3,4581.0
5798,2770,2024-H2,2.9,4581.0
5799,2771,2023-H1,3.2,3923.0
5800,2771,2023-H2,3.4,3923.0
5801,2771,2024-H1,3.6,3923.0
5802,2771,2024-H2,4.5,3923.0
5803,2772,2023-H1,3.4,4812.0
5804,2772,2023-H2,2.2,4812.0
5805,2772,2024-H1,3.5,4812.0
5806,2772,2024-H2,3.1,4812.0
5807,2773,2023-H1,4.3,5404.0
5808,2773,2023-H2,4.3,5404.0
5809,2773,2024-H1,4.9,5404.0
5810,2773,2024-H2,4.8,5404.0
5811,2774,2023-H1,3.5,2675.0
5812,2774,2023-H2,2.9,2675.0
5813,2775,2023-H1,4.4,2197.0
5814,2775,2023-H2,3.3,2197.0
5815,2775,2024-H1,3.8,2197.0
5816,2775,2024-H2,4.0,2197.0
5817,2777,2023-H1,2.1,2957.0
5818,2777,2023-H2,2.8,2957.0
5819,2777,2024-H1,1.8,2957.0
5820,2777,2024-H2,2.5,2957.0
5821,2778,2023-H1,3.6,3434.0
5822,2778,2023-H2,3.3,3434.0
5823,2778,2024-H1,3.3,3434.0
5824,2778,2024-H2,2.8,3434.0
5825,2779,2023-H1,3.0,2637.0
5826,2779,2023-H2,3.4,2637.0
5827,2779,2024-H1,3.6,2637.0
5828,2779,2024-H2,3.8,2637.0
5829,2782,2023-H1,2.0,1736.0
5830,2783,2023-H1,2.1,2949.0
5831,2783,2023-H2,2.8,2949.0
5832,2783,2024-H1,2.3,2949.0
5833,2783,2024-H2,3.0,2949.0
5834,2784,2023-H1,2.2,1795.0
5835,2784,2023-H2,2.3,1795.0
5836,2784,2024-H1,2.2,1795.0
5837,2784,2024-H2,3.1,1795.0
5838,2785,2023-H1,4.0,2854.0
5839,2785,2023-H2,3.1,2854.0
5840,2785,2024-H1,3.6,2854.0
5841,2785,2024-H2,2.4,2854.0
5842,2786,2023-H1,2.4,3523.0
5843,2786,2023-H2,3.1,3523.0
5844,2786,2024-H1,2.3,3523.0
5845,2786,2024-H2,2.5,3523.0
5846,2787,2023-H1,2.8,3272.0
5847,2787,2023-H2,3.9,3272.0
5848,2787,2024-H1,2.7,3272.0
5849,2787,2024-H2,3.8,3272.0
5850,2788,2024-H2,4.9,2741.0
5851,2789,2023-H1,1.9,2110.0
5852,2789,2023-H2,2.6,2110.0
5853,2789,2024-H1,2.5,2110.0
5854,2789,2024-H2,3.2,2110.0
5855,2790,2023-H1,3.4,1185.0
5856,2790,2023-H2,2.6,1185.0
5857,2790,2024-H1,2.9,1185.0
5858,2790,2024-H2,3.1,1185.0
5859,2792,2023-H1,4.0,
5860,2792,2023-H2,4.6,
5861,2792,2024-H1,4.2,
5862,2792,2024-H2,4.4,
5863,2793,2023-H1,2.3,5027.0
5864,2793,2023-H2,2.3,5027.0
5865,2795,2023-H1,2.2,3761.0
5866,2795,2023-H2,1.7,3761.0
5867,2795,2024-H1,2.1,3761.0
5868,2795,2024-H2,2.5,3761.0
5869,2796,2023-H1,3.5,1158.0
5870,2796,2023-H2,3.6,1158.0
5871,2796,2024-H1,3.4,1158.0
5872,2796,2024-H2,4.0,1158.0
5873,2797,2023-H1,4.1,2002.0
5874,2797,2023-H2,3.8,2002.0
5875,2797,2024-H1,3.7,2002.0
5876,2797,2024-H2,4.0,2002.0
5877,2798,2023-H1,3.4,1328.0
5878,2798,2023-H2,3.2,1328.0
5879,2798,2024-H1,4.0,1328.0
5880,2798,2024-H2,3.4,1328.0
5881,2799,2023-H1,3.9,2392.0
5882,2799,2023-H2,3.7,2392.0
5883,2799,2024-H1,4.1,2392.0
5884,2799,2024-H2,4.3,2392.0
5885,2801,2023-H1,3.4,2899.0
5886,2801,2023-H2,3.5,2899.0
5887,2802,2023-H1,3.1,4828.0
5888,2802,2023-H2,3.8,4828.0
5889,2802,2024-H1,3.3,4828.0
5890,2802,2024-H2,2.8,4828.0
5891,2803,2023-H1,3.4,4658.0
5892,2803,2023-H2,4.1,4658.0
5893,2803,2024-H1,3.7,4658.0
5894,2803,2024-H2,3.8,4658.0
5895,2804,2023-H1,2.6,1180.0
5896,2804,2023-H2,2.2,1180.0
5897,2804,2024-H1,3.1,1180.0
5898,2804,2024-H2,2.2,1180.0
5899,2805,2023-H1,3.6,
5900,2805,2023-H2,2.9,
5901,2805,2024-H1,3.8,
5902,2805,2024-H2,3.0,
5903,2806,2023-H1,3.4,1345.0
5904,2806,2023-H2,2.5,1345.0
5905,2806,2024-H1,3.4,1345.0
5906,2808,2023-H1,3.6,4794.0
5907,2808,2023-H2,4.7,4794.0
5908,2808,2024-H1,4.1,4794.0
5909,2808,2024-H2,3.4,4794.0
5910,2809,2023-H1,4.4,4169.0
5911,2809,2023-H2,4.7,4169.0
5912,2809,2024-H1,4.4,4169.0
5913,2810,2023-H1,3.2,2692.0
5914,2810,2023-H2,3.4,2692.0
5915,2810,2024-H1,3.4,2692.0
5916,2810,2024-H2,3.9,2692.0
5917,2811,2023-H1,2.6,1168.0
5918,2811,2023-H2,3.5,1168.0
5919,2811,2024-H1,3.8,1168.0
5920,2811,2024-H2,4.0,1168.0
5921,2812,2023-H1,3.6,4146.0
5922,2812,2023-H2,3.6,4146.0
5923,2812,2024-H1,3.2,4146.0
5924,2812,2024-H2,3.3,4146.0
5925,2813,2023-H1,2.4,1388.0
5926,2813,2023-H2,2.7,1388.0
5927,2813,2024-H1,2.1,1388.0
5928,2813,2024-H2,2.2,1388.0
5929,2814,2023-H1,3.9,4012.0
5930,2814,2023-H2,3.1,4012.0
5931,2814,2024-H1,3.2,4012.0
5932,2814,2024-H2,3.9,4012.0
5933,2815,2023-H1,4.4,2652.0
5934,2815,2023-H2,3.9,2652.0
5935,2815,2024-H1,3.6,2652.0
5936,2815,2024-H2,4.0,2652.0
5937,2816,2023-H1,3.0,1972.0
5938,2816,2023-H2,2.7,1972.0
5939,2816,2024-H1,2.8,1972.0
5940,2816,2024-H2,3.3,1972.0
5941,2817,2023-H2,2.5,3652.0
5942,2817,2024-H1,2.9,3652.0
5943,2818,2024-H2,3.1,3790.0
5944,2819,2023-H1,4.3,5171.0
5945,2819,2023-H2,4.2,5171.0
5946,2819,2024-H1,3.5,5171.0
5947,2819,2024-H2,4.9,5171.0
5948,2820,2023-H1,3.4,5351.0
5949,2820,2023-H2,2.7,5351.0
5950,2820,2024-H1,3.9,5351.0
5951,2820,2024-H2,2.2,5351.0
5952,2821,2023-H1,2.4,2926.0
5953,2821,2023-H2,3.2,2926.0
5954,2821,2024-H1,2.0,2926.0
5955,2821,2024-H2,3.7,2926.0
5956,2823,2023-H1,4.6,4173.0
5957,2823,2023-H2,4.8,4173.0
5958,2823,2024-H1,4.9,4173.0
5959,2823,2024-H2,4.6,4173.0
5960,2824,2023-H1,4.9,1525.0
5961,2824,2023-H2,5.0,1525.0
5962,2824,2024-H1,4.8,1525.0
5963,2824,2024-H2,4.4,1525.0
5964,2825,2023-H1,3.3,1219.0
5965,2825,2023-H2,2.5,1219.0
5966,2825,2024-H1,2.5,1219.0
5967,2825,2024-H2,3.1,1219.0
5968,2826,2023-H1,2.1,4537.0
5969,2826,2023-H2,3.0,4537.0
5970,2826,2024-H1,2.2,4537.0
5971,2826,2024-H2,2.7,4537.0
5972,2827,2023-H1,4.6,4642.0
5973,2827,2023-H2,4.3,4642.0
5974,2827,2024-H1,3.3,4642.0
5975,2827,2024-H2,4.0,4642.0
5976,2828,2023-H1,4.2,1020.0
5977,2828,2023-H2,4.1,1020.0
5978,2828,2024-H1,4.1,1020.0
5979,2828,2024-H2,3.6,1020.0
5980,2830,2023-H1,4.1,4138.0
5981,2830,2023-H2,4.1,4138.0
5982,2830,2024-H1,3.5,4138.0
5983,2830,2024-H2,4.1,4138.0
5984,2831,2023-H1,4.7,2331.0
5985,2831,2023-H2,4.6,2331.0
5986,2831,2024-H1,5.0,2331.0
5987,2831,2024-H2,5.0,2331.0
5988,2833,2023-H1,3.4,4657.0
5989,2833,2023-H2,2.8,4657.0
5990,2833,2024-H1,3.3,4657.0
5991,2833,2024-H2,2.5,4657.0
5992,2834,2024-H2,3.8,4309.0
5993,2835,2023-H1,4.0,3089.0
5994,2835,2023-H2,3.3,3089.0
5995,2835,2024-H1,3.0,3089.0
5996,2835,2024-H2,3.9,3089.0
5997,2836,2023-H1,3.9,4877.0
5998,2836,2023-H2,3.6,4877.0
5999,2836,2024-H1,3.8,4877.0
6000,2836,2024-H2,3.7,4877.0
6001,2837,2023-H1,3.6,2413.0
6002,2837,2023-H2,3.3,2413.0
6003,2837,2024-H1,4.2,2413.0
6004,2837,2024-H2,3.5,2413.0
6005,2838,2023-H1,4.2,5364.0
6006,2838,2023-H2,4.0,5364.0
6007,2838,2024-H1,3.7,5364.0
6008,2838,2024-H2,4.2,5364.0
6009,2839,2023-H1,1.5,4986.0
6010,2839,2023-H2,1.0,4986.0
6011,2839,2024-H1,1.6,4986.0
6012,2839,2024-H2,1.7,4986.0
6013,2840,2023-H2,4.4,2322.0
6014,2840,2024-H1,3.7,2322.0
6015,2840,2024-H2,3.8,2322.0
6016,2841,2023-H1,4.1,4277.0
6017,2841,2023-H2,3.5,4277.0
6018,2841,2024-H1,2.2,4277.0
6019,2841,2024-H2,3.5,4277.0
6020,2842,2023-H1,3.0,5315.0
6021,2842,2023-H2,2.2,5315.0
6022,2842,2024-H1,2.6,5315.0
6023,2842,2024-H2,2.6,5315.0
6024,2843,2023-H1,3.6,4920.0
6025,2843,2023-H2,3.5,4920.0
6026,2843,2024-H1,3.5,4920.0
6027,2843,2024-H2,4.1,4920.0
6028,2844,2024-H1,4.2,3297.0
6029,2844,2024-H2,4.3,3297.0
6030,2845,2023-H1,3.5,1609.0
6031,2845,2023-H2,3.6,1609.0
6032,2845,2024-H1,3.3,1609.0
6033,2845,2024-H2,3.6,1609.0
6034,2846,2023-H1,2.3,2147.0
6035,2846,2023-H2,3.1,2147.0
6036,2846,2024-H1,1.8,2147.0
6037,2846,2024-H2,2.1,2147.0
6038,2848,2023-H1,4.2,2553.0
6039,2848,2023-H2,4.5,2553.0
6040,2849,2023-H1,4.1,3770.0
6041,2849,2023-H2,4.8,3770.0
6042,2849,2024-H1,4.7,3770.0
6043,2849,2024-H2,4.7,3770.0
6044,2850,2023-H1,3.9,2732.0
6045,2850,2023-H2,3.3,2732.0
6046,2850,2024-H1,3.4,2732.0
6047,2850,2024-H2,3.6,2732.0
6048,2851,2023-H1,4.1,1703.0
6049,2851,2023-H2,3.0,1703.0
6050,2851,2024-H1,4.4,1703.0
6051,2851,2024-H2,4.7,1703.0
6052,2852,2023-H1,4.5,4929.0
6053,2852,2023-H2,3.8,4929.0
6054,2852,2024-H1,3.6,4929.0
6055,2852,2024-H2,3.9,4929.0
6056,2853,2024-H2,4.0,1330.0
6057,2854,2023-H1,1.8,1562.0
6058,2854,2023-H2,1.5,1562.0
6059,2854,2024-H1,1.7,1562.0
6060,2854,2024-H2,2.4,1562.0
6061,2855,2024-H2,2.6,4204.0
6062,2856,2023-H1,4.0,3200.0
6063,2856,2023-H2,3.9,3200.0
6064,2856,2024-H1,3.8,3200.0
6065,2856,2024-H2,4.2,3200.0
6066,2857,2023-H1,4.0,5320.0
6067,2857,2023-H2,4.6,5320.0
6068,2857,2024-H1,5.0,5320.0
6069,2857,2024-H2,5.0,5320.0
6070,2858,2023-H1,2.7,1764.0
6071,2858,2023-H2,3.2,1764.0
6072,2858,2024-H1,3.2,1764.0
6073,2858,2024-H2,3.9,1764.0
6074,2859,2023-H1,3.4,4012.0
6075,2859,2023-H2,3.8,4012.0
6076,2859,2024-H1,3.8,4012.0
6077,2859,2024-H2,3.3,4012.0
6078,2860,2023-H1,4.6,1010.0
6079,2860,2023-H2,3.8,1010.0
6080,2860,2024-H1,3.1,1010.0
6081,2860,2024-H2,3.7,1010.0
6082,2861,2023-H1,4.2,2803.0
6083,2861,2023-H2,4.0,2803.0
6084,2861,2024-H1,4.1,2803.0
6085,2861,2024-H2,4.0,2803.0
6086,2862,2024-H2,4.2,4743.0
6087,2863,2023-H1,3.7,4794.0
6088,2863,2023-H2,3.3,4794.0
6089,2863,2024-H1,2.8,4794.0
6090,2863,2024-H2,3.2,4794.0
6091,2864,2023-H1,4.1,2855.0
6092,2864,2023-H2,4.3,2855.0
6093,2864,2024-H1,5.0,2855.0
6094,2864,2024-H2,3.4,2855.0
6095,2866,2023-H1,4.2,
6096,2866,2023-H2,3.9,
6097,2866,2024-H1,3.6,
6098,2866,2024-H2,3.8,
6099,2867,2023-H1,3.0,5177.0
6100,2867,2023-H2,3.3,5177.0
6101,2867,2024-H1,3.9,5177.0
6102,2867,2024-H2,3.7,5177.0
6103,2868,2023-H1,3.5,1770.0
6104,2868,2023-H2,3.4,1770.0
6105,2869,2023-H2,4.1,4425.0
6106,2869,2024-H1,4.5,4425.0
6107,2869,2024-H2,4.2,4425.0
6108,2870,2023-H1,1.4,1387.0
6109,2870,2023-H2,2.3,1387.0
6110,2870,2024-H1,2.3,1387.0
6111,2870,2024-H2,2.4,1387.0
6112,2871,2023-H1,4.5,2994.0
6113,2871,2023-H2,5.0,2994.0
6114,2871,2024-H1,4.4,2994.0
6115,2871,2024-H2,4.2,2994.0
6116,2872,2024-H1,4.1,4588.0
6117,2872,2024-H2,3.4,4588.0
6118,2874,2023-H1,4.0,3824.0
6119,2874,2023-H2,4.6,3824.0
6120,2874,2024-H1,3.9,3824.0
6121,2874,2024-H2,4.9,3824.0
6122,2875,2023-H1,3.9,1671.0
6123,2875,2023-H2,4.1,1671.0
6124,2875,2024-H1,3.9,1671.0
6125,2876,2023-H1,3.2,1092.0
6126,2876,2023-H2,2.7,1092.0
6127,2876,2024-H1,2.5,1092.0
6128,2876,2024-H2,3.2,1092.0
6129,2877,2023-H1,3.8,3367.0
6130,2877,2023-H2,3.4,3367.0
6131,2877,2024-H1,4.6,3367.0
6132,2877,2024-H2,3.5,3367.0
6133,2878,2023-H1,2.5,5369.0
6134,2878,2023-H2,1.9,5369.0
6135,2878,2024-H1,1.9,5369.0
6136,2878,2024-H2,2.3,5369.0
6137,2879,2024-H1,3.4,3268.0
6138,2879,2024-H2,2.5,3268.0
6139,2880,2023-H1,3.6,2961.0
6140,2880,2023-H2,2.9,2961.0
6141,2880,2024-H1,3.7,2961.0
6142,2880,2024-H2,4.1,2961.0
6143,2881,2023-H1,2.9,4619.0
6144,2881,2023-H2,2.3,4619.0
6145,2881,2024-H1,1.6,4619.0
6146,2881,2024-H2,2.5,4619.0
6147,2882,2023-H1,4.3,4164.0
6148,2882,2023-H2,4.5,4164.0
6149,2882,2024-H1,4.3,4164.0
6150,2882,2024-H2,4.4,4164.0
6151,2883,2023-H1,3.6,3403.0
6152,2883,2023-H2,3.9,3403.0
6153,2883,2024-H1,3.4,3403.0
6154,2883,2024-H2,3.3,3403.0
6155,2884,2024-H2,3.7,1922.0
6156,2885,2024-H2,2.9,3345.0
6157,2886,2024-H1,4.6,3615.0
6158,2886,2024-H2,3.9,3615.0
6159,2887,2023-H1,3.8,3111.0
6160,2887,2023-H2,3.6,3111.0
6161,2887,2024-H1,3.4,3111.0
6162,2887,2024-H2,3.4,3111.0
6163,2888,2023-H1,3.8,3991.0
6164,2888,2023-H2,4.6,3991.0
6165,2888,2024-H1,5.0,3991.0
6166,2888,2024-H2,4.3,3991.0
6167,2889,2023-H1,2.8,5155.0
6168,2889,2023-H2,2.8,5155.0
6169,2889,2024-H1,3.3,5155.0
6170,2889,2024-H2,2.8,5155.0
6171,2890,2023-H1,3.6,2146.0
6172,2890,2023-H2,3.6,2146.0
6173,2890,2024-H1,3.7,2146.0
6174,2890,2024-H2,3.4,2146.0
6175,2891,2023-H1,2.7,2854.0
6176,2891,2023-H2,2.3,2854.0
6177,2891,2024-H1,3.1,2854.0
6178,2891,2024-H2,3.1,2854.0
6179,2892,2023-H1,1.7,3770.0
6180,2892,2023-H2,2.7,3770.0
6181,2892,2024-H1,3.3,3770.0
6182,2892,2024-H2,2.6,3770.0
6183,2893,2023-H1,3.9,4530.0
6184,2893,2023-H2,3.5,4530.0
6185,2893,2024-H1,4.2,4530.0
6186,2893,2024-H2,3.7,4530.0
6187,2894,2023-H1,3.9,3294.0
6188,2894,2023-H2,4.2,3294.0
6189,2894,2024-H1,4.6,3294.0
6190,2894,2024-H2,4.1,3294.0
6191,2895,2023-H1,4.8,5058.0
6192,2895,2023-H2,3.8,5058.0
6193,2895,2024-H1,4.2,5058.0
6194,2895,2024-H2,3.8,5058.0
6195,2896,2023-H1,4.3,
6196,2896,2023-H2,3.9,
6197,2896,2024-H1,4.1,
6198,2896,2024-H2,4.0,
6199,2897,2023-H1,3.7,3745.0
6200,2897,2023-H2,3.0,3745.0
6201,2897,2024-H1,2.8,3745.0
6202,2897,2024-H2,3.7,3745.0
6203,2899,2023-H1,4.1,3603.0
6204,2899,2023-H2,3.7,3603.0
6205,2899,2024-H1,3.9,3603.0
6206,2899,2024-H2,3.4,3603.0
6207,2900,2023-H2,3.0,3387.0
6208,2900,2024-H1,3.9,3387.0
6209,2900,2024-H2,3.7,3387.0
6210,2902,2023-H1,3.4,1363.0
6211,2902,2023-H2,3.9,1363.0
6212,2902,2024-H1,3.4,1363.0
6213,2902,2024-H2,3.4,1363.0
6214,2903,2023-H2,3.5,3729.0
6215,2903,2024-H1,3.4,3729.0
6216,2903,2024-H2,4.0,3729.0
6217,2904,2023-H1,3.4,3169.0
6218,2904,2023-H2,3.1,3169.0
6219,2904,2024-H1,3.0,3169.0
6220,2904,2024-H2,3.0,3169.0
6221,2905,2023-H1,4.8,2384.0
6222,2905,2023-H2,4.3,2384.0
6223,2905,2024-H1,4.2,2384.0
6224,2905,2024-H2,4.9,2384.0
6225,2906,2023-H1,2.3,3488.0
6226,2906,2023-H2,3.1,3488.0
6227,2906,2024-H1,2.8,3488.0
6228,2906,2024-H2,2.4,3488.0
6229,2907,2023-H1,3.3,2236.0
6230,2907,2023-H2,3.6,2236.0
6231,2907,2024-H1,3.2,2236.0
6232,2907,2024-H2,3.0,2236.0
6233,2908,2024-H2,4.6,2791.0
6234,2909,2023-H2,4.2,1471.0
6235,2909,2024-H1,4.1,1471.0
6236,2909,2024-H2,4.4,1471.0
6237,2910,2023-H1,4.4,3143.0
6238,2910,2023-H2,4.3,3143.0
6239,2911,2023-H1,4.2,3247.0
6240,2911,2023-H2,3.9,3247.0
6241,2911,2024-H1,3.8,3247.0
6242,2911,2024-H2,3.9,3247.0
6243,2912,2023-H1,3.4,2243.0
6244,2912,2023-H2,3.6,2243.0
6245,2912,2024-H1,3.7,2243.0
6246,2912,2024-H2,3.7,2243.0
6247,2913,2023-H1,4.7,2961.0
6248,2913,2023-H2,4.9,2961.0
6249,2913,2024-H1,5.0,2961.0
6250,2913,2024-H2,4.5,2961.0
6251,2914,2023-H1,5.0,3249.0
6252,2914,2023-H2,4.0,3249.0
6253,2914,2024-H1,4.7,3249.0
6254,2914,2024-H2,3.9,3249.0
6255,2915,2023-H1,2.9,1562.0
6256,2915,2023-H2,2.9,1562.0
6257,2915,2024-H1,2.9,1562.0
6258,2915,2024-H2,3.1,1562.0
6259,2917,2023-H1,3.2,2948.0
6260,2917,2023-H2,4.1,2948.0
6261,2917,2024-H1,3.5,2948.0
6262,2917,2024-H2,3.5,2948.0
6263,2918,2023-H1,4.0,4799.0
6264,2918,2023-H2,4.2,4799.0
6265,2918,2024-H1,4.4,4799.0
6266,2918,2024-H2,3.4,4799.0
6267,2919,2023-H1,2.8,3483.0
6268,2919,2023-H2,2.7,3483.0
6269,2919,2024-H1,3.3,3483.0
6270,2919,2024-H2,2.8,3483.0
6271,2920,2023-H1,3.4,4901.0
6272,2920,2023-H2,3.5,4901.0
6273,2920,2024-H1,3.5,4901.0
6274,2920,2024-H2,3.5,4901.0
6275,2922,2023-H1,3.9,1729.0
6276,2922,2023-H2,3.5,1729.0
6277,2922,2024-H1,3.3,1729.0
6278,2922,2024-H2,4.5,1729.0
6279,2923,2023-H1,2.4,1426.0
6280,2923,2023-H2,2.2,1426.0
6281,2923,2024-H1,1.8,1426.0
6282,2923,2024-H2,1.7,1426.0
6283,2925,2023-H1,3.1,1757.0
6284,2925,2023-H2,3.3,1757.0
6285,2925,2024-H1,3.2,1757.0
6286,2925,2024-H2,3.9,1757.0
6287,2926,2023-H1,2.9,1332.0
6288,2928,2023-H2,3.5,4739.0
6289,2928,2024-H1,3.3,4739.0
6290,2928,2024-H2,2.5,4739.0
6291,2929,2023-H1,3.3,4430.0
6292,2929,2023-H2,3.6,4430.0
6293,2929,2024-H1,4.4,4430.0
6294,2929,2024-H2,3.2,4430.0
6295,2930,2023-H1,2.9,3168.0
6296,2930,2023-H2,4.1,3168.0
6297,2930,2024-H1,3.3,3168.0
6298,2930,2024-H2,3.3,3168.0
6299,2931,2023-H1,4.1,1097.0
6300,2931,2023-H2,4.5,1097.0
6301,2931,2024-H1,3.8,1097.0
6302,2931,2024-H2,3.8,1097.0
6303,2932,2023-H1,4.4,4265.0
6304,2932,2023-H2,4.1,4265.0
6305,2932,2024-H1,3.8,4265.0
6306,2932,2024-H2,4.3,4265.0
6307,2933,2023-H1,4.5,1613.0
6308,2934,2023-H1,4.4,4167.0
6309,2934,2023-H2,5.0,4167.0
6310,2934,2024-H1,5.0,4167.0
6311,2934,2024-H2,4.4,4167.0
6312,2935,2023-H1,4.4,2738.0
6313,2935,2023-H2,4.3,2738.0
6314,2935,2024-H1,4.4,2738.0
6315,2935,2024-H2,4.4,2738.0
6316,2936,2023-H1,2.4,5338.0
6317,2936,2023-H2,2.8,5338.0
6318,2936,2024-H1,3.1,5338.0
6319,2936,2024-H2,2.5,5338.0
6320,2937,2023-H1,3.3,5370.0
6321,2937,2023-H2,3.3,5370.0
6322,2937,2024-H1,3.6,5370.0
6323,2937,2024-H2,3.5,5370.0
6324,2938,2023-H1,1.1,5157.0
6325,2938,2023-H2,2.0,5157.0
6326,2938,2024-H1,2.2,5157.0
6327,2938,2024-H2,1.5,5157.0
6328,2939,2023-H1,2.2,1150.0
6329,2939,2023-H2,2.3,1150.0
6330,2939,2024-H1,1.3,1150.0
6331,2939,2024-H2,2.8,1150.0
6332,2940,2023-H1,2.6,3289.0
6333,2940,2023-H2,2.6,3289.0
6334,2940,2024-H1,2.5,3289.0
6335,2940,2024-H2,3.0,3289.0
6336,2941,2023-H1,3.5,2913.0
6337,2941,2023-H2,4.2,2913.0
6338,2941,2024-H1,3.5,2913.0
6339,2941,2024-H2,3.5,2913.0
6340,2942,2023-H1,5.0,3176.0
6341,2942,2023-H2,5.0,3176.0
6342,2942,2024-H1,5.0,3176.0
6343,2942,2024-H2,5.0,3176.0
6344,2944,2023-H1,3.4,2465.0
6345,2944,2023-H2,3.5,2465.0
6346,2944,2024-H1,2.8,2465.0
6347,2944,2024-H2,4.0,2465.0
6348,2945,2023-H1,2.6,1795.0
6349,2945,2023-H2,3.4,1795.0
6350,2945,2024-H1,3.0,1795.0
6351,2945,2024-H2,3.6,1795.0
6352,2947,2023-H1,2.0,3828.0
6353,2947,2023-H2,2.8,3828.0
6354,2947,2024-H1,2.4,3828.0
6355,2947,2024-H2,2.8,3828.0
6356,2948,2023-H1,4.2,3972.0
6357,2948,2023-H2,4.3,3972.0
6358,2948,2024-H1,4.6,3972.0
6359,2948,2024-H2,3.8,3972.0
6360,2950,2023-H1,4.1,1271.0
6361,2950,2023-H2,3.3,1271.0
6362,2950,2024-H1,3.8,1271.0
6363,2950,2024-H2,3.7,1271.0
6364,2951,2023-H1,1.8,4732.0
6365,2951,2023-H2,1.2,4732.0
6366,2951,2024-H1,1.4,4732.0
6367,2951,2024-H2,2.0,4732.0
6368,2952,2023-H1,3.4,3726.0
6369,2952,2023-H2,4.2,3726.0
6370,2952,2024-H1,3.3,3726.0
6371,2952,2024-H2,3.5,3726.0
6372,2953,2023-H1,1.9,2596.0
6373,2953,2023-H2,2.5,2596.0
6374,2953,2024-H1,2.6,2596.0
6375,2953,2024-H2,2.6,2596.0
6376,2954,2023-H1,3.1,1335.0
6377,2954,2023-H2,3.1,1335.0
6378,2954,2024-H1,2.7,1335.0
6379,2954,2024-H2,3.5,1335.0
6380,2955,2023-H1,4.3,5440.0
6381,2955,2023-H2,3.8,5440.0
6382,2955,2024-H1,4.1,5440.0
6383,2955,2024-H2,4.1,5440.0
6384,2956,2023-H1,4.0,4619.0
6385,2956,2023-H2,3.2,4619.0
6386,2956,2024-H1,3.2,4619.0
6387,2956,2024-H2,3.7,4619.0
6388,2957,2023-H1,4.0,5491.0
6389,2957,2023-H2,3.4,5491.0
6390,2957,2024-H1,4.1,5491.0
6391,2957,2024-H2,4.0,5491.0
6392,2958,2023-H1,2.6,1074.0
6393,2958,2023-H2,2.9,1074.0
6394,2958,2024-H1,3.5,1074.0
6395,2958,2024-H2,3.0,1074.0
6396,2959,2023-H1,3.3,4241.0
6397,2959,2023-H2,3.4,4241.0
6398,2959,2024-H1,3.3,4241.0
6399,2959,2024-H2,3.4,4241.0
6400,2961,2023-H1,4.3,4529.0
6401,2961,2023-H2,4.3,4529.0
6402,2961,2024-H1,5.0,4529.0
6403,2961,2024-H2,4.8,4529.0
6404,2962,2023-H1,2.5,1863.0
6405,2962,2023-H2,2.7,1863.0
6406,2962,2024-H1,2.6,1863.0
6407,2962,2024-H2,2.7,1863.0
6408,2963,2023-H1,2.7,4665.0
6409,2963,2023-H2,2.2,4665.0
6410,2963,2024-H1,2.5,4665.0
6411,2963,2024-H2,2.5,4665.0
6412,2965,2023-H1,3.7,3847.0
6413,2965,2023-H2,3.0,3847.0
6414,2965,2024-H1,4.1,3847.0
6415,2966,2023-H1,2.6,2229.0
6416,2966,2023-H2,3.4,2229.0
6417,2966,2024-H1,2.9,2229.0
6418,2966,2024-H2,2.8,2229.0
6419,2968,2023-H1,3.5,3009.0
6420,2968,2023-H2,3.1,3009.0
6421,2968,2024-H1,3.4,3009.0
6422,2968,2024-H2,3.5,3009.0
6423,2969,2024-H2,3.1,4969.0
6424,2970,2023-H1,4.9,4283.0
6425,2970,2023-H2,4.5,4283.0
6426,2970,2024-H1,4.8,4283.0
6427,2970,2024-H2,5.0,4283.0
6428,2971,2023-H1,3.8,3672.0
6429,2971,2023-H2,4.2,3672.0
6430,2971,2024-H1,4.0,3672.0
6431,2971,2024-H2,4.7,3672.0
6432,2972,2023-H1,3.5,2404.0
6433,2972,2023-H2,3.7,2404.0
6434,2972,2024-H1,3.3,2404.0
6435,2972,2024-H2,3.9,2404.0
6436,2973,2023-H1,5.0,4606.0
6437,2973,2023-H2,5.0,4606.0
6438,2973,2024-H1,5.0,4606.0
6439,2973,2024-H2,5.0,4606.0
6440,2974,2023-H1,4.4,2372.0
6441,2974,2023-H2,4.6,2372.0
6442,2974,2024-H1,5.0,2372.0
6443,2974,2024-H2,5.0,2372.0
6444,2975,2023-H1,3.4,2289.0
6445,2975,2023-H2,3.0,2289.0
6446,2975,2024-H1,2.8,2289.0
6447,2975,2024-H2,2.7,2289.0
6448,2977,2023-H1,3.0,2256.0
6449,2977,2023-H2,2.7,2256.0
6450,2977,2024-H1,3.0,2256.0
6451,2977,2024-H2,3.2,2256.0
6452,2979,2023-H1,3.4,4863.0
6453,2979,2023-H2,2.8,4863.0
6454,2979,2024-H1,3.8,4863.0
6455,2979,2024-H2,2.8,4863.0
6456,2980,2023-H1,4.4,1559.0
6457,2980,2023-H2,4.8,1559.0
6458,2980,2024-H1,3.8,1559.0
6459,2980,2024-H2,5.0,1559.0
6460,2981,2023-H1,3.4,2449.0
6461,2981,2023-H2,3.7,2449.0
6462,2981,2024-H1,3.8,2449.0
6463,2981,2024-H2,3.6,2449.0
6464,2982,2023-H1,3.1,5433.0
6465,2982,2023-H2,2.9,5433.0
6466,2982,2024-H1,2.3,5433.0
6467,2982,2024-H2,2.8,5433.0
6468,2983,2023-H1,4.2,1767.0
6469,2983,2023-H2,3.8,1767.0
6470,2983,2024-H1,3.4,1767.0
6471,2983,2024-H2,3.8,1767.0
6472,2984,2023-H1,3.2,1530.0
6473,2984,2023-H2,2.2,1530.0
6474,2984,2024-H1,2.3,1530.0
6475,2984,2024-H2,2.9,1530.0
6476,2985,2023-H1,3.6,1937.0
6477,2985,2023-H2,4.1,1937.0
6478,2985,2024-H1,4.0,1937.0
6479,2985,2024-H2,3.1,1937.0
6480,2986,2023-H1,4.6,1112.0
6481,2986,2023-H2,4.2,1112.0
6482,2986,2024-H1,4.7,1112.0
6483,2986,2024-H2,4.4,1112.0
6484,2987,2023-H1,3.5,3172.0
6485,2987,2023-H2,3.7,3172.0
6486,2987,2024-H1,3.8,3172.0
6487,2987,2024-H2,3.6,3172.0
6488,2988,2023-H1,3.6,2765.0
6489,2988,2023-H2,3.9,2765.0
6490,2988,2024-H1,3.8,2765.0
6491,2988,2024-H2,4.2,2765.0
6492,2989,2024-H2,3.9,2792.0
6493,2990,2023-H1,3.5,4919.0
6494,2990,2023-H2,2.4,4919.0
6495,2990,2024-H1,2.8,4919.0
6496,2990,2024-H2,2.7,4919.0
6497,2991,2023-H1,2.8,2389.0
6498,2991,2023-H2,3.3,2389.0
6499,2991,2024-H1,3.7,2389.0
6500,2991,2024-H2,2.9,2389.0
6501,2992,2023-H1,3.7,4686.0
6502,2992,2023-H2,2.4,4686.0
6503,2992,2024-H1,3.1,4686.0
6504,2992,2024-H2,2.6,4686.0
6505,2993,2023-H2,3.3,2691.0
6506,2993,2024-H1,4.2,2691.0
6507,2993,2024-H2,4.5,2691.0
6508,2994,2023-H1,3.9,3101.0
6509,2994,2023-H2,3.6,3101.0
6510,2994,2024-H1,2.9,3101.0
6511,2994,2024-H2,3.1,3101.0
6512,2995,2023-H1,3.0,4989.0
6513,2995,2023-H2,4.0,4989.0
6514,2995,2024-H1,2.6,4989.0
6515,2995,2024-H2,3.2,4989.0
6516,2996,2023-H1,3.9,1317.0
6517,2996,2023-H2,3.6,1317.0
6518,2996,2024-H1,3.5,1317.0
6519,2996,2024-H2,4.4,1317.0
6520,2997,2023-H1,3.2,3133.0
6521,2997,2023-H2,3.3,3133.0
6522,2997,2024-H1,4.4,3133.0
6523,2997,2024-H2,3.8,3133.0
6524,2998,2023-H1,3.4,3506.0
6525,2998,2023-H2,2.8,3506.0
6526,2998,2024-H1,3.3,3506.0
6527,2998,2024-H2,2.5,3506.0
6528,2999,2023-H1,5.0,1685.0
6529,2999,2023-H2,4.4,1685.0
6530,2999,2024-H1,4.5,1685.0
6531,2999,2024-H2,5.0,1685.0
6532,3000,2023-H1,3.9,4896.0
6533,3000,2023-H2,4.0,4896.0
6534,3000,2024-H1,3.8,4896.0
6535,3000,2024-H2,3.5,4896.0
6536,3001,2024-H2,2.5,3264.0
6537,3002,2023-H1,3.0,3015.0
6538,3002,2023-H2,2.0,3015.0
6539,3002,2024-H1,2.1,3015.0
6540,3002,2024-H2,2.8,3015.0
6541,3003,2023-H1,2.7,3797.0
6542,3003,2023-H2,3.8,3797.0
6543,3003,2024-H1,3.2,3797.0
6544,3003,2024-H2,3.0,3797.0
6545,3004,2023-H1,3.4,1406.0
6546,3004,2023-H2,3.2,1406.0
6547,3004,2024-H1,3.5,1406.0
6548,3004,2024-H2,3.7,1406.0
6549,3005,2023-H1,3.1,1557.0
6550,3005,2023-H2,3.1,1557.0
6551,3005,2024-H1,3.8,1557.0
6552,3005,2024-H2,4.2,1557.0
6553,3006,2023-H1,3.6,3678.0
6554,3006,2023-H2,3.4,3678.0
6555,3006,2024-H1,3.8,3678.0
6556,3006,2024-H2,3.5,3678.0
6557,3007,2023-H1,4.6,5373.0
6558,3007,2023-H2,3.7,5373.0
6559,3007,2024-H1,4.3,5373.0
6560,3007,2024-H2,4.8,5373.0
6561,3008,2023-H1,3.4,3004.0
6562,3008,2023-H2,2.4,3004.0
6563,3008,2024-H1,2.6,3004.0
6564,3008,2024-H2,2.4,3004.0
6565,3009,2024-H2,3.9,1126.0
6566,3010,2023-H1,4.0,1728.0
6567,3010,2023-H2,4.3,1728.0
6568,3010,2024-H1,3.8,1728.0
6569,3010,2024-H2,4.4,1728.0
6570,3011,2023-H1,3.6,3077.0
6571,3011,2023-H2,3.1,3077.0
6572,3011,2024-H1,3.4,3077.0
6573,3011,2024-H2,3.5,3077.0
6574,3012,2023-H1,3.2,1573.0
6575,3012,2023-H2,2.2,1573.0
6576,3012,2024-H1,2.9,1573.0
6577,3012,2024-H2,2.6,1573.0
6578,3013,2023-H1,3.5,4394.0
6579,3013,2023-H2,3.6,4394.0
6580,3013,2024-H1,3.4,4394.0
6581,3013,2024-H2,3.6,4394.0
6582,3014,2023-H1,2.7,3251.0
6583,3014,2023-H2,3.2,3251.0
6584,3015,2024-H1,3.7,2707.0
6585,3015,2024-H2,4.3,2707.0
6586,3016,2023-H1,3.8,1129.0
6587,3016,2023-H2,3.8,1129.0
6588,3016,2024-H1,4.0,1129.0
6589,3016,2024-H2,3.8,1129.0
6590,3017,2023-H1,3.2,1782.0
6591,3017,2023-H2,3.7,1782.0
6592,3017,2024-H1,2.5,1782.0
6593,3017,2024-H2,2.9,1782.0
6594,3019,2023-H2,3.3,3172.0
6595,3019,2024-H1,3.1,3172.0
6596,3019,2024-H2,2.7,3172.0
6597,3021,2023-H1,4.4,4565.0
6598,3021,2023-H2,4.7,4565.0
6599,3021,2024-H1,5.0,4565.0
6600,3021,2024-H2,4.5,4565.0
6601,3022,2023-H1,2.1,5428.0
6602,3022,2023-H2,3.0,5428.0
6603,3023,2023-H1,2.9,2511.0
6604,3023,2023-H2,3.0,2511.0
6605,3023,2024-H1,1.9,2511.0
6606,3023,2024-H2,2.8,2511.0
6607,3024,2023-H1,3.5,3319.0
6608,3024,2023-H2,3.7,3319.0
6609,3024,2024-H1,3.8,3319.0
6610,3024,2024-H2,4.1,3319.0
6611,3025,2023-H1,5.0,1721.0
6612,3025,2023-H2,5.0,1721.0
6613,3025,2024-H1,4.6,1721.0
6614,3025,2024-H2,5.0,1721.0
6615,3027,2023-H1,5.0,4839.0
6616,3027,2023-H2,4.6,4839.0
6617,3027,2024-H1,5.0,4839.0
6618,3027,2024-H2,4.4,4839.0
6619,3028,2023-H1,4.1,1650.0
6620,3028,2023-H2,4.6,1650.0
6621,3028,2024-H1,4.3,1650.0
6622,3028,2024-H2,4.0,1650.0
6623,3030,2023-H1,4.3,5491.0
6624,3030,2023-H2,4.5,5491.0
6625,3030,2024-H1,3.6,5491.0
6626,3030,2024-H2,5.0,5491.0
6627,3031,2023-H1,3.0,4963.0
6628,3031,2023-H2,3.3,4963.0
6629,3031,2024-H1,2.9,4963.0
6630,3031,2024-H2,2.8,4963.0
6631,3032,2023-H1,4.0,3782.0
6632,3032,2023-H2,3.5,3782.0
6633,3032,2024-H1,4.3,3782.0
6634,3032,2024-H2,3.8,3782.0
6635,3033,2023-H1,4.3,2339.0
6636,3033,2023-H2,4.0,2339.0
6637,3033,2024-H1,4.7,2339.0
6638,3033,2024-H2,4.9,2339.0
6639,3034,2023-H1,2.0,1785.0
6640,3034,2023-H2,1.9,1785.0
6641,3034,2024-H1,2.0,1785.0
6642,3034,2024-H2,2.0,1785.0
6643,3035,2024-H2,3.4,2899.0
6644,3036,2023-H1,3.1,4624.0
6645,3036,2023-H2,2.9,4624.0
6646,3036,2024-H1,3.2,4624.0
6647,3036,2024-H2,3.6,4624.0
6648,3037,2024-H1,4.0,1747.0
6649,3038,2023-H1,2.6,4467.0
6650,3038,2023-H2,2.8,4467.0
6651,3038,2024-H1,3.7,4467.0
6652,3038,2024-H2,3.4,4467.0
6653,3039,2023-H1,3.1,1633.0
6654,3039,2023-H2,4.0,1633.0
6655,3039,2024-H1,4.0,1633.0
6656,3039,2024-H2,5.0,1633.0
6657,3040,2023-H1,3.3,3217.0
6658,3040,2023-H2,3.3,3217.0
6659,3040,2024-H1,3.0,3217.0
6660,3040,2024-H2,2.9,3217.0
6661,3041,2023-H1,4.7,4588.0
6662,3041,2023-H2,3.9,4588.0
6663,3041,2024-H1,4.2,4588.0
6664,3041,2024-H2,4.3,4588.0
6665,3042,2023-H1,3.3,2112.0
6666,3042,2023-H2,4.1,2112.0
6667,3042,2024-H1,4.3,2112.0
6668,3042,2024-H2,4.4,2112.0
6669,3043,2023-H1,3.4,5294.0
6670,3043,2023-H2,3.6,5294.0
6671,3043,2024-H1,3.4,5294.0
6672,3043,2024-H2,2.5,5294.0
6673,3044,2023-H1,3.5,2557.0
6674,3044,2023-H2,3.1,2557.0
6675,3045,2023-H1,2.7,4496.0
6676,3045,2023-H2,2.6,4496.0
6677,3045,2024-H1,3.2,4496.0
6678,3045,2024-H2,2.8,4496.0
6679,3046,2023-H1,2.4,2565.0
6680,3046,2023-H2,2.6,2565.0
6681,3046,2024-H1,2.8,2565.0
6682,3046,2024-H2,3.2,2565.0
6683,3047,2024-H1,5.0,2417.0
6684,3047,2024-H2,5.0,2417.0
6685,3048,2023-H1,4.1,1394.0
6686,3048,2023-H2,4.5,1394.0
6687,3048,2024-H1,4.5,1394.0
6688,3048,2024-H2,4.6,1394.0
6689,3049,2023-H1,2.6,5017.0
6690,3049,2023-H2,1.8,5017.0
6691,3049,2024-H1,2.4,5017.0
6692,3049,2024-H2,2.3,5017.0
6693,3050,2023-H1,4.7,3633.0
6694,3050,2023-H2,4.8,3633.0
6695,3050,2024-H1,4.3,3633.0
6696,3050,2024-H2,5.0,3633.0
6697,3051,2024-H1,3.7,2013.0
6698,3051,2024-H2,2.3,2013.0
6699,3053,2023-H1,4.4,1358.0
6700,3053,2023-H2,4.3,1358.0
6701,3053,2024-H1,3.9,1358.0
6702,3053,2024-H2,3.4,1358.0
6703,3054,2023-H1,3.9,3273.0
6704,3054,2023-H2,2.9,3273.0
6705,3054,2024-H1,3.7,3273.0
6706,3054,2024-H2,3.6,3273.0
6707,3056,2023-H1,3.7,2899.0
6708,3056,2023-H2,4.2,2899.0
6709,3056,2024-H1,4.4,2899.0
6710,3056,2024-H2,3.8,2899.0
6711,3057,2023-H1,3.1,2778.0
6712,3057,2023-H2,2.7,2778.0
6713,3057,2024-H1,3.5,2778.0
6714,3057,2024-H2,2.7,2778.0
6715,3058,2023-H1,4.1,5474.0
6716,3058,2023-H2,4.5,5474.0
6717,3058,2024-H1,3.9,5474.0
6718,3058,2024-H2,3.5,5474.0
6719,3059,2023-H1,4.1,3937.0
6720,3059,2023-H2,3.7,3937.0
6721,3059,2024-H1,3.4,3937.0
6722,3059,2024-H2,2.6,3937.0
6723,3060,2023-H1,3.0,4863.0
6724,3061,2024-H1,3.5,2352.0
6725,3061,2024-H2,4.2,2352.0
6726,3062,2024-H1,4.7,1170.0
6727,3062,2024-H2,4.8,1170.0
6728,3064,2023-H1,4.3,1138.0
6729,3064,2023-H2,4.0,1138.0
6730,3064,2024-H1,3.7,1138.0
6731,3064,2024-H2,3.8,1138.0
6732,3065,2023-H1,2.9,2228.0
6733,3065,2023-H2,4.2,2228.0
6734,3065,2024-H1,3.5,2228.0
6735,3065,2024-H2,3.7,2228.0
6736,3066,2023-H1,4.9,4842.0
6737,3066,2023-H2,4.8,4842.0
6738,3066,2024-H1,4.6,4842.0
6739,3066,2024-H2,4.7,4842.0
6740,3067,2023-H1,4.4,3650.0
6741,3067,2023-H2,4.4,3650.0
6742,3067,2024-H1,5.0,3650.0
6743,3067,2024-H2,5.0,3650.0
6744,3068,2023-H1,3.7,4777.0
6745,3068,2023-H2,3.5,4777.0
6746,3068,2024-H1,3.4,4777.0
6747,3068,2024-H2,3.8,4777.0
6748,3069,2023-H1,2.5,3073.0
6749,3069,2023-H2,2.6,3073.0
6750,3069,2024-H1,3.1,3073.0
6751,3069,2024-H2,3.1,3073.0
6752,3070,2023-H1,3.6,2824.0
6753,3070,2023-H2,3.9,2824.0
6754,3070,2024-H1,3.1,2824.0
6755,3070,2024-H2,2.9,2824.0
6756,3071,2023-H1,4.0,3825.0
6757,3071,2023-H2,4.5,3825.0
6758,3071,2024-H1,4.3,3825.0
6759,3071,2024-H2,4.0,3825.0
6760,3072,2023-H1,2.3,4442.0
6761,3072,2023-H2,2.0,4442.0
6762,3072,2024-H1,3.3,4442.0
6763,3072,2024-H2,2.4,4442.0
6764,3073,2023-H1,3.0,
6765,3073,2023-H2,3.1,
6766,3073,2024-H1,3.1,
6767,3073,2024-H2,2.7,
6768,3074,2024-H2,2.1,2714.0
6769,3075,2023-H1,4.0,2411.0
6770,3075,2023-H2,4.2,2411.0
6771,3075,2024-H1,4.3,2411.0
6772,3075,2024-H2,4.6,2411.0
6773,3076,2023-H1,4.6,1213.0
6774,3076,2023-H2,4.7,1213.0
6775,3076,2024-H1,4.5,1213.0
6776,3076,2024-H2,4.7,1213.0
6777,3077,2023-H1,4.4,1406.0
6778,3077,2023-H2,5.0,1406.0
6779,3077,2024-H1,4.2,1406.0
6780,3077,2024-H2,4.3,1406.0
6781,3078,2023-H1,1.0,1629.0
6782,3078,2023-H2,1.9,1629.0
6783,3078,2024-H1,2.1,1629.0
6784,3078,2024-H2,1.0,1629.0
6785,3079,2023-H1,4.6,2866.0
6786,3079,2023-H2,5.0,2866.0
6787,3079,2024-H1,4.2,2866.0
6788,3079,2024-H2,3.6,2866.0
6789,3080,2023-H1,2.4,2739.0
6790,3080,2023-H2,3.3,2739.0
6791,3080,2024-H1,3.3,2739.0
6792,3080,2024-H2,3.7,2739.0
6793,3081,2023-H1,3.3,1640.0
6794,3081,2023-H2,3.4,1640.0
6795,3081,2024-H1,3.7,1640.0
6796,3081,2024-H2,3.4,1640.0
6797,3082,2023-H1,2.9,2616.0
6798,3082,2023-H2,4.1,2616.0
6799,3082,2024-H1,3.0,2616.0
6800,3082,2024-H2,3.9,2616.0
6801,3083,2023-H1,5.0,1036.0
6802,3083,2023-H2,4.8,1036.0
6803,3083,2024-H1,4.6,1036.0
6804,3083,2024-H2,4.6,1036.0
6805,3084,2023-H1,1.9,4986.0
6806,3084,2023-H2,3.6,4986.0
6807,3084,2024-H1,3.7,4986.0
6808,3084,2024-H2,3.2,4986.0
6809,3085,2023-H1,3.9,3854.0
6810,3085,2023-H2,4.2,3854.0
6811,3085,2024-H1,3.8,3854.0
6812,3085,2024-H2,3.3,3854.0
6813,3086,2023-H1,3.0,4908.0
6814,3086,2023-H2,3.1,4908.0
6815,3086,2024-H1,3.2,4908.0
6816,3086,2024-H2,3.1,4908.0
6817,3087,2023-H1,2.3,1716.0
6818,3087,2023-H2,3.1,1716.0
6819,3087,2024-H1,3.4,1716.0
6820,3087,2024-H2,3.5,1716.0
6821,3088,2023-H1,3.9,5269.0
6822,3088,2023-H2,3.8,5269.0
6823,3088,2024-H1,3.1,5269.0
6824,3088,2024-H2,2.8,5269.0
6825,3089,2023-H1,2.2,5155.0
6826,3089,2023-H2,3.3,5155.0
6827,3089,2024-H1,2.4,5155.0
6828,3089,2024-H2,3.0,5155.0
6829,3090,2023-H1,3.4,1304.0
6830,3090,2023-H2,3.9,1304.0
6831,3090,2024-H1,4.1,1304.0
6832,3090,2024-H2,3.7,1304.0
6833,3091,2023-H1,3.3,4815.0
6834,3091,2023-H2,3.1,4815.0
6835,3091,2024-H1,3.7,4815.0
6836,3091,2024-H2,3.7,4815.0
6837,3092,2023-H1,3.5,2830.0
6838,3092,2023-H2,3.1,2830.0
6839,3092,2024-H1,2.8,2830.0
6840,3092,2024-H2,3.2,2830.0
6841,3093,2023-H1,3.9,3603.0
6842,3093,2023-H2,4.7,3603.0
6843,3093,2024-H1,4.6,3603.0
6844,3094,2023-H2,3.4,3774.0
6845,3094,2024-H1,4.2,3774.0
6846,3094,2024-H2,3.8,3774.0
6847,3095,2023-H1,3.1,2095.0
6848,3095,2023-H2,3.4,2095.0
6849,3095,2024-H1,3.1,2095.0
6850,3095,2024-H2,3.5,2095.0
6851,3096,2023-H1,4.0,4287.0
6852,3096,2023-H2,4.3,4287.0
6853,3096,2024-H1,3.4,4287.0
6854,3096,2024-H2,3.7,4287.0
6855,3097,2023-H1,1.9,1784.0
6856,3097,2023-H2,1.9,1784.0
6857,3097,2024-H1,2.4,1784.0
6858,3097,2024-H2,2.5,1784.0
6859,3098,2023-H1,3.6,3796.0
6860,3098,2023-H2,3.8,3796.0
6861,3098,2024-H1,4.1,3796.0
6862,3098,2024-H2,3.6,3796.0
6863,3100,2023-H1,3.5,3851.0
6864,3100,2023-H2,3.6,3851.0
6865,3100,2024-H1,3.3,3851.0
6866,3100,2024-H2,3.6,3851.0
6867,3101,2023-H1,3.2,1900.0
6868,3101,2023-H2,3.9,1900.0
6869,3101,2024-H1,4.2,1900.0
6870,3101,2024-H2,3.7,1900.0
6871,3103,2023-H1,3.9,4872.0
6872,3103,2023-H2,4.5,4872.0
6873,3103,2024-H1,4.3,4872.0
6874,3103,2024-H2,4.2,4872.0
6875,3104,2023-H1,4.6,2092.0
6876,3104,2023-H2,3.8,2092.0
6877,3104,2024-H1,3.6,2092.0
6878,3104,2024-H2,4.1,2092.0
6879,3105,2023-H1,3.5,3555.0
6880,3105,2023-H2,3.2,3555.0
6881,3105,2024-H1,2.6,3555.0
6882,3105,2024-H2,2.6,3555.0
6883,3106,2023-H1,4.1,1363.0
6884,3106,2023-H2,4.2,1363.0
6885,3106,2024-H1,4.2,1363.0
6886,3106,2024-H2,4.7,1363.0
6887,3107,2023-H1,4.0,2330.0
6888,3107,2023-H2,4.7,2330.0
6889,3107,2024-H1,3.9,2330.0
6890,3107,2024-H2,3.9,2330.0
6891,3108,2023-H1,5.0,4858.0
6892,3108,2023-H2,5.0,4858.0
6893,3108,2024-H1,4.9,4858.0
6894,3108,2024-H2,4.9,4858.0
6895,3109,2024-H2,4.7,1032.0
6896,3110,2023-H1,3.7,3989.0
6897,3110,2023-H2,3.4,3989.0
6898,3110,2024-H1,3.0,3989.0
6899,3110,2024-H2,3.1,3989.0
6900,3111,2023-H1,4.9,4812.0
6901,3111,2023-H2,3.6,4812.0
6902,3111,2024-H1,4.4,4812.0
6903,3111,2024-H2,4.5,4812.0
6904,3112,2023-H1,5.0,1031.0
6905,3112,2023-H2,5.0,1031.0
6906,3112,2024-H1,5.0,1031.0
6907,3112,2024-H2,5.0,1031.0
6908,3113,2023-H1,2.0,3218.0
6909,3113,2023-H2,2.4,3218.0
6910,3113,2024-H1,1.4,3218.0
6911,3113,2024-H2,2.0,3218.0
6912,3114,2023-H1,3.3,4408.0
6913,3114,2023-H2,3.7,4408.0
6914,3114,2024-H1,2.9,4408.0
6915,3114,2024-H2,3.0,4408.0
6916,3115,2023-H1,3.9,4090.0
6917,3115,2023-H2,4.2,4090.0
6918,3115,2024-H1,5.0,4090.0
6919,3115,2024-H2,4.6,4090.0
6920,3116,2023-H1,2.2,2855.0
6921,3116,2023-H2,2.4,2855.0
6922,3116,2024-H1,3.0,2855.0
6923,3116,2024-H2,2.3,2855.0
6924,3117,2023-H1,5.0,4538.0
6925,3117,2023-H2,5.0,4538.0
6926,3117,2024-H1,4.6,4538.0
6927,3117,2024-H2,4.7,4538.0
6928,3118,2023-H1,2.7,3378.0
6929,3118,2023-H2,2.2,3378.0
6930,3118,2024-H1,3.1,3378.0
6931,3118,2024-H2,2.9,3378.0
6932,3119,2024-H1,3.3,3337.0
6933,3119,2024-H2,3.6,3337.0
6934,3120,2023-H1,3.6,2521.0
6935,3120,2023-H2,3.6,2521.0
6936,3120,2024-H1,4.0,2521.0
6937,3120,2024-H2,3.8,2521.0
6938,3121,2023-H1,4.5,3041.0
6939,3121,2023-H2,3.8,3041.0
6940,3121,2024-H1,3.5,3041.0
6941,3121,2024-H2,3.9,3041.0
6942,3122,2023-H1,3.5,4636.0
6943,3122,2023-H2,2.9,4636.0
6944,3122,2024-H1,4.3,4636.0
6945,3122,2024-H2,3.4,4636.0
6946,3123,2023-H1,2.7,2825.0
6947,3123,2023-H2,2.7,2825.0
6948,3123,2024-H1,3.1,2825.0
6949,3123,2024-H2,2.1,2825.0
6950,3124,2024-H2,2.8,1496.0
6951,3125,2023-H1,3.1,1918.0
6952,3125,2023-H2,3.1,1918.0
6953,3125,2024-H1,3.2,1918.0
6954,3125,2024-H2,2.8,1918.0
6955,3126,2023-H2,3.4,3659.0
6956,3126,2024-H1,3.3,3659.0
6957,3126,2024-H2,4.2,3659.0
6958,3127,2023-H1,4.1,2002.0
6959,3127,2023-H2,4.2,2002.0
6960,3127,2024-H1,4.2,2002.0
6961,3127,2024-H2,3.6,2002.0
6962,3128,2024-H2,4.0,4616.0
6963,3129,2023-H1,4.4,4242.0
6964,3129,2023-H2,4.2,4242.0
6965,3129,2024-H1,3.9,4242.0
6966,3129,2024-H2,4.6,4242.0
6967,3130,2023-H1,3.8,4497.0
6968,3130,2023-H2,3.8,4497.0
6969,3130,2024-H1,3.8,4497.0
6970,3130,2024-H2,4.2,4497.0
6971,3131,2023-H1,1.6,3103.0
6972,3131,2023-H2,2.7,3103.0
6973,3132,2023-H1,5.0,3170.0
6974,3132,2023-H2,4.1,3170.0
6975,3132,2024-H1,3.6,3170.0
6976,3132,2024-H2,4.8,3170.0
6977,3133,2023-H1,4.2,4642.0
6978,3133,2023-H2,4.0,4642.0
6979,3133,2024-H1,4.7,4642.0
6980,3133,2024-H2,4.4,4642.0
6981,3134,2023-H1,4.2,2306.0
6982,3134,2023-H2,3.6,2306.0
6983,3134,2024-H1,3.9,2306.0
6984,3134,2024-H2,3.0,2306.0
6985,3135,2023-H1,3.3,4815.0
6986,3135,2023-H2,2.8,4815.0
6987,3135,2024-H1,3.0,4815.0
6988,3135,2024-H2,3.5,4815.0
6989,3136,2024-H1,3.5,1796.0
6990,3136,2024-H2,2.9,1796.0
6991,3137,2023-H1,4.2,4863.0
6992,3137,2023-H2,3.5,4863.0
6993,3137,2024-H1,3.6,4863.0
6994,3137,2024-H2,3.2,4863.0
6995,3138,2023-H1,3.0,4093.0
6996,3138,2023-H2,3.4,4093.0
6997,3138,2024-H1,3.8,4093.0
6998,3138,2024-H2,3.2,4093.0
6999,3139,2023-H1,3.3,5093.0
7000,3139,2023-H2,3.2,5093.0
7001,3139,2024-H1,2.5,5093.0
7002,3139,2024-H2,3.7,5093.0
7003,3140,2023-H1,3.7,2767.0
7004,3140,2023-H2,3.8,2767.0
7005,3140,2024-H1,3.2,2767.0
7006,3140,2024-H2,4.1,2767.0
7007,3141,2023-H1,4.0,2330.0
7008,3141,2023-H2,4.1,2330.0
7009,3141,2024-H1,4.3,2330.0
7010,3141,2024-H2,4.3,2330.0
7011,3142,2023-H2,2.6,1766.0
7012,3142,2024-H1,2.7,1766.0
7013,3142,2024-H2,2.6,1766.0
7014,3143,2023-H1,4.4,4969.0
7015,3143,2023-H2,4.7,4969.0
7016,3144,2023-H1,2.8,2828.0
7017,3144,2023-H2,4.1,2828.0
7018,3144,2024-H1,3.1,2828.0
7019,3144,2024-H2,3.2,2828.0
7020,3145,2023-H1,3.1,4614.0
7021,3145,2023-H2,3.0,4614.0
7022,3145,2024-H1,3.0,4614.0
7023,3145,2024-H2,3.0,4614.0
7024,3146,2023-H1,2.6,3366.0
7025,3146,2023-H2,3.4,3366.0
7026,3147,2023-H1,2.9,4606.0
7027,3147,2023-H2,2.3,4606.0
7028,3148,2023-H1,3.2,1402.0
7029,3148,2023-H2,3.1,1402.0
7030,3148,2024-H1,3.4,1402.0
7031,3148,2024-H2,3.7,1402.0
7032,3149,2023-H1,2.9,3027.0
7033,3149,2023-H2,3.0,3027.0
7034,3149,2024-H1,2.5,3027.0
7035,3149,2024-H2,3.6,3027.0
7036,3150,2023-H1,4.2,2398.0
7037,3150,2023-H2,3.6,2398.0
7038,3150,2024-H1,4.5,2398.0
7039,3150,2024-H2,3.8,2398.0
7040,3151,2023-H1,2.7,2792.0
7041,3151,2023-H2,3.1,2792.0
7042,3151,2024-H1,3.2,2792.0
7043,3151,2024-H2,2.8,2792.0
7044,3153,2023-H1,4.7,2540.0
7045,3153,2023-H2,3.4,2540.0
7046,3153,2024-H1,4.2,2540.0
7047,3153,2024-H2,3.3,2540.0
7048,3155,2023-H1,4.2,4635.0
7049,3155,2023-H2,3.8,4635.0
7050,3155,2024-H1,3.6,4635.0
7051,3155,2024-H2,4.2,4635.0
7052,3156,2023-H1,3.2,2791.0
7053,3156,2023-H2,3.2,2791.0
7054,3156,2024-H1,3.7,2791.0
7055,3156,2024-H2,4.3,2791.0
7056,3157,2023-H1,1.5,4498.0
7057,3157,2023-H2,1.8,4498.0
7058,3157,2024-H1,1.8,4498.0
7059,3157,2024-H2,1.8,4498.0
7060,3158,2023-H1,4.3,1310.0
7061,3158,2023-H2,3.8,1310.0
7062,3158,2024-H1,5.0,1310.0
7063,3158,2024-H2,4.4,1310.0
7064,3159,2023-H1,2.9,2122.0
7065,3159,2023-H2,3.5,2122.0
7066,3159,2024-H1,2.9,2122.0
7067,3159,2024-H2,2.5,2122.0
7068,3160,2023-H1,2.0,3516.0
7069,3160,2023-H2,2.2,3516.0
7070,3160,2024-H1,2.7,3516.0
7071,3160,2024-H2,2.2,3516.0
7072,3161,2024-H1,2.9,3343.0
7073,3161,2024-H2,3.0,3343.0
7074,3162,2023-H1,3.6,1106.0
7075,3162,2023-H2,3.5,1106.0
7076,3162,2024-H1,4.0,1106.0
7077,3162,2024-H2,3.5,1106.0
7078,3163,2023-H1,4.4,1678.0
7079,3163,2023-H2,3.9,1678.0
7080,3163,2024-H1,4.2,1678.0
7081,3163,2024-H2,4.4,1678.0
7082,3164,2023-H1,2.7,3218.0
7083,3164,2023-H2,2.7,3218.0
7084,3164,2024-H1,3.7,3218.0
7085,3164,2024-H2,2.9,3218.0
7086,3166,2023-H1,4.0,4187.0
7087,3166,2023-H2,3.7,4187.0
7088,3166,2024-H1,2.7,4187.0
7089,3166,2024-H2,4.0,4187.0
7090,3167,2023-H1,3.5,2736.0
7091,3167,2023-H2,3.5,2736.0
7092,3167,2024-H1,4.2,2736.0
7093,3167,2024-H2,3.3,2736.0
7094,3168,2023-H1,3.7,4158.0
7095,3168,2023-H2,2.5,4158.0
7096,3168,2024-H1,3.6,4158.0
7097,3168,2024-H2,2.8,4158.0
7098,3169,2023-H1,3.6,4530.0
7099,3169,2023-H2,3.4,4530.0
7100,3169,2024-H1,2.8,4530.0
7101,3169,2024-H2,3.2,4530.0
7102,3170,2023-H1,3.7,3342.0
7103,3170,2023-H2,3.7,3342.0
7104,3170,2024-H1,4.0,3342.0
7105,3170,2024-H2,3.8,3342.0
7106,3171,2023-H1,3.4,2486.0
7107,3171,2023-H2,4.0,2486.0
7108,3171,2024-H1,3.5,2486.0
7109,3171,2024-H2,3.3,2486.0
7110,3172,2023-H1,3.3,4425.0
7111,3172,2023-H2,3.1,4425.0
7112,3172,2024-H1,2.2,4425.0
7113,3172,2024-H2,2.9,4425.0
7114,3174,2023-H1,2.3,1844.0
7115,3174,2023-H2,2.3,1844.0
7116,3174,2024-H1,2.0,1844.0
7117,3174,2024-H2,2.8,1844.0
7118,3176,2023-H1,3.0,5491.0
7119,3176,2023-H2,3.1,5491.0
7120,3176,2024-H1,3.1,5491.0
7121,3176,2024-H2,2.6,5491.0
7122,3177,2023-H1,2.8,2999.0
7123,3177,2023-H2,3.2,2999.0
7124,3177,2024-H1,2.7,2999.0
7125,3177,2024-H2,2.5,2999.0
7126,3178,2023-H1,3.8,4975.0
7127,3178,2023-H2,3.9,4975.0
7128,3178,2024-H1,3.3,4975.0
7129,3178,2024-H2,3.6,4975.0
7130,3179,2023-H1,2.4,4679.0
7131,3179,2023-H2,2.4,4679.0
7132,3179,2024-H1,2.8,4679.0
7133,3179,2024-H2,2.9,4679.0
7134,3180,2023-H1,3.8,4225.0
7135,3180,2023-H2,3.9,4225.0
7136,3180,2024-H1,3.9,4225.0
7137,3180,2024-H2,4.0,4225.0
7138,3181,2023-H1,2.8,2050.0
7139,3181,2023-H2,2.1,2050.0
7140,3181,2024-H1,3.2,2050.0
7141,3181,2024-H2,2.4,2050.0
7142,3182,2024-H2,3.8,1821.0
7143,3183,2023-H1,1.8,5289.0
7144,3183,2023-H2,2.2,5289.0
7145,3183,2024-H1,2.1,5289.0
7146,3183,2024-H2,2.5,5289.0
7147,3184,2023-H1,2.8,4312.0
7148,3184,2023-H2,3.8,4312.0
7149,3184,2024-H1,3.4,4312.0
7150,3184,2024-H2,3.3,4312.0
7151,3186,2023-H1,3.1,1588.0
7152,3186,2023-H2,3.6,1588.0
7153,3186,2024-H1,3.8,1588.0
7154,3186,2024-H2,3.8,1588.0
7155,3187,2023-H1,3.1,4432.0
7156,3187,2023-H2,3.2,4432.0
7157,3187,2024-H1,3.1,4432.0
7158,3187,2024-H2,3.4,4432.0
7159,3188,2023-H1,4.5,4550.0
7160,3188,2023-H2,3.7,4550.0
7161,3188,2024-H1,3.2,4550.0
7162,3188,2024-H2,3.7,4550.0
7163,3189,2023-H1,3.0,3200.0
7164,3189,2023-H2,3.1,3200.0
7165,3189,2024-H1,3.3,3200.0
7166,3189,2024-H2,3.1,3200.0
7167,3190,2023-H2,2.9,4732.0
7168,3190,2024-H1,3.5,4732.0
7169,3190,2024-H2,3.5,4732.0
7170,3191,2023-H1,3.9,1950.0
7171,3191,2023-H2,3.4,1950.0
7172,3192,2023-H1,3.1,2279.0
7173,3192,2023-H2,2.5,2279.0
7174,3192,2024-H1,2.9,2279.0
7175,3193,2023-H1,3.3,4049.0
7176,3193,2023-H2,3.0,4049.0
7177,3193,2024-H1,3.8,4049.0
7178,3193,2024-H2,2.6,4049.0
7179,3194,2023-H1,3.8,2750.0
7180,3194,2023-H2,4.2,2750.0
7181,3194,2024-H1,4.7,2750.0
7182,3194,2024-H2,5.0,2750.0
7183,3195,2023-H2,3.7,2917.0
7184,3195,2024-H1,4.4,2917.0
7185,3195,2024-H2,3.4,2917.0
7186,3196,2024-H2,3.0,2415.0
7187,3197,2023-H1,2.9,4035.0
7188,3197,2023-H2,4.0,4035.0
7189,3197,2024-H1,3.2,4035.0
7190,3197,2024-H2,3.8,4035.0
7191,3199,2023-H1,4.2,1648.0
7192,3199,2023-H2,3.2,1648.0
7193,3199,2024-H1,4.1,1648.0
7194,3199,2024-H2,4.4,1648.0
7195,3200,2023-H1,2.9,
7196,3200,2023-H2,2.5,
7197,3200,2024-H1,3.4,
7198,3200,2024-H2,3.1,
7199,3201,2023-H1,3.3,3200.0
7200,3201,2023-H2,3.2,3200.0
7201,3201,2024-H1,2.9,3200.0
7202,3201,2024-H2,3.1,3200.0
7203,3202,2023-H1,2.3,2849.0
7204,3202,2023-H2,2.3,2849.0
7205,3202,2024-H1,2.2,2849.0
7206,3202,2024-H2,1.9,2849.0
7207,3203,2023-H1,4.8,5375.0
7208,3203,2023-H2,5.0,5375.0
7209,3203,2024-H1,4.3,5375.0
7210,3203,2024-H2,4.1,5375.0
7211,3204,2023-H1,3.6,3151.0
7212,3204,2023-H2,3.7,3151.0
7213,3204,2024-H1,3.6,3151.0
7214,3204,2024-H2,3.9,3151.0
7215,3205,2023-H1,2.4,5326.0
7216,3205,2023-H2,3.1,5326.0
7217,3205,2024-H1,3.1,5326.0
7218,3205,2024-H2,2.4,5326.0
7219,3206,2023-H1,3.1,4566.0
7220,3206,2023-H2,3.2,4566.0
7221,3206,2024-H1,2.2,4566.0
7222,3206,2024-H2,3.3,4566.0
7223,3207,2023-H1,3.5,2013.0
7224,3207,2023-H2,2.8,2013.0
7225,3207,2024-H1,3.8,2013.0
7226,3207,2024-H2,3.9,2013.0
7227,3209,2023-H1,1.9,3957.0
7228,3209,2023-H2,1.7,3957.0
7229,3209,2024-H1,2.4,3957.0
7230,3209,2024-H2,2.7,3957.0
7231,3211,2023-H1,3.2,3336.0
7232,3212,2023-H1,4.1,2647.0
7233,3212,2023-H2,4.7,2647.0
7234,3212,2024-H1,4.4,2647.0
7235,3212,2024-H2,4.2,2647.0
7236,3213,2023-H1,3.5,2951.0
7237,3214,2023-H1,2.6,4773.0
7238,3214,2023-H2,3.8,4773.0
7239,3214,2024-H1,3.7,4773.0
7240,3214,2024-H2,3.3,4773.0
7241,3215,2023-H1,3.8,4988.0
7242,3215,2023-H2,3.4,4988.0
7243,3215,2024-H1,3.4,4988.0
7244,3215,2024-H2,4.3,4988.0
7245,3216,2023-H1,3.8,4777.0
7246,3216,2023-H2,3.4,4777.0
7247,3216,2024-H1,3.6,4777.0
7248,3216,2024-H2,3.1,4777.0
7249,3217,2024-H2,5.0,2816.0
7250,3218,2023-H1,4.5,2654.0
7251,3218,2023-H2,4.6,2654.0
7252,3218,2024-H1,5.0,2654.0
7253,3218,2024-H2,5.0,2654.0
7254,3219,2023-H1,3.6,1747.0
7255,3219,2023-H2,3.8,1747.0
7256,3219,2024-H1,4.4,1747.0
7257,3219,2024-H2,4.0,1747.0
7258,3220,2023-H1,4.0,1524.0
7259,3220,2023-H2,4.5,1524.0
7260,3220,2024-H1,3.5,1524.0
7261,3220,2024-H2,4.0,1524.0
7262,3221,2023-H1,3.4,3603.0
7263,3221,2023-H2,3.7,3603.0
7264,3221,2024-H1,4.0,3603.0
7265,3221,2024-H2,4.0,3603.0
7266,3222,2023-H1,3.3,2417.0
7267,3222,2023-H2,2.2,2417.0
7268,3222,2024-H1,2.7,2417.0
7269,3222,2024-H2,3.5,2417.0
7270,3223,2023-H1,3.2,1701.0
7271,3223,2023-H2,3.4,1701.0
7272,3223,2024-H1,3.4,1701.0
7273,3223,2024-H2,3.5,1701.0
7274,3224,2023-H1,3.3,1297.0
7275,3224,2023-H2,3.8,1297.0
7276,3224,2024-H1,4.8,1297.0
7277,3224,2024-H2,4.3,1297.0
7278,3225,2023-H1,3.2,2805.0
7279,3225,2023-H2,3.8,2805.0
7280,3225,2024-H1,3.8,2805.0
7281,3225,2024-H2,2.9,2805.0
7282,3226,2023-H1,2.6,5157.0
7283,3226,2023-H2,2.7,5157.0
7284,3226,2024-H1,3.1,5157.0
7285,3226,2024-H2,2.7,5157.0
7286,3227,2023-H1,3.6,4756.0
7287,3227,2023-H2,3.8,4756.0
7288,3227,2024-H1,3.9,4756.0
7289,3227,2024-H2,3.9,4756.0
7290,3228,2024-H2,3.4,1629.0
7291,3229,2023-H1,3.6,2026.0
7292,3229,2023-H2,3.7,2026.0
7293,3229,2024-H1,3.7,2026.0
7294,3229,2024-H2,3.8,2026.0
7295,3230,2023-H1,2.6,1020.0
7296,3230,2023-H2,3.0,1020.0
7297,3230,2024-H1,2.8,1020.0
7298,3231,2023-H1,2.8,4780.0
7299,3231,2023-H2,2.4,4780.0
7300,3231,2024-H1,2.9,4780.0
7301,3231,2024-H2,1.8,4780.0
7302,3232,2023-H1,3.6,3216.0
7303,3232,2023-H2,2.5,3216.0
7304,3232,2024-H1,1.9,3216.0
7305,3232,2024-H2,3.3,3216.0
7306,3233,2023-H1,3.8,1198.0
7307,3233,2023-H2,3.9,1198.0
7308,3233,2024-H1,3.3,1198.0
7309,3233,2024-H2,2.7,1198.0
7310,3234,2023-H1,3.9,3143.0
7311,3234,2023-H2,3.9,3143.0
7312,3234,2024-H1,4.0,3143.0
7313,3234,2024-H2,3.5,3143.0
7314,3237,2023-H1,2.5,3515.0
7315,3237,2023-H2,2.5,3515.0
7316,3237,2024-H1,2.8,3515.0
7317,3237,2024-H2,3.0,3515.0
7318,3238,2023-H1,4.1,1521.0
7319,3238,2023-H2,3.3,1521.0
7320,3238,2024-H1,3.3,1521.0
7321,3238,2024-H2,3.2,1521.0
7322,3239,2023-H1,3.1,2081.0
7323,3239,2023-H2,3.6,2081.0
7324,3239,2024-H1,3.0,2081.0
7325,3239,2024-H2,3.9,2081.0
7326,3240,2023-H1,4.8,1718.0
7327,3240,2023-H2,4.1,1718.0
7328,3240,2024-H1,4.4,1718.0
7329,3240,2024-H2,4.4,1718.0
7330,3241,2023-H1,3.4,5174.0
7331,3241,2023-H2,3.5,5174.0
7332,3241,2024-H1,3.9,5174.0
7333,3241,2024-H2,3.6,5174.0
7334,3242,2023-H1,4.7,5304.0
7335,3242,2023-H2,4.5,5304.0
7336,3242,2024-H1,4.3,5304.0
7337,3242,2024-H2,4.9,5304.0
7338,3243,2024-H1,4.8,2104.0
7339,3243,2024-H2,3.9,2104.0
7340,3244,2023-H1,2.6,1793.0
7341,3244,2023-H2,2.3,1793.0
7342,3244,2024-H1,2.2,1793.0
7343,3244,2024-H2,1.2,1793.0
7344,3245,2023-H1,3.7,2267.0
7345,3245,2023-H2,4.1,2267.0
7346,3245,2024-H1,3.2,2267.0
7347,3245,2024-H2,3.7,2267.0
7348,3246,2023-H1,3.7,1591.0
7349,3246,2023-H2,3.7,1591.0
7350,3246,2024-H1,3.7,1591.0
7351,3246,2024-H2,4.2,1591.0
7352,3247,2023-H1,3.5,4780.0
7353,3247,2023-H2,3.8,4780.0
7354,3247,2024-H1,3.0,4780.0
7355,3247,2024-H2,3.8,4780.0
7356,3248,2023-H1,3.5,4770.0
7357,3248,2023-H2,3.6,4770.0
7358,3248,2024-H1,3.2,4770.0
7359,3248,2024-H2,3.6,4770.0
7360,3249,2023-H1,3.1,5156.0
7361,3249,2023-H2,3.3,5156.0
7362,3249,2024-H1,3.1,5156.0
7363,3249,2024-H2,3.3,5156.0
7364,3250,2023-H1,4.2,4126.0
7365,3250,2023-H2,4.1,4126.0
7366,3250,2024-H1,5.0,4126.0
7367,3250,2024-H2,4.3,4126.0
7368,3251,2023-H1,3.5,1153.0
7369,3251,2023-H2,3.8,1153.0
7370,3251,2024-H1,3.2,1153.0
7371,3251,2024-H2,2.3,1153.0
7372,3252,2023-H1,3.7,1978.0
7373,3252,2023-H2,3.4,1978.0
7374,3252,2024-H1,3.2,1978.0
7375,3252,2024-H2,4.1,1978.0
7376,3253,2023-H1,3.1,2339.0
7377,3253,2023-H2,2.9,2339.0
7378,3253,2024-H1,3.4,2339.0
7379,3253,2024-H2,2.4,2339.0
7380,3254,2023-H1,3.8,3869.0
7381,3254,2023-H2,4.4,3869.0
7382,3254,2024-H1,4.1,3869.0
7383,3254,2024-H2,3.4,3869.0
7384,3255,2024-H1,4.2,3795.0
7385,3255,2024-H2,3.6,3795.0
7386,3256,2023-H1,3.6,5118.0
7387,3256,2023-H2,3.1,5118.0
7388,3256,2024-H1,3.6,5118.0
7389,3256,2024-H2,3.6,5118.0
7390,3257,2023-H1,4.0,1562.0
7391,3257,2023-H2,4.0,1562.0
7392,3257,2024-H1,4.4,1562.0
7393,3257,2024-H2,3.9,1562.0
7394,3258,2023-H1,2.4,1375.0
7395,3258,2023-H2,3.4,1375.0
7396,3258,2024-H1,3.2,1375.0
7397,3258,2024-H2,2.6,1375.0
7398,3259,2023-H1,3.1,4919.0
7399,3259,2023-H2,4.0,4919.0
7400,3259,2024-H1,4.3,4919.0
7401,3259,2024-H2,3.4,4919.0
7402,3260,2024-H1,5.0,2490.0
7403,3260,2024-H2,4.8,2490.0
7404,3261,2023-H1,2.2,1471.0
7405,3261,2023-H2,2.8,1471.0
7406,3261,2024-H1,3.0,1471.0
7407,3261,2024-H2,2.3,1471.0
7408,3263,2023-H1,3.2,3866.0
7409,3263,2023-H2,3.1,3866.0
7410,3263,2024-H1,2.7,3866.0
7411,3263,2024-H2,2.3,3866.0
7412,3264,2024-H1,3.6,4815.0
7413,3264,2024-H2,4.4,4815.0
7414,3265,2024-H2,2.8,2883.0
7415,3266,2023-H1,2.5,2579.0
7416,3266,2023-H2,3.1,2579.0
7417,3266,2024-H1,3.4,2579.0
7418,3266,2024-H2,3.5,2579.0
7419,3267,2023-H1,3.7,3798.0
7420,3267,2023-H2,3.4,3798.0
7421,3267,2024-H1,3.7,3798.0
7422,3267,2024-H2,3.0,3798.0
7423,3268,2023-H1,4.2,2805.0
7424,3268,2023-H2,3.7,2805.0
7425,3268,2024-H1,4.2,2805.0
7426,3268,2024-H2,4.7,2805.0
7427,3269,2023-H1,3.5,1062.0
7428,3269,2023-H2,3.2,1062.0
7429,3269,2024-H1,3.8,1062.0
7430,3269,2024-H2,3.4,1062.0
7431,3270,2023-H1,3.3,2575.0
7432,3270,2023-H2,3.0,2575.0
7433,3270,2024-H1,2.1,2575.0
7434,3270,2024-H2,2.8,2575.0
7435,3272,2023-H1,2.0,3230.0
7436,3272,2023-H2,2.7,3230.0
7437,3272,2024-H1,2.1,3230.0
7438,3272,2024-H2,2.7,3230.0
7439,3273,2023-H1,3.0,3441.0
7440,3273,2023-H2,3.2,3441.0
7441,3273,2024-H1,2.5,3441.0
7442,3273,2024-H2,3.0,3441.0
7443,3275,2023-H1,4.3,5462.0
7444,3275,2023-H2,2.7,5462.0
7445,3275,2024-H1,4.0,5462.0
7446,3275,2024-H2,3.6,5462.0
7447,3276,2023-H1,2.6,2391.0
7448,3276,2023-H2,2.2,2391.0
7449,3276,2024-H1,2.5,2391.0
7450,3276,2024-H2,1.6,2391.0
7451,3277,2023-H1,3.5,5235.0
7452,3277,2023-H2,3.1,5235.0
7453,3277,2024-H1,2.7,5235.0
7454,3277,2024-H2,3.4,5235.0
7455,3278,2023-H1,2.5,4729.0
7456,3278,2023-H2,2.6,4729.0
7457,3278,2024-H1,3.1,4729.0
7458,3279,2023-H1,3.9,1794.0
7459,3279,2023-H2,3.2,1794.0
7460,3279,2024-H1,3.3,1794.0
7461,3279,2024-H2,3.4,1794.0
7462,3280,2023-H1,2.3,1358.0
7463,3280,2023-H2,2.0,1358.0
7464,3280,2024-H1,2.2,1358.0
7465,3280,2024-H2,2.3,1358.0
7466,3281,2023-H1,4.1,4224.0
7467,3281,2023-H2,3.2,4224.0
7468,3281,2024-H1,4.1,4224.0
7469,3281,2024-H2,3.8,4224.0
7470,3282,2024-H2,3.7,4012.0
7471,3283,2023-H1,4.3,4554.0
7472,3283,2023-H2,4.2,4554.0
7473,3283,2024-H1,4.4,4554.0
7474,3283,2024-H2,3.5,4554.0
7475,3284,2023-H2,2.7,3034.0
7476,3284,2024-H1,2.6,3034.0
7477,3284,2024-H2,2.0,3034.0
7478,3285,2024-H2,2.5,4690.0
7479,3286,2023-H1,4.4,1036.0
7480,3286,2023-H2,4.4,1036.0
7481,3286,2024-H1,4.6,1036.0
7482,3286,2024-H2,4.6,1036.0
7483,3287,2023-H1,5.0,1346.0
7484,3287,2023-H2,4.0,1346.0
7485,3287,2024-H1,5.0,1346.0
7486,3287,2024-H2,4.3,1346.0
7487,3288,2023-H1,3.8,5440.0
7488,3288,2023-H2,3.3,5440.0
7489,3288,2024-H1,3.9,5440.0
7490,3288,2024-H2,3.2,5440.0
7491,3289,2023-H1,4.4,1048.0
7492,3289,2023-H2,4.1,1048.0
7493,3289,2024-H1,3.7,1048.0
7494,3289,2024-H2,4.1,1048.0
7495,3290,2023-H1,4.4,4505.0
7496,3290,2023-H2,4.5,4505.0
7497,3290,2024-H1,4.7,4505.0
7498,3290,2024-H2,3.4,4505.0
7499,3291,2023-H1,3.5,1010.0
7500,3291,2023-H2,3.2,1010.0
7501,3291,2024-H1,3.7,1010.0
7502,3291,2024-H2,3.1,1010.0
7503,3292,2023-H1,2.5,1020.0
7504,3292,2023-H2,3.4,1020.0
7505,3292,2024-H1,3.1,1020.0
7506,3292,2024-H2,3.7,1020.0
7507,3293,2023-H1,4.5,5236.0
7508,3293,2023-H2,4.1,5236.0
7509,3293,2024-H1,3.8,5236.0
7510,3293,2024-H2,4.8,5236.0
7511,3294,2023-H1,2.7,4255.0
7512,3294,2023-H2,3.0,4255.0
7513,3294,2024-H1,3.1,4255.0
7514,3294,2024-H2,4.5,4255.0
7515,3295,2023-H1,4.1,2033.0
7516,3295,2023-H2,4.4,2033.0
7517,3295,2024-H1,3.6,2033.0
7518,3295,2024-H2,3.5,2033.0
7519,3296,2023-H1,3.0,3315.0
7520,3296,2023-H2,3.2,3315.0
7521,3296,2024-H1,3.2,3315.0
7522,3296,2024-H2,2.8,3315.0
7523,3297,2023-H1,3.1,3603.0
7524,3297,2023-H2,3.4,3603.0
7525,3297,2024-H1,3.7,3603.0
7526,3297,2024-H2,4.5,3603.0
7527,3298,2023-H1,3.9,1538.0
7528,3298,2023-H2,4.9,1538.0
7529,3298,2024-H1,4.3,1538.0
7530,3298,2024-H2,4.5,1538.0
7531,3299,2023-H1,4.0,4559.0
7532,3299,2023-H2,4.0,4559.0
7533,3299,2024-H1,4.1,4559.0
7534,3299,2024-H2,4.3,4559.0
7535,3300,2024-H1,4.4,2805.0
7536,3300,2024-H2,4.1,2805.0
7537,3301,2023-H1,3.6,4090.0
7538,3301,2023-H2,3.8,4090.0
7539,3301,2024-H1,3.7,4090.0
7540,3301,2024-H2,4.3,4090.0
7541,3302,2023-H1,2.3,5446.0
7542,3302,2023-H2,2.2,5446.0
7543,3302,2024-H1,2.8,5446.0
7544,3302,2024-H2,2.6,5446.0
7545,3303,2023-H1,2.9,2805.0
7546,3303,2023-H2,2.8,2805.0
7547,3303,2024-H1,3.3,2805.0
7548,3303,2024-H2,2.4,2805.0
7549,3304,2023-H1,3.8,3970.0
7550,3304,2023-H2,3.4,3970.0
7551,3304,2024-H1,3.8,3970.0
7552,3304,2024-H2,3.1,3970.0
7553,3305,2023-H1,3.9,4442.0
7554,3305,2023-H2,4.1,4442.0
7555,3305,2024-H1,4.0,4442.0
7556,3305,2024-H2,4.2,4442.0
7557,3307,2023-H1,2.2,2653.0
7558,3307,2023-H2,2.8,2653.0
7559,3307,2024-H1,2.3,2653.0
7560,3307,2024-H2,1.8,2653.0
7561,3308,2023-H1,3.2,4011.0
7562,3308,2023-H2,3.0,4011.0
7563,3308,2024-H1,2.5,4011.0
7564,3308,2024-H2,3.0,4011.0
7565,3309,2023-H1,3.1,3133.0
7566,3309,2023-H2,3.4,3133.0
7567,3309,2024-H1,3.8,3133.0
7568,3309,2024-H2,3.3,3133.0
7569,3311,2023-H1,3.7,4534.0
7570,3311,2023-H2,3.2,4534.0
7571,3311,2024-H1,3.6,4534.0
7572,3311,2024-H2,2.4,4534.0
7573,3312,2023-H1,2.2,3198.0
7574,3312,2023-H2,2.7,3198.0
7575,3312,2024-H1,3.3,3198.0
7576,3312,2024-H2,3.1,3198.0
7577,3313,2023-H1,2.1,3169.0
7578,3313,2023-H2,1.8,3169.0
7579,3313,2024-H1,2.5,3169.0
7580,3313,2024-H2,2.5,3169.0
7581,3314,2023-H1,4.0,1977.0
7582,3314,2023-H2,4.4,1977.0
7583,3314,2024-H1,4.3,1977.0
7584,3314,2024-H2,4.4,1977.0
7585,3315,2023-H1,3.9,5157.0
7586,3315,2023-H2,3.9,5157.0
7587,3315,2024-H1,3.3,5157.0
7588,3315,2024-H2,3.7,5157.0
7589,3316,2023-H1,4.8,2126.0
7590,3316,2023-H2,4.7,2126.0
7591,3316,2024-H1,4.7,2126.0
7592,3316,2024-H2,4.0,2126.0
7593,3317,2023-H1,3.9,4128.0
7594,3317,2023-H2,3.5,4128.0
7595,3317,2024-H1,3.3,4128.0
7596,3317,2024-H2,3.0,4128.0
7597,3318,2023-H2,3.6,3648.0
7598,3318,2024-H1,2.9,3648.0
7599,3319,2023-H1,2.2,3223.0
7600,3319,2023-H2,2.9,3223.0
7601,3319,2024-H1,2.5,3223.0
7602,3319,2024-H2,2.7,3223.0
7603,3320,2023-H1,3.8,5413.0
7604,3320,2023-H2,3.8,5413.0
7605,3320,2024-H1,3.6,5413.0
7606,3320,2024-H2,3.7,5413.0
7607,3321,2023-H1,4.1,2881.0
7608,3321,2023-H2,3.8,2881.0
7609,3321,2024-H1,4.0,2881.0
7610,3321,2024-H2,3.1,2881.0
7611,3322,2023-H1,3.5,3056.0
7612,3322,2023-H2,3.6,3056.0
7613,3322,2024-H1,3.1,3056.0
7614,3322,2024-H2,3.7,3056.0
7615,3323,2024-H2,4.6,5141.0
7616,3324,2023-H2,3.4,2436.0
7617,3324,2024-H1,2.8,2436.0
7618,3324,2024-H2,2.7,2436.0
7619,3325,2023-H1,3.7,3891.0
7620,3325,2023-H2,3.3,3891.0
7621,3325,2024-H1,3.7,3891.0
7622,3325,2024-H2,3.0,3891.0
7623,3326,2023-H1,4.7,5464.0
7624,3326,2023-H2,4.6,5464.0
7625,3326,2024-H1,4.1,5464.0
7626,3326,2024-H2,3.8,5464.0
7627,3327,2023-H1,5.0,2414.0
7628,3327,2023-H2,5.0,2414.0
7629,3327,2024-H1,4.8,2414.0
7630,3327,2024-H2,4.5,2414.0
7631,3328,2023-H1,3.8,4433.0
7632,3328,2023-H2,4.0,4433.0
7633,3328,2024-H1,4.5,4433.0
7634,3328,2024-H2,4.3,4433.0
7635,3329,2023-H1,4.1,3603.0
7636,3329,2023-H2,3.5,3603.0
7637,3329,2024-H1,4.0,3603.0
7638,3329,2024-H2,3.0,3603.0
7639,3330,2023-H1,3.6,2816.0
7640,3330,2023-H2,3.3,2816.0
7641,3330,2024-H1,3.4,2816.0
7642,3330,2024-H2,3.1,2816.0
7643,3331,2023-H1,2.7,4120.0
7644,3331,2023-H2,3.9,4120.0
7645,3331,2024-H1,3.0,4120.0
7646,3331,2024-H2,3.7,4120.0
7647,3333,2023-H1,3.2,3805.0
7648,3333,2023-H2,3.1,3805.0
7649,3333,2024-H1,2.7,3805.0
7650,3333,2024-H2,3.5,3805.0
7651,3334,2023-H1,2.3,4143.0
7652,3334,2023-H2,3.3,4143.0
7653,3334,2024-H1,2.7,4143.0
7654,3334,2024-H2,2.8,4143.0
7655,3335,2023-H1,3.9,3917.0
7656,3335,2023-H2,2.2,3917.0
7657,3335,2024-H1,2.3,3917.0
7658,3335,2024-H2,2.2,3917.0
7659,3336,2024-H1,3.1,3273.0
7660,3336,2024-H2,2.8,3273.0
7661,3337,2023-H1,4.2,4642.0
7662,3337,2023-H2,3.4,4642.0
7663,3337,2024-H1,3.4,4642.0
7664,3337,2024-H2,3.4,4642.0
7665,3338,2024-H1,3.7,2994.0
7666,3339,2024-H2,5.0,3603.0
7667,3340,2023-H1,3.2,1418.0
7668,3340,2023-H2,3.6,1418.0
7669,3340,2024-H1,3.9,1418.0
7670,3340,2024-H2,2.9,1418.0
7671,3341,2023-H1,3.2,3832.0
7672,3341,2023-H2,3.7,3832.0
7673,3341,2024-H1,3.0,3832.0
7674,3341,2024-H2,2.4,3832.0
7675,3342,2023-H1,3.8,1153.0
7676,3342,2023-H2,4.2,1153.0
7677,3342,2024-H1,3.6,1153.0
7678,3342,2024-H2,3.8,1153.0
7679,3343,2023-H1,3.3,2914.0
7680,3343,2023-H2,3.6,2914.0
7681,3343,2024-H1,3.3,2914.0
7682,3343,2024-H2,3.0,2914.0
7683,3344,2023-H2,2.6,3970.0
7684,3344,2024-H1,2.7,3970.0
7685,3344,2024-H2,2.3,3970.0
7686,3345,2023-H1,4.4,4863.0
7687,3345,2023-H2,4.4,4863.0
7688,3345,2024-H1,4.1,4863.0
7689,3345,2024-H2,4.4,4863.0
7690,3347,2023-H1,3.6,1080.0
7691,3347,2023-H2,4.2,1080.0
7692,3347,2024-H1,3.5,1080.0
7693,3347,2024-H2,3.3,1080.0
7694,3348,2023-H1,2.2,3435.0
7695,3348,2023-H2,1.0,3435.0
7696,3348,2024-H1,1.7,3435.0
7697,3348,2024-H2,1.7,3435.0
7698,3349,2023-H1,3.1,
7699,3349,2023-H2,2.9,
7700,3349,2024-H1,2.9,
7701,3349,2024-H2,2.7,
7702,3350,2023-H1,2.4,4945.0
7703,3350,2023-H2,2.5,4945.0
7704,3350,2024-H1,2.8,4945.0
7705,3350,2024-H2,3.1,4945.0
7706,3351,2023-H1,3.2,2909.0
7707,3351,2023-H2,3.9,2909.0
7708,3351,2024-H1,3.9,2909.0
7709,3351,2024-H2,3.5,2909.0
7710,3352,2023-H1,2.8,1661.0
7711,3352,2023-H2,3.4,1661.0
7712,3352,2024-H1,2.8,1661.0
7713,3353,2023-H1,4.2,3672.0
7714,3353,2023-H2,3.2,3672.0
7715,3353,2024-H1,3.0,3672.0
7716,3353,2024-H2,3.2,3672.0
7717,3355,2023-H1,2.3,1259.0
7718,3355,2023-H2,2.8,1259.0
7719,3355,2024-H1,3.5,1259.0
7720,3355,2024-H2,2.9,1259.0
7721,3356,2023-H1,3.1,4012.0
7722,3356,2023-H2,2.4,4012.0
7723,3356,2024-H1,3.6,4012.0
7724,3356,2024-H2,3.0,4012.0
7725,3357,2023-H1,4.4,1716.0
7726,3357,2023-H2,4.5,1716.0
7727,3357,2024-H1,3.7,1716.0
7728,3357,2024-H2,3.9,1716.0
7729,3358,2023-H1,3.8,3100.0
7730,3358,2023-H2,3.9,3100.0
7731,3358,2024-H1,3.6,3100.0
7732,3358,2024-H2,3.4,3100.0
7733,3359,2023-H1,4.4,2161.0
7734,3359,2023-H2,4.6,2161.0
7735,3359,2024-H1,3.3,2161.0
7736,3359,2024-H2,4.3,2161.0
7737,3360,2023-H1,3.7,2101.0
7738,3360,2023-H2,3.5,2101.0
7739,3360,2024-H1,2.9,2101.0
7740,3361,2023-H1,2.8,3435.0
7741,3361,2023-H2,3.6,3435.0
7742,3361,2024-H1,3.1,3435.0
7743,3361,2024-H2,3.7,3435.0
7744,3362,2023-H1,2.0,2586.0
7745,3362,2023-H2,2.4,2586.0
7746,3362,2024-H1,2.3,2586.0
7747,3362,2024-H2,2.7,2586.0
7748,3363,2023-H1,3.1,3809.0
7749,3363,2023-H2,3.2,3809.0
7750,3363,2024-H1,2.9,3809.0
7751,3363,2024-H2,4.2,3809.0
7752,3364,2023-H1,3.8,4648.0
7753,3364,2023-H2,3.7,4648.0
7754,3364,2024-H1,4.0,4648.0
7755,3364,2024-H2,3.1,4648.0
7756,3365,2023-H1,4.0,1339.0
7757,3365,2023-H2,3.2,1339.0
7758,3365,2024-H1,3.5,1339.0
7759,3365,2024-H2,3.6,1339.0
7760,3366,2023-H1,2.3,4497.0
7761,3366,2023-H2,2.9,4497.0
7762,3366,2024-H1,2.8,4497.0
7763,3366,2024-H2,3.0,4497.0
7764,3367,2024-H1,3.0,1887.0
7765,3367,2024-H2,2.8,1887.0
7766,3368,2023-H1,3.0,4430.0
7767,3368,2023-H2,3.6,4430.0
7768,3368,2024-H1,3.3,4430.0
7769,3368,2024-H2,3.6,4430.0
7770,3369,2023-H1,3.9,2468.0
7771,3369,2023-H2,4.1,2468.0
7772,3369,2024-H1,4.0,2468.0
7773,3369,2024-H2,3.0,2468.0
7774,3370,2023-H1,2.8,3246.0
7775,3370,2023-H2,3.4,3246.0
7776,3370,2024-H1,2.5,3246.0
7777,3370,2024-H2,2.3,3246.0
7778,3371,2023-H1,3.1,1476.0
7779,3371,2023-H2,3.6,1476.0
7780,3371,2024-H1,3.0,1476.0
7781,3371,2024-H2,3.2,1476.0
7782,3372,2023-H1,2.8,3348.0
7783,3372,2023-H2,2.6,3348.0
7784,3372,2024-H1,2.7,3348.0
7785,3372,2024-H2,2.1,3348.0
7786,3373,2023-H1,2.9,1254.0
7787,3373,2023-H2,2.9,1254.0
7788,3373,2024-H1,3.0,1254.0
7789,3373,2024-H2,3.4,1254.0
7790,3374,2023-H1,4.1,2280.0
7791,3374,2023-H2,3.8,2280.0
7792,3374,2024-H1,4.1,2280.0
7793,3374,2024-H2,3.9,2280.0
7794,3375,2023-H1,3.4,1664.0
7795,3375,2023-H2,4.6,1664.0
7796,3375,2024-H1,4.0,1664.0
7797,3375,2024-H2,3.6,1664.0
7798,3376,2023-H1,3.8,2616.0
7799,3376,2023-H2,3.5,2616.0
7800,3376,2024-H1,4.2,2616.0
7801,3376,2024-H2,3.5,2616.0
7802,3377,2023-H1,4.5,2867.0
7803,3378,2023-H1,2.4,3603.0
7804,3378,2023-H2,1.9,3603.0
7805,3378,2024-H1,2.6,3603.0
7806,3378,2024-H2,3.5,3603.0
7807,3379,2023-H1,2.9,4634.0
7808,3379,2023-H2,3.0,4634.0
7809,3379,2024-H1,3.6,4634.0
7810,3379,2024-H2,4.0,4634.0
7811,3380,2023-H1,3.4,2413.0
7812,3380,2023-H2,3.3,2413.0
7813,3380,2024-H1,3.0,2413.0
7814,3380,2024-H2,3.2,2413.0
7815,3381,2023-H1,2.2,4318.0
7816,3381,2023-H2,2.6,4318.0
7817,3381,2024-H1,1.9,4318.0
7818,3382,2023-H1,3.0,1024.0
7819,3382,2023-H2,2.3,1024.0
7820,3382,2024-H1,2.7,1024.0
7821,3382,2024-H2,2.7,1024.0
7822,3383,2023-H1,2.5,1965.0
7823,3383,2023-H2,3.0,1965.0
7824,3383,2024-H1,2.7,1965.0
7825,3383,2024-H2,2.0,1965.0
7826,3384,2023-H1,3.0,2747.0
7827,3384,2023-H2,2.9,2747.0
7828,3384,2024-H1,2.8,2747.0
7829,3384,2024-H2,2.6,2747.0
7830,3385,2023-H1,2.0,2382.0
7831,3385,2023-H2,3.4,2382.0
7832,3385,2024-H1,3.4,2382.0
7833,3385,2024-H2,3.5,2382.0
7834,3386,2023-H2,2.1,5391.0
7835,3386,2024-H1,2.6,5391.0
7836,3387,2023-H1,3.9,5101.0
7837,3387,2023-H2,5.0,5101.0
7838,3387,2024-H1,4.5,5101.0
7839,3387,2024-H2,4.7,5101.0
7840,3388,2023-H1,3.8,3934.0
7841,3388,2023-H2,4.3,3934.0
7842,3388,2024-H1,3.9,3934.0
7843,3388,2024-H2,3.5,3934.0
7844,3389,2023-H1,3.0,3198.0
7845,3389,2023-H2,2.3,3198.0
7846,3389,2024-H1,2.1,3198.0
7847,3389,2024-H2,2.1,3198.0
7848,3390,2023-H1,2.9,5124.0
7849,3390,2023-H2,3.1,5124.0
7850,3390,2024-H1,2.5,5124.0
7851,3390,2024-H2,2.9,5124.0
7852,3391,2023-H1,2.9,4348.0
7853,3391,2023-H2,2.5,4348.0
7854,3391,2024-H1,3.2,4348.0
7855,3391,2024-H2,2.8,4348.0
7856,3392,2023-H1,2.8,3727.0
7857,3392,2023-H2,2.5,3727.0
7858,3392,2024-H1,2.7,3727.0
7859,3392,2024-H2,2.4,3727.0
7860,3393,2023-H1,4.2,1174.0
7861,3393,2023-H2,5.0,1174.0
7862,3393,2024-H1,4.2,1174.0
7863,3393,2024-H2,4.0,1174.0
7864,3394,2023-H1,2.5,1055.0
7865,3394,2023-H2,2.4,1055.0
7866,3394,2024-H1,2.4,1055.0
7867,3394,2024-H2,2.9,1055.0
7868,3395,2023-H1,3.7,5428.0
7869,3395,2023-H2,4.3,5428.0
7870,3395,2024-H1,3.7,5428.0
7871,3395,2024-H2,3.7,5428.0
7872,3396,2023-H1,3.4,3037.0
7873,3396,2023-H2,2.6,3037.0
7874,3396,2024-H1,3.0,3037.0
7875,3396,2024-H2,3.5,3037.0
7876,3397,2023-H1,3.6,3996.0
7877,3397,2023-H2,3.5,3996.0
7878,3397,2024-H1,4.3,3996.0
7879,3397,2024-H2,4.2,3996.0
7880,3398,2023-H1,2.4,4619.0
7881,3398,2023-H2,2.4,4619.0
7882,3398,2024-H1,2.6,4619.0
7883,3398,2024-H2,2.3,4619.0
7884,3399,2023-H1,3.4,1796.0
7885,3399,2023-H2,3.2,1796.0
7886,3399,2024-H1,3.5,1796.0
7887,3399,2024-H2,3.2,1796.0
7888,3400,2023-H1,4.5,3594.0
7889,3400,2023-H2,3.3,3594.0
7890,3400,2024-H1,3.6,3594.0
7891,3400,2024-H2,4.0,3594.0
7892,3401,2023-H1,3.8,3761.0
7893,3401,2023-H2,3.4,3761.0
7894,3401,2024-H1,3.0,3761.0
7895,3401,2024-H2,3.8,3761.0
7896,3402,2023-H1,1.5,2079.0
7897,3402,2023-H2,2.1,2079.0
7898,3402,2024-H1,2.1,2079.0
7899,3402,2024-H2,1.8,2079.0
7900,3403,2023-H1,3.7,2095.0
7901,3403,2023-H2,3.8,2095.0
7902,3403,2024-H1,3.8,2095.0
7903,3403,2024-H2,4.4,2095.0
7904,3404,2023-H1,2.5,2805.0
7905,3404,2023-H2,3.5,2805.0
7906,3404,2024-H1,4.4,2805.0
7907,3404,2024-H2,4.7,2805.0
7908,3405,2024-H2,3.0,2242.0
7909,3406,2023-H1,3.7,1698.0
7910,3406,2023-H2,4.4,1698.0
7911,3406,2024-H1,2.9,1698.0
7912,3406,2024-H2,3.3,1698.0
7913,3407,2023-H1,4.4,5252.0
7914,3407,2023-H2,3.3,5252.0
7915,3407,2024-H1,4.1,5252.0
7916,3407,2024-H2,4.6,5252.0
7917,3408,2023-H1,4.3,4672.0
7918,3408,2023-H2,3.7,4672.0
7919,3408,2024-H1,3.8,4672.0
7920,3408,2024-H2,4.7,4672.0
7921,3409,2023-H1,4.1,2360.0
7922,3409,2023-H2,4.7,2360.0
7923,3409,2024-H1,4.5,2360.0
7924,3409,2024-H2,4.1,2360.0
7925,3410,2023-H1,2.7,2388.0
7926,3410,2023-H2,3.3,2388.0
7927,3410,2024-H1,2.9,2388.0
7928,3410,2024-H2,3.3,2388.0
7929,3411,2024-H2,3.0,1662.0
7930,3412,2023-H1,3.5,2942.0
7931,3412,2023-H2,4.2,2942.0
7932,3412,2024-H1,4.1,2942.0
7933,3412,2024-H2,3.9,2942.0
7934,3414,2023-H1,2.4,1428.0
7935,3415,2023-H1,3.8,3497.0
7936,3415,2023-H2,4.2,3497.0
7937,3415,2024-H1,4.5,3497.0
7938,3416,2024-H1,4.4,2442.0
7939,3416,2024-H2,4.0,2442.0
7940,3417,2023-H1,4.6,5458.0
7941,3417,2023-H2,3.8,5458.0
7942,3417,2024-H1,4.7,5458.0
7943,3417,2024-H2,4.6,5458.0
7944,3418,2023-H1,3.8,2529.0
7945,3418,2023-H2,3.6,2529.0
7946,3418,2024-H1,4.4,2529.0
7947,3418,2024-H2,4.4,2529.0
7948,3419,2023-H1,4.1,3357.0
7949,3419,2023-H2,4.4,3357.0
7950,3419,2024-H1,3.7,3357.0
7951,3419,2024-H2,4.6,3357.0
7952,3420,2023-H1,3.6,4059.0
7953,3420,2023-H2,3.2,4059.0
7954,3420,2024-H1,3.2,4059.0
7955,3420,2024-H2,3.2,4059.0
7956,3421,2023-H1,4.0,1760.0
7957,3421,2023-H2,3.9,1760.0
7958,3421,2024-H1,4.2,1760.0
7959,3421,2024-H2,4.0,1760.0
7960,3422,2023-H1,3.6,1967.0
7961,3422,2023-H2,2.9,1967.0
7962,3422,2024-H1,3.6,1967.0
7963,3422,2024-H2,3.4,1967.0
7964,3423,2023-H1,3.1,4161.0
7965,3423,2023-H2,3.7,4161.0
7966,3423,2024-H1,3.5,4161.0
7967,3423,2024-H2,3.1,4161.0
7968,3424,2023-H2,3.3,5044.0
7969,3424,2024-H1,2.5,5044.0
7970,3424,2024-H2,3.2,5044.0
7971,3425,2023-H2,3.8,1967.0
7972,3425,2024-H1,3.8,1967.0
7973,3425,2024-H2,3.6,1967.0
7974,3426,2023-H1,3.6,3582.0
7975,3426,2023-H2,4.2,3582.0
7976,3426,2024-H1,4.3,3582.0
7977,3426,2024-H2,5.0,3582.0
7978,3427,2024-H2,2.5,1583.0
7979,3428,2023-H1,4.6,3862.0
7980,3428,2023-H2,4.3,3862.0
7981,3428,2024-H1,5.0,3862.0
7982,3428,2024-H2,5.0,3862.0
7983,3429,2023-H1,4.7,1316.0
7984,3429,2023-H2,3.8,1316.0
7985,3429,2024-H1,3.8,1316.0
7986,3429,2024-H2,3.1,1316.0
7987,3430,2023-H2,4.4,4707.0
7988,3430,2024-H1,4.2,4707.0
7989,3430,2024-H2,4.2,4707.0
7990,3431,2023-H1,4.8,2738.0
7991,3431,2023-H2,4.9,2738.0
7992,3431,2024-H1,4.8,2738.0
7993,3431,2024-H2,4.2,2738.0
7994,3432,2023-H1,3.7,3083.0
7995,3432,2023-H2,3.9,3083.0
7996,3432,2024-H1,3.9,3083.0
7997,3432,2024-H2,3.3,3083.0
7998,3433,2024-H1,3.3,4761.0
7999,3433,2024-H2,3.6,4761.0
8000,3434,2023-H1,2.8,3353.0
8001,3434,2023-H2,2.9,3353.0
8002,3434,2024-H1,2.4,3353.0
8003,3434,2024-H2,3.6,3353.0
8004,3436,2023-H1,4.3,2173.0
8005,3436,2023-H2,4.8,2173.0
8006,3436,2024-H1,4.7,2173.0
8007,3436,2024-H2,4.9,2173.0
8008,3437,2023-H2,5.0,2350.0
8009,3437,2024-H1,4.7,2350.0
8010,3437,2024-H2,4.0,2350.0
8011,3438,2023-H1,4.2,3117.0
8012,3438,2023-H2,4.4,3117.0
8013,3438,2024-H1,4.0,3117.0
8014,3438,2024-H2,4.3,3117.0
8015,3439,2023-H1,2.2,2756.0
8016,3439,2023-H2,3.0,2756.0
8017,3439,2024-H1,3.1,2756.0
8018,3439,2024-H2,2.7,2756.0
8019,3440,2023-H1,2.7,2546.0
8020,3440,2023-H2,3.2,2546.0
8021,3440,2024-H1,2.7,2546.0
8022,3440,2024-H2,2.7,2546.0
8023,3442,2023-H2,4.0,3798.0
8024,3442,2024-H1,4.1,3798.0
8025,3442,2024-H2,4.1,3798.0
8026,3443,2023-H1,4.1,2387.0
8027,3443,2023-H2,3.9,2387.0
8028,3443,2024-H1,4.1,2387.0
8029,3443,2024-H2,4.3,2387.0
8030,3444,2023-H1,2.8,2742.0
8031,3444,2023-H2,3.1,2742.0
8032,3444,2024-H1,3.4,2742.0
8033,3444,2024-H2,3.5,2742.0
8034,3445,2023-H1,4.2,4649.0
8035,3445,2023-H2,4.0,4649.0
8036,3445,2024-H1,4.6,4649.0
8037,3445,2024-H2,4.2,4649.0
8038,3446,2023-H1,3.9,1943.0
8039,3446,2023-H2,3.7,1943.0
8040,3446,2024-H1,3.7,1943.0
8041,3446,2024-H2,3.1,1943.0
8042,3447,2023-H1,2.3,1183.0
8043,3447,2023-H2,2.6,1183.0
8044,3447,2024-H1,2.3,1183.0
8045,3447,2024-H2,2.1,1183.0
8046,3448,2023-H2,3.8,3070.0
8047,3448,2024-H1,4.1,3070.0
8048,3448,2024-H2,3.8,3070.0
8049,3449,2024-H1,3.8,4909.0
8050,3450,2024-H2,3.3,2330.0
8051,3451,2023-H1,2.7,1170.0
8052,3451,2023-H2,3.4,1170.0
8053,3451,2024-H1,3.5,1170.0
8054,3451,2024-H2,3.3,1170.0
8055,3452,2023-H1,3.2,4164.0
8056,3452,2023-H2,2.1,4164.0
8057,3452,2024-H1,3.1,4164.0
8058,3452,2024-H2,2.8,4164.0
8059,3453,2023-H1,4.3,4585.0
8060,3453,2023-H2,4.8,4585.0
8061,3453,2024-H1,4.0,4585.0
8062,3453,2024-H2,4.0,4585.0
8063,3454,2023-H1,3.7,3515.0
8064,3454,2023-H2,3.0,3515.0
8065,3454,2024-H1,3.6,3515.0
8066,3454,2024-H2,3.6,3515.0
8067,3455,2024-H2,4.7,3111.0
8068,3456,2023-H1,2.1,1964.0
8069,3456,2023-H2,1.9,1964.0
8070,3456,2024-H1,2.6,1964.0
8071,3456,2024-H2,1.9,1964.0
8072,3458,2023-H1,2.2,3860.0
8073,3458,2023-H2,2.5,3860.0
8074,3458,2024-H1,1.1,3860.0
8075,3458,2024-H2,2.1,3860.0
8076,3459,2023-H1,3.2,1067.0
8077,3459,2023-H2,2.6,1067.0
8078,3459,2024-H1,3.4,1067.0
8079,3459,2024-H2,3.5,1067.0
8080,3460,2023-H1,4.9,1636.0
8081,3460,2023-H2,5.0,1636.0
8082,3460,2024-H1,4.6,1636.0
8083,3460,2024-H2,4.9,1636.0
8084,3461,2023-H1,2.4,2134.0
8085,3461,2023-H2,2.7,2134.0
8086,3461,2024-H1,2.9,2134.0
8087,3461,2024-H2,2.6,2134.0
8088,3462,2023-H1,2.0,5009.0
8089,3462,2023-H2,2.4,5009.0
8090,3462,2024-H1,2.4,5009.0
8091,3462,2024-H2,3.1,5009.0
8092,3463,2023-H1,5.0,4433.0
8093,3463,2023-H2,5.0,4433.0
8094,3463,2024-H1,5.0,4433.0
8095,3463,2024-H2,5.0,4433.0
8096,3464,2023-H1,4.1,2150.0
8097,3464,2023-H2,3.8,2150.0
8098,3464,2024-H1,3.3,2150.0
8099,3464,2024-H2,3.3,2150.0
8100,3465,2023-H1,2.7,1838.0
8101,3465,2023-H2,2.5,1838.0
8102,3465,2024-H1,3.1,1838.0
8103,3465,2024-H2,2.0,1838.0
8104,3466,2023-H1,3.2,2882.0
8105,3466,2023-H2,3.9,2882.0
8106,3466,2024-H1,4.0,2882.0
8107,3466,2024-H2,4.1,2882.0
8108,3467,2023-H1,3.0,2961.0
8109,3467,2023-H2,2.8,2961.0
8110,3467,2024-H1,3.1,2961.0
8111,3467,2024-H2,2.4,2961.0
8112,3468,2023-H1,3.6,4490.0
8113,3468,2023-H2,4.1,4490.0
8114,3468,2024-H1,3.6,4490.0
8115,3468,2024-H2,4.1,4490.0
8116,3469,2023-H1,4.0,5113.0
8117,3469,2023-H2,3.9,5113.0
8118,3469,2024-H1,3.6,5113.0
8119,3469,2024-H2,3.9,5113.0
8120,3470,2023-H1,3.5,3027.0
8121,3470,2023-H2,2.8,3027.0
8122,3470,2024-H1,3.4,3027.0
8123,3470,2024-H2,2.9,3027.0
8124,3471,2023-H1,4.2,1643.0
8125,3471,2023-H2,2.8,1643.0
8126,3471,2024-H1,3.6,1643.0
8127,3471,2024-H2,4.7,1643.0
8128,3472,2023-H1,3.5,1470.0
8129,3472,2023-H2,3.0,1470.0
8130,3472,2024-H1,2.7,1470.0
8131,3472,2024-H2,3.0,1470.0
8132,3473,2024-H1,3.8,3363.0
8133,3473,2024-H2,3.8,3363.0
8134,3475,2023-H1,4.4,1698.0
8135,3475,2023-H2,3.5,1698.0
8136,3475,2024-H1,4.9,1698.0
8137,3475,2024-H2,4.4,1698.0
8138,3476,2023-H1,3.3,2092.0
8139,3476,2023-H2,3.7,2092.0
8140,3476,2024-H1,3.1,2092.0
8141,3476,2024-H2,3.5,2092.0
8142,3477,2023-H1,4.1,4127.0
8143,3477,2023-H2,4.5,4127.0
8144,3477,2024-H1,4.1,4127.0
8145,3477,2024-H2,3.5,4127.0
8146,3478,2024-H2,3.5,2781.0
8147,3479,2023-H1,3.8,3505.0
8148,3479,2023-H2,3.2,3505.0
8149,3479,2024-H1,3.3,3505.0
8150,3480,2023-H1,4.4,5322.0
8151,3480,2023-H2,4.2,5322.0
8152,3481,2024-H2,2.7,4979.0
8153,3482,2023-H1,3.5,4945.0
8154,3482,2023-H2,2.5,4945.0
8155,3482,2024-H1,3.0,4945.0
8156,3482,2024-H2,4.3,4945.0
8157,3483,2023-H1,3.4,1924.0
8158,3483,2023-H2,3.1,1924.0
8159,3483,2024-H1,3.1,1924.0
8160,3483,2024-H2,4.0,1924.0
8161,3484,2023-H1,2.5,1821.0
8162,3484,2023-H2,3.0,1821.0
8163,3484,2024-H1,2.8,1821.0
8164,3484,2024-H2,2.5,1821.0
8165,3486,2023-H1,3.5,4345.0
8166,3486,2023-H2,3.5,4345.0
8167,3486,2024-H1,3.5,4345.0
8168,3486,2024-H2,4.4,4345.0
8169,3487,2023-H1,3.3,3741.0
8170,3488,2023-H1,3.9,4091.0
8171,3488,2023-H2,4.7,4091.0
8172,3488,2024-H1,4.5,4091.0
8173,3488,2024-H2,4.9,4091.0
8174,3489,2023-H1,3.5,1921.0
8175,3489,2023-H2,3.3,1921.0
8176,3489,2024-H1,3.7,1921.0
8177,3489,2024-H2,4.3,1921.0
8178,3490,2023-H1,3.2,1757.0
8179,3490,2023-H2,3.5,1757.0
8180,3490,2024-H1,3.4,1757.0
8181,3490,2024-H2,3.5,1757.0
8182,3491,2023-H1,3.9,3052.0
8183,3491,2023-H2,3.5,3052.0
8184,3491,2024-H1,3.4,3052.0
8185,3491,2024-H2,3.4,3052.0
8186,3492,2023-H1,3.7,4561.0
8187,3492,2023-H2,4.1,4561.0
8188,3492,2024-H1,3.5,4561.0
8189,3492,2024-H2,3.4,4561.0
8190,3493,2024-H2,4.1,5070.0
8191,3494,2023-H1,2.8,5046.0
8192,3494,2023-H2,3.0,5046.0
8193,3494,2024-H1,2.5,5046.0
8194,3494,2024-H2,3.2,5046.0
8195,3495,2023-H1,3.2,4846.0
8196,3495,2023-H2,3.9,4846.0
8197,3495,2024-H1,4.5,4846.0
8198,3495,2024-H2,3.5,4846.0
8199,3496,2023-H1,2.8,1931.0
8200,3496,2023-H2,3.3,1931.0
8201,3496,2024-H1,3.9,1931.0
8202,3496,2024-H2,3.6,1931.0
8203,3497,2024-H1,2.9,1764.0
8204,3497,2024-H2,3.6,1764.0
8205,3498,2023-H1,5.0,2824.0
8206,3498,2023-H2,5.0,2824.0
8207,3498,2024-H1,4.2,2824.0
8208,3498,2024-H2,5.0,2824.0
8209,3499,2023-H1,5.0,1202.0
8210,3499,2023-H2,5.0,1202.0
8211,3499,2024-H1,5.0,1202.0
8212,3499,2024-H2,5.0,1202.0
8213,3500,2023-H1,2.9,3276.0
8214,3500,2023-H2,3.1,3276.0
8215,3500,2024-H1,3.5,3276.0
8216,3500,2024-H2,3.2,3276.0
8217,3501,2023-H1,3.7,2917.0
8218,3501,2023-H2,3.6,2917.0
8219,3501,2024-H1,3.1,2917.0
8220,3501,2024-H2,3.5,2917.0
8221,3502,2023-H1,4.4,3958.0
8222,3502,2023-H2,4.7,3958.0
8223,3502,2024-H1,4.2,3958.0
8224,3502,2024-H2,4.2,3958.0
8225,3503,2023-H2,3.1,5235.0
8226,3504,2023-H1,3.6,4122.0
8227,3504,2023-H2,3.2,4122.0
8228,3504,2024-H1,3.3,4122.0
8229,3504,2024-H2,2.9,4122.0
8230,3505,2023-H1,5.0,2376.0
8231,3505,2023-H2,4.5,2376.0
8232,3505,2024-H1,3.8,2376.0
8233,3505,2024-H2,3.3,2376.0
8234,3506,2023-H1,3.6,1747.0
8235,3506,2023-H2,4.0,1747.0
8236,3506,2024-H1,2.9,1747.0
8237,3506,2024-H2,2.0,1747.0
8238,3507,2023-H1,3.7,2642.0
8239,3507,2023-H2,4.0,2642.0
8240,3507,2024-H1,3.8,2642.0
8241,3507,2024-H2,3.8,2642.0
8242,3508,2023-H1,3.1,1640.0
8243,3508,2023-H2,3.7,1640.0
8244,3508,2024-H1,4.2,1640.0
8245,3508,2024-H2,4.0,1640.0
8246,3509,2023-H1,2.6,4500.0
8247,3509,2023-H2,2.9,4500.0
8248,3509,2024-H1,2.6,4500.0
8249,3509,2024-H2,2.5,4500.0
8250,3510,2024-H1,2.8,2800.0
8251,3510,2024-H2,2.7,2800.0
8252,3511,2023-H1,3.2,4261.0
8253,3511,2023-H2,3.0,4261.0
8254,3511,2024-H1,2.7,4261.0
8255,3511,2024-H2,2.9,4261.0
8256,3512,2023-H1,3.3,4437.0
8257,3512,2023-H2,3.8,4437.0
8258,3512,2024-H1,3.5,4437.0
8259,3512,2024-H2,3.9,4437.0
8260,3513,2023-H1,1.6,3659.0
8261,3513,2023-H2,2.6,3659.0
8262,3513,2024-H1,2.8,3659.0
8263,3513,2024-H2,2.3,3659.0
8264,3514,2023-H1,2.9,3538.0
8265,3514,2023-H2,2.6,3538.0
8266,3514,2024-H1,2.7,3538.0
8267,3514,2024-H2,3.3,3538.0
8268,3516,2023-H1,3.3,1103.0
8269,3516,2023-H2,2.7,1103.0
8270,3517,2023-H1,5.0,2135.0
8271,3517,2023-H2,4.1,2135.0
8272,3517,2024-H1,5.0,2135.0
8273,3517,2024-H2,4.9,2135.0
8274,3518,2023-H1,3.8,2947.0
8275,3518,2023-H2,3.0,2947.0
8276,3518,2024-H1,4.2,2947.0
8277,3518,2024-H2,4.1,2947.0
8278,3519,2023-H1,2.3,3089.0
8279,3519,2023-H2,2.3,3089.0
8280,3519,2024-H1,2.9,3089.0
8281,3519,2024-H2,2.3,3089.0
8282,3521,2023-H1,2.7,3750.0
8283,3521,2023-H2,3.3,3750.0
8284,3521,2024-H1,3.3,3750.0
8285,3521,2024-H2,2.2,3750.0
8286,3522,2024-H1,4.1,4888.0
8287,3523,2023-H1,4.6,1654.0
8288,3523,2023-H2,5.0,1654.0
8289,3523,2024-H1,4.5,1654.0
8290,3523,2024-H2,3.8,1654.0
8291,3524,2023-H2,3.3,1353.0
8292,3524,2024-H1,2.8,1353.0
8293,3524,2024-H2,3.2,1353.0
8294,3525,2023-H2,4.3,3052.0
8295,3525,2024-H1,3.9,3052.0
8296,3526,2023-H1,3.6,2066.0
8297,3526,2023-H2,3.1,2066.0
8298,3526,2024-H1,4.4,2066.0
8299,3526,2024-H2,3.9,2066.0
8300,3527,2023-H1,3.8,3617.0
8301,3527,2023-H2,3.4,3617.0
8302,3527,2024-H1,3.6,3617.0
8303,3527,2024-H2,4.4,3617.0
8304,3528,2023-H1,3.9,2738.0
8305,3528,2023-H2,3.8,2738.0
8306,3528,2024-H1,2.7,2738.0
8307,3528,2024-H2,3.2,2738.0
8308,3529,2023-H1,3.8,2226.0
8309,3529,2023-H2,3.7,2226.0
8310,3529,2024-H1,2.9,2226.0
8311,3529,2024-H2,2.9,2226.0
8312,3530,2024-H2,3.4,2866.0
8313,3531,2024-H2,3.6,4358.0
8314,3532,2023-H1,4.2,3420.0
8315,3532,2023-H2,4.9,3420.0
8316,3532,2024-H1,4.1,3420.0
8317,3532,2024-H2,4.5,3420.0
8318,3533,2023-H1,4.0,1428.0
8319,3533,2023-H2,4.6,1428.0
8320,3533,2024-H1,3.6,1428.0
8321,3533,2024-H2,4.1,1428.0
8322,3534,2023-H1,3.2,1635.0
8323,3534,2023-H2,2.3,1635.0
8324,3534,2024-H1,3.9,1635.0
8325,3534,2024-H2,3.0,1635.0
8326,3535,2023-H1,4.1,5409.0
8327,3535,2023-H2,3.9,5409.0
8328,3536,2023-H1,4.2,3339.0
8329,3536,2023-H2,4.1,3339.0
8330,3536,2024-H1,3.6,3339.0
8331,3536,2024-H2,3.7,3339.0
8332,3537,2023-H1,4.3,3034.0
8333,3537,2023-H2,4.5,3034.0
8334,3538,2023-H1,3.2,3103.0
8335,3538,2023-H2,3.5,3103.0
8336,3538,2024-H1,3.8,3103.0
8337,3538,2024-H2,3.4,3103.0
8338,3539,2023-H1,2.3,1771.0
8339,3539,2023-H2,3.0,1771.0
8340,3539,2024-H1,2.4,1771.0
8341,3539,2024-H2,1.8,1771.0
8342,3540,2023-H1,3.7,2043.0
8343,3540,2023-H2,3.7,2043.0
8344,3540,2024-H1,3.1,2043.0
8345,3540,2024-H2,4.3,2043.0
8346,3541,2023-H1,2.6,1020.0
8347,3541,2023-H2,3.0,1020.0
8348,3541,2024-H1,2.2,1020.0
8349,3541,2024-H2,3.6,1020.0
8350,3543,2023-H1,2.3,4241.0
8351,3543,2023-H2,1.4,4241.0
8352,3543,2024-H1,2.1,4241.0
8353,3543,2024-H2,1.4,4241.0
8354,3544,2023-H1,3.5,1931.0
8355,3544,2023-H2,3.2,1931.0
8356,3544,2024-H1,3.6,1931.0
8357,3544,2024-H2,3.9,1931.0
8358,3545,2023-H1,3.3,2205.0
8359,3545,2023-H2,3.0,2205.0
8360,3545,2024-H1,3.9,2205.0
8361,3545,2024-H2,2.3,2205.0
8362,3546,2024-H1,1.6,1987.0
8363,3546,2024-H2,1.8,1987.0
8364,3547,2023-H1,3.7,4756.0
8365,3547,2023-H2,3.1,4756.0
8366,3547,2024-H1,3.4,4756.0
8367,3547,2024-H2,3.2,4756.0
8368,3548,2023-H1,2.4,3577.0
8369,3548,2023-H2,2.2,3577.0
8370,3548,2024-H1,2.3,3577.0
8371,3548,2024-H2,3.1,3577.0
8372,3549,2023-H1,3.3,2349.0
8373,3549,2023-H2,2.7,2349.0
8374,3549,2024-H1,4.0,2349.0
8375,3549,2024-H2,3.3,2349.0
8376,3550,2023-H1,4.4,3170.0
8377,3550,2023-H2,2.7,3170.0
8378,3550,2024-H1,3.8,3170.0
8379,3550,2024-H2,4.2,3170.0
8380,3551,2023-H2,3.8,2828.0
8381,3551,2024-H1,3.2,2828.0
8382,3552,2023-H1,2.6,3621.0
8383,3554,2023-H1,2.0,2325.0
8384,3554,2023-H2,2.6,2325.0
8385,3554,2024-H1,2.1,2325.0
8386,3554,2024-H2,2.0,2325.0
8387,3555,2023-H1,3.9,2935.0
8388,3555,2023-H2,3.2,2935.0
8389,3555,2024-H1,2.5,2935.0
8390,3555,2024-H2,2.5,2935.0
8391,3556,2023-H1,2.8,1426.0
8392,3556,2023-H2,3.2,1426.0
8393,3556,2024-H1,2.8,1426.0
8394,3556,2024-H2,3.4,1426.0
8395,3557,2023-H1,4.7,5492.0
8396,3557,2023-H2,3.8,5492.0
8397,3557,2024-H1,5.0,5492.0
8398,3557,2024-H2,4.1,5492.0
8399,3558,2023-H1,3.5,4530.0
8400,3558,2023-H2,4.0,4530.0
8401,3558,2024-H1,4.6,4530.0
8402,3558,2024-H2,3.8,4530.0
8403,3560,2023-H1,2.7,5439.0
8404,3560,2023-H2,2.2,5439.0
8405,3560,2024-H1,3.0,5439.0
8406,3560,2024-H2,2.0,5439.0
8407,3561,2024-H1,4.6,4755.0
8408,3561,2024-H2,4.2,4755.0
8409,3563,2023-H1,3.0,3598.0
8410,3563,2023-H2,2.6,3598.0
8411,3563,2024-H1,2.6,3598.0
8412,3563,2024-H2,3.2,3598.0
8413,3564,2023-H1,4.3,5017.0
8414,3564,2023-H2,4.3,5017.0
8415,3564,2024-H1,4.4,5017.0
8416,3564,2024-H2,4.2,5017.0
8417,3565,2023-H1,2.9,4341.0
8418,3565,2023-H2,3.4,4341.0
8419,3565,2024-H1,3.1,4341.0
8420,3565,2024-H2,2.4,4341.0
8421,3566,2023-H1,3.8,5321.0
8422,3566,2023-H2,4.0,5321.0
8423,3566,2024-H1,3.6,5321.0
8424,3566,2024-H2,3.8,5321.0
8425,3567,2023-H1,4.2,3169.0
8426,3567,2023-H2,3.3,3169.0
8427,3567,2024-H1,4.5,3169.0
8428,3567,2024-H2,4.5,3169.0
8429,3568,2023-H1,1.3,2389.0
8430,3568,2023-H2,2.0,2389.0
8431,3568,2024-H1,1.6,2389.0
8432,3568,2024-H2,2.3,2389.0
8433,3569,2023-H1,3.2,1204.0
8434,3569,2023-H2,2.6,1204.0
8435,3569,2024-H1,2.8,1204.0
8436,3569,2024-H2,2.9,1204.0
8437,3570,2023-H1,3.8,1790.0
8438,3570,2023-H2,3.4,1790.0
8439,3570,2024-H1,4.3,1790.0
8440,3570,2024-H2,3.7,1790.0
8441,3571,2023-H1,3.7,3069.0
8442,3571,2023-H2,4.3,3069.0
8443,3571,2024-H1,4.2,3069.0
8444,3571,2024-H2,3.6,3069.0
8445,3572,2023-H1,2.8,5248.0
8446,3572,2023-H2,3.3,5248.0
8447,3572,2024-H1,4.2,5248.0
8448,3572,2024-H2,3.3,5248.0
8449,3573,2023-H1,3.5,2529.0
8450,3573,2023-H2,3.1,2529.0
8451,3573,2024-H1,3.0,2529.0
8452,3573,2024-H2,3.5,2529.0
8453,3574,2023-H1,3.2,3625.0
8454,3574,2023-H2,3.5,3625.0
8455,3574,2024-H1,3.6,3625.0
8456,3574,2024-H2,3.8,3625.0
8457,3575,2023-H1,4.1,4662.0
8458,3575,2023-H2,4.3,4662.0
8459,3575,2024-H1,3.5,4662.0
8460,3575,2024-H2,4.2,4662.0
8461,3576,2023-H1,4.0,3685.0
8462,3576,2023-H2,3.1,3685.0
8463,3576,2024-H1,3.9,3685.0
8464,3576,2024-H2,4.1,3685.0
8465,3577,2023-H1,4.2,2764.0
8466,3577,2023-H2,5.0,2764.0
8467,3577,2024-H1,4.7,2764.0
8468,3577,2024-H2,4.3,2764.0
8469,3578,2023-H1,3.8,4163.0
8470,3578,2023-H2,3.6,4163.0
8471,3578,2024-H1,3.9,4163.0
8472,3578,2024-H2,3.9,4163.0
8473,3579,2023-H1,4.4,3282.0
8474,3579,2023-H2,4.5,3282.0
8475,3579,2024-H1,4.9,3282.0
8476,3580,2023-H1,2.2,2267.0
8477,3580,2023-H2,3.1,2267.0
8478,3580,2024-H1,3.2,2267.0
8479,3580,2024-H2,3.5,2267.0
8480,3581,2023-H1,3.7,1083.0
8481,3581,2023-H2,3.8,1083.0
8482,3581,2024-H1,3.9,1083.0
8483,3581,2024-H2,4.2,1083.0
8484,3582,2023-H1,4.2,1417.0
8485,3582,2023-H2,2.9,1417.0
8486,3582,2024-H1,3.3,1417.0
8487,3582,2024-H2,4.1,1417.0
8488,3583,2023-H1,3.9,4690.0
8489,3583,2023-H2,4.4,4690.0
8490,3583,2024-H1,3.5,4690.0
8491,3583,2024-H2,3.7,4690.0
8492,3584,2023-H1,1.9,1201.0
8493,3584,2023-H2,1.6,1201.0
8494,3584,2024-H1,1.9,1201.0
8495,3584,2024-H2,1.7,1201.0
8496,3585,2023-H1,4.3,5460.0
8497,3585,2023-H2,4.9,5460.0
8498,3585,2024-H1,4.4,5460.0
8499,3585,2024-H2,4.4,5460.0
8500,3586,2023-H1,4.3,5361.0
8501,3586,2023-H2,4.7,5361.0
8502,3586,2024-H1,4.5,5361.0
8503,3586,2024-H2,4.7,5361.0
8504,3587,2023-H2,2.8,1032.0
8505,3587,2024-H1,3.5,1032.0
8506,3587,2024-H2,3.6,1032.0
8507,3588,2023-H1,2.6,2735.0
8508,3588,2023-H2,3.3,2735.0
8509,3588,2024-H1,3.5,2735.0
8510,3588,2024-H2,3.2,2735.0
8511,3589,2023-H1,4.3,3765.0
8512,3589,2023-H2,3.3,3765.0
8513,3589,2024-H1,4.3,3765.0
8514,3589,2024-H2,3.7,3765.0
8515,3590,2023-H1,4.5,5475.0
8516,3590,2023-H2,4.1,5475.0
8517,3590,2024-H1,4.2,5475.0
8518,3590,2024-H2,5.0,5475.0
8519,3591,2023-H1,3.9,3276.0
8520,3591,2023-H2,3.4,3276.0
8521,3591,2024-H1,4.7,3276.0
8522,3591,2024-H2,3.9,3276.0
8523,3592,2023-H1,3.2,1426.0
8524,3592,2023-H2,2.4,1426.0
8525,3592,2024-H1,2.3,1426.0
8526,3592,2024-H2,2.8,1426.0
8527,3593,2023-H1,4.3,4167.0
8528,3593,2023-H2,3.5,4167.0
8529,3593,2024-H1,3.4,4167.0
8530,3593,2024-H2,4.2,4167.0
8531,3594,2023-H1,3.2,2738.0
8532,3594,2023-H2,3.5,2738.0
8533,3594,2024-H1,3.3,2738.0
8534,3594,2024-H2,3.2,2738.0
8535,3595,2023-H1,3.1,5242.0
8536,3595,2023-H2,3.0,5242.0
8537,3595,2024-H1,2.1,5242.0
8538,3595,2024-H2,2.1,5242.0
8539,3596,2023-H1,3.5,4322.0
8540,3596,2023-H2,3.1,4322.0
8541,3596,2024-H1,2.8,4322.0
8542,3596,2024-H2,3.7,4322.0
8543,3597,2023-H1,2.7,2211.0
8544,3597,2023-H2,2.8,2211.0
8545,3597,2024-H1,2.9,2211.0
8546,3597,2024-H2,2.6,2211.0
8547,3599,2024-H2,3.5,1701.0
8548,3600,2023-H1,5.0,5430.0
8549,3600,2023-H2,4.9,5430.0
8550,3600,2024-H1,4.5,5430.0
8551,3600,2024-H2,4.3,5430.0
8552,3602,2023-H1,3.8,5402.0
8553,3602,2023-H2,3.8,5402.0
8554,3602,2024-H1,4.3,5402.0
8555,3602,2024-H2,4.5,5402.0
8556,3603,2023-H1,3.5,
8557,3603,2023-H2,3.9,
8558,3603,2024-H1,3.2,
8559,3603,2024-H2,3.7,
8560,3604,2024-H2,2.7,4530.0
8561,3605,2023-H1,3.1,1148.0
8562,3605,2023-H2,3.9,1148.0
8563,3605,2024-H1,4.4,1148.0
8564,3605,2024-H2,3.9,1148.0
8565,3606,2024-H2,3.0,4538.0
8566,3607,2023-H1,3.8,3880.0
8567,3607,2023-H2,3.3,3880.0
8568,3607,2024-H1,3.3,3880.0
8569,3607,2024-H2,4.0,3880.0
8570,3608,2023-H1,2.9,2069.0
8571,3608,2023-H2,2.4,2069.0
8572,3608,2024-H1,3.5,2069.0
8573,3608,2024-H2,2.4,2069.0
8574,3609,2024-H1,3.6,4634.0
8575,3609,2024-H2,3.4,4634.0
8576,3610,2023-H1,3.1,1204.0
8577,3610,2023-H2,2.4,1204.0
8578,3610,2024-H1,3.7,1204.0
8579,3610,2024-H2,3.5,1204.0
8580,3611,2023-H2,3.8,4015.0
8581,3611,2024-H1,3.9,4015.0
8582,3611,2024-H2,3.6,4015.0
8583,3612,2023-H1,2.5,1788.0
8584,3612,2023-H2,2.7,1788.0
8585,3612,2024-H1,2.3,1788.0
8586,3612,2024-H2,2.5,1788.0
8587,3613,2023-H1,4.5,4610.0
8588,3613,2023-H2,4.8,4610.0
8589,3613,2024-H1,4.2,4610.0
8590,3613,2024-H2,4.4,4610.0
8591,3614,2023-H1,3.8,2413.0
8592,3614,2023-H2,4.0,2413.0
8593,3614,2024-H1,4.4,2413.0
8594,3614,2024-H2,3.6,2413.0
8595,3615,2023-H1,4.9,1795.0
8596,3615,2023-H2,4.0,1795.0
8597,3615,2024-H1,4.5,1795.0
8598,3615,2024-H2,4.7,1795.0
8599,3616,2023-H1,3.5,1152.0
8600,3616,2023-H2,2.9,1152.0
8601,3616,2024-H1,2.8,1152.0
8602,3616,2024-H2,4.2,1152.0
8603,3617,2023-H1,3.1,5432.0
8604,3617,2023-H2,3.8,5432.0
8605,3617,2024-H1,2.7,5432.0
8606,3617,2024-H2,3.1,5432.0
8607,3618,2023-H1,2.9,4793.0
8608,3618,2023-H2,4.0,4793.0
8609,3618,2024-H1,3.7,4793.0
8610,3618,2024-H2,3.6,4793.0
8611,3619,2023-H1,3.9,2026.0
8612,3619,2023-H2,3.6,2026.0
8613,3619,2024-H1,4.6,2026.0
8614,3619,2024-H2,4.0,2026.0
8615,3620,2023-H1,5.0,2765.0
8616,3620,2023-H2,5.0,2765.0
8617,3620,2024-H1,5.0,2765.0
8618,3620,2024-H2,4.6,2765.0
8619,3621,2024-H2,3.4,4649.0
8620,3622,2023-H1,2.3,2026.0
8621,3622,2023-H2,3.0,2026.0
8622,3622,2024-H1,2.6,2026.0
8623,3622,2024-H2,2.9,2026.0
8624,3623,2023-H1,3.0,1203.0
8625,3623,2023-H2,3.1,1203.0
8626,3623,2024-H1,2.6,1203.0
8627,3623,2024-H2,2.8,1203.0
8628,3624,2023-H1,3.0,4340.0
8629,3624,2023-H2,3.6,4340.0
8630,3624,2024-H1,2.9,4340.0
8631,3624,2024-H2,3.3,4340.0
8632,3625,2023-H1,3.3,3093.0
8633,3625,2023-H2,3.5,3093.0
8634,3625,2024-H1,2.7,3093.0
8635,3625,2024-H2,3.0,3093.0
8636,3626,2023-H1,5.0,1558.0
8637,3626,2023-H2,4.6,1558.0
8638,3626,2024-H1,4.9,1558.0
8639,3626,2024-H2,4.8,1558.0
8640,3627,2023-H1,2.4,3148.0
8641,3627,2023-H2,2.1,3148.0
8642,3627,2024-H1,2.8,3148.0
8643,3627,2024-H2,2.9,3148.0
8644,3628,2023-H1,3.4,3092.0
8645,3628,2023-H2,3.4,3092.0
8646,3628,2024-H1,3.5,3092.0
8647,3628,2024-H2,2.9,3092.0
8648,3629,2023-H1,1.7,1215.0
8649,3629,2023-H2,2.7,1215.0
8650,3629,2024-H1,1.9,1215.0
8651,3629,2024-H2,2.3,1215.0
8652,3630,2023-H1,4.0,2602.0
8653,3630,2023-H2,3.9,2602.0
8654,3630,2024-H1,3.7,2602.0
8655,3630,2024-H2,3.2,2602.0
8656,3631,2023-H1,3.5,1204.0
8657,3631,2023-H2,3.5,1204.0
8658,3631,2024-H1,2.5,1204.0
8659,3631,2024-H2,3.4,1204.0
8660,3632,2023-H2,3.8,1272.0
8661,3632,2024-H1,3.2,1272.0
8662,3633,2023-H2,4.3,4443.0
8663,3633,2024-H1,4.6,4443.0
8664,3633,2024-H2,4.7,4443.0
8665,3634,2023-H1,3.9,3070.0
8666,3634,2023-H2,4.3,3070.0
8667,3634,2024-H1,3.3,3070.0
8668,3634,2024-H2,3.4,3070.0
8669,3636,2023-H1,3.4,5112.0
8670,3636,2023-H2,3.2,5112.0
8671,3636,2024-H1,3.6,5112.0
8672,3636,2024-H2,3.1,5112.0
8673,3637,2023-H1,3.7,2687.0
8674,3637,2023-H2,4.4,2687.0
8675,3637,2024-H1,4.1,2687.0
8676,3637,2024-H2,5.0,2687.0
8677,3638,2023-H1,3.4,1410.0
8678,3638,2023-H2,3.3,1410.0
8679,3638,2024-H1,3.5,1410.0
8680,3638,2024-H2,3.3,1410.0
8681,3639,2023-H1,3.3,4812.0
8682,3639,2023-H2,2.9,4812.0
8683,3639,2024-H1,2.2,4812.0
8684,3639,2024-H2,2.9,4812.0
8685,3640,2023-H1,3.8,3889.0
8686,3640,2023-H2,3.0,3889.0
8687,3640,2024-H1,3.2,3889.0
8688,3640,2024-H2,3.5,3889.0
8689,3641,2024-H2,5.0,3879.0
8690,3642,2023-H1,3.5,4809.0
8691,3642,2023-H2,2.8,4809.0
8692,3642,2024-H1,2.7,4809.0
8693,3642,2024-H2,2.5,4809.0
8694,3643,2023-H1,3.1,5453.0
8695,3643,2023-H2,1.6,5453.0
8696,3643,2024-H1,2.6,5453.0
8697,3643,2024-H2,2.5,5453.0
8698,3644,2023-H1,3.0,5494.0
8699,3644,2023-H2,3.1,5494.0
8700,3644,2024-H1,3.1,5494.0
8701,3644,2024-H2,3.6,5494.0
8702,3645,2023-H1,3.5,2720.0
8703,3645,2023-H2,3.2,2720.0
8704,3645,2024-H1,4.0,2720.0
8705,3645,2024-H2,3.6,2720.0
8706,3646,2023-H1,2.4,5048.0
8707,3646,2023-H2,2.7,5048.0
8708,3646,2024-H1,2.0,5048.0
8709,3646,2024-H2,2.5,5048.0
8710,3647,2023-H1,3.5,1967.0
8711,3647,2023-H2,3.2,1967.0
8712,3647,2024-H1,3.5,1967.0
8713,3647,2024-H2,3.6,1967.0
8714,3648,2023-H1,3.1,2805.0
8715,3648,2023-H2,3.0,2805.0
8716,3648,2024-H1,3.6,2805.0
8717,3648,2024-H2,2.7,2805.0
8718,3649,2023-H1,2.7,1900.0
8719,3649,2023-H2,2.7,1900.0
8720,3649,2024-H1,2.6,1900.0
8721,3649,2024-H2,3.4,1900.0
8722,3650,2023-H1,4.1,2002.0
8723,3650,2023-H2,3.1,2002.0
8724,3650,2024-H1,3.8,2002.0
8725,3650,2024-H2,3.8,2002.0
8726,3651,2023-H1,4.3,4255.0
8727,3651,2023-H2,4.5,4255.0
8728,3651,2024-H1,5.0,4255.0
8729,3651,2024-H2,4.5,4255.0
8730,3652,2023-H1,3.4,3176.0
8731,3652,2023-H2,3.5,3176.0
8732,3652,2024-H1,3.6,3176.0
8733,3652,2024-H2,3.8,3176.0
8734,3653,2023-H1,4.5,3519.0
8735,3653,2023-H2,4.1,3519.0
8736,3653,2024-H1,4.7,3519.0
8737,3653,2024-H2,4.7,3519.0
8738,3654,2023-H2,3.2,2808.0
8739,3654,2024-H1,3.7,2808.0
8740,3654,2024-H2,3.2,2808.0
8741,3655,2024-H2,2.4,5322.0
8742,3656,2023-H1,2.9,2448.0
8743,3656,2023-H2,3.8,2448.0
8744,3656,2024-H1,3.3,2448.0
8745,3656,2024-H2,3.6,2448.0
8746,3657,2023-H1,4.1,3019.0
8747,3657,2023-H2,3.4,3019.0
8748,3657,2024-H1,3.5,3019.0
8749,3657,2024-H2,3.4,3019.0
8750,3658,2023-H1,3.6,1068.0
8751,3658,2023-H2,3.3,1068.0
8752,3658,2024-H1,3.4,1068.0
8753,3658,2024-H2,3.6,1068.0
8754,3659,2023-H1,3.8,1538.0
8755,3659,2023-H2,3.0,1538.0
8756,3659,2024-H1,3.4,1538.0
8757,3659,2024-H2,3.3,1538.0
8758,3660,2023-H1,4.4,3257.0
8759,3660,2023-H2,4.7,3257.0
8760,3660,2024-H1,5.0,3257.0
8761,3660,2024-H2,4.9,3257.0
8762,3661,2023-H1,3.5,4670.0
8763,3661,2023-H2,3.6,4670.0
8764,3661,2024-H1,3.1,4670.0
8765,3661,2024-H2,4.0,4670.0
8766,3662,2023-H2,2.3,2642.0
8767,3662,2024-H1,2.5,2642.0
8768,3663,2023-H1,1.9,4846.0
8769,3663,2023-H2,2.8,4846.0
8770,3663,2024-H1,2.8,4846.0
8771,3663,2024-H2,1.9,4846.0
8772,3664,2023-H1,1.6,3303.0
8773,3664,2023-H2,2.3,3303.0
8774,3664,2024-H1,2.0,3303.0
8775,3664,2024-H2,2.5,3303.0
8776,3665,2023-H1,4.7,5332.0
8777,3665,2023-H2,4.3,5332.0
8778,3665,2024-H1,4.0,5332.0
8779,3665,2024-H2,4.1,5332.0
8780,3668,2024-H1,3.0,1518.0
8781,3670,2023-H1,3.5,4162.0
8782,3670,2023-H2,3.4,4162.0
8783,3670,2024-H1,3.6,4162.0
8784,3670,2024-H2,3.2,4162.0
8785,3671,2023-H2,2.3,2481.0
8786,3671,2024-H1,2.6,2481.0
8787,3671,2024-H2,3.4,2481.0
8788,3672,2024-H2,3.8,
8789,3673,2023-H1,3.7,2243.0
8790,3673,2023-H2,3.2,2243.0
8791,3673,2024-H1,3.7,2243.0
8792,3673,2024-H2,3.0,2243.0
8793,3674,2023-H1,3.7,1478.0
8794,3674,2023-H2,3.0,1478.0
8795,3674,2024-H1,2.9,1478.0
8796,3674,2024-H2,3.3,1478.0
8797,3676,2023-H2,3.2,2858.0
8798,3676,2024-H1,2.5,2858.0
8799,3677,2023-H1,1.6,2951.0
8800,3677,2023-H2,2.6,2951.0
8801,3677,2024-H1,2.6,2951.0
8802,3677,2024-H2,3.0,2951.0
8803,3678,2023-H2,4.6,4946.0
8804,3678,2024-H1,4.6,4946.0
8805,3678,2024-H2,4.2,4946.0
8806,3679,2023-H1,3.9,2602.0
8807,3680,2023-H2,2.0,4976.0
8808,3680,2024-H1,2.0,4976.0
8809,3680,2024-H2,2.1,4976.0
8810,3681,2023-H1,4.7,1978.0
8811,3681,2023-H2,4.3,1978.0
8812,3681,2024-H1,4.8,1978.0
8813,3681,2024-H2,4.8,1978.0
8814,3682,2024-H1,4.1,4908.0
8815,3682,2024-H2,4.5,4908.0
8816,3683,2023-H1,3.9,3037.0
8817,3683,2023-H2,4.0,3037.0
8818,3683,2024-H1,4.4,3037.0
8819,3683,2024-H2,3.6,3037.0
8820,3684,2023-H1,3.2,4127.0
8821,3684,2023-H2,3.2,4127.0
8822,3684,2024-H1,3.6,4127.0
8823,3684,2024-H2,2.8,4127.0
8824,3685,2023-H1,3.2,3789.0
8825,3685,2023-H2,3.5,3789.0
8826,3685,2024-H1,3.2,3789.0
8827,3685,2024-H2,2.8,3789.0
8828,3687,2023-H1,2.0,1981.0
8829,3687,2023-H2,2.0,1981.0
8830,3687,2024-H1,1.8,1981.0
8831,3687,2024-H2,2.5,1981.0
8832,3688,2023-H2,3.4,2610.0
8833,3688,2024-H1,3.7,2610.0
8834,3688,2024-H2,3.7,2610.0
8835,3689,2023-H1,3.2,2495.0
8836,3689,2023-H2,3.1,2495.0
8837,3689,2024-H1,3.9,2495.0
8838,3689,2024-H2,2.8,2495.0
8839,3690,2023-H1,3.1,4884.0
8840,3690,2023-H2,3.3,4884.0
8841,3690,2024-H1,3.4,4884.0
8842,3690,2024-H2,3.2,4884.0
8843,3691,2023-H1,3.0,1747.0
8844,3691,2023-H2,2.5,1747.0
8845,3691,2024-H1,2.2,1747.0
8846,3691,2024-H2,2.7,1747.0
8847,3692,2023-H1,2.9,3798.0
8848,3692,2023-H2,3.2,3798.0
8849,3692,2024-H1,3.1,3798.0
8850,3692,2024-H2,3.2,3798.0
8851,3693,2023-H1,3.2,2101.0
8852,3693,2023-H2,3.1,2101.0
8853,3693,2024-H1,3.9,2101.0
8854,3693,2024-H2,3.0,2101.0
8855,3694,2023-H1,4.0,1528.0
8856,3694,2023-H2,4.4,1528.0
8857,3694,2024-H1,4.0,1528.0
8858,3694,2024-H2,4.2,1528.0
8859,3696,2023-H1,4.0,3292.0
8860,3696,2023-H2,2.6,3292.0
8861,3696,2024-H1,3.9,3292.0
8862,3696,2024-H2,3.8,3292.0
8863,3697,2023-H1,3.2,2954.0
8864,3697,2023-H2,3.0,2954.0
8865,3697,2024-H1,3.3,2954.0
8866,3697,2024-H2,3.7,2954.0
8867,3698,2023-H1,2.4,4441.0
8868,3698,2023-H2,2.3,4441.0
8869,3698,2024-H1,2.5,4441.0
8870,3698,2024-H2,2.2,4441.0
8871,3699,2023-H2,3.4,1048.0
8872,3699,2024-H1,3.2,1048.0
8873,3699,2024-H2,3.2,1048.0
8874,3701,2023-H1,3.6,1538.0
8875,3701,2023-H2,4.3,1538.0
8876,3701,2024-H1,3.8,1538.0
8877,3701,2024-H2,4.5,1538.0
8878,3702,2024-H2,4.2,3562.0
8879,3703,2023-H1,1.7,4128.0
8880,3703,2023-H2,2.2,4128.0
8881,3703,2024-H1,2.2,4128.0
8882,3703,2024-H2,2.2,4128.0
8883,3704,2023-H1,2.8,3335.0
8884,3704,2023-H2,2.9,3335.0
8885,3704,2024-H1,2.8,3335.0
8886,3704,2024-H2,2.6,3335.0
8887,3705,2023-H1,3.3,3571.0
8888,3705,2023-H2,4.2,3571.0
8889,3705,2024-H1,3.3,3571.0
8890,3705,2024-H2,4.5,3571.0
8891,3706,2023-H1,4.9,3790.0
8892,3706,2023-H2,4.9,3790.0
8893,3706,2024-H1,4.7,3790.0
8894,3706,2024-H2,4.4,3790.0
8895,3707,2024-H2,3.3,4216.0
8896,3708,2024-H1,3.1,3433.0
8897,3709,2023-H1,4.4,2300.0
8898,3709,2023-H2,4.0,2300.0
8899,3709,2024-H1,3.8,2300.0
8900,3709,2024-H2,3.9,2300.0
8901,3710,2023-H2,3.9,2876.0
8902,3710,2024-H1,4.1,2876.0
8903,3711,2024-H1,5.0,2791.0
8904,3711,2024-H2,4.3,2791.0
8905,3712,2023-H1,3.8,1538.0
8906,3712,2023-H2,4.8,1538.0
8907,3713,2023-H1,4.7,3794.0
8908,3713,2023-H2,5.0,3794.0
8909,3713,2024-H1,3.9,3794.0
8910,3713,2024-H2,5.0,3794.0
8911,3714,2023-H1,4.0,4135.0
8912,3714,2023-H2,4.0,4135.0
8913,3714,2024-H1,3.7,4135.0
8914,3714,2024-H2,4.3,4135.0
8915,3715,2023-H1,3.7,4975.0
8916,3715,2023-H2,3.8,4975.0
8917,3715,2024-H1,3.0,4975.0
8918,3715,2024-H2,3.3,4975.0
8919,3716,2023-H1,4.8,5393.0
8920,3716,2023-H2,4.9,5393.0
8921,3716,2024-H1,5.0,5393.0
8922,3716,2024-H2,4.2,5393.0
8923,3717,2023-H1,4.1,1148.0
8924,3717,2023-H2,5.0,1148.0
8925,3717,2024-H1,4.3,1148.0
8926,3717,2024-H2,4.2,1148.0
8927,3718,2023-H1,3.3,1055.0
8928,3718,2023-H2,4.9,1055.0
8929,3718,2024-H1,3.9,1055.0
8930,3718,2024-H2,4.5,1055.0
8931,3719,2023-H1,4.9,4107.0
8932,3719,2023-H2,5.0,4107.0
8933,3719,2024-H1,5.0,4107.0
8934,3719,2024-H2,4.5,4107.0
8935,3720,2023-H1,2.8,3383.0
8936,3720,2023-H2,3.0,3383.0
8937,3720,2024-H1,2.7,3383.0
8938,3720,2024-H2,2.2,3383.0
8939,3721,2023-H1,3.6,4711.0
8940,3721,2023-H2,3.3,4711.0
8941,3721,2024-H1,3.4,4711.0
8942,3721,2024-H2,3.8,4711.0
8943,3722,2023-H1,2.3,1588.0
8944,3722,2023-H2,2.5,1588.0
8945,3722,2024-H1,2.7,1588.0
8946,3722,2024-H2,3.7,1588.0
8947,3723,2023-H1,5.0,3221.0
8948,3723,2023-H2,4.8,3221.0
8949,3723,2024-H1,5.0,3221.0
8950,3723,2024-H2,5.0,3221.0
8951,3724,2023-H2,2.6,4925.0
8952,3724,2024-H1,3.6,4925.0
8953,3724,2024-H2,3.0,4925.0
8954,3725,2023-H1,2.2,1664.0
8955,3725,2023-H2,2.4,1664.0
8956,3725,2024-H1,2.6,1664.0
8957,3725,2024-H2,1.8,1664.0
8958,3727,2024-H1,3.0,3284.0
8959,3727,2024-H2,1.9,3284.0
8960,3728,2023-H1,2.5,5154.0
8961,3728,2023-H2,2.9,5154.0
8962,3728,2024-H1,2.6,5154.0
8963,3728,2024-H2,2.7,5154.0
8964,3729,2023-H1,4.3,1760.0
8965,3729,2023-H2,3.8,1760.0
8966,3729,2024-H1,4.7,1760.0
8967,3729,2024-H2,4.0,1760.0
8968,3730,2023-H1,2.8,2719.0
8969,3730,2023-H2,3.0,2719.0
8970,3730,2024-H1,3.1,2719.0
8971,3730,2024-H2,3.1,2719.0
8972,3731,2023-H1,3.6,4229.0
8973,3731,2023-H2,3.2,4229.0
8974,3731,2024-H1,2.8,4229.0
8975,3731,2024-H2,3.1,4229.0
8976,3732,2023-H2,4.6,2349.0
8977,3732,2024-H1,4.6,2349.0
8978,3732,2024-H2,4.4,2349.0
8979,3733,2023-H2,3.9,5375.0
8980,3733,2024-H1,4.6,5375.0
8981,3733,2024-H2,4.2,5375.0
8982,3734,2023-H1,3.1,4982.0
8983,3734,2023-H2,3.1,4982.0
8984,3735,2024-H1,2.5,2331.0
8985,3736,2023-H1,2.9,5224.0
8986,3736,2023-H2,2.8,5224.0
8987,3736,2024-H1,2.9,5224.0
8988,3736,2024-H2,3.3,5224.0
8989,3737,2024-H2,2.3,1912.0
8990,3738,2023-H1,3.4,3573.0
8991,3738,2023-H2,2.9,3573.0
8992,3738,2024-H1,3.9,3573.0
8993,3738,2024-H2,3.9,3573.0
8994,3739,2023-H1,4.4,1272.0
8995,3739,2023-H2,4.4,1272.0
8996,3739,2024-H1,4.4,1272.0
8997,3739,2024-H2,4.7,1272.0
8998,3740,2023-H1,3.2,5154.0
8999,3740,2023-H2,3.4,5154.0
9000,3740,2024-H1,3.6,5154.0
9001,3740,2024-H2,3.9,5154.0
9002,3741,2023-H1,3.8,4643.0
9003,3741,2023-H2,3.8,4643.0
9004,3741,2024-H1,3.4,4643.0
9005,3741,2024-H2,3.9,4643.0
9006,3742,2023-H1,4.4,1024.0
9007,3742,2023-H2,3.7,1024.0
9008,3742,2024-H1,3.3,1024.0
9009,3742,2024-H2,4.2,1024.0
9010,3743,2024-H1,4.8,2101.0
9011,3743,2024-H2,4.2,2101.0
9012,3744,2024-H2,3.2,2562.0
9013,3745,2023-H1,4.3,4530.0
9014,3745,2023-H2,3.5,4530.0
9015,3745,2024-H1,4.4,4530.0
9016,3745,2024-H2,3.0,4530.0
9017,3746,2023-H1,2.2,3672.0
9018,3746,2023-H2,2.6,3672.0
9019,3746,2024-H1,1.9,3672.0
9020,3746,2024-H2,2.3,3672.0
9021,3747,2023-H1,3.8,2718.0
9022,3747,2023-H2,3.3,2718.0
9023,3747,2024-H1,3.1,2718.0
9024,3747,2024-H2,3.1,2718.0
9025,3748,2023-H1,2.5,2376.0
9026,3748,2023-H2,2.8,2376.0
9027,3748,2024-H1,3.6,2376.0
9028,3748,2024-H2,3.0,2376.0
9029,3749,2023-H1,4.2,2408.0
9030,3749,2023-H2,3.9,2408.0
9031,3749,2024-H1,3.8,2408.0
9032,3749,2024-H2,3.2,2408.0
9033,3750,2023-H1,4.1,4506.0
9034,3750,2023-H2,4.1,4506.0
9035,3750,2024-H1,4.8,4506.0
9036,3750,2024-H2,3.9,4506.0
9037,3751,2023-H1,3.8,2592.0
9038,3751,2023-H2,3.2,2592.0
9039,3751,2024-H1,3.4,2592.0
9040,3751,2024-H2,3.4,2592.0
9041,3752,2023-H1,4.8,1119.0
9042,3752,2023-H2,5.0,1119.0
9043,3752,2024-H1,4.9,1119.0
9044,3752,2024-H2,5.0,1119.0
9045,3753,2023-H1,3.8,3922.0
9046,3753,2023-H2,3.2,3922.0
9047,3753,2024-H1,3.4,3922.0
9048,3753,2024-H2,3.7,3922.0
9049,3754,2023-H1,2.2,1137.0
9050,3754,2023-H2,2.2,1137.0
9051,3754,2024-H1,2.1,1137.0
9052,3754,2024-H2,2.1,1137.0
9053,3755,2023-H2,3.8,4398.0
9054,3755,2024-H1,3.5,4398.0
9055,3755,2024-H2,3.1,4398.0
9056,3756,2023-H1,3.5,3014.0
9057,3756,2023-H2,3.8,3014.0
9058,3756,2024-H1,4.2,3014.0
9059,3756,2024-H2,3.8,3014.0
9060,3758,2023-H1,3.8,4278.0
9061,3758,2023-H2,3.9,4278.0
9062,3758,2024-H1,3.4,4278.0
9063,3758,2024-H2,3.2,4278.0
9064,3759,2023-H1,3.9,2999.0
9065,3759,2023-H2,3.5,2999.0
9066,3759,2024-H1,3.8,2999.0
9067,3759,2024-H2,3.7,2999.0
9068,3760,2023-H2,2.1,4468.0
9069,3760,2024-H1,1.5,4468.0
9070,3761,2023-H1,3.4,1562.0
9071,3761,2023-H2,3.1,1562.0
9072,3761,2024-H1,3.1,1562.0
9073,3761,2024-H2,2.3,1562.0
9074,3763,2023-H1,2.2,5379.0
9075,3763,2023-H2,3.1,5379.0
9076,3763,2024-H1,1.4,5379.0
9077,3763,2024-H2,2.7,5379.0
9078,3765,2023-H1,4.8,1402.0
9079,3765,2023-H2,4.2,1402.0
9080,3765,2024-H1,4.4,1402.0
9081,3765,2024-H2,4.8,1402.0
9082,3766,2023-H1,3.4,4164.0
9083,3766,2023-H2,3.4,4164.0
9084,3766,2024-H1,2.8,4164.0
9085,3766,2024-H2,3.4,4164.0
9086,3767,2023-H1,1.9,4015.0
9087,3767,2023-H2,2.0,4015.0
9088,3767,2024-H1,1.8,4015.0
9089,3767,2024-H2,1.9,4015.0
9090,3768,2023-H1,3.6,2219.0
9091,3768,2023-H2,3.6,2219.0
9092,3768,2024-H1,3.7,2219.0
9093,3768,2024-H2,3.9,2219.0
9094,3769,2023-H1,4.6,2697.0
9095,3769,2023-H2,5.0,2697.0
9096,3769,2024-H1,5.0,2697.0
9097,3769,2024-H2,4.3,2697.0
9098,3770,2024-H1,2.6,3603.0
9099,3770,2024-H2,3.4,3603.0
9100,3771,2024-H2,3.6,1701.0
9101,3772,2024-H1,3.7,3009.0
9102,3772,2024-H2,3.4,3009.0
9103,3773,2023-H1,4.5,2800.0
9104,3773,2023-H2,5.0,2800.0
9105,3773,2024-H1,4.5,2800.0
9106,3773,2024-H2,4.9,2800.0
9107,3774,2023-H1,4.0,3782.0
9108,3774,2023-H2,3.7,3782.0
9109,3774,2024-H1,4.1,3782.0
9110,3774,2024-H2,3.7,3782.0
9111,3775,2024-H2,3.3,4314.0
9112,3776,2023-H1,2.8,3917.0
9113,3776,2023-H2,3.2,3917.0
9114,3776,2024-H1,2.1,3917.0
9115,3776,2024-H2,2.0,3917.0
9116,3777,2023-H1,3.8,3327.0
9117,3777,2023-H2,3.9,3327.0
9118,3777,2024-H1,4.3,3327.0
9119,3777,2024-H2,3.7,3327.0
9120,3778,2023-H1,3.2,2917.0
9121,3778,2023-H2,2.8,2917.0
9122,3778,2024-H1,3.0,2917.0
9123,3778,2024-H2,3.1,2917.0
9124,3779,2023-H1,3.5,2917.0
9125,3779,2023-H2,3.4,2917.0
9126,3779,2024-H1,3.1,2917.0
9127,3779,2024-H2,2.9,2917.0
9128,3780,2023-H1,3.5,3644.0
9129,3780,2023-H2,3.0,3644.0
9130,3780,2024-H1,3.2,3644.0
9131,3780,2024-H2,2.9,3644.0
9132,3781,2023-H1,5.0,2140.0
9133,3781,2023-H2,4.9,2140.0
9134,3781,2024-H1,5.0,2140.0
9135,3781,2024-H2,5.0,2140.0
9136,3782,2023-H1,4.6,2495.0
9137,3782,2023-H2,4.8,2495.0
9138,3782,2024-H1,4.7,2495.0
9139,3782,2024-H2,4.7,2495.0
9140,3783,2023-H1,2.9,3599.0
9141,3783,2023-H2,2.7,3599.0
9142,3783,2024-H1,3.0,3599.0
9143,3783,2024-H2,2.1,3599.0
9144,3784,2023-H1,4.2,3794.0
9145,3784,2023-H2,4.4,3794.0
9146,3784,2024-H1,4.6,3794.0
9147,3784,2024-H2,4.3,3794.0
9148,3785,2023-H1,3.6,1049.0
9149,3785,2023-H2,3.3,1049.0
9150,3785,2024-H1,3.4,1049.0
9151,3785,2024-H2,3.2,1049.0
9152,3786,2023-H1,3.9,2259.0
9153,3786,2023-H2,4.1,2259.0
9154,3786,2024-H1,4.0,2259.0
9155,3786,2024-H2,4.6,2259.0
9156,3787,2023-H1,4.3,1178.0
9157,3787,2023-H2,3.3,1178.0
9158,3787,2024-H1,3.7,1178.0
9159,3787,2024-H2,4.6,1178.0
9160,3788,2023-H1,3.9,4098.0
9161,3788,2023-H2,3.0,4098.0
9162,3788,2024-H1,3.1,4098.0
9163,3788,2024-H2,3.4,4098.0
9164,3789,2023-H1,4.5,2896.0
9165,3789,2023-H2,4.1,2896.0
9166,3789,2024-H1,4.5,2896.0
9167,3789,2024-H2,3.7,2896.0
9168,3790,2023-H1,2.5,4469.0
9169,3791,2023-H1,2.7,1276.0
9170,3791,2023-H2,2.8,1276.0
9171,3791,2024-H1,2.3,1276.0
9172,3791,2024-H2,2.6,1276.0
9173,3793,2023-H1,2.9,2732.0
9174,3793,2023-H2,3.4,2732.0
9175,3793,2024-H1,2.9,2732.0
9176,3793,2024-H2,3.1,2732.0
9177,3795,2024-H1,2.4,1884.0
9178,3795,2024-H2,2.9,1884.0
9179,3797,2023-H1,3.7,4316.0
9180,3797,2023-H2,4.1,4316.0
9181,3797,2024-H1,4.8,4316.0
9182,3797,2024-H2,4.1,4316.0
9183,3798,2023-H1,2.3,
9184,3798,2023-H2,2.1,
9185,3798,2024-H1,2.5,
9186,3798,2024-H2,2.6,
9187,3799,2023-H1,3.6,2979.0
9188,3799,2023-H2,3.3,2979.0
9189,3799,2024-H1,3.1,2979.0
9190,3799,2024-H2,3.2,2979.0
9191,3800,2023-H2,3.1,3648.0
9192,3800,2024-H1,3.8,3648.0
9193,3800,2024-H2,3.3,3648.0
9194,3801,2023-H1,1.9,1043.0
9195,3801,2023-H2,2.0,1043.0
9196,3801,2024-H1,2.0,1043.0
9197,3801,2024-H2,2.3,1043.0
9198,3802,2023-H1,4.2,2988.0
9199,3802,2023-H2,3.9,2988.0
9200,3802,2024-H1,4.1,2988.0
9201,3802,2024-H2,3.8,2988.0
9202,3803,2023-H1,2.6,1020.0
9203,3803,2023-H2,3.0,1020.0
9204,3803,2024-H1,2.6,1020.0
9205,3803,2024-H2,2.7,1020.0
9206,3804,2023-H1,3.8,1459.0
9207,3804,2023-H2,4.6,1459.0
9208,3804,2024-H1,3.8,1459.0
9209,3804,2024-H2,3.4,1459.0
9210,3805,2023-H1,3.6,4519.0
9211,3805,2023-H2,2.8,4519.0
9212,3805,2024-H1,2.4,4519.0
9213,3805,2024-H2,4.4,4519.0
9214,3806,2023-H1,2.8,4049.0
9215,3806,2023-H2,3.2,4049.0
9216,3806,2024-H1,2.6,4049.0
9217,3806,2024-H2,3.0,4049.0
9218,3807,2023-H1,3.4,3091.0
9219,3807,2023-H2,3.8,3091.0
9220,3807,2024-H1,4.1,3091.0
9221,3807,2024-H2,3.0,3091.0
9222,3808,2023-H1,3.8,3997.0
9223,3808,2023-H2,4.4,3997.0
9224,3808,2024-H1,3.8,3997.0
9225,3808,2024-H2,3.8,3997.0
9226,3809,2023-H1,3.4,3378.0
9227,3809,2023-H2,3.6,3378.0
9228,3809,2024-H1,4.0,3378.0
9229,3809,2024-H2,3.1,3378.0
9230,3810,2023-H1,3.5,1065.0
9231,3810,2023-H2,3.8,1065.0
9232,3810,2024-H1,4.2,1065.0
9233,3810,2024-H2,4.4,1065.0
9234,3811,2023-H2,3.6,4809.0
9235,3811,2024-H1,4.3,4809.0
9236,3811,2024-H2,3.1,4809.0
9237,3812,2023-H1,2.8,3045.0
9238,3812,2023-H2,3.0,3045.0
9239,3813,2023-H1,3.9,1794.0
9240,3814,2023-H1,2.9,1282.0
9241,3814,2023-H2,3.4,1282.0
9242,3814,2024-H1,3.1,1282.0
9243,3814,2024-H2,3.7,1282.0
9244,3815,2023-H1,3.3,3828.0
9245,3815,2023-H2,3.3,3828.0
9246,3815,2024-H1,3.1,3828.0
9247,3815,2024-H2,3.1,3828.0
9248,3816,2023-H1,2.4,1882.0
9249,3816,2023-H2,2.8,1882.0
9250,3816,2024-H1,2.2,1882.0
9251,3816,2024-H2,1.7,1882.0
9252,3817,2024-H1,3.6,1830.0
9253,3817,2024-H2,3.7,1830.0
9254,3818,2023-H1,3.8,1020.0
9255,3818,2023-H2,3.9,1020.0
9256,3818,2024-H1,3.6,1020.0
9257,3818,2024-H2,3.8,1020.0
9258,3819,2024-H2,3.5,5011.0
9259,3820,2023-H1,2.9,5318.0
9260,3820,2023-H2,3.2,5318.0
9261,3820,2024-H1,3.6,5318.0
9262,3820,2024-H2,3.8,5318.0
9263,3821,2023-H1,3.2,2140.0
9264,3821,2023-H2,2.6,2140.0
9265,3821,2024-H1,4.2,2140.0
9266,3821,2024-H2,3.9,2140.0
9267,3822,2023-H1,2.9,2803.0
9268,3822,2023-H2,2.9,2803.0
9269,3822,2024-H1,3.1,2803.0
9270,3822,2024-H2,2.7,2803.0
9271,3824,2024-H2,3.0,2566.0
9272,3825,2023-H1,2.9,1288.0
9273,3825,2023-H2,3.2,1288.0
9274,3825,2024-H1,3.2,1288.0
9275,3825,2024-H2,2.8,1288.0
9276,3826,2023-H1,3.3,1255.0
9277,3826,2023-H2,4.3,1255.0
9278,3826,2024-H1,3.3,1255.0
9279,3826,2024-H2,4.2,1255.0
9280,3827,2023-H1,4.6,4127.0
9281,3827,2023-H2,4.3,4127.0
9282,3827,2024-H1,4.3,4127.0
9283,3827,2024-H2,4.1,4127.0
9284,3828,2023-H1,3.9,4846.0
9285,3828,2023-H2,4.0,4846.0
9286,3828,2024-H1,4.2,4846.0
9287,3828,2024-H2,3.7,4846.0
9288,3829,2023-H1,2.7,4427.0
9289,3829,2023-H2,3.3,4427.0
9290,3829,2024-H1,3.2,4427.0
9291,3829,2024-H2,3.3,4427.0
9292,3830,2023-H1,4.3,4116.0
9293,3830,2023-H2,4.1,4116.0
9294,3830,2024-H1,4.1,4116.0
9295,3830,2024-H2,3.5,4116.0
9296,3831,2023-H1,3.0,4731.0
9297,3831,2023-H2,2.6,4731.0
9298,3831,2024-H1,2.8,4731.0
9299,3831,2024-H2,2.9,4731.0
9300,3832,2023-H1,4.1,2762.0
9301,3832,2023-H2,4.2,2762.0
9302,3832,2024-H1,3.9,2762.0
9303,3832,2024-H2,3.7,2762.0
9304,3833,2023-H1,3.2,5351.0
9305,3833,2023-H2,3.4,5351.0
9306,3833,2024-H1,3.0,5351.0
9307,3833,2024-H2,3.9,5351.0
9308,3834,2023-H1,3.5,4330.0
9309,3834,2023-H2,2.8,4330.0
9310,3834,2024-H1,4.0,4330.0
9311,3834,2024-H2,2.8,4330.0
9312,3835,2024-H2,2.1,4828.0
9313,3836,2023-H1,5.0,1310.0
9314,3836,2023-H2,3.8,1310.0
9315,3836,2024-H1,3.7,1310.0
9316,3836,2024-H2,3.4,1310.0
9317,3837,2023-H1,1.7,2989.0
9318,3837,2023-H2,2.2,2989.0
9319,3837,2024-H1,1.5,2989.0
9320,3837,2024-H2,1.4,2989.0
9321,3838,2023-H1,3.1,1786.0
9322,3838,2023-H2,2.3,1786.0
9323,3838,2024-H1,2.6,1786.0
9324,3838,2024-H2,2.7,1786.0
9325,3839,2023-H1,2.0,2258.0
9326,3839,2023-H2,2.8,2258.0
9327,3839,2024-H1,2.7,2258.0
9328,3839,2024-H2,2.8,2258.0
9329,3840,2023-H1,4.5,4851.0
9330,3840,2023-H2,4.6,4851.0
9331,3840,2024-H1,4.0,4851.0
9332,3840,2024-H2,5.0,4851.0
9333,3841,2023-H1,3.4,4239.0
9334,3841,2023-H2,3.2,4239.0
9335,3841,2024-H1,3.1,4239.0
9336,3841,2024-H2,3.2,4239.0
9337,3842,2023-H1,3.1,2012.0
9338,3842,2023-H2,3.4,2012.0
9339,3842,2024-H1,3.1,2012.0
9340,3842,2024-H2,3.5,2012.0
9341,3843,2023-H1,4.5,1698.0
9342,3844,2023-H1,2.0,2255.0
9343,3844,2023-H2,3.1,2255.0
9344,3844,2024-H1,2.9,2255.0
9345,3844,2024-H2,3.0,2255.0
9346,3845,2023-H1,4.1,1205.0
9347,3845,2023-H2,4.3,1205.0
9348,3845,2024-H1,4.2,1205.0
9349,3845,2024-H2,4.3,1205.0
9350,3846,2023-H1,2.3,2182.0
9351,3846,2023-H2,2.1,2182.0
9352,3846,2024-H1,3.2,2182.0
9353,3846,2024-H2,2.6,2182.0
9354,3847,2023-H1,3.3,5057.0
9355,3847,2023-H2,3.4,5057.0
9356,3847,2024-H1,3.4,5057.0
9357,3847,2024-H2,3.5,5057.0
9358,3848,2023-H1,4.1,5473.0
9359,3848,2023-H2,4.2,5473.0
9360,3848,2024-H1,3.0,5473.0
9361,3848,2024-H2,4.0,5473.0
9362,3850,2023-H1,4.4,1794.0
9363,3850,2023-H2,3.9,1794.0
9364,3850,2024-H1,4.0,1794.0
9365,3850,2024-H2,2.9,1794.0
9366,3851,2023-H1,4.3,4164.0
9367,3851,2023-H2,4.8,4164.0
9368,3851,2024-H1,4.1,4164.0
9369,3851,2024-H2,4.0,4164.0
9370,3852,2024-H2,2.1,4366.0
9371,3853,2023-H1,3.6,3573.0
9372,3853,2023-H2,3.3,3573.0
9373,3853,2024-H1,3.7,3573.0
9374,3853,2024-H2,4.0,3573.0
9375,3854,2023-H1,2.8,2433.0
9376,3854,2023-H2,3.3,2433.0
9377,3854,2024-H1,2.9,2433.0
9378,3854,2024-H2,3.2,2433.0
9379,3855,2023-H1,2.8,5171.0
9380,3855,2023-H2,3.4,5171.0
9381,3855,2024-H1,2.4,5171.0
9382,3855,2024-H2,2.9,5171.0
9383,3856,2023-H1,3.0,3621.0
9384,3856,2023-H2,2.0,3621.0
9385,3856,2024-H1,2.7,3621.0
9386,3856,2024-H2,2.2,3621.0
9387,3857,2023-H1,3.5,3596.0
9388,3857,2023-H2,3.9,3596.0
9389,3857,2024-H1,4.2,3596.0
9390,3857,2024-H2,3.7,3596.0
9391,3858,2023-H1,2.7,2692.0
9392,3858,2023-H2,3.4,2692.0
9393,3858,2024-H1,3.4,2692.0
9394,3858,2024-H2,3.1,2692.0
9395,3859,2023-H1,4.7,5360.0
9396,3859,2023-H2,5.0,5360.0
9397,3859,2024-H1,4.1,5360.0
9398,3859,2024-H2,5.0,5360.0
9399,3860,2023-H1,2.2,1905.0
9400,3860,2023-H2,3.0,1905.0
9401,3860,2024-H1,2.4,1905.0
9402,3860,2024-H2,2.6,1905.0
9403,3861,2023-H1,4.3,1503.0
9404,3861,2023-H2,4.4,1503.0
9405,3861,2024-H1,5.0,1503.0
9406,3861,2024-H2,5.0,1503.0
9407,3862,2023-H1,4.6,2708.0
9408,3862,2023-H2,3.7,2708.0
9409,3862,2024-H1,3.8,2708.0
9410,3862,2024-H2,3.6,2708.0
9411,3863,2023-H1,4.6,4534.0
9412,3863,2023-H2,4.7,4534.0
9413,3863,2024-H1,4.6,4534.0
9414,3863,2024-H2,4.2,4534.0
9415,3864,2023-H1,3.8,3434.0
9416,3864,2023-H2,3.5,3434.0
9417,3864,2024-H1,3.2,3434.0
9418,3864,2024-H2,3.5,3434.0
9419,3865,2023-H1,3.9,3168.0
9420,3865,2023-H2,4.8,3168.0
9421,3865,2024-H1,4.3,3168.0
9422,3865,2024-H2,4.2,3168.0
9423,3866,2023-H1,2.3,2092.0
9424,3866,2023-H2,3.1,2092.0
9425,3866,2024-H1,2.5,2092.0
9426,3866,2024-H2,3.1,2092.0
9427,3867,2023-H2,5.0,2736.0
9428,3867,2024-H1,4.5,2736.0
9429,3868,2023-H1,4.8,1357.0
9430,3868,2023-H2,4.1,1357.0
9431,3868,2024-H1,5.0,1357.0
9432,3868,2024-H2,5.0,1357.0
9433,3869,2023-H1,3.3,2988.0
9434,3869,2023-H2,1.6,2988.0
9435,3870,2023-H1,2.9,2053.0
9436,3870,2023-H2,3.0,2053.0
9437,3870,2024-H1,3.7,2053.0
9438,3870,2024-H2,3.2,2053.0
9439,3871,2023-H1,3.6,2182.0
9440,3871,2023-H2,3.0,2182.0
9441,3871,2024-H1,2.7,2182.0
9442,3871,2024-H2,3.7,2182.0
9443,3872,2023-H1,4.4,3972.0
9444,3872,2023-H2,4.6,3972.0
9445,3872,2024-H1,4.2,3972.0
9446,3872,2024-H2,4.8,3972.0
9447,3873,2023-H1,4.4,2411.0
9448,3873,2023-H2,3.4,2411.0
9449,3873,2024-H1,4.5,2411.0
9450,3873,2024-H2,4.8,2411.0
9451,3874,2023-H1,3.5,1434.0
9452,3874,2023-H2,4.5,1434.0
9453,3874,2024-H1,4.0,1434.0
9454,3874,2024-H2,4.0,1434.0
9455,3875,2023-H1,3.0,3275.0
9456,3875,2023-H2,4.2,3275.0
9457,3875,2024-H1,3.7,3275.0
9458,3875,2024-H2,3.1,3275.0
9459,3876,2023-H1,3.0,2609.0
9460,3876,2023-H2,3.9,2609.0
9461,3877,2023-H2,3.1,2050.0
9462,3877,2024-H1,4.1,2050.0
9463,3877,2024-H2,3.1,2050.0
9464,3878,2023-H1,2.6,2504.0
9465,3878,2023-H2,3.4,2504.0
9466,3878,2024-H1,3.5,2504.0
9467,3878,2024-H2,3.1,2504.0
9468,3879,2023-H1,3.2,1830.0
9469,3879,2023-H2,2.3,1830.0
9470,3879,2024-H1,2.2,1830.0
9471,3879,2024-H2,2.8,1830.0
9472,3880,2023-H1,2.7,3603.0
9473,3880,2023-H2,3.5,3603.0
9474,3880,2024-H1,3.0,3603.0
9475,3880,2024-H2,3.2,3603.0
9476,3881,2023-H1,3.8,3356.0
9477,3881,2023-H2,4.3,3356.0
9478,3881,2024-H1,3.7,3356.0
9479,3881,2024-H2,3.9,3356.0
9480,3882,2023-H1,3.5,1525.0
9481,3882,2023-H2,4.0,1525.0
9482,3882,2024-H1,4.2,1525.0
9483,3882,2024-H2,3.4,1525.0
9484,3883,2023-H1,2.5,5219.0
9485,3883,2023-H2,2.6,5219.0
9486,3883,2024-H1,2.2,5219.0
9487,3883,2024-H2,2.7,5219.0
9488,3884,2023-H1,4.3,5111.0
9489,3884,2023-H2,4.3,5111.0
9490,3884,2024-H1,4.2,5111.0
9491,3884,2024-H2,3.7,5111.0
9492,3885,2023-H1,3.5,2492.0
9493,3885,2023-H2,3.0,2492.0
9494,3885,2024-H1,3.0,2492.0
9495,3885,2024-H2,3.1,2492.0
9496,3886,2023-H1,3.0,4683.0
9497,3887,2023-H1,3.8,2828.0
9498,3887,2023-H2,4.1,2828.0
9499,3887,2024-H1,3.4,2828.0
9500,3887,2024-H2,4.2,2828.0
9501,3888,2023-H1,4.0,2411.0
9502,3888,2023-H2,3.6,2411.0
9503,3888,2024-H1,3.2,2411.0
9504,3888,2024-H2,3.7,2411.0
9505,3889,2023-H1,4.4,5380.0
9506,3889,2023-H2,4.7,5380.0
9507,3889,2024-H1,4.5,5380.0
9508,3889,2024-H2,3.8,5380.0
9509,3890,2023-H1,4.7,4005.0
9510,3890,2023-H2,4.3,4005.0
9511,3890,2024-H1,4.9,4005.0
9512,3890,2024-H2,4.7,4005.0
9513,3891,2023-H1,2.9,4497.0
9514,3891,2023-H2,3.4,4497.0
9515,3891,2024-H1,2.9,4497.0
9516,3891,2024-H2,3.8,4497.0
9517,3892,2023-H1,2.2,4394.0
9518,3892,2023-H2,1.4,4394.0
9519,3892,2024-H1,2.1,4394.0
9520,3892,2024-H2,1.8,4394.0
9521,3893,2023-H1,3.6,3247.0
9522,3893,2023-H2,3.4,3247.0
9523,3893,2024-H1,3.5,3247.0
9524,3893,2024-H2,2.7,3247.0
9525,3894,2023-H1,3.3,4508.0
9526,3894,2023-H2,3.1,4508.0
9527,3894,2024-H1,3.4,4508.0
9528,3894,2024-H2,2.8,4508.0
9529,3895,2023-H1,4.1,1454.0
9530,3895,2023-H2,4.0,1454.0
9531,3895,2024-H1,4.2,1454.0
9532,3895,2024-H2,4.7,1454.0
9533,3896,2023-H1,4.2,3599.0
9534,3896,2023-H2,2.9,3599.0
9535,3896,2024-H1,3.4,3599.0
9536,3896,2024-H2,3.8,3599.0
9537,3897,2023-H1,4.3,1386.0
9538,3897,2023-H2,3.2,1386.0
9539,3897,2024-H1,4.5,1386.0
9540,3897,2024-H2,4.3,1386.0
9541,3898,2023-H1,4.0,2692.0
9542,3898,2023-H2,3.9,2692.0
9543,3898,2024-H1,3.1,2692.0
9544,3898,2024-H2,3.8,2692.0
9545,3899,2023-H1,3.3,1668.0
9546,3899,2023-H2,3.0,1668.0
9547,3899,2024-H1,3.4,1668.0
9548,3899,2024-H2,2.8,1668.0
9549,3901,2023-H1,4.3,4387.0
9550,3901,2023-H2,3.8,4387.0
9551,3901,2024-H1,4.3,4387.0
9552,3901,2024-H2,3.7,4387.0
9553,3902,2023-H1,2.8,4548.0
9554,3902,2023-H2,2.2,4548.0
9555,3902,2024-H1,3.3,4548.0
9556,3902,2024-H2,2.3,4548.0
9557,3903,2023-H1,3.0,1952.0
9558,3903,2023-H2,2.6,1952.0
9559,3903,2024-H1,2.6,1952.0
9560,3903,2024-H2,2.3,1952.0
9561,3904,2023-H1,3.3,3673.0
9562,3904,2023-H2,3.7,3673.0
9563,3904,2024-H1,4.2,3673.0
9564,3904,2024-H2,3.4,3673.0
9565,3905,2023-H2,3.6,2110.0
9566,3905,2024-H1,3.6,2110.0
9567,3905,2024-H2,3.6,2110.0
9568,3906,2023-H1,5.0,3442.0
9569,3906,2023-H2,5.0,3442.0
9570,3906,2024-H1,5.0,3442.0
9571,3906,2024-H2,4.2,3442.0
9572,3907,2023-H1,4.0,3227.0
9573,3907,2023-H2,4.0,3227.0
9574,3907,2024-H1,3.7,3227.0
9575,3907,2024-H2,3.8,3227.0
9576,3908,2023-H1,4.8,2884.0
9577,3908,2023-H2,4.4,2884.0
9578,3908,2024-H1,5.0,2884.0
9579,3908,2024-H2,5.0,2884.0
9580,3909,2023-H1,4.8,3818.0
9581,3909,2023-H2,4.8,3818.0
9582,3909,2024-H1,3.5,3818.0
9583,3910,2023-H2,4.1,2949.0
9584,3910,2024-H1,4.1,2949.0
9585,3911,2023-H1,3.9,1937.0
9586,3911,2023-H2,3.3,1937.0
9587,3911,2024-H1,4.1,1937.0
9588,3911,2024-H2,4.2,1937.0
9589,3912,2023-H1,4.8,2916.0
9590,3912,2023-H2,4.7,2916.0
9591,3912,2024-H1,5.0,2916.0
9592,3912,2024-H2,4.4,2916.0
9593,3913,2023-H1,4.3,2200.0
9594,3913,2023-H2,3.8,2200.0
9595,3913,2024-H1,3.9,2200.0
9596,3913,2024-H2,4.0,2200.0
9597,3914,2023-H2,3.1,2816.0
9598,3914,2024-H1,2.8,2816.0
9599,3914,2024-H2,3.1,2816.0
9600,3915,2023-H1,3.7,3828.0
9601,3915,2023-H2,3.3,3828.0
9602,3915,2024-H1,2.9,3828.0
9603,3915,2024-H2,4.0,3828.0
9604,3916,2023-H1,4.5,5322.0
9605,3916,2023-H2,4.1,5322.0
9606,3916,2024-H1,4.5,5322.0
9607,3916,2024-H2,4.1,5322.0
9608,3917,2023-H1,4.5,1068.0
9609,3917,2023-H2,4.7,1068.0
9610,3917,2024-H1,5.0,1068.0
9611,3917,2024-H2,4.9,1068.0
9612,3918,2023-H1,3.9,1574.0
9613,3918,2023-H2,3.1,1574.0
9614,3918,2024-H1,3.8,1574.0
9615,3918,2024-H2,3.4,1574.0
9616,3919,2023-H1,2.6,4206.0
9617,3919,2023-H2,2.6,4206.0
9618,3919,2024-H1,2.0,4206.0
9619,3919,2024-H2,2.2,4206.0
9620,3920,2023-H1,3.0,3642.0
9621,3920,2023-H2,2.4,3642.0
9622,3921,2023-H1,2.6,1899.0
9623,3921,2023-H2,2.5,1899.0
9624,3921,2024-H1,2.7,1899.0
9625,3921,2024-H2,1.9,1899.0
9626,3922,2023-H1,2.9,4788.0
9627,3922,2023-H2,3.3,4788.0
9628,3922,2024-H1,3.8,4788.0
9629,3922,2024-H2,3.4,4788.0
9630,3923,2023-H1,4.7,5391.0
9631,3923,2023-H2,4.5,5391.0
9632,3923,2024-H1,4.2,5391.0
9633,3923,2024-H2,4.8,5391.0
9634,3924,2023-H1,2.4,3366.0
9635,3924,2023-H2,2.8,3366.0
9636,3924,2024-H1,2.8,3366.0
9637,3924,2024-H2,3.1,3366.0
9638,3925,2023-H1,4.0,4223.0
9639,3925,2023-H2,3.3,4223.0
9640,3925,2024-H1,3.2,4223.0
9641,3925,2024-H2,3.6,4223.0
9642,3926,2023-H1,2.8,4406.0
9643,3926,2023-H2,3.2,4406.0
9644,3926,2024-H1,3.0,4406.0
9645,3926,2024-H2,4.0,4406.0
9646,3927,2023-H1,4.3,2765.0
9647,3927,2023-H2,4.0,2765.0
9648,3927,2024-H1,4.2,2765.0
9649,3927,2024-H2,3.9,2765.0
9650,3928,2023-H1,3.8,1826.0
9651,3928,2023-H2,3.7,1826.0
9652,3928,2024-H1,4.0,1826.0
9653,3928,2024-H2,3.1,1826.0
9654,3930,2023-H1,3.7,1701.0
9655,3930,2023-H2,3.4,1701.0
9656,3930,2024-H1,3.5,1701.0
9657,3930,2024-H2,3.8,1701.0
9658,3931,2023-H1,3.2,4711.0
9659,3931,2023-H2,4.0,4711.0
9660,3931,2024-H1,4.3,4711.0
9661,3931,2024-H2,4.3,4711.0
9662,3932,2023-H2,3.0,4809.0
9663,3932,2024-H1,2.5,4809.0
9664,3932,2024-H2,2.5,4809.0
9665,3933,2023-H1,4.0,4242.0
9666,3933,2023-H2,3.8,4242.0
9667,3933,2024-H1,3.4,4242.0
9668,3933,2024-H2,4.4,4242.0
9669,3934,2023-H1,3.9,1543.0
9670,3934,2023-H2,3.9,1543.0
9671,3934,2024-H1,4.5,1543.0
9672,3934,2024-H2,4.1,1543.0
9673,3935,2023-H1,2.6,3200.0
9674,3935,2023-H2,2.7,3200.0
9675,3936,2024-H1,4.5,3146.0
9676,3937,2023-H1,3.6,1279.0
9677,3937,2023-H2,3.2,1279.0
9678,3937,2024-H1,3.6,1279.0
9679,3937,2024-H2,3.8,1279.0
9680,3939,2023-H1,2.4,1134.0
9681,3939,2023-H2,3.0,1134.0
9682,3939,2024-H1,2.5,1134.0
9683,3940,2023-H1,3.9,4251.0
9684,3940,2023-H2,4.4,4251.0
9685,3940,2024-H1,3.3,4251.0
9686,3940,2024-H2,4.6,4251.0
9687,3941,2023-H1,4.7,2070.0
9688,3941,2023-H2,4.5,2070.0
9689,3941,2024-H1,4.2,2070.0
9690,3941,2024-H2,4.2,2070.0
9691,3942,2023-H1,3.0,1402.0
9692,3942,2023-H2,2.6,1402.0
9693,3942,2024-H1,3.2,1402.0
9694,3942,2024-H2,3.3,1402.0
9695,3943,2023-H1,3.7,4581.0
9696,3943,2023-H2,2.3,4581.0
9697,3943,2024-H1,2.2,4581.0
9698,3943,2024-H2,2.9,4581.0
9699,3944,2023-H1,4.2,2637.0
9700,3944,2023-H2,3.7,2637.0
9701,3944,2024-H1,3.8,2637.0
9702,3944,2024-H2,3.7,2637.0
9703,3946,2023-H1,4.4,2959.0
9704,3946,2023-H2,3.6,2959.0
9705,3946,2024-H1,4.5,2959.0
9706,3946,2024-H2,3.9,2959.0
9707,3947,2023-H1,3.7,3001.0
9708,3947,2023-H2,3.8,3001.0
9709,3947,2024-H1,4.4,3001.0
9710,3947,2024-H2,2.9,3001.0
9711,3948,2023-H1,2.8,1325.0
9712,3948,2023-H2,1.8,1325.0
9713,3948,2024-H1,2.1,1325.0
9714,3948,2024-H2,1.9,1325.0
9715,3949,2023-H1,5.0,3435.0
9716,3949,2023-H2,5.0,3435.0
9717,3949,2024-H1,5.0,3435.0
9718,3949,2024-H2,5.0,3435.0
9719,3950,2023-H1,2.9,2557.0
9720,3950,2023-H2,3.2,2557.0
9721,3950,2024-H1,3.5,2557.0
9722,3950,2024-H2,3.1,2557.0
9723,3951,2023-H1,3.1,3051.0
9724,3951,2023-H2,3.6,3051.0
9725,3951,2024-H1,3.6,3051.0
9726,3951,2024-H2,3.3,3051.0
9727,3952,2023-H1,3.5,2866.0
9728,3952,2023-H2,3.8,2866.0
9729,3952,2024-H1,4.0,2866.0
9730,3952,2024-H2,3.5,2866.0
9731,3953,2023-H1,3.5,3772.0
9732,3953,2023-H2,3.7,3772.0
9733,3953,2024-H1,4.0,3772.0
9734,3953,2024-H2,3.3,3772.0
9735,3954,2023-H1,3.5,5492.0
9736,3954,2023-H2,4.1,5492.0
9737,3954,2024-H1,3.9,5492.0
9738,3954,2024-H2,2.8,5492.0
9739,3955,2023-H2,3.5,2011.0
9740,3955,2024-H1,3.8,2011.0
9741,3956,2023-H1,4.4,2428.0
9742,3956,2023-H2,3.5,2428.0
9743,3956,2024-H1,3.3,2428.0
9744,3956,2024-H2,3.8,2428.0
9745,3957,2023-H1,2.7,1747.0
9746,3957,2023-H2,2.8,1747.0
9747,3957,2024-H1,2.9,1747.0
9748,3957,2024-H2,3.6,1747.0
9749,3958,2023-H1,3.4,5203.0
9750,3958,2023-H2,2.9,5203.0
9751,3958,2024-H1,3.1,5203.0
9752,3958,2024-H2,3.5,5203.0
9753,3959,2023-H1,3.4,5125.0
9754,3959,2023-H2,3.7,5125.0
9755,3959,2024-H1,3.8,5125.0
9756,3959,2024-H2,3.4,5125.0
9757,3960,2023-H1,4.0,1247.0
9758,3960,2023-H2,3.9,1247.0
9759,3960,2024-H1,3.0,1247.0
9760,3960,2024-H2,3.1,1247.0
9761,3961,2023-H1,2.4,3297.0
9762,3961,2023-H2,1.7,3297.0
9763,3961,2024-H1,2.6,3297.0
9764,3961,2024-H2,2.8,3297.0
9765,3962,2023-H1,4.5,3026.0
9766,3962,2023-H2,4.1,3026.0
9767,3962,2024-H1,4.0,3026.0
9768,3962,2024-H2,4.3,3026.0
9769,3963,2023-H1,1.9,3218.0
9770,3963,2023-H2,2.1,3218.0
9771,3963,2024-H1,2.8,3218.0
9772,3963,2024-H2,3.3,3218.0
9773,3965,2023-H1,3.0,4852.0
9774,3965,2023-H2,2.9,4852.0
9775,3965,2024-H1,2.0,4852.0
9776,3965,2024-H2,3.0,4852.0
9777,3966,2023-H1,4.3,3794.0
9778,3966,2023-H2,3.9,3794.0
9779,3966,2024-H1,3.0,3794.0
9780,3966,2024-H2,3.4,3794.0
9781,3967,2023-H1,4.1,2711.0
9782,3967,2023-H2,3.7,2711.0
9783,3967,2024-H1,4.0,2711.0
9784,3967,2024-H2,4.6,2711.0
9785,3968,2023-H1,2.5,3962.0
9786,3968,2023-H2,3.6,3962.0
9787,3968,2024-H1,3.1,3962.0
9788,3968,2024-H2,2.8,3962.0
9789,3969,2024-H2,4.7,4020.0
9790,3970,2023-H2,5.0,2951.0
9791,3970,2024-H1,5.0,2951.0
9792,3971,2023-H1,3.7,2828.0
9793,3971,2023-H2,3.5,2828.0
9794,3971,2024-H1,3.5,2828.0
9795,3971,2024-H2,4.0,2828.0
9796,3972,2023-H1,4.4,4012.0
9797,3972,2023-H2,4.5,4012.0
9798,3972,2024-H1,4.3,4012.0
9799,3972,2024-H2,3.6,4012.0
9800,3973,2023-H1,5.0,3279.0
9801,3973,2023-H2,5.0,3279.0
9802,3973,2024-H1,4.6,3279.0
9803,3973,2024-H2,4.8,3279.0
9804,3974,2023-H1,4.3,3709.0
9805,3974,2023-H2,4.3,3709.0
9806,3974,2024-H1,3.2,3709.0
9807,3974,2024-H2,3.5,3709.0
9808,3975,2023-H1,3.9,5396.0
9809,3975,2023-H2,3.4,5396.0
9810,3975,2024-H1,3.3,5396.0
9811,3975,2024-H2,4.4,5396.0
9812,3976,2023-H1,4.3,4863.0
9813,3976,2023-H2,4.6,4863.0
9814,3976,2024-H1,4.1,4863.0
9815,3976,2024-H2,4.4,4863.0
9816,3977,2024-H2,3.3,1706.0
9817,3978,2023-H1,3.0,3284.0
9818,3978,2023-H2,3.0,3284.0
9819,3978,2024-H1,3.0,3284.0
9820,3978,2024-H2,3.6,3284.0
9821,3979,2023-H2,2.7,1992.0
9822,3979,2024-H1,3.5,1992.0
9823,3979,2024-H2,2.4,1992.0
9824,3980,2023-H1,3.9,4331.0
9825,3980,2023-H2,3.3,4331.0
9826,3980,2024-H1,3.5,4331.0
9827,3980,2024-H2,4.6,4331.0
9828,3981,2023-H1,3.7,5466.0
9829,3981,2023-H2,3.4,5466.0
9830,3981,2024-H1,3.3,5466.0
9831,3981,2024-H2,3.5,5466.0
9832,3982,2023-H1,2.9,3672.0
9833,3982,2023-H2,3.4,3672.0
9834,3982,2024-H1,3.5,3672.0
9835,3982,2024-H2,3.8,3672.0
9836,3983,2023-H1,4.7,1204.0
9837,3983,2023-H2,4.6,1204.0
9838,3983,2024-H1,5.0,1204.0
9839,3983,2024-H2,4.0,1204.0
9840,3984,2023-H1,3.4,5082.0
9841,3984,2023-H2,3.3,5082.0
9842,3984,2024-H1,3.4,5082.0
9843,3984,2024-H2,2.8,5082.0
9844,3985,2023-H1,4.7,3615.0
9845,3985,2023-H2,4.5,3615.0
9846,3985,2024-H1,4.1,3615.0
9847,3985,2024-H2,5.0,3615.0
9848,3986,2023-H1,3.8,2414.0
9849,3986,2023-H2,3.3,2414.0
9850,3986,2024-H1,2.8,2414.0
9851,3986,2024-H2,3.3,2414.0
9852,3987,2023-H1,3.9,2337.0
9853,3987,2023-H2,4.1,2337.0
9854,3987,2024-H1,3.4,2337.0
9855,3987,2024-H2,4.1,2337.0
9856,3989,2023-H1,4.8,4994.0
9857,3989,2023-H2,4.5,4994.0
9858,3989,2024-H1,4.5,4994.0
9859,3989,2024-H2,4.4,4994.0
9860,3990,2023-H1,4.0,4400.0
9861,3990,2023-H2,4.1,4400.0
9862,3990,2024-H1,4.4,4400.0
9863,3990,2024-H2,3.7,4400.0
9864,3991,2023-H1,3.4,1417.0
9865,3991,2023-H2,4.3,1417.0
9866,3991,2024-H1,4.3,1417.0
9867,3991,2024-H2,3.5,1417.0
9868,3992,2023-H1,3.5,4954.0
9869,3992,2023-H2,3.5,4954.0
9870,3992,2024-H1,4.0,4954.0
9871,3992,2024-H2,4.2,4954.0
9872,3993,2024-H2,4.1,3468.0
9873,3995,2023-H1,3.7,1333.0
9874,3995,2023-H2,3.4,1333.0
9875,3995,2024-H1,4.4,1333.0
9876,3995,2024-H2,4.8,1333.0
9877,3996,2023-H1,3.5,3294.0
9878,3996,2023-H2,2.7,3294.0
9879,3996,2024-H1,3.5,3294.0
9880,3996,2024-H2,3.2,3294.0
9881,3997,2023-H1,4.2,4457.0
9882,3997,2023-H2,4.7,4457.0
9883,3997,2024-H1,5.0,4457.0
9884,3997,2024-H2,4.3,4457.0
9885,3998,2024-H1,3.3,3422.0
9886,3998,2024-H2,2.8,3422.0
9887,3999,2023-H1,3.9,1760.0
9888,3999,2023-H2,3.9,1760.0
9889,3999,2024-H1,3.7,1760.0
9890,3999,2024-H2,4.2,1760.0
9891,4000,2023-H1,3.0,1253.0
9892,4000,2023-H2,3.0,1253.0
9893,4000,2024-H1,3.6,1253.0
9894,4000,2024-H2,3.4,1253.0
9895,4001,2023-H1,3.1,1304.0
9896,4001,2023-H2,3.2,1304.0
9897,4001,2024-H1,3.1,1304.0
9898,4001,2024-H2,2.8,1304.0
9899,4002,2023-H1,3.4,2572.0
9900,4002,2023-H2,2.7,2572.0
9901,4002,2024-H1,3.3,2572.0
9902,4002,2024-H2,3.4,2572.0
9903,4003,2023-H1,3.4,4387.0
9904,4003,2023-H2,3.1,4387.0
9905,4003,2024-H1,3.3,4387.0
9906,4003,2024-H2,3.4,4387.0
9907,4004,2023-H1,3.8,3880.0
9908,4004,2023-H2,3.8,3880.0
9909,4004,2024-H1,2.8,3880.0
9910,4004,2024-H2,3.2,3880.0
9911,4005,2023-H1,3.9,2256.0
9912,4005,2023-H2,4.3,2256.0
9913,4005,2024-H1,4.1,2256.0
9914,4005,2024-H2,4.2,2256.0
9915,4006,2023-H1,3.2,3148.0
9916,4006,2023-H2,3.2,3148.0
9917,4006,2024-H1,3.2,3148.0
9918,4006,2024-H2,3.1,3148.0
9919,4007,2023-H1,2.0,1749.0
9920,4007,2023-H2,2.6,1749.0
9921,4007,2024-H1,1.5,1749.0
9922,4007,2024-H2,2.3,1749.0
9923,4008,2023-H1,4.9,3018.0
9924,4008,2023-H2,5.0,3018.0
9925,4008,2024-H1,4.2,3018.0
9926,4008,2024-H2,4.5,3018.0
9927,4009,2023-H1,4.2,3669.0
9928,4009,2023-H2,4.6,3669.0
9929,4009,2024-H1,4.3,3669.0
9930,4009,2024-H2,3.8,3669.0
9931,4010,2023-H1,3.4,3506.0
9932,4010,2023-H2,3.5,3506.0
9933,4010,2024-H1,3.7,3506.0
9934,4010,2024-H2,4.0,3506.0
9935,4011,2023-H1,3.0,4493.0
9936,4011,2023-H2,4.1,4493.0
9937,4011,2024-H1,3.0,4493.0
9938,4011,2024-H2,4.6,4493.0
9939,4012,2023-H1,3.3,
9940,4012,2023-H2,3.6,
9941,4012,2024-H1,3.7,
9942,4012,2024-H2,3.9,
9943,4013,2023-H1,3.5,4873.0
9944,4013,2023-H2,2.9,4873.0
9945,4013,2024-H1,4.0,4873.0
9946,4013,2024-H2,3.5,4873.0
9947,4014,2024-H1,3.8,3084.0
9948,4014,2024-H2,3.2,3084.0
9949,4015,2023-H1,3.1,1588.0
9950,4015,2023-H2,3.6,1588.0
9951,4015,2024-H1,3.5,1588.0
9952,4015,2024-H2,3.3,1588.0
9953,4016,2023-H1,4.3,2899.0
9954,4016,2023-H2,3.3,2899.0
9955,4016,2024-H1,3.6,2899.0
9956,4016,2024-H2,4.4,2899.0
9957,4017,2024-H2,2.8,4844.0
9958,4018,2023-H1,2.2,5119.0
9959,4018,2023-H2,3.5,5119.0
9960,4018,2024-H1,2.9,5119.0
9961,4018,2024-H2,2.3,5119.0
9962,4019,2023-H1,3.1,4081.0
9963,4019,2023-H2,3.4,4081.0
9964,4019,2024-H1,2.9,4081.0
9965,4019,2024-H2,2.8,4081.0
9966,4020,2023-H1,4.4,4441.0
9967,4020,2023-H2,4.8,4441.0
9968,4020,2024-H1,3.6,4441.0
9969,4020,2024-H2,5.0,4441.0
9970,4021,2024-H2,3.9,3880.0
9971,4022,2023-H1,4.7,1478.0
9972,4022,2023-H2,4.3,1478.0
9973,4022,2024-H1,5.0,1478.0
9974,4022,2024-H2,4.8,1478.0
9975,4023,2023-H1,4.0,4628.0
9976,4023,2023-H2,3.9,4628.0
9977,4023,2024-H1,3.7,4628.0
9978,4023,2024-H2,4.1,4628.0
9979,4024,2023-H1,3.7,2600.0
9980,4024,2023-H2,4.4,2600.0
9981,4024,2024-H1,4.1,2600.0
9982,4024,2024-H2,3.6,2600.0
9983,4025,2023-H1,3.3,1015.0
9984,4025,2023-H2,2.9,1015.0
9985,4025,2024-H1,3.1,1015.0
9986,4025,2024-H2,3.1,1015.0
9987,4026,2023-H1,2.7,4428.0
9988,4026,2023-H2,3.8,4428.0
9989,4026,2024-H1,3.5,4428.0
9990,4026,2024-H2,2.7,4428.0
9991,4027,2024-H2,3.9,1028.0
9992,4028,2023-H1,5.0,4312.0
9993,4028,2023-H2,5.0,4312.0
9994,4028,2024-H1,5.0,4312.0
9995,4028,2024-H2,5.0,4312.0
9996,4029,2023-H1,3.3,4019.0
9997,4029,2023-H2,3.4,4019.0
9998,4029,2024-H1,3.3,4019.0
9999,4031,2024-H1,2.5,4887.0
10000,4031,2024-H2,3.3,4887.0
10001,4032,2023-H1,3.6,2797.0
10002,4033,2023-H1,3.5,2039.0
10003,4033,2023-H2,3.3,2039.0
10004,4033,2024-H1,3.9,2039.0
10005,4033,2024-H2,3.5,2039.0
10006,4034,2023-H1,3.5,3794.0
10007,4034,2023-H2,3.7,3794.0
10008,4034,2024-H1,3.4,3794.0
10009,4034,2024-H2,3.5,3794.0
10010,4035,2024-H2,3.1,1181.0
10011,4036,2023-H2,4.5,4322.0
10012,4036,2024-H1,3.7,4322.0
10013,4036,2024-H2,5.0,4322.0
10014,4037,2023-H1,3.9,4180.0
10015,4037,2023-H2,3.6,4180.0
10016,4037,2024-H1,3.6,4180.0
10017,4037,2024-H2,3.5,4180.0
10018,4038,2023-H1,3.2,3353.0
10019,4038,2023-H2,2.2,3353.0
10020,4038,2024-H1,2.7,3353.0
10021,4038,2024-H2,2.6,3353.0
10022,4039,2023-H1,2.1,3007.0
10023,4039,2023-H2,2.5,3007.0
10024,4039,2024-H1,1.9,3007.0
10025,4039,2024-H2,2.0,3007.0
10026,4040,2023-H1,4.4,4254.0
10027,4040,2023-H2,2.6,4254.0
10028,4040,2024-H1,4.2,4254.0
10029,4040,2024-H2,3.2,4254.0
10030,4041,2024-H1,3.3,1701.0
10031,4041,2024-H2,2.7,1701.0
10032,4042,2023-H1,2.5,1019.0
10033,4042,2023-H2,3.7,1019.0
10034,4042,2024-H1,3.5,1019.0
10035,4042,2024-H2,3.0,1019.0
10036,4043,2023-H1,3.2,3353.0
10037,4043,2023-H2,3.6,3353.0
10038,4043,2024-H1,3.4,3353.0
10039,4043,2024-H2,3.9,3353.0
10040,4044,2023-H1,3.5,1202.0
10041,4044,2023-H2,4.4,1202.0
10042,4044,2024-H1,4.2,1202.0
10043,4044,2024-H2,4.3,1202.0
10044,4045,2023-H1,2.4,4873.0
10045,4045,2023-H2,2.9,4873.0
10046,4045,2024-H1,2.8,4873.0
10047,4045,2024-H2,2.7,4873.0
10048,4046,2024-H1,3.3,3049.0
10049,4046,2024-H2,3.8,3049.0
10050,4047,2024-H2,4.4,1478.0
10051,4050,2023-H1,3.2,3541.0
10052,4050,2023-H2,2.9,3541.0
10053,4050,2024-H1,3.4,3541.0
10054,4050,2024-H2,3.3,3541.0
10055,4051,2023-H1,2.6,2572.0
10056,4051,2023-H2,2.5,2572.0
10057,4051,2024-H1,3.0,2572.0
10058,4051,2024-H2,3.5,2572.0
10059,4052,2023-H1,2.7,3725.0
10060,4052,2023-H2,3.4,3725.0
10061,4052,2024-H1,3.2,3725.0
10062,4053,2023-H1,2.5,1417.0
10063,4053,2023-H2,2.3,1417.0
10064,4053,2024-H1,3.0,1417.0
10065,4053,2024-H2,3.5,1417.0
10066,4054,2024-H1,2.4,2642.0
10067,4056,2023-H1,4.2,4839.0
10068,4056,2023-H2,3.3,4839.0
10069,4056,2024-H1,3.8,4839.0
10070,4056,2024-H2,2.7,4839.0
10071,4057,2023-H1,4.2,3045.0
10072,4057,2023-H2,3.5,3045.0
10073,4057,2024-H1,4.0,3045.0
10074,4057,2024-H2,3.7,3045.0
10075,4058,2023-H1,4.7,1943.0
10076,4058,2023-H2,5.0,1943.0
10077,4058,2024-H1,5.0,1943.0
10078,4058,2024-H2,4.9,1943.0
10079,4059,2023-H1,4.4,4815.0
10080,4059,2023-H2,3.3,4815.0
10081,4059,2024-H1,4.3,4815.0
10082,4059,2024-H2,4.3,4815.0
10083,4060,2023-H1,4.0,2122.0
10084,4060,2023-H2,3.8,2122.0
10085,4060,2024-H1,4.5,2122.0
10086,4060,2024-H2,3.5,2122.0
10087,4061,2024-H2,4.7,4119.0
10088,4062,2023-H1,3.9,3451.0
10089,4062,2023-H2,4.1,3451.0
10090,4062,2024-H1,4.0,3451.0
10091,4062,2024-H2,3.5,3451.0
10092,4063,2023-H1,2.2,5017.0
10093,4063,2023-H2,3.4,5017.0
10094,4063,2024-H1,2.6,5017.0
10095,4063,2024-H2,3.6,5017.0
10096,4065,2023-H1,3.3,3390.0
10097,4065,2023-H2,3.2,3390.0
10098,4065,2024-H1,3.1,3390.0
10099,4065,2024-H2,3.7,3390.0
10100,4066,2023-H1,3.2,1226.0
10101,4066,2023-H2,3.2,1226.0
10102,4066,2024-H1,3.1,1226.0
10103,4066,2024-H2,2.9,1226.0
10104,4067,2023-H1,3.4,3257.0
10105,4067,2023-H2,3.6,3257.0
10106,4067,2024-H1,2.7,3257.0
10107,4067,2024-H2,3.0,3257.0
10108,4068,2023-H1,3.3,3915.0
10109,4068,2023-H2,3.4,3915.0
10110,4068,2024-H1,3.3,3915.0
10111,4068,2024-H2,3.6,3915.0
10112,4069,2023-H1,2.5,5154.0
10113,4069,2023-H2,2.8,5154.0
10114,4069,2024-H1,2.4,5154.0
10115,4069,2024-H2,3.4,5154.0
10116,4070,2023-H2,3.8,1670.0
10117,4070,2024-H1,4.1,1670.0
10118,4070,2024-H2,3.6,1670.0
10119,4071,2023-H1,4.9,2013.0
10120,4071,2023-H2,4.7,2013.0
10121,4071,2024-H1,5.0,2013.0
10122,4072,2023-H1,3.5,1271.0
10123,4072,2023-H2,3.8,1271.0
10124,4072,2024-H1,3.9,1271.0
10125,4072,2024-H2,3.5,1271.0
10126,4075,2023-H1,1.9,1271.0
10127,4075,2023-H2,2.0,1271.0
10128,4075,2024-H1,1.9,1271.0
10129,4076,2024-H1,3.7,5382.0
10130,4076,2024-H2,3.7,5382.0
10131,4077,2023-H1,2.0,2182.0
10132,4077,2023-H2,2.7,2182.0
10133,4077,2024-H1,2.6,2182.0
10134,4077,2024-H2,2.2,2182.0
10135,4078,2023-H1,3.1,1464.0
10136,4078,2023-H2,2.8,1464.0
10137,4078,2024-H1,2.8,1464.0
10138,4078,2024-H2,2.5,1464.0
10139,4079,2023-H1,2.4,5040.0
10140,4079,2023-H2,3.4,5040.0
10141,4079,2024-H1,3.0,5040.0
10142,4079,2024-H2,2.8,5040.0
10143,4080,2023-H1,3.5,1411.0
10144,4080,2023-H2,4.1,1411.0
10145,4080,2024-H1,3.2,1411.0
10146,4080,2024-H2,3.4,1411.0
10147,4081,2023-H1,3.7,2033.0
10148,4081,2023-H2,3.5,2033.0
10149,4081,2024-H1,4.0,2033.0
10150,4081,2024-H2,4.1,2033.0
10151,4082,2023-H1,2.7,1609.0
10152,4082,2023-H2,2.6,1609.0
10153,4082,2024-H1,2.5,1609.0
10154,4082,2024-H2,2.1,1609.0
10155,4083,2023-H1,4.3,3745.0
10156,4083,2023-H2,4.5,3745.0
10157,4083,2024-H1,4.3,3745.0
10158,4083,2024-H2,4.3,3745.0
10159,4084,2023-H1,3.7,1078.0
10160,4084,2023-H2,4.0,1078.0
10161,4084,2024-H1,3.5,1078.0
10162,4084,2024-H2,3.7,1078.0
10163,4085,2023-H1,3.4,1739.0
10164,4085,2023-H2,3.4,1739.0
10165,4085,2024-H1,3.1,1739.0
10166,4085,2024-H2,3.8,1739.0
10167,4086,2023-H1,3.0,2838.0
10168,4086,2023-H2,2.9,2838.0
10169,4086,2024-H1,3.1,2838.0
10170,4086,2024-H2,2.8,2838.0
10171,4087,2023-H1,3.9,4903.0
10172,4087,2023-H2,4.8,4903.0
10173,4087,2024-H1,3.9,4903.0
10174,4087,2024-H2,4.6,4903.0
10175,4088,2023-H1,3.9,1640.0
10176,4088,2023-H2,3.3,1640.0
10177,4088,2024-H1,4.0,1640.0
10178,4088,2024-H2,3.9,1640.0
10179,4089,2023-H1,2.1,2084.0
10180,4089,2023-H2,1.4,2084.0
10181,4089,2024-H1,1.8,2084.0
10182,4089,2024-H2,2.3,2084.0
10183,4090,2023-H1,2.0,4448.0
10184,4090,2023-H2,2.7,4448.0
10185,4090,2024-H1,2.7,4448.0
10186,4090,2024-H2,2.2,4448.0
10187,4091,2023-H1,2.6,2792.0
10188,4091,2023-H2,2.5,2792.0
10189,4091,2024-H1,2.5,2792.0
10190,4091,2024-H2,3.2,2792.0
10191,4092,2023-H1,2.9,1428.0
10192,4092,2023-H2,2.6,1428.0
10193,4092,2024-H1,2.2,1428.0
10194,4092,2024-H2,2.7,1428.0
10195,4093,2023-H1,2.6,1701.0
10196,4093,2023-H2,2.1,1701.0
10197,4093,2024-H1,2.2,1701.0
10198,4093,2024-H2,2.9,1701.0
10199,4094,2023-H1,2.6,4015.0
10200,4094,2023-H2,2.3,4015.0
10201,4094,2024-H1,2.7,4015.0
10202,4094,2024-H2,2.2,4015.0
10203,4095,2024-H1,4.6,3617.0
10204,4095,2024-H2,4.5,3617.0
10205,4096,2024-H2,4.1,4179.0
10206,4097,2023-H1,2.5,3396.0
10207,4097,2023-H2,2.8,3396.0
10208,4097,2024-H1,3.2,3396.0
10209,4097,2024-H2,3.2,3396.0
10210,4098,2023-H1,4.0,2935.0
10211,4098,2023-H2,3.5,2935.0
10212,4098,2024-H1,2.4,2935.0
10213,4098,2024-H2,3.2,2935.0
10214,4099,2023-H1,4.5,2610.0
10215,4099,2023-H2,4.4,2610.0
10216,4099,2024-H1,4.4,2610.0
10217,4099,2024-H2,4.3,2610.0
10218,4100,2023-H1,5.0,4994.0
10219,4100,2023-H2,5.0,4994.0
10220,4100,2024-H1,5.0,4994.0
10221,4100,2024-H2,5.0,4994.0
10222,4101,2023-H1,2.4,1858.0
10223,4101,2023-H2,1.9,1858.0
10224,4101,2024-H1,2.2,1858.0
10225,4101,2024-H2,3.1,1858.0
10226,4102,2023-H1,4.5,3061.0
10227,4102,2023-H2,2.7,3061.0
10228,4102,2024-H1,3.6,3061.0
10229,4102,2024-H2,2.7,3061.0
10230,4103,2023-H1,3.8,1015.0
10231,4103,2023-H2,3.5,1015.0
10232,4103,2024-H1,3.7,1015.0
10233,4103,2024-H2,3.5,1015.0
10234,4104,2024-H2,2.6,4001.0
10235,4105,2023-H1,4.4,2915.0
10236,4105,2023-H2,3.9,2915.0
10237,4105,2024-H1,4.5,2915.0
10238,4105,2024-H2,4.0,2915.0
10239,4106,2023-H1,3.4,5115.0
10240,4106,2023-H2,2.8,5115.0
10241,4106,2024-H1,3.0,5115.0
10242,4106,2024-H2,3.2,5115.0
10243,4107,2023-H1,4.8,2012.0
10244,4107,2023-H2,4.3,2012.0
10245,4107,2024-H1,4.3,2012.0
10246,4107,2024-H2,3.4,2012.0
10247,4108,2023-H1,3.6,1550.0
10248,4108,2023-H2,4.0,1550.0
10249,4108,2024-H1,2.9,1550.0
10250,4108,2024-H2,2.9,1550.0
10251,4109,2023-H1,1.8,1134.0
10252,4109,2023-H2,2.1,1134.0
10253,4109,2024-H1,1.8,1134.0
10254,4109,2024-H2,2.5,1134.0
10255,4110,2023-H1,1.2,2586.0
10256,4110,2023-H2,1.9,2586.0
10257,4110,2024-H1,2.1,2586.0
10258,4110,2024-H2,2.5,2586.0
10259,4111,2023-H2,4.5,2040.0
10260,4111,2024-H1,5.0,2040.0
10261,4111,2024-H2,4.9,2040.0
10262,4112,2023-H1,4.1,4232.0
10263,4112,2023-H2,3.8,4232.0
10264,4112,2024-H1,3.1,4232.0
10265,4112,2024-H2,3.8,4232.0
10266,4113,2023-H1,3.9,3378.0
10267,4113,2023-H2,4.2,3378.0
10268,4113,2024-H1,4.2,3378.0
10269,4113,2024-H2,3.5,3378.0
10270,4114,2023-H1,2.7,3612.0
10271,4114,2023-H2,2.3,3612.0
10272,4114,2024-H1,2.2,3612.0
10273,4114,2024-H2,2.6,3612.0
10274,4115,2023-H1,4.2,3648.0
10275,4115,2023-H2,3.0,3648.0
10276,4115,2024-H1,3.9,3648.0
10277,4115,2024-H2,4.0,3648.0
10278,4116,2023-H1,2.6,2686.0
10279,4116,2023-H2,2.4,2686.0
10280,4116,2024-H1,2.7,2686.0
10281,4116,2024-H2,2.6,2686.0
10282,4117,2023-H1,3.7,2935.0
10283,4117,2023-H2,2.6,2935.0
10284,4117,2024-H1,3.5,2935.0
10285,4117,2024-H2,3.6,2935.0
10286,4118,2024-H1,2.3,2697.0
10287,4118,2024-H2,3.3,2697.0
10288,4119,2024-H1,3.9,4056.0
10289,4119,2024-H2,2.9,4056.0
10290,4120,2023-H1,4.9,5416.0
10291,4120,2023-H2,4.9,5416.0
10292,4120,2024-H1,4.1,5416.0
10293,4120,2024-H2,4.7,5416.0
10294,4121,2023-H1,3.8,1562.0
10295,4121,2023-H2,3.5,1562.0
10296,4121,2024-H1,3.5,1562.0
10297,4121,2024-H2,3.6,1562.0
10298,4122,2023-H1,3.5,2805.0
10299,4122,2023-H2,3.3,2805.0
10300,4122,2024-H1,4.0,2805.0
10301,4122,2024-H2,3.7,2805.0
10302,4123,2023-H2,3.7,1162.0
10303,4123,2024-H1,3.2,1162.0
10304,4123,2024-H2,3.1,1162.0
10305,4124,2023-H1,2.9,1870.0
10306,4124,2023-H2,3.4,1870.0
10307,4124,2024-H1,3.6,1870.0
10308,4125,2023-H1,3.5,4508.0
10309,4125,2023-H2,2.9,4508.0
10310,4125,2024-H1,3.3,4508.0
10311,4125,2024-H2,3.2,4508.0
10312,4126,2023-H1,2.3,5013.0
10313,4126,2023-H2,3.6,5013.0
10314,4126,2024-H1,3.1,5013.0
10315,4126,2024-H2,3.2,5013.0
10316,4127,2023-H1,4.3,2095.0
10317,4127,2023-H2,5.0,2095.0
10318,4127,2024-H1,4.6,2095.0
10319,4127,2024-H2,4.8,2095.0
10320,4128,2023-H1,5.0,2797.0
10321,4128,2023-H2,5.0,2797.0
10322,4128,2024-H1,3.7,2797.0
10323,4128,2024-H2,5.0,2797.0
10324,4129,2023-H2,4.2,5322.0
10325,4129,2024-H1,3.7,5322.0
10326,4130,2023-H1,3.9,1157.0
10327,4130,2023-H2,4.0,1157.0
10328,4130,2024-H1,4.2,1157.0
10329,4130,2024-H2,2.8,1157.0
10330,4131,2024-H1,3.3,1065.0
10331,4131,2024-H2,3.1,1065.0
10332,4132,2023-H1,2.8,2712.0
10333,4132,2023-H2,3.1,2712.0
10334,4132,2024-H1,2.4,2712.0
10335,4132,2024-H2,3.6,2712.0
10336,4133,2023-H1,4.0,2035.0
10337,4133,2023-H2,3.1,2035.0
10338,4133,2024-H1,4.0,2035.0
10339,4133,2024-H2,3.8,2035.0
10340,4134,2023-H1,3.6,4558.0
10341,4134,2023-H2,4.7,4558.0
10342,4134,2024-H1,3.7,4558.0
10343,4134,2024-H2,4.0,4558.0
10344,4135,2023-H1,4.2,3917.0
10345,4135,2023-H2,3.8,3917.0
10346,4135,2024-H1,4.1,3917.0
10347,4135,2024-H2,4.1,3917.0
10348,4136,2023-H1,3.4,4505.0
10349,4136,2023-H2,3.0,4505.0
10350,4136,2024-H1,3.0,4505.0
10351,4136,2024-H2,3.5,4505.0
10352,4137,2023-H1,1.6,4216.0
10353,4137,2023-H2,1.4,4216.0
10354,4137,2024-H1,1.7,4216.0
10355,4137,2024-H2,1.4,4216.0
10356,4138,2023-H1,2.7,3516.0
10357,4138,2023-H2,3.3,3516.0
10358,4138,2024-H1,2.7,3516.0
10359,4138,2024-H2,2.3,3516.0
10360,4139,2023-H1,3.3,3615.0
10361,4139,2023-H2,4.3,3615.0
10362,4139,2024-H1,3.8,3615.0
10363,4139,2024-H2,3.3,3615.0
10364,4140,2023-H1,3.3,5466.0
10365,4140,2023-H2,4.5,5466.0
10366,4140,2024-H1,3.3,5466.0
10367,4140,2024-H2,3.3,5466.0
10368,4141,2023-H1,3.8,2067.0
10369,4141,2023-H2,3.5,2067.0
10370,4141,2024-H1,3.2,2067.0
10371,4141,2024-H2,3.6,2067.0
10372,4142,2023-H1,3.7,2792.0
10373,4142,2023-H2,3.9,2792.0
10374,4143,2023-H1,3.1,1153.0
10375,4143,2023-H2,3.6,1153.0
10376,4143,2024-H1,3.7,1153.0
10377,4143,2024-H2,3.2,1153.0
10378,4144,2023-H1,2.1,1961.0
10379,4144,2023-H2,2.2,1961.0
10380,4144,2024-H1,2.9,1961.0
10381,4144,2024-H2,3.3,1961.0
10382,4145,2023-H1,3.6,1410.0
10383,4145,2023-H2,4.4,1410.0
10384,4145,2024-H1,3.5,1410.0
10385,4145,2024-H2,3.8,1410.0
10386,4146,2023-H1,3.2,5171.0
10387,4146,2023-H2,2.7,5171.0
10388,4146,2024-H1,2.8,5171.0
10389,4146,2024-H2,2.5,5171.0
10390,4147,2023-H1,3.9,2855.0
10391,4147,2023-H2,3.7,2855.0
10392,4147,2024-H1,3.9,2855.0
10393,4147,2024-H2,3.4,2855.0
10394,4148,2023-H1,4.5,3531.0
10395,4148,2023-H2,3.5,3531.0
10396,4148,2024-H1,4.2,3531.0
10397,4148,2024-H2,3.7,3531.0
10398,4149,2024-H1,3.5,3923.0
10399,4150,2023-H1,3.9,4595.0
10400,4150,2023-H2,3.4,4595.0
10401,4150,2024-H1,3.2,4595.0
10402,4150,2024-H2,3.3,4595.0
10403,4152,2024-H2,4.8,4549.0
10404,4153,2023-H1,3.3,4187.0
10405,4153,2023-H2,3.1,4187.0
10406,4153,2024-H1,3.2,4187.0
10407,4153,2024-H2,2.7,4187.0
10408,4154,2023-H1,2.9,5115.0
10409,4154,2023-H2,2.3,5115.0
10410,4154,2024-H1,2.6,5115.0
10411,4154,2024-H2,3.0,5115.0
10412,4155,2023-H1,4.1,4828.0
10413,4155,2023-H2,3.3,4828.0
10414,4155,2024-H1,3.3,4828.0
10415,4155,2024-H2,4.0,4828.0
10416,4156,2023-H1,2.0,4443.0
10417,4156,2023-H2,1.7,4443.0
10418,4156,2024-H1,1.9,4443.0
10419,4156,2024-H2,2.1,4443.0
10420,4157,2024-H1,3.5,5095.0
10421,4157,2024-H2,3.4,5095.0
10422,4158,2023-H1,2.4,
10423,4158,2023-H2,2.7,
10424,4158,2024-H1,2.5,
10425,4158,2024-H2,2.4,
10426,4159,2023-H1,4.1,2511.0
10427,4159,2023-H2,4.4,2511.0
10428,4159,2024-H1,3.6,2511.0
10429,4159,2024-H2,3.8,2511.0
10430,4160,2023-H1,2.1,1943.0
10431,4160,2023-H2,2.7,1943.0
10432,4160,2024-H1,2.8,1943.0
10433,4160,2024-H2,3.0,1943.0
10434,4161,2023-H1,3.7,1030.0
10435,4161,2023-H2,3.6,1030.0
10436,4161,2024-H1,3.8,1030.0
10437,4161,2024-H2,3.2,1030.0
10438,4162,2023-H1,3.5,4457.0
10439,4162,2023-H2,3.1,4457.0
10440,4162,2024-H1,3.5,4457.0
10441,4162,2024-H2,3.0,4457.0
10442,4163,2023-H1,3.8,3168.0
10443,4163,2023-H2,3.0,3168.0
10444,4163,2024-H1,3.0,3168.0
10445,4163,2024-H2,3.7,3168.0
10446,4164,2023-H1,2.4,
10447,4164,2023-H2,3.1,
10448,4164,2024-H1,3.2,
10449,4164,2024-H2,2.8,
10450,4166,2023-H1,4.4,3009.0
10451,4166,2023-H2,4.3,3009.0
10452,4166,2024-H1,4.5,3009.0
10453,4166,2024-H2,4.2,3009.0
10454,4167,2023-H1,2.9,2574.0
10455,4167,2023-H2,2.7,2574.0
10456,4167,2024-H1,2.8,2574.0
10457,4167,2024-H2,2.6,2574.0
10458,4168,2023-H1,4.1,3026.0
10459,4168,2023-H2,3.6,3026.0
10460,4168,2024-H1,4.6,3026.0
10461,4168,2024-H2,4.1,3026.0
10462,4169,2023-H1,3.1,4499.0
10463,4169,2023-H2,2.7,4499.0
10464,4169,2024-H1,3.1,4499.0
10465,4169,2024-H2,2.4,4499.0
10466,4170,2024-H1,3.0,3599.0
10467,4170,2024-H2,3.1,3599.0
10468,4171,2023-H1,2.5,3420.0
10469,4171,2023-H2,2.4,3420.0
10470,4171,2024-H1,2.3,3420.0
10471,4171,2024-H2,2.5,3420.0
10472,4172,2023-H1,4.2,1438.0
10473,4172,2023-H2,3.9,1438.0
10474,4172,2024-H1,4.5,1438.0
10475,4173,2024-H2,3.8,4595.0
10476,4174,2023-H1,1.2,4242.0
10477,4174,2023-H2,2.0,4242.0
10478,4174,2024-H1,1.1,4242.0
10479,4174,2024-H2,1.4,4242.0
10480,4175,2023-H1,3.4,5111.0
10481,4175,2023-H2,4.0,5111.0
10482,4175,2024-H1,2.7,5111.0
10483,4175,2024-H2,2.6,5111.0
10484,4176,2024-H2,2.7,3223.0
10485,4177,2023-H1,5.0,3101.0
10486,4177,2023-H2,4.2,3101.0
10487,4177,2024-H1,4.8,3101.0
10488,4177,2024-H2,3.6,3101.0
10489,4179,2023-H1,3.5,3393.0
10490,4179,2023-H2,3.5,3393.0
10491,4179,2024-H1,3.5,3393.0
10492,4179,2024-H2,3.6,3393.0
10493,4180,2023-H1,3.9,4056.0
10494,4180,2023-H2,3.4,4056.0
10495,4180,2024-H1,3.3,4056.0
10496,4180,2024-H2,3.6,4056.0
10497,4181,2023-H1,4.0,3268.0
10498,4181,2023-H2,4.0,3268.0
10499,4181,2024-H1,3.3,3268.0
10500,4181,2024-H2,4.4,3268.0
10501,4182,2023-H1,4.0,1543.0
10502,4182,2023-H2,3.5,1543.0
10503,4182,2024-H1,4.7,1543.0
10504,4182,2024-H2,3.3,1543.0
10505,4183,2023-H1,2.8,3854.0
10506,4183,2023-H2,3.4,3854.0
10507,4183,2024-H1,4.0,3854.0
10508,4183,2024-H2,3.8,3854.0
10509,4184,2023-H1,3.1,1663.0
10510,4184,2023-H2,3.6,1663.0
10511,4184,2024-H1,2.8,1663.0
10512,4184,2024-H2,3.4,1663.0
10513,4185,2023-H1,2.4,4254.0
10514,4185,2023-H2,2.7,4254.0
10515,4185,2024-H1,3.0,4254.0
10516,4185,2024-H2,3.5,4254.0
10517,4186,2023-H2,3.6,2902.0
10518,4186,2024-H1,3.9,2902.0
10519,4186,2024-H2,3.3,2902.0
10520,4187,2023-H1,4.5,5188.0
10521,4187,2023-H2,4.8,5188.0
10522,4187,2024-H1,4.9,5188.0
10523,4187,2024-H2,5.0,5188.0
10524,4188,2023-H1,5.0,4815.0
10525,4188,2023-H2,4.9,4815.0
10526,4188,2024-H1,4.7,4815.0
10527,4188,2024-H2,4.5,4815.0
10528,4189,2023-H1,3.9,4225.0
10529,4189,2023-H2,4.0,4225.0
10530,4189,2024-H1,4.2,4225.0
10531,4189,2024-H2,3.8,4225.0
10532,4190,2023-H1,3.2,4311.0
10533,4190,2023-H2,2.9,4311.0
10534,4190,2024-H1,3.3,4311.0
10535,4190,2024-H2,2.5,4311.0
10536,4191,2023-H1,2.8,5485.0
10537,4191,2023-H2,2.5,5485.0
10538,4191,2024-H1,2.5,5485.0
10539,4191,2024-H2,3.9,5485.0
10540,4193,2023-H1,4.4,4980.0
10541,4193,2023-H2,4.4,4980.0
10542,4193,2024-H1,4.3,4980.0
10543,4193,2024-H2,4.4,4980.0
10544,4194,2023-H1,3.2,1369.0
10545,4194,2023-H2,3.6,1369.0
10546,4194,2024-H1,2.6,1369.0
10547,4194,2024-H2,3.7,1369.0
10548,4195,2023-H1,2.6,1642.0
10549,4195,2023-H2,1.9,1642.0
10550,4195,2024-H1,2.8,1642.0
10551,4195,2024-H2,3.0,1642.0
10552,4196,2023-H1,3.4,4858.0
10553,4196,2023-H2,3.8,4858.0
10554,4196,2024-H1,3.6,4858.0
10555,4196,2024-H2,3.9,4858.0
10556,4197,2023-H1,3.8,1820.0
10557,4197,2023-H2,3.8,1820.0
10558,4197,2024-H1,3.6,1820.0
10559,4197,2024-H2,4.4,1820.0
10560,4198,2024-H1,3.3,1899.0
10561,4198,2024-H2,2.9,1899.0
10562,4199,2023-H1,2.3,1078.0
10563,4199,2023-H2,2.8,1078.0
10564,4199,2024-H1,3.3,1078.0
10565,4199,2024-H2,3.7,1078.0
10566,4200,2023-H1,4.3,1736.0
10567,4200,2023-H2,4.3,1736.0
10568,4200,2024-H1,5.0,1736.0
10569,4200,2024-H2,4.4,1736.0
10570,4201,2023-H2,2.5,4570.0
10571,4201,2024-H1,2.5,4570.0
10572,4201,2024-H2,1.9,4570.0
10573,4202,2024-H1,5.0,2687.0
10574,4202,2024-H2,5.0,2687.0
10575,4203,2023-H1,3.9,2764.0
10576,4203,2023-H2,3.4,2764.0
10577,4203,2024-H1,2.9,2764.0
10578,4203,2024-H2,2.5,2764.0
10579,4204,2023-H1,4.4,1219.0
10580,4204,2023-H2,3.8,1219.0
10581,4204,2024-H1,4.5,1219.0
10582,4204,2024-H2,4.3,1219.0
10583,4205,2023-H1,4.3,3798.0
10584,4205,2023-H2,5.0,3798.0
10585,4205,2024-H1,4.8,3798.0
10586,4205,2024-H2,3.9,3798.0
10587,4206,2023-H1,3.7,1573.0
10588,4206,2023-H2,3.0,1573.0
10589,4206,2024-H1,3.5,1573.0
10590,4206,2024-H2,2.5,1573.0
10591,4207,2023-H1,2.8,5253.0
10592,4207,2023-H2,3.1,5253.0
10593,4207,2024-H1,3.4,5253.0
10594,4207,2024-H2,3.6,5253.0
10595,4208,2023-H1,3.4,3776.0
10596,4208,2023-H2,3.7,3776.0
10597,4208,2024-H1,3.2,3776.0
10598,4208,2024-H2,2.8,3776.0
10599,4209,2023-H1,4.0,1682.0
10600,4209,2023-H2,4.3,1682.0
10601,4209,2024-H1,4.6,1682.0
10602,4209,2024-H2,4.0,1682.0
10603,4210,2023-H1,3.2,3318.0
10604,4210,2023-H2,2.6,3318.0
10605,4210,2024-H1,4.2,3318.0
10606,4210,2024-H2,3.7,3318.0
10607,4211,2023-H1,3.0,3379.0
10608,4211,2023-H2,2.4,3379.0
10609,4211,2024-H1,3.2,3379.0
10610,4211,2024-H2,2.8,3379.0
10611,4212,2023-H2,3.2,2947.0
10612,4212,2024-H1,3.7,2947.0
10613,4212,2024-H2,3.5,2947.0
10614,4213,2023-H1,4.5,3495.0
10615,4213,2023-H2,5.0,3495.0
10616,4213,2024-H1,4.8,3495.0
10617,4213,2024-H2,4.4,3495.0
10618,4214,2023-H1,3.0,4469.0
10619,4214,2023-H2,3.1,4469.0
10620,4214,2024-H1,2.4,4469.0
10621,4214,2024-H2,3.1,4469.0
10622,4215,2023-H1,3.2,5177.0
10623,4215,2023-H2,2.6,5177.0
10624,4215,2024-H1,2.9,5177.0
10625,4215,2024-H2,2.4,5177.0
10626,4217,2023-H1,3.0,3811.0
10627,4217,2023-H2,2.8,3811.0
10628,4217,2024-H1,2.9,3811.0
10629,4217,2024-H2,2.6,3811.0
10630,4218,2024-H1,4.2,2896.0
10631,4218,2024-H2,4.3,2896.0
10632,4219,2023-H1,4.4,2602.0
10633,4219,2023-H2,4.6,2602.0
10634,4219,2024-H1,4.1,2602.0
10635,4219,2024-H2,4.5,2602.0
10636,4220,2023-H1,3.1,2921.0
10637,4220,2023-H2,3.8,2921.0
10638,4220,2024-H1,2.9,2921.0
10639,4220,2024-H2,3.4,2921.0
10640,4221,2023-H1,4.0,3854.0
10641,4221,2023-H2,4.1,3854.0
10642,4221,2024-H1,4.4,3854.0
10643,4221,2024-H2,4.3,3854.0
10644,4222,2023-H1,3.6,3404.0
10645,4222,2023-H2,3.6,3404.0
10646,4222,2024-H1,4.4,3404.0
10647,4222,2024-H2,3.6,3404.0
10648,4223,2023-H1,2.5,1020.0
10649,4223,2023-H2,2.2,1020.0
10650,4223,2024-H1,3.1,1020.0
10651,4223,2024-H2,2.5,1020.0
10652,4224,2023-H1,2.3,4794.0
10653,4224,2023-H2,2.0,4794.0
10654,4224,2024-H1,2.7,4794.0
10655,4224,2024-H2,2.4,4794.0
10656,4225,2023-H2,3.6,2805.0
10657,4225,2024-H1,2.7,2805.0
10658,4225,2024-H2,2.8,2805.0
10659,4226,2023-H1,3.1,5154.0
10660,4226,2023-H2,2.7,5154.0
10661,4226,2024-H1,2.5,5154.0
10662,4226,2024-H2,2.8,5154.0
10663,4227,2023-H1,2.3,1562.0
10664,4227,2023-H2,2.8,1562.0
10665,4227,2024-H1,1.9,1562.0
10666,4227,2024-H2,3.1,1562.0
10667,4228,2023-H1,2.7,3622.0
10668,4228,2023-H2,4.3,3622.0
10669,4228,2024-H1,4.4,3622.0
10670,4228,2024-H2,2.5,3622.0
10671,4229,2023-H1,2.0,3189.0
10672,4229,2023-H2,2.2,3189.0
10673,4229,2024-H1,2.1,3189.0
10674,4229,2024-H2,2.2,3189.0
10675,4230,2023-H1,2.8,1065.0
10676,4231,2023-H1,3.3,1221.0
10677,4231,2023-H2,4.0,1221.0
10678,4231,2024-H1,3.8,1221.0
10679,4231,2024-H2,3.4,1221.0
10680,4232,2023-H1,2.8,3603.0
10681,4232,2023-H2,3.2,3603.0
10682,4232,2024-H1,3.5,3603.0
10683,4232,2024-H2,2.7,3603.0
10684,4233,2024-H1,3.0,1905.0
10685,4233,2024-H2,3.0,1905.0
10686,4234,2023-H1,3.0,1298.0
10687,4234,2023-H2,3.2,1298.0
10688,4234,2024-H1,2.5,1298.0
10689,4234,2024-H2,3.1,1298.0
10690,4235,2023-H1,5.0,2930.0
10691,4235,2023-H2,4.3,2930.0
10692,4235,2024-H1,4.5,2930.0
10693,4235,2024-H2,3.3,2930.0
10694,4236,2023-H1,3.2,3504.0
10695,4236,2023-H2,3.9,3504.0
10696,4236,2024-H1,3.2,3504.0
10697,4236,2024-H2,3.4,3504.0
10698,4237,2023-H1,3.1,4271.0
10699,4237,2023-H2,3.2,4271.0
10700,4237,2024-H1,3.1,4271.0
10701,4237,2024-H2,4.0,4271.0
10702,4238,2023-H1,3.2,2197.0
10703,4238,2023-H2,3.3,2197.0
10704,4238,2024-H1,3.7,2197.0
10705,4238,2024-H2,2.8,2197.0
10706,4239,2023-H1,3.0,1459.0
10707,4239,2023-H2,3.2,1459.0
10708,4239,2024-H1,2.6,1459.0
10709,4239,2024-H2,2.9,1459.0
10710,4240,2023-H1,3.6,2925.0
10711,4241,2023-H2,3.3,3603.0
10712,4241,2024-H1,3.2,3603.0
10713,4241,2024-H2,3.2,3603.0
10714,4242,2023-H2,3.5,
10715,4242,2024-H1,3.8,
10716,4242,2024-H2,4.1,
10717,4243,2023-H1,2.8,1176.0
10718,4243,2023-H2,2.5,1176.0
10719,4243,2024-H1,3.3,1176.0
10720,4243,2024-H2,2.5,1176.0
10721,4244,2023-H1,3.6,4983.0
10722,4244,2023-H2,2.9,4983.0
10723,4244,2024-H1,3.4,4983.0
10724,4244,2024-H2,3.0,4983.0
10725,4245,2023-H1,4.4,2797.0
10726,4245,2023-H2,4.6,2797.0
10727,4245,2024-H1,4.3,2797.0
10728,4245,2024-H2,4.7,2797.0
10729,4246,2023-H1,2.5,4618.0
10730,4246,2023-H2,3.2,4618.0
10731,4246,2024-H1,3.0,4618.0
10732,4246,2024-H2,2.5,4618.0
10733,4247,2023-H1,4.5,3224.0
10734,4247,2023-H2,4.5,3224.0
10735,4247,2024-H1,4.8,3224.0
10736,4247,2024-H2,4.4,3224.0
10737,4248,2023-H1,4.2,1670.0
10738,4248,2023-H2,3.3,1670.0
10739,4248,2024-H1,4.0,1670.0
10740,4248,2024-H2,4.2,1670.0
10741,4249,2023-H1,3.0,2268.0
10742,4249,2023-H2,3.5,2268.0
10743,4249,2024-H1,3.4,2268.0
10744,4249,2024-H2,4.5,2268.0
10745,4250,2023-H1,5.0,3580.0
10746,4250,2023-H2,5.0,3580.0
10747,4250,2024-H1,5.0,3580.0
10748,4250,2024-H2,4.3,3580.0
10749,4251,2023-H1,2.6,1441.0
10750,4251,2023-H2,3.7,1441.0
10751,4251,2024-H1,3.0,1441.0
10752,4251,2024-H2,3.3,1441.0
10753,4252,2024-H1,4.3,4575.0
10754,4252,2024-H2,4.5,4575.0
10755,4253,2023-H1,2.9,4116.0
10756,4253,2023-H2,4.2,4116.0
10757,4253,2024-H1,4.0,4116.0
10758,4253,2024-H2,3.4,4116.0
10759,4254,2023-H1,3.0,4381.0
10760,4254,2023-H2,3.1,4381.0
10761,4254,2024-H1,2.6,4381.0
10762,4254,2024-H2,2.8,4381.0
10763,4255,2023-H2,2.9,2218.0
10764,4255,2024-H1,3.2,2218.0
10765,4255,2024-H2,1.7,2218.0
10766,4256,2023-H1,3.2,4827.0
10767,4256,2023-H2,3.0,4827.0
10768,4256,2024-H1,3.3,4827.0
10769,4256,2024-H2,3.2,4827.0
10770,4257,2023-H1,1.7,4882.0
10771,4257,2023-H2,2.6,4882.0
10772,4257,2024-H1,2.8,4882.0
10773,4257,2024-H2,1.6,4882.0
10774,4258,2023-H1,3.2,3776.0
10775,4258,2023-H2,3.7,3776.0
10776,4258,2024-H1,3.6,3776.0
10777,4258,2024-H2,3.2,3776.0
10778,4260,2023-H1,4.8,1866.0
10779,4260,2023-H2,5.0,1866.0
10780,4260,2024-H1,4.3,1866.0
10781,4260,2024-H2,4.4,1866.0
10782,4261,2023-H1,4.0,5376.0
10783,4261,2023-H2,4.7,5376.0
10784,4261,2024-H1,3.4,5376.0
10785,4261,2024-H2,4.2,5376.0
10786,4262,2023-H1,3.2,3986.0
10787,4262,2023-H2,3.4,3986.0
10788,4262,2024-H1,3.0,3986.0
10789,4262,2024-H2,4.1,3986.0
10790,4263,2023-H1,2.4,5409.0
10791,4263,2023-H2,2.3,5409.0
10792,4263,2024-H1,2.7,5409.0
10793,4263,2024-H2,2.3,5409.0
10794,4265,2023-H1,3.6,5272.0
10795,4265,2023-H2,3.5,5272.0
10796,4266,2023-H2,4.0,2554.0
10797,4267,2023-H1,4.6,3886.0
10798,4267,2023-H2,5.0,3886.0
10799,4267,2024-H1,4.5,3886.0
10800,4267,2024-H2,5.0,3886.0
10801,4268,2023-H1,3.2,4166.0
10802,4268,2023-H2,3.6,4166.0
10803,4268,2024-H1,3.4,4166.0
10804,4268,2024-H2,2.4,4166.0
10805,4269,2023-H1,3.2,2935.0
10806,4269,2023-H2,3.1,2935.0
10807,4269,2024-H1,3.2,2935.0
10808,4269,2024-H2,2.9,2935.0
10809,4270,2024-H2,2.4,4223.0
10810,4271,2023-H1,4.0,3798.0
10811,4271,2023-H2,3.3,3798.0
10812,4271,2024-H1,4.5,3798.0
10813,4272,2023-H1,3.3,2259.0
10814,4272,2023-H2,3.8,2259.0
10815,4272,2024-H1,3.0,2259.0
10816,4273,2023-H1,3.2,3699.0
10817,4273,2023-H2,3.3,3699.0
10818,4273,2024-H1,4.0,3699.0
10819,4273,2024-H2,3.6,3699.0
10820,4274,2023-H1,3.8,1613.0
10821,4274,2023-H2,4.6,1613.0
10822,4274,2024-H1,3.8,1613.0
10823,4274,2024-H2,4.5,1613.0
10824,4275,2023-H1,3.6,1287.0
10825,4275,2023-H2,4.1,1287.0
10826,4275,2024-H1,3.5,1287.0
10827,4275,2024-H2,3.3,1287.0
10828,4276,2023-H1,5.0,4530.0
10829,4276,2023-H2,4.7,4530.0
10830,4276,2024-H1,4.4,4530.0
10831,4276,2024-H2,4.3,4530.0
10832,4277,2023-H1,3.5,2330.0
10833,4277,2023-H2,3.3,2330.0
10834,4277,2024-H1,2.8,2330.0
10835,4277,2024-H2,2.6,2330.0
10836,4278,2023-H1,3.4,4642.0
10837,4278,2023-H2,3.5,4642.0
10838,4278,2024-H1,3.4,4642.0
10839,4278,2024-H2,3.4,4642.0
10840,4279,2023-H1,3.6,3462.0
10841,4279,2023-H2,2.6,3462.0
10842,4279,2024-H1,2.7,3462.0
10843,4279,2024-H2,3.2,3462.0
10844,4281,2023-H1,1.8,3030.0
10845,4281,2023-H2,2.2,3030.0
10846,4281,2024-H1,2.2,3030.0
10847,4281,2024-H2,1.4,3030.0
10848,4282,2023-H1,2.9,4904.0
10849,4282,2023-H2,2.9,4904.0
10850,4283,2023-H1,3.6,2414.0
10851,4283,2023-H2,4.4,2414.0
10852,4283,2024-H1,3.5,2414.0
10853,4283,2024-H2,3.4,2414.0
10854,4284,2023-H1,3.3,3741.0
10855,4284,2023-H2,4.1,3741.0
10856,4284,2024-H1,3.2,3741.0
10857,4284,2024-H2,3.0,3741.0
10858,4285,2023-H1,4.1,5222.0
10859,4285,2023-H2,4.2,5222.0
10860,4285,2024-H1,4.4,5222.0
10861,4285,2024-H2,4.3,5222.0
10862,4287,2023-H1,3.6,5294.0
10863,4287,2023-H2,4.2,5294.0
10864,4287,2024-H1,4.1,5294.0
10865,4287,2024-H2,4.2,5294.0
10866,4288,2023-H1,4.1,4716.0
10867,4288,2023-H2,4.0,4716.0
10868,4288,2024-H1,3.4,4716.0
10869,4288,2024-H2,2.6,4716.0
10870,4289,2024-H1,3.0,4828.0
10871,4289,2024-H2,4.0,4828.0
10872,4290,2023-H1,4.4,1058.0
10873,4290,2023-H2,3.8,1058.0
10874,4290,2024-H1,4.1,1058.0
10875,4290,2024-H2,4.4,1058.0
10876,4291,2023-H1,3.1,4158.0
10877,4291,2023-H2,3.6,4158.0
10878,4291,2024-H1,3.6,4158.0
10879,4291,2024-H2,3.1,4158.0
10880,4292,2023-H1,3.5,1351.0
10881,4292,2023-H2,3.1,1351.0
10882,4292,2024-H1,3.9,1351.0
10883,4292,2024-H2,4.0,1351.0
10884,4293,2023-H1,2.7,2838.0
10885,4293,2023-H2,3.1,2838.0
10886,4293,2024-H1,2.1,2838.0
10887,4293,2024-H2,3.4,2838.0
10888,4294,2023-H1,3.6,2342.0
10889,4294,2023-H2,3.1,2342.0
10890,4294,2024-H1,4.2,2342.0
10891,4294,2024-H2,3.9,2342.0
10892,4295,2023-H1,1.7,4731.0
10893,4295,2023-H2,2.6,4731.0
10894,4295,2024-H1,3.0,4731.0
10895,4295,2024-H2,2.9,4731.0
10896,4296,2023-H1,3.6,4954.0
10897,4296,2023-H2,3.8,4954.0
10898,4296,2024-H1,3.1,4954.0
10899,4296,2024-H2,3.6,4954.0
10900,4297,2023-H1,2.4,1871.0
10901,4297,2023-H2,2.5,1871.0
10902,4297,2024-H1,2.2,1871.0
10903,4297,2024-H2,1.7,1871.0
10904,4298,2023-H1,4.5,4605.0
10905,4298,2023-H2,5.0,4605.0
10906,4298,2024-H1,4.7,4605.0
10907,4298,2024-H2,4.7,4605.0
10908,4299,2023-H1,3.5,2524.0
10909,4299,2023-H2,4.0,2524.0
10910,4299,2024-H1,3.6,2524.0
10911,4299,2024-H2,4.0,2524.0
10912,4300,2023-H1,3.3,2958.0
10913,4300,2023-H2,2.6,2958.0
10914,4300,2024-H1,2.1,2958.0
10915,4300,2024-H2,3.4,2958.0
10916,4301,2023-H1,4.3,1304.0
10917,4301,2023-H2,4.6,1304.0
10918,4301,2024-H1,5.0,1304.0
10919,4301,2024-H2,4.5,1304.0
10920,4302,2023-H1,4.5,2323.0
10921,4302,2023-H2,4.7,2323.0
10922,4302,2024-H1,5.0,2323.0
10923,4302,2024-H2,5.0,2323.0
10924,4303,2023-H1,3.0,1267.0
10925,4303,2023-H2,3.1,1267.0
10926,4303,2024-H1,3.8,1267.0
10927,4303,2024-H2,2.8,1267.0
10928,4304,2023-H1,3.8,2013.0
10929,4304,2023-H2,4.0,2013.0
10930,4304,2024-H1,4.4,2013.0
10931,4304,2024-H2,3.8,2013.0
10932,4305,2024-H1,2.5,4794.0
10933,4305,2024-H2,2.9,4794.0
10934,4306,2023-H1,4.4,2524.0
10935,4306,2023-H2,3.7,2524.0
10936,4306,2024-H1,3.4,2524.0
10937,4306,2024-H2,3.7,2524.0
10938,4307,2023-H1,4.0,4427.0
10939,4307,2023-H2,3.6,4427.0
10940,4308,2023-H1,3.8,2634.0
10941,4308,2023-H2,4.0,2634.0
10942,4308,2024-H1,4.2,2634.0
10943,4308,2024-H2,3.9,2634.0
10944,4309,2024-H1,4.1,3163.0
10945,4309,2024-H2,3.6,3163.0
10946,4310,2023-H1,2.5,4670.0
10947,4310,2023-H2,3.4,4670.0
10948,4310,2024-H1,2.6,4670.0
10949,4311,2023-H1,3.4,4739.0
10950,4311,2023-H2,2.9,4739.0
10951,4311,2024-H1,3.2,4739.0
10952,4311,2024-H2,3.0,4739.0
10953,4312,2023-H1,3.4,4219.0
10954,4312,2023-H2,2.8,4219.0
10955,4312,2024-H1,2.7,4219.0
10956,4312,2024-H2,2.9,4219.0
10957,4313,2023-H1,5.0,3335.0
10958,4313,2023-H2,4.9,3335.0
10959,4313,2024-H1,5.0,3335.0
10960,4313,2024-H2,4.2,3335.0
10961,4314,2023-H1,2.7,4780.0
10962,4314,2023-H2,2.9,4780.0
10963,4314,2024-H1,3.3,4780.0
10964,4314,2024-H2,3.1,4780.0
10965,4315,2023-H1,3.1,1426.0
10966,4315,2023-H2,3.8,1426.0
10967,4315,2024-H1,3.1,1426.0
10968,4315,2024-H2,2.8,1426.0
10969,4316,2023-H1,2.8,4529.0
10970,4316,2023-H2,2.7,4529.0
10971,4316,2024-H1,2.7,4529.0
10972,4316,2024-H2,3.4,4529.0
10973,4317,2024-H2,2.3,3348.0
10974,4318,2023-H2,3.0,1562.0
10975,4318,2024-H1,3.9,1562.0
10976,4319,2023-H1,3.2,4318.0
10977,4319,2023-H2,3.8,4318.0
10978,4319,2024-H1,3.2,4318.0
10979,4319,2024-H2,3.1,4318.0
10980,4320,2024-H1,3.8,2869.0
10981,4320,2024-H2,2.8,2869.0
10982,4321,2023-H1,4.8,2316.0
10983,4321,2023-H2,4.4,2316.0
10984,4321,2024-H1,4.3,2316.0
10985,4321,2024-H2,5.0,2316.0
10986,4322,2023-H1,2.8,2138.0
10987,4322,2023-H2,2.5,2138.0
10988,4322,2024-H1,2.3,2138.0
10989,4322,2024-H2,2.5,2138.0
10990,4323,2023-H1,3.5,4986.0
10991,4323,2023-H2,3.6,4986.0
10992,4323,2024-H1,3.7,4986.0
10993,4323,2024-H2,3.8,4986.0
10994,4324,2023-H1,3.7,4942.0
10995,4324,2023-H2,3.3,4942.0
10996,4324,2024-H1,3.0,4942.0
10997,4324,2024-H2,3.2,4942.0
10998,4326,2024-H1,3.1,1039.0
10999,4326,2024-H2,2.5,1039.0
11000,4327,2023-H1,2.2,1213.0
11001,4327,2023-H2,2.0,1213.0
11002,4327,2024-H1,3.4,1213.0
11003,4327,2024-H2,2.3,1213.0
11004,4328,2023-H1,3.3,3942.0
11005,4328,2023-H2,3.3,3942.0
11006,4328,2024-H1,3.6,3942.0
11007,4328,2024-H2,4.4,3942.0
11008,4329,2023-H1,4.5,3053.0
11009,4329,2023-H2,4.3,3053.0
11010,4329,2024-H1,4.6,3053.0
11011,4329,2024-H2,5.0,3053.0
11012,4330,2023-H1,3.1,2226.0
11013,4330,2023-H2,3.3,2226.0
11014,4330,2024-H1,3.1,2226.0
11015,4330,2024-H2,3.3,2226.0
11016,4331,2023-H1,3.5,2954.0
11017,4331,2023-H2,3.0,2954.0
11018,4331,2024-H1,3.2,2954.0
11019,4331,2024-H2,2.8,2954.0
11020,4332,2023-H1,3.4,3304.0
11021,4332,2023-H2,3.3,3304.0
11022,4332,2024-H1,4.0,3304.0
11023,4332,2024-H2,3.2,3304.0
11024,4334,2023-H1,4.2,1459.0
11025,4334,2023-H2,3.1,1459.0
11026,4334,2024-H1,3.2,1459.0
11027,4334,2024-H2,3.7,1459.0
11028,4335,2023-H1,2.5,3441.0
11029,4335,2023-H2,2.4,3441.0
11030,4335,2024-H1,2.5,3441.0
11031,4336,2023-H1,3.8,5344.0
11032,4336,2023-H2,4.1,5344.0
11033,4336,2024-H1,3.6,5344.0
11034,4336,2024-H2,4.4,5344.0
11035,4337,2023-H1,4.8,2665.0
11036,4337,2023-H2,4.9,2665.0
11037,4337,2024-H1,4.9,2665.0
11038,4337,2024-H2,4.7,2665.0
11039,4338,2023-H1,3.8,2566.0
11040,4338,2023-H2,4.0,2566.0
11041,4338,2024-H1,3.6,2566.0
11042,4338,2024-H2,2.9,2566.0
11043,4339,2023-H1,3.2,1103.0
11044,4339,2023-H2,3.5,1103.0
11045,4339,2024-H1,2.8,1103.0
11046,4340,2023-H1,2.7,1351.0
11047,4340,2023-H2,3.0,1351.0
11048,4340,2024-H1,2.5,1351.0
11049,4340,2024-H2,2.8,1351.0
11050,4341,2023-H1,2.5,3772.0
11051,4341,2023-H2,2.4,3772.0
11052,4341,2024-H1,2.8,3772.0
11053,4341,2024-H2,2.9,3772.0
11054,4342,2023-H2,4.8,5241.0
11055,4342,2024-H1,4.8,5241.0
11056,4342,2024-H2,5.0,5241.0
11057,4343,2023-H1,4.2,3451.0
11058,4343,2023-H2,4.0,3451.0
11059,4343,2024-H1,3.5,3451.0
11060,4343,2024-H2,2.7,3451.0
11061,4344,2024-H1,2.2,1098.0
11062,4344,2024-H2,2.1,1098.0
11063,4346,2023-H1,3.5,4029.0
11064,4346,2023-H2,3.9,4029.0
11065,4346,2024-H1,4.5,4029.0
11066,4346,2024-H2,4.2,4029.0
11067,4347,2023-H1,3.7,5376.0
11068,4347,2023-H2,3.3,5376.0
11069,4347,2024-H1,3.9,5376.0
11070,4347,2024-H2,3.8,5376.0
11071,4348,2023-H1,5.0,2738.0
11072,4348,2023-H2,5.0,2738.0
11073,4348,2024-H1,4.8,2738.0
11074,4348,2024-H2,4.8,2738.0
11075,4349,2023-H1,3.6,5193.0
11076,4349,2023-H2,4.7,5193.0
11077,4350,2023-H1,4.4,2256.0
11078,4350,2023-H2,3.9,2256.0
11079,4350,2024-H1,4.9,2256.0
11080,4350,2024-H2,3.6,2256.0
11081,4352,2023-H1,4.5,4469.0
11082,4352,2023-H2,3.8,4469.0
11083,4352,2024-H1,4.3,4469.0
11084,4352,2024-H2,4.6,4469.0
11085,4353,2023-H1,1.7,4820.0
11086,4353,2023-H2,2.4,4820.0
11087,4353,2024-H1,1.9,4820.0
11088,4353,2024-H2,2.7,4820.0
11089,4354,2023-H1,2.2,5380.0
11090,4354,2023-H2,2.0,5380.0
11091,4354,2024-H1,3.0,5380.0
11092,4354,2024-H2,2.0,5380.0
11093,4356,2023-H1,4.2,4448.0
11094,4356,2023-H2,4.1,4448.0
11095,4356,2024-H1,3.9,4448.0
11096,4356,2024-H2,4.5,4448.0
11097,4357,2023-H1,3.5,1836.0
11098,4357,2023-H2,2.7,1836.0
11099,4357,2024-H1,2.8,1836.0
11100,4357,2024-H2,3.9,1836.0
11101,4358,2023-H1,2.8,1830.0
11102,4358,2023-H2,2.9,1830.0
11103,4358,2024-H1,3.4,1830.0
11104,4358,2024-H2,2.8,1830.0
11105,4359,2023-H1,3.3,4596.0
11106,4359,2023-H2,3.7,4596.0
11107,4359,2024-H1,3.7,4596.0
11108,4359,2024-H2,3.8,4596.0
11109,4361,2023-H1,3.4,4879.0
11110,4361,2023-H2,3.1,4879.0
11111,4361,2024-H1,2.6,4879.0
11112,4361,2024-H2,2.8,4879.0
11113,4362,2023-H1,2.6,2262.0
11114,4362,2023-H2,2.9,2262.0
11115,4362,2024-H1,3.3,2262.0
11116,4362,2024-H2,2.7,2262.0
11117,4363,2023-H1,3.3,1308.0
11118,4363,2023-H2,3.0,1308.0
11119,4363,2024-H1,2.8,1308.0
11120,4363,2024-H2,3.2,1308.0
11121,4364,2023-H1,3.3,2925.0
11122,4364,2023-H2,4.2,2925.0
11123,4364,2024-H1,3.6,2925.0
11124,4364,2024-H2,3.7,2925.0
11125,4365,2023-H1,3.9,3107.0
11126,4365,2023-H2,3.2,3107.0
11127,4365,2024-H1,4.4,3107.0
11128,4365,2024-H2,3.9,3107.0
11129,4366,2023-H1,4.4,4255.0
11130,4366,2023-H2,3.8,4255.0
11131,4366,2024-H1,3.3,4255.0
11132,4366,2024-H2,3.7,4255.0
11133,4367,2023-H1,2.8,1790.0
11134,4367,2023-H2,3.9,1790.0
11135,4367,2024-H1,3.0,1790.0
11136,4367,2024-H2,3.7,1790.0
11137,4368,2023-H1,2.5,3200.0
11138,4368,2023-H2,2.5,3200.0
11139,4368,2024-H1,3.0,3200.0
11140,4368,2024-H2,3.5,3200.0
11141,4369,2023-H1,1.6,3029.0
11142,4369,2023-H2,2.5,3029.0
11143,4369,2024-H1,1.8,3029.0
11144,4369,2024-H2,2.9,3029.0
11145,4370,2023-H1,3.3,4530.0
11146,4370,2023-H2,4.5,4530.0
11147,4370,2024-H1,3.8,4530.0
11148,4370,2024-H2,3.8,4530.0
11149,4371,2023-H1,4.6,3925.0
11150,4371,2023-H2,4.4,3925.0
11151,4371,2024-H1,4.4,3925.0
11152,4371,2024-H2,3.8,3925.0
11153,4372,2023-H1,4.2,3891.0
11154,4372,2023-H2,4.6,3891.0
11155,4372,2024-H1,3.3,3891.0
11156,4372,2024-H2,3.7,3891.0
11157,4374,2024-H2,2.3,4122.0
11158,4375,2023-H1,3.1,4405.0
11159,4375,2023-H2,4.2,4405.0
11160,4375,2024-H1,4.4,4405.0
11161,4375,2024-H2,4.1,4405.0
11162,4377,2023-H1,3.3,3811.0
11163,4377,2023-H2,3.7,3811.0
11164,4377,2024-H1,3.2,3811.0
11165,4377,2024-H2,3.4,3811.0
11166,4378,2023-H1,3.2,1824.0
11167,4378,2023-H2,3.2,1824.0
11168,4378,2024-H1,3.8,1824.0
11169,4379,2023-H2,3.7,1338.0
11170,4379,2024-H1,4.0,1338.0
11171,4379,2024-H2,4.6,1338.0
11172,4380,2023-H1,2.4,3226.0
11173,4380,2023-H2,2.9,3226.0
11174,4380,2024-H1,3.2,3226.0
11175,4380,2024-H2,2.5,3226.0
11176,4381,2023-H1,4.2,4358.0
11177,4381,2023-H2,4.2,4358.0
11178,4381,2024-H1,4.0,4358.0
11179,4381,2024-H2,4.4,4358.0
11180,4382,2023-H1,2.4,2324.0
11181,4382,2023-H2,2.8,2324.0
11182,4382,2024-H1,1.5,2324.0
11183,4382,2024-H2,2.2,2324.0
11184,4383,2023-H1,3.9,2824.0
11185,4383,2023-H2,3.2,2824.0
11186,4383,2024-H1,2.7,2824.0
11187,4383,2024-H2,3.9,2824.0
11188,4384,2023-H1,3.6,4054.0
11189,4384,2023-H2,3.1,4054.0
11190,4384,2024-H1,3.5,4054.0
11191,4384,2024-H2,3.9,4054.0
11192,4385,2023-H1,3.7,4893.0
11193,4385,2023-H2,3.5,4893.0
11194,4385,2024-H1,4.2,4893.0
11195,4385,2024-H2,3.9,4893.0
11196,4386,2023-H1,3.5,4225.0
11197,4386,2023-H2,3.7,4225.0
11198,4386,2024-H1,4.1,4225.0
11199,4386,2024-H2,3.1,4225.0
11200,4387,2023-H2,4.0,4775.0
11201,4387,2024-H1,3.5,4775.0
11202,4388,2023-H1,2.3,4322.0
11203,4388,2023-H2,2.6,4322.0
11204,4388,2024-H1,2.8,4322.0
11205,4388,2024-H2,2.8,4322.0
11206,4389,2023-H1,3.5,4906.0
11207,4389,2023-H2,4.0,4906.0
11208,4389,2024-H1,3.2,4906.0
11209,4390,2023-H1,4.0,4682.0
11210,4390,2023-H2,3.5,4682.0
11211,4390,2024-H1,3.3,4682.0
11212,4390,2024-H2,3.3,4682.0
11213,4391,2023-H1,2.5,4898.0
11214,4391,2023-H2,2.9,4898.0
11215,4391,2024-H1,3.3,4898.0
11216,4391,2024-H2,2.4,4898.0
11217,4393,2023-H1,2.7,5413.0
11218,4393,2023-H2,3.3,5413.0
11219,4393,2024-H1,2.5,5413.0
11220,4393,2024-H2,2.8,5413.0
11221,4394,2023-H1,4.3,3264.0
11222,4394,2023-H2,4.2,3264.0
11223,4394,2024-H1,4.0,3264.0
11224,4394,2024-H2,4.4,3264.0
11225,4395,2023-H1,5.0,4575.0
11226,4395,2023-H2,4.3,4575.0
11227,4395,2024-H1,3.5,4575.0
11228,4395,2024-H2,5.0,4575.0
11229,4396,2023-H1,3.3,4701.0
11230,4396,2023-H2,3.3,4701.0
11231,4396,2024-H1,2.8,4701.0
11232,4396,2024-H2,2.6,4701.0
11233,4397,2023-H1,4.3,2689.0
11234,4397,2023-H2,4.8,2689.0
11235,4397,2024-H1,3.9,2689.0
11236,4397,2024-H2,4.2,2689.0
11237,4398,2023-H1,3.1,4188.0
11238,4398,2023-H2,3.3,4188.0
11239,4398,2024-H1,3.4,4188.0
11240,4398,2024-H2,3.4,4188.0
11241,4399,2023-H1,4.0,1675.0
11242,4399,2023-H2,3.8,1675.0
11243,4399,2024-H1,3.4,1675.0
11244,4399,2024-H2,3.3,1675.0
11245,4400,2023-H1,3.5,3782.0
11246,4400,2023-H2,2.6,3782.0
11247,4400,2024-H1,2.4,3782.0
11248,4400,2024-H2,1.7,3782.0
11249,4401,2023-H1,4.9,4732.0
11250,4401,2023-H2,4.8,4732.0
11251,4401,2024-H1,4.4,4732.0
11252,4401,2024-H2,4.2,4732.0
11253,4403,2024-H1,2.7,1831.0
11254,4403,2024-H2,2.4,1831.0
11255,4404,2023-H1,3.3,3885.0
11256,4404,2023-H2,3.9,3885.0
11257,4404,2024-H1,2.8,3885.0
11258,4404,2024-H2,3.6,3885.0
11259,4405,2023-H1,4.3,2526.0
11260,4405,2023-H2,3.0,2526.0
11261,4405,2024-H1,3.9,2526.0
11262,4405,2024-H2,3.1,2526.0
11263,4406,2023-H1,4.0,2951.0
11264,4406,2023-H2,3.8,2951.0
11265,4406,2024-H1,4.0,2951.0
11266,4406,2024-H2,3.7,2951.0
11267,4407,2023-H1,3.0,2927.0
11268,4407,2023-H2,3.5,2927.0
11269,4408,2024-H2,4.2,2243.0
11270,4409,2023-H2,2.9,4072.0
11271,4410,2024-H1,3.1,1682.0
11272,4410,2024-H2,3.5,1682.0
11273,4411,2023-H1,3.4,1016.0
11274,4411,2023-H2,3.9,1016.0
11275,4411,2024-H1,3.7,1016.0
11276,4411,2024-H2,3.9,1016.0
11277,4412,2023-H1,3.5,1205.0
11278,4412,2023-H2,3.4,1205.0
11279,4412,2024-H1,3.3,1205.0
11280,4412,2024-H2,2.8,1205.0
11281,4413,2023-H1,3.4,4372.0
11282,4413,2023-H2,4.3,4372.0
11283,4413,2024-H1,4.4,4372.0
11284,4413,2024-H2,4.3,4372.0
11285,4414,2023-H1,4.3,5468.0
11286,4414,2023-H2,3.4,5468.0
11287,4414,2024-H1,4.6,5468.0
11288,4414,2024-H2,4.6,5468.0
11289,4415,2023-H1,2.6,1170.0
11290,4415,2023-H2,3.7,1170.0
11291,4415,2024-H1,3.4,1170.0
11292,4415,2024-H2,2.9,1170.0
11293,4416,2023-H1,2.4,3030.0
11294,4416,2023-H2,1.9,3030.0
11295,4416,2024-H1,2.2,3030.0
11296,4416,2024-H2,2.0,3030.0
11297,4418,2023-H1,4.5,3251.0
11298,4418,2023-H2,5.0,3251.0
11299,4418,2024-H1,4.9,3251.0
11300,4418,2024-H2,5.0,3251.0
11301,4419,2023-H1,3.8,1095.0
11302,4419,2023-H2,3.6,1095.0
11303,4419,2024-H1,3.9,1095.0
11304,4419,2024-H2,3.5,1095.0
11305,4420,2023-H1,2.9,2665.0
11306,4420,2023-H2,3.6,2665.0
11307,4420,2024-H1,3.6,2665.0
11308,4420,2024-H2,3.5,2665.0
11309,4422,2023-H1,4.3,4975.0
11310,4422,2023-H2,3.8,4975.0
11311,4422,2024-H1,4.0,4975.0
11312,4422,2024-H2,4.8,4975.0
11313,4423,2023-H1,2.3,3541.0
11314,4423,2023-H2,2.2,3541.0
11315,4424,2023-H1,3.2,1824.0
11316,4424,2023-H2,3.4,1824.0
11317,4424,2024-H1,3.2,1824.0
11318,4424,2024-H2,3.5,1824.0
11319,4425,2023-H1,2.8,5203.0
11320,4425,2023-H2,2.2,5203.0
11321,4425,2024-H1,3.2,5203.0
11322,4425,2024-H2,3.7,5203.0
11323,4426,2023-H1,3.6,2110.0
11324,4426,2023-H2,3.0,2110.0
11325,4426,2024-H1,3.6,2110.0
11326,4426,2024-H2,3.0,2110.0
11327,4427,2023-H1,3.4,4788.0
11328,4427,2023-H2,3.8,4788.0
11329,4427,2024-H1,3.8,4788.0
11330,4427,2024-H2,4.0,4788.0
11331,4428,2023-H1,3.6,1471.0
11332,4428,2023-H2,3.4,1471.0
11333,4428,2024-H1,3.8,1471.0
11334,4428,2024-H2,4.2,1471.0
11335,4429,2023-H1,4.1,2780.0
11336,4429,2023-H2,3.8,2780.0
11337,4429,2024-H1,4.0,2780.0
11338,4429,2024-H2,3.9,2780.0
11339,4430,2023-H1,4.5,4635.0
11340,4430,2023-H2,4.6,4635.0
11341,4430,2024-H1,4.4,4635.0
11342,4430,2024-H2,3.3,4635.0
11343,4431,2023-H1,4.6,1924.0
11344,4431,2023-H2,4.9,1924.0
11345,4431,2024-H1,4.8,1924.0
11346,4431,2024-H2,4.9,1924.0
11347,4432,2023-H1,3.4,1997.0
11348,4432,2023-H2,3.1,1997.0
11349,4432,2024-H1,2.4,1997.0
11350,4432,2024-H2,3.6,1997.0
11351,4433,2023-H1,3.2,3042.0
11352,4433,2023-H2,2.1,3042.0
11353,4433,2024-H1,3.5,3042.0
11354,4433,2024-H2,2.8,3042.0
11355,4434,2023-H1,2.7,1958.0
11356,4434,2023-H2,3.4,1958.0
11357,4434,2024-H1,3.3,1958.0
11358,4434,2024-H2,3.1,1958.0
11359,4435,2023-H1,2.5,3498.0
11360,4435,2023-H2,3.0,3498.0
11361,4436,2023-H1,4.0,2465.0
11362,4436,2023-H2,3.1,2465.0
11363,4436,2024-H1,4.1,2465.0
11364,4436,2024-H2,3.7,2465.0
11365,4437,2023-H1,4.3,5388.0
11366,4437,2023-H2,4.3,5388.0
11367,4437,2024-H1,4.2,5388.0
11368,4437,2024-H2,4.0,5388.0
11369,4438,2023-H2,3.6,5154.0
11370,4438,2024-H1,4.2,5154.0
11371,4438,2024-H2,4.1,5154.0
11372,4439,2023-H1,2.1,1353.0
11373,4439,2023-H2,3.1,1353.0
11374,4439,2024-H1,3.0,1353.0
11375,4439,2024-H2,3.0,1353.0
11376,4440,2024-H1,3.9,5101.0
11377,4440,2024-H2,3.6,5101.0
11378,4441,2023-H1,4.1,4658.0
11379,4441,2023-H2,4.4,4658.0
11380,4441,2024-H1,4.1,4658.0
11381,4441,2024-H2,3.8,4658.0
11382,4442,2023-H2,2.4,1203.0
11383,4442,2024-H1,2.5,1203.0
11384,4443,2023-H1,4.2,3435.0
11385,4443,2023-H2,4.3,3435.0
11386,4443,2024-H1,3.7,3435.0
11387,4443,2024-H2,4.4,3435.0
11388,4444,2023-H1,3.2,1576.0
11389,4444,2023-H2,3.4,1576.0
11390,4444,2024-H1,3.3,1576.0
11391,4444,2024-H2,3.1,1576.0
11392,4445,2023-H1,4.0,2395.0
11393,4445,2023-H2,3.7,2395.0
11394,4445,2024-H1,4.3,2395.0
11395,4445,2024-H2,3.9,2395.0
11396,4446,2023-H1,3.1,4952.0
11397,4446,2023-H2,3.1,4952.0
11398,4446,2024-H1,3.0,4952.0
11399,4446,2024-H2,2.9,4952.0
11400,4447,2023-H2,2.7,4888.0
11401,4447,2024-H1,2.1,4888.0
11402,4447,2024-H2,2.2,4888.0
11403,4448,2023-H1,2.8,1335.0
11404,4448,2023-H2,3.7,1335.0
11405,4448,2024-H1,3.6,1335.0
11406,4448,2024-H2,3.1,1335.0
11407,4451,2023-H1,4.0,3886.0
11408,4451,2023-H2,4.1,3886.0
11409,4451,2024-H1,3.7,3886.0
11410,4451,2024-H2,3.9,3886.0
11411,4452,2024-H1,3.2,1967.0
11412,4453,2023-H1,2.3,4484.0
11413,4453,2023-H2,2.6,4484.0
11414,4453,2024-H1,2.6,4484.0
11415,4453,2024-H2,2.5,4484.0
11416,4454,2023-H2,2.8,1886.0
11417,4454,2024-H1,2.7,1886.0
11418,4454,2024-H2,1.7,1886.0
11419,4455,2024-H1,4.2,2299.0
11420,4455,2024-H2,3.6,2299.0
11421,4456,2023-H1,2.7,1167.0
11422,4456,2023-H2,2.8,1167.0
11423,4456,2024-H1,2.7,1167.0
11424,4456,2024-H2,2.9,1167.0
11425,4457,2023-H1,4.0,1624.0
11426,4457,2023-H2,3.3,1624.0
11427,4457,2024-H1,3.3,1624.0
11428,4457,2024-H2,3.0,1624.0
11429,4459,2023-H1,3.4,1757.0
11430,4459,2023-H2,3.7,1757.0
11431,4459,2024-H1,3.6,1757.0
11432,4459,2024-H2,4.1,1757.0
11433,4460,2023-H1,4.8,4525.0
11434,4460,2023-H2,4.4,4525.0
11435,4460,2024-H1,4.2,4525.0
11436,4460,2024-H2,4.8,4525.0
11437,4461,2023-H1,3.5,1964.0
11438,4461,2023-H2,4.2,1964.0
11439,4461,2024-H1,4.1,1964.0
11440,4461,2024-H2,4.1,1964.0
11441,4462,2023-H1,3.1,1755.0
11442,4462,2023-H2,3.4,1755.0
11443,4462,2024-H1,3.8,1755.0
11444,4462,2024-H2,3.9,1755.0
11445,4463,2023-H1,3.7,2248.0
11446,4463,2023-H2,3.4,2248.0
11447,4463,2024-H1,3.4,2248.0
11448,4463,2024-H2,3.4,2248.0
11449,4464,2023-H1,3.6,5494.0
11450,4464,2023-H2,3.1,5494.0
11451,4464,2024-H1,3.6,5494.0
11452,4464,2024-H2,3.3,5494.0
11453,4465,2023-H1,2.8,5354.0
11454,4465,2023-H2,2.7,5354.0
11455,4465,2024-H1,3.6,5354.0
11456,4465,2024-H2,2.2,5354.0
11457,4466,2023-H1,3.6,4822.0
11458,4466,2023-H2,4.3,4822.0
11459,4466,2024-H1,3.3,4822.0
11460,4466,2024-H2,3.2,4822.0
11461,4467,2024-H1,4.2,1406.0
11462,4468,2023-H1,4.4,1166.0
11463,4468,2023-H2,4.4,1166.0
11464,4468,2024-H1,4.8,1166.0
11465,4468,2024-H2,5.0,1166.0
11466,4469,2023-H1,3.7,5203.0
11467,4469,2023-H2,4.3,5203.0
11468,4469,2024-H1,3.7,5203.0
11469,4469,2024-H2,4.5,5203.0
11470,4470,2023-H1,3.2,2815.0
11471,4470,2023-H2,2.9,2815.0
11472,4470,2024-H1,2.8,2815.0
11473,4470,2024-H2,3.7,2815.0
11474,4471,2023-H2,5.0,4815.0
11475,4471,2024-H1,5.0,4815.0
11476,4471,2024-H2,4.9,4815.0
11477,4472,2023-H1,2.2,3762.0
11478,4472,2023-H2,2.6,3762.0
11479,4472,2024-H1,3.7,3762.0
11480,4473,2024-H1,2.6,2392.0
11481,4473,2024-H2,3.3,2392.0
11482,4474,2023-H2,1.0,4946.0
11483,4474,2024-H1,2.0,4946.0
11484,4475,2023-H1,4.9,3205.0
11485,4475,2023-H2,3.3,3205.0
11486,4475,2024-H1,3.7,3205.0
11487,4475,2024-H2,4.0,3205.0
11488,4476,2023-H1,1.5,4815.0
11489,4476,2023-H2,2.5,4815.0
11490,4476,2024-H1,3.3,4815.0
11491,4476,2024-H2,1.8,4815.0
11492,4477,2023-H1,2.9,4156.0
11493,4477,2023-H2,2.8,4156.0
11494,4477,2024-H1,3.7,4156.0
11495,4477,2024-H2,2.9,4156.0
11496,4478,2023-H1,3.8,2451.0
11497,4478,2023-H2,3.5,2451.0
11498,4478,2024-H1,3.2,2451.0
11499,4478,2024-H2,4.0,2451.0
11500,4479,2023-H1,4.8,5185.0
11501,4479,2023-H2,4.2,5185.0
11502,4479,2024-H1,4.1,5185.0
11503,4479,2024-H2,4.1,5185.0
11504,4480,2023-H1,3.4,3944.0
11505,4480,2023-H2,4.2,3944.0
11506,4480,2024-H1,4.2,3944.0
11507,4480,2024-H2,3.3,3944.0
11508,4481,2023-H1,4.8,4590.0
11509,4481,2023-H2,5.0,4590.0
11510,4481,2024-H1,4.8,4590.0
11511,4481,2024-H2,4.2,4590.0
11512,4482,2023-H1,2.8,5288.0
11513,4482,2023-H2,2.3,5288.0
11514,4482,2024-H1,3.2,5288.0
11515,4482,2024-H2,3.5,5288.0
11516,4483,2023-H1,4.6,5093.0
11517,4483,2023-H2,4.0,5093.0
11518,4483,2024-H1,3.6,5093.0
11519,4483,2024-H2,3.4,5093.0
11520,4484,2023-H1,3.1,3037.0
11521,4484,2023-H2,3.6,3037.0
11522,4484,2024-H1,3.7,3037.0
11523,4484,2024-H2,3.9,3037.0
11524,4485,2024-H2,2.2,3029.0
11525,4486,2023-H1,2.8,1092.0
11526,4486,2023-H2,3.7,1092.0
11527,4486,2024-H1,4.0,1092.0
11528,4486,2024-H2,4.0,1092.0
11529,4487,2023-H1,3.8,1950.0
11530,4487,2023-H2,3.9,1950.0
11531,4487,2024-H1,3.5,1950.0
11532,4487,2024-H2,3.1,1950.0
11533,4488,2023-H1,3.1,5288.0
11534,4489,2023-H2,2.9,4062.0
11535,4489,2024-H1,2.8,4062.0
11536,4489,2024-H2,2.6,4062.0
11537,4491,2023-H1,3.4,3223.0
11538,4491,2023-H2,3.7,3223.0
11539,4491,2024-H1,4.4,3223.0
11540,4491,2024-H2,4.1,3223.0
11541,4492,2023-H2,5.0,3835.0
11542,4492,2024-H1,5.0,3835.0
11543,4492,2024-H2,4.5,3835.0
11544,4493,2023-H1,4.0,3267.0
11545,4493,2023-H2,3.7,3267.0
11546,4493,2024-H1,3.0,3267.0
11547,4493,2024-H2,3.8,3267.0
11548,4494,2023-H1,4.8,1248.0
11549,4494,2023-H2,4.4,1248.0
11550,4494,2024-H1,3.8,1248.0
11551,4494,2024-H2,4.5,1248.0
11552,4495,2023-H1,3.3,4212.0
11553,4495,2023-H2,4.6,4212.0
11554,4495,2024-H1,3.7,4212.0
11555,4495,2024-H2,3.7,4212.0
11556,4497,2023-H1,4.9,
11557,4497,2023-H2,4.5,
11558,4497,2024-H1,5.0,
11559,4497,2024-H2,4.7,
11560,4498,2024-H1,3.6,1757.0
11561,4498,2024-H2,3.2,1757.0
11562,4499,2023-H1,3.9,2654.0
11563,4499,2023-H2,4.2,2654.0
11564,4499,2024-H1,3.5,2654.0
11565,4499,2024-H2,3.7,2654.0
11566,4500,2023-H1,4.1,4619.0
11567,4500,2023-H2,3.6,4619.0
11568,4500,2024-H1,3.0,4619.0
11569,4500,2024-H2,4.7,4619.0
11570,4501,2023-H1,3.4,3189.0
11571,4501,2023-H2,3.2,3189.0
11572,4501,2024-H1,3.4,3189.0
11573,4501,2024-H2,3.6,3189.0
11574,4502,2023-H1,4.6,1725.0
11575,4502,2023-H2,4.5,1725.0
11576,4502,2024-H1,4.3,1725.0
11577,4502,2024-H2,4.2,1725.0
11578,4503,2024-H1,5.0,1943.0
11579,4504,2023-H1,2.6,4121.0
11580,4504,2023-H2,2.7,4121.0
11581,4504,2024-H1,2.6,4121.0
11582,4504,2024-H2,2.5,4121.0
11583,4505,2023-H1,3.4,4204.0
11584,4505,2023-H2,4.2,4204.0
11585,4505,2024-H1,3.2,4204.0
11586,4505,2024-H2,3.6,4204.0
11587,4506,2023-H1,4.8,2200.0
11588,4506,2023-H2,5.0,2200.0
11589,4506,2024-H1,4.5,2200.0
11590,4506,2024-H2,4.4,2200.0
11591,4507,2023-H1,3.7,4884.0
11592,4507,2023-H2,3.6,4884.0
11593,4508,2023-H1,3.1,3516.0
11594,4508,2023-H2,2.6,3516.0
11595,4508,2024-H1,2.2,3516.0
11596,4508,2024-H2,2.5,3516.0
11597,4509,2023-H1,4.2,2730.0
11598,4509,2023-H2,3.9,2730.0
11599,4509,2024-H1,3.6,2730.0
11600,4509,2024-H2,3.0,2730.0
11601,4510,2023-H2,3.9,1082.0
11602,4510,2024-H1,4.5,1082.0
11603,4510,2024-H2,3.3,1082.0
11604,4511,2024-H2,3.5,4239.0
11605,4512,2024-H2,3.1,2417.0
11606,4514,2023-H1,3.4,2760.0
11607,4514,2023-H2,4.1,2760.0
11608,4514,2024-H1,4.4,2760.0
11609,4514,2024-H2,3.6,2760.0
11610,4515,2023-H1,4.2,3880.0
11611,4515,2023-H2,4.0,3880.0
11612,4515,2024-H1,3.6,3880.0
11613,4515,2024-H2,4.5,3880.0
11614,4516,2023-H1,5.0,1417.0
11615,4516,2023-H2,4.9,1417.0
11616,4516,2024-H1,5.0,1417.0
11617,4516,2024-H2,5.0,1417.0
11618,4517,2023-H1,3.6,3037.0
11619,4517,2023-H2,3.4,3037.0
11620,4517,2024-H1,3.3,3037.0
11621,4517,2024-H2,4.1,3037.0
11622,4518,2023-H1,3.8,3798.0
11623,4518,2023-H2,3.8,3798.0
11624,4518,2024-H1,4.0,3798.0
11625,4518,2024-H2,3.0,3798.0
11626,4519,2023-H1,2.4,5288.0
11627,4519,2023-H2,2.3,5288.0
11628,4519,2024-H1,1.9,5288.0
11629,4519,2024-H2,2.0,5288.0
11630,4520,2023-H1,2.7,1335.0
11631,4520,2023-H2,2.8,1335.0
11632,4520,2024-H1,2.8,1335.0
11633,4520,2024-H2,2.6,1335.0
11634,4521,2023-H1,4.5,3851.0
11635,4521,2023-H2,5.0,3851.0
11636,4521,2024-H1,4.7,3851.0
11637,4521,2024-H2,4.3,3851.0
11638,4522,2023-H1,3.6,2247.0
11639,4522,2023-H2,4.1,2247.0
11640,4522,2024-H1,4.5,2247.0
11641,4522,2024-H2,3.7,2247.0
11642,4523,2023-H1,3.0,4510.0
11643,4523,2023-H2,3.0,4510.0
11644,4523,2024-H1,3.3,4510.0
11645,4523,2024-H2,2.6,4510.0
11646,4524,2023-H1,3.3,1157.0
11647,4524,2023-H2,3.3,1157.0
11648,4524,2024-H1,4.1,1157.0
11649,4524,2024-H2,4.0,1157.0
11650,4525,2023-H1,2.9,5491.0
11651,4525,2023-H2,2.5,5491.0
11652,4525,2024-H1,3.6,5491.0
11653,4525,2024-H2,2.9,5491.0
11654,4526,2023-H1,4.4,4872.0
11655,4526,2023-H2,4.7,4872.0
11656,4526,2024-H1,4.5,4872.0
11657,4526,2024-H2,4.3,4872.0
11658,4528,2023-H1,3.0,1575.0
11659,4528,2023-H2,3.4,1575.0
11660,4528,2024-H1,3.0,1575.0
11661,4528,2024-H2,3.0,1575.0
11662,4529,2023-H1,3.9,2414.0
11663,4529,2023-H2,3.6,2414.0
11664,4529,2024-H1,3.7,2414.0
11665,4529,2024-H2,3.7,2414.0
11666,4530,2024-H1,3.2,2112.0
11667,4530,2024-H2,2.2,2112.0
11668,4531,2023-H1,2.8,1426.0
11669,4532,2024-H1,4.8,4928.0
11670,4532,2024-H2,4.4,4928.0
11671,4533,2023-H1,3.3,4902.0
11672,4533,2023-H2,3.9,4902.0
11673,4533,2024-H1,2.7,4902.0
11674,4533,2024-H2,2.0,4902.0
11675,4534,2023-H1,4.3,1573.0
11676,4534,2023-H2,4.0,1573.0
11677,4534,2024-H1,4.4,1573.0
11678,4534,2024-H2,3.8,1573.0
11679,4535,2023-H1,3.5,1900.0
11680,4535,2023-H2,3.3,1900.0
11681,4535,2024-H1,3.8,1900.0
11682,4535,2024-H2,2.9,1900.0
11683,4536,2023-H1,3.8,5180.0
11684,4536,2023-H2,3.2,5180.0
11685,4537,2023-H1,3.4,2040.0
11686,4537,2023-H2,2.9,2040.0
11687,4537,2024-H1,3.7,2040.0
11688,4537,2024-H2,3.5,2040.0
11689,4538,2023-H1,2.7,3441.0
11690,4538,2023-H2,2.9,3441.0
11691,4538,2024-H1,3.1,3441.0
11692,4538,2024-H2,3.0,3441.0
11693,4539,2023-H1,3.9,3813.0
11694,4539,2023-H2,4.3,3813.0
11695,4539,2024-H1,3.6,3813.0
11696,4539,2024-H2,4.0,3813.0
11697,4540,2023-H2,3.8,2950.0
11698,4540,2024-H1,3.8,2950.0
11699,4540,2024-H2,3.2,2950.0
11700,4541,2023-H1,4.2,4196.0
11701,4541,2023-H2,2.9,4196.0
11702,4541,2024-H1,4.2,4196.0
11703,4541,2024-H2,3.3,4196.0
11704,4543,2023-H1,4.1,1402.0
11705,4543,2023-H2,4.0,1402.0
11706,4543,2024-H1,3.4,1402.0
11707,4543,2024-H2,4.3,1402.0
11708,4544,2023-H1,2.8,5305.0
11709,4544,2023-H2,2.9,5305.0
11710,4544,2024-H1,2.8,5305.0
11711,4544,2024-H2,3.5,5305.0
11712,4545,2023-H1,3.3,4553.0
11713,4545,2023-H2,2.6,4553.0
11714,4545,2024-H1,3.0,4553.0
11715,4545,2024-H2,2.3,4553.0
11716,4546,2024-H2,3.2,5231.0
11717,4547,2023-H1,4.0,4014.0
11718,4547,2023-H2,3.6,4014.0
11719,4547,2024-H1,3.5,4014.0
11720,4547,2024-H2,4.2,4014.0
11721,4548,2023-H1,3.4,4429.0
11722,4548,2023-H2,2.6,4429.0
11723,4548,2024-H1,3.7,4429.0
11724,4548,2024-H2,3.3,4429.0
11725,4549,2023-H2,4.6,4216.0
11726,4549,2024-H1,5.0,4216.0
11727,4549,2024-H2,4.5,4216.0
11728,4550,2023-H1,3.0,3202.0
11729,4550,2023-H2,3.5,3202.0
11730,4550,2024-H1,3.4,3202.0
11731,4550,2024-H2,3.5,3202.0
11732,4551,2023-H1,3.1,2540.0
11733,4551,2023-H2,3.3,2540.0
11734,4551,2024-H1,2.5,2540.0
11735,4551,2024-H2,3.5,2540.0
11736,4552,2023-H1,2.6,3735.0
11737,4552,2023-H2,2.2,3735.0
11738,4552,2024-H1,2.0,3735.0
11739,4552,2024-H2,2.0,3735.0
11740,4553,2023-H1,3.9,1835.0
11741,4553,2023-H2,3.6,1835.0
11742,4553,2024-H1,2.6,1835.0
11743,4553,2024-H2,2.9,1835.0
11744,4554,2023-H1,1.8,1835.0
11745,4554,2023-H2,3.2,1835.0
11746,4554,2024-H1,1.7,1835.0
11747,4554,2024-H2,2.6,1835.0
11748,4555,2023-H1,4.7,4645.0
11749,4555,2023-H2,5.0,4645.0
11750,4555,2024-H1,4.9,4645.0
11751,4555,2024-H2,4.7,4645.0
11752,4556,2024-H2,4.0,1184.0
11753,4557,2023-H1,4.6,2461.0
11754,4557,2023-H2,3.7,2461.0
11755,4557,2024-H1,3.0,2461.0
11756,4557,2024-H2,4.7,2461.0
11757,4558,2023-H1,3.9,3598.0
11758,4558,2023-H2,2.9,3598.0
11759,4558,2024-H1,3.1,3598.0
11760,4558,2024-H2,1.8,3598.0
11761,4559,2023-H1,2.7,4056.0
11762,4559,2023-H2,3.1,4056.0
11763,4559,2024-H1,2.8,4056.0
11764,4559,2024-H2,2.5,4056.0
11765,4561,2024-H1,3.9,1016.0
11766,4562,2023-H1,1.8,1067.0
11767,4562,2023-H2,2.3,1067.0
11768,4562,2024-H1,1.8,1067.0
11769,4562,2024-H2,1.1,1067.0
11770,4563,2023-H1,4.2,3498.0
11771,4563,2023-H2,4.7,3498.0
11772,4563,2024-H1,4.3,3498.0
11773,4563,2024-H2,4.4,3498.0
11774,4564,2023-H1,4.8,2757.0
11775,4564,2023-H2,4.5,2757.0
11776,4564,2024-H1,4.1,2757.0
11777,4564,2024-H2,3.8,2757.0
11778,4565,2023-H1,3.2,1153.0
11779,4565,2023-H2,3.3,1153.0
11780,4565,2024-H1,3.3,1153.0
11781,4565,2024-H2,3.2,1153.0
11782,4566,2023-H1,3.7,2610.0
11783,4566,2023-H2,3.7,2610.0
11784,4566,2024-H1,3.8,2610.0
11785,4566,2024-H2,3.4,2610.0
11786,4567,2023-H1,1.6,4790.0
11787,4567,2023-H2,1.8,4790.0
11788,4567,2024-H1,1.8,4790.0
11789,4567,2024-H2,1.8,4790.0
11790,4568,2023-H1,3.6,1351.0
11791,4568,2023-H2,3.2,1351.0
11792,4568,2024-H1,3.6,1351.0
11793,4568,2024-H2,3.2,1351.0
11794,4569,2024-H1,4.0,3279.0
11795,4569,2024-H2,3.8,3279.0
11796,4570,2023-H2,1.5,3986.0
11797,4570,2024-H1,1.5,3986.0
11798,4570,2024-H2,1.4,3986.0
11799,4571,2023-H1,4.6,3495.0
11800,4571,2023-H2,3.7,3495.0
11801,4571,2024-H1,4.1,3495.0
11802,4571,2024-H2,4.5,3495.0
11803,4572,2023-H1,2.9,1755.0
11804,4572,2023-H2,2.8,1755.0
11805,4572,2024-H1,2.9,1755.0
11806,4572,2024-H2,2.5,1755.0
11807,4573,2023-H2,2.7,4552.0
11808,4573,2024-H1,3.3,4552.0
11809,4573,2024-H2,3.7,4552.0
11810,4574,2024-H1,3.9,1222.0
11811,4574,2024-H2,3.6,1222.0
11812,4575,2023-H1,3.7,2376.0
11813,4575,2023-H2,4.5,2376.0
11814,4575,2024-H1,4.7,2376.0
11815,4575,2024-H2,4.5,2376.0
11816,4577,2023-H1,2.4,2318.0
11817,4577,2023-H2,2.6,2318.0
11818,4577,2024-H1,2.6,2318.0
11819,4577,2024-H2,3.6,2318.0
11820,4578,2023-H1,3.5,4929.0
11821,4578,2023-H2,4.1,4929.0
11822,4578,2024-H1,3.5,4929.0
11823,4578,2024-H2,3.4,4929.0
11824,4579,2023-H1,3.3,2665.0
11825,4579,2023-H2,3.1,2665.0
11826,4579,2024-H1,3.7,2665.0
11827,4579,2024-H2,3.6,2665.0
11828,4580,2023-H2,3.7,3001.0
11829,4580,2024-H1,3.1,3001.0
11830,4580,2024-H2,3.8,3001.0
11831,4581,2023-H1,2.6,3798.0
11832,4581,2023-H2,2.8,3798.0
11833,4581,2024-H1,3.3,3798.0
11834,4581,2024-H2,2.4,3798.0
11835,4582,2023-H1,3.8,5254.0
11836,4582,2023-H2,3.6,5254.0
11837,4582,2024-H1,3.0,5254.0
11838,4582,2024-H2,3.3,5254.0
11839,4583,2023-H1,4.5,2442.0
11840,4583,2023-H2,4.2,2442.0
11841,4583,2024-H1,5.0,2442.0
11842,4583,2024-H2,4.2,2442.0
11843,4584,2023-H1,2.8,2621.0
11844,4584,2023-H2,3.1,2621.0
11845,4584,2024-H1,3.6,2621.0
11846,4584,2024-H2,3.5,2621.0
11847,4585,2023-H1,2.9,3603.0
11848,4585,2023-H2,2.2,3603.0
11849,4585,2024-H1,2.2,3603.0
11850,4585,2024-H2,2.6,3603.0
11851,4586,2023-H2,2.6,3531.0
11852,4586,2024-H1,2.0,3531.0
11853,4587,2023-H1,4.6,4846.0
11854,4587,2023-H2,4.9,4846.0
11855,4587,2024-H1,4.9,4846.0
11856,4587,2024-H2,4.5,4846.0
11857,4588,2023-H1,3.0,4658.0
11858,4588,2023-H2,3.4,4658.0
11859,4588,2024-H1,3.3,4658.0
11860,4588,2024-H2,4.1,4658.0
11861,4589,2023-H1,3.7,1438.0
11862,4589,2023-H2,4.2,1438.0
11863,4589,2024-H1,3.9,1438.0
11864,4589,2024-H2,3.8,1438.0
11865,4590,2023-H1,2.8,1126.0
11866,4590,2023-H2,2.9,1126.0
11867,4590,2024-H1,2.6,1126.0
11868,4590,2024-H2,2.7,1126.0
11869,4591,2024-H2,4.0,3211.0
11870,4592,2023-H1,4.6,2665.0
11871,4592,2023-H2,4.6,2665.0
11872,4592,2024-H1,5.0,2665.0
11873,4592,2024-H2,5.0,2665.0
11874,4593,2023-H1,2.7,1513.0
11875,4593,2023-H2,2.8,1513.0
11876,4593,2024-H1,2.4,1513.0
11877,4593,2024-H2,2.0,1513.0
11878,4594,2023-H1,4.7,1835.0
11879,4594,2023-H2,4.7,1835.0
11880,4594,2024-H1,4.1,1835.0
11881,4594,2024-H2,3.8,1835.0
11882,4595,2023-H1,4.2,2805.0
11883,4595,2023-H2,4.7,2805.0
11884,4595,2024-H1,3.7,2805.0
11885,4595,2024-H2,3.9,2805.0
11886,4596,2024-H1,3.5,5052.0
11887,4597,2023-H1,4.0,4840.0
11888,4597,2023-H2,2.6,4840.0
11889,4597,2024-H1,3.5,4840.0
11890,4597,2024-H2,2.9,4840.0
11891,4598,2023-H1,3.7,3422.0
11892,4598,2023-H2,4.4,3422.0
11893,4598,2024-H1,3.4,3422.0
11894,4598,2024-H2,3.6,3422.0
11895,4599,2023-H1,4.6,2076.0
11896,4599,2023-H2,4.4,2076.0
11897,4599,2024-H1,5.0,2076.0
11898,4599,2024-H2,4.3,2076.0
11899,4600,2023-H2,2.6,4497.0
11900,4600,2024-H1,3.1,4497.0
11901,4600,2024-H2,3.2,4497.0
11902,4601,2023-H1,4.5,3345.0
11903,4601,2023-H2,3.8,3345.0
11904,4601,2024-H1,4.1,3345.0
11905,4601,2024-H2,4.6,3345.0
11906,4602,2023-H1,1.9,2572.0
11907,4602,2023-H2,3.0,2572.0
11908,4602,2024-H1,2.5,2572.0
11909,4602,2024-H2,2.4,2572.0
11910,4603,2023-H1,4.2,3008.0
11911,4603,2023-H2,3.5,3008.0
11912,4603,2024-H1,4.0,3008.0
11913,4603,2024-H2,4.8,3008.0
11914,4605,2023-H1,2.7,3089.0
11915,4605,2023-H2,3.1,3089.0
11916,4605,2024-H1,3.2,3089.0
11917,4605,2024-H2,2.3,3089.0
11918,4606,2023-H1,4.2,1808.0
11919,4606,2023-H2,4.2,1808.0
11920,4606,2024-H1,4.6,1808.0
11921,4607,2023-H1,3.6,5125.0
11922,4607,2023-H2,3.3,5125.0
11923,4607,2024-H1,4.3,5125.0
11924,4607,2024-H2,3.5,5125.0
11925,4608,2023-H1,3.8,2129.0
11926,4608,2023-H2,3.4,2129.0
11927,4608,2024-H1,2.5,2129.0
11928,4608,2024-H2,2.8,2129.0
11929,4609,2024-H1,3.3,4534.0
11930,4609,2024-H2,3.4,4534.0
11931,4610,2023-H1,2.4,4460.0
11932,4610,2023-H2,2.7,4460.0
11933,4610,2024-H1,2.1,4460.0
11934,4610,2024-H2,2.5,4460.0
11935,4611,2024-H2,3.6,4858.0
11936,4612,2023-H1,2.8,2800.0
11937,4612,2023-H2,3.0,2800.0
11938,4612,2024-H1,3.3,2800.0
11939,4612,2024-H2,2.7,2800.0
11940,4613,2023-H1,3.9,2756.0
11941,4613,2023-H2,2.9,2756.0
11942,4613,2024-H1,3.4,2756.0
11943,4613,2024-H2,3.4,2756.0
11944,4614,2023-H1,2.6,5305.0
11945,4614,2023-H2,3.1,5305.0
11946,4614,2024-H1,2.4,5305.0
11947,4614,2024-H2,2.4,5305.0
11948,4615,2023-H1,3.9,4736.0
11949,4615,2023-H2,3.8,4736.0
11950,4615,2024-H1,3.6,4736.0
11951,4615,2024-H2,4.7,4736.0
11952,4616,2023-H1,3.0,3603.0
11953,4616,2023-H2,2.6,3603.0
11954,4616,2024-H1,3.3,3603.0
11955,4616,2024-H2,3.0,3603.0
11956,4618,2023-H1,3.8,4581.0
11957,4618,2023-H2,2.8,4581.0
11958,4618,2024-H1,3.5,4581.0
11959,4618,2024-H2,4.0,4581.0
11960,4619,2023-H1,5.0,2792.0
11961,4619,2023-H2,4.9,2792.0
11962,4619,2024-H1,4.7,2792.0
11963,4619,2024-H2,5.0,2792.0
11964,4620,2023-H1,3.8,2513.0
11965,4620,2023-H2,3.7,2513.0
11966,4620,2024-H1,3.8,2513.0
11967,4620,2024-H2,3.6,2513.0
11968,4622,2023-H1,3.5,4283.0
11969,4622,2023-H2,4.1,4283.0
11970,4622,2024-H1,4.0,4283.0
11971,4622,2024-H2,3.7,4283.0
11972,4623,2023-H1,3.1,2511.0
11973,4623,2023-H2,3.1,2511.0
11974,4623,2024-H1,3.2,2511.0
11975,4624,2023-H1,5.0,1882.0
11976,4624,2023-H2,4.0,1882.0
11977,4624,2024-H1,4.5,1882.0
11978,4624,2024-H2,5.0,1882.0
11979,4625,2023-H1,3.6,5380.0
11980,4625,2023-H2,3.7,5380.0
11981,4625,2024-H1,3.9,5380.0
11982,4626,2023-H1,3.4,1090.0
11983,4626,2023-H2,4.1,1090.0
11984,4626,2024-H1,4.3,1090.0
11985,4626,2024-H2,3.7,1090.0
11986,4628,2023-H1,3.5,4961.0
11987,4628,2023-H2,2.9,4961.0
11988,4628,2024-H1,3.3,4961.0
11989,4628,2024-H2,2.6,4961.0
11990,4629,2023-H1,4.2,4981.0
11991,4629,2023-H2,3.7,4981.0
11992,4629,2024-H1,4.1,4981.0
11993,4629,2024-H2,3.4,4981.0
11994,4630,2023-H1,3.8,4935.0
11995,4630,2023-H2,4.4,4935.0
11996,4630,2024-H1,4.8,4935.0
11997,4630,2024-H2,4.2,4935.0
11998,4631,2023-H1,3.4,4322.0
11999,4631,2023-H2,3.9,4322.0
12000,4631,2024-H1,3.8,4322.0
12001,4631,2024-H2,3.7,4322.0
12002,4633,2023-H1,3.0,3348.0
12003,4633,2023-H2,2.5,3348.0
12004,4633,2024-H1,3.5,3348.0
12005,4633,2024-H2,2.7,3348.0
12006,4634,2023-H1,3.8,5466.0
12007,4634,2023-H2,4.1,5466.0
12008,4634,2024-H1,4.1,5466.0
12009,4634,2024-H2,4.3,5466.0
12010,4635,2023-H1,4.9,2095.0
12011,4635,2023-H2,5.0,2095.0
12012,4635,2024-H1,5.0,2095.0
12013,4635,2024-H2,4.3,2095.0
12014,4636,2023-H1,1.6,1955.0
12015,4637,2023-H1,2.0,2474.0
12016,4637,2023-H2,2.4,2474.0
12017,4637,2024-H1,2.8,2474.0
12018,4637,2024-H2,2.7,2474.0
12019,4638,2023-H1,4.6,4975.0
12020,4638,2023-H2,4.4,4975.0
12021,4638,2024-H1,3.7,4975.0
12022,4639,2023-H1,2.9,4116.0
12023,4639,2023-H2,2.9,4116.0
12024,4639,2024-H1,3.9,4116.0
12025,4639,2024-H2,3.3,4116.0
12026,4640,2023-H1,3.3,1835.0
12027,4640,2023-H2,3.2,1835.0
12028,4640,2024-H1,2.8,1835.0
12029,4640,2024-H2,2.5,1835.0
12030,4641,2023-H1,4.3,4588.0
12031,4641,2023-H2,3.0,4588.0
12032,4641,2024-H1,4.1,4588.0
12033,4641,2024-H2,4.1,4588.0
12034,4642,2023-H1,3.2,5466.0
12035,4642,2023-H2,2.4,5466.0
12036,4642,2024-H1,2.8,5466.0
12037,4642,2024-H2,2.7,5466.0
12038,4643,2023-H1,2.1,
12039,4643,2023-H2,2.3,
12040,4643,2024-H1,2.7,
12041,4643,2024-H2,1.8,
12042,4644,2023-H1,3.0,4146.0
12043,4644,2023-H2,2.6,4146.0
12044,4644,2024-H1,3.0,4146.0
12045,4644,2024-H2,3.6,4146.0
12046,4645,2023-H1,3.5,5321.0
12047,4645,2023-H2,3.3,5321.0
12048,4645,2024-H1,3.0,5321.0
12049,4645,2024-H2,3.8,5321.0
12050,4646,2023-H1,4.9,4476.0
12051,4646,2023-H2,4.4,4476.0
12052,4646,2024-H1,5.0,4476.0
12053,4646,2024-H2,4.9,4476.0
12054,4647,2023-H1,2.3,2812.0
12055,4647,2023-H2,2.8,2812.0
12056,4647,2024-H1,3.8,2812.0
12057,4647,2024-H2,2.8,2812.0
12058,4649,2023-H2,4.3,2805.0
12059,4649,2024-H1,4.4,2805.0
12060,4649,2024-H2,3.6,2805.0
12061,4651,2023-H1,4.4,4595.0
12062,4651,2023-H2,4.3,4595.0
12063,4651,2024-H1,4.0,4595.0
12064,4651,2024-H2,5.0,4595.0
12065,4652,2023-H1,5.0,2218.0
12066,4652,2023-H2,4.8,2218.0
12067,4652,2024-H1,4.6,2218.0
12068,4652,2024-H2,4.9,2218.0
12069,4653,2024-H1,4.1,3325.0
12070,4653,2024-H2,4.4,3325.0
12071,4654,2023-H1,3.5,1219.0
12072,4654,2023-H2,4.2,1219.0
12073,4654,2024-H1,4.7,1219.0
12074,4654,2024-H2,4.3,1219.0
12075,4655,2024-H1,4.2,1400.0
12076,4655,2024-H2,3.3,1400.0
12077,4656,2023-H1,3.2,2306.0
12078,4656,2023-H2,2.5,2306.0
12079,4656,2024-H1,2.6,2306.0
12080,4656,2024-H2,3.1,2306.0
12081,4657,2023-H2,1.9,3917.0
12082,4657,2024-H1,2.3,3917.0
12083,4658,2023-H1,3.2,5155.0
12084,4658,2023-H2,2.7,5155.0
12085,4658,2024-H1,3.1,5155.0
12086,4658,2024-H2,2.9,5155.0
12087,4659,2023-H1,4.1,1103.0
12088,4659,2023-H2,3.0,1103.0
12089,4659,2024-H1,2.7,1103.0
12090,4659,2024-H2,3.4,1103.0
12091,4660,2023-H1,3.7,3396.0
12092,4660,2023-H2,4.0,3396.0
12093,4660,2024-H1,4.2,3396.0
12094,4660,2024-H2,3.4,3396.0
12095,4661,2023-H1,3.2,4315.0
12096,4661,2023-H2,3.4,4315.0
12097,4661,2024-H1,3.1,4315.0
12098,4661,2024-H2,3.1,4315.0
12099,4662,2023-H1,4.2,2896.0
12100,4662,2023-H2,4.4,2896.0
12101,4662,2024-H1,4.9,2896.0
12102,4662,2024-H2,5.0,2896.0
12103,4663,2023-H1,2.5,4968.0
12104,4663,2023-H2,2.8,4968.0
12105,4663,2024-H1,2.6,4968.0
12106,4663,2024-H2,2.1,4968.0
12107,4664,2023-H1,2.7,3595.0
12108,4664,2023-H2,2.8,3595.0
12109,4664,2024-H1,3.8,3595.0
12110,4664,2024-H2,3.7,3595.0
12111,4666,2023-H1,3.8,3995.0
12112,4666,2023-H2,3.7,3995.0
12113,4666,2024-H1,3.7,3995.0
12114,4666,2024-H2,4.0,3995.0
12115,4667,2023-H1,3.4,4438.0
12116,4667,2023-H2,4.1,4438.0
12117,4667,2024-H1,3.8,4438.0
12118,4667,2024-H2,4.1,4438.0
12119,4669,2023-H1,3.2,2691.0
12120,4669,2023-H2,3.4,2691.0
12121,4669,2024-H1,3.4,2691.0
12122,4669,2024-H2,2.9,2691.0
12123,4670,2023-H1,4.1,2798.0
12124,4670,2023-H2,3.4,2798.0
12125,4670,2024-H1,4.0,2798.0
12126,4670,2024-H2,3.6,2798.0
12127,4671,2024-H1,4.7,3036.0
12128,4672,2023-H1,2.3,3607.0
12129,4672,2023-H2,2.1,3607.0
12130,4672,2024-H1,2.1,3607.0
12131,4672,2024-H2,2.7,3607.0
12132,4674,2023-H1,3.7,2006.0
12133,4674,2023-H2,2.9,2006.0
12134,4674,2024-H1,3.3,2006.0
12135,4674,2024-H2,4.1,2006.0
12136,4675,2023-H1,3.2,3037.0
12137,4675,2023-H2,3.3,3037.0
12138,4675,2024-H1,3.2,3037.0
12139,4675,2024-H2,2.3,3037.0
12140,4676,2023-H1,3.6,5488.0
12141,4676,2023-H2,3.6,5488.0
12142,4676,2024-H1,4.4,5488.0
12143,4676,2024-H2,3.8,5488.0
12144,4678,2024-H2,3.8,2194.0
12145,4679,2023-H1,2.5,5008.0
12146,4679,2023-H2,4.0,5008.0
12147,4679,2024-H1,3.1,5008.0
12148,4679,2024-H2,3.1,5008.0
12149,4681,2024-H1,4.8,4849.0
12150,4681,2024-H2,3.8,4849.0
12151,4682,2023-H1,4.4,3440.0
12152,4682,2023-H2,4.6,3440.0
12153,4682,2024-H1,4.3,3440.0
12154,4682,2024-H2,4.1,3440.0
12155,4684,2023-H1,1.8,4460.0
12156,4684,2023-H2,2.1,4460.0
12157,4684,2024-H1,1.5,4460.0
12158,4684,2024-H2,2.7,4460.0
12159,4685,2023-H1,4.9,1109.0
12160,4685,2023-H2,4.3,1109.0
12161,4685,2024-H1,4.4,1109.0
12162,4685,2024-H2,5.0,1109.0
12163,4686,2023-H1,2.6,4731.0
12164,4686,2023-H2,2.6,4731.0
12165,4686,2024-H1,2.7,4731.0
12166,4686,2024-H2,2.3,4731.0
12167,4687,2024-H1,1.9,2330.0
12168,4687,2024-H2,2.2,2330.0
12169,4688,2023-H1,3.8,1304.0
12170,4688,2023-H2,3.3,1304.0
12171,4688,2024-H1,3.2,1304.0
12172,4688,2024-H2,3.4,1304.0
12173,4690,2023-H1,3.1,2382.0
12174,4690,2023-H2,3.3,2382.0
12175,4690,2024-H1,3.6,2382.0
12176,4690,2024-H2,3.7,2382.0
12177,4691,2023-H1,4.1,4340.0
12178,4691,2023-H2,4.0,4340.0
12179,4691,2024-H1,3.9,4340.0
12180,4691,2024-H2,3.6,4340.0
12181,4692,2023-H1,5.0,1205.0
12182,4692,2023-H2,5.0,1205.0
12183,4693,2023-H1,3.9,3303.0
12184,4693,2023-H2,3.6,3303.0
12185,4693,2024-H1,3.9,3303.0
12186,4693,2024-H2,3.2,3303.0
12187,4694,2023-H1,3.4,3606.0
12188,4694,2023-H2,3.3,3606.0
12189,4694,2024-H1,2.7,3606.0
12190,4694,2024-H2,2.9,3606.0
12191,4696,2023-H1,3.6,1967.0
12192,4696,2023-H2,4.4,1967.0
12193,4696,2024-H1,3.4,1967.0
12194,4696,2024-H2,3.7,1967.0
12195,4697,2024-H1,3.2,2684.0
12196,4697,2024-H2,3.1,2684.0
12197,4698,2023-H1,3.6,3130.0
12198,4698,2023-H2,3.4,3130.0
12199,4698,2024-H1,3.1,3130.0
12200,4698,2024-H2,4.2,3130.0
12201,4699,2023-H1,3.7,4939.0
12202,4699,2023-H2,3.6,4939.0
12203,4700,2024-H1,4.0,3931.0
12204,4700,2024-H2,3.6,3931.0
12205,4701,2023-H1,4.2,5466.0
12206,4701,2023-H2,4.4,5466.0
12207,4701,2024-H1,3.9,5466.0
12208,4701,2024-H2,4.0,5466.0
12209,4702,2023-H1,5.0,3991.0
12210,4702,2023-H2,5.0,3991.0
12211,4702,2024-H1,4.0,3991.0
12212,4702,2024-H2,5.0,3991.0
12213,4703,2023-H1,3.7,4828.0
12214,4703,2023-H2,4.1,4828.0
12215,4703,2024-H1,4.1,4828.0
12216,4703,2024-H2,3.4,4828.0
12217,4704,2023-H1,4.2,3045.0
12218,4704,2023-H2,4.4,3045.0
12219,4704,2024-H1,3.7,3045.0
12220,4704,2024-H2,4.3,3045.0
12221,4705,2023-H1,3.0,1147.0
12222,4705,2023-H2,2.8,1147.0
12223,4705,2024-H1,3.4,1147.0
12224,4705,2024-H2,3.6,1147.0
12225,4706,2024-H1,2.5,3446.0
12226,4707,2023-H1,3.7,1796.0
12227,4707,2023-H2,5.0,1796.0
12228,4707,2024-H1,4.5,1796.0
12229,4707,2024-H2,4.6,1796.0
12230,4708,2023-H1,3.4,1471.0
12231,4708,2023-H2,4.0,1471.0
12232,4708,2024-H1,3.8,1471.0
12233,4708,2024-H2,4.2,1471.0
12234,4709,2023-H1,2.1,3573.0
12235,4709,2023-H2,3.1,3573.0
12236,4709,2024-H1,2.5,3573.0
12237,4709,2024-H2,3.0,3573.0
12238,4710,2023-H1,3.9,2571.0
12239,4710,2023-H2,4.7,2571.0
12240,4710,2024-H1,3.8,2571.0
12241,4710,2024-H2,4.4,2571.0
12242,4711,2023-H1,2.6,1290.0
12243,4711,2023-H2,4.0,1290.0
12244,4711,2024-H1,2.8,1290.0
12245,4711,2024-H2,3.8,1290.0
12246,4712,2023-H1,2.6,5472.0
12247,4712,2023-H2,3.0,5472.0
12248,4712,2024-H1,2.1,5472.0
12249,4712,2024-H2,2.9,5472.0
12250,4713,2023-H1,3.4,3799.0
12251,4713,2023-H2,3.7,3799.0
12252,4713,2024-H1,2.9,3799.0
12253,4713,2024-H2,3.6,3799.0
12254,4714,2023-H1,3.6,5440.0
12255,4714,2023-H2,3.5,5440.0
12256,4714,2024-H1,3.8,5440.0
12257,4714,2024-H2,4.0,5440.0
12258,4715,2023-H1,5.0,1435.0
12259,4715,2023-H2,5.0,1435.0
12260,4715,2024-H1,4.6,1435.0
12261,4715,2024-H2,5.0,1435.0
12262,4716,2023-H1,1.7,3067.0
12263,4716,2023-H2,2.8,3067.0
12264,4716,2024-H1,2.8,3067.0
12265,4716,2024-H2,1.8,3067.0
12266,4717,2023-H1,3.9,4542.0
12267,4717,2023-H2,3.3,4542.0
12268,4717,2024-H1,3.8,4542.0
12269,4717,2024-H2,3.5,4542.0
12270,4718,2023-H1,3.5,2316.0
12271,4718,2023-H2,4.1,2316.0
12272,4718,2024-H1,3.7,2316.0
12273,4718,2024-H2,3.4,2316.0
12274,4719,2024-H1,4.0,4554.0
12275,4720,2023-H1,2.7,2846.0
12276,4720,2023-H2,3.2,2846.0
12277,4720,2024-H1,3.2,2846.0
12278,4720,2024-H2,2.6,2846.0
12279,4721,2023-H1,4.6,3272.0
12280,4721,2023-H2,3.9,3272.0
12281,4721,2024-H1,3.8,3272.0
12282,4721,2024-H2,4.8,3272.0
12283,4722,2023-H2,2.3,1961.0
12284,4722,2024-H1,2.3,1961.0
12285,4723,2023-H1,3.5,3932.0
12286,4723,2023-H2,2.4,3932.0
12287,4723,2024-H1,2.2,3932.0
12288,4723,2024-H2,3.6,3932.0
12289,4724,2023-H1,3.3,3092.0
12290,4724,2023-H2,3.8,3092.0
12291,4724,2024-H1,3.4,3092.0
12292,4724,2024-H2,3.3,3092.0
12293,4725,2023-H1,3.3,3727.0
12294,4725,2023-H2,4.2,3727.0
12295,4725,2024-H1,4.3,3727.0
12296,4725,2024-H2,3.4,3727.0
12297,4726,2023-H2,3.7,2917.0
12298,4726,2024-H1,4.3,2917.0
12299,4726,2024-H2,4.3,2917.0
12300,4727,2023-H1,2.6,1121.0
12301,4727,2023-H2,3.5,1121.0
12302,4727,2024-H1,3.4,1121.0
12303,4727,2024-H2,3.5,1121.0
12304,4728,2023-H1,4.8,3320.0
12305,4728,2023-H2,4.8,3320.0
12306,4728,2024-H1,5.0,3320.0
12307,4728,2024-H2,4.9,3320.0
12308,4729,2023-H1,4.2,3151.0
12309,4729,2023-H2,4.4,3151.0
12310,4729,2024-H1,4.6,3151.0
12311,4729,2024-H2,4.5,3151.0
12312,4730,2023-H1,2.8,1454.0
12313,4730,2023-H2,3.2,1454.0
12314,4730,2024-H1,4.0,1454.0
12315,4730,2024-H2,3.9,1454.0
12316,4731,2023-H1,3.3,2866.0
12317,4731,2023-H2,4.0,2866.0
12318,4731,2024-H1,3.5,2866.0
12319,4731,2024-H2,3.0,2866.0
12320,4732,2023-H1,3.1,
12321,4732,2023-H2,2.8,
12322,4732,2024-H1,3.2,
12323,4732,2024-H2,4.1,
12324,4733,2023-H1,4.0,4554.0
12325,4733,2023-H2,3.9,4554.0
12326,4733,2024-H1,4.0,4554.0
12327,4733,2024-H2,4.0,4554.0
12328,4734,2023-H1,4.9,4119.0
12329,4734,2023-H2,5.0,4119.0
12330,4734,2024-H1,5.0,4119.0
12331,4734,2024-H2,4.4,4119.0
12332,4735,2023-H1,2.8,2846.0
12333,4735,2023-H2,2.9,2846.0
12334,4735,2024-H1,3.3,2846.0
12335,4735,2024-H2,3.0,2846.0
12336,4736,2023-H1,3.3,3794.0
12337,4736,2023-H2,3.5,3794.0
12338,4736,2024-H1,4.3,3794.0
12339,4736,2024-H2,3.6,3794.0
12340,4737,2023-H1,2.9,2800.0
12341,4737,2023-H2,3.0,2800.0
12342,4737,2024-H1,2.4,2800.0
12343,4737,2024-H2,3.4,2800.0
12344,4738,2023-H1,3.7,4101.0
12345,4738,2023-H2,3.2,4101.0
12346,4738,2024-H1,4.5,4101.0
12347,4738,2024-H2,3.8,4101.0
12348,4739,2023-H1,3.4,5203.0
12349,4740,2023-H1,3.6,4665.0
12350,4741,2023-H1,3.2,1933.0
12351,4741,2023-H2,4.0,1933.0
12352,4741,2024-H1,3.8,1933.0
12353,4742,2023-H1,3.2,3894.0
12354,4742,2023-H2,3.3,3894.0
12355,4742,2024-H1,3.7,3894.0
12356,4742,2024-H2,4.0,3894.0
12357,4743,2023-H1,3.5,1716.0
12358,4743,2023-H2,4.0,1716.0
12359,4743,2024-H1,4.3,1716.0
12360,4743,2024-H2,3.3,1716.0
12361,4744,2024-H1,2.6,1033.0
12362,4744,2024-H2,3.6,1033.0
12363,4745,2023-H1,3.3,2767.0
12364,4745,2023-H2,3.6,2767.0
12365,4745,2024-H1,3.8,2767.0
12366,4745,2024-H2,3.5,2767.0
12367,4746,2023-H1,3.7,4618.0
12368,4746,2023-H2,3.1,4618.0
12369,4746,2024-H1,4.1,4618.0
12370,4746,2024-H2,3.7,4618.0
12371,4747,2023-H1,1.7,4887.0
12372,4747,2023-H2,2.0,4887.0
12373,4747,2024-H1,1.7,4887.0
12374,4747,2024-H2,2.8,4887.0
12375,4748,2023-H1,3.3,3403.0
12376,4748,2023-H2,3.0,3403.0
12377,4748,2024-H1,4.0,3403.0
12378,4748,2024-H2,3.2,3403.0
12379,4749,2023-H1,3.7,2528.0
12380,4749,2023-H2,3.6,2528.0
12381,4749,2024-H1,3.3,2528.0
12382,4749,2024-H2,3.1,2528.0
12383,4751,2023-H2,3.7,3274.0
12384,4751,2024-H1,3.6,3274.0
12385,4751,2024-H2,3.0,3274.0
12386,4752,2023-H1,2.8,2451.0
12387,4752,2023-H2,2.7,2451.0
12388,4752,2024-H1,3.1,2451.0
12389,4752,2024-H2,2.6,2451.0
12390,4753,2023-H1,1.8,4151.0
12391,4753,2023-H2,2.8,4151.0
12392,4753,2024-H1,3.2,4151.0
12393,4754,2023-H1,4.1,2540.0
12394,4754,2023-H2,3.8,2540.0
12395,4754,2024-H1,3.7,2540.0
12396,4754,2024-H2,3.4,2540.0
12397,4755,2023-H1,4.9,4812.0
12398,4755,2023-H2,4.6,4812.0
12399,4755,2024-H1,4.0,4812.0
12400,4755,2024-H2,3.8,4812.0
12401,4756,2023-H1,3.5,2325.0
12402,4756,2023-H2,2.6,2325.0
12403,4756,2024-H1,2.7,2325.0
12404,4756,2024-H2,3.1,2325.0
12405,4757,2023-H2,3.5,5225.0
12406,4757,2024-H1,3.2,5225.0
12407,4757,2024-H2,3.7,5225.0
12408,4758,2023-H1,3.4,2138.0
12409,4758,2023-H2,4.4,2138.0
12410,4758,2024-H1,3.0,2138.0
12411,4758,2024-H2,3.5,2138.0
12412,4759,2023-H1,3.2,3958.0
12413,4759,2023-H2,3.7,3958.0
12414,4759,2024-H1,3.3,3958.0
12415,4759,2024-H2,3.4,3958.0
12416,4760,2023-H1,3.1,1616.0
12417,4760,2023-H2,3.5,1616.0
12418,4760,2024-H1,3.8,1616.0
12419,4760,2024-H2,3.4,1616.0
12420,4761,2023-H1,4.1,3219.0
12421,4761,2023-H2,3.8,3219.0
12422,4761,2024-H1,3.9,3219.0
12423,4761,2024-H2,4.6,3219.0
12424,4763,2023-H1,3.5,4780.0
12425,4763,2023-H2,4.4,4780.0
12426,4763,2024-H1,3.3,4780.0
12427,4763,2024-H2,3.5,4780.0
12428,4764,2023-H1,2.9,2595.0
12429,4764,2023-H2,2.8,2595.0
12430,4764,2024-H1,4.0,2595.0
12431,4764,2024-H2,3.5,2595.0
12432,4765,2023-H1,2.8,2326.0
12433,4765,2023-H2,3.8,2326.0
12434,4765,2024-H1,3.1,2326.0
12435,4765,2024-H2,2.8,2326.0
12436,4766,2023-H1,3.8,3052.0
12437,4766,2023-H2,3.3,3052.0
12438,4766,2024-H1,3.5,3052.0
12439,4766,2024-H2,3.5,3052.0
12440,4767,2023-H1,1.8,5366.0
12441,4767,2023-H2,2.2,5366.0
12442,4767,2024-H1,1.0,5366.0
12443,4767,2024-H2,2.1,5366.0
12444,4768,2023-H1,2.5,2630.0
12445,4768,2023-H2,3.5,2630.0
12446,4768,2024-H1,3.0,2630.0
12447,4768,2024-H2,2.4,2630.0
12448,4769,2023-H1,3.2,2275.0
12449,4769,2023-H2,2.7,2275.0
12450,4769,2024-H1,3.5,2275.0
12451,4769,2024-H2,2.8,2275.0
12452,4770,2024-H1,3.1,1016.0
12453,4771,2023-H1,2.9,1698.0
12454,4771,2023-H2,3.7,1698.0
12455,4771,2024-H1,3.3,1698.0
12456,4771,2024-H2,3.4,1698.0
12457,4772,2023-H2,2.6,1698.0
12458,4772,2024-H1,2.2,1698.0
12459,4772,2024-H2,2.0,1698.0
12460,4773,2023-H1,4.5,4471.0
12461,4773,2023-H2,4.2,4471.0
12462,4773,2024-H1,3.8,4471.0
12463,4773,2024-H2,4.6,4471.0
12464,4775,2023-H1,5.0,4158.0
12465,4775,2023-H2,4.5,4158.0
12466,4775,2024-H1,4.3,4158.0
12467,4775,2024-H2,5.0,4158.0
12468,4776,2023-H1,3.6,1967.0
12469,4776,2023-H2,2.0,1967.0
12470,4776,2024-H1,2.7,1967.0
12471,4776,2024-H2,2.9,1967.0
12472,4777,2023-H1,2.2,2495.0
12473,4777,2023-H2,2.9,2495.0
12474,4777,2024-H1,3.4,2495.0
12475,4777,2024-H2,2.2,2495.0
12476,4778,2023-H1,3.8,3313.0
12477,4778,2023-H2,3.6,3313.0
12478,4778,2024-H1,3.3,3313.0
12479,4778,2024-H2,3.5,3313.0
12480,4779,2024-H2,2.2,1168.0
12481,4780,2023-H2,3.9,3349.0
12482,4780,2024-H1,4.1,3349.0
12483,4780,2024-H2,3.9,3349.0
12484,4781,2023-H1,3.9,1209.0
12485,4781,2023-H2,3.4,1209.0
12486,4781,2024-H1,3.5,1209.0
12487,4781,2024-H2,3.5,1209.0
12488,4782,2023-H1,3.6,1169.0
12489,4783,2023-H1,2.7,4711.0
12490,4783,2023-H2,2.3,4711.0
12491,4783,2024-H1,3.1,4711.0
12492,4783,2024-H2,3.3,4711.0
12493,4784,2023-H1,4.0,4788.0
12494,4784,2023-H2,3.9,4788.0
12495,4784,2024-H1,4.2,4788.0
12496,4784,2024-H2,3.9,4788.0
12497,4785,2023-H1,4.0,4243.0
12498,4785,2023-H2,3.8,4243.0
12499,4785,2024-H1,3.8,4243.0
12500,4785,2024-H2,4.7,4243.0
12501,4787,2023-H1,3.8,4878.0
12502,4787,2023-H2,4.3,4878.0
12503,4787,2024-H1,3.8,4878.0
12504,4787,2024-H2,4.4,4878.0
12505,4788,2023-H1,3.6,4643.0
12506,4788,2023-H2,4.1,4643.0
12507,4788,2024-H1,3.5,4643.0
12508,4788,2024-H2,3.7,4643.0
12509,4789,2023-H1,1.9,1257.0
12510,4789,2023-H2,3.9,1257.0
12511,4789,2024-H1,1.5,1257.0
12512,4789,2024-H2,2.2,1257.0
12513,4790,2023-H1,3.5,4683.0
12514,4790,2023-H2,3.1,4683.0
12515,4790,2024-H1,2.6,4683.0
12516,4790,2024-H2,3.1,4683.0
12517,4792,2023-H1,2.6,4937.0
12518,4792,2023-H2,3.0,4937.0
12519,4792,2024-H1,3.3,4937.0
12520,4792,2024-H2,2.4,4937.0
12521,4793,2023-H1,4.0,5391.0
12522,4793,2023-H2,5.0,5391.0
12523,4793,2024-H1,4.6,5391.0
12524,4794,2023-H1,3.0,2112.0
12525,4794,2023-H2,2.8,2112.0
12526,4794,2024-H1,2.6,2112.0
12527,4794,2024-H2,3.2,2112.0
12528,4796,2023-H1,3.9,1079.0
12529,4796,2023-H2,3.0,1079.0
12530,4796,2024-H1,3.1,1079.0
12531,4796,2024-H2,3.4,1079.0
12532,4797,2024-H2,3.4,1254.0
12533,4798,2024-H1,4.2,1918.0
12534,4798,2024-H2,4.2,1918.0
12535,4799,2023-H1,2.9,4812.0
12536,4799,2023-H2,2.4,4812.0
12537,4799,2024-H1,2.7,4812.0
12538,4799,2024-H2,2.1,4812.0
12539,4800,2023-H1,2.8,4506.0
12540,4800,2023-H2,3.2,4506.0
12541,4800,2024-H1,2.7,4506.0
12542,4800,2024-H2,2.9,4506.0
12543,4802,2023-H1,3.5,3569.0
12544,4802,2023-H2,3.3,3569.0
12545,4802,2024-H1,2.8,3569.0
12546,4802,2024-H2,4.0,3569.0
12547,4803,2024-H1,4.7,4345.0
12548,4803,2024-H2,4.5,4345.0
12549,4804,2023-H1,1.8,1223.0
12550,4804,2023-H2,2.1,1223.0
12551,4804,2024-H1,1.9,1223.0
12552,4804,2024-H2,2.4,1223.0
12553,4805,2023-H1,2.9,3855.0
12554,4805,2023-H2,2.4,3855.0
12555,4805,2024-H1,2.1,3855.0
12556,4805,2024-H2,2.0,3855.0
12557,4806,2023-H1,4.2,3023.0
12558,4806,2023-H2,2.8,3023.0
12559,4806,2024-H1,3.4,3023.0
12560,4806,2024-H2,3.4,3023.0
12561,4807,2023-H1,3.9,2780.0
12562,4807,2023-H2,3.9,2780.0
12563,4807,2024-H1,2.3,2780.0
12564,4807,2024-H2,2.7,2780.0
12565,4808,2023-H1,3.8,5474.0
12566,4808,2023-H2,4.5,5474.0
12567,4808,2024-H1,4.5,5474.0
12568,4808,2024-H2,4.5,5474.0
12569,4809,2023-H1,2.7,4425.0
12570,4809,2023-H2,2.6,4425.0
12571,4809,2024-H1,3.3,4425.0
12572,4809,2024-H2,2.9,4425.0
12573,4810,2023-H1,4.8,3325.0
12574,4811,2023-H1,2.0,4339.0
12575,4811,2023-H2,2.0,4339.0
12576,4811,2024-H1,1.1,4339.0
12577,4811,2024-H2,2.1,4339.0
12578,4812,2023-H1,3.9,4496.0
12579,4812,2023-H2,3.4,4496.0
12580,4812,2024-H1,3.1,4496.0
12581,4812,2024-H2,3.9,4496.0
12582,4813,2023-H1,3.0,2556.0
12583,4813,2023-H2,3.9,2556.0
12584,4813,2024-H1,3.4,2556.0
12585,4813,2024-H2,3.1,2556.0
12586,4814,2024-H2,2.8,3313.0
12587,4816,2023-H1,4.0,4177.0
12588,4816,2023-H2,3.1,4177.0
12589,4816,2024-H1,3.3,4177.0
12590,4816,2024-H2,2.9,4177.0
12591,4817,2023-H1,2.3,1358.0
12592,4817,2023-H2,2.6,1358.0
12593,4817,2024-H1,3.0,1358.0
12594,4817,2024-H2,2.5,1358.0
12595,4818,2023-H1,3.4,1633.0
12596,4818,2023-H2,2.6,1633.0
12597,4818,2024-H1,3.3,1633.0
12598,4818,2024-H2,3.2,1633.0
12599,4819,2023-H1,2.4,4903.0
12600,4819,2023-H2,2.4,4903.0
12601,4819,2024-H1,2.5,4903.0
12602,4820,2023-H1,3.2,3989.0
12603,4820,2023-H2,3.5,3989.0
12604,4820,2024-H1,3.8,3989.0
12605,4820,2024-H2,3.4,3989.0
12606,4821,2023-H1,4.3,3556.0
12607,4821,2023-H2,4.6,3556.0
12608,4821,2024-H1,5.0,3556.0
12609,4821,2024-H2,3.5,3556.0
12610,4822,2023-H1,3.9,2935.0
12611,4822,2023-H2,3.4,2935.0
12612,4822,2024-H1,2.7,2935.0
12613,4822,2024-H2,3.1,2935.0
12614,4823,2024-H1,4.6,4616.0
12615,4823,2024-H2,4.4,4616.0
12616,4824,2023-H2,4.6,2474.0
12617,4824,2024-H1,4.6,2474.0
12618,4824,2024-H2,3.8,2474.0
12619,4825,2023-H1,3.2,1598.0
12620,4825,2023-H2,4.4,1598.0
12621,4825,2024-H1,4.3,1598.0
12622,4825,2024-H2,3.4,1598.0
12623,4826,2023-H1,3.6,3019.0
12624,4826,2023-H2,3.2,3019.0
12625,4826,2024-H1,3.1,3019.0
12626,4826,2024-H2,3.0,3019.0
12627,4827,2023-H1,3.5,4561.0
12628,4827,2023-H2,2.9,4561.0
12629,4827,2024-H1,3.2,4561.0
12630,4827,2024-H2,3.1,4561.0
12631,4828,2023-H1,2.9,3880.0
12632,4828,2023-H2,3.4,3880.0
12633,4828,2024-H1,3.9,3880.0
12634,4828,2024-H2,3.7,3880.0
12635,4829,2024-H1,2.3,2215.0
12636,4829,2024-H2,3.0,2215.0
12637,4830,2023-H1,4.3,4430.0
12638,4830,2023-H2,4.7,4430.0
12639,4830,2024-H1,3.8,4430.0
12640,4830,2024-H2,4.1,4430.0
12641,4831,2023-H1,4.3,5182.0
12642,4831,2023-H2,3.7,5182.0
12643,4831,2024-H1,4.0,5182.0
12644,4831,2024-H2,3.7,5182.0
12645,4832,2023-H1,3.1,2376.0
12646,4832,2023-H2,2.5,2376.0
12647,4832,2024-H1,2.9,2376.0
12648,4832,2024-H2,3.4,2376.0
12649,4833,2023-H1,4.8,4062.0
12650,4833,2023-H2,4.5,4062.0
12651,4833,2024-H1,4.2,4062.0
12652,4833,2024-H2,4.0,4062.0
12653,4835,2023-H1,2.8,2304.0
12654,4835,2023-H2,3.5,2304.0
12655,4835,2024-H1,3.1,2304.0
12656,4835,2024-H2,3.5,2304.0
12657,4836,2023-H1,3.2,5376.0
12658,4836,2023-H2,4.0,5376.0
12659,4836,2024-H1,4.3,5376.0
12660,4836,2024-H2,3.8,5376.0
12661,4837,2023-H1,5.0,2317.0
12662,4837,2023-H2,4.3,2317.0
12663,4837,2024-H1,4.1,2317.0
12664,4837,2024-H2,4.2,2317.0
12665,4838,2023-H1,2.8,4642.0
12666,4838,2023-H2,3.1,4642.0
12667,4838,2024-H1,3.0,4642.0
12668,4838,2024-H2,3.0,4642.0
12669,4839,2023-H1,2.8,2112.0
12670,4839,2023-H2,3.2,2112.0
12671,4839,2024-H1,2.3,2112.0
12672,4839,2024-H2,2.7,2112.0
12673,4840,2023-H1,2.6,5471.0
12674,4840,2023-H2,3.3,5471.0
12675,4840,2024-H1,3.1,5471.0
12676,4840,2024-H2,2.9,5471.0
12677,4841,2023-H1,3.1,4330.0
12678,4841,2023-H2,3.4,4330.0
12679,4841,2024-H1,3.1,4330.0
12680,4841,2024-H2,3.1,4330.0
12681,4842,2023-H1,2.3,5008.0
12682,4842,2023-H2,2.7,5008.0
12683,4842,2024-H1,3.1,5008.0
12684,4842,2024-H2,2.4,5008.0
12685,4843,2023-H1,4.0,2648.0
12686,4843,2023-H2,4.4,2648.0
12687,4843,2024-H1,3.9,2648.0
12688,4843,2024-H2,3.2,2648.0
12689,4844,2023-H1,3.5,
12690,4844,2023-H2,3.1,
12691,4846,2023-H1,3.1,2414.0
12692,4846,2023-H2,3.4,2414.0
12693,4846,2024-H1,3.7,2414.0
12694,4846,2024-H2,3.2,2414.0
12695,4847,2023-H1,2.6,1821.0
12696,4847,2023-H2,2.1,1821.0
12697,4847,2024-H1,2.7,1821.0
12698,4847,2024-H2,2.2,1821.0
12699,4848,2023-H1,2.3,4127.0
12700,4849,2024-H2,3.1,5340.0
12701,4850,2023-H1,5.0,3349.0
12702,4851,2023-H1,2.3,2866.0
12703,4851,2023-H2,2.3,2866.0
12704,4851,2024-H1,2.3,2866.0
12705,4851,2024-H2,2.3,2866.0
12706,4852,2023-H1,2.9,5058.0
12707,4852,2023-H2,2.9,5058.0
12708,4852,2024-H1,2.7,5058.0
12709,4852,2024-H2,2.6,5058.0
12710,4853,2023-H1,3.6,1351.0
12711,4853,2023-H2,3.4,1351.0
12712,4853,2024-H1,4.1,1351.0
12713,4853,2024-H2,2.9,1351.0
12714,4854,2023-H1,4.1,2933.0
12715,4854,2023-H2,3.4,2933.0
12716,4854,2024-H1,3.8,2933.0
12717,4854,2024-H2,3.1,2933.0
12718,4855,2023-H1,3.4,1357.0
12719,4855,2023-H2,3.8,1357.0
12720,4855,2024-H1,3.4,1357.0
12721,4855,2024-H2,4.9,1357.0
12722,4856,2023-H1,3.0,5473.0
12723,4856,2023-H2,3.0,5473.0
12724,4856,2024-H1,2.9,5473.0
12725,4856,2024-H2,3.5,5473.0
12726,4857,2023-H1,2.7,2142.0
12727,4857,2023-H2,2.1,2142.0
12728,4857,2024-H1,2.3,2142.0
12729,4857,2024-H2,2.4,2142.0
12730,4858,2023-H2,2.8,4518.0
12731,4858,2024-H1,2.4,4518.0
12732,4858,2024-H2,3.0,4518.0
12733,4859,2023-H1,5.0,2667.0
12734,4859,2023-H2,5.0,2667.0
12735,4859,2024-H1,4.4,2667.0
12736,4859,2024-H2,4.9,2667.0
12737,4860,2023-H1,3.1,1419.0
12738,4860,2023-H2,2.5,1419.0
12739,4860,2024-H1,2.0,1419.0
12740,4860,2024-H2,2.8,1419.0
12741,4861,2023-H1,2.9,3515.0
12742,4861,2023-H2,2.8,3515.0
12743,4861,2024-H1,3.2,3515.0
12744,4861,2024-H2,2.7,3515.0
12745,4862,2023-H1,4.7,4382.0
12746,4862,2023-H2,4.3,4382.0
12747,4862,2024-H1,4.8,4382.0
12748,4862,2024-H2,4.5,4382.0
12749,4864,2023-H1,4.7,4963.0
12750,4864,2023-H2,4.7,4963.0
12751,4864,2024-H1,4.1,4963.0
12752,4864,2024-H2,2.9,4963.0
12753,4865,2023-H1,5.0,4972.0
12754,4865,2023-H2,4.7,4972.0
12755,4865,2024-H1,4.3,4972.0
12756,4865,2024-H2,4.7,4972.0
12757,4866,2023-H1,4.4,4621.0
12758,4866,2023-H2,3.8,4621.0
12759,4866,2024-H1,3.9,4621.0
12760,4866,2024-H2,3.9,4621.0
12761,4867,2023-H2,3.9,3051.0
12762,4868,2023-H1,3.9,4929.0
12763,4868,2023-H2,3.6,4929.0
12764,4868,2024-H1,3.5,4929.0
12765,4868,2024-H2,3.3,4929.0
12766,4869,2023-H1,3.7,2002.0
12767,4869,2023-H2,3.8,2002.0
12768,4869,2024-H1,3.7,2002.0
12769,4869,2024-H2,4.5,2002.0
12770,4870,2023-H1,2.7,3034.0
12771,4870,2023-H2,3.1,3034.0
12772,4870,2024-H1,2.9,3034.0
12773,4870,2024-H2,3.8,3034.0
12774,4871,2024-H1,2.0,5171.0
12775,4871,2024-H2,3.2,5171.0
12776,4872,2024-H1,3.5,4223.0
12777,4872,2024-H2,3.9,4223.0
12778,4873,2023-H1,3.1,1785.0
12779,4873,2023-H2,3.1,1785.0
12780,4873,2024-H1,3.2,1785.0
12781,4873,2024-H2,4.3,1785.0
12782,4874,2023-H1,4.2,3546.0
12783,4874,2023-H2,4.2,3546.0
12784,4874,2024-H1,4.0,3546.0
12785,4874,2024-H2,3.9,3546.0
12786,4875,2023-H1,1.8,4559.0
12787,4875,2023-H2,1.8,4559.0
12788,4875,2024-H1,3.0,4559.0
12789,4875,2024-H2,2.4,4559.0
12790,4876,2023-H1,5.0,2003.0
12791,4876,2023-H2,4.3,2003.0
12792,4876,2024-H1,4.0,2003.0
12793,4876,2024-H2,4.9,2003.0
12794,4877,2024-H1,3.2,4230.0
12795,4878,2023-H1,3.4,2914.0
12796,4878,2023-H2,4.2,2914.0
12797,4878,2024-H1,3.6,2914.0
12798,4878,2024-H2,3.9,2914.0
12799,4879,2023-H1,3.7,3030.0
12800,4879,2023-H2,3.5,3030.0
12801,4879,2024-H1,2.7,3030.0
12802,4879,2024-H2,3.4,3030.0
12803,4880,2023-H1,3.1,1870.0
12804,4880,2023-H2,4.5,1870.0
12805,4880,2024-H1,3.7,1870.0
12806,4880,2024-H2,3.8,1870.0
12807,4881,2023-H1,2.3,3148.0
12808,4881,2023-H2,3.4,3148.0
12809,4881,2024-H1,3.5,3148.0
12810,4881,2024-H2,3.1,3148.0
12811,4882,2023-H1,2.9,2262.0
12812,4882,2023-H2,2.8,2262.0
12813,4882,2024-H1,3.7,2262.0
12814,4882,2024-H2,3.6,2262.0
12815,4883,2023-H1,4.0,2167.0
12816,4883,2023-H2,4.7,2167.0
12817,4883,2024-H1,4.4,2167.0
12818,4883,2024-H2,3.9,2167.0
12819,4884,2024-H1,3.3,1075.0
12820,4884,2024-H2,3.2,1075.0
12821,4885,2023-H1,4.1,4610.0
12822,4885,2023-H2,4.1,4610.0
12823,4885,2024-H1,3.7,4610.0
12824,4885,2024-H2,4.9,4610.0
12825,4886,2023-H1,3.0,2328.0
12826,4886,2023-H2,3.1,2328.0
12827,4886,2024-H1,3.5,2328.0
12828,4886,2024-H2,2.9,2328.0
12829,4888,2023-H1,2.9,3154.0
12830,4888,2023-H2,2.0,3154.0
12831,4889,2024-H2,3.7,4164.0
12832,4890,2023-H1,3.3,4662.0
12833,4890,2023-H2,3.4,4662.0
12834,4890,2024-H1,3.9,4662.0
12835,4890,2024-H2,3.3,4662.0
12836,4891,2023-H1,3.9,1430.0
12837,4891,2023-H2,4.5,1430.0
12838,4891,2024-H1,4.8,1430.0
12839,4891,2024-H2,3.9,1430.0
12840,4892,2023-H1,3.7,3913.0
12841,4892,2023-H2,3.3,3913.0
12842,4892,2024-H1,4.0,3913.0
12843,4892,2024-H2,4.4,3913.0
12844,4893,2023-H2,3.3,5200.0
12845,4893,2024-H1,2.7,5200.0
12846,4893,2024-H2,3.2,5200.0
12847,4894,2023-H1,3.9,2448.0
12848,4894,2023-H2,3.9,2448.0
12849,4894,2024-H1,3.2,2448.0
12850,4894,2024-H2,3.8,2448.0
12851,4895,2023-H1,3.5,3530.0
12852,4895,2023-H2,2.6,3530.0
12853,4895,2024-H1,3.4,3530.0
12854,4895,2024-H2,3.0,3530.0
12855,4896,2023-H1,3.2,2896.0
12856,4896,2023-H2,2.1,2896.0
12857,4896,2024-H1,3.0,2896.0
12858,4896,2024-H2,2.1,2896.0
12859,4897,2023-H1,2.9,4588.0
12860,4897,2023-H2,3.6,4588.0
12861,4897,2024-H1,3.7,4588.0
12862,4897,2024-H2,3.9,4588.0
12863,4898,2023-H1,4.6,3506.0
12864,4898,2023-H2,4.5,3506.0
12865,4898,2024-H1,3.5,3506.0
12866,4898,2024-H2,4.4,3506.0
12867,4899,2023-H1,2.5,1041.0
12868,4899,2023-H2,3.2,1041.0
12869,4899,2024-H1,3.2,1041.0
12870,4899,2024-H2,3.4,1041.0
12871,4900,2023-H1,3.8,1842.0
12872,4900,2023-H2,4.2,1842.0
12873,4900,2024-H1,4.0,1842.0
12874,4900,2024-H2,4.3,1842.0
12875,4901,2023-H1,3.9,4601.0
12876,4901,2023-H2,3.0,4601.0
12877,4901,2024-H1,4.1,4601.0
12878,4901,2024-H2,3.5,4601.0
12879,4902,2023-H1,4.5,2705.0
12880,4902,2023-H2,4.8,2705.0
12881,4902,2024-H1,4.2,2705.0
12882,4902,2024-H2,4.7,2705.0
12883,4903,2023-H1,3.2,2112.0
12884,4903,2023-H2,2.3,2112.0
12885,4903,2024-H1,2.0,2112.0
12886,4903,2024-H2,2.6,2112.0
12887,4904,2023-H1,4.3,1179.0
12888,4904,2023-H2,3.7,1179.0
12889,4904,2024-H1,3.8,1179.0
12890,4904,2024-H2,3.1,1179.0
12891,4905,2023-H1,4.0,4441.0
12892,4905,2023-H2,3.6,4441.0
12893,4905,2024-H1,3.9,4441.0
12894,4905,2024-H2,4.3,4441.0
12895,4906,2023-H1,4.1,1668.0
12896,4906,2023-H2,3.3,1668.0
12897,4906,2024-H1,3.4,1668.0
12898,4906,2024-H2,3.5,1668.0
12899,4907,2023-H1,3.2,4071.0
12900,4907,2023-H2,4.4,4071.0
12901,4907,2024-H1,3.5,4071.0
12902,4907,2024-H2,3.4,4071.0
12903,4908,2023-H1,3.6,1664.0
12904,4908,2023-H2,3.7,1664.0
12905,4908,2024-H1,2.7,1664.0
12906,4908,2024-H2,4.2,1664.0
12907,4909,2023-H1,3.8,4873.0
12908,4909,2023-H2,2.8,4873.0
12909,4909,2024-H1,2.8,4873.0
12910,4909,2024-H2,3.1,4873.0
12911,4910,2023-H2,4.7,2423.0
12912,4911,2023-H1,3.6,1584.0
12913,4911,2023-H2,3.4,1584.0
12914,4911,2024-H1,3.9,1584.0
12915,4912,2023-H1,3.1,1203.0
12916,4912,2023-H2,4.0,1203.0
12917,4912,2024-H1,3.8,1203.0
12918,4912,2024-H2,4.0,1203.0
12919,4913,2023-H1,3.2,4225.0
12920,4913,2023-H2,3.0,4225.0
12921,4913,2024-H1,3.3,4225.0
12922,4913,2024-H2,3.2,4225.0
12923,4914,2024-H1,4.7,4109.0
12924,4915,2023-H1,4.2,4227.0
12925,4915,2023-H2,3.7,4227.0
12926,4915,2024-H1,3.0,4227.0
12927,4915,2024-H2,3.5,4227.0
12928,4916,2023-H1,4.2,3105.0
12929,4916,2023-H2,3.8,3105.0
12930,4916,2024-H1,4.1,3105.0
12931,4916,2024-H2,5.0,3105.0
12932,4917,2023-H1,4.8,4643.0
12933,4917,2023-H2,4.3,4643.0
12934,4917,2024-H1,4.2,4643.0
12935,4917,2024-H2,5.0,4643.0
12936,4918,2023-H1,3.9,1996.0
12937,4918,2023-H2,3.3,1996.0
12938,4918,2024-H1,3.1,1996.0
12939,4918,2024-H2,3.4,1996.0
12940,4919,2024-H2,3.9,4305.0
12941,4920,2023-H2,4.7,2858.0
12942,4920,2024-H1,3.9,2858.0
12943,4920,2024-H2,4.2,2858.0
12944,4921,2023-H1,4.7,4183.0
12945,4921,2023-H2,5.0,4183.0
12946,4921,2024-H1,4.9,4183.0
12947,4921,2024-H2,3.8,4183.0
12948,4922,2023-H2,3.6,4232.0
12949,4922,2024-H1,3.1,4232.0
12950,4922,2024-H2,3.6,4232.0
12951,4923,2023-H1,3.2,1221.0
12952,4923,2023-H2,3.1,1221.0
12953,4923,2024-H1,3.0,1221.0
12954,4923,2024-H2,2.7,1221.0
12955,4924,2023-H1,2.9,4877.0
12956,4924,2023-H2,2.7,4877.0
12957,4924,2024-H1,2.9,4877.0
12958,4924,2024-H2,3.2,4877.0
12959,4925,2023-H1,4.4,3972.0
12960,4925,2023-H2,4.3,3972.0
12961,4925,2024-H1,4.2,3972.0
12962,4925,2024-H2,3.7,3972.0
12963,4926,2023-H1,3.0,5292.0
12964,4926,2023-H2,2.9,5292.0
12965,4926,2024-H1,2.9,5292.0
12966,4926,2024-H2,3.4,5292.0
12967,4927,2023-H1,4.1,3683.0
12968,4927,2023-H2,3.5,3683.0
12969,4927,2024-H1,3.2,3683.0
12970,4927,2024-H2,3.8,3683.0
12971,4928,2023-H1,3.9,3349.0
12972,4928,2023-H2,3.3,3349.0
12973,4928,2024-H1,3.8,3349.0
12974,4928,2024-H2,2.7,3349.0
12975,4929,2023-H2,2.8,4441.0
12976,4929,2024-H1,2.8,4441.0
12977,4929,2024-H2,2.6,4441.0
12978,4930,2023-H1,3.7,2376.0
12979,4930,2023-H2,3.3,2376.0
12980,4930,2024-H1,3.7,2376.0
12981,4930,2024-H2,2.8,2376.0
12982,4931,2023-H1,4.3,3357.0
12983,4932,2023-H1,3.2,3154.0
12984,4932,2023-H2,2.8,3154.0
12985,4932,2024-H1,2.7,3154.0
12986,4932,2024-H2,3.1,3154.0
12987,4933,2023-H1,2.8,2037.0
12988,4933,2023-H2,2.9,2037.0
12989,4933,2024-H1,3.1,2037.0
12990,4933,2024-H2,2.9,2037.0
12991,4934,2023-H1,3.0,3666.0
12992,4934,2023-H2,3.3,3666.0
12993,4934,2024-H1,3.0,3666.0
12994,4934,2024-H2,4.1,3666.0
12995,4936,2023-H1,3.0,3425.0
12996,4936,2023-H2,3.6,3425.0
12997,4936,2024-H1,3.2,3425.0
12998,4936,2024-H2,2.3,3425.0
12999,4937,2023-H1,2.3,4844.0
13000,4937,2023-H2,2.6,4844.0
13001,4937,2024-H1,3.8,4844.0
13002,4937,2024-H2,2.6,4844.0
13003,4938,2023-H1,2.9,3775.0
13004,4938,2023-H2,4.3,3775.0
13005,4938,2024-H1,4.2,3775.0
13006,4938,2024-H2,3.2,3775.0
13007,4939,2023-H1,3.0,5291.0
13008,4939,2023-H2,3.4,5291.0
13009,4939,2024-H1,2.7,5291.0
13010,4939,2024-H2,3.4,5291.0
13011,4940,2023-H1,4.4,1884.0
13012,4940,2023-H2,3.7,1884.0
13013,4940,2024-H1,5.0,1884.0
13014,4940,2024-H2,4.2,1884.0
13015,4941,2024-H2,3.8,4544.0
13016,4942,2023-H1,4.1,5182.0
13017,4942,2023-H2,4.4,5182.0
13018,4942,2024-H1,4.7,5182.0
13019,4942,2024-H2,4.1,5182.0
13020,4944,2023-H1,5.0,4519.0
13021,4944,2023-H2,4.7,4519.0
13022,4944,2024-H1,3.6,4519.0
13023,4944,2024-H2,4.7,4519.0
13024,4945,2023-H1,4.3,1761.0
13025,4945,2023-H2,4.1,1761.0
13026,4945,2024-H1,4.0,1761.0
13027,4945,2024-H2,3.9,1761.0
13028,4946,2023-H1,5.0,1020.0
13029,4946,2023-H2,5.0,1020.0
13030,4946,2024-H1,4.8,1020.0
13031,4946,2024-H2,4.2,1020.0
13032,4947,2023-H1,3.5,1333.0
13033,4947,2023-H2,3.3,1333.0
13034,4947,2024-H1,3.1,1333.0
13035,4947,2024-H2,3.6,1333.0
13036,4949,2024-H1,4.4,4012.0
13037,4949,2024-H2,4.1,4012.0
13038,4950,2023-H1,4.3,2815.0
13039,4950,2023-H2,4.2,2815.0
13040,4950,2024-H1,3.6,2815.0
13041,4950,2024-H2,4.2,2815.0
13042,4951,2023-H1,3.3,1733.0
13043,4951,2023-H2,2.0,1733.0
13044,4951,2024-H1,3.1,1733.0
13045,4951,2024-H2,2.9,1733.0
13046,4952,2023-H1,3.5,3845.0
13047,4952,2023-H2,3.6,3845.0
13048,4952,2024-H1,3.3,3845.0
13049,4952,2024-H2,4.0,3845.0
13050,4953,2023-H1,3.8,3275.0
13051,4953,2023-H2,4.6,3275.0
13052,4953,2024-H1,4.4,3275.0
13053,4953,2024-H2,4.2,3275.0
13054,4954,2023-H1,3.1,4790.0
13055,4954,2023-H2,3.6,4790.0
13056,4954,2024-H1,3.6,4790.0
13057,4954,2024-H2,3.2,4790.0
13058,4956,2023-H1,4.4,3916.0
13059,4956,2023-H2,3.9,3916.0
13060,4956,2024-H1,3.6,3916.0
13061,4956,2024-H2,4.2,3916.0
13062,4957,2023-H1,3.3,3063.0
13063,4957,2023-H2,4.3,3063.0
13064,4957,2024-H1,3.9,3063.0
13065,4957,2024-H2,3.8,3063.0
13066,4958,2023-H1,4.6,2352.0
13067,4958,2023-H2,5.0,2352.0
13068,4958,2024-H1,4.4,2352.0
13069,4958,2024-H2,5.0,2352.0
13070,4959,2023-H1,3.3,3925.0
13071,4959,2023-H2,2.5,3925.0
13072,4959,2024-H1,2.9,3925.0
13073,4959,2024-H2,2.8,3925.0
13074,4960,2024-H1,2.3,2229.0
13075,4961,2023-H1,5.0,1030.0
13076,4961,2023-H2,4.6,1030.0
13077,4961,2024-H1,4.7,1030.0
13078,4961,2024-H2,5.0,1030.0
13079,4962,2023-H1,4.4,4378.0
13080,4962,2023-H2,4.4,4378.0
13081,4962,2024-H1,3.3,4378.0
13082,4962,2024-H2,4.7,4378.0
13083,4963,2023-H1,3.1,3603.0
13084,4963,2023-H2,3.2,3603.0
13085,4963,2024-H1,2.6,3603.0
13086,4964,2023-H2,4.2,1371.0
13087,4964,2024-H1,3.6,1371.0
13088,4965,2023-H1,4.2,1740.0
13089,4965,2023-H2,4.6,1740.0
13090,4965,2024-H1,4.2,1740.0
13091,4965,2024-H2,5.0,1740.0
13092,4966,2023-H1,4.6,4174.0
13093,4966,2023-H2,4.8,4174.0
13094,4966,2024-H1,4.3,4174.0
13095,4966,2024-H2,4.0,4174.0
13096,4967,2023-H1,4.8,1207.0
13097,4967,2023-H2,5.0,1207.0
13098,4967,2024-H1,5.0,1207.0
13099,4967,2024-H2,4.7,1207.0
13100,4968,2023-H1,4.3,5471.0
13101,4968,2023-H2,3.8,5471.0
13102,4969,2023-H1,2.4,4658.0
13103,4969,2023-H2,3.3,4658.0
13104,4969,2024-H1,3.0,4658.0
13105,4969,2024-H2,3.3,4658.0
13106,4970,2023-H1,1.5,1548.0
13107,4970,2023-H2,2.6,1548.0
13108,4970,2024-H1,1.8,1548.0
13109,4970,2024-H2,2.2,1548.0
13110,4971,2023-H1,3.9,3573.0
13111,4971,2023-H2,4.1,3573.0
13112,4971,2024-H1,4.0,3573.0
13113,4971,2024-H2,3.6,3573.0
13114,4972,2023-H1,2.9,3051.0
13115,4973,2023-H1,3.0,2575.0
13116,4973,2023-H2,3.7,2575.0
13117,4973,2024-H1,3.0,2575.0
13118,4973,2024-H2,4.3,2575.0
13119,4974,2023-H1,3.8,1682.0
13120,4974,2023-H2,3.0,1682.0
13121,4974,2024-H1,3.5,1682.0
13122,4974,2024-H2,4.1,1682.0
13123,4975,2023-H1,2.3,5203.0
13124,4975,2023-H2,3.5,5203.0
13125,4975,2024-H1,2.7,5203.0
13126,4975,2024-H2,2.6,5203.0
13127,4976,2023-H1,4.5,4675.0
13128,4976,2023-H2,3.7,4675.0
13129,4976,2024-H1,4.0,4675.0
13130,4976,2024-H2,3.5,4675.0
13131,4977,2023-H1,5.0,4539.0
13132,4977,2023-H2,5.0,4539.0
13133,4977,2024-H1,5.0,4539.0
13134,4977,2024-H2,4.9,4539.0
13135,4978,2023-H1,3.1,3948.0
13136,4978,2023-H2,2.3,3948.0
13137,4978,2024-H1,2.3,3948.0
13138,4979,2023-H1,3.4,1247.0
13139,4979,2023-H2,3.2,1247.0
13140,4979,2024-H1,2.9,1247.0
13141,4979,2024-H2,3.5,1247.0
13142,4980,2023-H1,4.0,2866.0
13143,4980,2023-H2,3.5,2866.0
13144,4980,2024-H1,3.5,2866.0
13145,4980,2024-H2,3.5,2866.0
13146,4981,2023-H1,2.5,5364.0
13147,4981,2023-H2,2.8,5364.0
13148,4981,2024-H1,2.9,5364.0
13149,4981,2024-H2,3.4,5364.0
13150,4982,2023-H1,3.7,2805.0
13151,4982,2023-H2,4.5,2805.0
13152,4982,2024-H1,4.0,2805.0
13153,4982,2024-H2,4.3,2805.0
13154,4985,2024-H1,3.5,4904.0
13155,4985,2024-H2,3.6,4904.0
13156,4986,2023-H1,2.7,3917.0
13157,4986,2023-H2,2.8,3917.0
13158,4986,2024-H1,2.4,3917.0
13159,4986,2024-H2,2.4,3917.0
13160,4987,2023-H1,3.5,4164.0
13161,4987,2023-H2,2.9,4164.0
13162,4988,2023-H1,3.8,1747.0
13163,4988,2023-H2,3.8,1747.0
13164,4989,2023-H1,2.2,2002.0
13165,4989,2023-H2,3.7,2002.0
13166,4989,2024-H1,3.2,2002.0
13167,4989,2024-H2,2.9,2002.0
13168,4990,2023-H1,3.7,5360.0
13169,4990,2023-H2,4.0,5360.0
13170,4990,2024-H1,3.3,5360.0
13171,4990,2024-H2,4.0,5360.0
13172,4991,2023-H1,2.1,5354.0
13173,4991,2023-H2,2.1,5354.0
13174,4991,2024-H1,2.8,5354.0
13175,4991,2024-H2,3.0,5354.0
13176,4992,2023-H2,1.6,1219.0
13177,4992,2024-H1,1.9,1219.0
13178,4992,2024-H2,2.5,1219.0
13179,4994,2024-H1,2.7,4732.0
13180,4994,2024-H2,2.6,4732.0
13181,4996,2023-H1,4.5,3937.0
13182,4996,2023-H2,5.0,3937.0
13183,4996,2024-H1,4.3,3937.0
13184,4996,2024-H2,5.0,3937.0
13185,4997,2023-H1,2.6,2436.0
13186,4997,2023-H2,3.4,2436.0
13187,4997,2024-H1,3.4,2436.0
13188,4997,2024-H2,3.0,2436.0
13189,4998,2023-H1,4.3,5067.0
13190,4998,2023-H2,3.6,5067.0
13191,4998,2024-H1,4.0,5067.0
13192,4998,2024-H2,3.5,5067.0
13193,4999,2023-H1,4.2,3648.0
13194,4999,2023-H2,3.4,3648.0
13195,4999,2024-H1,3.7,3648.0
13196,4999,2024-H2,3.7,3648.0
13197,5000,2023-H1,3.0,1261.0
13198,5000,2023-H2,2.4,1261.0
13199,5000,2024-H1,2.6,1261.0
13200,5000,2024-H2,2.7,1261.0
13201,5001,2023-H1,3.3,5440.0
13202,5001,2023-H2,3.6,5440.0
13203,5001,2024-H1,3.6,5440.0
13204,5001,2024-H2,3.2,5440.0
13205,5002,2023-H1,3.8,2928.0
13206,5002,2023-H2,3.2,2928.0
13207,5002,2024-H1,3.5,2928.0
13208,5002,2024-H2,3.2,2928.0
13209,5003,2023-H1,4.9,2805.0
13210,5003,2023-H2,5.0,2805.0
13211,5003,2024-H1,4.9,2805.0
13212,5003,2024-H2,4.6,2805.0
13213,5004,2023-H1,4.4,1290.0
13214,5004,2023-H2,3.7,1290.0
13215,5004,2024-H1,4.0,1290.0
13216,5004,2024-H2,4.2,1290.0
13217,5005,2023-H1,2.5,1942.0
13218,5005,2023-H2,2.8,1942.0
13219,5005,2024-H1,3.6,1942.0
13220,5005,2024-H2,3.0,1942.0
13221,5006,2023-H1,3.0,2707.0
13222,5006,2023-H2,3.1,2707.0
13223,5006,2024-H1,2.7,2707.0
13224,5006,2024-H2,2.8,2707.0
13225,5007,2023-H1,2.9,3684.0
13226,5007,2023-H2,1.5,3684.0
13227,5007,2024-H1,3.0,3684.0
13228,5007,2024-H2,3.6,3684.0
13229,5008,2023-H1,2.9,2414.0
13230,5008,2023-H2,4.0,2414.0
13231,5008,2024-H1,3.6,2414.0
13232,5008,2024-H2,3.5,2414.0
13233,5009,2023-H1,3.7,1176.0
13234,5009,2023-H2,4.4,1176.0
13235,5009,2024-H1,4.1,1176.0
13236,5009,2024-H2,4.7,1176.0
13237,5010,2023-H1,3.7,3243.0
13238,5010,2023-H2,3.7,3243.0
13239,5010,2024-H1,3.3,3243.0
13240,5010,2024-H2,3.1,3243.0
13241,5011,2023-H1,1.9,3279.0
13242,5011,2023-H2,3.3,3279.0
13243,5011,2024-H1,3.2,3279.0
13244,5011,2024-H2,2.4,3279.0
13245,5012,2024-H1,2.2,1982.0
13246,5012,2024-H2,2.1,1982.0
13247,5013,2024-H2,2.4,4917.0
13248,5014,2023-H1,3.8,3117.0
13249,5014,2023-H2,4.0,3117.0
13250,5014,2024-H1,4.7,3117.0
13251,5014,2024-H2,4.9,3117.0
13252,5015,2023-H1,5.0,1997.0
13253,5015,2023-H2,4.4,1997.0
13254,5015,2024-H1,5.0,1997.0
13255,5015,2024-H2,4.7,1997.0
13256,5016,2023-H1,4.1,1471.0
13257,5016,2023-H2,3.9,1471.0
13258,5016,2024-H1,4.1,1471.0
13259,5016,2024-H2,5.0,1471.0
13260,5017,2023-H1,4.1,2546.0
13261,5017,2023-H2,2.8,2546.0
13262,5017,2024-H1,3.2,2546.0
13263,5017,2024-H2,3.3,2546.0
13264,5018,2023-H1,2.8,2824.0
13265,5018,2023-H2,2.8,2824.0
13266,5018,2024-H1,2.8,2824.0
13267,5018,2024-H2,3.5,2824.0
13268,5019,2024-H2,2.3,1082.0
13269,5020,2024-H1,3.8,4595.0
13270,5021,2023-H1,2.2,4840.0
13271,5021,2023-H2,2.9,4840.0
13272,5021,2024-H1,3.2,4840.0
13273,5021,2024-H2,3.0,4840.0
13274,5022,2023-H1,3.4,2684.0
13275,5022,2023-H2,2.8,2684.0
13276,5022,2024-H1,2.0,2684.0
13277,5022,2024-H2,2.7,2684.0
13278,5023,2023-H1,3.9,3046.0
13279,5023,2023-H2,3.6,3046.0
13280,5023,2024-H1,4.0,3046.0
13281,5023,2024-H2,3.2,3046.0
13282,5024,2023-H1,2.9,3679.0
13283,5024,2023-H2,3.0,3679.0
13284,5025,2024-H1,3.5,1402.0
13285,5025,2024-H2,2.5,1402.0
13286,5026,2023-H1,2.7,1417.0
13287,5026,2023-H2,2.8,1417.0
13288,5026,2024-H1,2.8,1417.0
13289,5026,2024-H2,3.3,1417.0
13290,5027,2023-H2,3.7,3434.0
13291,5027,2024-H1,4.8,3434.0
13292,5027,2024-H2,4.4,3434.0
13293,5028,2023-H1,4.2,2764.0
13294,5028,2023-H2,4.1,2764.0
13295,5028,2024-H1,3.6,2764.0
13296,5028,2024-H2,3.7,2764.0
13297,5029,2023-H1,2.8,4307.0
13298,5029,2023-H2,3.5,4307.0
13299,5029,2024-H1,4.1,4307.0
13300,5029,2024-H2,3.7,4307.0
13301,5030,2023-H1,4.2,3971.0
13302,5030,2023-H2,4.1,3971.0
13303,5030,2024-H1,3.8,3971.0
13304,5030,2024-H2,4.0,3971.0
13305,5031,2023-H1,4.0,3037.0
13306,5031,2023-H2,4.7,3037.0
13307,5031,2024-H1,3.5,3037.0
13308,5031,2024-H2,4.2,3037.0
13309,5032,2023-H1,4.2,3715.0
13310,5032,2023-H2,4.4,3715.0
13311,5032,2024-H1,3.7,3715.0
13312,5032,2024-H2,4.9,3715.0
13313,5033,2023-H1,3.2,1247.0
13314,5033,2023-H2,3.8,1247.0
13315,5033,2024-H1,3.5,1247.0
13316,5033,2024-H2,4.1,1247.0
13317,5034,2023-H1,2.9,4373.0
13318,5034,2023-H2,3.2,4373.0
13319,5034,2024-H1,3.2,4373.0
13320,5034,2024-H2,3.5,4373.0
13321,5035,2023-H1,4.3,1652.0
13322,5035,2023-H2,4.0,1652.0
13323,5035,2024-H1,4.3,1652.0
13324,5035,2024-H2,4.2,1652.0
13325,5037,2023-H1,3.8,1334.0
13326,5037,2023-H2,2.5,1334.0
13327,5037,2024-H1,3.3,1334.0
13328,5037,2024-H2,3.3,1334.0
13329,5038,2023-H1,2.3,1882.0
13330,5038,2023-H2,2.5,1882.0
13331,5038,2024-H1,2.6,1882.0
13332,5038,2024-H2,2.1,1882.0
13333,5039,2023-H1,3.6,4213.0
13334,5039,2023-H2,4.1,4213.0
13335,5039,2024-H1,4.0,4213.0
13336,5039,2024-H2,3.8,4213.0
13337,5040,2024-H2,3.8,4690.0
13338,5041,2023-H2,4.5,1213.0
13339,5041,2024-H1,4.4,1213.0
13340,5042,2023-H1,3.5,2629.0
13341,5042,2023-H2,3.8,2629.0
13342,5042,2024-H1,4.2,2629.0
13343,5042,2024-H2,3.6,2629.0
13344,5043,2023-H1,5.0,4215.0
13345,5043,2023-H2,5.0,4215.0
13346,5043,2024-H1,5.0,4215.0
13347,5043,2024-H2,4.9,4215.0
13348,5044,2023-H1,3.5,2376.0
13349,5044,2023-H2,3.2,2376.0
13350,5044,2024-H1,2.4,2376.0
13351,5044,2024-H2,3.1,2376.0
13352,5045,2024-H1,2.4,3200.0
13353,5046,2023-H1,3.6,2226.0
13354,5046,2023-H2,2.8,2226.0
13355,5046,2024-H1,3.3,2226.0
13356,5046,2024-H2,3.3,2226.0
13357,5047,2023-H1,3.5,4807.0
13358,5047,2023-H2,2.2,4807.0
13359,5047,2024-H1,3.4,4807.0
13360,5047,2024-H2,2.8,4807.0
13361,5048,2023-H1,1.7,1251.0
13362,5048,2023-H2,1.8,1251.0
13363,5049,2023-H1,3.4,3913.0
13364,5049,2023-H2,3.4,3913.0
13365,5049,2024-H1,3.2,3913.0
13366,5049,2024-H2,3.0,3913.0
13367,5050,2023-H2,4.7,2543.0
13368,5050,2024-H1,3.9,2543.0
13369,5050,2024-H2,3.4,2543.0
13370,5051,2023-H1,3.3,4634.0
13371,5051,2023-H2,3.0,4634.0
13372,5051,2024-H1,2.8,4634.0
13373,5051,2024-H2,2.8,4634.0
13374,5052,2023-H1,4.2,4975.0
13375,5052,2023-H2,4.8,4975.0
13376,5052,2024-H1,3.4,4975.0
13377,5052,2024-H2,2.8,4975.0
13378,5053,2023-H1,4.2,3073.0
13379,5053,2023-H2,3.4,3073.0
13380,5053,2024-H1,3.2,3073.0
13381,5053,2024-H2,3.7,3073.0
13382,5054,2023-H1,3.1,1325.0
13383,5054,2023-H2,2.9,1325.0
13384,5054,2024-H1,2.8,1325.0
13385,5054,2024-H2,2.9,1325.0
13386,5055,2023-H1,4.3,2576.0
13387,5055,2023-H2,4.9,2576.0
13388,5055,2024-H1,4.1,2576.0
13389,5055,2024-H2,4.2,2576.0
13390,5057,2023-H1,4.3,1332.0
13391,5057,2023-H2,3.9,1332.0
13392,5057,2024-H1,4.0,1332.0
13393,5057,2024-H2,3.8,1332.0
13394,5058,2023-H1,3.7,4649.0
13395,5058,2023-H2,3.4,4649.0
13396,5058,2024-H1,3.6,4649.0
13397,5058,2024-H2,3.7,4649.0
13398,5059,2023-H2,3.8,3154.0
13399,5059,2024-H1,4.5,3154.0
13400,5059,2024-H2,4.9,3154.0
13401,5060,2023-H1,2.7,1557.0
13402,5060,2023-H2,2.7,1557.0
13403,5060,2024-H1,2.4,1557.0
13404,5060,2024-H2,2.5,1557.0
13405,5061,2023-H1,3.2,4884.0
13406,5061,2023-H2,2.5,4884.0
13407,5061,2024-H1,3.2,4884.0
13408,5061,2024-H2,2.0,4884.0
13409,5062,2023-H1,3.3,5485.0
13410,5062,2023-H2,3.2,5485.0
13411,5062,2024-H1,3.2,5485.0
13412,5062,2024-H2,2.6,5485.0
13413,5063,2024-H1,4.1,2902.0
13414,5063,2024-H2,4.3,2902.0
13415,5064,2023-H1,3.5,4115.0
13416,5064,2023-H2,2.1,4115.0
13417,5064,2024-H1,2.1,4115.0
13418,5064,2024-H2,3.1,4115.0
13419,5065,2023-H1,2.8,4048.0
13420,5065,2023-H2,3.0,4048.0
13421,5065,2024-H1,3.5,4048.0
13422,5065,2024-H2,3.6,4048.0
13423,5066,2024-H2,1.3,3144.0
13424,5067,2023-H1,2.5,4081.0
13425,5067,2023-H2,1.9,4081.0
13426,5067,2024-H1,2.5,4081.0
13427,5067,2024-H2,1.4,4081.0
13428,5068,2023-H1,4.2,4709.0
13429,5068,2023-H2,3.8,4709.0
13430,5068,2024-H1,4.4,4709.0
13431,5068,2024-H2,4.1,4709.0
13432,5069,2023-H1,4.1,5031.0
13433,5069,2023-H2,3.8,5031.0
13434,5069,2024-H1,4.8,5031.0
13435,5069,2024-H2,5.0,5031.0
13436,5070,2023-H1,3.7,2899.0
13437,5070,2023-H2,4.1,2899.0
13438,5071,2023-H1,3.3,2663.0
13439,5071,2023-H2,3.6,2663.0
13440,5071,2024-H1,2.9,2663.0
13441,5071,2024-H2,3.5,2663.0
13442,5072,2023-H1,5.0,3659.0
13443,5072,2023-H2,4.7,3659.0
13444,5072,2024-H1,5.0,3659.0
13445,5072,2024-H2,5.0,3659.0
13446,5073,2023-H1,3.5,4312.0
13447,5073,2023-H2,2.6,4312.0
13448,5073,2024-H1,2.7,4312.0
13449,5073,2024-H2,2.5,4312.0
13450,5074,2023-H1,3.1,5369.0
13451,5074,2023-H2,2.8,5369.0
13452,5074,2024-H1,3.1,5369.0
13453,5074,2024-H2,2.0,5369.0
13454,5075,2023-H1,4.7,2471.0
13455,5075,2023-H2,4.3,2471.0
13456,5075,2024-H1,3.6,2471.0
13457,5075,2024-H2,4.2,2471.0
13458,5076,2024-H1,3.4,1203.0
13459,5076,2024-H2,2.1,1203.0
13460,5077,2023-H1,4.9,4807.0
13461,5077,2023-H2,3.7,4807.0
13462,5077,2024-H1,3.7,4807.0
13463,5077,2024-H2,4.3,4807.0
13464,5078,2023-H1,3.1,2702.0
13465,5078,2023-H2,2.3,2702.0
13466,5078,2024-H1,2.5,2702.0
13467,5078,2024-H2,2.6,2702.0
13468,5079,2023-H1,2.7,3337.0
13469,5079,2023-H2,2.7,3337.0
13470,5079,2024-H1,2.5,3337.0
13471,5079,2024-H2,3.5,3337.0
13472,5080,2023-H2,4.0,1176.0
13473,5080,2024-H1,4.3,1176.0
13474,5081,2023-H1,3.5,3949.0
13475,5081,2023-H2,3.8,3949.0
13476,5081,2024-H1,3.4,3949.0
13477,5081,2024-H2,3.9,3949.0
13478,5082,2023-H1,2.6,2825.0
13479,5082,2023-H2,1.9,2825.0
13480,5082,2024-H1,2.4,2825.0
13481,5082,2024-H2,2.9,2825.0
13482,5083,2023-H1,4.6,1278.0
13483,5083,2023-H2,3.1,1278.0
13484,5083,2024-H1,4.1,1278.0
13485,5083,2024-H2,4.0,1278.0
13486,5084,2023-H2,4.0,3339.0
13487,5084,2024-H1,3.5,3339.0
13488,5084,2024-H2,3.7,3339.0
13489,5085,2023-H2,3.0,3939.0
13490,5085,2024-H1,3.5,3939.0
13491,5086,2023-H1,2.7,4425.0
13492,5086,2023-H2,3.4,4425.0
13493,5086,2024-H1,3.3,4425.0
13494,5086,2024-H2,3.1,4425.0
13495,5087,2023-H1,3.9,4887.0
13496,5087,2023-H2,3.9,4887.0
13497,5087,2024-H1,2.8,4887.0
13498,5087,2024-H2,4.0,4887.0
13499,5088,2023-H1,3.5,1052.0
13500,5088,2023-H2,2.0,1052.0
13501,5088,2024-H1,3.3,1052.0
13502,5088,2024-H2,2.9,1052.0
13503,5089,2023-H1,3.3,3811.0
13504,5089,2023-H2,3.5,3811.0
13505,5089,2024-H1,3.9,3811.0
13506,5089,2024-H2,3.1,3811.0
13507,5090,2023-H1,3.0,2882.0
13508,5090,2023-H2,2.7,2882.0
13509,5090,2024-H1,3.8,2882.0
13510,5090,2024-H2,3.0,2882.0
13511,5091,2023-H1,4.9,1538.0
13512,5091,2023-H2,4.7,1538.0
13513,5091,2024-H1,5.0,1538.0
13514,5091,2024-H2,4.3,1538.0
13515,5092,2023-H1,3.0,3098.0
13516,5092,2023-H2,3.6,3098.0
13517,5092,2024-H1,2.7,3098.0
13518,5092,2024-H2,3.5,3098.0
13519,5093,2023-H1,5.0,1036.0
13520,5093,2023-H2,4.1,1036.0
13521,5093,2024-H1,4.5,1036.0
13522,5093,2024-H2,4.5,1036.0
13523,5094,2023-H1,5.0,1287.0
13524,5094,2023-H2,5.0,1287.0
13525,5094,2024-H1,5.0,1287.0
13526,5094,2024-H2,4.9,1287.0
13527,5096,2023-H1,3.8,4423.0
13528,5096,2023-H2,3.1,4423.0
13529,5096,2024-H1,2.9,4423.0
13530,5096,2024-H2,3.4,4423.0
13531,5097,2023-H1,3.9,2917.0
13532,5097,2023-H2,3.0,2917.0
13533,5097,2024-H1,3.3,2917.0
13534,5097,2024-H2,2.6,2917.0
13535,5098,2023-H1,3.1,1284.0
13536,5098,2023-H2,2.9,1284.0
13537,5098,2024-H1,2.9,1284.0
13538,5098,2024-H2,3.4,1284.0
13539,5099,2023-H1,2.5,3274.0
13540,5099,2023-H2,3.5,3274.0
13541,5099,2024-H1,2.5,3274.0
13542,5099,2024-H2,3.7,3274.0
13543,5100,2023-H1,2.8,3862.0
13544,5100,2023-H2,2.6,3862.0
13545,5100,2024-H1,3.1,3862.0
13546,5100,2024-H2,2.6,3862.0
13547,5101,2023-H1,3.3,4839.0
13548,5101,2023-H2,3.7,4839.0
13549,5101,2024-H1,4.2,4839.0
13550,5101,2024-H2,3.3,4839.0
13551,5102,2023-H1,3.7,4740.0
13552,5102,2023-H2,4.0,4740.0
13553,5102,2024-H1,3.1,4740.0
13554,5102,2024-H2,3.6,4740.0
13555,5103,2023-H1,4.5,5000.0
13556,5103,2023-H2,4.9,5000.0
13557,5103,2024-H1,5.0,5000.0
13558,5103,2024-H2,4.7,5000.0
13559,5105,2023-H1,2.4,2945.0
13560,5105,2023-H2,1.4,2945.0
13561,5105,2024-H1,2.6,2945.0
13562,5105,2024-H2,1.9,2945.0
13563,5107,2023-H1,3.6,4497.0
13564,5107,2023-H2,3.7,4497.0
13565,5107,2024-H1,2.7,4497.0
13566,5107,2024-H2,3.4,4497.0
13567,5108,2023-H1,3.0,3384.0
13568,5108,2023-H2,2.5,3384.0
13569,5108,2024-H1,3.0,3384.0
13570,5108,2024-H2,3.0,3384.0
13571,5109,2023-H1,4.4,1054.0
13572,5109,2023-H2,4.4,1054.0
13573,5109,2024-H1,3.8,1054.0
13574,5109,2024-H2,4.1,1054.0
13575,5110,2023-H1,3.9,1712.0
13576,5110,2023-H2,3.4,1712.0
13577,5110,2024-H1,3.6,1712.0
13578,5110,2024-H2,4.0,1712.0
13579,5111,2023-H1,3.5,1222.0
13580,5111,2023-H2,3.5,1222.0
13581,5111,2024-H1,4.0,1222.0
13582,5111,2024-H2,3.9,1222.0
13583,5112,2023-H1,3.0,4945.0
13584,5112,2023-H2,3.2,4945.0
13585,5112,2024-H1,3.4,4945.0
13586,5112,2024-H2,3.6,4945.0
13587,5113,2023-H1,3.0,2651.0
13588,5113,2023-H2,3.6,2651.0
13589,5113,2024-H1,3.9,2651.0
13590,5113,2024-H2,3.6,2651.0
13591,5114,2023-H1,2.6,2053.0
13592,5114,2023-H2,2.7,2053.0
13593,5114,2024-H1,2.6,2053.0
13594,5114,2024-H2,2.7,2053.0
13595,5115,2023-H1,4.0,1065.0
13596,5115,2023-H2,4.3,1065.0
13597,5115,2024-H1,4.0,1065.0
13598,5115,2024-H2,3.7,1065.0
13599,5116,2023-H1,3.2,3218.0
13600,5116,2023-H2,3.9,3218.0
13601,5116,2024-H1,3.6,3218.0
13602,5116,2024-H2,3.4,3218.0
13603,5117,2023-H1,3.5,3007.0
13604,5117,2023-H2,3.8,3007.0
13605,5117,2024-H1,3.7,3007.0
13606,5117,2024-H2,4.4,3007.0
13607,5118,2023-H1,3.7,4410.0
13608,5118,2023-H2,3.5,4410.0
13609,5118,2024-H1,4.0,4410.0
13610,5118,2024-H2,4.0,4410.0
13611,5119,2023-H1,4.6,2256.0
13612,5119,2023-H2,4.3,2256.0
13613,5119,2024-H1,4.7,2256.0
13614,5119,2024-H2,3.9,2256.0
13615,5120,2023-H1,4.2,5311.0
13616,5120,2023-H2,5.0,5311.0
13617,5120,2024-H1,4.3,5311.0
13618,5120,2024-H2,4.1,5311.0
13619,5121,2023-H1,3.4,3505.0
13620,5121,2023-H2,3.3,3505.0
13621,5121,2024-H1,3.8,3505.0
13622,5121,2024-H2,3.2,3505.0
13623,5122,2023-H1,4.9,2264.0
13624,5122,2023-H2,4.1,2264.0
13625,5122,2024-H1,4.9,2264.0
13626,5122,2024-H2,4.1,2264.0
13627,5123,2023-H2,4.4,4071.0
13628,5123,2024-H1,5.0,4071.0
13629,5123,2024-H2,5.0,4071.0
13630,5124,2023-H1,1.0,4443.0
13631,5124,2023-H2,1.4,4443.0
13632,5124,2024-H1,1.8,4443.0
13633,5124,2024-H2,2.4,4443.0
13634,5125,2023-H1,3.2,4649.0
13635,5125,2023-H2,2.9,4649.0
13636,5125,2024-H1,2.5,4649.0
13637,5125,2024-H2,3.3,4649.0
13638,5126,2024-H2,3.6,1939.0
13639,5127,2023-H1,3.3,2414.0
13640,5128,2023-H1,4.1,1942.0
13641,5128,2023-H2,3.3,1942.0
13642,5128,2024-H1,3.9,1942.0
13643,5128,2024-H2,4.5,1942.0
13644,5129,2023-H1,4.5,1574.0
13645,5129,2023-H2,3.8,1574.0
13646,5129,2024-H1,4.4,1574.0
13647,5129,2024-H2,3.7,1574.0
13648,5131,2023-H1,4.0,3750.0
13649,5131,2023-H2,3.1,3750.0
13650,5131,2024-H1,3.2,3750.0
13651,5131,2024-H2,3.0,3750.0
13652,5132,2023-H1,3.8,5294.0
13653,5132,2023-H2,2.9,5294.0
13654,5132,2024-H1,4.2,5294.0
13655,5132,2024-H2,3.8,5294.0
13656,5133,2023-H2,3.8,1719.0
13657,5133,2024-H1,4.4,1719.0
13658,5133,2024-H2,4.8,1719.0
13659,5134,2023-H1,3.3,2265.0
13660,5134,2023-H2,2.1,2265.0
13661,5134,2024-H1,4.1,2265.0
13662,5134,2024-H2,3.4,2265.0
13663,5135,2023-H1,3.7,4982.0
13664,5135,2023-H2,4.6,4982.0
13665,5135,2024-H1,3.7,4982.0
13666,5135,2024-H2,4.1,4982.0
13667,5138,2023-H1,2.9,5152.0
13668,5138,2023-H2,2.9,5152.0
13669,5138,2024-H1,2.4,5152.0
13670,5138,2024-H2,1.8,5152.0
13671,5139,2023-H1,3.2,2039.0
13672,5139,2023-H2,2.2,2039.0
13673,5139,2024-H1,3.4,2039.0
13674,5139,2024-H2,3.1,2039.0
13675,5140,2023-H1,3.4,4677.0
13676,5140,2023-H2,4.5,4677.0
13677,5140,2024-H1,4.5,4677.0
13678,5140,2024-H2,4.5,4677.0
13679,5141,2023-H1,4.2,1511.0
13680,5141,2023-H2,3.5,1511.0
13681,5141,2024-H1,3.5,1511.0
13682,5141,2024-H2,3.9,1511.0
13683,5144,2023-H1,2.4,1640.0
13684,5144,2023-H2,2.4,1640.0
13685,5144,2024-H1,2.7,1640.0
13686,5144,2024-H2,3.0,1640.0
13687,5145,2023-H1,2.6,4206.0
13688,5145,2023-H2,2.4,4206.0
13689,5145,2024-H1,3.1,4206.0
13690,5145,2024-H2,3.4,4206.0
13691,5146,2023-H1,3.0,2514.0
13692,5146,2023-H2,3.6,2514.0
13693,5146,2024-H1,2.7,2514.0
13694,5146,2024-H2,4.0,2514.0
13695,5147,2023-H1,2.2,1092.0
13696,5147,2023-H2,2.9,1092.0
13697,5147,2024-H1,3.3,1092.0
13698,5147,2024-H2,3.2,1092.0
13699,5148,2023-H1,2.3,4376.0
13700,5148,2023-H2,3.0,4376.0
13701,5148,2024-H1,2.8,4376.0
13702,5148,2024-H2,3.0,4376.0
13703,5149,2023-H2,3.6,3420.0
13704,5149,2024-H1,2.6,3420.0
13705,5149,2024-H2,3.7,3420.0
13706,5150,2023-H1,3.4,2484.0
13707,5150,2023-H2,3.3,2484.0
13708,5150,2024-H1,3.5,2484.0
13709,5150,2024-H2,3.2,2484.0
13710,5151,2023-H1,3.1,4954.0
13711,5151,2023-H2,3.4,4954.0
13712,5151,2024-H1,2.7,4954.0
13713,5151,2024-H2,3.5,4954.0
13714,5152,2023-H1,3.2,2816.0
13715,5152,2023-H2,2.0,2816.0
13716,5152,2024-H1,2.8,2816.0
13717,5152,2024-H2,3.3,2816.0
13718,5153,2023-H1,4.1,1237.0
13719,5153,2023-H2,3.6,1237.0
13720,5153,2024-H1,3.9,1237.0
13721,5153,2024-H2,3.5,1237.0
13722,5154,2023-H1,3.9,1068.0
13723,5154,2023-H2,3.5,1068.0
13724,5154,2024-H1,2.6,1068.0
13725,5154,2024-H2,3.4,1068.0
13726,5156,2023-H1,4.4,1538.0
13727,5156,2023-H2,4.0,1538.0
13728,5156,2024-H1,4.4,1538.0
13729,5156,2024-H2,4.6,1538.0
13730,5157,2023-H1,3.5,3899.0
13731,5157,2023-H2,2.8,3899.0
13732,5157,2024-H1,3.9,3899.0
13733,5157,2024-H2,3.8,3899.0
13734,5159,2023-H1,3.3,1232.0
13735,5159,2023-H2,3.3,1232.0
13736,5159,2024-H1,3.1,1232.0
13737,5159,2024-H2,3.0,1232.0
13738,5160,2023-H1,3.3,3335.0
13739,5160,2023-H2,3.1,3335.0
13740,5160,2024-H1,3.1,3335.0
13741,5160,2024-H2,2.8,3335.0
13742,5161,2023-H1,2.6,4643.0
13743,5161,2023-H2,2.4,4643.0
13744,5161,2024-H1,2.7,4643.0
13745,5161,2024-H2,2.8,4643.0
13746,5162,2023-H1,4.1,4500.0
13747,5162,2023-H2,3.0,4500.0
13748,5162,2024-H1,3.2,4500.0
13749,5162,2024-H2,3.9,4500.0
13750,5163,2023-H1,4.1,1603.0
13751,5163,2023-H2,3.9,1603.0
13752,5163,2024-H1,3.4,1603.0
13753,5163,2024-H2,4.2,1603.0
13754,5164,2023-H1,1.8,4241.0
13755,5164,2023-H2,2.8,4241.0
13756,5164,2024-H1,2.1,4241.0
13757,5164,2024-H2,1.9,4241.0
13758,5165,2023-H1,3.3,3659.0
13759,5165,2023-H2,3.4,3659.0
13760,5165,2024-H1,2.1,3659.0
13761,5165,2024-H2,3.0,3659.0
13762,5166,2024-H1,1.2,2454.0
13763,5166,2024-H2,1.1,2454.0
13764,5167,2023-H1,2.2,2951.0
13765,5167,2023-H2,2.6,2951.0
13766,5167,2024-H1,1.7,2951.0
13767,5167,2024-H2,2.5,2951.0
13768,5168,2023-H1,3.3,3939.0
13769,5169,2023-H1,3.6,1576.0
13770,5169,2023-H2,3.1,1576.0
13771,5169,2024-H1,2.9,1576.0
13772,5169,2024-H2,2.6,1576.0
13773,5171,2024-H1,3.7,2382.0
13774,5171,2024-H2,4.0,2382.0
13775,5172,2024-H1,4.5,3872.0
13776,5172,2024-H2,4.2,3872.0
13777,5173,2023-H1,2.6,4506.0
13778,5173,2023-H2,2.9,4506.0
13779,5173,2024-H1,2.5,4506.0
13780,5173,2024-H2,2.3,4506.0
13781,5175,2023-H1,3.7,3073.0
13782,5175,2023-H2,4.5,3073.0
13783,5175,2024-H1,3.9,3073.0
13784,5175,2024-H2,2.9,3073.0
13785,5176,2023-H1,3.6,2269.0
13786,5176,2023-H2,3.8,2269.0
13787,5176,2024-H1,3.2,2269.0
13788,5176,2024-H2,3.0,2269.0
13789,5177,2023-H1,1.7,2797.0
13790,5177,2023-H2,1.9,2797.0
13791,5177,2024-H1,1.7,2797.0
13792,5178,2023-H1,2.2,1762.0
13793,5178,2023-H2,2.5,1762.0
13794,5178,2024-H1,2.8,1762.0
13795,5178,2024-H2,3.1,1762.0
13796,5179,2023-H1,2.8,4576.0
13797,5179,2023-H2,3.5,4576.0
13798,5179,2024-H1,3.1,4576.0
13799,5179,2024-H2,3.6,4576.0
13800,5180,2023-H1,4.1,4623.0
13801,5180,2023-H2,4.1,4623.0
13802,5180,2024-H1,4.6,4623.0
13803,5180,2024-H2,4.0,4623.0
13804,5181,2023-H2,4.0,4002.0
13805,5181,2024-H1,3.3,4002.0
13806,5181,2024-H2,3.1,4002.0
13807,5182,2023-H1,3.8,2331.0
13808,5182,2023-H2,4.6,2331.0
13809,5182,2024-H1,4.0,2331.0
13810,5182,2024-H2,4.5,2331.0
13811,5183,2023-H1,3.8,4330.0
13812,5183,2023-H2,2.6,4330.0
13813,5183,2024-H1,2.6,4330.0
13814,5183,2024-H2,3.1,4330.0
13815,5184,2023-H1,2.5,2026.0
13816,5184,2023-H2,3.2,2026.0
13817,5184,2024-H1,3.5,2026.0
13818,5184,2024-H2,2.5,2026.0
13819,5185,2023-H2,4.7,4063.0
13820,5185,2024-H1,3.9,4063.0
13821,5185,2024-H2,3.6,4063.0
13822,5186,2023-H1,3.3,3727.0
13823,5186,2023-H2,3.9,3727.0
13824,5186,2024-H1,3.7,3727.0
13825,5186,2024-H2,3.2,3727.0
13826,5187,2023-H1,2.8,2872.0
13827,5187,2023-H2,3.0,2872.0
13828,5187,2024-H1,3.3,2872.0
13829,5187,2024-H2,2.5,2872.0
13830,5189,2023-H1,3.9,3602.0
13831,5189,2023-H2,4.8,3602.0
13832,5189,2024-H1,5.0,3602.0
13833,5189,2024-H2,5.0,3602.0
13834,5191,2023-H1,3.4,3221.0
13835,5191,2023-H2,2.8,3221.0
13836,5191,2024-H1,3.9,3221.0
13837,5191,2024-H2,3.6,3221.0
13838,5192,2023-H1,3.1,4507.0
13839,5192,2023-H2,3.1,4507.0
13840,5192,2024-H1,2.7,4507.0
13841,5192,2024-H2,3.2,4507.0
13842,5193,2023-H1,4.5,4306.0
13843,5193,2023-H2,3.5,4306.0
13844,5193,2024-H1,4.2,4306.0
13845,5193,2024-H2,4.0,4306.0
13846,5194,2023-H1,4.3,4937.0
13847,5194,2023-H2,4.1,4937.0
13848,5194,2024-H1,4.5,4937.0
13849,5194,2024-H2,4.3,4937.0
13850,5195,2023-H1,3.2,3356.0
13851,5195,2023-H2,4.4,3356.0
13852,5195,2024-H1,3.9,3356.0
13853,5195,2024-H2,2.7,3356.0
13854,5196,2023-H1,3.6,4632.0
13855,5196,2023-H2,4.0,4632.0
13856,5196,2024-H1,3.6,4632.0
13857,5196,2024-H2,3.7,4632.0
13858,5197,2024-H2,4.0,4446.0
13859,5198,2023-H1,3.5,4815.0
13860,5198,2023-H2,4.0,4815.0
13861,5198,2024-H1,3.3,4815.0
13862,5198,2024-H2,4.0,4815.0
13863,5199,2023-H1,4.1,4863.0
13864,5199,2023-H2,4.8,4863.0
13865,5199,2024-H1,3.6,4863.0
13866,5199,2024-H2,3.4,4863.0
13867,5200,2023-H1,2.4,5471.0
13868,5200,2023-H2,1.5,5471.0
13869,5200,2024-H1,1.7,5471.0
13870,5200,2024-H2,1.5,5471.0
13871,5201,2023-H1,3.9,3630.0
13872,5201,2023-H2,3.9,3630.0
13873,5201,2024-H1,4.6,3630.0
13874,5201,2024-H2,3.6,3630.0
13875,5202,2023-H1,3.2,4318.0
13876,5202,2023-H2,3.6,4318.0
13877,5202,2024-H1,2.8,4318.0
13878,5202,2024-H2,2.4,4318.0
13879,5203,2023-H1,3.1,
13880,5203,2023-H2,3.1,
13881,5203,2024-H1,3.7,
13882,5203,2024-H2,3.7,
13883,5204,2023-H1,4.4,2195.0
13884,5204,2023-H2,4.4,2195.0
13885,5204,2024-H1,3.9,2195.0
13886,5204,2024-H2,5.0,2195.0
13887,5205,2023-H1,3.8,4632.0
13888,5205,2023-H2,3.6,4632.0
13889,5205,2024-H1,3.3,4632.0
13890,5205,2024-H2,3.3,4632.0
13891,5206,2023-H1,2.0,1471.0
13892,5206,2023-H2,2.5,1471.0
13893,5206,2024-H1,1.6,1471.0
13894,5206,2024-H2,1.4,1471.0
13895,5207,2023-H1,1.7,1834.0
13896,5207,2023-H2,2.4,1834.0
13897,5207,2024-H1,1.7,1834.0
13898,5208,2023-H1,2.0,4544.0
13899,5208,2023-H2,3.5,4544.0
13900,5208,2024-H1,2.0,4544.0
13901,5208,2024-H2,2.0,4544.0
13902,5209,2023-H1,3.9,2765.0
13903,5209,2023-H2,4.0,2765.0
13904,5209,2024-H1,4.2,2765.0
13905,5209,2024-H2,3.9,2765.0
13906,5210,2023-H1,3.9,4161.0
13907,5210,2023-H2,4.2,4161.0
13908,5210,2024-H1,4.2,4161.0
13909,5210,2024-H2,3.8,4161.0
13910,5211,2023-H1,3.1,1527.0
13911,5211,2023-H2,3.7,1527.0
13912,5211,2024-H1,2.9,1527.0
13913,5211,2024-H2,3.5,1527.0
13914,5212,2023-H1,3.1,4641.0
13915,5212,2023-H2,3.1,4641.0
13916,5212,2024-H1,2.3,4641.0
13917,5212,2024-H2,2.4,4641.0
13918,5213,2023-H1,5.0,4936.0
13919,5213,2023-H2,4.0,4936.0
13920,5213,2024-H1,4.7,4936.0
13921,5213,2024-H2,4.9,4936.0
13922,5214,2023-H1,3.7,5052.0
13923,5214,2023-H2,2.9,5052.0
13924,5214,2024-H1,4.6,5052.0
13925,5214,2024-H2,3.8,5052.0
13926,5215,2023-H1,3.6,4340.0
13927,5215,2023-H2,3.5,4340.0
13928,5215,2024-H1,3.3,4340.0
13929,5215,2024-H2,3.8,4340.0
13930,5216,2023-H2,3.1,4856.0
13931,5216,2024-H1,3.5,4856.0
13932,5217,2023-H1,5.0,2866.0
13933,5217,2023-H2,3.8,2866.0
13934,5217,2024-H1,3.2,2866.0
13935,5217,2024-H2,4.7,2866.0
13936,5218,2023-H1,3.7,4410.0
13937,5218,2023-H2,3.3,4410.0
13938,5218,2024-H1,3.5,4410.0
13939,5218,2024-H2,4.4,4410.0
13940,5219,2023-H1,3.3,1967.0
13941,5219,2023-H2,3.9,1967.0
13942,5219,2024-H1,3.2,1967.0
13943,5219,2024-H2,4.0,1967.0
13944,5220,2023-H1,4.8,3913.0
13945,5220,2023-H2,4.1,3913.0
13946,5220,2024-H1,5.0,3913.0
13947,5220,2024-H2,4.7,3913.0
13948,5221,2023-H1,3.2,2248.0
13949,5221,2023-H2,3.8,2248.0
13950,5221,2024-H1,4.3,2248.0
13951,5222,2023-H1,3.2,4148.0
13952,5222,2023-H2,3.9,4148.0
13953,5222,2024-H1,4.0,4148.0
13954,5222,2024-H2,3.1,4148.0
13955,5223,2023-H1,3.5,2229.0
13956,5223,2023-H2,3.5,2229.0
13957,5223,2024-H1,3.8,2229.0
13958,5223,2024-H2,3.7,2229.0
13959,5224,2023-H1,2.3,2519.0
13960,5224,2023-H2,2.0,2519.0
13961,5224,2024-H1,1.5,2519.0
13962,5224,2024-H2,2.7,2519.0
13963,5225,2023-H1,3.7,2825.0
13964,5225,2023-H2,3.8,2825.0
13965,5225,2024-H1,3.7,2825.0
13966,5225,2024-H2,2.9,2825.0
13967,5226,2023-H1,3.4,3106.0
13968,5226,2023-H2,3.0,3106.0
13969,5226,2024-H1,3.8,3106.0
13970,5226,2024-H2,3.7,3106.0
13971,5227,2023-H1,3.2,1466.0
13972,5227,2023-H2,3.4,1466.0
13973,5227,2024-H1,3.4,1466.0
13974,5227,2024-H2,3.2,1466.0
13975,5229,2023-H1,2.7,1204.0
13976,5229,2023-H2,3.0,1204.0
13977,5229,2024-H1,2.6,1204.0
13978,5229,2024-H2,2.8,1204.0
13979,5230,2023-H2,5.0,1532.0
13980,5230,2024-H1,4.5,1532.0
13981,5230,2024-H2,5.0,1532.0
13982,5231,2023-H1,3.4,1522.0
13983,5231,2023-H2,3.7,1522.0
13984,5231,2024-H1,3.9,1522.0
13985,5231,2024-H2,3.7,1522.0
13986,5232,2023-H1,3.7,2177.0
13987,5232,2023-H2,3.8,2177.0
13988,5232,2024-H1,3.7,2177.0
13989,5232,2024-H2,3.5,2177.0
13990,5233,2023-H1,4.0,4284.0
13991,5233,2023-H2,4.2,4284.0
13992,5233,2024-H1,3.5,4284.0
13993,5234,2023-H1,4.2,2897.0
13994,5234,2023-H2,3.7,2897.0
13995,5234,2024-H1,3.8,2897.0
13996,5234,2024-H2,3.8,2897.0
13997,5235,2023-H1,3.6,4675.0
13998,5235,2023-H2,3.4,4675.0
13999,5235,2024-H1,3.8,4675.0
14000,5235,2024-H2,3.3,4675.0
14001,5236,2023-H1,3.1,4041.0
14002,5236,2023-H2,3.0,4041.0
14003,5236,2024-H1,3.1,4041.0
14004,5236,2024-H2,3.1,4041.0
14005,5237,2023-H1,2.2,5318.0
14006,5237,2023-H2,2.3,5318.0
14007,5237,2024-H1,1.7,5318.0
14008,5237,2024-H2,2.7,5318.0
14009,5238,2023-H1,3.0,3387.0
14010,5238,2023-H2,3.5,3387.0
14011,5238,2024-H1,3.3,3387.0
14012,5238,2024-H2,3.8,3387.0
14013,5239,2023-H1,3.1,2392.0
14014,5239,2023-H2,2.6,2392.0
14015,5239,2024-H1,2.5,2392.0
14016,5239,2024-H2,3.4,2392.0
14017,5240,2023-H1,3.1,5494.0
14018,5240,2023-H2,3.1,5494.0
14019,5240,2024-H1,3.0,5494.0
14020,5240,2024-H2,2.8,5494.0
14021,5241,2023-H1,4.3,4863.0
14022,5241,2023-H2,3.3,4863.0
14023,5241,2024-H1,3.8,4863.0
14024,5241,2024-H2,3.1,4863.0
14025,5242,2023-H1,5.0,3818.0
14026,5242,2023-H2,5.0,3818.0
14027,5242,2024-H1,4.7,3818.0
14028,5242,2024-H2,5.0,3818.0
14029,5243,2023-H1,4.6,3809.0
14030,5243,2023-H2,5.0,3809.0
14031,5243,2024-H1,4.8,3809.0
14032,5243,2024-H2,4.1,3809.0
14033,5244,2024-H1,3.2,3251.0
14034,5244,2024-H2,3.4,3251.0
14035,5245,2023-H1,4.0,4015.0
14036,5245,2023-H2,2.9,4015.0
14037,5245,2024-H1,3.6,4015.0
14038,5245,2024-H2,3.3,4015.0
14039,5246,2023-H1,4.0,3201.0
14040,5246,2023-H2,4.4,3201.0
14041,5246,2024-H1,3.8,3201.0
14042,5246,2024-H2,3.8,3201.0
14043,5247,2024-H2,3.2,5256.0
14044,5248,2023-H1,4.2,2889.0
14045,5248,2023-H2,4.5,2889.0
14046,5248,2024-H1,4.0,2889.0
14047,5248,2024-H2,4.7,2889.0
14048,5249,2023-H2,3.7,2271.0
14049,5250,2023-H1,5.0,1605.0
14050,5250,2023-H2,5.0,1605.0
14051,5250,2024-H1,4.7,1605.0
14052,5250,2024-H2,5.0,1605.0
14053,5251,2023-H1,4.3,1701.0
14054,5251,2023-H2,4.1,1701.0
14055,5251,2024-H1,4.9,1701.0
14056,5251,2024-H2,3.7,1701.0
14057,5252,2023-H1,5.0,3008.0
14058,5252,2023-H2,5.0,3008.0
14059,5252,2024-H1,4.8,3008.0
14060,5252,2024-H2,5.0,3008.0
14061,5253,2023-H1,3.9,3014.0
14062,5253,2023-H2,4.9,3014.0
14063,5253,2024-H1,4.9,3014.0
14064,5253,2024-H2,4.5,3014.0
14065,5254,2023-H1,4.5,5155.0
14066,5254,2023-H2,4.8,5155.0
14067,5254,2024-H1,4.1,5155.0
14068,5254,2024-H2,3.8,5155.0
14069,5255,2023-H1,3.4,2429.0
14070,5255,2023-H2,2.3,2429.0
14071,5255,2024-H1,3.1,2429.0
14072,5256,2023-H1,4.1,5107.0
14073,5256,2023-H2,4.0,5107.0
14074,5256,2024-H1,3.8,5107.0
14075,5256,2024-H2,3.6,5107.0
14076,5257,2023-H1,2.1,2546.0
14077,5257,2023-H2,2.3,2546.0
14078,5257,2024-H1,2.0,2546.0
14079,5257,2024-H2,2.3,2546.0
14080,5259,2023-H1,3.5,1930.0
14081,5259,2023-H2,2.6,1930.0
14082,5259,2024-H1,2.7,1930.0
14083,5259,2024-H2,3.8,1930.0
14084,5260,2023-H1,3.7,5078.0
14085,5260,2023-H2,4.5,5078.0
14086,5260,2024-H1,3.3,5078.0
14087,5260,2024-H2,4.3,5078.0
14088,5261,2023-H1,3.4,1698.0
14089,5261,2023-H2,3.9,1698.0
14090,5261,2024-H1,3.3,1698.0
14091,5261,2024-H2,3.4,1698.0
14092,5262,2023-H1,4.4,5469.0
14093,5262,2023-H2,5.0,5469.0
14094,5262,2024-H1,4.8,5469.0
14095,5262,2024-H2,4.8,5469.0
14096,5263,2023-H1,3.6,3385.0
14097,5263,2023-H2,3.5,3385.0
14098,5263,2024-H1,3.1,3385.0
14099,5263,2024-H2,3.8,3385.0
14100,5264,2023-H1,3.7,2511.0
14101,5264,2023-H2,3.4,2511.0
14102,5264,2024-H1,3.1,2511.0
14103,5264,2024-H2,3.4,2511.0
14104,5265,2023-H1,3.5,4232.0
14105,5265,2023-H2,2.1,4232.0
14106,5265,2024-H1,2.7,4232.0
14107,5265,2024-H2,3.6,4232.0
14108,5266,2023-H1,4.1,1573.0
14109,5266,2023-H2,4.0,1573.0
14110,5266,2024-H1,3.2,1573.0
14111,5266,2024-H2,3.2,1573.0
14112,5267,2023-H1,3.0,1032.0
14113,5267,2023-H2,3.5,1032.0
14114,5267,2024-H1,2.6,1032.0
14115,5267,2024-H2,2.8,1032.0
14116,5268,2023-H1,3.6,4844.0
14117,5268,2023-H2,3.8,4844.0
14118,5268,2024-H1,3.8,4844.0
14119,5268,2024-H2,3.4,4844.0
14120,5269,2023-H1,2.6,4425.0
14121,5269,2023-H2,2.9,4425.0
14122,5269,2024-H1,2.3,4425.0
14123,5269,2024-H2,2.9,4425.0
14124,5270,2023-H1,3.3,1727.0
14125,5270,2023-H2,3.4,1727.0
14126,5270,2024-H1,3.7,1727.0
14127,5270,2024-H2,2.7,1727.0
14128,5271,2023-H1,3.9,4529.0
14129,5271,2023-H2,3.7,4529.0
14130,5271,2024-H1,3.5,4529.0
14131,5271,2024-H2,3.9,4529.0
14132,5272,2023-H1,3.7,1794.0
14133,5272,2023-H2,4.0,1794.0
14134,5272,2024-H1,4.2,1794.0
14135,5272,2024-H2,3.2,1794.0
14136,5273,2023-H1,3.6,3283.0
14137,5273,2023-H2,2.7,3283.0
14138,5273,2024-H1,3.0,3283.0
14139,5273,2024-H2,2.8,3283.0
14140,5274,2023-H1,3.4,4975.0
14141,5274,2023-H2,3.1,4975.0
14142,5274,2024-H1,3.4,4975.0
14143,5274,2024-H2,3.1,4975.0
14144,5275,2023-H1,4.1,2347.0
14145,5275,2023-H2,3.4,2347.0
14146,5275,2024-H1,4.8,2347.0
14147,5275,2024-H2,4.0,2347.0
14148,5276,2023-H1,2.5,1642.0
14149,5276,2023-H2,3.5,1642.0
14150,5276,2024-H1,2.8,1642.0
14151,5276,2024-H2,3.5,1642.0
14152,5277,2023-H1,3.2,1757.0
14153,5277,2023-H2,3.5,1757.0
14154,5277,2024-H1,2.4,1757.0
14155,5277,2024-H2,3.3,1757.0
14156,5278,2024-H2,3.9,2925.0
14157,5279,2023-H1,2.2,1239.0
14158,5279,2023-H2,2.2,1239.0
14159,5279,2024-H1,2.8,1239.0
14160,5279,2024-H2,2.1,1239.0
14161,5280,2023-H1,3.1,4684.0
14162,5280,2023-H2,2.8,4684.0
14163,5280,2024-H1,2.6,4684.0
14164,5280,2024-H2,3.7,4684.0
14165,5281,2023-H1,2.0,1019.0
14166,5281,2023-H2,3.4,1019.0
14167,5281,2024-H1,2.9,1019.0
14168,5281,2024-H2,2.8,1019.0
14169,5282,2023-H2,3.6,2144.0
14170,5282,2024-H1,2.7,2144.0
14171,5283,2024-H2,5.0,5101.0
14172,5284,2023-H1,3.8,5155.0
14173,5284,2023-H2,3.6,5155.0
14174,5284,2024-H1,3.9,5155.0
14175,5284,2024-H2,4.7,5155.0
14176,5285,2023-H1,3.9,1655.0
14177,5285,2023-H2,3.5,1655.0
14178,5285,2024-H1,3.1,1655.0
14179,5285,2024-H2,4.7,1655.0
14180,5286,2023-H1,3.9,2940.0
14181,5286,2023-H2,3.5,2940.0
14182,5286,2024-H1,3.7,2940.0
14183,5286,2024-H2,3.9,2940.0
14184,5287,2023-H2,3.1,4788.0
14185,5287,2024-H1,3.0,4788.0
14186,5287,2024-H2,2.9,4788.0
14187,5288,2023-H1,2.7,1198.0
14188,5288,2023-H2,2.4,1198.0
14189,5288,2024-H1,2.8,1198.0
14190,5288,2024-H2,2.7,1198.0
14191,5289,2023-H1,2.0,3219.0
14192,5289,2023-H2,1.7,3219.0
14193,5289,2024-H1,2.1,3219.0
14194,5289,2024-H2,1.4,3219.0
14195,5290,2023-H1,4.0,5373.0
14196,5290,2023-H2,4.5,5373.0
14197,5290,2024-H1,4.0,5373.0
14198,5290,2024-H2,4.6,5373.0
14199,5291,2023-H1,4.0,4467.0
14200,5291,2023-H2,4.4,4467.0
14201,5291,2024-H1,4.6,4467.0
14202,5291,2024-H2,4.6,4467.0
14203,5292,2023-H1,2.3,2456.0
14204,5292,2023-H2,3.0,2456.0
14205,5292,2024-H1,2.8,2456.0
14206,5292,2024-H2,2.3,2456.0
14207,5293,2023-H1,3.8,4254.0
14208,5293,2023-H2,4.3,4254.0
14209,5293,2024-H1,3.3,4254.0
14210,5293,2024-H2,4.0,4254.0
14211,5294,2023-H1,4.3,5466.0
14212,5294,2023-H2,4.8,5466.0
14213,5294,2024-H1,4.1,5466.0
14214,5294,2024-H2,5.0,5466.0
14215,5295,2023-H1,2.6,1426.0
14216,5295,2023-H2,3.2,1426.0
14217,5296,2023-H1,2.1,2492.0
14218,5296,2023-H2,2.5,2492.0
14219,5296,2024-H1,2.2,2492.0
14220,5296,2024-H2,1.7,2492.0
14221,5297,2023-H1,3.1,3991.0
14222,5297,2023-H2,3.9,3991.0
14223,5297,2024-H1,3.4,3991.0
14224,5297,2024-H2,3.0,3991.0
14225,5298,2023-H1,4.3,3678.0
14226,5298,2023-H2,4.6,3678.0
14227,5298,2024-H1,4.5,3678.0
14228,5298,2024-H2,4.4,3678.0
14229,5299,2024-H1,3.1,2917.0
14230,5299,2024-H2,3.0,2917.0
14231,5300,2023-H1,3.7,1376.0
14232,5300,2023-H2,3.9,1376.0
14233,5301,2023-H1,3.9,3025.0
14234,5301,2023-H2,4.0,3025.0
14235,5301,2024-H1,3.8,3025.0
14236,5301,2024-H2,3.6,3025.0
14237,5302,2023-H2,3.0,2765.0
14238,5304,2023-H1,2.4,3735.0
14239,5304,2023-H2,2.7,3735.0
14240,5304,2024-H1,2.7,3735.0
14241,5304,2024-H2,2.3,3735.0
14242,5305,2023-H1,4.7,1624.0
14243,5305,2023-H2,4.5,1624.0
14244,5305,2024-H1,4.7,1624.0
14245,5305,2024-H2,4.2,1624.0
14246,5306,2023-H1,3.6,1299.0
14247,5306,2023-H2,4.3,1299.0
14248,5306,2024-H1,3.9,1299.0
14249,5306,2024-H2,3.5,1299.0
14250,5307,2023-H1,4.2,2039.0
14251,5307,2023-H2,3.9,2039.0
14252,5307,2024-H1,4.0,2039.0
14253,5307,2024-H2,3.7,2039.0
14254,5308,2023-H1,2.7,1509.0
14255,5308,2023-H2,3.0,1509.0
14256,5308,2024-H1,2.6,1509.0
14257,5308,2024-H2,2.8,1509.0
14258,5309,2023-H1,2.8,2055.0
14259,5309,2023-H2,2.7,2055.0
14260,5309,2024-H1,2.5,2055.0
14261,5309,2024-H2,2.8,2055.0
14262,5310,2023-H1,2.5,1680.0
14263,5310,2023-H2,1.9,1680.0
14264,5310,2024-H1,1.9,1680.0
14265,5310,2024-H2,2.1,1680.0
14266,5311,2023-H1,3.5,2925.0
14267,5311,2023-H2,2.7,2925.0
14268,5311,2024-H1,3.7,2925.0
14269,5311,2024-H2,2.9,2925.0
14270,5313,2023-H1,2.7,4975.0
14271,5313,2023-H2,2.0,4975.0
14272,5313,2024-H1,3.0,4975.0
14273,5313,2024-H2,2.8,4975.0
14274,5314,2023-H1,2.0,4565.0
14275,5314,2023-H2,1.8,4565.0
14276,5314,2024-H1,1.8,4565.0
14277,5314,2024-H2,1.3,4565.0
14278,5315,2023-H1,2.4,4858.0
14279,5315,2023-H2,3.4,4858.0
14280,5315,2024-H1,2.7,4858.0
14281,5315,2024-H2,2.0,4858.0
14282,5316,2023-H1,5.0,1761.0
14283,5316,2023-H2,5.0,1761.0
14284,5316,2024-H1,5.0,1761.0
14285,5316,2024-H2,5.0,1761.0
14286,5318,2023-H1,3.6,4242.0
14287,5318,2023-H2,4.3,4242.0
14288,5318,2024-H1,3.2,4242.0
14289,5318,2024-H2,3.3,4242.0
14290,5319,2023-H1,3.0,3932.0
14291,5319,2023-H2,2.7,3932.0
14292,5319,2024-H1,3.4,3932.0
14293,5319,2024-H2,3.2,3932.0
14294,5320,2023-H2,2.8,4150.0
14295,5320,2024-H1,3.5,4150.0
14296,5320,2024-H2,3.8,4150.0
14297,5321,2023-H1,4.4,5095.0
14298,5321,2023-H2,4.4,5095.0
14299,5321,2024-H1,3.8,5095.0
14300,5321,2024-H2,3.8,5095.0
14301,5322,2023-H1,3.1,1747.0
14302,5322,2023-H2,2.5,1747.0
14303,5322,2024-H1,2.8,1747.0
14304,5322,2024-H2,3.2,1747.0
14305,5323,2023-H1,4.3,4219.0
14306,5323,2023-H2,4.4,4219.0
14307,5323,2024-H1,4.3,4219.0
14308,5323,2024-H2,3.9,4219.0
14309,5324,2023-H1,1.7,4579.0
14310,5324,2023-H2,2.3,4579.0
14311,5324,2024-H1,2.6,4579.0
14312,5324,2024-H2,2.9,4579.0
14313,5325,2023-H1,4.1,1241.0
14314,5325,2023-H2,4.0,1241.0
14315,5325,2024-H1,3.6,1241.0
14316,5325,2024-H2,3.7,1241.0
14317,5326,2023-H1,3.9,2971.0
14318,5326,2023-H2,3.6,2971.0
14319,5326,2024-H1,3.9,2971.0
14320,5326,2024-H2,3.2,2971.0
14321,5327,2023-H1,3.5,4486.0
14322,5327,2023-H2,3.6,4486.0
14323,5327,2024-H1,3.7,4486.0
14324,5328,2023-H1,4.1,2043.0
14325,5328,2023-H2,4.4,2043.0
14326,5328,2024-H1,4.5,2043.0
14327,5328,2024-H2,3.9,2043.0
14328,5329,2024-H1,4.6,2084.0
14329,5329,2024-H2,4.9,2084.0
14330,5330,2023-H1,3.1,4026.0
14331,5330,2023-H2,2.9,4026.0
14332,5330,2024-H1,3.0,4026.0
14333,5330,2024-H2,2.8,4026.0
14334,5331,2023-H1,2.6,1280.0
14335,5331,2023-H2,2.7,1280.0
14336,5331,2024-H1,3.0,1280.0
14337,5331,2024-H2,2.5,1280.0
14338,5332,2023-H1,3.1,5466.0
14339,5332,2023-H2,3.8,5466.0
14340,5332,2024-H1,3.3,5466.0
14341,5332,2024-H2,4.5,5466.0
14342,5333,2023-H1,4.6,5154.0
14343,5333,2023-H2,5.0,5154.0
14344,5333,2024-H1,4.3,5154.0
14345,5333,2024-H2,5.0,5154.0
14346,5334,2023-H1,2.8,4770.0
14347,5334,2023-H2,3.1,4770.0
14348,5334,2024-H1,3.3,4770.0
14349,5334,2024-H2,3.0,4770.0
14350,5335,2023-H1,3.6,3854.0
14351,5335,2023-H2,3.2,3854.0
14352,5335,2024-H1,3.5,3854.0
14353,5335,2024-H2,3.5,3854.0
14354,5336,2023-H1,1.9,1836.0
14355,5336,2023-H2,3.2,1836.0
14356,5336,2024-H1,3.2,1836.0
14357,5336,2024-H2,3.0,1836.0
14358,5337,2023-H1,4.1,1794.0
14359,5337,2023-H2,3.6,1794.0
14360,5337,2024-H1,3.4,1794.0
14361,5337,2024-H2,4.1,1794.0
14362,5338,2023-H1,2.5,5203.0
14363,5338,2023-H2,3.9,5203.0
14364,5338,2024-H1,3.9,5203.0
14365,5338,2024-H2,4.1,5203.0
14366,5339,2023-H1,3.8,4143.0
14367,5339,2023-H2,4.0,4143.0
14368,5339,2024-H1,2.7,4143.0
14369,5339,2024-H2,3.6,4143.0
14370,5340,2023-H1,3.3,4815.0
14371,5340,2023-H2,3.0,4815.0
14372,5340,2024-H1,3.7,4815.0
14373,5340,2024-H2,3.7,4815.0
14374,5344,2023-H1,3.3,4289.0
14375,5344,2023-H2,3.7,4289.0
14376,5344,2024-H1,3.8,4289.0
14377,5344,2024-H2,3.9,4289.0
14378,5345,2023-H1,2.6,1668.0
14379,5345,2023-H2,2.3,1668.0
14380,5345,2024-H1,3.0,1668.0
14381,5345,2024-H2,3.0,1668.0
14382,5346,2023-H1,4.4,2520.0
14383,5346,2023-H2,4.3,2520.0
14384,5346,2024-H1,4.1,2520.0
14385,5346,2024-H2,3.6,2520.0
14386,5347,2024-H1,2.9,4936.0
14387,5347,2024-H2,3.3,4936.0
14388,5348,2023-H1,3.7,4992.0
14389,5348,2023-H2,3.7,4992.0
14390,5348,2024-H1,2.5,4992.0
14391,5348,2024-H2,3.0,4992.0
14392,5350,2024-H1,3.1,1132.0
14393,5351,2023-H1,2.7,4732.0
14394,5351,2023-H2,2.7,4732.0
14395,5351,2024-H1,2.4,4732.0
14396,5351,2024-H2,2.6,4732.0
14397,5352,2023-H1,5.0,1117.0
14398,5352,2023-H2,3.8,1117.0
14399,5352,2024-H1,5.0,1117.0
14400,5352,2024-H2,5.0,1117.0
14401,5353,2023-H1,4.7,1983.0
14402,5353,2023-H2,4.3,1983.0
14403,5353,2024-H1,4.6,1983.0
14404,5353,2024-H2,4.3,1983.0
14405,5354,2023-H1,3.3,2846.0
14406,5354,2023-H2,2.4,2846.0
14407,5354,2024-H1,2.8,2846.0
14408,5354,2024-H2,2.6,2846.0
14409,5355,2023-H1,4.8,1807.0
14410,5355,2023-H2,4.8,1807.0
14411,5355,2024-H1,5.0,1807.0
14412,5355,2024-H2,4.6,1807.0
14413,5356,2023-H2,3.6,5377.0
14414,5356,2024-H1,3.4,5377.0
14415,5357,2024-H1,3.3,4424.0
14416,5357,2024-H2,3.1,4424.0
14417,5359,2024-H1,3.4,4267.0
14418,5360,2023-H1,3.5,3201.0
14419,5360,2023-H2,4.0,3201.0
14420,5360,2024-H1,4.4,3201.0
14421,5360,2024-H2,4.5,3201.0
14422,5361,2023-H1,4.5,1405.0
14423,5361,2023-H2,4.0,1405.0
14424,5361,2024-H1,4.2,1405.0
14425,5361,2024-H2,4.4,1405.0
14426,5362,2023-H1,3.3,3396.0
14427,5362,2023-H2,4.0,3396.0
14428,5362,2024-H1,3.6,3396.0
14429,5362,2024-H2,4.1,3396.0
14430,5363,2023-H1,3.9,1209.0
14431,5363,2023-H2,3.2,1209.0
14432,5363,2024-H1,4.2,1209.0
14433,5364,2023-H1,3.4,2720.0
14434,5364,2023-H2,2.8,2720.0
14435,5364,2024-H1,3.2,2720.0
14436,5364,2024-H2,2.5,2720.0
14437,5365,2023-H2,3.9,4839.0
14438,5365,2024-H1,4.6,4839.0
14439,5365,2024-H2,4.2,4839.0
14440,5366,2024-H2,3.9,3363.0
14441,5367,2023-H1,2.8,4064.0
14442,5367,2023-H2,3.3,4064.0
14443,5367,2024-H1,2.5,4064.0
14444,5367,2024-H2,3.7,4064.0
14445,5368,2023-H1,2.4,2725.0
14446,5368,2023-H2,1.3,2725.0
14447,5368,2024-H1,2.6,2725.0
14448,5368,2024-H2,2.6,2725.0
14449,5369,2023-H1,2.7,2455.0
14450,5369,2023-H2,3.6,2455.0
14451,5369,2024-H1,3.2,2455.0
14452,5369,2024-H2,2.7,2455.0
14453,5370,2023-H1,3.2,3789.0
14454,5370,2023-H2,3.9,3789.0
14455,5370,2024-H1,3.2,3789.0
14456,5370,2024-H2,3.7,3789.0
14457,5371,2023-H1,4.4,3129.0
14458,5371,2023-H2,3.7,3129.0
14459,5371,2024-H1,4.4,3129.0
14460,5371,2024-H2,4.6,3129.0
14461,5372,2023-H1,3.4,1080.0
14462,5372,2023-H2,3.5,1080.0
14463,5372,2024-H1,2.9,1080.0
14464,5372,2024-H2,4.1,1080.0
14465,5373,2023-H1,4.5,3603.0
14466,5373,2023-H2,4.5,3603.0
14467,5373,2024-H1,4.2,3603.0
14468,5373,2024-H2,4.3,3603.0
14469,5374,2023-H1,4.2,4581.0
14470,5374,2023-H2,3.6,4581.0
14471,5374,2024-H1,3.6,4581.0
14472,5374,2024-H2,3.2,4581.0
14473,5375,2023-H1,3.5,5494.0
14474,5375,2023-H2,3.2,5494.0
14475,5375,2024-H1,3.1,5494.0
14476,5375,2024-H2,3.2,5494.0
14477,5376,2023-H1,3.8,2012.0
14478,5376,2023-H2,3.5,2012.0
14479,5376,2024-H1,3.9,2012.0
14480,5376,2024-H2,3.5,2012.0
14481,5377,2023-H1,2.8,3251.0
14482,5377,2023-H2,2.7,3251.0
14483,5377,2024-H1,3.6,3251.0
14484,5377,2024-H2,2.2,3251.0
14485,5378,2023-H1,3.1,5316.0
14486,5378,2023-H2,3.0,5316.0
14487,5378,2024-H1,3.0,5316.0
14488,5378,2024-H2,3.7,5316.0
14489,5379,2023-H1,4.1,2670.0
14490,5379,2023-H2,3.5,2670.0
14491,5379,2024-H1,3.9,2670.0
14492,5379,2024-H2,3.5,2670.0
14493,5380,2023-H1,4.4,4917.0
14494,5380,2023-H2,3.5,4917.0
14495,5383,2023-H1,2.5,3576.0
14496,5383,2023-H2,3.3,3576.0
14497,5383,2024-H1,2.8,3576.0
14498,5383,2024-H2,3.3,3576.0
14499,5385,2023-H1,4.5,2529.0
14500,5385,2023-H2,4.8,2529.0
14501,5385,2024-H1,4.1,2529.0
14502,5385,2024-H2,4.2,2529.0
14503,5386,2023-H1,3.8,3932.0
14504,5386,2023-H2,3.6,3932.0
14505,5386,2024-H1,4.9,3932.0
14506,5386,2024-H2,3.6,3932.0
14507,5389,2023-H1,3.6,4904.0
14508,5389,2023-H2,4.0,4904.0
14509,5389,2024-H1,3.8,4904.0
14510,5389,2024-H2,3.3,4904.0
14511,5390,2023-H1,3.9,3019.0
14512,5390,2023-H2,3.1,3019.0
14513,5390,2024-H1,3.2,3019.0
14514,5390,2024-H2,3.0,3019.0
14515,5391,2023-H1,4.4,5095.0
14516,5391,2023-H2,4.1,5095.0
14517,5391,2024-H1,3.7,5095.0
14518,5391,2024-H2,3.4,5095.0
14519,5392,2023-H1,4.3,1150.0
14520,5392,2023-H2,3.8,1150.0
14521,5392,2024-H1,3.7,1150.0
14522,5392,2024-H2,4.7,1150.0
14523,5393,2023-H1,3.0,3435.0
14524,5393,2023-H2,2.9,3435.0
14525,5393,2024-H1,4.0,3435.0
14526,5393,2024-H2,3.1,3435.0
14527,5394,2023-H1,2.9,4218.0
14528,5394,2023-H2,2.9,4218.0
14529,5394,2024-H1,2.4,4218.0
14530,5394,2024-H2,2.4,4218.0
14531,5395,2023-H1,3.7,4856.0
14532,5395,2023-H2,3.2,4856.0
14533,5395,2024-H1,3.4,4856.0
14534,5395,2024-H2,3.3,4856.0
14535,5396,2023-H1,2.7,1179.0
14536,5396,2023-H2,2.8,1179.0
14537,5396,2024-H1,3.1,1179.0
14538,5396,2024-H2,3.0,1179.0
14539,5397,2023-H1,3.3,5402.0
14540,5397,2023-H2,3.8,5402.0
14541,5397,2024-H1,2.5,5402.0
14542,5397,2024-H2,2.9,5402.0
14543,5398,2023-H1,2.2,2085.0
14544,5398,2023-H2,2.3,2085.0
14545,5398,2024-H1,2.7,2085.0
14546,5398,2024-H2,2.6,2085.0
14547,5399,2024-H1,4.8,3620.0
14548,5399,2024-H2,4.9,3620.0
14549,5400,2023-H1,2.0,2425.0
14550,5400,2023-H2,2.3,2425.0
14551,5400,2024-H1,2.4,2425.0
14552,5400,2024-H2,2.0,2425.0
14553,5401,2023-H1,2.6,2764.0
14554,5401,2023-H2,2.3,2764.0
14555,5401,2024-H1,2.7,2764.0
14556,5401,2024-H2,3.1,2764.0
14557,5402,2023-H1,3.3,1109.0
14558,5402,2023-H2,4.5,1109.0
14559,5402,2024-H1,3.9,1109.0
14560,5402,2024-H2,5.0,1109.0
14561,5403,2023-H1,3.2,2262.0
14562,5403,2023-H2,3.3,2262.0
14563,5403,2024-H1,3.3,2262.0
14564,5403,2024-H2,3.6,2262.0
14565,5404,2023-H2,2.7,2433.0
14566,5404,2024-H1,3.6,2433.0
14567,5404,2024-H2,3.8,2433.0
14568,5405,2023-H1,3.0,5473.0
14569,5405,2023-H2,3.5,5473.0
14570,5405,2024-H1,3.7,5473.0
14571,5405,2024-H2,3.1,5473.0
14572,5406,2023-H1,2.9,4908.0
14573,5406,2023-H2,2.7,4908.0
14574,5406,2024-H1,2.9,4908.0
14575,5406,2024-H2,3.5,4908.0
14576,5407,2023-H1,4.1,2081.0
14577,5407,2023-H2,3.7,2081.0
14578,5407,2024-H1,4.0,2081.0
14579,5407,2024-H2,4.6,2081.0
14580,5408,2023-H2,4.6,1340.0
14581,5409,2024-H2,2.4,1747.0
14582,5410,2023-H1,2.7,4649.0
14583,5410,2023-H2,3.1,4649.0
14584,5410,2024-H1,2.8,4649.0
14585,5410,2024-H2,3.3,4649.0
14586,5411,2023-H1,5.0,3970.0
14587,5411,2023-H2,4.8,3970.0
14588,5412,2023-H1,3.1,1616.0
14589,5412,2023-H2,3.7,1616.0
14590,5412,2024-H1,3.1,1616.0
14591,5412,2024-H2,3.9,1616.0
14592,5413,2024-H1,2.6,4917.0
14593,5413,2024-H2,3.0,4917.0
14594,5414,2023-H1,2.4,1250.0
14595,5414,2023-H2,2.7,1250.0
14596,5414,2024-H1,3.2,1250.0
14597,5414,2024-H2,2.3,1250.0
14598,5415,2023-H1,3.6,1648.0
14599,5415,2023-H2,3.3,1648.0
14600,5415,2024-H1,3.8,1648.0
14601,5415,2024-H2,3.7,1648.0
14602,5416,2023-H1,3.4,2250.0
14603,5416,2023-H2,3.4,2250.0
14604,5416,2024-H1,3.1,2250.0
14605,5416,2024-H2,3.2,2250.0
14606,5417,2023-H1,3.4,3848.0
14607,5417,2023-H2,3.6,3848.0
14608,5417,2024-H1,4.1,3848.0
14609,5417,2024-H2,4.5,3848.0
14610,5418,2023-H1,4.6,3986.0
14611,5418,2023-H2,4.8,3986.0
14612,5418,2024-H1,5.0,3986.0
14613,5418,2024-H2,5.0,3986.0
14614,5419,2023-H1,4.6,1330.0
14615,5419,2023-H2,3.9,1330.0
14616,5419,2024-H1,4.4,1330.0
14617,5419,2024-H2,4.4,1330.0
14618,5420,2023-H1,2.4,4141.0
14619,5420,2023-H2,2.0,4141.0
14620,5420,2024-H1,2.8,4141.0
14621,5420,2024-H2,2.5,4141.0
14622,5421,2023-H1,4.4,4428.0
14623,5421,2023-H2,4.8,4428.0
14624,5421,2024-H1,3.8,4428.0
14625,5421,2024-H2,3.6,4428.0
14626,5422,2023-H1,3.5,3051.0
14627,5422,2023-H2,3.8,3051.0
14628,5422,2024-H1,3.6,3051.0
14629,5422,2024-H2,4.2,3051.0
14630,5423,2023-H1,4.2,3949.0
14631,5423,2023-H2,3.8,3949.0
14632,5423,2024-H1,3.7,3949.0
14633,5423,2024-H2,3.0,3949.0
14634,5424,2023-H1,2.2,2755.0
14635,5424,2023-H2,3.3,2755.0
14636,5424,2024-H1,2.3,2755.0
14637,5424,2024-H2,2.5,2755.0
14638,5425,2023-H1,4.0,2142.0
14639,5425,2023-H2,3.5,2142.0
14640,5425,2024-H1,3.9,2142.0
14641,5425,2024-H2,3.5,2142.0
14642,5426,2023-H1,2.9,2521.0
14643,5426,2023-H2,3.1,2521.0
14644,5426,2024-H1,2.9,2521.0
14645,5426,2024-H2,2.7,2521.0
14646,5427,2023-H1,4.1,2147.0
14647,5427,2023-H2,3.6,2147.0
14648,5427,2024-H1,4.9,2147.0
14649,5427,2024-H2,4.4,2147.0
14650,5429,2023-H1,4.3,4769.0
14651,5429,2023-H2,4.6,4769.0
14652,5429,2024-H1,5.0,4769.0
14653,5429,2024-H2,3.6,4769.0
14654,5430,2023-H1,3.6,3851.0
14655,5430,2023-H2,4.2,3851.0
14656,5430,2024-H1,4.2,3851.0
14657,5430,2024-H2,3.9,3851.0
14658,5431,2023-H1,3.0,4002.0
14659,5431,2023-H2,4.0,4002.0
14660,5431,2024-H1,3.6,4002.0
14661,5431,2024-H2,3.3,4002.0
14662,5432,2023-H1,3.7,1174.0
14663,5432,2023-H2,3.4,1174.0
14664,5432,2024-H1,3.4,1174.0
14665,5434,2023-H1,5.0,4822.0
14666,5434,2023-H2,4.4,4822.0
14667,5434,2024-H1,4.6,4822.0
14668,5434,2024-H2,4.5,4822.0
14669,5435,2023-H2,3.7,5157.0
14670,5435,2024-H1,3.6,5157.0
14671,5436,2023-H1,4.1,4135.0
14672,5436,2023-H2,4.1,4135.0
14673,5436,2024-H1,4.2,4135.0
14674,5436,2024-H2,4.3,4135.0
14675,5438,2024-H2,1.7,1808.0
14676,5439,2023-H1,2.8,2218.0
14677,5439,2023-H2,3.3,2218.0
14678,5439,2024-H1,3.7,2218.0
14679,5439,2024-H2,2.9,2218.0
14680,5440,2023-H1,3.8,2546.0
14681,5440,2023-H2,4.2,2546.0
14682,5440,2024-H1,3.4,2546.0
14683,5440,2024-H2,4.0,2546.0
14684,5441,2023-H1,2.6,4305.0
14685,5441,2023-H2,3.4,4305.0
14686,5441,2024-H1,1.9,4305.0
14687,5441,2024-H2,2.8,4305.0
14688,5442,2023-H1,4.3,2765.0
14689,5442,2023-H2,4.2,2765.0
14690,5442,2024-H1,4.8,2765.0
14691,5442,2024-H2,4.4,2765.0
14692,5443,2024-H2,4.3,3077.0
14693,5444,2023-H1,5.0,4368.0
14694,5444,2023-H2,5.0,4368.0
14695,5444,2024-H1,5.0,4368.0
14696,5444,2024-H2,4.7,4368.0
14697,5445,2023-H1,3.1,3006.0
14698,5445,2023-H2,3.6,3006.0
14699,5445,2024-H1,3.0,3006.0
14700,5445,2024-H2,4.0,3006.0
14701,5446,2023-H1,2.6,2324.0
14702,5446,2023-H2,3.4,2324.0
14703,5446,2024-H1,2.2,2324.0
14704,5446,2024-H2,2.3,2324.0
14705,5447,2024-H1,3.7,4459.0
14706,5447,2024-H2,4.7,4459.0
14707,5449,2023-H1,3.7,3034.0
14708,5449,2023-H2,3.1,3034.0
14709,5449,2024-H1,4.3,3034.0
14710,5449,2024-H2,4.0,3034.0
14711,5450,2023-H1,3.6,3066.0
14712,5450,2023-H2,3.6,3066.0
14713,5450,2024-H1,4.1,3066.0
14714,5450,2024-H2,3.8,3066.0
14715,5451,2023-H1,2.9,4240.0
14716,5451,2023-H2,2.4,4240.0
14717,5451,2024-H1,2.8,4240.0
14718,5451,2024-H2,3.2,4240.0
14719,5452,2023-H1,4.2,2414.0
14720,5452,2023-H2,3.7,2414.0
14721,5452,2024-H1,4.1,2414.0
14722,5452,2024-H2,3.3,2414.0
14723,5453,2023-H1,3.1,1790.0
14724,5453,2023-H2,3.1,1790.0
14725,5453,2024-H1,3.3,1790.0
14726,5453,2024-H2,2.6,1790.0
14727,5454,2023-H1,4.0,5116.0
14728,5454,2023-H2,4.0,5116.0
14729,5454,2024-H1,4.2,5116.0
14730,5454,2024-H2,4.6,5116.0
14731,5455,2023-H1,4.3,2951.0
14732,5455,2023-H2,4.1,2951.0
14733,5455,2024-H1,4.1,2951.0
14734,5455,2024-H2,3.8,2951.0
14735,5456,2023-H1,3.2,5385.0
14736,5457,2023-H1,4.1,4643.0
14737,5457,2023-H2,3.2,4643.0
14738,5457,2024-H1,3.1,4643.0
14739,5457,2024-H2,3.3,4643.0
14740,5458,2023-H1,4.0,3817.0
14741,5458,2023-H2,4.9,3817.0
14742,5458,2024-H1,4.7,3817.0
14743,5458,2024-H2,4.4,3817.0
14744,5459,2023-H2,4.9,5364.0
14745,5459,2024-H1,5.0,5364.0
14746,5459,2024-H2,4.6,5364.0
14747,5460,2023-H1,2.5,3169.0
14748,5460,2023-H2,3.3,3169.0
14749,5460,2024-H1,3.1,3169.0
14750,5460,2024-H2,2.1,3169.0
14751,5462,2023-H1,2.6,1351.0
14752,5462,2023-H2,2.2,1351.0
14753,5462,2024-H1,2.5,1351.0
14754,5462,2024-H2,2.7,1351.0
14755,5464,2023-H1,4.0,3707.0
14756,5464,2023-H2,3.8,3707.0
14757,5464,2024-H1,3.8,3707.0
14758,5464,2024-H2,4.6,3707.0
14759,5466,2023-H1,3.3,
14760,5466,2023-H2,3.4,
14761,5466,2024-H1,3.7,
14762,5466,2024-H2,3.7,
14763,5467,2023-H1,3.0,3738.0
14764,5467,2023-H2,3.6,3738.0
14765,5467,2024-H1,2.3,3738.0
14766,5467,2024-H2,3.4,3738.0
14767,5468,2023-H1,3.0,4840.0
14768,5469,2023-H1,2.1,1949.0
14769,5469,2023-H2,1.9,1949.0
14770,5469,2024-H1,3.3,1949.0
14771,5469,2024-H2,1.7,1949.0
14772,5470,2023-H1,2.9,5425.0
14773,5470,2023-H2,3.3,5425.0
14774,5470,2024-H1,3.3,5425.0
14775,5470,2024-H2,3.6,5425.0
14776,5471,2024-H1,3.6,4643.0
14777,5471,2024-H2,3.6,4643.0
14778,5472,2023-H1,3.1,3168.0
14779,5472,2023-H2,2.8,3168.0
14780,5472,2024-H1,3.2,3168.0
14781,5472,2024-H2,3.3,3168.0
14782,5473,2023-H1,3.6,1297.0
14783,5473,2023-H2,4.1,1297.0
14784,5473,2024-H1,3.7,1297.0
14785,5473,2024-H2,3.5,1297.0
14786,5474,2023-H1,3.8,5466.0
14787,5474,2023-H2,3.0,5466.0
14788,5474,2024-H1,3.8,5466.0
14789,5474,2024-H2,2.9,5466.0
14790,5475,2023-H1,3.7,3189.0
14791,5475,2023-H2,4.2,3189.0
14792,5475,2024-H1,4.8,3189.0
14793,5475,2024-H2,5.0,3189.0
14794,5476,2023-H1,4.2,1900.0
14795,5476,2023-H2,3.1,1900.0
14796,5476,2024-H1,3.5,1900.0
14797,5476,2024-H2,2.9,1900.0
14798,5477,2023-H1,4.5,3594.0
14799,5477,2023-H2,4.7,3594.0
14800,5477,2024-H1,5.0,3594.0
14801,5477,2024-H2,4.0,3594.0
14802,5478,2023-H1,2.6,2892.0
14803,5478,2023-H2,3.0,2892.0
14804,5478,2024-H1,2.9,2892.0
14805,5478,2024-H2,3.2,2892.0
14806,5480,2023-H2,3.1,2002.0
14807,5480,2024-H1,3.4,2002.0
14808,5480,2024-H2,2.6,2002.0
14809,5481,2023-H1,3.5,1943.0
14810,5481,2023-H2,3.7,1943.0
14811,5481,2024-H1,3.3,1943.0
14812,5481,2024-H2,3.6,1943.0
14813,5482,2023-H1,3.6,3925.0
14814,5482,2023-H2,3.6,3925.0
14815,5482,2024-H1,3.1,3925.0
14816,5482,2024-H2,3.4,3925.0
14817,5483,2023-H1,3.6,1440.0
14818,5483,2023-H2,3.2,1440.0
14819,5483,2024-H1,3.3,1440.0
14820,5483,2024-H2,3.5,1440.0
14821,5484,2023-H1,4.0,4643.0
14822,5484,2023-H2,4.4,4643.0
14823,5484,2024-H1,5.0,4643.0
14824,5484,2024-H2,4.2,4643.0
14825,5485,2023-H1,2.2,4554.0
14826,5485,2023-H2,2.9,4554.0
14827,5485,2024-H1,2.2,4554.0
14828,5485,2024-H2,2.9,4554.0
14829,5487,2023-H1,2.5,5295.0
14830,5487,2023-H2,3.4,5295.0
14831,5487,2024-H1,3.6,5295.0
14832,5487,2024-H2,2.5,5295.0
14833,5488,2023-H1,3.1,3684.0
14834,5488,2023-H2,3.6,3684.0
14835,5488,2024-H1,3.1,3684.0
14836,5488,2024-H2,3.2,3684.0
14837,5490,2023-H1,2.9,4788.0
14838,5490,2023-H2,3.3,4788.0
14839,5490,2024-H1,3.9,4788.0
14840,5490,2024-H2,2.3,4788.0
14841,5491,2023-H1,3.4,
14842,5491,2023-H2,3.7,
14843,5491,2024-H1,3.6,
14844,5491,2024-H2,3.7,
14845,5492,2023-H1,4.1,1830.0
14846,5492,2023-H2,3.4,1830.0
14847,5492,2024-H1,3.9,1830.0
14848,5492,2024-H2,4.4,1830.0
14849,5494,2023-H1,2.2,2112.0
14850,5494,2023-H2,2.2,2112.0
14851,5494,2024-H1,3.0,2112.0
14852,5494,2024-H2,2.1,2112.0
14853,5495,2023-H1,3.8,5379.0
14854,5495,2023-H2,3.1,5379.0
14855,5495,2024-H1,3.9,5379.0
14856,5495,2024-H2,4.1,5379.0
14857,5496,2023-H1,3.0,4434.0
14858,5496,2023-H2,3.3,4434.0
14859,5497,2023-H1,2.9,2660.0
14860,5497,2023-H2,4.2,2660.0
14861,5497,2024-H1,4.1,2660.0
14862,5497,2024-H2,4.6,2660.0
14863,5500,2023-H1,4.6,5404.0
14864,5500,2023-H2,5.0,5404.0
14865,5500,2024-H1,4.4,5404.0
14866,5500,2024-H2,4.6,5404.0
