salary_id,employee_id,effective_date,monthly_salary_idr,change_reason
1,1001,2015-04-13,10820000,Initial
2,1001,2016-11-24,11720000,Market Correction
3,1001,2018-07-09,13050000,Annual Raise
4,1001,2020-02-21,14140000,Adjustment
5,1001,2021-10-05,15610000,Annual Raise
6,1001,2023-05-20,16680000,Promotion
7,1002,2022-08-03,16330000,Initial
8,1003,2015-05-11,25570000,Initial
9,1004,2021-04-17,13420000,Initial
10,1004,2023-01-25,14590000,Annual Raise
11,1005,2024-01-29,30100000,Initial
12,1006,2018-02-12,16280000,Initial
13,1006,2019-11-02,17790000,Adjustment
14,1006,2021-07-23,19240000,Adjustment
15,1006,2023-04-13,20600000,Annual Raise
16,1007,2016-02-01,15240000,Initial
17,1007,2017-11-13,15990000,Market Correction
18,1007,2019-08-26,17070000,Market Correction
19,1007,2021-06-08,18240000,Market Correction
20,1007,2023-03-21,19990000,Adjustment
21,1008,2023-03-08,12020000,Initial
22,1009,2015-11-19,12960000,Initial
23,1009,2017-05-27,14470000,Promotion
24,1009,2018-12-03,16070000,Adjustment
25,1009,2020-06-10,17130000,Adjustment
26,1009,2021-12-17,18430000,Market Correction
27,1009,2023-06-25,19610000,Annual Raise
28,1010,2021-06-22,42640000,Initial
29,1010,2023-03-28,44500000,Adjustment
30,1011,2023-09-02,27250000,Initial
31,1012,2019-04-06,17490000,Initial
32,1012,2021-03-05,18380000,Promotion
33,1012,2023-02-02,20570000,Promotion
34,1013,2019-02-25,13570000,Initial
35,1013,2021-02-06,14240000,Market Correction
36,1013,2023-01-19,15600000,Market Correction
37,1014,2021-10-31,22040000,Initial
38,1014,2023-06-02,23260000,Promotion
39,1015,2020-03-08,15200000,Initial
40,1015,2021-10-15,16590000,Adjustment
41,1015,2023-05-25,18010000,Market Correction
42,1016,2022-09-05,53190000,Initial
43,1017,2024-01-11,30890000,Initial
44,1018,2017-05-20,17010000,Initial
45,1018,2018-11-27,17850000,Annual Raise
46,1018,2020-06-06,19600000,Annual Raise
47,1018,2021-12-14,21010000,Annual Raise
48,1018,2023-06-24,22610000,Adjustment
49,1019,2016-08-08,26990000,Initial
50,1019,2018-04-13,28350000,Promotion
51,1019,2019-12-18,31090000,Annual Raise
52,1019,2021-08-22,32520000,Adjustment
53,1019,2023-04-28,35670000,Market Correction
54,1020,2023-05-18,91010000,Initial
55,1021,2016-07-20,22220000,Initial
56,1021,2018-03-29,24280000,Promotion
57,1021,2019-12-06,26950000,Adjustment
58,1021,2021-08-15,28580000,Market Correction
59,1021,2023-04-24,31250000,Promotion
60,1022,2016-09-18,11860000,Initial
61,1022,2018-05-16,12700000,Adjustment
62,1022,2020-01-11,13260000,Promotion
63,1022,2021-09-08,14010000,Adjustment
64,1022,2023-05-06,14960000,Market Correction
65,1023,2019-04-26,27180000,Initial
66,1023,2021-03-18,29640000,Annual Raise
67,1023,2023-02-08,30890000,Market Correction
68,1024,2022-08-18,26570000,Initial
69,1025,2023-08-15,24570000,Initial
70,1026,2020-02-02,18510000,Initial
71,1026,2021-08-07,20610000,Market Correction
72,1026,2023-02-11,21450000,Promotion
73,1027,2020-09-10,8240000,Initial
74,1027,2022-11-06,8940000,Promotion
75,1028,2016-09-18,16000000,Initial
76,1028,2018-05-16,16990000,Adjustment
77,1028,2020-01-11,18480000,Annual Raise
78,1028,2021-09-08,19710000,Promotion
79,1028,2023-05-06,21770000,Market Correction
80,1029,2021-09-19,18590000,Initial
81,1030,2017-09-07,49940000,Initial
82,1030,2019-05-25,53560000,Promotion
83,1030,2021-02-09,56490000,Market Correction
84,1030,2022-10-28,61960000,Market Correction
85,1031,2024-02-25,43350000,Initial
86,1032,2017-12-21,21610000,Initial
87,1032,2019-09-24,23160000,Annual Raise
88,1032,2021-06-27,25830000,Market Correction
89,1032,2023-03-31,27900000,Market Correction
90,1033,2021-01-17,28380000,Initial
91,1033,2023-01-09,30130000,Market Correction
92,1034,2019-06-23,20360000,Initial
93,1034,2021-04-26,21450000,Adjustment
94,1034,2023-02-28,23590000,Market Correction
95,1035,2016-05-10,25240000,Initial
96,1035,2018-01-31,26950000,Promotion
97,1035,2019-10-25,28600000,Promotion
98,1035,2021-07-17,31590000,Adjustment
99,1035,2023-04-10,33680000,Annual Raise
100,1036,2021-08-07,38220000,Initial
101,1036,2023-04-20,40670000,Market Correction
102,1037,2017-07-26,13200000,Initial
103,1038,2018-02-14,20770000,Initial
104,1038,2019-11-04,22210000,Market Correction
105,1038,2021-07-24,23450000,Market Correction
106,1038,2023-04-13,25620000,Adjustment
107,1039,2017-09-22,55200000,Initial
108,1039,2019-07-18,58320000,Adjustment
109,1039,2021-05-13,62160000,Market Correction
110,1039,2023-03-08,69440000,Market Correction
111,1040,2022-05-23,39430000,Initial
112,1041,2022-07-21,39340000,Initial
113,1042,2023-03-02,12190000,Initial
114,1043,2021-01-05,22870000,Initial
115,1043,2023-01-03,25190000,Annual Raise
116,1044,2017-10-20,14730000,Initial
117,1044,2019-08-08,16440000,Promotion
118,1044,2021-05-27,17150000,Annual Raise
119,1044,2023-03-15,19130000,Promotion
120,1045,2015-07-27,15700000,Initial
121,1045,2017-02-20,17280000,Adjustment
122,1045,2018-09-17,18850000,Annual Raise
123,1045,2020-04-14,20250000,Annual Raise
124,1045,2021-11-09,21070000,Market Correction
125,1045,2023-06-06,22060000,Annual Raise
126,1046,2023-06-14,16960000,Initial
127,1047,2017-05-25,19400000,Initial
128,1047,2018-12-01,20510000,Adjustment
129,1047,2020-06-09,21930000,Market Correction
130,1047,2021-12-16,23230000,Adjustment
131,1047,2023-06-25,24480000,Promotion
132,1048,2019-05-19,39840000,Initial
133,1048,2021-04-02,44230000,Promotion
134,1048,2023-02-16,48480000,Promotion
135,1049,2016-09-26,12940000,Initial
136,1049,2018-05-22,13520000,Adjustment
137,1049,2020-01-16,14360000,Adjustment
138,1049,2021-09-11,15920000,Promotion
139,1049,2023-05-08,17080000,Adjustment
140,1050,2023-05-22,23190000,Initial
141,1051,2015-08-21,11040000,Initial
142,1051,2017-03-13,12130000,Annual Raise
143,1051,2018-10-04,12620000,Adjustment
144,1051,2020-04-26,13730000,Market Correction
145,1051,2021-11-17,14360000,Market Correction
146,1051,2023-06-10,15540000,Promotion
147,1052,2021-09-03,19940000,Initial
148,1052,2023-05-04,22100000,Annual Raise
149,1053,2021-06-29,26220000,Initial
150,1053,2023-04-01,27700000,Promotion
151,1054,2017-12-04,31540000,Initial
152,1054,2019-09-11,33000000,Annual Raise
153,1054,2021-06-18,34830000,Adjustment
154,1054,2023-03-26,37190000,Market Correction
155,1055,2019-06-10,26730000,Initial
156,1055,2021-06-29,29410000,Adjustment
157,1056,2015-02-08,11990000,Initial
158,1056,2016-10-02,12640000,Adjustment
159,1056,2018-05-28,13160000,Promotion
160,1056,2020-01-20,14480000,Adjustment
161,1056,2021-09-14,15520000,Adjustment
162,1056,2023-05-09,16280000,Promotion
163,1057,2021-01-11,12180000,Initial
164,1058,2024-11-10,20240000,Initial
165,1059,2021-11-10,11500000,Initial
166,1059,2023-06-07,12210000,Annual Raise
167,1060,2022-06-10,16510000,Initial
168,1061,2023-04-29,21770000,Initial
169,1062,2023-01-18,19440000,Initial
170,1063,2020-09-01,11610000,Initial
171,1063,2022-11-01,12120000,Market Correction
172,1064,2024-04-20,19770000,Initial
173,1065,2022-02-22,46800000,Initial
174,1066,2021-04-16,22070000,Initial
175,1067,2024-05-11,22110000,Initial
176,1068,2015-06-21,61390000,Initial
177,1068,2017-01-21,65820000,Adjustment
178,1068,2018-08-24,72110000,Adjustment
179,1068,2020-03-27,76270000,Annual Raise
180,1068,2021-10-28,85370000,Annual Raise
181,1068,2023-05-31,92860000,Annual Raise
182,1069,2022-08-25,40920000,Initial
183,1070,2021-12-17,13570000,Initial
184,1070,2023-06-25,14960000,Market Correction
185,1071,2024-11-19,15470000,Initial
186,1072,2023-10-10,25650000,Initial
187,1073,2017-12-28,11640000,Initial
188,1074,2017-06-30,30580000,Initial
189,1074,2018-12-30,32590000,Promotion
190,1074,2020-06-30,36360000,Annual Raise
191,1074,2021-12-31,38990000,Promotion
192,1074,2023-07-02,41120000,Market Correction
193,1075,2017-07-02,64580000,Initial
194,1076,2023-09-03,10930000,Initial
195,1077,2015-04-24,9670000,Initial
196,1077,2016-12-04,10290000,Promotion
197,1077,2018-07-17,10940000,Annual Raise
198,1077,2020-02-27,11550000,Market Correction
199,1077,2021-10-09,12230000,Promotion
200,1077,2023-05-22,12920000,Adjustment
201,1078,2015-06-06,40540000,Initial
202,1078,2017-03-20,42280000,Promotion
203,1078,2019-01-02,44560000,Adjustment
204,1079,2019-11-23,31210000,Initial
205,1079,2021-08-06,34110000,Adjustment
206,1079,2023-04-20,38180000,Promotion
207,1080,2017-11-09,17270000,Initial
208,1080,2019-08-26,18170000,Annual Raise
209,1080,2021-06-11,19890000,Adjustment
210,1081,2019-01-31,22980000,Initial
211,1081,2021-01-20,24250000,Market Correction
212,1081,2023-01-11,27130000,Annual Raise
213,1082,2022-06-10,46760000,Initial
214,1083,2022-06-24,29690000,Initial
215,1084,2017-02-24,13300000,Initial
216,1084,2018-09-20,14540000,Market Correction
217,1084,2020-04-16,15640000,Market Correction
218,1084,2021-11-10,17200000,Adjustment
219,1084,2023-06-07,18060000,Annual Raise
220,1085,2021-11-26,29510000,Initial
221,1085,2023-06-15,32930000,Adjustment
222,1086,2018-05-29,36990000,Initial
223,1086,2020-01-21,40070000,Annual Raise
224,1086,2021-09-14,43000000,Annual Raise
225,1086,2023-05-09,44750000,Annual Raise
226,1087,2020-03-19,17610000,Initial
227,1087,2021-10-23,19670000,Promotion
228,1087,2023-05-29,21230000,Annual Raise
229,1088,2023-11-26,21670000,Initial
230,1089,2018-03-08,17370000,Initial
231,1089,2019-11-20,18160000,Promotion
232,1089,2021-08-04,20330000,Adjustment
233,1089,2023-04-19,22030000,Adjustment
234,1090,2024-03-06,33600000,Initial
235,1091,2024-01-17,23040000,Initial
236,1092,2021-11-08,36620000,Initial
237,1092,2023-06-06,39630000,Promotion
238,1093,2023-01-21,22600000,Initial
239,1094,2022-05-11,9210000,Initial
240,1095,2016-12-21,16550000,Initial
241,1095,2018-07-30,18060000,Adjustment
242,1095,2020-03-08,19880000,Annual Raise
243,1095,2021-10-15,21050000,Promotion
244,1095,2023-05-25,23150000,Promotion
245,1096,2021-04-02,6640000,Initial
246,1096,2023-02-16,7110000,Annual Raise
247,1097,2022-06-27,34650000,Initial
248,1098,2021-11-14,36190000,Initial
249,1098,2023-06-09,38690000,Annual Raise
250,1099,2016-10-13,16060000,Initial
251,1099,2018-06-05,17950000,Market Correction
252,1099,2020-01-26,19370000,Annual Raise
253,1099,2021-09-18,20390000,Adjustment
254,1099,2023-05-11,22280000,Market Correction
255,1100,2024-06-02,17550000,Initial
256,1101,2018-01-29,14680000,Initial
257,1101,2019-10-23,16180000,Annual Raise
258,1101,2021-07-16,17980000,Promotion
259,1101,2023-04-09,18970000,Market Correction
260,1102,2018-10-07,27950000,Initial
261,1102,2020-04-28,29480000,Promotion
262,1102,2021-11-19,31380000,Annual Raise
263,1102,2023-06-11,33300000,Market Correction
264,1103,2017-08-05,70710000,Initial
265,1103,2019-06-12,77600000,Annual Raise
266,1103,2021-04-19,82210000,Annual Raise
267,1103,2023-02-24,87240000,Promotion
268,1104,2019-08-27,14700000,Initial
269,1104,2021-06-08,15820000,Promotion
270,1104,2023-03-21,16980000,Annual Raise
271,1105,2017-04-27,25970000,Initial
272,1105,2018-11-09,27690000,Promotion
273,1105,2020-05-23,29130000,Annual Raise
274,1105,2021-12-05,31250000,Market Correction
275,1105,2023-06-19,32660000,Annual Raise
276,1106,2024-08-10,34270000,Initial
277,1107,2018-12-11,12240000,Initial
278,1107,2020-06-16,12930000,Annual Raise
279,1107,2021-12-21,13550000,Annual Raise
280,1107,2023-06-27,14990000,Adjustment
281,1108,2021-01-13,31690000,Initial
282,1108,2023-01-07,33110000,Annual Raise
283,1109,2020-06-22,60230000,Initial
284,1109,2021-12-25,66610000,Annual Raise
285,1109,2023-06-29,73100000,Promotion
286,1110,2018-10-08,16770000,Initial
287,1110,2020-04-29,17890000,Adjustment
288,1110,2021-11-19,19580000,Market Correction
289,1110,2023-06-11,21530000,Annual Raise
290,1111,2016-06-06,24760000,Initial
291,1111,2018-02-22,26220000,Promotion
292,1111,2019-11-10,28820000,Annual Raise
293,1111,2021-07-28,30260000,Market Correction
294,1111,2023-04-15,33170000,Annual Raise
295,1112,2021-08-21,36400000,Initial
296,1112,2023-04-27,38090000,Market Correction
297,1113,2016-07-09,22150000,Initial
298,1113,2018-03-20,23790000,Market Correction
299,1113,2019-11-30,25130000,Annual Raise
300,1113,2021-08-10,26150000,Annual Raise
301,1113,2023-04-22,27600000,Market Correction
302,1114,2018-09-02,9880000,Initial
303,1114,2020-04-02,10830000,Promotion
304,1114,2021-11-01,11280000,Adjustment
305,1114,2023-06-02,12310000,Annual Raise
306,1115,2018-02-13,24430000,Initial
307,1115,2019-11-03,26600000,Adjustment
308,1115,2021-07-24,29230000,Annual Raise
309,1115,2023-04-13,32180000,Adjustment
310,1116,2020-04-10,25380000,Initial
311,1116,2022-01-12,27990000,Market Correction
312,1117,2017-07-07,13500000,Initial
313,1117,2019-05-21,14190000,Adjustment
314,1117,2021-04-04,15180000,Adjustment
315,1117,2023-02-17,16470000,Annual Raise
316,1118,2017-10-09,5110000,Initial
317,1118,2019-07-31,5550000,Annual Raise
318,1118,2021-05-21,5970000,Annual Raise
319,1118,2023-03-12,6340000,Promotion
320,1119,2016-06-01,11320000,Initial
321,1119,2018-02-18,12640000,Market Correction
322,1119,2019-11-07,13450000,Adjustment
323,1119,2021-07-26,14310000,Promotion
324,1119,2023-04-14,15300000,Adjustment
325,1120,2020-03-19,4860000,Initial
326,1120,2021-10-23,5180000,Promotion
327,1120,2023-05-29,5530000,Annual Raise
328,1121,2023-09-21,43330000,Initial
329,1122,2018-07-01,15870000,Initial
330,1122,2020-02-15,16870000,Annual Raise
331,1122,2021-10-01,18770000,Market Correction
332,1122,2023-05-18,19960000,Promotion
333,1123,2015-11-08,23160000,Initial
334,1123,2017-05-18,25930000,Market Correction
335,1123,2018-11-26,28390000,Annual Raise
336,1123,2020-06-05,31530000,Market Correction
337,1123,2021-12-14,34890000,Promotion
338,1123,2023-06-24,36610000,Market Correction
339,1124,2024-07-14,15060000,Initial
340,1125,2018-11-23,22780000,Initial
341,1125,2020-06-02,24730000,Annual Raise
342,1125,2021-12-12,27560000,Promotion
343,1125,2023-06-23,30030000,Market Correction
344,1126,2015-02-21,43040000,Initial
345,1126,2016-10-13,45880000,Annual Raise
346,1126,2018-06-05,48400000,Market Correction
347,1126,2020-01-27,51470000,Annual Raise
348,1126,2021-09-18,56690000,Market Correction
349,1126,2023-05-11,62110000,Annual Raise
350,1127,2022-02-16,27470000,Initial
351,1128,2016-12-22,19740000,Initial
352,1128,2018-07-31,21320000,Annual Raise
353,1128,2020-03-08,22960000,Market Correction
354,1128,2021-10-16,25270000,Promotion
355,1128,2023-05-25,28090000,Promotion
356,1129,2020-03-19,15390000,Initial
357,1129,2021-10-23,16910000,Promotion
358,1129,2023-05-29,18450000,Market Correction
359,1130,2024-07-20,18940000,Initial
360,1131,2017-09-25,30010000,Initial
361,1131,2019-07-20,32050000,Adjustment
362,1131,2021-05-14,34080000,Market Correction
363,1131,2023-03-09,36610000,Market Correction
364,1132,2018-10-09,24490000,Initial
365,1132,2020-11-02,26270000,Annual Raise
366,1133,2023-12-12,14320000,Initial
367,1134,2021-03-26,44660000,Initial
368,1135,2020-06-24,12670000,Initial
369,1135,2021-12-26,14150000,Promotion
370,1135,2023-06-30,15220000,Market Correction
371,1136,2020-01-10,27510000,Initial
372,1136,2021-09-07,30040000,Adjustment
373,1136,2023-05-06,31990000,Promotion
374,1137,2022-10-04,41490000,Initial
375,1138,2021-03-17,42250000,Initial
376,1138,2023-02-08,45140000,Annual Raise
377,1139,2018-12-12,45600000,Initial
378,1139,2020-06-17,49190000,Market Correction
379,1139,2021-12-22,51900000,Market Correction
380,1139,2023-06-28,57280000,Annual Raise
381,1140,2016-05-09,24580000,Initial
382,1140,2018-01-30,25860000,Annual Raise
383,1140,2019-10-24,27810000,Promotion
384,1140,2021-07-17,30790000,Adjustment
385,1140,2023-04-10,32450000,Annual Raise
386,1141,2017-02-23,22230000,Initial
387,1141,2018-09-19,23500000,Adjustment
388,1141,2020-04-15,24610000,Adjustment
389,1141,2021-11-10,26990000,Market Correction
390,1141,2023-06-07,28150000,Annual Raise
391,1142,2016-02-16,22840000,Initial
392,1142,2017-11-25,24030000,Annual Raise
393,1142,2019-09-04,25080000,Promotion
394,1142,2021-06-14,27800000,Adjustment
395,1142,2023-03-24,30500000,Adjustment
396,1143,2018-05-23,9730000,Initial
397,1143,2020-01-04,10650000,Promotion
398,1143,2021-08-18,11210000,Promotion
399,1143,2023-04-02,12280000,Promotion
400,1144,2021-03-16,19660000,Initial
401,1144,2023-02-07,21200000,Market Correction
402,1145,2016-02-25,16500000,Initial
403,1145,2017-12-02,17970000,Promotion
404,1145,2019-09-10,19320000,Promotion
405,1145,2021-06-17,21490000,Annual Raise
406,1145,2023-03-26,22490000,Market Correction
407,1146,2019-12-10,16590000,Initial
408,1146,2021-08-17,18100000,Annual Raise
409,1146,2023-04-25,19140000,Market Correction
410,1147,2016-04-12,22160000,Initial
411,1147,2018-01-09,23590000,Market Correction
412,1147,2019-10-08,25820000,Adjustment
413,1147,2021-07-06,28800000,Market Correction
414,1147,2023-04-04,32130000,Adjustment
415,1148,2016-09-13,16000000,Initial
416,1148,2018-05-27,17060000,Market Correction
417,1148,2020-02-07,19060000,Market Correction
418,1148,2021-10-20,21310000,Annual Raise
419,1149,2016-04-30,10200000,Initial
420,1149,2018-01-23,11260000,Market Correction
421,1149,2019-10-19,11960000,Market Correction
422,1149,2021-07-13,12660000,Adjustment
423,1149,2023-04-08,13740000,Annual Raise
424,1150,2023-09-13,29030000,Initial
425,1151,2024-08-24,18280000,Initial
426,1152,2021-11-02,24140000,Initial
427,1152,2023-06-03,26380000,Market Correction
428,1153,2022-01-06,51220000,Initial
429,1154,2021-03-10,34530000,Initial
430,1155,2018-04-07,20280000,Initial
431,1155,2020-02-16,22570000,Annual Raise
432,1156,2015-10-19,12900000,Initial
433,1156,2017-05-01,14070000,Promotion
434,1156,2018-11-12,15240000,Adjustment
435,1156,2020-05-26,16240000,Promotion
436,1156,2021-12-07,17270000,Annual Raise
437,1156,2023-06-20,18890000,Adjustment
438,1157,2019-10-08,19880000,Initial
439,1157,2021-07-06,22260000,Annual Raise
440,1157,2023-04-04,24520000,Annual Raise
441,1158,2024-04-08,27350000,Initial
442,1159,2019-12-04,15360000,Initial
443,1159,2021-08-13,15980000,Market Correction
444,1159,2023-04-23,17530000,Adjustment
445,1160,2018-01-20,12610000,Initial
446,1160,2019-10-16,13420000,Promotion
447,1160,2021-07-12,14380000,Market Correction
448,1160,2023-04-07,16000000,Annual Raise
449,1161,2019-11-05,9630000,Initial
450,1161,2021-07-25,10670000,Annual Raise
451,1161,2023-04-14,11100000,Market Correction
452,1162,2017-07-26,38650000,Initial
453,1162,2019-06-05,41040000,Annual Raise
454,1162,2021-04-14,44490000,Promotion
455,1162,2023-02-22,46560000,Promotion
456,1163,2023-07-30,12290000,Initial
457,1164,2020-04-11,36960000,Initial
458,1164,2021-11-07,38860000,Adjustment
459,1164,2023-06-05,43060000,Annual Raise
460,1165,2021-07-25,27460000,Initial
461,1165,2023-04-14,28770000,Adjustment
462,1166,2018-11-26,18530000,Initial
463,1166,2020-06-05,20440000,Promotion
464,1166,2021-12-14,21700000,Adjustment
465,1166,2023-06-24,23590000,Promotion
466,1167,2018-09-12,32840000,Initial
467,1167,2020-04-09,36650000,Annual Raise
468,1167,2021-11-06,40200000,Promotion
469,1167,2023-06-05,41890000,Promotion
470,1168,2024-02-15,26000000,Initial
471,1169,2017-10-30,40020000,Initial
472,1169,2019-08-16,43370000,Adjustment
473,1169,2021-06-01,45170000,Adjustment
474,1169,2023-03-18,47800000,Annual Raise
475,1170,2022-05-17,48900000,Initial
476,1171,2020-10-24,5340000,Initial
477,1171,2022-11-28,5760000,Promotion
478,1172,2017-04-13,15750000,Initial
479,1172,2018-10-29,17130000,Annual Raise
480,1172,2020-05-15,18500000,Annual Raise
481,1172,2021-11-30,19540000,Adjustment
482,1172,2023-06-17,21610000,Annual Raise
483,1173,2024-11-16,17070000,Initial
484,1174,2022-12-17,34670000,Initial
485,1175,2016-01-17,17860000,Initial
486,1175,2017-11-01,19820000,Market Correction
487,1175,2019-08-17,20640000,Annual Raise
488,1175,2021-06-02,22450000,Annual Raise
489,1175,2023-03-18,24300000,Adjustment
490,1176,2022-04-07,36870000,Initial
491,1177,2020-09-15,28550000,Initial
492,1177,2022-11-08,31130000,Promotion
493,1178,2017-09-25,23320000,Initial
494,1178,2019-07-20,26120000,Annual Raise
495,1178,2021-05-14,27630000,Promotion
496,1178,2023-03-09,30780000,Annual Raise
497,1179,2024-09-09,43430000,Initial
498,1180,2024-03-14,24820000,Initial
499,1181,2024-09-14,28950000,Initial
500,1182,2021-03-10,9960000,Initial
501,1182,2023-02-04,11130000,Adjustment
502,1183,2024-10-01,38750000,Initial
503,1184,2017-08-14,25000000,Initial
504,1184,2019-06-19,26520000,Annual Raise
505,1184,2021-04-23,29650000,Market Correction
506,1184,2023-02-26,32670000,Market Correction
507,1185,2022-11-28,27630000,Initial
508,1186,2020-07-21,29340000,Initial
509,1186,2022-10-11,30520000,Adjustment
510,1187,2024-10-02,18730000,Initial
511,1188,2015-03-04,18540000,Initial
512,1188,2016-10-22,19720000,Market Correction
513,1188,2018-06-13,20760000,Adjustment
514,1188,2020-02-01,23140000,Market Correction
515,1188,2021-09-22,24250000,Promotion
516,1188,2023-05-13,25390000,Promotion
517,1189,2015-11-03,3840000,Initial
518,1189,2017-05-13,4040000,Adjustment
519,1189,2018-11-22,4370000,Promotion
520,1189,2020-06-02,4750000,Adjustment
521,1189,2021-12-12,5160000,Annual Raise
522,1189,2023-06-23,5650000,Annual Raise
523,1190,2022-04-15,13300000,Initial
524,1191,2018-07-21,10960000,Initial
525,1191,2020-03-01,11560000,Annual Raise
526,1191,2021-10-11,12850000,Adjustment
527,1191,2023-05-23,13770000,Annual Raise
528,1192,2021-12-04,21600000,Initial
529,1193,2023-05-17,16450000,Initial
530,1194,2019-12-23,16840000,Initial
531,1195,2018-04-16,18430000,Initial
532,1195,2019-12-20,19810000,Annual Raise
533,1195,2021-08-24,20810000,Adjustment
534,1195,2023-04-29,22100000,Market Correction
535,1196,2021-05-07,21610000,Initial
536,1196,2023-03-05,23320000,Market Correction
537,1197,2021-11-01,9260000,Initial
538,1197,2023-06-02,9960000,Adjustment
539,1198,2021-07-16,45690000,Initial
540,1198,2023-01-29,49100000,Promotion
541,1199,2022-06-24,29410000,Initial
542,1200,2015-10-30,9080000,Initial
543,1200,2017-05-10,9600000,Market Correction
544,1200,2018-11-20,10190000,Market Correction
545,1200,2020-05-31,10890000,Annual Raise
546,1200,2021-12-11,11830000,Adjustment
547,1200,2023-06-22,12440000,Market Correction
548,1201,2022-03-02,22320000,Initial
549,1202,2017-03-26,28560000,Initial
550,1202,2018-10-14,29880000,Promotion
551,1202,2020-05-04,33300000,Adjustment
552,1202,2021-11-22,35600000,Adjustment
553,1202,2023-06-13,39780000,Annual Raise
554,1203,2021-05-31,25200000,Initial
555,1203,2023-03-17,27120000,Promotion
556,1204,2015-03-31,31490000,Initial
557,1204,2016-11-14,33670000,Annual Raise
558,1204,2018-07-01,35240000,Market Correction
559,1204,2020-02-15,39170000,Market Correction
560,1204,2021-10-01,42820000,Adjustment
561,1204,2023-05-18,44780000,Annual Raise
562,1205,2021-05-07,36340000,Initial
563,1205,2023-03-05,37970000,Promotion
564,1206,2024-05-04,20940000,Initial
565,1207,2021-10-22,39450000,Initial
566,1207,2023-05-28,42180000,Promotion
567,1208,2022-08-08,12460000,Initial
568,1209,2022-01-17,23850000,Initial
569,1210,2015-05-17,14890000,Initial
570,1210,2016-12-23,16530000,Adjustment
571,1210,2018-08-01,17890000,Market Correction
572,1210,2020-03-09,19600000,Annual Raise
573,1210,2021-10-16,21420000,Adjustment
574,1210,2023-05-25,22410000,Adjustment
575,1211,2018-08-31,17360000,Initial
576,1211,2020-03-31,18850000,Adjustment
577,1211,2021-10-31,20720000,Promotion
578,1211,2023-06-02,22310000,Market Correction
579,1212,2020-12-14,12840000,Initial
580,1212,2022-12-23,13680000,Annual Raise
581,1213,2024-03-31,18510000,Initial
582,1214,2024-01-08,18160000,Initial
583,1215,2024-08-24,31080000,Initial
584,1216,2016-01-05,18130000,Initial
585,1216,2017-10-22,19050000,Market Correction
586,1216,2019-08-10,20220000,Promotion
587,1216,2021-05-28,21450000,Promotion
588,1216,2023-03-16,22890000,Market Correction
589,1217,2020-02-06,11010000,Initial
590,1217,2021-09-25,11570000,Annual Raise
591,1217,2023-05-15,12480000,Promotion
592,1218,2024-03-22,13900000,Initial
593,1219,2020-04-15,57340000,Initial
594,1219,2022-02-08,63850000,Adjustment
595,1220,2022-04-06,33680000,Initial
596,1221,2016-04-22,34060000,Initial
597,1222,2016-02-03,36910000,Initial
598,1222,2017-11-15,39830000,Adjustment
599,1222,2019-08-28,42280000,Market Correction
600,1222,2021-06-09,46970000,Adjustment
601,1222,2023-03-22,48950000,Adjustment
602,1223,2019-02-28,31050000,Initial
603,1223,2021-02-08,32410000,Market Correction
604,1223,2023-01-20,35340000,Market Correction
605,1224,2021-08-02,20860000,Initial
606,1224,2023-04-18,23110000,Market Correction
607,1225,2024-05-07,21690000,Initial
608,1226,2015-05-15,22530000,Initial
609,1226,2016-12-21,24230000,Promotion
610,1226,2018-07-31,25970000,Annual Raise
611,1226,2020-03-08,28790000,Adjustment
612,1226,2021-10-16,30080000,Annual Raise
613,1226,2023-05-25,33450000,Market Correction
614,1227,2024-08-04,13090000,Initial
615,1228,2015-09-06,16630000,Initial
616,1228,2017-03-26,18000000,Annual Raise
617,1228,2018-10-15,18730000,Annual Raise
618,1228,2020-05-04,20160000,Market Correction
619,1228,2021-11-23,21920000,Promotion
620,1228,2023-06-13,24410000,Annual Raise
621,1229,2016-01-11,10280000,Initial
622,1229,2017-10-27,11030000,Market Correction
623,1229,2019-08-14,12190000,Annual Raise
624,1229,2021-05-30,13540000,Adjustment
625,1229,2023-03-17,14840000,Market Correction
626,1230,2015-07-27,9780000,Initial
627,1230,2017-02-20,10190000,Adjustment
628,1230,2018-09-17,11090000,Market Correction
629,1230,2020-04-14,12120000,Promotion
630,1230,2021-11-09,13370000,Market Correction
631,1230,2023-06-06,14220000,Annual Raise
632,1231,2015-10-09,14540000,Initial
633,1231,2017-04-23,16210000,Promotion
634,1231,2018-11-06,18040000,Annual Raise
635,1231,2020-05-21,20030000,Market Correction
636,1231,2021-12-04,21060000,Adjustment
637,1231,2023-06-19,23200000,Adjustment
638,1232,2024-02-13,25430000,Initial
639,1233,2018-02-09,13440000,Initial
640,1233,2019-10-31,14800000,Promotion
641,1233,2021-07-22,16360000,Annual Raise
642,1233,2023-04-12,18300000,Promotion
643,1234,2023-12-15,25880000,Initial
644,1235,2023-11-10,4970000,Initial
645,1236,2017-12-22,26080000,Initial
646,1236,2019-09-24,28460000,Market Correction
647,1236,2021-06-27,30780000,Adjustment
648,1236,2023-03-31,33140000,Annual Raise
649,1237,2023-05-13,38390000,Initial
650,1238,2020-01-26,18110000,Initial
651,1238,2021-09-17,20070000,Adjustment
652,1238,2023-05-11,21670000,Adjustment
653,1239,2020-02-20,70950000,Initial
654,1239,2021-10-04,78450000,Market Correction
655,1239,2023-05-19,82400000,Promotion
656,1240,2024-07-02,28950000,Initial
657,1241,2015-10-29,34630000,Initial
658,1241,2017-05-09,36520000,Market Correction
659,1241,2018-11-19,38500000,Annual Raise
660,1241,2020-05-31,40840000,Promotion
661,1241,2021-12-10,43350000,Promotion
662,1241,2023-06-22,47420000,Adjustment
663,1242,2016-05-31,24090000,Initial
664,1242,2018-02-17,25460000,Adjustment
665,1242,2019-11-06,28390000,Market Correction
666,1242,2021-07-26,30000000,Market Correction
667,1242,2023-04-14,31760000,Promotion
668,1243,2019-04-10,21920000,Initial
669,1243,2021-03-07,22890000,Market Correction
670,1243,2023-02-03,25500000,Promotion
671,1244,2016-02-11,13190000,Initial
672,1244,2017-11-21,14340000,Adjustment
673,1244,2019-09-01,15330000,Annual Raise
674,1244,2021-06-12,17000000,Market Correction
675,1244,2023-03-23,18970000,Market Correction
676,1245,2019-10-28,27110000,Initial
677,1245,2021-07-19,28710000,Market Correction
678,1245,2023-04-11,31890000,Adjustment
679,1246,2019-06-22,11010000,Initial
680,1246,2021-04-25,12320000,Promotion
681,1246,2023-02-27,12980000,Annual Raise
682,1247,2022-06-17,38790000,Initial
683,1248,2016-01-09,16810000,Initial
684,1248,2017-10-26,18110000,Market Correction
685,1248,2019-08-13,20090000,Market Correction
686,1248,2021-05-30,21680000,Promotion
687,1248,2023-03-17,22800000,Promotion
688,1249,2024-02-08,12800000,Initial
689,1250,2022-07-07,20100000,Initial
690,1251,2024-09-25,29650000,Initial
691,1252,2018-12-11,25310000,Initial
692,1252,2020-08-11,27400000,Market Correction
693,1253,2017-07-07,20790000,Initial
694,1253,2019-05-21,22510000,Annual Raise
695,1253,2021-04-04,24980000,Promotion
696,1253,2023-02-17,26730000,Adjustment
697,1254,2016-04-15,17320000,Initial
698,1254,2018-01-11,18110000,Promotion
699,1254,2019-10-10,19710000,Market Correction
700,1254,2021-07-07,21000000,Market Correction
701,1254,2023-04-05,22320000,Market Correction
702,1255,2024-06-23,24090000,Initial
703,1256,2021-10-30,13270000,Initial
704,1256,2023-06-01,14490000,Promotion
705,1257,2018-01-24,21590000,Initial
706,1257,2019-10-19,22550000,Adjustment
707,1257,2021-07-14,25230000,Promotion
708,1257,2023-04-08,26700000,Promotion
709,1258,2015-01-26,14270000,Initial
710,1258,2016-09-21,15840000,Market Correction
711,1258,2018-05-19,17550000,Market Correction
712,1258,2020-01-14,19260000,Annual Raise
713,1258,2021-09-09,20330000,Market Correction
714,1258,2023-05-07,22370000,Annual Raise
715,1259,2015-10-13,14200000,Initial
716,1259,2017-04-26,15530000,Adjustment
717,1259,2018-11-08,17190000,Market Correction
718,1259,2020-05-23,18570000,Promotion
719,1259,2021-12-05,19550000,Promotion
720,1259,2023-06-19,20960000,Annual Raise
721,1260,2023-05-15,24120000,Initial
722,1261,2016-10-06,33490000,Initial
723,1261,2018-05-30,35220000,Adjustment
724,1261,2020-01-22,36900000,Adjustment
725,1261,2021-09-15,40440000,Promotion
726,1261,2023-05-10,44850000,Adjustment
727,1262,2024-11-27,16010000,Initial
728,1263,2022-07-23,15820000,Initial
729,1264,2019-08-24,26650000,Initial
730,1264,2021-06-06,28980000,Annual Raise
731,1264,2023-03-20,31610000,Adjustment
732,1265,2016-03-30,36070000,Initial
733,1265,2017-12-29,38280000,Annual Raise
734,1265,2019-09-30,40080000,Promotion
735,1265,2021-07-01,41830000,Market Correction
736,1265,2023-04-02,43910000,Promotion
737,1266,2015-07-06,19090000,Initial
738,1266,2017-02-02,20440000,Market Correction
739,1266,2018-09-03,22880000,Annual Raise
740,1266,2020-04-03,24570000,Adjustment
741,1266,2021-11-02,26490000,Market Correction
742,1266,2023-06-03,27700000,Market Correction
743,1267,2018-05-19,23180000,Initial
744,1267,2020-01-13,24550000,Adjustment
745,1267,2021-09-09,25590000,Annual Raise
746,1267,2023-05-07,28540000,Adjustment
747,1268,2018-09-05,17330000,Initial
748,1268,2020-03-12,18630000,Promotion
749,1268,2021-09-17,19970000,Adjustment
750,1268,2023-03-25,21430000,Market Correction
751,1269,2019-04-07,39300000,Initial
752,1269,2021-03-05,42260000,Market Correction
753,1269,2023-02-02,46490000,Annual Raise
754,1270,2015-10-23,7790000,Initial
755,1270,2017-05-04,8460000,Market Correction
756,1270,2018-11-15,8830000,Market Correction
757,1270,2020-05-28,9590000,Market Correction
758,1270,2021-12-08,10700000,Adjustment
759,1270,2023-06-21,11660000,Adjustment
760,1271,2020-02-27,31530000,Initial
761,1271,2021-10-09,33360000,Adjustment
762,1271,2023-05-22,36610000,Promotion
763,1272,2022-12-16,27300000,Initial
764,1273,2018-08-23,11810000,Initial
765,1273,2020-03-25,12890000,Market Correction
766,1273,2021-10-27,14090000,Annual Raise
767,1273,2023-05-31,15620000,Annual Raise
768,1274,2015-12-27,11640000,Initial
769,1274,2017-06-27,12740000,Promotion
770,1274,2018-12-28,13340000,Adjustment
771,1274,2020-06-29,14710000,Promotion
772,1274,2021-12-30,15890000,Promotion
773,1274,2023-07-02,16920000,Market Correction
774,1275,2020-11-16,40100000,Initial
775,1276,2023-09-27,29140000,Initial
776,1277,2023-09-15,13700000,Initial
777,1278,2017-08-25,26950000,Initial
778,1278,2019-06-27,28640000,Promotion
779,1278,2021-04-29,31600000,Market Correction
780,1278,2023-03-01,32920000,Promotion
781,1279,2023-07-11,38810000,Initial
782,1280,2020-03-15,28470000,Initial
783,1280,2021-10-20,29880000,Market Correction
784,1280,2023-05-27,31900000,Promotion
785,1281,2024-09-09,19380000,Initial
786,1282,2020-04-04,21850000,Initial
787,1282,2021-11-02,24160000,Promotion
788,1282,2023-06-03,26080000,Annual Raise
789,1283,2018-12-12,20890000,Initial
790,1283,2020-06-17,21750000,Promotion
791,1283,2021-12-22,22640000,Promotion
792,1283,2023-06-28,24140000,Promotion
793,1284,2015-08-22,18500000,Initial
794,1284,2017-03-14,19250000,Market Correction
795,1284,2018-10-05,20280000,Annual Raise
796,1284,2020-04-27,21570000,Annual Raise
797,1284,2021-11-18,23410000,Annual Raise
798,1284,2023-06-11,25070000,Market Correction
799,1285,2021-11-24,19680000,Initial
800,1285,2023-06-14,22000000,Adjustment
801,1286,2020-01-17,15980000,Initial
802,1286,2021-09-11,17870000,Market Correction
803,1286,2023-05-08,19870000,Market Correction
804,1287,2021-10-14,46210000,Initial
805,1287,2023-05-24,49130000,Annual Raise
806,1288,2016-02-28,30080000,Initial
807,1288,2017-12-05,33610000,Market Correction
808,1288,2019-09-12,37520000,Annual Raise
809,1288,2021-06-19,41720000,Market Correction
810,1288,2023-03-27,43470000,Promotion
811,1289,2020-08-28,13360000,Initial
812,1289,2022-10-30,14140000,Annual Raise
813,1290,2019-12-05,48530000,Initial
814,1290,2021-08-14,51380000,Adjustment
815,1290,2023-04-24,55170000,Promotion
816,1291,2018-03-04,10220000,Initial
817,1291,2019-11-17,11270000,Adjustment
818,1291,2021-08-02,12540000,Annual Raise
819,1291,2023-04-18,13720000,Adjustment
820,1292,2023-11-07,5980000,Initial
821,1293,2021-04-04,9740000,Initial
822,1293,2023-02-17,10630000,Adjustment
823,1294,2018-09-27,32430000,Initial
824,1295,2016-06-12,17990000,Initial
825,1295,2018-02-27,19890000,Market Correction
826,1295,2019-11-14,21250000,Promotion
827,1295,2021-07-31,23790000,Annual Raise
828,1295,2023-04-17,24990000,Adjustment
829,1296,2022-03-20,20170000,Initial
830,1297,2022-03-31,52030000,Initial
831,1298,2018-06-19,32930000,Initial
832,1298,2020-02-06,35630000,Promotion
833,1298,2021-09-25,39410000,Annual Raise
834,1298,2023-05-15,43170000,Market Correction
835,1299,2017-02-25,13450000,Initial
836,1299,2018-09-21,14070000,Annual Raise
837,1299,2020-04-16,14960000,Promotion
838,1299,2021-11-11,16550000,Promotion
839,1299,2023-06-07,17570000,Promotion
840,1300,2024-06-20,31150000,Initial
841,1301,2022-06-04,18740000,Initial
842,1302,2016-09-23,16130000,Initial
843,1302,2018-05-20,17420000,Annual Raise
844,1302,2020-01-14,18430000,Promotion
845,1302,2021-09-10,20410000,Market Correction
846,1302,2023-05-07,22780000,Annual Raise
847,1303,2023-02-01,14400000,Initial
848,1304,2019-12-25,26180000,Initial
849,1304,2021-08-27,27270000,Annual Raise
850,1304,2023-04-30,30360000,Adjustment
851,1305,2020-12-27,14480000,Initial
852,1305,2022-12-30,15900000,Promotion
853,1306,2019-02-15,13080000,Initial
854,1306,2021-01-30,14500000,Market Correction
855,1306,2023-01-16,15210000,Adjustment
856,1307,2023-08-18,39930000,Initial
857,1308,2016-10-25,27530000,Initial
858,1308,2018-06-15,30250000,Market Correction
859,1308,2020-02-03,31710000,Annual Raise
860,1308,2021-09-23,33650000,Annual Raise
861,1308,2023-05-14,36750000,Market Correction
862,1309,2015-08-02,9210000,Initial
863,1309,2017-02-25,10270000,Annual Raise
864,1309,2018-09-21,11240000,Annual Raise
865,1309,2020-04-17,12240000,Market Correction
866,1309,2021-11-11,12950000,Market Correction
867,1309,2023-06-07,14140000,Annual Raise
868,1310,2022-12-23,38090000,Initial
869,1311,2018-01-22,18790000,Initial
870,1311,2019-10-18,20820000,Promotion
871,1311,2021-07-13,22250000,Annual Raise
872,1311,2023-04-08,24680000,Market Correction
873,1312,2016-01-11,14830000,Initial
874,1312,2017-10-27,15830000,Promotion
875,1312,2019-08-14,16860000,Market Correction
876,1312,2021-05-30,18140000,Annual Raise
877,1312,2023-03-17,20000000,Adjustment
878,1313,2015-04-20,23580000,Initial
879,1313,2016-11-30,25420000,Annual Raise
880,1313,2018-07-14,26640000,Annual Raise
881,1313,2020-02-25,29370000,Adjustment
882,1313,2021-10-07,31760000,Promotion
883,1313,2023-05-21,35250000,Promotion
884,1314,2019-05-01,11550000,Initial
885,1314,2021-03-21,12510000,Promotion
886,1314,2023-02-10,13320000,Market Correction
887,1315,2016-02-10,14750000,Initial
888,1315,2017-11-20,15650000,Market Correction
889,1315,2019-09-01,16700000,Promotion
890,1315,2021-06-11,17910000,Adjustment
891,1315,2023-03-23,19680000,Adjustment
892,1316,2016-07-17,20160000,Initial
893,1316,2018-03-27,21730000,Market Correction
894,1316,2019-12-05,24100000,Promotion
895,1316,2021-08-14,26830000,Annual Raise
896,1316,2023-04-24,29790000,Market Correction
897,1317,2023-07-06,37770000,Initial
898,1318,2015-03-19,19380000,Initial
899,1318,2016-11-04,20760000,Promotion
900,1318,2018-06-23,21750000,Adjustment
901,1318,2020-02-09,23130000,Market Correction
902,1318,2021-09-27,24880000,Market Correction
903,1318,2023-05-16,26200000,Promotion
904,1319,2016-03-31,9750000,Initial
905,1319,2017-12-30,10630000,Annual Raise
906,1319,2019-10-01,11840000,Promotion
907,1319,2021-07-01,12590000,Annual Raise
908,1319,2023-04-02,13600000,Market Correction
909,1320,2017-09-03,9750000,Initial
910,1320,2019-07-04,10510000,Adjustment
911,1320,2021-05-03,11320000,Adjustment
912,1320,2023-03-03,12650000,Annual Raise
913,1321,2024-05-20,17230000,Initial
914,1322,2023-01-22,6070000,Initial
915,1323,2021-05-26,7130000,Initial
916,1323,2023-03-15,7680000,Promotion
917,1324,2015-10-05,17250000,Initial
918,1324,2017-04-19,18090000,Adjustment
919,1324,2018-11-03,19690000,Adjustment
920,1324,2020-05-19,20670000,Annual Raise
921,1324,2021-12-02,21920000,Promotion
922,1324,2023-06-18,23020000,Promotion
923,1325,2019-05-19,34710000,Initial
924,1325,2021-04-02,38860000,Promotion
925,1325,2023-02-16,43210000,Market Correction
926,1326,2017-11-04,15030000,Initial
927,1326,2019-08-19,16810000,Promotion
928,1326,2021-06-03,17540000,Market Correction
929,1326,2023-03-19,18270000,Promotion
930,1327,2017-09-14,29830000,Initial
931,1327,2019-07-12,32830000,Annual Raise
932,1327,2021-05-09,35340000,Promotion
933,1327,2023-03-06,38180000,Annual Raise
934,1328,2016-06-30,28910000,Initial
935,1328,2018-02-24,32270000,Market Correction
936,1328,2019-10-21,35980000,Promotion
937,1328,2021-06-16,40240000,Adjustment
938,1329,2024-04-24,19950000,Initial
939,1330,2022-01-31,56980000,Initial
940,1331,2015-06-01,11110000,Initial
941,1331,2017-01-04,12110000,Annual Raise
942,1331,2018-08-11,13250000,Adjustment
943,1331,2020-03-17,14280000,Market Correction
944,1331,2021-10-21,15780000,Annual Raise
945,1331,2023-05-28,16680000,Promotion
946,1332,2018-07-16,48010000,Initial
947,1332,2020-02-26,51730000,Market Correction
948,1332,2021-10-08,54390000,Market Correction
949,1332,2023-05-21,57990000,Market Correction
950,1333,2017-11-03,59520000,Initial
951,1334,2024-09-16,19130000,Initial
952,1335,2019-11-25,58400000,Initial
953,1335,2021-08-07,64720000,Market Correction
954,1335,2023-04-20,67990000,Adjustment
955,1336,2018-10-20,10020000,Initial
956,1336,2020-05-08,10550000,Promotion
957,1336,2021-11-25,11510000,Market Correction
958,1336,2023-06-14,12470000,Promotion
959,1337,2023-12-10,24450000,Initial
960,1338,2019-10-30,21440000,Initial
961,1338,2021-07-21,22660000,Adjustment
962,1338,2023-04-12,24440000,Adjustment
963,1339,2016-02-25,16400000,Initial
964,1339,2017-12-02,17340000,Promotion
965,1339,2019-09-10,18640000,Market Correction
966,1339,2021-06-17,19900000,Adjustment
967,1339,2023-03-26,20870000,Adjustment
968,1340,2021-10-04,29600000,Initial
969,1340,2023-05-19,32950000,Annual Raise
970,1341,2020-01-06,32580000,Initial
971,1342,2022-03-04,13530000,Initial
972,1343,2019-01-28,12140000,Initial
973,1343,2021-01-18,13090000,Market Correction
974,1343,2023-01-10,14540000,Annual Raise
975,1344,2016-08-07,15520000,Initial
976,1344,2018-04-12,17110000,Market Correction
977,1344,2019-12-17,19150000,Adjustment
978,1344,2021-08-22,21150000,Annual Raise
979,1344,2023-04-28,22560000,Market Correction
980,1345,2016-06-01,27130000,Initial
981,1345,2018-02-18,30150000,Market Correction
982,1345,2019-11-07,33370000,Adjustment
983,1345,2021-07-26,35170000,Market Correction
984,1345,2023-04-14,36610000,Annual Raise
985,1346,2021-05-12,17880000,Initial
986,1347,2019-03-04,23830000,Initial
987,1347,2021-02-11,24960000,Promotion
988,1347,2023-01-22,27420000,Annual Raise
989,1348,2019-06-19,25570000,Initial
990,1348,2021-04-23,28630000,Annual Raise
991,1348,2023-02-26,30430000,Annual Raise
992,1349,2015-04-17,29420000,Initial
993,1349,2016-11-28,31670000,Promotion
994,1349,2018-07-12,33710000,Annual Raise
995,1349,2020-02-23,35640000,Promotion
996,1349,2021-10-06,39060000,Promotion
997,1349,2023-05-20,42070000,Annual Raise
998,1350,2017-12-08,20670000,Initial
999,1350,2019-09-14,22860000,Adjustment
1000,1350,2021-06-20,25170000,Adjustment
1001,1350,2023-03-27,26580000,Promotion
1002,1351,2022-10-13,50750000,Initial
1003,1352,2024-07-25,10390000,Initial
1004,1353,2015-12-26,13660000,Initial
1005,1353,2017-06-27,15070000,Annual Raise
1006,1353,2018-12-28,16270000,Adjustment
1007,1353,2020-06-29,17440000,Adjustment
1008,1353,2021-12-30,19420000,Annual Raise
1009,1353,2023-07-02,20390000,Promotion
1010,1354,2021-03-02,21520000,Initial
1011,1354,2023-01-31,22780000,Promotion
1012,1355,2023-11-25,38680000,Initial
1013,1356,2023-11-19,9810000,Initial
1014,1357,2020-03-29,16740000,Initial
1015,1357,2021-10-29,17630000,Promotion
1016,1357,2023-06-01,18560000,Adjustment
1017,1358,2015-09-27,19510000,Initial
1018,1358,2017-04-13,20590000,Promotion
1019,1358,2018-10-29,21980000,Promotion
1020,1358,2020-05-15,23950000,Promotion
1021,1358,2021-11-30,25100000,Promotion
1022,1358,2023-06-17,27020000,Annual Raise
1023,1359,2023-08-17,27550000,Initial
1024,1360,2022-03-16,21550000,Initial
1025,1361,2024-11-05,22820000,Initial
1026,1362,2023-08-11,26950000,Initial
1027,1363,2024-04-28,43450000,Initial
1028,1364,2018-08-14,24710000,Initial
1029,1364,2020-03-19,27510000,Promotion
1030,1364,2021-10-23,28900000,Promotion
1031,1364,2023-05-29,31000000,Adjustment
1032,1365,2024-06-26,18970000,Initial
1033,1366,2016-05-27,25600000,Initial
1034,1366,2018-02-14,27820000,Annual Raise
1035,1366,2019-11-04,29440000,Annual Raise
1036,1366,2021-07-24,31090000,Promotion
1037,1366,2023-04-13,32710000,Adjustment
1038,1367,2021-08-21,19000000,Initial
1039,1367,2023-04-27,20290000,Adjustment
1040,1368,2024-06-13,17480000,Initial
1041,1369,2015-11-29,23830000,Initial
1042,1369,2017-06-12,25620000,Adjustment
1043,1369,2018-12-25,27230000,Annual Raise
1044,1369,2020-07-09,28640000,Annual Raise
1045,1369,2022-01-21,31040000,Promotion
1046,1370,2023-08-08,41690000,Initial
1047,1371,2022-01-12,35530000,Initial
1048,1372,2017-09-30,19430000,Initial
1049,1372,2019-07-24,21470000,Adjustment
1050,1372,2021-05-17,22610000,Adjustment
1051,1372,2023-03-10,24200000,Adjustment
1052,1373,2015-10-26,9610000,Initial
1053,1373,2017-05-07,10090000,Annual Raise
1054,1373,2018-11-17,11220000,Promotion
1055,1373,2020-05-29,11780000,Market Correction
1056,1373,2021-12-09,13000000,Adjustment
1057,1373,2023-06-21,14460000,Promotion
1058,1374,2020-03-17,10670000,Initial
1059,1374,2022-02-26,11720000,Promotion
1060,1375,2023-03-27,28220000,Initial
1061,1376,2023-07-13,26660000,Initial
1062,1377,2020-03-25,15630000,Initial
1063,1377,2021-09-26,17260000,Promotion
1064,1378,2018-04-03,12990000,Initial
1065,1378,2019-12-10,13700000,Promotion
1066,1378,2021-08-17,14400000,Promotion
1067,1378,2023-04-25,15460000,Adjustment
1068,1379,2024-02-15,34120000,Initial
1069,1380,2023-07-23,28270000,Initial
1070,1381,2020-07-30,16510000,Initial
1071,1382,2017-05-31,22100000,Initial
1072,1382,2018-12-06,23020000,Promotion
1073,1382,2020-06-12,25770000,Market Correction
1074,1382,2021-12-19,26870000,Promotion
1075,1382,2023-06-26,30040000,Market Correction
1076,1383,2021-09-13,18120000,Initial
1077,1383,2023-05-09,20190000,Promotion
1078,1384,2021-01-07,8890000,Initial
1079,1385,2023-02-27,18500000,Initial
1080,1386,2015-07-29,27740000,Initial
1081,1386,2017-02-22,29660000,Annual Raise
1082,1386,2018-09-19,31310000,Annual Raise
1083,1386,2020-04-15,34110000,Adjustment
1084,1386,2021-11-10,35610000,Promotion
1085,1386,2023-06-07,38520000,Annual Raise
1086,1387,2015-10-29,10500000,Initial
1087,1387,2017-05-09,11670000,Promotion
1088,1387,2018-11-19,12180000,Adjustment
1089,1387,2020-05-31,12750000,Adjustment
1090,1387,2021-12-10,13770000,Annual Raise
1091,1387,2023-06-22,15140000,Promotion
1092,1388,2024-04-03,42130000,Initial
1093,1389,2016-02-01,10390000,Initial
1094,1389,2017-11-13,11150000,Annual Raise
1095,1389,2019-08-26,11980000,Market Correction
1096,1389,2021-06-08,13360000,Adjustment
1097,1389,2023-03-21,13960000,Market Correction
1098,1390,2023-06-20,28390000,Initial
1099,1391,2015-07-05,21020000,Initial
1100,1391,2017-03-16,22230000,Adjustment
1101,1391,2018-11-26,23990000,Promotion
1102,1391,2020-08-08,26340000,Annual Raise
1103,1391,2022-04-20,27640000,Annual Raise
1104,1392,2016-09-02,10720000,Initial
1105,1392,2018-05-03,11390000,Promotion
1106,1392,2020-01-02,11960000,Promotion
1107,1392,2021-09-01,13270000,Market Correction
1108,1392,2023-05-03,13830000,Market Correction
1109,1393,2016-10-27,22190000,Initial
1110,1393,2018-06-16,23870000,Promotion
1111,1393,2020-02-04,26640000,Annual Raise
1112,1393,2021-09-23,28230000,Market Correction
1113,1393,2023-05-14,30680000,Market Correction
1114,1394,2021-08-28,22380000,Initial
1115,1394,2023-05-01,23970000,Adjustment
1116,1395,2020-04-29,32580000,Initial
1117,1395,2021-11-19,34440000,Adjustment
1118,1395,2023-06-11,35980000,Adjustment
1119,1396,2019-09-03,15850000,Initial
1120,1396,2021-06-13,16770000,Promotion
1121,1396,2023-03-24,18130000,Annual Raise
1122,1397,2021-09-10,19850000,Initial
1123,1397,2023-05-07,20990000,Annual Raise
1124,1398,2023-02-02,19710000,Initial
1125,1399,2016-08-28,36160000,Initial
1126,1399,2018-04-29,38380000,Market Correction
1127,1399,2019-12-30,41970000,Promotion
1128,1399,2021-08-30,44120000,Adjustment
1129,1399,2023-05-02,47610000,Annual Raise
1130,1400,2017-02-20,17760000,Initial
1131,1400,2019-02-22,19600000,Promotion
1132,1401,2019-08-08,13490000,Initial
1133,1401,2021-05-26,14170000,Market Correction
1134,1401,2023-03-15,15740000,Adjustment
1135,1402,2022-11-30,64510000,Initial
1136,1403,2020-11-22,10070000,Initial
1137,1403,2022-12-12,11220000,Annual Raise
1138,1404,2021-02-15,18640000,Initial
1139,1404,2023-01-24,19830000,Promotion
1140,1405,2021-11-03,30790000,Initial
1141,1405,2023-06-03,33430000,Promotion
1142,1406,2017-07-10,40860000,Initial
1143,1406,2019-05-24,43850000,Market Correction
1144,1406,2021-04-06,45870000,Market Correction
1145,1406,2023-02-18,50070000,Annual Raise
1146,1407,2022-09-28,8350000,Initial
1147,1408,2018-03-24,9080000,Initial
1148,1408,2019-11-15,9980000,Promotion
1149,1408,2021-07-08,10930000,Annual Raise
1150,1408,2023-03-01,12210000,Market Correction
1151,1409,2024-03-06,17330000,Initial
1152,1410,2023-01-04,35440000,Initial
1153,1411,2017-05-26,32470000,Initial
1154,1411,2019-01-12,34520000,Adjustment
1155,1411,2020-08-31,36100000,Promotion
1156,1411,2022-04-19,38560000,Market Correction
1157,1412,2016-07-16,26120000,Initial
1158,1412,2018-04-22,28320000,Promotion
1159,1412,2020-01-28,30990000,Market Correction
1160,1412,2021-11-04,34180000,Adjustment
1161,1413,2022-02-26,23870000,Initial
1162,1414,2016-02-16,18340000,Initial
1163,1414,2017-11-25,19730000,Market Correction
1164,1414,2019-09-04,21860000,Adjustment
1165,1414,2021-06-14,23280000,Promotion
1166,1414,2023-03-24,25660000,Market Correction
1167,1415,2019-07-25,15180000,Initial
1168,1415,2021-05-17,16430000,Adjustment
1169,1415,2023-03-10,18030000,Market Correction
1170,1416,2023-06-24,19730000,Initial
1171,1417,2023-08-15,36820000,Initial
1172,1418,2016-12-18,24240000,Initial
1173,1418,2018-07-28,27050000,Annual Raise
1174,1418,2020-03-06,28730000,Promotion
1175,1418,2021-10-14,30630000,Annual Raise
1176,1418,2023-05-24,32820000,Market Correction
1177,1419,2024-05-18,25020000,Initial
1178,1420,2024-10-31,20070000,Initial
1179,1421,2018-10-04,12100000,Initial
1180,1421,2020-04-26,12720000,Annual Raise
1181,1421,2021-11-17,13480000,Market Correction
1182,1421,2023-06-10,14850000,Promotion
1183,1422,2016-07-03,16870000,Initial
1184,1422,2018-03-15,18570000,Annual Raise
1185,1422,2019-11-26,20310000,Annual Raise
1186,1422,2021-08-08,22450000,Promotion
1187,1422,2023-04-21,24190000,Adjustment
1188,1423,2018-09-16,16610000,Initial
1189,1423,2020-08-02,18250000,Adjustment
1190,1423,2022-06-19,20140000,Promotion
1191,1424,2015-02-27,14100000,Initial
1192,1424,2016-10-18,15070000,Adjustment
1193,1424,2018-06-09,15700000,Annual Raise
1194,1424,2020-01-30,17210000,Promotion
1195,1424,2021-09-20,18580000,Promotion
1196,1424,2023-05-12,20360000,Annual Raise
1197,1425,2016-12-19,11800000,Initial
1198,1425,2018-07-29,12420000,Annual Raise
1199,1425,2020-03-07,12920000,Adjustment
1200,1425,2021-10-15,14260000,Promotion
1201,1425,2023-05-25,15950000,Adjustment
1202,1426,2020-10-11,33480000,Initial
1203,1426,2022-11-21,37130000,Adjustment
1204,1427,2016-07-29,8610000,Initial
1205,1427,2018-04-05,9450000,Annual Raise
1206,1427,2019-12-12,10190000,Adjustment
1207,1427,2021-08-18,11400000,Annual Raise
1208,1427,2023-04-26,12590000,Adjustment
1209,1428,2017-08-22,17290000,Initial
1210,1428,2019-06-25,18480000,Promotion
1211,1428,2021-04-27,19260000,Promotion
1212,1428,2023-02-28,20650000,Annual Raise
1213,1429,2021-07-13,50390000,Initial
1214,1429,2023-04-08,54040000,Annual Raise
1215,1430,2022-10-08,19850000,Initial
1216,1431,2016-10-16,16730000,Initial
1217,1431,2018-06-07,18390000,Adjustment
1218,1431,2020-01-28,20370000,Promotion
1219,1431,2021-09-19,21510000,Annual Raise
1220,1431,2023-05-12,23990000,Market Correction
1221,1432,2022-09-28,16080000,Initial
1222,1433,2016-07-01,9390000,Initial
1223,1433,2018-03-14,10510000,Market Correction
1224,1433,2019-11-25,10960000,Market Correction
1225,1433,2021-08-07,11580000,Promotion
1226,1433,2023-04-20,12910000,Adjustment
1227,1434,2019-08-31,36370000,Initial
1228,1434,2021-06-11,38510000,Market Correction
1229,1434,2023-03-23,41130000,Promotion
1230,1435,2023-07-18,19710000,Initial
1231,1436,2020-11-22,28610000,Initial
1232,1436,2022-12-12,31060000,Adjustment
1233,1437,2015-09-10,18510000,Initial
1234,1437,2017-03-29,19250000,Adjustment
1235,1437,2018-10-17,21420000,Promotion
1236,1437,2020-05-06,22680000,Promotion
1237,1437,2021-11-24,23760000,Annual Raise
1238,1437,2023-06-14,26020000,Promotion
1239,1438,2016-11-04,18120000,Initial
1240,1438,2018-06-23,19190000,Adjustment
1241,1438,2020-02-09,20020000,Adjustment
1242,1438,2021-09-27,21230000,Annual Raise
1243,1438,2023-05-16,23490000,Promotion
1244,1439,2023-01-15,20750000,Initial
1245,1440,2024-01-26,21970000,Initial
1246,1441,2021-04-07,23270000,Initial
1247,1441,2023-02-18,25480000,Annual Raise
1248,1442,2017-11-08,25340000,Initial
1249,1442,2019-08-22,28130000,Adjustment
1250,1442,2021-06-05,29520000,Market Correction
1251,1442,2023-03-20,30810000,Market Correction
1252,1443,2015-07-05,12030000,Initial
1253,1443,2017-02-02,13150000,Annual Raise
1254,1443,2018-09-03,14230000,Market Correction
1255,1443,2020-04-03,14930000,Market Correction
1256,1443,2021-11-02,16430000,Market Correction
1257,1443,2023-06-03,17470000,Promotion
1258,1444,2015-10-10,14730000,Initial
1259,1444,2017-04-23,16300000,Promotion
1260,1444,2018-11-06,17890000,Promotion
1261,1444,2020-05-21,19470000,Promotion
1262,1444,2021-12-04,21800000,Market Correction
1263,1444,2023-06-19,23770000,Adjustment
1264,1445,2017-01-07,17590000,Initial
1265,1445,2018-08-13,19250000,Annual Raise
1266,1445,2020-03-18,21370000,Adjustment
1267,1445,2021-10-22,22900000,Annual Raise
1268,1445,2023-05-28,25640000,Promotion
1269,1446,2019-03-14,26840000,Initial
1270,1446,2021-02-17,28110000,Adjustment
1271,1446,2023-01-25,30550000,Market Correction
1272,1447,2019-03-19,20570000,Initial
1273,1447,2021-02-21,22360000,Adjustment
1274,1447,2023-01-27,24730000,Market Correction
1275,1448,2022-04-30,12160000,Initial
1276,1449,2020-12-06,21430000,Initial
1277,1449,2022-12-19,23500000,Adjustment
1278,1450,2018-05-07,20230000,Initial
1279,1450,2020-01-04,21670000,Annual Raise
1280,1450,2021-09-03,23140000,Adjustment
1281,1450,2023-05-04,24690000,Adjustment
1282,1451,2024-03-26,4720000,Initial
1283,1452,2024-10-24,19770000,Initial
1284,1453,2021-11-23,9560000,Initial
1285,1453,2023-06-13,10150000,Promotion
1286,1454,2016-02-18,21220000,Initial
1287,1454,2017-11-27,22070000,Promotion
1288,1454,2019-09-06,24340000,Adjustment
1289,1454,2021-06-15,27000000,Market Correction
1290,1454,2023-03-25,29070000,Market Correction
1291,1455,2017-09-29,26530000,Initial
1292,1455,2019-07-23,27890000,Promotion
1293,1455,2021-05-16,30550000,Market Correction
1294,1455,2023-03-10,32360000,Promotion
1295,1456,2023-06-17,15110000,Initial
1296,1457,2017-08-17,9850000,Initial
1297,1457,2019-06-21,10990000,Annual Raise
1298,1457,2021-04-25,12290000,Adjustment
1299,1457,2023-02-27,13500000,Market Correction
1300,1458,2017-08-28,20010000,Initial
1301,1458,2019-06-29,21120000,Market Correction
1302,1458,2021-04-30,22330000,Promotion
1303,1458,2023-03-02,24630000,Promotion
1304,1459,2019-08-21,33470000,Initial
1305,1459,2021-06-04,36900000,Adjustment
1306,1459,2023-03-19,41050000,Adjustment
1307,1460,2022-01-08,19070000,Initial
1308,1461,2022-03-20,20120000,Initial
1309,1462,2019-07-31,15010000,Initial
1310,1463,2017-09-14,12970000,Initial
1311,1463,2019-07-12,14100000,Promotion
1312,1463,2021-05-09,15670000,Adjustment
1313,1463,2023-03-06,17060000,Adjustment
1314,1464,2024-01-14,31310000,Initial
1315,1465,2021-04-01,20500000,Initial
1316,1465,2023-02-15,22300000,Annual Raise
1317,1466,2018-09-14,21450000,Initial
1318,1466,2020-04-11,23840000,Market Correction
1319,1466,2021-11-07,26460000,Promotion
1320,1466,2023-06-05,28570000,Promotion
1321,1467,2021-01-02,26180000,Initial
1322,1467,2023-01-02,28650000,Promotion
1323,1468,2022-07-22,15200000,Initial
1324,1469,2024-01-09,28630000,Initial
1325,1470,2020-05-17,17660000,Initial
1326,1470,2021-12-01,19570000,Promotion
1327,1470,2023-06-17,20820000,Adjustment
1328,1471,2017-05-17,45960000,Initial
1329,1471,2018-11-25,51230000,Annual Raise
1330,1471,2020-06-04,57240000,Annual Raise
1331,1471,2021-12-13,61700000,Promotion
1332,1471,2023-06-23,65050000,Adjustment
1333,1472,2017-09-20,19230000,Initial
1334,1472,2019-07-17,20840000,Market Correction
1335,1472,2021-05-12,21740000,Promotion
1336,1472,2023-03-08,22980000,Adjustment
1337,1473,2021-03-11,38890000,Initial
1338,1473,2023-02-05,42820000,Market Correction
1339,1474,2018-06-17,19240000,Initial
1340,1474,2020-02-04,20720000,Promotion
1341,1474,2021-09-24,23090000,Market Correction
1342,1474,2023-05-14,24760000,Promotion
1343,1475,2016-02-08,17530000,Initial
1344,1475,2017-11-19,19620000,Adjustment
1345,1475,2019-08-31,21860000,Promotion
1346,1475,2021-06-11,22990000,Annual Raise
1347,1475,2023-03-23,25130000,Annual Raise
1348,1476,2017-04-12,22710000,Initial
1349,1476,2018-10-28,24000000,Promotion
1350,1476,2020-05-14,26640000,Promotion
1351,1476,2021-11-29,28560000,Promotion
1352,1476,2023-06-16,30940000,Adjustment
1353,1477,2023-04-25,18890000,Initial
1354,1478,2018-04-24,33990000,Initial
1355,1478,2019-12-26,37260000,Annual Raise
1356,1478,2021-08-28,39080000,Adjustment
1357,1478,2023-05-01,41540000,Promotion
1358,1479,2020-08-07,5720000,Initial
1359,1479,2022-10-20,6300000,Annual Raise
1360,1480,2023-02-11,19150000,Initial
1361,1481,2016-11-24,25890000,Initial
1362,1481,2018-07-21,28460000,Annual Raise
1363,1481,2020-03-17,31860000,Market Correction
1364,1481,2021-11-11,33540000,Market Correction
1365,1482,2020-11-16,20060000,Initial
1366,1483,2019-08-17,18350000,Initial
1367,1483,2021-08-21,19970000,Promotion
1368,1484,2015-02-07,12750000,Initial
1369,1484,2016-10-01,13580000,Market Correction
1370,1484,2018-05-27,15180000,Annual Raise
1371,1484,2020-01-20,15830000,Promotion
1372,1484,2021-09-13,17630000,Market Correction
1373,1484,2023-05-09,18510000,Market Correction
1374,1485,2022-05-24,29070000,Initial
1375,1486,2015-02-18,15060000,Initial
1376,1486,2016-11-06,16090000,Annual Raise
1377,1486,2018-07-27,17780000,Adjustment
1378,1486,2020-04-14,19280000,Adjustment
1379,1486,2022-01-02,21510000,Annual Raise
1380,1487,2015-03-12,15830000,Initial
1381,1487,2016-10-29,17440000,Adjustment
1382,1487,2018-06-18,19390000,Market Correction
1383,1487,2020-02-05,21370000,Promotion
1384,1487,2021-09-24,22810000,Promotion
1385,1487,2023-05-14,23950000,Annual Raise
1386,1488,2016-03-14,13920000,Initial
1387,1488,2017-12-17,15540000,Market Correction
1388,1488,2019-09-21,17360000,Adjustment
1389,1488,2021-06-25,18670000,Annual Raise
1390,1488,2023-03-30,19420000,Annual Raise
1391,1489,2021-12-13,27100000,Initial
1392,1489,2023-06-23,28500000,Promotion
1393,1490,2015-11-20,15950000,Initial
1394,1490,2017-05-28,17460000,Annual Raise
1395,1490,2018-12-04,19220000,Annual Raise
1396,1490,2020-06-11,20290000,Annual Raise
1397,1490,2021-12-18,21670000,Promotion
1398,1490,2023-06-26,23090000,Promotion
1399,1491,2022-10-26,23800000,Initial
1400,1492,2022-05-01,27750000,Initial
1401,1493,2019-07-19,19550000,Initial
1402,1493,2021-05-13,20670000,Adjustment
1403,1493,2023-03-08,21510000,Promotion
1404,1494,2022-11-18,36520000,Initial
1405,1495,2021-05-06,10020000,Initial
1406,1495,2023-03-05,10530000,Promotion
1407,1496,2017-07-30,25880000,Initial
1408,1496,2019-06-08,28310000,Promotion
1409,1496,2021-04-16,30210000,Promotion
1410,1496,2023-02-23,31850000,Adjustment
1411,1497,2018-01-15,21270000,Initial
1412,1498,2017-01-04,24390000,Initial
1413,1498,2018-08-10,26020000,Market Correction
1414,1498,2020-03-16,28260000,Annual Raise
1415,1498,2021-10-21,30680000,Annual Raise
1416,1498,2023-05-28,33580000,Promotion
1417,1499,2021-08-01,20030000,Initial
1418,1500,2021-05-10,43780000,Initial
1419,1500,2023-03-07,45810000,Market Correction
1420,1501,2019-04-22,13270000,Initial
1421,1501,2021-03-15,14860000,Annual Raise
1422,1501,2023-02-07,15990000,Annual Raise
1423,1502,2020-08-13,14890000,Initial
1424,1502,2022-10-23,16530000,Market Correction
1425,1503,2017-08-08,31200000,Initial
1426,1503,2019-06-14,33930000,Annual Raise
1427,1503,2021-04-20,36090000,Promotion
1428,1503,2023-02-25,39710000,Market Correction
1429,1504,2023-09-04,22890000,Initial
1430,1505,2021-03-15,15000000,Initial
1431,1505,2023-02-07,15760000,Market Correction
1432,1506,2015-12-18,15160000,Initial
1433,1506,2017-06-20,16810000,Annual Raise
1434,1506,2018-12-22,18530000,Adjustment
1435,1506,2020-06-25,19820000,Market Correction
1436,1506,2021-12-27,21210000,Adjustment
1437,1506,2023-06-30,23480000,Market Correction
1438,1507,2015-12-03,16100000,Initial
1439,1507,2017-06-07,17620000,Annual Raise
1440,1507,2018-12-12,19680000,Market Correction
1441,1507,2020-06-17,21200000,Annual Raise
1442,1507,2021-12-22,22970000,Market Correction
1443,1507,2023-06-28,25660000,Market Correction
1444,1508,2023-04-18,6280000,Initial
1445,1509,2018-06-16,25730000,Initial
1446,1509,2020-02-03,28710000,Promotion
1447,1509,2021-09-23,30330000,Market Correction
1448,1509,2023-05-14,31980000,Adjustment
1449,1510,2017-02-06,24720000,Initial
1450,1510,2018-09-06,27170000,Promotion
1451,1510,2020-04-05,28320000,Adjustment
1452,1510,2021-11-03,30240000,Annual Raise
1453,1510,2023-06-03,33810000,Annual Raise
1454,1511,2016-02-28,45580000,Initial
1455,1511,2018-05-22,48620000,Adjustment
1456,1512,2024-09-07,22680000,Initial
1457,1513,2023-02-16,36190000,Initial
1458,1514,2022-09-08,30740000,Initial
1459,1515,2020-07-12,12050000,Initial
1460,1516,2020-06-06,13690000,Initial
1461,1516,2021-12-14,14460000,Promotion
1462,1516,2023-06-24,15950000,Market Correction
1463,1517,2023-01-31,13580000,Initial
1464,1518,2016-03-14,21150000,Initial
1465,1518,2017-12-17,22770000,Promotion
1466,1518,2019-09-21,24550000,Promotion
1467,1518,2021-06-25,27420000,Adjustment
1468,1518,2023-03-30,30580000,Market Correction
1469,1519,2024-06-09,35500000,Initial
1470,1520,2024-02-23,29330000,Initial
1471,1521,2018-05-15,12810000,Initial
1472,1521,2020-01-10,13970000,Annual Raise
1473,1521,2021-09-07,15520000,Market Correction
1474,1521,2023-05-06,16920000,Market Correction
1475,1522,2016-12-28,24420000,Initial
1476,1522,2018-08-05,27040000,Promotion
1477,1522,2020-03-12,29830000,Promotion
1478,1522,2021-10-18,31180000,Annual Raise
1479,1522,2023-05-26,32600000,Promotion
1480,1523,2021-06-16,12560000,Initial
1481,1523,2023-03-25,13460000,Promotion
1482,1524,2019-02-04,18850000,Initial
1483,1524,2020-12-02,20570000,Market Correction
1484,1525,2022-08-24,38990000,Initial
1485,1526,2022-12-11,19400000,Initial
1486,1527,2024-03-08,27040000,Initial
1487,1528,2022-02-07,33880000,Initial
1488,1529,2023-11-07,26900000,Initial
1489,1530,2020-12-28,31240000,Initial
1490,1530,2022-12-30,32990000,Annual Raise
1491,1531,2023-11-13,48310000,Initial
1492,1532,2016-03-23,13670000,Initial
1493,1532,2017-12-24,14720000,Annual Raise
1494,1532,2019-09-26,15400000,Adjustment
1495,1532,2021-06-28,17030000,Adjustment
1496,1532,2023-03-31,18620000,Annual Raise
1497,1533,2022-04-04,29700000,Initial
1498,1534,2023-06-10,15660000,Initial
1499,1535,2017-11-25,14420000,Initial
1500,1535,2019-09-04,15810000,Market Correction
1501,1535,2021-06-14,17500000,Adjustment
1502,1535,2023-03-24,18360000,Promotion
1503,1536,2019-12-31,10750000,Initial
1504,1536,2021-08-31,11740000,Promotion
1505,1536,2023-05-02,12750000,Annual Raise
1506,1537,2018-11-13,12310000,Initial
1507,1537,2020-05-26,13700000,Market Correction
1508,1537,2021-12-07,14970000,Adjustment
1509,1537,2023-06-20,16120000,Adjustment
1510,1538,2015-12-18,29640000,Initial
1511,1538,2017-06-20,32990000,Adjustment
1512,1538,2018-12-22,36360000,Annual Raise
1513,1538,2020-06-25,40540000,Promotion
1514,1538,2021-12-27,45010000,Market Correction
1515,1538,2023-06-30,48810000,Promotion
1516,1539,2018-11-06,21620000,Initial
1517,1539,2020-05-21,22930000,Market Correction
1518,1539,2021-12-04,25420000,Market Correction
1519,1539,2023-06-19,26610000,Market Correction
1520,1540,2020-05-04,20450000,Initial
1521,1540,2021-11-07,22340000,Adjustment
1522,1540,2023-05-14,24060000,Market Correction
1523,1541,2018-05-14,29670000,Initial
1524,1542,2022-08-05,13990000,Initial
1525,1543,2021-03-10,37730000,Initial
1526,1543,2023-02-04,41810000,Market Correction
1527,1544,2017-08-07,20010000,Initial
1528,1544,2019-06-14,22020000,Annual Raise
1529,1544,2021-04-20,22980000,Market Correction
1530,1544,2023-02-25,24540000,Promotion
1531,1545,2019-06-09,15300000,Initial
1532,1545,2021-05-27,16300000,Adjustment
1533,1546,2019-05-12,67100000,Initial
1534,1547,2021-06-22,13830000,Initial
1535,1547,2023-03-23,15400000,Adjustment
1536,1548,2020-02-18,28490000,Initial
1537,1548,2022-04-04,30040000,Promotion
1538,1549,2021-09-11,23830000,Initial
1539,1549,2023-05-08,25140000,Annual Raise
1540,1550,2018-12-12,20570000,Initial
1541,1550,2020-06-17,22740000,Adjustment
1542,1550,2021-12-22,23870000,Market Correction
1543,1550,2023-06-28,24850000,Annual Raise
1544,1551,2021-11-21,16960000,Initial
1545,1551,2023-06-12,18150000,Market Correction
1546,1552,2017-09-04,11400000,Initial
1547,1552,2019-07-05,12470000,Adjustment
1548,1552,2021-05-04,13460000,Adjustment
1549,1552,2023-03-04,14980000,Annual Raise
1550,1553,2020-09-23,19600000,Initial
1551,1553,2022-11-12,20980000,Market Correction
1552,1554,2019-09-29,14900000,Initial
1553,1554,2021-06-30,16560000,Annual Raise
1554,1554,2023-04-01,18470000,Annual Raise
1555,1555,2021-03-22,19120000,Initial
1556,1555,2023-02-10,20370000,Market Correction
1557,1556,2024-06-10,46360000,Initial
1558,1557,2020-06-07,33520000,Initial
1559,1558,2019-08-03,32610000,Initial
1560,1558,2021-05-23,36410000,Promotion
1561,1558,2023-03-13,37950000,Promotion
1562,1559,2020-06-24,30400000,Initial
1563,1559,2021-12-26,33430000,Adjustment
1564,1559,2023-06-30,35600000,Promotion
1565,1560,2018-04-11,15100000,Initial
1566,1560,2019-10-13,16510000,Annual Raise
1567,1561,2021-05-05,14950000,Initial
1568,1561,2023-03-04,15750000,Promotion
1569,1562,2021-06-03,69810000,Initial
1570,1562,2023-03-11,77840000,Adjustment
1571,1563,2023-07-10,11530000,Initial
1572,1564,2016-02-24,15540000,Initial
1573,1564,2017-12-01,16640000,Promotion
1574,1564,2019-09-09,17770000,Market Correction
1575,1564,2021-06-17,19680000,Adjustment
1576,1564,2023-03-26,21970000,Adjustment
1577,1565,2024-10-23,45270000,Initial
1578,1566,2019-12-04,21670000,Initial
1579,1566,2021-08-13,24020000,Adjustment
1580,1566,2023-04-23,25080000,Annual Raise
1581,1567,2017-05-09,5610000,Initial
1582,1567,2018-11-18,6060000,Market Correction
1583,1567,2020-05-30,6500000,Promotion
1584,1567,2021-12-10,6820000,Promotion
1585,1567,2023-06-22,7490000,Adjustment
1586,1568,2016-11-10,11960000,Initial
1587,1568,2018-06-27,12530000,Adjustment
1588,1568,2020-02-12,13980000,Market Correction
1589,1568,2021-09-29,15070000,Adjustment
1590,1568,2023-05-17,16690000,Promotion
1591,1569,2021-05-24,18510000,Initial
1592,1569,2023-03-14,20030000,Market Correction
1593,1570,2018-08-18,21620000,Initial
1594,1570,2020-03-22,22570000,Adjustment
1595,1570,2021-10-25,24610000,Market Correction
1596,1570,2023-05-30,26690000,Annual Raise
1597,1571,2024-08-15,27030000,Initial
1598,1572,2023-05-31,18530000,Initial
1599,1573,2022-11-13,42070000,Initial
1600,1574,2024-04-16,23850000,Initial
1601,1575,2021-06-23,46610000,Initial
1602,1575,2023-03-29,49150000,Promotion
1603,1576,2015-11-06,11390000,Initial
1604,1576,2017-05-16,12470000,Adjustment
1605,1576,2018-11-24,13540000,Adjustment
1606,1576,2020-06-04,14470000,Adjustment
1607,1576,2021-12-13,15520000,Promotion
1608,1576,2023-06-23,17080000,Market Correction
1609,1577,2022-10-16,15330000,Initial
1610,1578,2018-09-02,21900000,Initial
1611,1578,2020-04-02,23440000,Promotion
1612,1578,2021-11-01,25830000,Market Correction
1613,1578,2023-06-02,28080000,Annual Raise
1614,1579,2022-02-13,29080000,Initial
1615,1580,2017-06-11,9110000,Initial
1616,1580,2018-12-15,9660000,Adjustment
1617,1580,2020-06-19,10570000,Market Correction
1618,1580,2021-12-23,11690000,Promotion
1619,1580,2023-06-28,12430000,Promotion
1620,1581,2024-04-15,12480000,Initial
1621,1582,2023-11-03,35940000,Initial
1622,1583,2015-03-08,14500000,Initial
1623,1583,2016-10-25,15350000,Market Correction
1624,1583,2018-06-15,16750000,Adjustment
1625,1583,2020-02-03,18310000,Annual Raise
1626,1583,2021-09-23,19060000,Annual Raise
1627,1583,2023-05-14,21010000,Annual Raise
1628,1584,2019-10-19,21490000,Initial
1629,1584,2021-07-13,23560000,Adjustment
1630,1584,2023-04-08,25630000,Promotion
1631,1585,2016-10-13,15630000,Initial
1632,1585,2018-06-05,16260000,Adjustment
1633,1585,2020-01-26,17090000,Adjustment
1634,1585,2021-09-18,18510000,Market Correction
1635,1585,2023-05-11,20680000,Adjustment
1636,1586,2017-10-22,11240000,Initial
1637,1587,2023-02-21,12810000,Initial
1638,1588,2022-11-22,54790000,Initial
1639,1589,2020-10-28,5290000,Initial
1640,1589,2022-11-30,5700000,Promotion
1641,1590,2024-02-29,20840000,Initial
1642,1591,2017-07-26,46990000,Initial
1643,1591,2019-06-05,51100000,Annual Raise
1644,1591,2021-04-14,55020000,Market Correction
1645,1591,2023-02-22,60720000,Adjustment
1646,1592,2018-07-07,24710000,Initial
1647,1592,2020-02-19,26480000,Promotion
1648,1592,2021-10-04,29110000,Adjustment
1649,1592,2023-05-19,31450000,Annual Raise
1650,1593,2022-03-12,44450000,Initial
1651,1594,2021-11-04,21140000,Initial
1652,1594,2023-06-04,23590000,Annual Raise
1653,1595,2022-01-16,16980000,Initial
1654,1596,2024-08-23,14130000,Initial
1655,1597,2021-08-11,19220000,Initial
1656,1597,2023-04-22,21460000,Promotion
1657,1598,2023-11-15,27530000,Initial
1658,1599,2023-09-26,35710000,Initial
1659,1600,2017-04-21,12310000,Initial
1660,1600,2018-11-04,13320000,Market Correction
1661,1600,2020-05-19,14840000,Annual Raise
1662,1600,2021-12-03,16010000,Adjustment
1663,1600,2023-06-18,16830000,Market Correction
1664,1601,2018-04-25,16200000,Initial
1665,1601,2019-12-26,16860000,Annual Raise
1666,1601,2021-08-28,17570000,Adjustment
1667,1601,2023-05-01,18690000,Market Correction
1668,1602,2017-09-14,25550000,Initial
1669,1602,2019-07-12,28060000,Market Correction
1670,1602,2021-05-09,30760000,Annual Raise
1671,1602,2023-03-06,32470000,Adjustment
1672,1603,2019-01-19,26470000,Initial
1673,1603,2021-01-12,28490000,Promotion
1674,1603,2023-01-07,30380000,Market Correction
1675,1604,2019-02-05,27300000,Initial
1676,1604,2021-01-24,30340000,Adjustment
1677,1604,2023-01-13,32130000,Adjustment
1678,1605,2015-03-10,14850000,Initial
1679,1605,2016-10-27,16420000,Promotion
1680,1605,2018-06-17,17560000,Market Correction
1681,1605,2020-02-04,19400000,Annual Raise
1682,1605,2021-09-24,20200000,Market Correction
1683,1605,2023-05-14,21120000,Market Correction
1684,1606,2015-09-05,13420000,Initial
1685,1606,2017-03-25,14090000,Annual Raise
1686,1606,2018-10-14,15750000,Market Correction
1687,1606,2020-05-04,16390000,Adjustment
1688,1606,2021-11-22,17690000,Market Correction
1689,1606,2023-06-13,19710000,Adjustment
1690,1607,2019-10-01,26880000,Initial
1691,1607,2021-07-01,28130000,Market Correction
1692,1607,2023-04-02,30860000,Market Correction
1693,1608,2018-02-10,19090000,Initial
1694,1609,2021-01-06,31560000,Initial
1695,1609,2023-01-04,34420000,Promotion
1696,1610,2018-06-24,14340000,Initial
1697,1610,2020-02-09,15670000,Market Correction
1698,1610,2021-09-27,17500000,Promotion
1699,1610,2023-05-16,19400000,Market Correction
1700,1611,2015-08-26,16530000,Initial
1701,1611,2017-03-17,17560000,Annual Raise
1702,1611,2018-10-07,19170000,Adjustment
1703,1611,2020-04-29,21140000,Adjustment
1704,1611,2021-11-19,22060000,Annual Raise
1705,1611,2023-06-11,24220000,Adjustment
1706,1612,2018-06-20,16390000,Initial
1707,1612,2020-02-06,18300000,Annual Raise
1708,1612,2021-09-25,19320000,Annual Raise
1709,1612,2023-05-15,20890000,Promotion
1710,1613,2015-02-21,29850000,Initial
1711,1613,2016-10-13,31480000,Market Correction
1712,1613,2018-06-05,35100000,Market Correction
1713,1613,2020-01-27,36860000,Promotion
1714,1613,2021-09-18,40840000,Annual Raise
1715,1613,2023-05-11,43710000,Annual Raise
1716,1614,2018-11-21,27000000,Initial
1717,1614,2020-06-01,28550000,Adjustment
1718,1614,2021-12-11,31770000,Adjustment
1719,1614,2023-06-22,34750000,Annual Raise
1720,1615,2016-06-03,13780000,Initial
1721,1615,2018-02-19,14840000,Market Correction
1722,1615,2019-11-08,16050000,Market Correction
1723,1615,2021-07-27,17160000,Annual Raise
1724,1615,2023-04-15,18840000,Adjustment
1725,1616,2023-08-26,61850000,Initial
1726,1617,2020-11-15,19930000,Initial
1727,1617,2022-09-26,20970000,Promotion
1728,1618,2020-09-23,25030000,Initial
1729,1618,2022-11-12,27790000,Adjustment
1730,1619,2019-02-15,14750000,Initial
1731,1619,2021-01-30,15750000,Market Correction
1732,1619,2023-01-16,17120000,Market Correction
1733,1620,2017-07-24,11450000,Initial
1734,1620,2019-06-03,12210000,Annual Raise
1735,1620,2021-04-13,13640000,Adjustment
1736,1620,2023-02-21,14330000,Annual Raise
1737,1621,2017-09-28,6400000,Initial
1738,1621,2019-04-07,6930000,Promotion
1739,1621,2020-10-15,7700000,Promotion
1740,1622,2024-08-13,11830000,Initial
1741,1623,2017-07-08,12690000,Initial
1742,1623,2019-05-22,14210000,Market Correction
1743,1623,2021-04-05,14860000,Adjustment
1744,1623,2023-02-17,15550000,Market Correction
1745,1624,2018-01-16,25670000,Initial
1746,1624,2019-10-13,27070000,Promotion
1747,1624,2021-07-10,29660000,Promotion
1748,1624,2023-04-06,32960000,Annual Raise
1749,1625,2017-01-04,35430000,Initial
1750,1625,2018-08-10,37680000,Market Correction
1751,1625,2020-03-16,40010000,Market Correction
1752,1625,2021-10-21,42470000,Market Correction
1753,1625,2023-05-28,46110000,Promotion
1754,1626,2015-10-10,12110000,Initial
1755,1626,2017-04-23,12630000,Annual Raise
1756,1626,2018-11-06,13500000,Market Correction
1757,1626,2020-05-21,14760000,Market Correction
1758,1626,2021-12-04,15530000,Annual Raise
1759,1626,2023-06-19,16410000,Promotion
1760,1627,2018-09-02,16480000,Initial
1761,1627,2020-07-16,17750000,Promotion
1762,1627,2022-05-30,19680000,Promotion
1763,1628,2021-04-28,11320000,Initial
1764,1628,2023-03-01,12220000,Market Correction
1765,1629,2019-02-17,31930000,Initial
1766,1629,2021-02-01,35150000,Market Correction
1767,1629,2023-01-17,37230000,Market Correction
1768,1630,2023-03-20,11340000,Initial
1769,1631,2015-04-08,18470000,Initial
1770,1631,2016-11-20,19930000,Adjustment
1771,1631,2018-07-06,22280000,Annual Raise
1772,1631,2020-02-19,24190000,Annual Raise
1773,1631,2021-10-03,25280000,Market Correction
1774,1631,2023-05-19,26360000,Market Correction
1775,1632,2018-10-04,18130000,Initial
1776,1632,2020-04-29,19800000,Adjustment
1777,1632,2021-11-24,21100000,Promotion
1778,1633,2017-04-20,21620000,Initial
1779,1633,2018-11-03,23540000,Adjustment
1780,1633,2020-05-19,25880000,Annual Raise
1781,1633,2021-12-02,27440000,Market Correction
1782,1633,2023-06-18,30720000,Market Correction
1783,1634,2016-08-06,12870000,Initial
1784,1634,2018-04-12,14410000,Promotion
1785,1634,2019-12-17,15260000,Market Correction
1786,1634,2021-08-22,16240000,Promotion
1787,1634,2023-04-28,17170000,Adjustment
1788,1635,2024-06-25,20910000,Initial
1789,1636,2023-05-22,29620000,Initial
1790,1637,2015-11-03,12490000,Initial
1791,1637,2017-05-13,13070000,Promotion
1792,1637,2018-11-22,14370000,Market Correction
1793,1637,2020-06-02,15000000,Market Correction
1794,1637,2021-12-12,16690000,Annual Raise
1795,1637,2023-06-23,18310000,Adjustment
1796,1638,2017-08-27,9700000,Initial
1797,1638,2019-06-29,10650000,Adjustment
1798,1638,2021-04-30,11370000,Annual Raise
1799,1638,2023-03-02,12180000,Adjustment
1800,1639,2022-11-10,10830000,Initial
1801,1640,2017-08-14,53100000,Initial
1802,1641,2016-09-28,22370000,Initial
1803,1641,2018-08-02,25040000,Promotion
1804,1641,2020-06-06,27880000,Promotion
1805,1642,2021-01-04,35770000,Initial
1806,1642,2023-01-03,37360000,Annual Raise
1807,1643,2017-12-21,21500000,Initial
1808,1643,2019-09-24,24030000,Market Correction
1809,1643,2021-06-27,25120000,Annual Raise
1810,1643,2023-03-31,27710000,Adjustment
1811,1644,2024-04-07,16280000,Initial
1812,1645,2016-08-30,10080000,Initial
1813,1645,2018-04-20,10790000,Market Correction
1814,1646,2022-08-05,20080000,Initial
1815,1647,2024-08-01,20640000,Initial
1816,1648,2020-03-07,29710000,Initial
1817,1649,2016-06-19,20250000,Initial
1818,1649,2018-03-04,21350000,Annual Raise
1819,1649,2019-11-18,22790000,Market Correction
1820,1649,2021-08-02,24980000,Market Correction
1821,1649,2023-04-18,26670000,Annual Raise
1822,1650,2021-07-13,30900000,Initial
1823,1650,2023-04-08,33090000,Market Correction
1824,1651,2017-03-20,16950000,Initial
1825,1651,2018-10-09,17870000,Market Correction
1826,1651,2020-04-30,19200000,Promotion
1827,1651,2021-11-20,21470000,Promotion
1828,1651,2023-06-12,22610000,Annual Raise
1829,1652,2024-07-02,34610000,Initial
1830,1653,2015-07-27,15220000,Initial
1831,1653,2017-04-19,16170000,Annual Raise
1832,1653,2019-01-12,17930000,Market Correction
1833,1653,2020-10-05,19080000,Promotion
1834,1654,2020-07-25,50920000,Initial
1835,1654,2022-09-22,53260000,Annual Raise
1836,1655,2017-02-05,18150000,Initial
1837,1655,2018-12-05,18980000,Market Correction
1838,1655,2020-10-04,20180000,Promotion
1839,1656,2022-04-05,16290000,Initial
1840,1657,2015-09-07,16310000,Initial
1841,1657,2017-04-11,17060000,Promotion
1842,1657,2018-11-15,18060000,Annual Raise
1843,1658,2022-01-27,33770000,Initial
1844,1659,2023-10-08,31920000,Initial
1845,1660,2018-11-10,16790000,Initial
1846,1660,2020-05-24,18490000,Promotion
1847,1660,2021-12-06,20510000,Market Correction
1848,1660,2023-06-20,22860000,Annual Raise
1849,1661,2017-01-06,28840000,Initial
1850,1661,2018-10-24,31040000,Promotion
1851,1661,2020-08-10,33730000,Market Correction
1852,1661,2022-05-28,37070000,Adjustment
1853,1662,2015-08-28,17770000,Initial
1854,1662,2017-03-19,19290000,Promotion
1855,1662,2018-10-09,20550000,Promotion
1856,1662,2020-04-30,21800000,Market Correction
1857,1662,2021-11-20,22820000,Annual Raise
1858,1662,2023-06-12,25060000,Market Correction
1859,1663,2016-10-15,27920000,Initial
1860,1663,2018-06-07,30300000,Annual Raise
1861,1663,2020-01-28,33140000,Market Correction
1862,1663,2021-09-19,36340000,Adjustment
1863,1663,2023-05-12,38490000,Adjustment
1864,1664,2023-07-27,32010000,Initial
1865,1665,2018-12-24,15830000,Initial
1866,1665,2020-06-26,17280000,Promotion
1867,1665,2021-12-28,19080000,Market Correction
1868,1665,2023-07-01,20230000,Adjustment
1869,1666,2024-01-16,13520000,Initial
1870,1667,2022-11-21,7630000,Initial
1871,1668,2024-05-20,73850000,Initial
1872,1669,2020-07-01,13370000,Initial
1873,1670,2020-11-26,20780000,Initial
1874,1670,2022-12-14,22070000,Promotion
1875,1671,2024-01-17,19760000,Initial
1876,1672,2021-07-30,14700000,Initial
1877,1672,2023-04-16,16220000,Annual Raise
1878,1673,2015-10-25,18440000,Initial
1879,1673,2017-05-06,19710000,Promotion
1880,1673,2018-11-16,21060000,Promotion
1881,1673,2020-05-29,22890000,Annual Raise
1882,1673,2021-12-09,24110000,Promotion
1883,1673,2023-06-21,26350000,Adjustment
1884,1674,2018-10-10,20650000,Initial
1885,1674,2020-04-30,22930000,Adjustment
1886,1674,2021-11-20,24530000,Annual Raise
1887,1674,2023-06-12,25820000,Annual Raise
1888,1675,2023-11-18,25740000,Initial
1889,1676,2022-12-06,19280000,Initial
1890,1677,2017-07-03,16770000,Initial
1891,1677,2019-05-18,18540000,Adjustment
1892,1677,2021-04-02,19430000,Adjustment
1893,1677,2023-02-16,20300000,Market Correction
1894,1678,2016-06-05,50020000,Initial
1895,1678,2018-02-21,55810000,Market Correction
1896,1678,2019-11-09,60750000,Annual Raise
1897,1678,2021-07-28,63990000,Market Correction
1898,1678,2023-04-15,68020000,Promotion
1899,1679,2024-07-16,15290000,Initial
1900,1680,2024-01-26,27550000,Initial
1901,1681,2020-07-25,36430000,Initial
1902,1681,2022-10-13,38500000,Annual Raise
1903,1682,2018-08-01,32200000,Initial
1904,1682,2020-03-09,35260000,Adjustment
1905,1682,2021-10-16,38770000,Market Correction
1906,1682,2023-05-25,40820000,Promotion
1907,1683,2020-01-04,20120000,Initial
1908,1684,2017-11-17,8100000,Initial
1909,1684,2019-08-29,8800000,Annual Raise
1910,1684,2021-06-10,9480000,Adjustment
1911,1684,2023-03-22,10330000,Adjustment
1912,1685,2019-11-30,43500000,Initial
1913,1685,2021-08-10,47180000,Promotion
1914,1685,2023-04-22,50390000,Adjustment
1915,1686,2024-11-20,28400000,Initial
1916,1687,2023-11-05,13860000,Initial
1917,1688,2016-10-28,15650000,Initial
1918,1688,2018-06-17,17180000,Promotion
1919,1688,2020-02-04,18930000,Adjustment
1920,1688,2021-09-24,20100000,Promotion
1921,1688,2023-05-14,22130000,Annual Raise
1922,1689,2017-12-05,8420000,Initial
1923,1689,2019-09-12,8870000,Promotion
1924,1689,2021-06-19,9360000,Annual Raise
1925,1689,2023-03-27,9770000,Market Correction
1926,1690,2016-10-21,14350000,Initial
1927,1690,2018-06-11,15300000,Annual Raise
1928,1690,2020-01-31,16650000,Market Correction
1929,1690,2021-09-21,17500000,Market Correction
1930,1690,2023-05-13,18550000,Annual Raise
1931,1691,2018-10-16,11970000,Initial
1932,1691,2020-05-05,13290000,Market Correction
1933,1691,2021-11-23,14290000,Market Correction
1934,1691,2023-06-13,15090000,Adjustment
1935,1692,2019-11-02,18730000,Initial
1936,1692,2021-07-23,20820000,Promotion
1937,1692,2023-04-13,22490000,Annual Raise
1938,1693,2016-10-05,10320000,Initial
1939,1693,2018-11-12,10790000,Adjustment
1940,1694,2022-10-26,21440000,Initial
1941,1695,2018-05-03,14120000,Initial
1942,1695,2020-01-01,15320000,Annual Raise
1943,1695,2021-09-01,16440000,Annual Raise
1944,1695,2023-05-03,17770000,Market Correction
1945,1696,2016-09-21,23230000,Initial
1946,1697,2017-03-28,8970000,Initial
1947,1697,2018-10-16,9380000,Adjustment
1948,1697,2020-05-05,10170000,Promotion
1949,1697,2021-11-23,11250000,Annual Raise
1950,1697,2023-06-13,11730000,Adjustment
1951,1698,2015-12-02,29850000,Initial
1952,1698,2017-06-07,32850000,Annual Raise
1953,1698,2018-12-12,35520000,Promotion
1954,1698,2020-06-17,37340000,Market Correction
1955,1698,2021-12-22,40350000,Annual Raise
1956,1698,2023-06-28,42400000,Annual Raise
1957,1699,2020-04-12,8200000,Initial
1958,1699,2021-11-08,9080000,Market Correction
1959,1699,2023-06-06,9960000,Annual Raise
1960,1700,2017-01-27,14580000,Initial
1961,1700,2018-08-29,15950000,Promotion
1962,1700,2020-03-30,17070000,Market Correction
1963,1700,2021-10-30,18410000,Adjustment
1964,1700,2023-06-01,20280000,Annual Raise
1965,1701,2015-07-02,30620000,Initial
1966,1701,2017-01-30,34030000,Market Correction
1967,1701,2018-09-01,36240000,Annual Raise
1968,1701,2020-04-01,40560000,Promotion
1969,1701,2021-11-01,45210000,Annual Raise
1970,1701,2023-06-02,50280000,Annual Raise
1971,1702,2021-04-30,9790000,Initial
1972,1703,2023-06-26,13230000,Initial
1973,1704,2024-03-06,28270000,Initial
1974,1705,2021-06-03,28400000,Initial
1975,1705,2023-03-19,29850000,Annual Raise
1976,1706,2024-07-29,37330000,Initial
1977,1707,2016-05-07,27180000,Initial
1978,1707,2018-01-29,29540000,Market Correction
1979,1707,2019-10-23,30920000,Promotion
1980,1707,2021-07-16,33640000,Market Correction
1981,1707,2023-04-09,35350000,Promotion
1982,1708,2017-05-17,19290000,Initial
1983,1708,2018-11-25,20790000,Promotion
1984,1708,2020-06-04,21960000,Market Correction
1985,1708,2021-12-13,22990000,Promotion
1986,1708,2023-06-23,24060000,Adjustment
1987,1709,2022-08-30,11800000,Initial
1988,1710,2018-08-02,12950000,Initial
1989,1710,2020-03-10,13770000,Adjustment
1990,1710,2021-10-17,15280000,Adjustment
1991,1710,2023-05-26,16630000,Annual Raise
1992,1711,2021-03-11,8850000,Initial
1993,1711,2023-02-05,9760000,Annual Raise
1994,1712,2023-10-27,21690000,Initial
1995,1713,2016-04-05,20830000,Initial
1996,1713,2018-01-03,23300000,Market Correction
1997,1713,2019-10-04,24270000,Promotion
1998,1713,2021-07-03,26110000,Adjustment
1999,1713,2023-04-03,28090000,Promotion
2000,1714,2016-03-08,12160000,Initial
2001,1714,2017-12-12,13240000,Market Correction
2002,1714,2019-09-17,14490000,Adjustment
2003,1714,2021-06-22,15810000,Annual Raise
2004,1714,2023-03-28,16640000,Annual Raise
2005,1715,2024-11-04,12970000,Initial
2006,1716,2015-06-03,46310000,Initial
2007,1716,2017-01-06,50610000,Market Correction
2008,1716,2018-08-12,52810000,Annual Raise
2009,1716,2020-03-18,56010000,Market Correction
2010,1716,2021-10-22,60150000,Annual Raise
2011,1716,2023-05-28,67150000,Market Correction
2012,1717,2015-06-08,27260000,Initial
2013,1717,2017-01-10,29100000,Annual Raise
2014,1717,2018-08-16,30320000,Promotion
2015,1717,2020-03-20,32550000,Market Correction
2016,1717,2021-10-24,34340000,Market Correction
2017,1717,2023-05-29,38220000,Market Correction
2018,1718,2023-05-13,48750000,Initial
2019,1719,2018-10-15,18610000,Initial
2020,1719,2020-05-04,20010000,Promotion
2021,1719,2021-11-23,20820000,Annual Raise
2022,1719,2023-06-13,22910000,Annual Raise
2023,1720,2024-08-16,38840000,Initial
2024,1721,2016-07-04,31080000,Initial
2025,1721,2018-03-16,33320000,Promotion
2026,1721,2019-11-27,35130000,Annual Raise
2027,1721,2021-08-08,38550000,Promotion
2028,1721,2023-04-21,41070000,Annual Raise
2029,1722,2018-01-08,11620000,Initial
2030,1722,2019-10-07,12370000,Market Correction
2031,1722,2021-07-06,13610000,Annual Raise
2032,1722,2023-04-04,14550000,Promotion
2033,1723,2019-12-15,40300000,Initial
2034,1724,2024-03-16,29140000,Initial
2035,1725,2016-07-09,22950000,Initial
2036,1725,2018-03-20,25700000,Market Correction
2037,1725,2019-11-30,27960000,Promotion
2038,1725,2021-08-10,29700000,Adjustment
2039,1725,2023-04-22,33170000,Adjustment
2040,1726,2016-12-12,11240000,Initial
2041,1727,2015-07-27,18450000,Initial
2042,1727,2017-02-20,19730000,Adjustment
2043,1727,2018-09-17,20830000,Promotion
2044,1727,2020-04-14,22560000,Adjustment
2045,1727,2021-11-09,24020000,Market Correction
2046,1727,2023-06-06,26700000,Promotion
2047,1728,2024-03-27,19760000,Initial
2048,1729,2022-08-22,40140000,Initial
2049,1730,2024-10-05,18370000,Initial
2050,1731,2024-05-24,17660000,Initial
2051,1732,2018-03-13,20960000,Initial
2052,1733,2024-08-11,14840000,Initial
2053,1734,2022-04-22,13230000,Initial
2054,1735,2020-04-25,11730000,Initial
2055,1735,2021-11-16,12230000,Adjustment
2056,1735,2023-06-10,13150000,Adjustment
2057,1736,2017-07-05,29920000,Initial
2058,1736,2019-05-20,31460000,Market Correction
2059,1736,2021-04-03,35090000,Annual Raise
2060,1736,2023-02-16,36960000,Annual Raise
2061,1737,2019-10-02,11150000,Initial
2062,1737,2021-07-02,12380000,Promotion
2063,1737,2023-04-02,12920000,Annual Raise
2064,1738,2020-03-26,13770000,Initial
2065,1738,2021-10-27,14410000,Adjustment
2066,1738,2023-05-31,15520000,Promotion
2067,1739,2021-07-22,20730000,Initial
2068,1739,2023-03-27,22680000,Adjustment
2069,1740,2021-04-18,41410000,Initial
2070,1740,2023-02-24,45200000,Promotion
2071,1741,2020-05-27,24530000,Initial
2072,1742,2017-12-05,21400000,Initial
2073,1742,2019-09-12,23160000,Adjustment
2074,1742,2021-06-19,25270000,Promotion
2075,1742,2023-03-27,27820000,Market Correction
2076,1743,2020-10-19,21690000,Initial
2077,1743,2022-11-25,23940000,Annual Raise
2078,1744,2022-05-29,21800000,Initial
2079,1745,2018-04-25,15490000,Initial
2080,1745,2019-12-26,17030000,Annual Raise
2081,1745,2021-08-28,18650000,Promotion
2082,1745,2023-05-01,19400000,Promotion
2083,1746,2021-07-16,34740000,Initial
2084,1746,2023-04-09,38200000,Market Correction
2085,1747,2023-02-23,93770000,Initial
2086,1748,2022-07-14,19680000,Initial
2087,1749,2018-04-18,35410000,Initial
2088,1749,2019-12-21,38380000,Adjustment
2089,1749,2021-08-25,41260000,Promotion
2090,1749,2023-04-29,44430000,Annual Raise
2091,1750,2022-08-16,22460000,Initial
2092,1751,2017-07-03,14630000,Initial
2093,1751,2019-05-18,15720000,Promotion
2094,1751,2021-04-02,17300000,Adjustment
2095,1751,2023-02-16,18890000,Market Correction
2096,1752,2019-03-03,15170000,Initial
2097,1752,2021-02-10,15990000,Market Correction
2098,1752,2023-01-21,17130000,Annual Raise
2099,1753,2020-04-11,28820000,Initial
2100,1753,2022-04-20,31870000,Promotion
2101,1754,2020-04-18,28310000,Initial
2102,1754,2021-11-12,30160000,Market Correction
2103,1754,2023-06-08,31890000,Market Correction
2104,1755,2020-12-10,14460000,Initial
2105,1755,2022-12-21,15400000,Annual Raise
2106,1756,2016-07-16,14020000,Initial
2107,1756,2018-03-26,15400000,Promotion
2108,1756,2019-12-04,17010000,Adjustment
2109,1756,2021-08-13,18570000,Promotion
2110,1756,2023-04-23,19490000,Market Correction
2111,1757,2016-08-09,56510000,Initial
2112,1757,2018-04-14,61640000,Adjustment
2113,1757,2019-12-18,67960000,Promotion
2114,1757,2021-08-23,71650000,Adjustment
2115,1757,2023-04-28,77420000,Annual Raise
2116,1758,2020-06-20,16210000,Initial
2117,1758,2021-12-24,16950000,Adjustment
2118,1758,2023-06-29,18750000,Adjustment
2119,1759,2015-01-20,10120000,Initial
2120,1759,2016-09-16,11320000,Promotion
2121,1759,2018-05-15,12290000,Market Correction
2122,1759,2020-01-11,13410000,Adjustment
2123,1759,2021-09-07,14050000,Annual Raise
2124,1759,2023-05-06,14900000,Market Correction
2125,1760,2021-06-18,37640000,Initial
2126,1760,2023-03-26,41720000,Adjustment
2127,1761,2016-06-14,58730000,Initial
2128,1761,2018-02-28,61400000,Adjustment
2129,1761,2019-11-15,67900000,Annual Raise
2130,1761,2021-07-31,73820000,Promotion
2131,1761,2023-04-17,80200000,Market Correction
2132,1762,2020-05-09,16730000,Initial
2133,1762,2021-11-26,17830000,Adjustment
2134,1762,2023-06-15,19180000,Promotion
2135,1763,2015-02-27,15370000,Initial
2136,1763,2016-10-18,17090000,Annual Raise
2137,1763,2018-06-09,18360000,Adjustment
2138,1763,2020-01-30,19570000,Market Correction
2139,1763,2021-09-20,21720000,Market Correction
2140,1763,2023-05-12,24200000,Promotion
2141,1764,2022-01-10,37580000,Initial
2142,1765,2018-07-02,22120000,Initial
2143,1765,2020-02-15,24050000,Adjustment
2144,1765,2021-10-01,25820000,Adjustment
2145,1765,2023-05-18,27610000,Market Correction
2146,1766,2016-11-15,31510000,Initial
2147,1767,2023-03-01,22970000,Initial
2148,1768,2018-11-04,8560000,Initial
2149,1768,2020-05-19,9520000,Market Correction
2150,1768,2021-12-03,10300000,Promotion
2151,1768,2023-06-18,11400000,Promotion
2152,1769,2016-11-06,12420000,Initial
2153,1769,2018-06-24,13370000,Promotion
2154,1769,2020-02-10,14620000,Promotion
2155,1769,2021-09-27,15600000,Market Correction
2156,1769,2023-05-16,17310000,Annual Raise
2157,1770,2023-02-26,14360000,Initial
2158,1771,2016-05-19,33380000,Initial
2159,1771,2018-02-07,36090000,Market Correction
2160,1771,2019-10-30,38860000,Market Correction
2161,1771,2021-07-21,42320000,Market Correction
2162,1771,2023-04-12,47150000,Market Correction
2163,1772,2024-10-30,10990000,Initial
2164,1773,2022-06-04,27440000,Initial
2165,1774,2019-12-25,14480000,Initial
2166,1774,2021-08-27,16030000,Adjustment
2167,1774,2023-04-30,17220000,Annual Raise
2168,1775,2017-04-21,16490000,Initial
2169,1775,2018-11-04,17720000,Promotion
2170,1775,2020-05-19,19240000,Adjustment
2171,1775,2021-12-03,20650000,Adjustment
2172,1775,2023-06-18,21640000,Market Correction
2173,1776,2022-06-03,13570000,Initial
2174,1777,2019-09-12,11080000,Initial
2175,1777,2021-06-19,11660000,Promotion
2176,1777,2023-03-27,12280000,Promotion
2177,1778,2018-03-03,27510000,Initial
2178,1778,2019-11-17,28930000,Annual Raise
2179,1778,2021-08-02,30150000,Adjustment
2180,1778,2023-04-18,31620000,Promotion
2181,1779,2023-09-22,21610000,Initial
2182,1780,2022-11-21,16590000,Initial
2183,1781,2017-04-30,12280000,Initial
2184,1781,2018-11-11,13010000,Market Correction
2185,1781,2020-05-25,14350000,Promotion
2186,1781,2021-12-06,15590000,Promotion
2187,1781,2023-06-20,16780000,Market Correction
2188,1782,2015-02-22,31810000,Initial
2189,1782,2016-10-14,34940000,Promotion
2190,1782,2018-06-06,36950000,Annual Raise
2191,1782,2020-01-27,40860000,Market Correction
2192,1782,2021-09-18,42920000,Market Correction
2193,1782,2023-05-11,45700000,Market Correction
2194,1783,2016-09-02,26070000,Initial
2195,1783,2018-05-03,27440000,Annual Raise
2196,1783,2020-01-02,28640000,Market Correction
2197,1783,2021-09-01,31860000,Market Correction
2198,1783,2023-05-03,35630000,Promotion
2199,1784,2017-11-14,21500000,Initial
2200,1784,2019-08-27,23470000,Promotion
2201,1784,2021-06-08,24810000,Adjustment
2202,1784,2023-03-21,26340000,Market Correction
2203,1785,2017-12-17,60660000,Initial
2204,1785,2019-09-21,67100000,Promotion
2205,1785,2021-06-25,70810000,Promotion
2206,1785,2023-03-30,76720000,Promotion
2207,1786,2024-07-22,32330000,Initial
2208,1787,2016-01-25,22570000,Initial
2209,1787,2017-11-07,24690000,Adjustment
2210,1787,2019-08-22,25990000,Market Correction
2211,1787,2021-06-05,28350000,Market Correction
2212,1787,2023-03-20,30710000,Market Correction
2213,1788,2022-06-10,35020000,Initial
2214,1789,2021-12-21,14910000,Initial
2215,1789,2023-06-27,15600000,Market Correction
2216,1790,2017-01-19,35960000,Initial
2217,1790,2018-09-17,39040000,Market Correction
2218,1790,2020-05-15,42970000,Promotion
2219,1791,2022-09-26,15710000,Initial
2220,1792,2016-04-08,32900000,Initial
2221,1792,2017-12-30,35090000,Adjustment
2222,1792,2019-09-22,36660000,Market Correction
2223,1792,2021-06-14,38450000,Annual Raise
2224,1792,2023-03-07,40430000,Adjustment
2225,1793,2016-02-29,50940000,Initial
2226,1793,2017-12-05,53260000,Annual Raise
2227,1793,2019-09-12,59340000,Promotion
2228,1793,2021-06-19,62340000,Adjustment
2229,1793,2023-03-27,65930000,Promotion
2230,1794,2017-01-12,50410000,Initial
2231,1794,2018-08-17,54310000,Annual Raise
2232,1794,2020-03-21,58920000,Adjustment
2233,1794,2021-10-24,65530000,Promotion
2234,1794,2023-05-29,73050000,Annual Raise
2235,1795,2020-06-01,28130000,Initial
2236,1795,2021-12-11,29360000,Adjustment
2237,1795,2023-06-22,31590000,Promotion
2238,1796,2015-07-08,34940000,Initial
2239,1796,2017-01-30,36440000,Promotion
2240,1796,2018-08-25,40640000,Annual Raise
2241,1796,2020-03-20,44260000,Promotion
2242,1796,2021-10-13,48670000,Promotion
2243,1797,2022-07-06,19840000,Initial
2244,1798,2019-11-08,39620000,Initial
2245,1798,2021-07-27,42300000,Market Correction
2246,1798,2023-04-15,44760000,Annual Raise
2247,1799,2016-08-31,11010000,Initial
2248,1799,2018-05-02,11730000,Annual Raise
2249,1799,2020-01-01,12880000,Annual Raise
2250,1799,2021-09-01,14130000,Annual Raise
2251,1799,2023-05-03,15650000,Adjustment
2252,1800,2015-02-17,11450000,Initial
2253,1800,2016-10-10,12550000,Adjustment
2254,1800,2018-06-03,13810000,Annual Raise
2255,1800,2020-01-25,15180000,Market Correction
2256,1800,2021-09-17,16050000,Market Correction
2257,1800,2023-05-11,17330000,Promotion
2258,1801,2024-07-21,42750000,Initial
2259,1802,2018-08-06,12590000,Initial
2260,1802,2020-03-13,13460000,Annual Raise
2261,1802,2021-10-19,14680000,Adjustment
2262,1802,2023-05-27,16000000,Promotion
2263,1803,2021-03-04,34190000,Initial
2264,1803,2023-02-01,38140000,Annual Raise
2265,1804,2020-02-24,25510000,Initial
2266,1804,2021-10-07,27700000,Adjustment
2267,1804,2023-05-21,28930000,Annual Raise
2268,1805,2020-01-06,33400000,Initial
2269,1805,2021-09-04,36220000,Promotion
2270,1805,2023-05-04,38720000,Adjustment
2271,1806,2016-02-25,23370000,Initial
2272,1806,2017-12-02,24830000,Annual Raise
2273,1806,2019-09-10,26470000,Annual Raise
2274,1806,2021-06-17,29090000,Promotion
2275,1806,2023-03-26,32240000,Market Correction
2276,1807,2024-04-05,17120000,Initial
2277,1808,2022-05-05,34530000,Initial
2278,1809,2024-02-27,25510000,Initial
2279,1810,2023-01-14,21950000,Initial
2280,1811,2023-07-08,26010000,Initial
2281,1812,2021-02-21,7340000,Initial
2282,1812,2023-01-27,8210000,Adjustment
2283,1813,2020-07-09,14080000,Initial
2284,1814,2017-02-07,29050000,Initial
2285,1814,2018-09-26,30660000,Promotion
2286,1814,2020-05-14,34030000,Market Correction
2287,1815,2023-01-14,28700000,Initial
2288,1816,2023-08-29,13550000,Initial
2289,1817,2020-08-05,5870000,Initial
2290,1818,2020-09-13,12240000,Initial
2291,1818,2022-11-07,12980000,Promotion
2292,1819,2023-03-12,16410000,Initial
2293,1820,2020-08-26,25250000,Initial
2294,1820,2022-10-29,27780000,Annual Raise
2295,1821,2018-01-25,25040000,Initial
2296,1821,2019-10-20,28030000,Market Correction
2297,1821,2021-07-14,30540000,Adjustment
2298,1821,2023-04-08,33050000,Market Correction
2299,1822,2024-01-10,14730000,Initial
2300,1823,2024-06-15,18040000,Initial
2301,1824,2017-04-02,22040000,Initial
2302,1824,2018-10-20,24070000,Adjustment
2303,1824,2020-05-08,25240000,Promotion
2304,1824,2021-11-25,26830000,Promotion
2305,1824,2023-06-14,28160000,Adjustment
2306,1825,2022-07-17,33930000,Initial
2307,1826,2022-12-19,24570000,Initial
2308,1827,2022-07-24,20540000,Initial
2309,1828,2024-01-24,26940000,Initial
2310,1829,2022-07-08,27770000,Initial
2311,1830,2016-08-22,56450000,Initial
2312,1830,2018-04-24,63010000,Annual Raise
2313,1830,2019-12-26,68300000,Adjustment
2314,1830,2021-08-28,72460000,Promotion
2315,1830,2023-05-01,81030000,Annual Raise
2316,1831,2023-06-14,40990000,Initial
2317,1832,2021-11-28,20580000,Initial
2318,1832,2023-06-16,22320000,Promotion
2319,1833,2023-04-29,21280000,Initial
2320,1834,2022-10-09,25900000,Initial
2321,1835,2021-03-11,52130000,Initial
2322,1836,2024-04-22,19860000,Initial
2323,1837,2023-06-20,16250000,Initial
2324,1838,2018-04-19,17420000,Initial
2325,1838,2019-12-22,18340000,Promotion
2326,1838,2021-08-25,19230000,Adjustment
2327,1838,2023-04-29,20920000,Promotion
2328,1839,2023-03-30,29000000,Initial
2329,1840,2021-03-29,18490000,Initial
2330,1840,2023-02-14,19710000,Annual Raise
2331,1841,2015-01-24,16760000,Initial
2332,1841,2016-09-20,17680000,Market Correction
2333,1841,2018-05-18,19700000,Market Correction
2334,1841,2020-01-13,21850000,Market Correction
2335,1841,2021-09-09,23880000,Annual Raise
2336,1841,2023-05-07,25140000,Adjustment
2337,1842,2016-09-21,25470000,Initial
2338,1842,2018-05-18,27340000,Market Correction
2339,1842,2020-01-13,29540000,Promotion
2340,1842,2021-09-09,32560000,Annual Raise
2341,1842,2023-05-07,36110000,Adjustment
2342,1843,2020-07-02,17540000,Initial
2343,1843,2022-01-01,19030000,Market Correction
2344,1843,2023-07-03,20220000,Promotion
2345,1844,2020-11-22,23320000,Initial
2346,1844,2022-12-12,25030000,Annual Raise
2347,1845,2019-08-31,16360000,Initial
2348,1845,2021-06-11,18070000,Annual Raise
2349,1845,2023-03-23,18830000,Market Correction
2350,1846,2024-11-27,19300000,Initial
2351,1847,2017-06-13,13160000,Initial
2352,1847,2018-12-16,14500000,Adjustment
2353,1847,2020-06-20,15910000,Promotion
2354,1847,2021-12-24,16610000,Annual Raise
2355,1847,2023-06-29,17330000,Market Correction
2356,1848,2016-04-14,14460000,Initial
2357,1848,2018-01-10,15560000,Market Correction
2358,1848,2019-10-09,17190000,Market Correction
2359,1848,2021-07-07,18380000,Annual Raise
2360,1848,2023-04-05,20190000,Market Correction
2361,1849,2015-06-13,21390000,Initial
2362,1849,2017-01-14,23400000,Adjustment
2363,1849,2018-08-19,24410000,Market Correction
2364,1849,2020-03-23,26940000,Promotion
2365,1849,2021-10-25,28750000,Adjustment
2366,1849,2023-05-30,30940000,Annual Raise
2367,1850,2019-04-30,12010000,Initial
2368,1850,2021-03-21,13310000,Adjustment
2369,1850,2023-02-10,14470000,Promotion
2370,1851,2020-10-07,35940000,Initial
2371,1851,2022-11-19,39820000,Adjustment
2372,1852,2022-04-22,28970000,Initial
2373,1853,2016-11-16,17100000,Initial
2374,1853,2018-07-02,19130000,Market Correction
2375,1853,2020-02-16,20220000,Adjustment
2376,1853,2021-10-01,22440000,Annual Raise
2377,1853,2023-05-18,24170000,Promotion
2378,1854,2017-05-13,24230000,Initial
2379,1854,2018-11-22,26960000,Adjustment
2380,1854,2020-06-02,30100000,Promotion
2381,1854,2021-12-12,31400000,Annual Raise
2382,1854,2023-06-23,33490000,Promotion
2383,1855,2024-05-15,15410000,Initial
2384,1856,2022-04-02,11580000,Initial
2385,1857,2015-04-08,17880000,Initial
2386,1857,2016-11-20,18650000,Market Correction
2387,1857,2018-07-06,20630000,Adjustment
2388,1857,2020-02-19,21710000,Market Correction
2389,1857,2021-10-03,23130000,Annual Raise
2390,1857,2023-05-19,24100000,Annual Raise
2391,1858,2015-08-11,31130000,Initial
2392,1858,2017-04-07,32500000,Annual Raise
2393,1859,2017-11-25,23330000,Initial
2394,1859,2019-09-04,25610000,Market Correction
2395,1859,2021-06-14,27100000,Market Correction
2396,1859,2023-03-24,28920000,Market Correction
2397,1860,2018-07-19,30810000,Initial
2398,1861,2023-06-24,15230000,Initial
2399,1862,2019-01-05,29630000,Initial
2400,1862,2021-01-03,31480000,Promotion
2401,1862,2023-01-02,34170000,Promotion
2402,1863,2021-10-20,26170000,Initial
2403,1864,2020-04-25,30200000,Initial
2404,1865,2022-02-10,31040000,Initial
2405,1866,2015-02-15,17700000,Initial
2406,1866,2016-10-08,18550000,Annual Raise
2407,1866,2018-06-01,19390000,Market Correction
2408,1866,2020-01-24,21070000,Adjustment
2409,1866,2021-09-16,22550000,Annual Raise
2410,1866,2023-05-10,24690000,Promotion
2411,1867,2015-01-21,21330000,Initial
2412,1867,2016-09-17,22650000,Market Correction
2413,1867,2018-05-16,24320000,Annual Raise
2414,1867,2020-01-11,26340000,Promotion
2415,1867,2021-09-08,27620000,Annual Raise
2416,1867,2023-05-06,30180000,Promotion
2417,1868,2018-06-02,21200000,Initial
2418,1868,2020-08-04,22770000,Adjustment
2419,1869,2016-10-21,14550000,Initial
2420,1869,2018-06-11,15700000,Annual Raise
2421,1869,2020-01-31,17530000,Promotion
2422,1869,2021-09-21,18900000,Market Correction
2423,1869,2023-05-13,20960000,Promotion
2424,1870,2016-04-14,20700000,Initial
2425,1870,2018-01-10,22610000,Promotion
2426,1870,2019-10-09,24280000,Market Correction
2427,1870,2021-07-07,27130000,Annual Raise
2428,1870,2023-04-05,29300000,Promotion
2429,1871,2022-03-25,40980000,Initial
2430,1872,2016-02-07,21000000,Initial
2431,1872,2017-11-18,22620000,Adjustment
2432,1872,2019-08-30,24400000,Promotion
2433,1872,2021-06-10,26620000,Adjustment
2434,1872,2023-03-22,29520000,Adjustment
2435,1873,2019-01-02,16480000,Initial
2436,1873,2021-02-01,17430000,Adjustment
2437,1874,2017-03-03,10040000,Initial
2438,1874,2018-09-26,11220000,Market Correction
2439,1874,2020-04-20,11940000,Adjustment
2440,1874,2021-11-13,12570000,Annual Raise
2441,1874,2023-06-08,14050000,Adjustment
2442,1875,2022-10-11,32620000,Initial
2443,1876,2019-10-21,20210000,Initial
2444,1876,2021-07-15,21350000,Market Correction
2445,1876,2023-04-09,23130000,Market Correction
2446,1877,2022-12-27,43360000,Initial
2447,1878,2016-07-04,30030000,Initial
2448,1878,2018-03-16,31770000,Annual Raise
2449,1878,2019-11-27,35570000,Market Correction
2450,1878,2021-08-08,39710000,Market Correction
2451,1878,2023-04-21,43530000,Promotion
2452,1879,2019-12-30,18830000,Initial
2453,1879,2021-08-30,19670000,Promotion
2454,1879,2023-05-02,22010000,Adjustment
2455,1880,2016-12-20,7650000,Initial
2456,1880,2018-07-29,8510000,Annual Raise
2457,1880,2020-03-07,9420000,Annual Raise
2458,1880,2021-10-15,10040000,Market Correction
2459,1880,2023-05-25,10990000,Market Correction
2460,1881,2021-01-15,41670000,Initial
2461,1882,2024-07-11,32570000,Initial
2462,1883,2023-08-17,32150000,Initial
2463,1884,2022-05-02,49360000,Initial
2464,1885,2016-07-02,23090000,Initial
2465,1885,2018-03-15,25210000,Adjustment
2466,1885,2019-11-26,27730000,Annual Raise
2467,1885,2021-08-08,28880000,Annual Raise
2468,1885,2023-04-21,31990000,Market Correction
2469,1886,2020-08-18,35610000,Initial
2470,1887,2020-01-02,19850000,Initial
2471,1887,2021-09-01,21460000,Annual Raise
2472,1887,2023-05-03,22330000,Adjustment
2473,1888,2023-04-03,18050000,Initial
2474,1889,2017-08-07,21990000,Initial
2475,1889,2019-02-22,23730000,Annual Raise
2476,1889,2020-09-08,25460000,Market Correction
2477,1890,2020-10-22,19060000,Initial
2478,1890,2022-11-27,19940000,Promotion
2479,1891,2024-11-19,15770000,Initial
2480,1892,2024-05-12,32840000,Initial
2481,1893,2019-03-23,33370000,Initial
2482,1893,2021-02-23,35300000,Promotion
2483,1893,2023-01-28,36900000,Adjustment
2484,1894,2020-10-17,12610000,Initial
2485,1894,2022-11-24,13350000,Annual Raise
2486,1895,2024-03-01,14870000,Initial
2487,1896,2020-08-17,13390000,Initial
2488,1896,2022-10-25,14820000,Adjustment
2489,1897,2020-10-08,13180000,Initial
2490,1897,2022-11-20,14370000,Adjustment
2491,1898,2019-01-23,39750000,Initial
2492,1898,2021-01-15,42110000,Market Correction
2493,1898,2023-01-08,46700000,Promotion
2494,1899,2024-02-05,33890000,Initial
2495,1900,2020-05-16,52250000,Initial
2496,1900,2021-11-30,55570000,Adjustment
2497,1900,2023-06-17,60560000,Annual Raise
2498,1901,2015-04-02,12450000,Initial
2499,1901,2016-11-15,13100000,Annual Raise
2500,1901,2018-07-02,13970000,Adjustment
2501,1901,2020-02-16,14750000,Annual Raise
2502,1901,2021-10-01,16470000,Adjustment
2503,1901,2023-05-18,17790000,Adjustment
2504,1902,2016-07-05,8290000,Initial
2505,1902,2018-03-17,8760000,Annual Raise
2506,1902,2019-11-27,9360000,Annual Raise
2507,1902,2021-08-09,10270000,Adjustment
2508,1902,2023-04-21,11160000,Market Correction
2509,1903,2015-08-18,17010000,Initial
2510,1903,2017-03-10,17950000,Adjustment
2511,1903,2018-10-02,18910000,Adjustment
2512,1903,2020-04-25,19670000,Market Correction
2513,1903,2021-11-16,20640000,Adjustment
2514,1903,2023-06-10,21540000,Promotion
2515,1904,2021-09-20,24040000,Initial
2516,1904,2023-05-12,25430000,Annual Raise
2517,1905,2015-12-18,43000000,Initial
2518,1905,2017-10-14,47880000,Market Correction
2519,1905,2019-08-11,53010000,Annual Raise
2520,1905,2021-06-07,58580000,Market Correction
2521,1906,2017-06-17,19630000,Initial
2522,1906,2018-12-20,21800000,Market Correction
2523,1906,2020-06-23,22780000,Annual Raise
2524,1906,2021-12-26,24690000,Annual Raise
2525,1906,2023-06-30,26480000,Adjustment
2526,1907,2021-12-27,23110000,Initial
2527,1907,2023-06-30,24250000,Annual Raise
2528,1908,2020-02-01,26880000,Initial
2529,1908,2021-09-21,28710000,Promotion
2530,1908,2023-05-13,31890000,Annual Raise
2531,1909,2016-06-25,28720000,Initial
2532,1910,2024-04-08,9050000,Initial
2533,1911,2024-11-04,18650000,Initial
2534,1912,2020-05-29,18820000,Initial
2535,1912,2021-12-09,20910000,Adjustment
2536,1912,2023-06-21,21900000,Adjustment
2537,1913,2023-09-09,17750000,Initial
2538,1914,2024-10-23,35170000,Initial
2539,1915,2023-11-09,38070000,Initial
2540,1916,2019-10-09,24890000,Initial
2541,1916,2021-07-07,26910000,Adjustment
2542,1916,2023-04-05,29740000,Annual Raise
2543,1917,2018-03-06,10430000,Initial
2544,1917,2019-11-19,11230000,Adjustment
2545,1917,2021-08-03,12120000,Annual Raise
2546,1917,2023-04-18,13050000,Promotion
2547,1918,2015-01-23,36520000,Initial
2548,1918,2016-09-19,39420000,Promotion
2549,1918,2018-05-17,41900000,Promotion
2550,1918,2020-01-12,45280000,Annual Raise
2551,1918,2021-09-08,50250000,Annual Raise
2552,1918,2023-05-06,55620000,Promotion
2553,1919,2020-10-29,14720000,Initial
2554,1919,2022-11-28,15520000,Market Correction
2555,1920,2019-08-02,8290000,Initial
2556,1920,2021-05-22,8770000,Market Correction
2557,1920,2023-03-13,9700000,Promotion
2558,1921,2017-12-06,22150000,Initial
2559,1921,2019-09-12,24570000,Annual Raise
2560,1921,2021-06-19,25950000,Promotion
2561,1921,2023-03-27,27370000,Adjustment
2562,1922,2022-08-19,44150000,Initial
2563,1923,2017-01-02,14040000,Initial
2564,1923,2018-08-09,15050000,Market Correction
2565,1923,2020-03-15,16080000,Adjustment
2566,1923,2021-10-20,17610000,Annual Raise
2567,1923,2023-05-27,19120000,Market Correction
2568,1924,2021-06-24,42880000,Initial
2569,1924,2023-03-29,45290000,Annual Raise
2570,1925,2024-08-03,15710000,Initial
2571,1926,2023-10-13,16820000,Initial
2572,1927,2023-10-25,16960000,Initial
2573,1928,2016-10-20,17850000,Initial
2574,1928,2018-06-11,18830000,Promotion
2575,1928,2020-01-31,19980000,Market Correction
2576,1928,2021-09-21,21700000,Adjustment
2577,1928,2023-05-13,23200000,Promotion
2578,1929,2024-03-26,12290000,Initial
2579,1930,2017-06-27,20720000,Initial
2580,1930,2018-12-28,21900000,Adjustment
2581,1930,2020-06-29,23760000,Annual Raise
2582,1930,2021-12-30,25430000,Market Correction
2583,1930,2023-07-02,26640000,Adjustment
2584,1931,2019-06-30,29530000,Initial
2585,1931,2021-04-30,30940000,Market Correction
2586,1931,2023-03-02,32260000,Promotion
2587,1932,2023-09-04,13980000,Initial
2588,1933,2017-04-06,27340000,Initial
2589,1933,2018-10-23,29460000,Promotion
2590,1933,2020-05-10,32230000,Promotion
2591,1933,2021-11-27,36020000,Adjustment
2592,1933,2023-06-15,38410000,Market Correction
2593,1934,2023-10-17,33560000,Initial
2594,1935,2022-07-23,29520000,Initial
2595,1936,2015-12-22,10510000,Initial
2596,1936,2017-06-23,11280000,Promotion
2597,1936,2018-12-25,12130000,Promotion
2598,1936,2020-06-27,13520000,Annual Raise
2599,1936,2021-12-28,14750000,Promotion
2600,1936,2023-07-01,15730000,Market Correction
2601,1937,2019-07-19,28730000,Initial
2602,1937,2021-05-13,29990000,Adjustment
2603,1937,2023-03-08,32630000,Adjustment
2604,1938,2016-01-05,16850000,Initial
2605,1938,2017-10-22,18370000,Annual Raise
2606,1938,2019-08-10,20080000,Annual Raise
2607,1938,2021-05-28,21580000,Market Correction
2608,1938,2023-03-16,23790000,Market Correction
2609,1939,2018-11-24,34620000,Initial
2610,1939,2020-06-03,36170000,Annual Raise
2611,1939,2021-12-13,40430000,Market Correction
2612,1939,2023-06-23,44270000,Annual Raise
2613,1940,2020-02-06,18410000,Initial
2614,1940,2021-09-25,19630000,Promotion
2615,1940,2023-05-15,21850000,Annual Raise
2616,1941,2019-07-26,29850000,Initial
2617,1941,2021-05-18,31100000,Annual Raise
2618,1941,2023-03-11,32850000,Annual Raise
2619,1942,2018-10-24,17760000,Initial
2620,1942,2020-05-11,18800000,Adjustment
2621,1942,2021-11-27,20510000,Promotion
2622,1942,2023-06-15,22720000,Annual Raise
2623,1943,2022-10-14,49670000,Initial
2624,1944,2023-06-30,27650000,Initial
2625,1945,2020-05-28,22380000,Initial
2626,1946,2022-08-04,20560000,Initial
2627,1947,2020-10-16,18220000,Initial
2628,1947,2022-11-24,19440000,Annual Raise
2629,1948,2018-03-22,6900000,Initial
2630,1948,2020-05-20,7700000,Promotion
2631,1949,2020-05-05,34330000,Initial
2632,1949,2021-11-23,38220000,Promotion
2633,1949,2023-06-13,40870000,Market Correction
2634,1950,2017-01-18,32220000,Initial
2635,1950,2018-08-22,34450000,Market Correction
2636,1950,2020-03-25,35860000,Annual Raise
2637,1950,2021-10-27,39180000,Annual Raise
2638,1950,2023-05-31,42690000,Adjustment
2639,1951,2020-08-05,19220000,Initial
2640,1951,2022-10-19,20910000,Adjustment
2641,1952,2017-04-26,17560000,Initial
2642,1952,2018-11-08,18360000,Adjustment
2643,1952,2020-05-22,19610000,Annual Raise
2644,1952,2021-12-05,21310000,Adjustment
2645,1952,2023-06-19,22510000,Promotion
2646,1953,2016-09-30,14880000,Initial
2647,1953,2018-05-26,15910000,Market Correction
2648,1953,2020-01-19,17040000,Promotion
2649,1953,2021-09-13,18590000,Promotion
2650,1953,2023-05-09,20410000,Annual Raise
2651,1954,2021-11-19,7270000,Initial
2652,1955,2019-03-01,19510000,Initial
2653,1955,2021-02-09,20880000,Annual Raise
2654,1955,2023-01-21,22830000,Market Correction
2655,1956,2020-07-03,10430000,Initial
2656,1956,2022-10-02,11430000,Annual Raise
2657,1957,2023-05-31,23420000,Initial
2658,1958,2020-05-13,20280000,Initial
2659,1958,2021-11-28,21760000,Adjustment
2660,1958,2023-06-16,23890000,Market Correction
2661,1959,2024-08-25,26610000,Initial
2662,1960,2022-10-31,16220000,Initial
2663,1961,2022-07-24,31410000,Initial
2664,1962,2021-11-14,20710000,Initial
2665,1962,2023-06-09,22150000,Promotion
2666,1963,2018-01-08,22310000,Initial
2667,1963,2019-10-07,23940000,Promotion
2668,1963,2021-07-06,26090000,Annual Raise
2669,1963,2023-04-04,28320000,Adjustment
2670,1964,2020-08-04,30390000,Initial
2671,1964,2022-10-18,33740000,Promotion
2672,1965,2019-02-04,30520000,Initial
2673,1965,2021-01-23,33880000,Market Correction
2674,1965,2023-01-12,36500000,Annual Raise
2675,1966,2021-06-16,23310000,Initial
2676,1966,2023-03-25,24650000,Market Correction
2677,1967,2021-03-24,61640000,Initial
2678,1967,2023-02-11,64430000,Market Correction
2679,1968,2020-04-21,5840000,Initial
2680,1968,2021-11-14,6430000,Adjustment
2681,1968,2023-06-09,6860000,Adjustment
2682,1969,2024-07-11,28750000,Initial
2683,1970,2018-05-13,24340000,Initial
2684,1970,2020-01-09,25860000,Adjustment
2685,1970,2021-09-06,28880000,Adjustment
2686,1970,2023-05-05,30690000,Market Correction
2687,1971,2022-09-29,21000000,Initial
2688,1972,2024-05-29,45950000,Initial
2689,1973,2019-01-18,20100000,Initial
2690,1973,2021-01-12,21890000,Annual Raise
2691,1973,2023-01-07,24210000,Promotion
2692,1974,2018-11-10,14050000,Initial
2693,1975,2021-06-20,24310000,Initial
2694,1975,2023-03-27,25680000,Promotion
2695,1976,2018-12-25,14630000,Initial
2696,1976,2020-06-26,15300000,Annual Raise
2697,1976,2021-12-28,16540000,Market Correction
2698,1976,2023-07-01,18380000,Annual Raise
2699,1977,2015-11-18,23560000,Initial
2700,1977,2017-05-26,25850000,Adjustment
2701,1977,2018-12-02,27690000,Market Correction
2702,1977,2020-06-10,29200000,Annual Raise
2703,1977,2021-12-17,32040000,Adjustment
2704,1977,2023-06-25,35340000,Promotion
2705,1978,2024-09-26,32720000,Initial
2706,1979,2024-07-09,8960000,Initial
2707,1980,2018-07-08,11440000,Initial
2708,1980,2020-02-20,12440000,Adjustment
2709,1980,2021-10-04,13720000,Market Correction
2710,1980,2023-05-19,14330000,Market Correction
2711,1981,2018-01-16,20640000,Initial
2712,1981,2019-10-13,22900000,Market Correction
2713,1981,2021-07-10,25050000,Market Correction
2714,1981,2023-04-06,27340000,Promotion
2715,1982,2019-08-23,29100000,Initial
2716,1982,2021-06-05,30560000,Market Correction
2717,1982,2023-03-20,32350000,Promotion
2718,1983,2022-06-04,31580000,Initial
2719,1984,2017-05-12,28010000,Initial
2720,1985,2021-02-24,42200000,Initial
2721,1986,2016-03-01,17050000,Initial
2722,1986,2017-12-06,19060000,Promotion
2723,1986,2019-09-13,20970000,Adjustment
2724,1986,2021-06-19,22350000,Market Correction
2725,1986,2023-03-27,23970000,Annual Raise
2726,1987,2018-06-21,31830000,Initial
2727,1987,2020-02-07,34030000,Adjustment
2728,1987,2021-09-26,37830000,Promotion
2729,1987,2023-05-15,42300000,Annual Raise
2730,1988,2016-06-21,16690000,Initial
2731,1988,2018-03-06,18120000,Promotion
2732,1988,2019-11-19,18990000,Market Correction
2733,1988,2021-08-03,20140000,Annual Raise
2734,1988,2023-04-18,21810000,Adjustment
2735,1989,2024-08-25,16920000,Initial
2736,1990,2021-02-24,5790000,Initial
2737,1990,2023-01-28,6140000,Annual Raise
2738,1991,2022-01-28,29670000,Initial
2739,1992,2018-11-23,23560000,Initial
2740,1992,2020-06-02,24870000,Promotion
2741,1992,2021-12-12,27430000,Adjustment
2742,1992,2023-06-23,28660000,Market Correction
2743,1993,2018-06-15,12690000,Initial
2744,1993,2020-02-03,13340000,Market Correction
2745,1993,2021-09-23,14380000,Annual Raise
2746,1993,2023-05-14,15170000,Promotion
2747,1994,2015-01-01,19380000,Initial
2748,1994,2016-08-31,20800000,Market Correction
2749,1994,2018-05-02,22990000,Market Correction
2750,1994,2020-01-01,25570000,Annual Raise
2751,1994,2021-09-01,28430000,Adjustment
2752,1994,2023-05-03,29730000,Annual Raise
2753,1995,2020-12-31,12630000,Initial
2754,1995,2022-08-16,13440000,Market Correction
2755,1996,2023-12-13,47800000,Initial
2756,1997,2019-08-14,37980000,Initial
2757,1997,2021-05-30,41180000,Promotion
2758,1997,2023-03-17,44870000,Annual Raise
2759,1998,2023-01-07,21380000,Initial
2760,1999,2017-12-13,17200000,Initial
2761,1999,2019-07-16,18310000,Market Correction
2762,2000,2018-03-12,14250000,Initial
2763,2000,2019-11-23,15820000,Market Correction
2764,2000,2021-08-06,17360000,Promotion
2765,2000,2023-04-20,18460000,Market Correction
2766,2001,2017-02-09,16660000,Initial
2767,2001,2018-09-08,18620000,Annual Raise
2768,2001,2020-04-07,19990000,Adjustment
2769,2001,2021-11-04,21630000,Annual Raise
2770,2001,2023-06-04,22870000,Promotion
2771,2002,2022-02-21,93680000,Initial
2772,2003,2017-02-08,30110000,Initial
2773,2003,2018-09-07,33490000,Annual Raise
2774,2003,2020-04-06,35150000,Market Correction
2775,2003,2021-11-04,36710000,Adjustment
2776,2003,2023-06-04,39030000,Annual Raise
2777,2004,2017-01-31,21300000,Initial
2778,2004,2018-09-01,23280000,Annual Raise
2779,2004,2020-04-01,25450000,Annual Raise
2780,2004,2021-11-01,28330000,Promotion
2781,2004,2023-06-02,29760000,Annual Raise
2782,2005,2023-02-26,19160000,Initial
2783,2006,2018-11-01,20790000,Initial
2784,2006,2020-05-17,22550000,Annual Raise
2785,2006,2021-12-01,25190000,Promotion
2786,2006,2023-06-17,26710000,Annual Raise
2787,2007,2022-10-25,14850000,Initial
2788,2008,2015-08-18,14510000,Initial
2789,2008,2017-03-10,16020000,Promotion
2790,2008,2018-10-02,17680000,Annual Raise
2791,2008,2020-04-25,19120000,Promotion
2792,2008,2021-11-16,21400000,Adjustment
2793,2008,2023-06-10,23300000,Promotion
2794,2009,2017-01-13,19370000,Initial
2795,2009,2018-08-18,21670000,Annual Raise
2796,2009,2020-03-22,23100000,Adjustment
2797,2009,2021-10-25,24300000,Adjustment
2798,2009,2023-05-30,26830000,Promotion
2799,2010,2016-05-14,20520000,Initial
2800,2010,2018-02-03,21930000,Promotion
2801,2010,2019-10-27,23300000,Market Correction
2802,2010,2021-07-19,24380000,Adjustment
2803,2010,2023-04-11,25410000,Market Correction
2804,2011,2017-10-09,18380000,Initial
2805,2011,2019-07-31,20130000,Adjustment
2806,2011,2021-05-21,22460000,Promotion
2807,2011,2023-03-12,24890000,Annual Raise
2808,2012,2020-11-04,43540000,Initial
2809,2012,2022-12-03,46880000,Promotion
2810,2013,2018-08-16,43010000,Initial
2811,2014,2017-11-03,11410000,Initial
2812,2014,2019-08-19,12370000,Market Correction
2813,2014,2021-06-03,13080000,Annual Raise
2814,2014,2023-03-19,13960000,Annual Raise
2815,2015,2024-09-07,16320000,Initial
2816,2016,2018-08-22,18580000,Initial
2817,2016,2020-06-07,19460000,Market Correction
2818,2017,2015-02-06,25660000,Initial
2819,2017,2016-09-30,28320000,Annual Raise
2820,2017,2018-05-26,31140000,Promotion
2821,2017,2020-01-19,33590000,Market Correction
2822,2017,2021-09-13,35110000,Adjustment
2823,2017,2023-05-09,36560000,Market Correction
2824,2018,2022-09-20,20060000,Initial
2825,2019,2016-10-07,17970000,Initial
2826,2019,2018-05-31,19510000,Adjustment
2827,2019,2020-01-23,21110000,Adjustment
2828,2019,2021-09-15,22920000,Adjustment
2829,2019,2023-05-10,24180000,Adjustment
2830,2020,2015-09-02,8390000,Initial
2831,2020,2017-03-23,8790000,Promotion
2832,2020,2018-10-12,9250000,Annual Raise
2833,2020,2020-05-02,10290000,Adjustment
2834,2020,2021-11-21,10960000,Adjustment
2835,2020,2023-06-12,12000000,Adjustment
2836,2021,2016-05-30,17680000,Initial
2837,2021,2018-02-16,18720000,Adjustment
2838,2021,2019-11-06,19810000,Adjustment
2839,2021,2021-07-25,21600000,Promotion
2840,2021,2023-04-14,23890000,Annual Raise
2841,2022,2024-01-13,23620000,Initial
2842,2023,2019-01-07,19210000,Initial
2843,2023,2021-01-04,20180000,Annual Raise
2844,2023,2023-01-03,21120000,Annual Raise
2845,2024,2022-12-04,20470000,Initial
2846,2025,2017-02-16,29810000,Initial
2847,2025,2018-09-14,31300000,Annual Raise
2848,2025,2020-04-11,34220000,Market Correction
2849,2025,2021-11-07,38270000,Adjustment
2850,2025,2023-06-05,40360000,Adjustment
2851,2026,2018-02-01,38800000,Initial
2852,2026,2019-10-25,42200000,Promotion
2853,2026,2021-07-18,46730000,Adjustment
2854,2026,2023-04-10,50380000,Adjustment
2855,2027,2015-10-10,16930000,Initial
2856,2027,2017-04-23,17830000,Adjustment
2857,2027,2018-11-06,19150000,Market Correction
2858,2027,2020-05-21,20270000,Market Correction
2859,2027,2021-12-04,22340000,Promotion
2860,2027,2023-06-19,24060000,Promotion
2861,2028,2021-01-27,21640000,Initial
2862,2028,2023-01-14,23110000,Adjustment
2863,2029,2023-03-25,15560000,Initial
2864,2030,2023-09-14,7460000,Initial
2865,2031,2017-02-16,22620000,Initial
2866,2031,2018-09-14,23920000,Promotion
2867,2031,2020-04-11,25880000,Annual Raise
2868,2031,2021-11-07,28570000,Market Correction
2869,2031,2023-06-05,31530000,Market Correction
2870,2032,2021-11-16,17750000,Initial
2871,2032,2023-06-10,19090000,Annual Raise
2872,2033,2016-01-30,46440000,Initial
2873,2033,2017-11-11,51440000,Adjustment
2874,2033,2019-08-25,57530000,Market Correction
2875,2033,2021-06-07,60140000,Market Correction
2876,2033,2023-03-21,66620000,Annual Raise
2877,2034,2017-01-01,19100000,Initial
2878,2034,2018-08-08,20550000,Promotion
2879,2034,2020-03-14,22900000,Market Correction
2880,2034,2021-10-20,24380000,Annual Raise
2881,2034,2023-05-27,26820000,Market Correction
2882,2035,2016-02-09,11330000,Initial
2883,2035,2017-08-23,12550000,Promotion
2884,2035,2019-03-08,13540000,Adjustment
2885,2035,2020-09-19,14570000,Market Correction
2886,2035,2022-04-04,15220000,Annual Raise
2887,2036,2015-07-21,7900000,Initial
2888,2036,2017-02-15,8780000,Market Correction
2889,2036,2018-09-13,9660000,Annual Raise
2890,2036,2020-04-11,10220000,Adjustment
2891,2036,2021-11-07,10920000,Market Correction
2892,2036,2023-06-05,12050000,Promotion
2893,2037,2017-05-04,34160000,Initial
2894,2037,2018-11-14,36370000,Market Correction
2895,2037,2020-05-27,40160000,Market Correction
2896,2037,2021-12-08,44500000,Annual Raise
2897,2037,2023-06-21,48220000,Promotion
2898,2038,2019-01-18,19450000,Initial
2899,2038,2021-01-12,21550000,Promotion
2900,2038,2023-01-07,22520000,Adjustment
2901,2039,2024-03-27,32660000,Initial
2902,2040,2024-05-10,26990000,Initial
2903,2041,2016-02-19,12370000,Initial
2904,2041,2017-11-27,13120000,Annual Raise
2905,2041,2019-09-06,14380000,Adjustment
2906,2041,2021-06-15,15180000,Adjustment
2907,2041,2023-03-25,16140000,Annual Raise
2908,2042,2020-11-25,16040000,Initial
2909,2042,2022-12-14,17580000,Annual Raise
2910,2043,2021-04-06,27900000,Initial
2911,2043,2023-02-18,30870000,Adjustment
2912,2044,2022-07-25,22060000,Initial
2913,2045,2016-11-14,11790000,Initial
2914,2045,2018-07-01,12790000,Promotion
2915,2045,2020-02-15,13490000,Annual Raise
2916,2045,2021-10-01,14810000,Annual Raise
2917,2045,2023-05-18,15780000,Market Correction
2918,2046,2022-05-17,19530000,Initial
2919,2047,2018-07-14,25760000,Initial
2920,2047,2020-02-24,27550000,Promotion
2921,2047,2021-10-07,29560000,Annual Raise
2922,2047,2023-05-21,32530000,Market Correction
2923,2048,2023-07-28,13170000,Initial
2924,2049,2021-04-25,11930000,Initial
2925,2049,2023-02-27,12930000,Market Correction
2926,2050,2019-01-14,20730000,Initial
2927,2050,2021-01-09,21950000,Annual Raise
2928,2050,2023-01-05,23540000,Adjustment
2929,2051,2023-02-22,14270000,Initial
2930,2052,2018-05-21,9240000,Initial
2931,2053,2023-08-27,30200000,Initial
2932,2054,2016-01-22,22510000,Initial
2933,2054,2018-04-19,24030000,Market Correction
2934,2055,2021-07-12,48410000,Initial
2935,2055,2023-04-07,50860000,Annual Raise
2936,2056,2021-05-25,11630000,Initial
2937,2056,2023-03-14,12830000,Adjustment
2938,2057,2023-11-22,7630000,Initial
2939,2058,2021-09-04,22630000,Initial
2940,2058,2023-05-04,25250000,Market Correction
2941,2059,2015-11-18,11530000,Initial
2942,2059,2017-05-26,12570000,Annual Raise
2943,2059,2018-12-02,13770000,Adjustment
2944,2059,2020-06-10,15020000,Promotion
2945,2059,2021-12-17,16070000,Promotion
2946,2059,2023-06-25,17720000,Adjustment
2947,2060,2019-09-03,24060000,Initial
2948,2060,2021-06-13,26600000,Adjustment
2949,2060,2023-03-24,28160000,Annual Raise
2950,2061,2023-05-21,12620000,Initial
2951,2062,2015-08-10,30980000,Initial
2952,2062,2017-03-04,33560000,Promotion
2953,2062,2018-09-27,37300000,Promotion
2954,2062,2020-04-21,39800000,Adjustment
2955,2062,2021-11-14,41780000,Adjustment
2956,2062,2023-06-09,46440000,Market Correction
2957,2063,2018-08-31,9860000,Initial
2958,2063,2020-03-31,10570000,Adjustment
2959,2063,2021-10-31,11520000,Annual Raise
2960,2063,2023-06-02,12870000,Market Correction
2961,2064,2019-12-31,16020000,Initial
2962,2064,2021-08-31,17020000,Adjustment
2963,2064,2023-05-02,18510000,Adjustment
2964,2065,2019-11-05,15300000,Initial
2965,2065,2021-07-25,16160000,Promotion
2966,2065,2023-04-14,17230000,Annual Raise
2967,2066,2015-12-05,28970000,Initial
2968,2066,2017-06-09,30700000,Adjustment
2969,2066,2018-12-14,33760000,Market Correction
2970,2066,2020-06-18,37250000,Annual Raise
2971,2066,2021-12-23,39580000,Adjustment
2972,2066,2023-06-28,42750000,Market Correction
2973,2067,2017-12-11,24870000,Initial
2974,2067,2019-09-16,26820000,Annual Raise
2975,2067,2021-06-22,28640000,Annual Raise
2976,2067,2023-03-28,30890000,Market Correction
2977,2068,2023-07-19,10870000,Initial
2978,2069,2021-04-17,14790000,Initial
2979,2069,2023-02-23,16210000,Market Correction
2980,2070,2015-10-21,16050000,Initial
2981,2070,2017-05-03,17470000,Adjustment
2982,2070,2018-11-14,18550000,Market Correction
2983,2070,2020-05-27,19720000,Promotion
2984,2070,2021-12-08,21250000,Market Correction
2985,2070,2023-06-21,22470000,Adjustment
2986,2071,2016-04-05,44450000,Initial
2987,2071,2018-01-03,49320000,Market Correction
2988,2071,2019-10-04,53770000,Annual Raise
2989,2071,2021-07-03,56700000,Promotion
2990,2071,2023-04-03,59110000,Promotion
2991,2072,2018-08-06,11450000,Initial
2992,2072,2020-03-13,12750000,Adjustment
2993,2072,2021-10-19,14060000,Market Correction
2994,2072,2023-05-27,15200000,Adjustment
2995,2073,2016-11-24,12880000,Initial
2996,2073,2018-07-09,14190000,Market Correction
2997,2073,2020-02-21,15170000,Market Correction
2998,2073,2021-10-05,16340000,Annual Raise
2999,2073,2023-05-20,17880000,Adjustment
3000,2074,2021-12-27,22000000,Initial
3001,2075,2016-09-30,25330000,Initial
3002,2075,2018-05-26,27520000,Market Correction
3003,2075,2020-01-19,28970000,Annual Raise
3004,2075,2021-09-13,30750000,Promotion
3005,2075,2023-05-09,32360000,Promotion
3006,2076,2017-09-22,14030000,Initial
3007,2076,2019-07-18,14670000,Market Correction
3008,2076,2021-05-13,15680000,Market Correction
3009,2076,2023-03-08,17390000,Annual Raise
3010,2077,2015-02-26,4130000,Initial
3011,2077,2016-10-17,4380000,Adjustment
3012,2077,2018-06-09,4770000,Promotion
3013,2077,2020-01-29,5160000,Annual Raise
3014,2077,2021-09-20,5740000,Annual Raise
3015,2077,2023-05-12,6090000,Promotion
3016,2078,2015-04-04,22250000,Initial
3017,2078,2016-11-17,24780000,Promotion
3018,2078,2018-07-03,27570000,Annual Raise
3019,2078,2020-02-17,29660000,Adjustment
3020,2078,2021-10-02,32280000,Market Correction
3021,2078,2023-05-18,34730000,Market Correction
3022,2079,2021-02-16,27170000,Initial
3023,2079,2023-01-24,30290000,Promotion
3024,2080,2022-10-18,15620000,Initial
3025,2081,2017-11-12,19840000,Initial
3026,2081,2019-08-25,21170000,Promotion
3027,2081,2021-06-07,23070000,Promotion
3028,2081,2023-03-21,24290000,Promotion
3029,2082,2015-08-06,11360000,Initial
3030,2082,2017-02-28,12310000,Market Correction
3031,2082,2018-09-24,13310000,Promotion
3032,2082,2020-04-19,13880000,Promotion
3033,2082,2021-11-12,15300000,Promotion
3034,2082,2023-06-08,16620000,Market Correction
3035,2083,2022-06-08,14960000,Initial
3036,2084,2015-03-20,41460000,Initial
3037,2084,2016-11-04,45880000,Adjustment
3038,2084,2018-06-23,48580000,Adjustment
3039,2084,2020-02-09,50880000,Annual Raise
3040,2084,2021-09-27,53880000,Promotion
3041,2084,2023-05-16,57700000,Promotion
3042,2085,2020-09-13,24510000,Initial
3043,2085,2022-11-07,26310000,Adjustment
3044,2086,2024-09-20,20680000,Initial
3045,2087,2021-04-15,26540000,Initial
3046,2087,2023-02-22,29300000,Promotion
3047,2088,2018-09-28,11490000,Initial
3048,2088,2020-04-21,12640000,Promotion
3049,2088,2021-11-14,13860000,Market Correction
3050,2088,2023-06-09,15330000,Market Correction
3051,2089,2022-09-03,22290000,Initial
3052,2090,2024-02-08,20270000,Initial
3053,2091,2021-03-23,10930000,Initial
3054,2091,2023-02-11,11800000,Market Correction
3055,2092,2022-05-14,46540000,Initial
3056,2093,2019-09-06,22190000,Initial
3057,2093,2021-06-15,23170000,Promotion
3058,2093,2023-03-25,25320000,Adjustment
3059,2094,2021-10-15,18680000,Initial
3060,2094,2023-05-25,20150000,Promotion
3061,2095,2021-07-07,70540000,Initial
3062,2095,2023-04-05,76680000,Market Correction
3063,2096,2022-09-21,14600000,Initial
3064,2097,2023-08-21,20620000,Initial
3065,2098,2017-01-24,18630000,Initial
3066,2098,2018-08-26,20770000,Market Correction
3067,2098,2020-03-28,22410000,Promotion
3068,2098,2021-10-29,24590000,Promotion
3069,2098,2023-06-01,26450000,Promotion
3070,2099,2024-11-14,29270000,Initial
3071,2100,2016-09-14,12190000,Initial
3072,2100,2018-05-13,12680000,Adjustment
3073,2100,2020-01-09,13920000,Promotion
3074,2100,2021-09-06,14720000,Annual Raise
3075,2100,2023-05-05,16260000,Promotion
3076,2101,2023-07-20,54900000,Initial
3077,2102,2021-09-08,35550000,Initial
3078,2102,2023-05-06,37870000,Promotion
3079,2103,2022-09-19,25520000,Initial
3080,2104,2022-12-26,35900000,Initial
3081,2105,2020-04-24,17150000,Initial
3082,2106,2018-01-10,36970000,Initial
3083,2106,2019-10-09,41110000,Promotion
3084,2106,2021-07-07,44410000,Annual Raise
3085,2106,2023-04-05,46340000,Annual Raise
3086,2107,2023-07-01,10430000,Initial
3087,2108,2024-09-21,43960000,Initial
3088,2109,2017-10-07,18750000,Initial
3089,2109,2019-07-29,20600000,Adjustment
3090,2109,2021-05-20,22820000,Annual Raise
3091,2109,2023-03-12,25410000,Annual Raise
3092,2110,2023-01-28,27540000,Initial
3093,2111,2020-11-02,22620000,Initial
3094,2111,2022-05-13,23580000,Market Correction
3095,2112,2020-10-25,51670000,Initial
3096,2112,2022-11-28,55470000,Promotion
3097,2113,2020-10-15,8890000,Initial
3098,2113,2022-11-23,9910000,Promotion
3099,2114,2019-06-19,15660000,Initial
3100,2114,2021-04-23,16690000,Promotion
3101,2114,2023-02-26,17980000,Adjustment
3102,2115,2018-04-20,17900000,Initial
3103,2115,2019-12-23,19730000,Adjustment
3104,2115,2021-08-26,20870000,Promotion
3105,2115,2023-04-30,22360000,Promotion
3106,2116,2020-03-13,26180000,Initial
3107,2116,2021-10-19,27880000,Adjustment
3108,2116,2023-05-27,29210000,Market Correction
3109,2117,2017-01-06,11260000,Initial
3110,2117,2018-08-12,12470000,Annual Raise
3111,2117,2020-03-17,13920000,Promotion
3112,2117,2021-10-22,15490000,Annual Raise
3113,2117,2023-05-28,16280000,Market Correction
3114,2118,2019-08-21,27700000,Initial
3115,2118,2021-06-04,30780000,Adjustment
3116,2118,2023-03-19,32990000,Adjustment
3117,2119,2024-11-23,18950000,Initial
3118,2120,2023-01-21,36300000,Initial
3119,2121,2022-02-10,15650000,Initial
3120,2122,2019-04-01,27940000,Initial
3121,2122,2021-03-01,30840000,Annual Raise
3122,2122,2023-01-31,33750000,Adjustment
3123,2123,2021-05-05,17260000,Initial
3124,2123,2023-03-04,18450000,Adjustment
3125,2124,2017-01-02,26240000,Initial
3126,2124,2018-08-09,27540000,Adjustment
3127,2124,2020-03-15,29330000,Promotion
3128,2124,2021-10-20,31410000,Market Correction
3129,2124,2023-05-27,34400000,Annual Raise
3130,2125,2023-03-10,21110000,Initial
3131,2126,2016-04-26,23120000,Initial
3132,2126,2018-01-20,25360000,Market Correction
3133,2126,2019-10-16,28230000,Adjustment
3134,2126,2021-07-12,30220000,Market Correction
3135,2126,2023-04-07,32980000,Annual Raise
3136,2127,2015-02-20,11130000,Initial
3137,2127,2016-10-12,12320000,Promotion
3138,2127,2018-06-05,13500000,Promotion
3139,2127,2020-01-26,14180000,Annual Raise
3140,2127,2021-09-18,15440000,Annual Raise
3141,2127,2023-05-11,17270000,Annual Raise
3142,2128,2021-10-26,16360000,Initial
3143,2128,2023-05-30,17590000,Market Correction
3144,2129,2020-02-02,15550000,Initial
3145,2129,2021-09-22,16270000,Adjustment
3146,2129,2023-05-13,17250000,Promotion
3147,2130,2017-09-29,18890000,Initial
3148,2130,2019-07-23,20660000,Promotion
3149,2130,2021-05-16,22400000,Promotion
3150,2130,2023-03-10,23840000,Promotion
3151,2131,2015-07-20,18390000,Initial
3152,2131,2017-02-14,19550000,Market Correction
3153,2131,2018-09-13,20710000,Promotion
3154,2131,2020-04-10,22740000,Promotion
3155,2131,2021-11-07,25070000,Market Correction
3156,2131,2023-06-05,27220000,Market Correction
3157,2132,2016-08-18,25270000,Initial
3158,2132,2018-04-21,26930000,Market Correction
3159,2132,2019-12-24,28450000,Market Correction
3160,2132,2021-08-26,30420000,Promotion
3161,2132,2023-04-30,33820000,Promotion
3162,2133,2018-09-18,24550000,Initial
3163,2133,2020-04-14,26980000,Annual Raise
3164,2133,2021-11-09,29820000,Market Correction
3165,2133,2023-06-06,31460000,Annual Raise
3166,2134,2016-10-22,48190000,Initial
3167,2134,2018-06-12,53120000,Market Correction
3168,2134,2020-02-01,55600000,Market Correction
3169,2134,2021-09-21,62050000,Adjustment
3170,2134,2023-05-13,66570000,Market Correction
3171,2135,2020-02-09,28650000,Initial
3172,2135,2021-09-27,30270000,Annual Raise
3173,2135,2023-05-16,32730000,Market Correction
3174,2136,2023-08-14,7340000,Initial
3175,2137,2024-06-16,6270000,Initial
3176,2138,2022-10-16,38020000,Initial
3177,2139,2022-10-21,23430000,Initial
3178,2140,2020-06-04,36970000,Initial
3179,2140,2021-12-13,38670000,Annual Raise
3180,2140,2023-06-23,41000000,Promotion
3181,2141,2019-10-16,23590000,Initial
3182,2141,2021-07-11,25860000,Adjustment
3183,2141,2023-04-07,28350000,Annual Raise
3184,2142,2016-06-15,46060000,Initial
3185,2142,2018-03-01,47910000,Promotion
3186,2142,2019-11-15,53060000,Market Correction
3187,2142,2021-08-01,56240000,Annual Raise
3188,2142,2023-04-17,61120000,Adjustment
3189,2143,2020-07-10,26480000,Initial
3190,2143,2022-10-06,27590000,Adjustment
3191,2144,2017-03-03,23710000,Initial
3192,2145,2023-04-09,16170000,Initial
3193,2146,2015-07-06,30740000,Initial
3194,2146,2017-02-02,33240000,Promotion
3195,2146,2018-09-03,34750000,Adjustment
3196,2146,2020-04-03,37910000,Promotion
3197,2146,2021-11-02,40700000,Adjustment
3198,2146,2023-06-03,45530000,Annual Raise
3199,2147,2015-02-16,38850000,Initial
3200,2147,2016-10-09,40980000,Annual Raise
3201,2147,2018-06-02,43860000,Market Correction
3202,2147,2020-01-24,46380000,Adjustment
3203,2147,2021-09-16,50490000,Annual Raise
3204,2147,2023-05-10,53970000,Promotion
3205,2148,2018-06-14,12110000,Initial
3206,2148,2020-02-02,12730000,Market Correction
3207,2148,2021-09-22,14000000,Adjustment
3208,2148,2023-05-13,15120000,Annual Raise
3209,2149,2016-04-11,18610000,Initial
3210,2149,2018-01-08,19470000,Market Correction
3211,2149,2019-10-07,20600000,Market Correction
3212,2149,2021-07-06,22110000,Adjustment
3213,2149,2023-04-04,24060000,Promotion
3214,2150,2024-05-01,15300000,Initial
3215,2151,2020-04-27,12250000,Initial
3216,2151,2021-11-18,13470000,Market Correction
3217,2151,2023-06-11,14740000,Market Correction
3218,2152,2022-01-13,31230000,Initial
3219,2153,2023-10-17,12150000,Initial
3220,2154,2021-05-03,14870000,Initial
3221,2154,2023-03-03,16490000,Market Correction
3222,2155,2017-05-03,14770000,Initial
3223,2155,2018-11-14,15960000,Promotion
3224,2155,2020-05-27,17330000,Adjustment
3225,2155,2021-12-08,18940000,Annual Raise
3226,2155,2023-06-21,19800000,Market Correction
3227,2156,2015-09-29,17110000,Initial
3228,2156,2017-04-14,18060000,Promotion
3229,2156,2018-10-30,20210000,Annual Raise
3230,2156,2020-05-16,21760000,Annual Raise
3231,2156,2021-11-30,23100000,Promotion
3232,2156,2023-06-17,25210000,Market Correction
3233,2157,2019-03-17,14770000,Initial
3234,2157,2021-02-19,15530000,Promotion
3235,2157,2023-01-26,16250000,Adjustment
3236,2158,2017-02-06,20690000,Initial
3237,2158,2018-09-06,23140000,Market Correction
3238,2158,2020-04-05,24920000,Adjustment
3239,2158,2021-11-03,26700000,Market Correction
3240,2158,2023-06-03,29680000,Annual Raise
3241,2159,2022-12-17,38350000,Initial
3242,2160,2019-03-03,14320000,Initial
3243,2160,2021-02-10,15600000,Adjustment
3244,2160,2023-01-21,17100000,Market Correction
3245,2161,2016-12-17,16020000,Initial
3246,2162,2020-09-03,29180000,Initial
3247,2162,2022-04-10,32100000,Adjustment
3248,2163,2020-06-03,18830000,Initial
3249,2163,2021-12-12,20320000,Adjustment
3250,2163,2023-06-23,21920000,Market Correction
3251,2164,2016-08-09,47780000,Initial
3252,2164,2018-04-14,53040000,Promotion
3253,2164,2019-12-18,57650000,Annual Raise
3254,2164,2021-08-23,63040000,Promotion
3255,2164,2023-04-28,66030000,Market Correction
3256,2165,2017-04-20,20340000,Initial
3257,2165,2018-11-03,21860000,Adjustment
3258,2165,2020-05-19,22780000,Annual Raise
3259,2165,2021-12-02,24850000,Adjustment
3260,2165,2023-06-18,27800000,Market Correction
3261,2166,2015-01-17,28180000,Initial
3262,2166,2016-09-14,29640000,Annual Raise
3263,2166,2018-05-13,32860000,Adjustment
3264,2166,2020-01-09,35570000,Adjustment
3265,2166,2021-09-06,39290000,Annual Raise
3266,2166,2023-05-05,42000000,Adjustment
3267,2167,2018-09-27,24260000,Initial
3268,2167,2020-04-21,25440000,Promotion
3269,2167,2021-11-14,27380000,Promotion
3270,2167,2023-06-09,29690000,Market Correction
3271,2168,2015-04-03,22200000,Initial
3272,2168,2016-11-16,24300000,Market Correction
3273,2168,2018-07-03,26860000,Adjustment
3274,2168,2020-02-16,29920000,Promotion
3275,2168,2021-10-02,33500000,Promotion
3276,2168,2023-05-18,36430000,Promotion
3277,2169,2018-08-07,8580000,Initial
3278,2169,2020-03-13,9000000,Promotion
3279,2169,2021-10-19,10020000,Adjustment
3280,2169,2023-05-27,10910000,Market Correction
3281,2170,2023-09-01,15020000,Initial
3282,2171,2018-01-25,15070000,Initial
3283,2171,2019-10-05,16740000,Annual Raise
3284,2171,2021-06-14,18430000,Promotion
3285,2171,2023-02-22,20380000,Annual Raise
3286,2172,2021-02-28,30420000,Initial
3287,2172,2023-01-30,32320000,Promotion
3288,2173,2021-06-09,20330000,Initial
3289,2173,2023-03-22,21370000,Annual Raise
3290,2174,2021-01-23,30380000,Initial
3291,2174,2023-01-12,33880000,Annual Raise
3292,2175,2016-03-09,16680000,Initial
3293,2175,2017-12-13,18640000,Adjustment
3294,2175,2019-09-18,19500000,Adjustment
3295,2175,2021-06-23,20670000,Adjustment
3296,2175,2023-03-29,22940000,Promotion
3297,2176,2022-11-26,11890000,Initial
3298,2177,2021-11-29,19780000,Initial
3299,2177,2023-06-16,22010000,Adjustment
3300,2178,2023-06-23,27220000,Initial
3301,2179,2016-02-03,15780000,Initial
3302,2179,2017-11-15,16910000,Annual Raise
3303,2179,2019-08-28,18260000,Annual Raise
3304,2179,2021-06-09,19560000,Annual Raise
3305,2179,2023-03-22,21450000,Promotion
3306,2180,2020-04-11,8040000,Initial
3307,2181,2019-01-28,20920000,Initial
3308,2181,2021-01-18,22880000,Market Correction
3309,2181,2023-01-10,24450000,Market Correction
3310,2182,2023-11-05,15310000,Initial
3311,2183,2015-09-25,24580000,Initial
3312,2183,2017-04-11,26470000,Promotion
3313,2183,2018-10-27,28730000,Promotion
3314,2183,2020-05-14,30090000,Promotion
3315,2183,2021-11-29,31430000,Adjustment
3316,2183,2023-06-16,34210000,Market Correction
3317,2184,2018-03-02,20050000,Initial
3318,2184,2019-11-16,21740000,Adjustment
3319,2184,2021-08-01,22860000,Promotion
3320,2184,2023-04-17,25000000,Promotion
3321,2185,2019-07-20,31740000,Initial
3322,2185,2021-05-14,34750000,Adjustment
3323,2185,2023-03-09,37380000,Market Correction
3324,2186,2023-11-20,17850000,Initial
3325,2187,2021-12-18,12850000,Initial
3326,2187,2023-06-26,14330000,Market Correction
3327,2188,2015-09-28,8710000,Initial
3328,2188,2017-04-13,9140000,Market Correction
3329,2188,2018-10-29,10030000,Annual Raise
3330,2188,2020-05-15,10920000,Promotion
3331,2188,2021-11-30,11370000,Promotion
3332,2188,2023-06-17,12510000,Promotion
3333,2189,2021-05-12,18270000,Initial
3334,2189,2023-03-08,19380000,Market Correction
3335,2190,2022-06-07,15010000,Initial
3336,2191,2016-04-13,12340000,Initial
3337,2191,2018-01-10,12990000,Market Correction
3338,2191,2019-10-09,13720000,Annual Raise
3339,2191,2021-07-07,14850000,Adjustment
3340,2191,2023-04-05,15520000,Adjustment
3341,2192,2024-03-21,16920000,Initial
3342,2193,2021-09-16,21600000,Initial
3343,2194,2016-01-06,20010000,Initial
3344,2194,2017-10-23,22380000,Annual Raise
3345,2194,2019-08-11,24820000,Market Correction
3346,2194,2021-05-28,27320000,Annual Raise
3347,2194,2023-03-16,30020000,Market Correction
3348,2195,2023-06-28,24860000,Initial
3349,2196,2021-11-26,14370000,Initial
3350,2196,2023-06-15,15770000,Annual Raise
3351,2197,2018-05-12,17860000,Initial
3352,2197,2020-01-08,18790000,Promotion
3353,2197,2021-09-06,19650000,Adjustment
3354,2197,2023-05-05,21940000,Adjustment
3355,2198,2023-01-19,21590000,Initial
3356,2199,2021-11-09,18230000,Initial
3357,2199,2023-06-06,19130000,Market Correction
3358,2200,2015-09-13,29450000,Initial
3359,2200,2017-04-01,32270000,Adjustment
3360,2200,2018-10-19,34570000,Market Correction
3361,2200,2020-05-08,38000000,Adjustment
3362,2200,2021-11-25,40230000,Market Correction
3363,2200,2023-06-14,42810000,Annual Raise
3364,2201,2022-11-20,17600000,Initial
3365,2202,2024-09-15,13540000,Initial
3366,2203,2022-01-04,25920000,Initial
3367,2204,2021-02-10,17140000,Initial
3368,2204,2023-01-21,17870000,Adjustment
3369,2205,2021-03-25,34540000,Initial
3370,2205,2023-02-12,38080000,Market Correction
3371,2206,2018-03-27,17320000,Initial
3372,2206,2019-12-05,18400000,Market Correction
3373,2206,2021-08-14,19480000,Adjustment
3374,2206,2023-04-24,21680000,Market Correction
3375,2207,2015-10-21,15940000,Initial
3376,2207,2017-05-03,17010000,Promotion
3377,2207,2018-11-14,18370000,Promotion
3378,2207,2020-05-27,20000000,Annual Raise
3379,2207,2021-12-08,21610000,Market Correction
3380,2207,2023-06-21,22840000,Promotion
3381,2208,2022-05-18,19760000,Initial
3382,2209,2024-08-24,14090000,Initial
3383,2210,2021-12-27,17520000,Initial
3384,2211,2019-04-25,24290000,Initial
3385,2211,2021-03-17,26190000,Promotion
3386,2211,2023-02-08,28490000,Market Correction
3387,2212,2021-06-25,5350000,Initial
3388,2212,2023-03-30,5950000,Annual Raise
3389,2213,2019-08-10,14020000,Initial
3390,2213,2021-05-28,15610000,Annual Raise
3391,2213,2023-03-16,16920000,Annual Raise
3392,2214,2021-05-16,11260000,Initial
3393,2214,2023-03-10,12260000,Promotion
3394,2215,2022-09-29,16230000,Initial
3395,2216,2020-11-13,32280000,Initial
3396,2216,2022-12-08,34190000,Market Correction
3397,2217,2022-09-02,13290000,Initial
3398,2218,2018-11-08,46090000,Initial
3399,2218,2020-05-22,47980000,Annual Raise
3400,2218,2021-12-05,53520000,Market Correction
3401,2218,2023-06-19,59190000,Market Correction
3402,2219,2021-06-08,18610000,Initial
3403,2219,2023-03-21,20070000,Promotion
3404,2220,2018-03-30,25990000,Initial
3405,2220,2019-12-07,29070000,Annual Raise
3406,2220,2021-08-15,30750000,Annual Raise
3407,2220,2023-04-24,32290000,Market Correction
3408,2221,2023-02-25,19690000,Initial
3409,2222,2021-06-26,15900000,Initial
3410,2222,2023-03-30,16760000,Adjustment
3411,2223,2024-01-27,9510000,Initial
3412,2224,2016-06-03,10420000,Initial
3413,2224,2018-02-19,11560000,Adjustment
3414,2224,2019-11-08,12370000,Adjustment
3415,2224,2021-07-27,13350000,Market Correction
3416,2224,2023-04-15,13880000,Market Correction
3417,2225,2018-02-01,11570000,Initial
3418,2225,2019-10-25,12510000,Adjustment
3419,2225,2021-07-18,13030000,Adjustment
3420,2225,2023-04-10,13660000,Market Correction
3421,2226,2021-08-20,33500000,Initial
3422,2226,2023-04-27,36580000,Market Correction
3423,2227,2017-12-06,27800000,Initial
3424,2227,2019-09-12,29460000,Adjustment
3425,2227,2021-06-19,31930000,Adjustment
3426,2227,2023-03-27,34180000,Adjustment
3427,2228,2018-11-05,18210000,Initial
3428,2228,2020-05-20,19580000,Market Correction
3429,2228,2021-12-03,21480000,Adjustment
3430,2228,2023-06-18,23770000,Annual Raise
3431,2229,2024-05-23,39790000,Initial
3432,2230,2022-05-30,22410000,Initial
3433,2231,2015-08-11,16280000,Initial
3434,2231,2017-03-04,18200000,Promotion
3435,2231,2018-09-27,19880000,Adjustment
3436,2231,2020-04-21,21130000,Market Correction
3437,2231,2021-11-14,23430000,Market Correction
3438,2231,2023-06-09,25300000,Adjustment
3439,2232,2019-06-22,10000000,Initial
3440,2232,2021-04-25,10530000,Annual Raise
3441,2232,2023-02-27,11710000,Annual Raise
3442,2233,2019-04-05,9370000,Initial
3443,2233,2021-03-04,9840000,Annual Raise
3444,2233,2023-02-01,10450000,Market Correction
3445,2234,2020-12-12,19020000,Initial
3446,2234,2022-12-22,20210000,Market Correction
3447,2235,2019-04-14,10130000,Initial
3448,2235,2021-03-10,10790000,Adjustment
3449,2235,2023-02-04,11830000,Market Correction
3450,2236,2016-02-03,14040000,Initial
3451,2236,2017-11-15,15460000,Promotion
3452,2236,2019-08-28,17080000,Adjustment
3453,2236,2021-06-09,17950000,Annual Raise
3454,2236,2023-03-22,18960000,Adjustment
3455,2237,2021-11-05,19920000,Initial
3456,2237,2023-06-04,20780000,Annual Raise
3457,2238,2023-12-31,16000000,Initial
3458,2239,2023-03-27,15090000,Initial
3459,2240,2018-07-07,16080000,Initial
3460,2240,2020-02-19,16810000,Market Correction
3461,2240,2021-10-04,18180000,Market Correction
3462,2240,2023-05-19,19220000,Adjustment
3463,2241,2015-02-18,20290000,Initial
3464,2241,2016-10-10,21560000,Adjustment
3465,2241,2018-06-03,23680000,Adjustment
3466,2241,2020-01-25,25660000,Annual Raise
3467,2241,2021-09-17,27640000,Promotion
3468,2241,2023-05-11,29510000,Promotion
3469,2242,2018-12-10,30600000,Initial
3470,2243,2021-12-12,27770000,Initial
3471,2244,2021-09-21,39770000,Initial
3472,2244,2023-05-13,42290000,Adjustment
3473,2245,2024-08-08,21540000,Initial
3474,2246,2016-03-30,25520000,Initial
3475,2246,2017-12-29,28150000,Adjustment
3476,2246,2019-09-30,30770000,Adjustment
3477,2246,2021-07-01,32920000,Annual Raise
3478,2246,2023-04-02,35760000,Market Correction
3479,2247,2022-03-01,22260000,Initial
3480,2248,2017-11-20,40090000,Initial
3481,2248,2019-08-31,41700000,Adjustment
3482,2248,2021-06-11,44780000,Annual Raise
3483,2248,2023-03-23,47900000,Promotion
3484,2249,2019-04-17,16660000,Initial
3485,2249,2021-03-12,18280000,Promotion
3486,2249,2023-02-05,19920000,Promotion
3487,2250,2016-12-29,31420000,Initial
3488,2250,2018-08-06,33570000,Market Correction
3489,2250,2020-03-13,36880000,Market Correction
3490,2250,2021-10-19,39100000,Annual Raise
3491,2250,2023-05-27,43710000,Promotion
3492,2251,2021-11-04,25160000,Initial
3493,2251,2023-06-04,27610000,Adjustment
3494,2252,2021-01-23,27780000,Initial
3495,2252,2023-01-12,30020000,Market Correction
3496,2253,2019-12-14,16180000,Initial
3497,2253,2021-08-20,17180000,Annual Raise
3498,2253,2023-04-27,18820000,Annual Raise
3499,2254,2021-05-29,11440000,Initial
3500,2254,2023-03-16,12260000,Market Correction
3501,2255,2016-09-01,26610000,Initial
3502,2255,2018-05-02,29000000,Annual Raise
3503,2255,2020-01-01,30480000,Promotion
3504,2255,2021-09-01,34000000,Market Correction
3505,2255,2023-05-03,35830000,Promotion
3506,2256,2017-12-27,43820000,Initial
3507,2256,2019-09-28,48540000,Annual Raise
3508,2256,2021-06-30,53290000,Adjustment
3509,2256,2023-04-01,56300000,Adjustment
3510,2257,2020-10-12,15010000,Initial
3511,2257,2022-11-22,16230000,Promotion
3512,2258,2024-06-19,26940000,Initial
3513,2259,2019-04-24,30690000,Initial
3514,2259,2021-03-17,34180000,Promotion
3515,2259,2023-02-08,37790000,Market Correction
3516,2260,2018-09-27,13310000,Initial
3517,2260,2020-04-21,14520000,Annual Raise
3518,2260,2021-11-14,16170000,Promotion
3519,2260,2023-06-09,17950000,Annual Raise
3520,2261,2019-02-05,26480000,Initial
3521,2261,2021-01-24,28120000,Adjustment
3522,2261,2023-01-13,30410000,Annual Raise
3523,2262,2023-07-12,38320000,Initial
3524,2263,2019-04-23,10100000,Initial
3525,2263,2021-03-16,10810000,Promotion
3526,2263,2023-02-07,11660000,Annual Raise
3527,2264,2022-01-27,14410000,Initial
3528,2265,2023-03-31,45580000,Initial
3529,2266,2020-06-26,12960000,Initial
3530,2266,2021-12-28,14100000,Adjustment
3531,2266,2023-07-01,15310000,Annual Raise
3532,2267,2020-12-27,53570000,Initial
3533,2267,2022-12-30,58020000,Promotion
3534,2268,2015-06-01,28370000,Initial
3535,2268,2017-01-04,30770000,Adjustment
3536,2268,2018-08-11,34180000,Annual Raise
3537,2268,2020-03-17,35780000,Market Correction
3538,2268,2021-10-21,37250000,Annual Raise
3539,2268,2023-05-28,39160000,Market Correction
3540,2269,2019-07-19,16740000,Initial
3541,2269,2021-03-20,17770000,Market Correction
3542,2269,2022-11-21,19380000,Market Correction
3543,2270,2022-08-09,17690000,Initial
3544,2271,2015-10-23,61420000,Initial
3545,2272,2021-12-07,4900000,Initial
3546,2273,2022-02-04,12530000,Initial
3547,2274,2024-05-14,16830000,Initial
3548,2275,2015-09-16,23430000,Initial
3549,2275,2017-04-03,24620000,Promotion
3550,2275,2018-10-21,26590000,Adjustment
3551,2275,2020-05-09,28110000,Adjustment
3552,2275,2021-11-26,30730000,Promotion
3553,2275,2023-06-15,33530000,Adjustment
3554,2276,2018-08-21,26690000,Initial
3555,2276,2020-03-24,27980000,Annual Raise
3556,2276,2021-10-26,30690000,Promotion
3557,2276,2023-05-30,32810000,Adjustment
3558,2277,2018-08-10,22850000,Initial
3559,2277,2020-03-16,25430000,Market Correction
3560,2277,2021-10-21,27820000,Adjustment
3561,2277,2023-05-28,29940000,Annual Raise
3562,2278,2018-10-06,26110000,Initial
3563,2278,2020-07-17,28950000,Adjustment
3564,2279,2022-10-23,37540000,Initial
3565,2280,2016-06-30,29440000,Initial
3566,2280,2018-01-04,31020000,Adjustment
3567,2280,2019-07-12,33980000,Annual Raise
3568,2280,2021-01-16,37890000,Market Correction
3569,2280,2022-07-24,39670000,Promotion
3570,2281,2015-03-06,20310000,Initial
3571,2281,2016-10-24,21990000,Adjustment
3572,2281,2018-06-14,24580000,Market Correction
3573,2281,2020-02-02,26490000,Market Correction
3574,2281,2021-09-22,28580000,Adjustment
3575,2281,2023-05-13,30930000,Annual Raise
3576,2282,2016-01-01,6130000,Initial
3577,2282,2017-07-02,6760000,Adjustment
3578,2282,2019-01-01,7410000,Market Correction
3579,2282,2020-07-02,7920000,Promotion
3580,2282,2022-01-01,8270000,Adjustment
3581,2282,2023-07-03,8700000,Annual Raise
3582,2283,2022-10-11,16480000,Initial
3583,2284,2016-08-09,21700000,Initial
3584,2284,2018-04-14,22750000,Adjustment
3585,2284,2019-12-18,24580000,Annual Raise
3586,2284,2021-08-23,26360000,Promotion
3587,2284,2023-04-28,28290000,Market Correction
3588,2285,2016-12-15,13560000,Initial
3589,2285,2018-07-25,14250000,Annual Raise
3590,2285,2020-03-04,15070000,Promotion
3591,2285,2021-10-13,16570000,Adjustment
3592,2285,2023-05-24,18540000,Adjustment
3593,2286,2021-11-11,19600000,Initial
3594,2286,2023-06-07,21820000,Promotion
3595,2287,2018-11-25,8430000,Initial
3596,2287,2020-06-04,8810000,Annual Raise
3597,2287,2021-12-13,9690000,Promotion
3598,2287,2023-06-23,10310000,Annual Raise
3599,2288,2020-12-11,42730000,Initial
3600,2288,2022-12-22,45840000,Adjustment
3601,2289,2020-03-16,11470000,Initial
3602,2289,2021-10-21,12080000,Promotion
3603,2289,2023-05-28,12760000,Adjustment
3604,2290,2017-03-04,17100000,Initial
3605,2291,2020-07-30,7120000,Initial
3606,2291,2022-09-14,7620000,Adjustment
3607,2292,2018-03-13,35010000,Initial
3608,2292,2019-11-24,37310000,Annual Raise
3609,2292,2021-08-07,40290000,Market Correction
3610,2292,2023-04-20,44660000,Promotion
3611,2293,2015-06-27,18660000,Initial
3612,2294,2020-06-09,25190000,Initial
3613,2294,2021-12-16,26580000,Adjustment
3614,2294,2023-06-25,29180000,Promotion
3615,2295,2021-08-24,17120000,Initial
3616,2295,2023-04-29,18900000,Annual Raise
3617,2296,2017-07-31,18040000,Initial
3618,2296,2019-06-08,19390000,Promotion
3619,2296,2021-04-16,21030000,Annual Raise
3620,2296,2023-02-23,23460000,Market Correction
3621,2297,2023-04-10,12180000,Initial
3622,2298,2015-10-29,24190000,Initial
3623,2298,2017-05-09,26900000,Market Correction
3624,2298,2018-11-19,29110000,Market Correction
3625,2298,2020-05-31,31810000,Adjustment
3626,2298,2021-12-10,33160000,Market Correction
3627,2298,2023-06-22,34510000,Market Correction
3628,2299,2016-08-16,39380000,Initial
3629,2299,2018-04-20,41270000,Adjustment
3630,2299,2019-12-23,44060000,Adjustment
3631,2299,2021-08-26,46030000,Annual Raise
3632,2299,2023-04-30,49320000,Adjustment
3633,2300,2019-03-10,32580000,Initial
3634,2300,2021-02-15,36400000,Annual Raise
3635,2300,2023-01-24,39230000,Market Correction
3636,2301,2018-01-09,18490000,Initial
3637,2301,2019-10-08,19330000,Adjustment
3638,2301,2021-07-06,21130000,Promotion
3639,2301,2023-04-04,23040000,Promotion
3640,2302,2018-02-23,10040000,Initial
3641,2302,2019-11-11,10760000,Annual Raise
3642,2302,2021-07-29,11530000,Promotion
3643,2302,2023-04-16,12310000,Adjustment
3644,2303,2023-07-12,14150000,Initial
3645,2304,2021-06-25,23150000,Initial
3646,2304,2023-03-30,25600000,Market Correction
3647,2305,2024-09-01,15750000,Initial
3648,2306,2018-02-17,35240000,Initial
3649,2306,2019-11-23,37840000,Adjustment
3650,2306,2021-08-28,39730000,Annual Raise
3651,2307,2018-09-02,15330000,Initial
3652,2307,2020-04-02,16730000,Market Correction
3653,2307,2021-11-01,18280000,Promotion
3654,2307,2023-06-02,19640000,Promotion
3655,2308,2021-06-07,37030000,Initial
3656,2308,2023-03-21,39570000,Promotion
3657,2309,2020-04-11,33130000,Initial
3658,2309,2021-11-07,36450000,Promotion
3659,2309,2023-06-05,39780000,Market Correction
3660,2310,2020-05-17,13040000,Initial
3661,2310,2021-12-01,13710000,Annual Raise
3662,2310,2023-06-17,14960000,Adjustment
3663,2311,2020-07-21,13080000,Initial
3664,2311,2022-10-11,14150000,Market Correction
3665,2312,2017-06-11,15000000,Initial
3666,2312,2019-05-07,15750000,Adjustment
3667,2313,2015-03-07,7260000,Initial
3668,2313,2016-10-25,7890000,Promotion
3669,2313,2018-06-15,8790000,Market Correction
3670,2313,2020-02-03,9770000,Market Correction
3671,2313,2021-09-23,10540000,Market Correction
3672,2313,2023-05-14,11290000,Adjustment
3673,2314,2024-08-15,17850000,Initial
3674,2315,2020-03-14,13290000,Initial
3675,2315,2021-10-19,14120000,Promotion
3676,2315,2023-05-27,15160000,Annual Raise
3677,2316,2022-01-11,46960000,Initial
3678,2317,2019-04-26,16660000,Initial
3679,2317,2021-03-18,18320000,Market Correction
3680,2317,2023-02-08,20120000,Promotion
3681,2318,2019-10-11,14320000,Initial
3682,2318,2021-07-08,15410000,Annual Raise
3683,2318,2023-04-05,16930000,Market Correction
3684,2319,2023-11-01,15600000,Initial
3685,2320,2020-10-09,10150000,Initial
3686,2320,2022-11-20,11010000,Market Correction
3687,2321,2016-03-30,23290000,Initial
3688,2321,2017-12-29,25650000,Promotion
3689,2321,2019-09-30,27940000,Promotion
3690,2321,2021-07-01,30280000,Annual Raise
3691,2321,2023-04-02,33300000,Adjustment
3692,2322,2019-02-09,24900000,Initial
3693,2322,2021-01-26,27860000,Annual Raise
3694,2322,2023-01-14,29660000,Annual Raise
3695,2323,2016-07-20,16160000,Initial
3696,2323,2018-03-29,17630000,Market Correction
3697,2323,2019-12-06,19270000,Promotion
3698,2323,2021-08-15,20350000,Adjustment
3699,2323,2023-04-24,22130000,Promotion
3700,2324,2023-04-09,39070000,Initial
3701,2325,2023-06-12,28290000,Initial
3702,2326,2020-08-24,33230000,Initial
3703,2326,2022-10-28,35810000,Market Correction
3704,2327,2018-11-15,27260000,Initial
3705,2327,2020-05-27,29500000,Adjustment
3706,2327,2021-12-08,31120000,Adjustment
3707,2327,2023-06-21,33990000,Adjustment
3708,2328,2020-04-09,17600000,Initial
3709,2328,2021-11-06,19470000,Market Correction
3710,2328,2023-06-05,20840000,Annual Raise
3711,2329,2020-01-26,12930000,Initial
3712,2329,2021-09-17,13770000,Market Correction
3713,2329,2023-05-11,14750000,Promotion
3714,2330,2017-02-10,30750000,Initial
3715,2330,2018-09-09,34410000,Promotion
3716,2330,2020-04-07,35790000,Promotion
3717,2330,2021-11-05,37820000,Market Correction
3718,2330,2023-06-04,40720000,Promotion
3719,2331,2017-01-02,58050000,Initial
3720,2331,2018-08-09,62100000,Promotion
3721,2331,2020-03-15,68180000,Market Correction
3722,2331,2021-10-20,72610000,Annual Raise
3723,2331,2023-05-27,76300000,Market Correction
3724,2332,2016-04-03,15110000,Initial
3725,2332,2018-01-02,15970000,Annual Raise
3726,2332,2019-10-03,17120000,Promotion
3727,2332,2021-07-03,18320000,Promotion
3728,2332,2023-04-03,19060000,Promotion
3729,2333,2020-11-02,15730000,Initial
3730,2333,2022-12-02,16610000,Market Correction
3731,2334,2020-04-25,12210000,Initial
3732,2334,2021-11-16,13090000,Annual Raise
3733,2334,2023-06-10,14310000,Annual Raise
3734,2335,2018-04-09,27200000,Initial
3735,2335,2019-12-14,30350000,Market Correction
3736,2335,2021-08-20,33080000,Adjustment
3737,2335,2023-04-27,35300000,Adjustment
3738,2336,2024-05-12,39700000,Initial
3739,2337,2022-05-09,31480000,Initial
3740,2338,2020-02-19,23060000,Initial
3741,2338,2021-10-03,25200000,Market Correction
3742,2338,2023-05-19,28060000,Annual Raise
3743,2339,2016-12-04,26220000,Initial
3744,2339,2018-07-17,27850000,Adjustment
3745,2339,2020-02-27,30050000,Market Correction
3746,2339,2021-10-09,32990000,Market Correction
3747,2339,2023-05-22,34580000,Adjustment
3748,2340,2023-08-19,13890000,Initial
3749,2341,2016-11-12,10260000,Initial
3750,2341,2018-06-29,11470000,Adjustment
3751,2341,2020-02-13,12780000,Annual Raise
3752,2341,2021-09-30,13470000,Market Correction
3753,2341,2023-05-17,14160000,Market Correction
3754,2342,2017-01-16,29120000,Initial
3755,2342,2018-08-20,31370000,Market Correction
3756,2342,2020-03-23,34330000,Adjustment
3757,2342,2021-10-26,37550000,Adjustment
3758,2342,2023-05-30,39930000,Promotion
3759,2343,2016-10-22,12490000,Initial
3760,2343,2018-06-12,13110000,Annual Raise
3761,2343,2020-02-01,14290000,Annual Raise
3762,2343,2021-09-21,15340000,Market Correction
3763,2343,2023-05-13,17170000,Promotion
3764,2344,2019-12-11,41740000,Initial
3765,2344,2021-08-18,45510000,Market Correction
3766,2344,2023-04-26,47460000,Annual Raise
3767,2345,2022-06-19,21720000,Initial
3768,2346,2021-01-20,56470000,Initial
3769,2346,2023-01-11,62710000,Adjustment
3770,2347,2019-07-16,17210000,Initial
3771,2347,2021-05-11,18640000,Annual Raise
3772,2347,2023-03-07,19880000,Adjustment
3773,2348,2016-10-01,21710000,Initial
3774,2348,2018-05-28,24160000,Market Correction
3775,2348,2020-01-22,26940000,Annual Raise
3776,2348,2021-09-17,28080000,Adjustment
3777,2349,2020-04-25,35090000,Initial
3778,2349,2021-11-16,38360000,Adjustment
3779,2349,2023-06-10,40120000,Market Correction
3780,2350,2018-10-19,41500000,Initial
3781,2350,2020-05-07,43890000,Promotion
3782,2350,2021-11-25,49100000,Market Correction
3783,2350,2023-06-14,51770000,Promotion
3784,2351,2016-07-25,12230000,Initial
3785,2351,2018-04-02,13350000,Adjustment
3786,2351,2019-12-09,14820000,Market Correction
3787,2351,2021-08-17,16570000,Market Correction
3788,2351,2023-04-25,17780000,Promotion
3789,2352,2021-12-04,42380000,Initial
3790,2352,2023-06-19,44220000,Annual Raise
3791,2353,2015-08-14,4300000,Initial
3792,2353,2017-03-07,4720000,Promotion
3793,2353,2018-09-29,4920000,Annual Raise
3794,2353,2020-04-23,5150000,Market Correction
3795,2353,2021-11-15,5540000,Market Correction
3796,2353,2023-06-09,5910000,Annual Raise
3797,2354,2023-10-06,25870000,Initial
3798,2355,2021-01-14,17490000,Initial
3799,2355,2023-01-08,18820000,Promotion
3800,2356,2020-09-27,11070000,Initial
3801,2356,2022-11-14,11860000,Promotion
3802,2357,2022-06-24,16920000,Initial
3803,2358,2019-02-23,21970000,Initial
3804,2358,2021-02-05,23610000,Market Correction
3805,2358,2023-01-19,25960000,Annual Raise
3806,2359,2018-06-15,19420000,Initial
3807,2359,2020-02-03,21430000,Promotion
3808,2359,2021-09-23,22950000,Annual Raise
3809,2359,2023-05-14,24510000,Annual Raise
3810,2360,2023-04-26,29160000,Initial
3811,2361,2023-03-04,11140000,Initial
3812,2362,2016-08-11,9860000,Initial
3813,2362,2018-04-16,10290000,Adjustment
3814,2362,2019-12-20,10820000,Annual Raise
3815,2362,2021-08-24,12090000,Annual Raise
3816,2362,2023-04-29,13000000,Promotion
3817,2363,2015-09-28,10890000,Initial
3818,2363,2017-04-13,11450000,Market Correction
3819,2363,2018-10-29,12260000,Annual Raise
3820,2363,2020-05-15,12980000,Promotion
3821,2363,2021-11-30,13920000,Annual Raise
3822,2363,2023-06-17,14970000,Market Correction
3823,2364,2015-01-28,4100000,Initial
3824,2364,2016-09-23,4440000,Annual Raise
3825,2364,2018-05-20,4870000,Market Correction
3826,2364,2020-01-15,5220000,Market Correction
3827,2364,2021-09-10,5730000,Annual Raise
3828,2364,2023-05-07,6160000,Annual Raise
3829,2365,2022-12-19,17630000,Initial
3830,2366,2018-03-31,17120000,Initial
3831,2366,2019-12-08,17940000,Annual Raise
3832,2366,2021-08-16,18870000,Market Correction
3833,2366,2023-04-25,20160000,Promotion
3834,2367,2024-05-11,31850000,Initial
3835,2368,2017-07-08,23800000,Initial
3836,2369,2016-05-23,12610000,Initial
3837,2369,2018-02-11,13340000,Promotion
3838,2369,2019-11-02,14210000,Market Correction
3839,2369,2021-07-23,15530000,Promotion
3840,2369,2023-04-13,16830000,Promotion
3841,2370,2022-09-18,11780000,Initial
3842,2371,2020-07-12,15020000,Initial
3843,2371,2022-10-07,15920000,Market Correction
3844,2372,2021-07-08,38750000,Initial
3845,2372,2023-04-05,40660000,Promotion
3846,2373,2022-10-14,29920000,Initial
3847,2374,2024-06-24,22960000,Initial
3848,2375,2024-11-06,11830000,Initial
3849,2376,2019-01-19,46840000,Initial
3850,2376,2021-01-12,49300000,Promotion
3851,2376,2023-01-07,54580000,Adjustment
3852,2377,2020-12-09,21450000,Initial
3853,2377,2022-12-21,23450000,Market Correction
3854,2378,2023-07-30,21970000,Initial
3855,2379,2024-04-09,24230000,Initial
3856,2380,2016-01-28,13430000,Initial
3857,2380,2017-11-10,14390000,Adjustment
3858,2380,2019-08-24,15890000,Market Correction
3859,2380,2021-06-06,17070000,Annual Raise
3860,2380,2023-03-20,17870000,Promotion
3861,2381,2016-07-14,20450000,Initial
3862,2381,2018-03-24,22700000,Adjustment
3863,2381,2019-12-03,25300000,Annual Raise
3864,2381,2021-08-12,26920000,Market Correction
3865,2381,2023-04-23,29650000,Market Correction
3866,2382,2018-10-25,47510000,Initial
3867,2382,2020-05-12,52040000,Adjustment
3868,2382,2021-11-28,58230000,Market Correction
3869,2382,2023-06-16,65120000,Market Correction
3870,2383,2020-08-23,12240000,Initial
3871,2383,2022-10-28,13350000,Promotion
3872,2384,2019-09-06,28050000,Initial
3873,2384,2021-06-15,30950000,Promotion
3874,2384,2023-03-25,32630000,Adjustment
3875,2385,2015-03-13,8180000,Initial
3876,2385,2016-10-30,8850000,Adjustment
3877,2385,2018-06-19,9350000,Market Correction
3878,2385,2020-02-06,10450000,Annual Raise
3879,2385,2021-09-25,11410000,Market Correction
3880,2385,2023-05-15,11960000,Market Correction
3881,2386,2024-02-29,17320000,Initial
3882,2387,2016-12-06,14080000,Initial
3883,2387,2018-07-18,14840000,Promotion
3884,2387,2020-02-28,15900000,Annual Raise
3885,2387,2021-10-09,17210000,Promotion
3886,2387,2023-05-22,19140000,Promotion
3887,2388,2017-06-29,22110000,Initial
3888,2389,2017-05-09,35620000,Initial
3889,2390,2015-11-15,18400000,Initial
3890,2390,2017-11-05,20390000,Annual Raise
3891,2390,2019-10-27,21390000,Adjustment
3892,2391,2015-05-15,17780000,Initial
3893,2391,2016-12-21,19780000,Adjustment
3894,2391,2018-07-31,20960000,Adjustment
3895,2391,2020-03-08,22280000,Annual Raise
3896,2391,2021-10-16,24350000,Adjustment
3897,2391,2023-05-25,26360000,Market Correction
3898,2392,2016-05-02,23230000,Initial
3899,2392,2018-01-25,25180000,Annual Raise
3900,2392,2019-10-20,27740000,Adjustment
3901,2392,2021-07-14,30040000,Promotion
3902,2392,2023-04-08,32180000,Annual Raise
3903,2393,2023-06-18,18260000,Initial
3904,2394,2017-01-26,18730000,Initial
3905,2394,2018-08-28,20560000,Market Correction
3906,2394,2020-03-29,22620000,Promotion
3907,2394,2021-10-30,25130000,Adjustment
3908,2394,2023-06-01,27240000,Adjustment
3909,2395,2021-07-02,25930000,Initial
3910,2395,2023-04-02,27550000,Adjustment
3911,2396,2020-08-30,25560000,Initial
3912,2396,2022-10-31,28470000,Annual Raise
3913,2397,2020-12-06,37550000,Initial
3914,2397,2022-12-19,42000000,Adjustment
3915,2398,2023-06-16,43180000,Initial
3916,2399,2020-08-27,29930000,Initial
3917,2399,2022-10-30,33150000,Adjustment
3918,2400,2019-12-06,22270000,Initial
3919,2400,2021-08-14,24760000,Promotion
3920,2400,2023-04-24,27100000,Annual Raise
3921,2401,2019-04-04,17980000,Initial
3922,2401,2021-03-03,19020000,Annual Raise
3923,2401,2023-02-01,20050000,Adjustment
3924,2402,2023-07-16,11590000,Initial
3925,2403,2020-07-23,29220000,Initial
3926,2403,2022-10-12,32370000,Annual Raise
3927,2404,2015-12-03,21880000,Initial
3928,2404,2017-06-07,23180000,Adjustment
3929,2404,2018-12-12,25490000,Market Correction
3930,2404,2020-06-17,28210000,Annual Raise
3931,2404,2021-12-22,30860000,Annual Raise
3932,2404,2023-06-28,33850000,Promotion
3933,2405,2021-09-25,17180000,Initial
3934,2405,2023-05-15,18850000,Promotion
3935,2406,2017-07-14,8520000,Initial
3936,2406,2019-05-27,9510000,Adjustment
3937,2406,2021-04-08,10080000,Annual Raise
3938,2406,2023-02-19,11080000,Promotion
3939,2407,2017-02-12,14510000,Initial
3940,2407,2018-09-11,15680000,Market Correction
3941,2407,2020-04-09,16660000,Market Correction
3942,2407,2021-11-06,18080000,Annual Raise
3943,2407,2023-06-05,20160000,Adjustment
3944,2408,2017-01-04,26740000,Initial
3945,2408,2018-07-06,29820000,Market Correction
3946,2408,2020-01-05,31430000,Annual Raise
3947,2408,2021-07-06,33310000,Annual Raise
3948,2409,2020-11-10,17580000,Initial
3949,2409,2022-12-06,18580000,Market Correction
3950,2410,2019-06-29,14680000,Initial
3951,2410,2021-04-30,15550000,Market Correction
3952,2410,2023-03-02,16310000,Market Correction
3953,2411,2015-09-23,23400000,Initial
3954,2411,2017-04-09,26060000,Annual Raise
3955,2411,2018-10-26,29120000,Promotion
3956,2411,2020-05-13,31460000,Promotion
3957,2411,2021-11-28,33660000,Adjustment
3958,2411,2023-06-16,36060000,Adjustment
3959,2412,2016-05-17,12940000,Initial
3960,2412,2018-02-06,14230000,Adjustment
3961,2412,2019-10-29,14900000,Market Correction
3962,2412,2021-07-20,16290000,Adjustment
3963,2412,2023-04-11,17450000,Adjustment
3964,2413,2023-07-30,24610000,Initial
3965,2414,2018-12-29,60840000,Initial
3966,2414,2020-06-29,65750000,Market Correction
3967,2414,2021-12-30,70050000,Market Correction
3968,2414,2023-07-02,73330000,Adjustment
3969,2415,2020-09-25,24720000,Initial
3970,2415,2022-11-13,26460000,Annual Raise
3971,2416,2020-06-27,31090000,Initial
3972,2416,2021-12-28,33260000,Promotion
3973,2416,2023-07-01,36190000,Market Correction
3974,2417,2016-02-12,34300000,Initial
3975,2417,2017-11-22,36690000,Market Correction
3976,2417,2019-09-02,39470000,Adjustment
3977,2417,2021-06-12,43800000,Annual Raise
3978,2417,2023-03-23,46880000,Annual Raise
3979,2418,2017-01-03,20210000,Initial
3980,2418,2018-08-10,22060000,Market Correction
3981,2418,2020-03-16,23720000,Promotion
3982,2418,2021-10-21,25740000,Promotion
3983,2418,2023-05-28,27710000,Adjustment
3984,2419,2021-12-22,21230000,Initial
3985,2419,2023-06-28,23220000,Market Correction
3986,2420,2023-11-22,19290000,Initial
3987,2421,2020-08-29,10030000,Initial
3988,2421,2022-10-31,11200000,Promotion
3989,2422,2023-07-27,9640000,Initial
3990,2423,2024-07-25,18650000,Initial
3991,2424,2021-03-30,12870000,Initial
3992,2424,2023-02-14,14400000,Market Correction
3993,2425,2020-07-06,15520000,Initial
3994,2425,2022-10-04,17370000,Promotion
3995,2426,2023-07-27,19190000,Initial
3996,2427,2020-05-03,12060000,Initial
3997,2427,2021-11-22,13050000,Annual Raise
3998,2427,2023-06-13,14580000,Adjustment
3999,2428,2017-12-14,27930000,Initial
4000,2428,2019-09-18,29920000,Market Correction
4001,2428,2021-06-23,31670000,Adjustment
4002,2428,2023-03-29,34520000,Market Correction
4003,2429,2023-08-06,41920000,Initial
4004,2430,2016-06-09,11420000,Initial
4005,2430,2018-02-24,12550000,Promotion
4006,2430,2019-11-12,13480000,Promotion
4007,2430,2021-07-29,14730000,Market Correction
4008,2430,2023-04-16,16040000,Promotion
4009,2431,2023-08-01,21040000,Initial
4010,2432,2018-11-14,20390000,Initial
4011,2432,2020-05-27,22480000,Annual Raise
4012,2432,2021-12-08,23800000,Market Correction
4013,2432,2023-06-21,25590000,Promotion
4014,2433,2017-10-11,62970000,Initial
4015,2433,2019-08-01,67210000,Annual Raise
4016,2433,2021-05-22,71790000,Promotion
4017,2433,2023-03-13,76360000,Annual Raise
4018,2434,2024-09-29,25920000,Initial
4019,2435,2015-06-03,11130000,Initial
4020,2435,2017-01-06,11760000,Adjustment
4021,2435,2018-08-12,12710000,Adjustment
4022,2435,2020-03-18,13280000,Adjustment
4023,2435,2021-10-22,14490000,Promotion
4024,2435,2023-05-28,15250000,Promotion
4025,2436,2017-12-28,24030000,Initial
4026,2436,2019-11-29,25910000,Promotion
4027,2436,2021-10-30,26960000,Promotion
4028,2437,2019-03-28,13700000,Initial
4029,2437,2021-02-27,15200000,Adjustment
4030,2437,2023-01-30,15940000,Annual Raise
4031,2438,2016-02-14,34610000,Initial
4032,2438,2017-11-23,38140000,Market Correction
4033,2438,2019-09-03,42480000,Adjustment
4034,2438,2021-06-13,46340000,Annual Raise
4035,2438,2023-03-24,50300000,Adjustment
4036,2439,2016-11-13,10010000,Initial
4037,2439,2018-06-30,11200000,Adjustment
4038,2439,2020-02-14,11900000,Promotion
4039,2439,2021-09-30,12450000,Market Correction
4040,2439,2023-05-17,13390000,Market Correction
4041,2440,2020-07-28,15840000,Initial
4042,2440,2022-10-15,17710000,Annual Raise
4043,2441,2018-03-23,20810000,Initial
4044,2441,2019-12-02,22720000,Market Correction
4045,2441,2021-08-12,23890000,Promotion
4046,2441,2023-04-23,26270000,Adjustment
4047,2442,2024-01-09,31680000,Initial
4048,2443,2021-08-21,24740000,Initial
4049,2443,2023-04-27,26080000,Adjustment
4050,2444,2019-10-16,20460000,Initial
4051,2444,2021-07-11,22110000,Market Correction
4052,2444,2023-04-07,24650000,Market Correction
4053,2445,2020-08-29,18990000,Initial
4054,2445,2022-10-31,21230000,Adjustment
4055,2446,2017-03-30,12380000,Initial
4056,2446,2018-10-17,13070000,Market Correction
4057,2446,2020-05-06,14450000,Promotion
4058,2446,2021-11-24,16110000,Annual Raise
4059,2446,2023-06-14,16810000,Adjustment
4060,2447,2022-07-13,17760000,Initial
4061,2448,2021-06-20,26490000,Initial
4062,2448,2023-03-27,27640000,Adjustment
4063,2449,2018-01-02,26110000,Initial
4064,2449,2019-10-03,28230000,Adjustment
4065,2449,2021-07-03,30520000,Annual Raise
4066,2449,2023-04-03,33160000,Market Correction
4067,2450,2021-05-07,18950000,Initial
4068,2450,2023-03-05,19800000,Adjustment
4069,2451,2020-03-09,28640000,Initial
4070,2452,2024-06-19,21300000,Initial
4071,2453,2022-02-09,33260000,Initial
4072,2454,2022-03-31,32470000,Initial
4073,2455,2017-09-03,33430000,Initial
4074,2455,2019-07-04,36220000,Annual Raise
4075,2455,2021-05-03,40150000,Market Correction
4076,2455,2023-03-03,44790000,Annual Raise
4077,2456,2020-03-16,59680000,Initial
4078,2456,2021-10-21,62780000,Market Correction
4079,2456,2023-05-28,70250000,Annual Raise
4080,2457,2017-04-07,20970000,Initial
4081,2457,2018-10-24,22730000,Adjustment
4082,2457,2020-05-11,23960000,Annual Raise
4083,2457,2021-11-27,26160000,Promotion
4084,2457,2023-06-15,27870000,Promotion
4085,2458,2022-05-21,11360000,Initial
4086,2459,2023-10-10,15960000,Initial
4087,2460,2019-07-26,14270000,Initial
4088,2460,2021-05-18,15000000,Annual Raise
4089,2460,2023-03-11,15790000,Annual Raise
4090,2461,2019-06-14,20500000,Initial
4091,2461,2021-04-20,22440000,Market Correction
4092,2461,2023-02-25,24770000,Annual Raise
4093,2462,2016-04-03,16470000,Initial
4094,2462,2018-01-02,17620000,Adjustment
4095,2462,2019-10-03,18480000,Annual Raise
4096,2462,2021-07-03,19880000,Promotion
4097,2462,2023-04-03,22130000,Adjustment
4098,2463,2020-07-26,9940000,Initial
4099,2463,2022-10-14,11070000,Adjustment
4100,2464,2018-09-10,13960000,Initial
4101,2464,2020-04-08,15580000,Market Correction
4102,2464,2021-11-05,16870000,Market Correction
4103,2464,2023-06-04,18360000,Annual Raise
4104,2465,2019-09-29,32180000,Initial
4105,2465,2021-06-30,33730000,Adjustment
4106,2465,2023-04-01,35860000,Promotion
4107,2466,2019-12-06,21980000,Initial
4108,2466,2021-08-14,23470000,Market Correction
4109,2466,2023-04-24,25500000,Market Correction
4110,2467,2022-11-05,10850000,Initial
4111,2468,2022-08-28,39090000,Initial
4112,2469,2019-01-26,34550000,Initial
4113,2469,2021-01-17,37910000,Adjustment
4114,2469,2023-01-09,39770000,Annual Raise
4115,2470,2022-03-28,7840000,Initial
4116,2471,2022-09-30,18610000,Initial
4117,2472,2018-06-20,11680000,Initial
4118,2472,2020-02-06,12410000,Promotion
4119,2472,2021-09-25,13360000,Promotion
4120,2472,2023-05-15,14040000,Market Correction
4121,2473,2020-12-30,19180000,Initial
4122,2473,2022-12-31,20250000,Adjustment
4123,2474,2017-11-12,26240000,Initial
4124,2474,2019-08-25,28080000,Promotion
4125,2474,2021-06-07,30600000,Promotion
4126,2474,2023-03-21,33580000,Annual Raise
4127,2475,2019-12-03,19880000,Initial
4128,2475,2021-08-12,21880000,Promotion
4129,2475,2023-04-23,22770000,Market Correction
4130,2476,2018-01-27,17580000,Initial
4131,2476,2019-10-21,18750000,Adjustment
4132,2476,2021-07-15,20970000,Annual Raise
4133,2476,2023-04-09,22750000,Market Correction
4134,2477,2024-06-07,43500000,Initial
4135,2478,2024-03-30,12500000,Initial
4136,2479,2021-10-02,14160000,Initial
4137,2479,2023-05-18,15810000,Promotion
4138,2480,2022-10-18,39160000,Initial
4139,2481,2023-11-15,21890000,Initial
4140,2482,2018-07-09,18000000,Initial
4141,2482,2020-02-21,19320000,Annual Raise
4142,2482,2021-10-05,21500000,Promotion
4143,2482,2023-05-20,22420000,Market Correction
4144,2483,2024-07-01,18890000,Initial
4145,2484,2020-01-24,14430000,Initial
4146,2484,2021-09-16,16080000,Market Correction
4147,2484,2023-05-10,16940000,Market Correction
4148,2485,2022-09-16,18170000,Initial
4149,2486,2015-12-12,15300000,Initial
4150,2486,2017-06-15,17030000,Market Correction
4151,2486,2018-12-18,18850000,Annual Raise
4152,2486,2020-06-22,20700000,Market Correction
4153,2486,2021-12-25,22660000,Market Correction
4154,2486,2023-06-29,24920000,Market Correction
4155,2487,2024-05-11,7610000,Initial
4156,2488,2021-04-06,7140000,Initial
4157,2488,2023-02-18,7760000,Market Correction
4158,2489,2020-03-09,11690000,Initial
4159,2489,2022-05-26,12690000,Annual Raise
4160,2490,2021-09-25,26130000,Initial
4161,2490,2023-05-15,28530000,Annual Raise
4162,2491,2021-05-12,12170000,Initial
4163,2491,2023-01-30,13290000,Promotion
4164,2492,2024-04-11,29040000,Initial
4165,2493,2017-02-19,18550000,Initial
4166,2493,2018-09-16,19960000,Adjustment
4167,2493,2020-04-13,20870000,Market Correction
4168,2493,2021-11-08,22390000,Promotion
4169,2493,2023-06-06,23910000,Adjustment
4170,2494,2019-04-14,22800000,Initial
4171,2494,2021-03-10,24410000,Promotion
4172,2494,2023-02-04,25810000,Annual Raise
4173,2495,2023-02-24,65710000,Initial
4174,2496,2015-04-28,12870000,Initial
4175,2496,2016-12-07,14370000,Promotion
4176,2496,2018-07-19,15520000,Promotion
4177,2496,2020-02-29,16770000,Promotion
4178,2496,2021-10-10,18120000,Promotion
4179,2496,2023-05-22,20160000,Adjustment
4180,2497,2017-10-14,14340000,Initial
4181,2497,2019-08-04,15880000,Annual Raise
4182,2497,2021-05-24,17210000,Annual Raise
4183,2497,2023-03-14,18110000,Promotion
4184,2498,2015-02-12,14790000,Initial
4185,2498,2016-10-05,15870000,Market Correction
4186,2498,2018-05-30,17210000,Market Correction
4187,2498,2020-01-22,18450000,Promotion
4188,2498,2021-09-15,19350000,Market Correction
4189,2498,2023-05-10,20140000,Market Correction
4190,2499,2022-09-14,7410000,Initial
4191,2500,2015-10-27,16190000,Initial
4192,2501,2020-04-12,19110000,Initial
4193,2501,2021-11-08,20300000,Adjustment
4194,2501,2023-06-06,21600000,Annual Raise
4195,2502,2015-01-22,11830000,Initial
4196,2502,2016-09-18,12480000,Annual Raise
4197,2502,2018-05-16,13950000,Market Correction
4198,2502,2020-01-12,14630000,Market Correction
4199,2502,2021-09-08,16310000,Annual Raise
4200,2502,2023-05-06,17830000,Adjustment
4201,2503,2022-07-12,42610000,Initial
4202,2504,2017-12-02,18780000,Initial
4203,2504,2019-06-04,20740000,Promotion
4204,2504,2020-12-05,21970000,Adjustment
4205,2504,2022-06-07,24080000,Adjustment
4206,2505,2016-01-03,24580000,Initial
4207,2505,2017-10-21,25940000,Market Correction
4208,2505,2019-08-09,28670000,Annual Raise
4209,2505,2021-05-27,31570000,Adjustment
4210,2505,2023-03-15,33430000,Adjustment
4211,2506,2016-04-23,9030000,Initial
4212,2506,2018-01-18,9850000,Annual Raise
4213,2506,2019-10-15,10460000,Promotion
4214,2506,2021-07-11,11000000,Promotion
4215,2506,2023-04-07,12290000,Promotion
4216,2507,2023-05-22,11600000,Initial
4217,2508,2021-11-15,20030000,Initial
4218,2508,2023-06-09,21870000,Adjustment
4219,2509,2016-11-06,9570000,Initial
4220,2509,2018-06-24,10000000,Annual Raise
4221,2509,2020-02-10,10680000,Market Correction
4222,2509,2021-09-27,11370000,Adjustment
4223,2509,2023-05-16,12240000,Market Correction
4224,2510,2021-03-26,13410000,Initial
4225,2510,2023-02-12,14340000,Adjustment
4226,2511,2015-08-06,33450000,Initial
4227,2511,2017-02-28,36720000,Market Correction
4228,2511,2018-09-24,40190000,Adjustment
4229,2511,2020-04-19,43730000,Promotion
4230,2511,2021-11-12,47610000,Market Correction
4231,2511,2023-06-08,53110000,Annual Raise
4232,2512,2020-04-10,14950000,Initial
4233,2512,2021-11-06,15650000,Annual Raise
4234,2512,2023-06-05,16560000,Market Correction
4235,2513,2020-07-20,29810000,Initial
4236,2514,2020-07-12,35140000,Initial
4237,2515,2024-09-26,21120000,Initial
4238,2516,2021-04-26,15380000,Initial
4239,2516,2023-02-28,16700000,Promotion
4240,2517,2020-11-24,20670000,Initial
4241,2517,2022-12-13,21810000,Market Correction
4242,2518,2017-10-05,23330000,Initial
4243,2518,2019-07-28,25880000,Promotion
4244,2518,2021-05-19,28890000,Market Correction
4245,2518,2023-03-11,30910000,Promotion
4246,2519,2015-04-17,27720000,Initial
4247,2519,2016-11-28,30180000,Annual Raise
4248,2519,2018-07-12,31920000,Adjustment
4249,2519,2020-02-23,33980000,Market Correction
4250,2519,2021-10-06,35690000,Adjustment
4251,2519,2023-05-20,39860000,Adjustment
4252,2520,2021-08-15,24140000,Initial
4253,2520,2023-04-24,26040000,Promotion
4254,2521,2015-04-29,23370000,Initial
4255,2521,2016-12-08,26140000,Promotion
4256,2521,2018-07-20,27390000,Market Correction
4257,2521,2020-02-29,30430000,Market Correction
4258,2521,2021-10-10,33300000,Market Correction
4259,2521,2023-05-22,34930000,Adjustment
4260,2522,2022-01-17,10820000,Initial
4261,2523,2015-06-29,13880000,Initial
4262,2523,2017-01-28,15100000,Annual Raise
4263,2523,2018-08-30,16900000,Adjustment
4264,2523,2020-03-31,17610000,Annual Raise
4265,2523,2021-10-31,18670000,Annual Raise
4266,2523,2023-06-02,20890000,Promotion
4267,2524,2017-05-15,29480000,Initial
4268,2524,2018-11-23,31420000,Adjustment
4269,2524,2020-06-03,33600000,Annual Raise
4270,2524,2021-12-12,36120000,Promotion
4271,2524,2023-06-23,40190000,Adjustment
4272,2525,2023-05-05,15080000,Initial
4273,2526,2016-12-30,28820000,Initial
4274,2526,2018-08-06,30600000,Adjustment
4275,2526,2020-03-13,33340000,Annual Raise
4276,2526,2021-10-19,34870000,Promotion
4277,2526,2023-05-27,38630000,Adjustment
4278,2527,2016-10-29,40890000,Initial
4279,2527,2018-06-18,42840000,Adjustment
4280,2527,2020-02-05,46730000,Adjustment
4281,2527,2021-09-24,51190000,Market Correction
4282,2527,2023-05-14,56060000,Market Correction
4283,2528,2016-05-08,14170000,Initial
4284,2528,2018-01-30,15390000,Promotion
4285,2528,2019-10-24,16310000,Promotion
4286,2528,2021-07-17,17700000,Promotion
4287,2528,2023-04-10,19320000,Annual Raise
4288,2529,2022-09-06,39400000,Initial
4289,2530,2020-09-30,17970000,Initial
4290,2530,2022-11-16,19360000,Adjustment
4291,2531,2018-01-04,27130000,Initial
4292,2531,2019-10-04,30170000,Market Correction
4293,2531,2021-07-04,32020000,Promotion
4294,2531,2023-04-03,34410000,Promotion
4295,2532,2024-02-04,28250000,Initial
4296,2533,2016-01-16,14170000,Initial
4297,2533,2018-03-15,15580000,Annual Raise
4298,2534,2020-07-21,14280000,Initial
4299,2534,2022-10-11,15980000,Adjustment
4300,2535,2020-04-01,25800000,Initial
4301,2535,2021-10-31,28200000,Adjustment
4302,2535,2023-06-02,30540000,Adjustment
4303,2536,2022-09-03,31020000,Initial
4304,2537,2021-05-17,21000000,Initial
4305,2538,2019-08-19,15040000,Initial
4306,2538,2021-09-23,16150000,Market Correction
4307,2539,2018-12-26,35900000,Initial
4308,2539,2020-06-27,39420000,Annual Raise
4309,2539,2021-12-29,42260000,Adjustment
4310,2539,2023-07-01,45950000,Market Correction
4311,2540,2016-04-11,36860000,Initial
4312,2540,2018-01-08,39990000,Adjustment
4313,2540,2019-10-07,44360000,Promotion
4314,2540,2021-07-06,47940000,Promotion
4315,2540,2023-04-04,50680000,Adjustment
4316,2541,2024-06-14,11400000,Initial
4317,2542,2018-07-09,12590000,Initial
4318,2542,2020-02-21,13270000,Annual Raise
4319,2542,2021-10-05,14280000,Annual Raise
4320,2542,2023-05-20,15510000,Adjustment
4321,2543,2021-12-30,27430000,Initial
4322,2543,2023-07-02,28770000,Market Correction
4323,2544,2017-05-14,14750000,Initial
4324,2544,2018-11-22,15850000,Market Correction
4325,2544,2020-06-02,17020000,Adjustment
4326,2544,2021-12-12,18740000,Promotion
4327,2544,2023-06-23,20410000,Annual Raise
4328,2545,2024-10-10,22320000,Initial
4329,2546,2019-06-06,60220000,Initial
4330,2547,2024-09-28,28750000,Initial
4331,2548,2018-05-25,16960000,Initial
4332,2548,2020-01-18,18940000,Promotion
4333,2548,2021-09-12,20000000,Annual Raise
4334,2548,2023-05-08,21690000,Adjustment
4335,2549,2024-01-09,14390000,Initial
4336,2550,2016-04-03,25120000,Initial
4337,2550,2018-01-02,26310000,Annual Raise
4338,2550,2019-10-03,28600000,Adjustment
4339,2550,2021-07-03,30270000,Adjustment
4340,2550,2023-04-03,32540000,Promotion
4341,2551,2017-05-07,19960000,Initial
4342,2551,2018-11-17,20950000,Market Correction
4343,2551,2020-05-29,22040000,Market Correction
4344,2551,2021-12-09,23490000,Market Correction
4345,2551,2023-06-21,25860000,Market Correction
4346,2552,2024-06-11,20000000,Initial
4347,2553,2023-08-19,23180000,Initial
4348,2554,2016-11-11,26840000,Initial
4349,2554,2018-06-28,29320000,Annual Raise
4350,2554,2020-02-13,30730000,Promotion
4351,2554,2021-09-29,32280000,Annual Raise
4352,2554,2023-05-17,35190000,Adjustment
4353,2555,2020-04-15,14930000,Initial
4354,2555,2021-10-17,16000000,Annual Raise
4355,2556,2021-05-21,28910000,Initial
4356,2556,2023-03-12,31030000,Annual Raise
4357,2557,2016-02-25,41570000,Initial
4358,2557,2017-12-02,44510000,Annual Raise
4359,2557,2019-09-10,47590000,Market Correction
4360,2557,2021-06-17,51460000,Promotion
4361,2557,2023-03-26,57520000,Annual Raise
4362,2558,2024-07-07,42430000,Initial
4363,2559,2015-06-01,15870000,Initial
4364,2559,2017-01-04,16890000,Adjustment
4365,2559,2018-08-11,18140000,Promotion
4366,2559,2020-03-17,19960000,Annual Raise
4367,2559,2021-10-21,21680000,Adjustment
4368,2559,2023-05-28,24100000,Annual Raise
4369,2560,2017-08-07,12640000,Initial
4370,2560,2019-06-14,13740000,Annual Raise
4371,2560,2021-04-20,15250000,Adjustment
4372,2560,2023-02-25,16740000,Promotion
4373,2561,2021-03-16,13050000,Initial
4374,2562,2020-01-11,14880000,Initial
4375,2562,2021-09-07,15500000,Market Correction
4376,2562,2023-05-06,16510000,Market Correction
4377,2563,2020-04-06,12540000,Initial
4378,2563,2021-11-04,13770000,Market Correction
4379,2563,2023-06-04,15290000,Promotion
4380,2564,2021-10-02,15560000,Initial
4381,2564,2023-05-18,16790000,Annual Raise
4382,2565,2024-11-26,43270000,Initial
4383,2566,2024-05-05,38760000,Initial
4384,2567,2023-12-20,31790000,Initial
4385,2568,2022-09-30,32440000,Initial
4386,2569,2017-03-28,25450000,Initial
4387,2569,2018-10-16,26640000,Annual Raise
4388,2569,2020-05-05,28820000,Market Correction
4389,2569,2021-11-23,30350000,Annual Raise
4390,2569,2023-06-13,31670000,Market Correction
4391,2570,2020-07-15,36360000,Initial
4392,2570,2022-10-08,39120000,Annual Raise
4393,2571,2019-01-09,17910000,Initial
4394,2571,2021-01-06,19470000,Annual Raise
4395,2571,2023-01-04,21370000,Market Correction
4396,2572,2024-04-14,35650000,Initial
4397,2573,2018-10-15,12120000,Initial
4398,2573,2020-05-04,13370000,Adjustment
4399,2573,2021-11-23,14870000,Market Correction
4400,2573,2023-06-13,16390000,Adjustment
4401,2574,2020-06-15,38500000,Initial
4402,2574,2021-12-20,42050000,Promotion
4403,2574,2023-06-27,44390000,Adjustment
4404,2575,2023-08-21,32570000,Initial
4405,2576,2022-12-03,29290000,Initial
4406,2577,2016-03-09,12780000,Initial
4407,2577,2017-12-13,13440000,Market Correction
4408,2577,2019-09-18,14910000,Annual Raise
4409,2577,2021-06-23,16390000,Market Correction
4410,2577,2023-03-29,17420000,Annual Raise
4411,2578,2024-03-27,10850000,Initial
4412,2579,2024-10-07,30100000,Initial
4413,2580,2022-12-10,22270000,Initial
4414,2581,2016-09-23,7270000,Initial
4415,2581,2018-05-20,8010000,Promotion
4416,2581,2020-01-14,8790000,Market Correction
4417,2581,2021-09-10,9720000,Promotion
4418,2581,2023-05-07,10750000,Promotion
4419,2582,2024-07-07,19490000,Initial
4420,2583,2017-10-01,53630000,Initial
4421,2583,2019-07-25,55820000,Annual Raise
4422,2583,2021-05-17,61410000,Adjustment
4423,2583,2023-03-10,64710000,Adjustment
4424,2584,2015-12-16,11470000,Initial
4425,2584,2017-06-18,12040000,Promotion
4426,2584,2018-12-21,12750000,Promotion
4427,2584,2020-06-24,13880000,Annual Raise
4428,2584,2021-12-26,14820000,Market Correction
4429,2584,2023-06-30,16390000,Annual Raise
4430,2585,2022-01-22,15560000,Initial
4431,2586,2023-10-30,26720000,Initial
4432,2587,2020-02-23,32880000,Initial
4433,2587,2021-10-06,36460000,Annual Raise
4434,2587,2023-05-20,38570000,Promotion
4435,2588,2015-05-02,9930000,Initial
4436,2588,2016-12-10,10780000,Promotion
4437,2588,2018-07-22,11440000,Annual Raise
4438,2588,2020-03-02,12170000,Promotion
4439,2588,2021-10-11,13090000,Market Correction
4440,2588,2023-05-23,13980000,Adjustment
4441,2589,2015-12-14,12100000,Initial
4442,2589,2017-06-17,12670000,Adjustment
4443,2589,2018-12-20,13530000,Annual Raise
4444,2589,2020-06-23,14560000,Adjustment
4445,2589,2021-12-26,16260000,Promotion
4446,2589,2023-06-30,17020000,Promotion
4447,2590,2019-11-13,27130000,Initial
4448,2590,2021-06-13,28470000,Adjustment
4449,2590,2023-01-12,30850000,Annual Raise
4450,2591,2021-06-11,14330000,Initial
4451,2591,2023-02-23,15510000,Annual Raise
4452,2592,2023-02-03,10390000,Initial
4453,2593,2020-12-01,44070000,Initial
4454,2593,2022-12-17,46310000,Adjustment
4455,2594,2022-03-22,23730000,Initial
4456,2595,2022-10-27,26920000,Initial
4457,2596,2024-11-17,35440000,Initial
4458,2597,2023-02-18,22310000,Initial
4459,2598,2017-05-25,14670000,Initial
4460,2598,2019-01-25,16400000,Promotion
4461,2598,2020-09-26,17930000,Annual Raise
4462,2598,2022-05-29,19660000,Market Correction
4463,2599,2015-04-06,17230000,Initial
4464,2599,2016-10-30,18240000,Market Correction
4465,2599,2018-05-27,18970000,Market Correction
4466,2599,2019-12-22,20430000,Annual Raise
4467,2599,2021-07-17,22640000,Annual Raise
4468,2599,2023-02-11,24230000,Adjustment
4469,2600,2024-05-01,17900000,Initial
4470,2601,2023-03-18,14200000,Initial
4471,2602,2016-05-22,57540000,Initial
4472,2602,2018-02-10,61370000,Annual Raise
4473,2602,2019-11-01,67730000,Adjustment
4474,2602,2021-07-22,71720000,Adjustment
4475,2602,2023-04-12,77600000,Promotion
4476,2603,2018-05-05,38650000,Initial
4477,2603,2020-01-03,42660000,Annual Raise
4478,2603,2021-09-02,46460000,Annual Raise
4479,2603,2023-05-03,49830000,Market Correction
4480,2604,2024-01-12,16400000,Initial
4481,2605,2018-12-05,16420000,Initial
4482,2605,2020-06-11,17080000,Market Correction
4483,2605,2021-12-18,18340000,Promotion
4484,2605,2023-06-26,19500000,Promotion
4485,2606,2023-01-04,14810000,Initial
4486,2607,2020-10-16,18610000,Initial
4487,2607,2022-11-24,19460000,Promotion
4488,2608,2022-12-24,17800000,Initial
4489,2609,2019-10-07,14240000,Initial
4490,2609,2021-07-05,15740000,Promotion
4491,2609,2023-04-04,17090000,Promotion
4492,2610,2019-02-21,39470000,Initial
4493,2610,2021-02-03,41640000,Promotion
4494,2610,2023-01-18,44650000,Adjustment
4495,2611,2024-10-11,31620000,Initial
4496,2612,2022-09-23,33670000,Initial
4497,2613,2024-03-28,24540000,Initial
4498,2614,2016-06-13,13520000,Initial
4499,2614,2018-02-27,14550000,Annual Raise
4500,2614,2019-11-14,15230000,Annual Raise
4501,2614,2021-07-31,16160000,Adjustment
4502,2614,2023-04-17,16950000,Promotion
4503,2615,2022-10-15,12510000,Initial
4504,2616,2016-05-01,28840000,Initial
4505,2616,2018-01-24,30670000,Promotion
4506,2616,2019-10-19,32390000,Promotion
4507,2616,2021-07-14,35930000,Promotion
4508,2616,2023-04-08,37960000,Annual Raise
4509,2617,2021-05-30,29410000,Initial
4510,2617,2023-03-17,31280000,Adjustment
4511,2618,2018-06-02,40070000,Initial
4512,2618,2020-01-24,43750000,Market Correction
4513,2618,2021-09-16,47710000,Promotion
4514,2618,2023-05-10,52570000,Annual Raise
4515,2619,2023-11-15,19390000,Initial
4516,2620,2018-03-07,25060000,Initial
4517,2620,2019-11-20,28000000,Annual Raise
4518,2620,2021-08-04,30620000,Annual Raise
4519,2620,2023-04-19,32520000,Annual Raise
4520,2621,2021-02-20,29840000,Initial
4521,2621,2023-01-26,33100000,Annual Raise
4522,2622,2021-05-06,12900000,Initial
4523,2622,2023-03-05,13790000,Promotion
4524,2623,2024-05-10,14170000,Initial
4525,2624,2020-08-29,13670000,Initial
4526,2624,2022-10-31,15300000,Adjustment
4527,2625,2024-09-18,30900000,Initial
4528,2626,2019-05-06,21200000,Initial
4529,2626,2021-03-25,22350000,Adjustment
4530,2626,2023-02-12,24510000,Promotion
4531,2627,2022-07-09,28730000,Initial
4532,2628,2024-09-16,22670000,Initial
4533,2629,2021-04-17,12420000,Initial
4534,2629,2023-02-23,13750000,Promotion
4535,2630,2021-12-09,27940000,Initial
4536,2630,2023-06-21,29570000,Annual Raise
4537,2631,2023-06-02,18080000,Initial
4538,2632,2015-03-19,15940000,Initial
4539,2632,2016-11-04,17340000,Promotion
4540,2632,2018-06-23,18120000,Promotion
4541,2632,2020-02-09,19580000,Promotion
4542,2632,2021-09-27,21460000,Adjustment
4543,2632,2023-05-16,22420000,Promotion
4544,2633,2015-12-13,12280000,Initial
4545,2633,2017-06-16,13660000,Market Correction
4546,2633,2018-12-19,14930000,Annual Raise
4547,2633,2020-06-22,15710000,Promotion
4548,2633,2021-12-25,17370000,Promotion
4549,2633,2023-06-29,19060000,Promotion
4550,2634,2020-07-06,19010000,Initial
4551,2634,2022-10-04,21230000,Adjustment
4552,2635,2019-08-27,20840000,Initial
4553,2635,2021-05-18,21680000,Adjustment
4554,2636,2016-04-14,16130000,Initial
4555,2636,2018-01-10,17040000,Market Correction
4556,2636,2019-10-09,19000000,Adjustment
4557,2636,2021-07-07,20130000,Adjustment
4558,2636,2023-04-05,22270000,Promotion
4559,2637,2017-01-18,44440000,Initial
4560,2637,2018-08-22,48460000,Promotion
4561,2637,2020-03-25,53230000,Adjustment
4562,2637,2021-10-27,56910000,Promotion
4563,2637,2023-05-31,59990000,Market Correction
4564,2638,2022-08-11,32080000,Initial
4565,2639,2015-04-22,30360000,Initial
4566,2639,2016-12-02,33330000,Adjustment
4567,2639,2018-07-15,36760000,Adjustment
4568,2639,2020-02-26,39440000,Market Correction
4569,2639,2021-10-08,41880000,Market Correction
4570,2639,2023-05-21,43750000,Annual Raise
4571,2640,2016-08-06,18520000,Initial
4572,2640,2018-04-12,19550000,Promotion
4573,2640,2019-12-17,20450000,Adjustment
4574,2640,2021-08-22,22080000,Market Correction
4575,2640,2023-04-28,24370000,Market Correction
4576,2641,2015-08-01,15240000,Initial
4577,2641,2017-02-24,16250000,Promotion
4578,2641,2018-09-21,17520000,Adjustment
4579,2641,2020-04-16,19080000,Promotion
4580,2641,2021-11-11,21170000,Annual Raise
4581,2641,2023-06-07,23210000,Adjustment
4582,2642,2020-09-14,55220000,Initial
4583,2642,2022-11-08,58480000,Promotion
4584,2643,2015-09-06,13040000,Initial
4585,2643,2017-03-26,14410000,Market Correction
4586,2643,2018-10-15,15240000,Market Correction
4587,2643,2020-05-04,16110000,Market Correction
4588,2643,2021-11-23,17660000,Promotion
4589,2643,2023-06-13,19710000,Adjustment
4590,2644,2015-04-29,12160000,Initial
4591,2644,2016-12-08,13420000,Adjustment
4592,2644,2018-07-20,14740000,Promotion
4593,2644,2020-02-29,16440000,Market Correction
4594,2644,2021-10-10,17710000,Promotion
4595,2644,2023-05-22,18650000,Adjustment
4596,2645,2018-01-07,12180000,Initial
4597,2645,2019-10-06,13510000,Market Correction
4598,2645,2021-07-05,14320000,Annual Raise
4599,2645,2023-04-04,15530000,Adjustment
4600,2646,2023-07-23,13810000,Initial
4601,2647,2020-01-01,25890000,Initial
4602,2647,2022-01-11,27100000,Promotion
4603,2648,2019-03-10,13460000,Initial
4604,2648,2021-02-15,14600000,Market Correction
4605,2648,2023-01-24,16040000,Market Correction
4606,2649,2021-03-23,18400000,Initial
4607,2649,2023-02-11,20340000,Adjustment
4608,2650,2022-04-28,14210000,Initial
4609,2651,2018-01-24,28210000,Initial
4610,2651,2019-10-19,30340000,Adjustment
4611,2651,2021-07-14,33880000,Annual Raise
4612,2651,2023-04-08,35910000,Adjustment
4613,2652,2024-06-12,22580000,Initial
4614,2653,2015-07-06,24800000,Initial
4615,2653,2017-02-02,27160000,Market Correction
4616,2653,2018-09-03,28410000,Market Correction
4617,2653,2020-04-03,30440000,Promotion
4618,2653,2021-11-02,32350000,Adjustment
4619,2653,2023-06-03,35360000,Promotion
4620,2654,2016-01-03,46590000,Initial
4621,2654,2017-10-21,50370000,Annual Raise
4622,2654,2019-08-09,53520000,Market Correction
4623,2654,2021-05-27,57600000,Market Correction
4624,2654,2023-03-15,59990000,Adjustment
4625,2655,2024-11-06,29880000,Initial
4626,2656,2024-11-29,14060000,Initial
4627,2657,2018-01-23,16570000,Initial
4628,2657,2019-10-18,17590000,Annual Raise
4629,2657,2021-07-13,19020000,Adjustment
4630,2657,2023-04-08,20860000,Market Correction
4631,2658,2021-09-21,19720000,Initial
4632,2658,2023-05-13,21550000,Adjustment
4633,2659,2021-10-29,9910000,Initial
4634,2659,2023-06-01,10730000,Promotion
4635,2660,2021-03-26,24580000,Initial
4636,2660,2023-02-12,27470000,Promotion
4637,2661,2021-01-13,31060000,Initial
4638,2661,2023-01-07,33220000,Market Correction
4639,2662,2024-05-01,29520000,Initial
4640,2663,2024-02-12,32730000,Initial
4641,2664,2024-05-30,40180000,Initial
4642,2665,2020-03-10,46930000,Initial
4643,2665,2021-10-17,51960000,Adjustment
4644,2665,2023-05-26,55190000,Promotion
4645,2666,2023-05-02,17740000,Initial
4646,2667,2017-02-23,35350000,Initial
4647,2667,2018-12-28,39310000,Adjustment
4648,2667,2020-10-31,43270000,Market Correction
4649,2667,2022-09-04,47350000,Adjustment
4650,2668,2017-08-17,10920000,Initial
4651,2668,2019-06-21,11950000,Market Correction
4652,2668,2021-04-25,13220000,Market Correction
4653,2668,2023-02-27,14070000,Adjustment
4654,2669,2022-11-23,9750000,Initial
4655,2670,2016-03-30,24110000,Initial
4656,2670,2017-12-29,25110000,Promotion
4657,2670,2019-09-30,26720000,Adjustment
4658,2670,2021-07-01,29340000,Promotion
4659,2670,2023-04-02,31880000,Market Correction
4660,2671,2021-03-10,31390000,Initial
4661,2671,2023-01-08,32890000,Promotion
4662,2672,2015-09-25,10980000,Initial
4663,2672,2017-04-11,11560000,Adjustment
4664,2672,2018-10-27,12600000,Promotion
4665,2672,2020-05-14,13730000,Promotion
4666,2672,2021-11-29,15000000,Adjustment
4667,2672,2023-06-16,16190000,Promotion
4668,2673,2021-05-23,18300000,Initial
4669,2673,2023-03-13,19610000,Market Correction
4670,2674,2017-02-24,14410000,Initial
4671,2674,2018-09-20,15290000,Market Correction
4672,2674,2020-04-16,16640000,Promotion
4673,2674,2021-11-10,17650000,Adjustment
4674,2674,2023-06-07,18600000,Annual Raise
4675,2675,2022-08-20,28810000,Initial
4676,2676,2022-03-10,16550000,Initial
4677,2677,2019-11-07,15250000,Initial
4678,2677,2021-07-26,16980000,Adjustment
4679,2677,2023-04-14,17990000,Market Correction
4680,2678,2020-07-22,11710000,Initial
4681,2678,2022-10-12,12270000,Annual Raise
4682,2679,2015-07-12,10810000,Initial
4683,2679,2017-02-07,11980000,Promotion
4684,2679,2018-09-07,12900000,Market Correction
4685,2679,2020-04-06,13440000,Market Correction
4686,2679,2021-11-04,14520000,Promotion
4687,2679,2023-06-04,15270000,Promotion
4688,2680,2015-01-22,15940000,Initial
4689,2680,2016-09-18,17320000,Adjustment
4690,2680,2018-05-16,19160000,Adjustment
4691,2680,2020-01-12,20540000,Promotion
4692,2680,2021-09-08,21650000,Adjustment
4693,2680,2023-05-06,23510000,Market Correction
4694,2681,2023-04-09,11280000,Initial
4695,2682,2017-03-17,20820000,Initial
4696,2682,2018-10-07,22860000,Adjustment
4697,2682,2020-04-28,24710000,Market Correction
4698,2682,2021-11-19,27290000,Promotion
4699,2682,2023-06-11,28920000,Annual Raise
4700,2683,2015-04-25,14990000,Initial
4701,2683,2016-12-04,15940000,Market Correction
4702,2683,2018-07-17,16650000,Annual Raise
4703,2683,2020-02-27,18050000,Market Correction
4704,2683,2021-10-09,20080000,Promotion
4705,2683,2023-05-22,21800000,Adjustment
4706,2684,2024-06-04,35970000,Initial
4707,2685,2024-05-02,11830000,Initial
4708,2686,2023-09-13,31870000,Initial
4709,2687,2021-06-29,39030000,Initial
4710,2687,2023-04-01,43050000,Market Correction
4711,2688,2018-07-07,17850000,Initial
4712,2688,2020-02-19,19610000,Promotion
4713,2688,2021-10-04,21100000,Annual Raise
4714,2688,2023-05-19,22560000,Market Correction
4715,2689,2015-09-11,29990000,Initial
4716,2689,2017-03-30,32490000,Annual Raise
4717,2689,2018-10-18,35470000,Adjustment
4718,2689,2020-05-07,37640000,Promotion
4719,2689,2021-11-24,39210000,Annual Raise
4720,2689,2023-06-14,43480000,Annual Raise
4721,2690,2015-09-27,23650000,Initial
4722,2691,2019-07-04,20920000,Initial
4723,2691,2021-01-27,23220000,Market Correction
4724,2691,2022-08-23,25310000,Promotion
4725,2692,2020-02-01,38140000,Initial
4726,2692,2021-09-21,41660000,Market Correction
4727,2692,2023-05-13,43770000,Annual Raise
4728,2693,2018-10-23,24300000,Initial
4729,2693,2020-05-10,25720000,Annual Raise
4730,2693,2021-11-27,27720000,Promotion
4731,2693,2023-06-15,29230000,Annual Raise
4732,2694,2020-10-19,11700000,Initial
4733,2694,2022-11-25,12650000,Market Correction
4734,2695,2021-09-03,21840000,Initial
4735,2695,2023-05-04,23250000,Promotion
4736,2696,2021-06-05,31040000,Initial
4737,2696,2023-03-20,34440000,Market Correction
4738,2697,2020-05-25,13740000,Initial
4739,2697,2021-12-06,14560000,Promotion
4740,2697,2023-06-20,16030000,Market Correction
4741,2698,2023-12-09,21090000,Initial
4742,2699,2018-06-28,25020000,Initial
4743,2699,2020-02-12,27970000,Annual Raise
4744,2699,2021-09-29,29330000,Market Correction
4745,2699,2023-05-17,31390000,Promotion
4746,2700,2020-04-07,21000000,Initial
4747,2700,2021-11-04,21940000,Annual Raise
4748,2700,2023-06-04,23300000,Annual Raise
4749,2701,2020-10-21,13950000,Initial
4750,2701,2022-11-26,15120000,Adjustment
4751,2702,2020-09-08,50850000,Initial
4752,2702,2022-11-05,53810000,Market Correction
4753,2703,2018-11-09,10500000,Initial
4754,2703,2020-05-23,11260000,Market Correction
4755,2703,2021-12-05,12040000,Annual Raise
4756,2703,2023-06-19,13320000,Promotion
4757,2704,2023-10-22,18760000,Initial
4758,2705,2021-09-22,25380000,Initial
4759,2705,2023-05-13,27590000,Market Correction
4760,2706,2021-11-28,13100000,Initial
4761,2706,2023-06-16,14440000,Adjustment
4762,2707,2024-10-28,46100000,Initial
4763,2708,2022-03-01,29030000,Initial
4764,2709,2017-09-06,16500000,Initial
4765,2709,2019-07-06,17550000,Promotion
4766,2709,2021-05-05,19090000,Annual Raise
4767,2709,2023-03-04,21350000,Promotion
4768,2710,2017-04-20,11300000,Initial
4769,2710,2018-11-03,12510000,Annual Raise
4770,2710,2020-05-19,13300000,Adjustment
4771,2710,2021-12-02,14390000,Market Correction
4772,2710,2023-06-18,15800000,Promotion
4773,2711,2019-01-05,20420000,Initial
4774,2712,2022-01-29,18980000,Initial
4775,2713,2017-03-26,22570000,Initial
4776,2713,2018-10-14,24700000,Adjustment
4777,2713,2020-05-04,26790000,Market Correction
4778,2713,2021-11-22,28680000,Market Correction
4779,2713,2023-06-13,31660000,Promotion
4780,2714,2023-01-23,22830000,Initial
4781,2715,2024-06-14,23570000,Initial
4782,2716,2019-04-02,20270000,Initial
4783,2716,2021-03-02,21890000,Adjustment
4784,2716,2023-01-31,23890000,Adjustment
4785,2717,2018-06-03,18410000,Initial
4786,2717,2020-01-25,20070000,Promotion
4787,2717,2021-09-17,21860000,Promotion
4788,2717,2023-05-11,23380000,Market Correction
4789,2718,2020-11-28,33320000,Initial
4790,2718,2022-12-15,36360000,Adjustment
4791,2719,2016-04-30,30570000,Initial
4792,2720,2022-10-15,41970000,Initial
4793,2721,2015-07-09,11240000,Initial
4794,2721,2017-02-05,11770000,Adjustment
4795,2721,2018-09-05,13170000,Market Correction
4796,2721,2020-04-05,14210000,Promotion
4797,2721,2021-11-03,15020000,Promotion
4798,2721,2023-06-03,16160000,Annual Raise
4799,2722,2023-11-09,8000000,Initial
4800,2723,2024-10-15,15990000,Initial
4801,2724,2017-05-07,18020000,Initial
4802,2724,2018-11-17,19410000,Market Correction
4803,2724,2020-05-29,21120000,Promotion
4804,2724,2021-12-09,23580000,Adjustment
4805,2724,2023-06-21,25300000,Annual Raise
4806,2725,2016-11-16,21200000,Initial
4807,2725,2018-07-02,22700000,Promotion
4808,2725,2020-02-16,24110000,Market Correction
4809,2725,2021-10-01,25520000,Adjustment
4810,2725,2023-05-18,27060000,Annual Raise
4811,2726,2020-08-04,23740000,Initial
4812,2726,2022-10-18,25650000,Annual Raise
4813,2727,2020-11-22,13450000,Initial
4814,2727,2022-12-12,14020000,Promotion
4815,2728,2018-01-04,23000000,Initial
4816,2728,2019-10-04,24080000,Market Correction
4817,2728,2021-07-04,26300000,Market Correction
4818,2728,2023-04-03,28510000,Adjustment
4819,2729,2017-04-28,16390000,Initial
4820,2729,2018-11-10,17330000,Market Correction
4821,2729,2020-05-24,18460000,Annual Raise
4822,2729,2021-12-06,19560000,Market Correction
4823,2729,2023-06-20,21730000,Market Correction
4824,2730,2019-06-10,24180000,Initial
4825,2731,2017-11-08,12670000,Initial
4826,2731,2019-08-22,13860000,Annual Raise
4827,2731,2021-06-05,15360000,Market Correction
4828,2731,2023-03-20,16500000,Promotion
4829,2732,2019-12-26,32210000,Initial
4830,2732,2021-08-28,34660000,Promotion
4831,2732,2023-05-01,37540000,Adjustment
4832,2733,2020-09-29,22100000,Initial
4833,2733,2022-11-15,24340000,Promotion
4834,2734,2019-08-03,18030000,Initial
4835,2734,2021-05-23,19910000,Annual Raise
4836,2734,2023-03-13,21440000,Annual Raise
4837,2735,2015-04-12,16230000,Initial
4838,2735,2016-11-24,17930000,Annual Raise
4839,2735,2018-07-09,18880000,Market Correction
4840,2735,2020-02-21,19970000,Annual Raise
4841,2735,2021-10-05,22240000,Promotion
4842,2735,2023-05-20,24030000,Adjustment
4843,2736,2019-01-10,28310000,Initial
4844,2736,2021-01-06,29570000,Annual Raise
4845,2736,2023-01-04,32360000,Annual Raise
4846,2737,2023-10-24,29040000,Initial
4847,2738,2019-01-15,74140000,Initial
4848,2739,2017-10-21,12170000,Initial
4849,2739,2019-08-09,12960000,Market Correction
4850,2739,2021-05-27,14380000,Promotion
4851,2739,2023-03-15,15670000,Adjustment
4852,2740,2022-11-30,20590000,Initial
4853,2741,2015-02-04,20440000,Initial
4854,2741,2016-09-29,22830000,Annual Raise
4855,2741,2018-05-25,25390000,Annual Raise
4856,2741,2020-01-18,26760000,Promotion
4857,2741,2021-09-12,29720000,Promotion
4858,2741,2023-05-08,32410000,Promotion
4859,2742,2019-07-20,18650000,Initial
4860,2742,2021-05-14,19720000,Adjustment
4861,2742,2023-03-09,21870000,Adjustment
4862,2743,2024-09-14,14090000,Initial
4863,2744,2020-04-27,24520000,Initial
4864,2744,2021-11-18,25580000,Promotion
4865,2744,2023-06-11,26830000,Market Correction
4866,2745,2023-02-07,8820000,Initial
4867,2746,2024-06-26,10820000,Initial
4868,2747,2019-03-15,39100000,Initial
4869,2747,2021-02-18,42490000,Market Correction
4870,2747,2023-01-25,45090000,Market Correction
4871,2748,2020-08-09,24730000,Initial
4872,2748,2022-10-21,27160000,Promotion
4873,2749,2019-10-10,13380000,Initial
4874,2749,2021-07-07,14370000,Adjustment
4875,2749,2023-04-05,15880000,Annual Raise
4876,2750,2018-08-28,25650000,Initial
4877,2750,2020-03-29,28330000,Adjustment
4878,2750,2021-10-30,30840000,Annual Raise
4879,2750,2023-06-01,34490000,Adjustment
4880,2751,2016-09-21,27750000,Initial
4881,2751,2018-05-18,28890000,Annual Raise
4882,2751,2020-01-13,31590000,Annual Raise
4883,2751,2021-09-09,33080000,Annual Raise
4884,2751,2023-05-07,35370000,Market Correction
4885,2752,2019-04-11,16080000,Initial
4886,2752,2021-03-08,17600000,Market Correction
4887,2752,2023-02-03,19290000,Promotion
4888,2753,2017-02-10,20000000,Initial
4889,2753,2018-09-09,21270000,Annual Raise
4890,2753,2020-04-07,22390000,Annual Raise
4891,2753,2021-11-05,24870000,Adjustment
4892,2753,2023-06-04,26960000,Annual Raise
4893,2754,2022-03-02,16500000,Initial
4894,2755,2015-05-12,27560000,Initial
4895,2755,2016-12-19,29970000,Annual Raise
4896,2755,2018-07-29,32260000,Market Correction
4897,2755,2020-03-07,34950000,Annual Raise
4898,2755,2021-10-15,36370000,Adjustment
4899,2755,2023-05-25,38860000,Annual Raise
4900,2756,2017-03-26,23360000,Initial
4901,2756,2018-11-02,25240000,Annual Raise
4902,2756,2020-06-11,27500000,Annual Raise
4903,2757,2022-05-25,43410000,Initial
4904,2758,2016-12-04,8730000,Initial
4905,2758,2018-07-17,9290000,Adjustment
4906,2758,2020-02-27,10290000,Promotion
4907,2758,2021-10-09,11500000,Annual Raise
4908,2758,2023-05-22,12780000,Promotion
4909,2759,2016-06-12,12450000,Initial
4910,2759,2018-02-27,13560000,Market Correction
4911,2759,2019-11-14,14990000,Market Correction
4912,2759,2021-07-31,15630000,Annual Raise
4913,2759,2023-04-17,16970000,Market Correction
4914,2760,2024-09-15,26770000,Initial
4915,2761,2016-10-12,8560000,Initial
4916,2761,2018-06-04,9260000,Annual Raise
4917,2761,2020-01-26,9740000,Annual Raise
4918,2761,2021-09-17,10870000,Annual Raise
4919,2761,2023-05-11,11560000,Promotion
4920,2762,2018-02-02,29670000,Initial
4921,2763,2021-10-13,22120000,Initial
4922,2763,2023-05-24,23600000,Adjustment
4923,2764,2020-02-28,23450000,Initial
4924,2764,2021-10-09,26230000,Promotion
4925,2764,2023-05-22,28380000,Annual Raise
4926,2765,2022-04-01,42900000,Initial
4927,2766,2019-05-21,10630000,Initial
4928,2766,2021-04-04,11310000,Promotion
4929,2766,2023-02-17,12010000,Adjustment
4930,2767,2021-12-05,27510000,Initial
4931,2767,2023-06-19,29570000,Adjustment
4932,2768,2022-11-01,23670000,Initial
4933,2769,2017-09-08,13960000,Initial
4934,2769,2019-07-08,15170000,Adjustment
4935,2769,2021-05-06,16900000,Adjustment
4936,2769,2023-03-05,17750000,Promotion
4937,2770,2022-06-23,35250000,Initial
4938,2771,2020-07-14,12430000,Initial
4939,2771,2022-10-08,13360000,Annual Raise
4940,2772,2015-11-10,15100000,Initial
4941,2772,2017-05-19,16120000,Promotion
4942,2772,2018-11-27,17020000,Adjustment
4943,2772,2020-06-06,18200000,Promotion
4944,2772,2021-12-14,19830000,Annual Raise
4945,2772,2023-06-24,21960000,Market Correction
4946,2773,2019-08-07,27050000,Initial
4947,2773,2021-05-26,28330000,Annual Raise
4948,2773,2023-03-15,31450000,Market Correction
4949,2774,2020-03-08,9110000,Initial
4950,2774,2022-03-22,9710000,Annual Raise
4951,2775,2019-04-11,11020000,Initial
4952,2775,2021-03-08,11580000,Market Correction
4953,2775,2023-02-03,12940000,Annual Raise
4954,2776,2015-06-04,13240000,Initial
4955,2777,2022-07-08,29150000,Initial
4956,2778,2021-02-24,15160000,Initial
4957,2778,2023-01-28,16930000,Promotion
4958,2779,2020-04-12,26050000,Initial
4959,2779,2021-11-08,27830000,Market Correction
4960,2779,2023-06-06,30930000,Annual Raise
4961,2780,2021-10-22,71350000,Initial
4962,2781,2016-11-20,30320000,Initial
4963,2782,2019-01-06,16440000,Initial
4964,2782,2021-04-06,18000000,Annual Raise
4965,2783,2019-12-16,17070000,Initial
4966,2783,2021-08-21,17950000,Adjustment
4967,2783,2023-04-27,19520000,Market Correction
4968,2784,2019-05-19,10740000,Initial
4969,2784,2021-04-02,11580000,Annual Raise
4970,2784,2023-02-16,12610000,Annual Raise
4971,2785,2015-07-19,20610000,Initial
4972,2785,2017-02-13,22190000,Market Correction
4973,2785,2018-09-12,23910000,Annual Raise
4974,2785,2020-04-10,26710000,Promotion
4975,2785,2021-11-06,29810000,Promotion
4976,2785,2023-06-05,32780000,Annual Raise
4977,2786,2017-09-04,22920000,Initial
4978,2786,2019-07-05,25350000,Adjustment
4979,2786,2021-05-04,27960000,Annual Raise
4980,2786,2023-03-04,29290000,Promotion
4981,2787,2018-10-12,18680000,Initial
4982,2787,2020-05-02,19960000,Adjustment
4983,2787,2021-11-21,21330000,Market Correction
4984,2787,2023-06-12,23010000,Annual Raise
4985,2788,2024-11-22,18980000,Initial
4986,2789,2015-06-30,14780000,Initial
4987,2789,2017-01-28,15540000,Promotion
4988,2789,2018-08-30,16980000,Annual Raise
4989,2789,2020-03-31,18790000,Adjustment
4990,2789,2021-10-31,19730000,Annual Raise
4991,2789,2023-06-02,21190000,Annual Raise
4992,2790,2021-04-21,17710000,Initial
4993,2790,2023-02-25,19550000,Promotion
4994,2791,2019-10-19,32560000,Initial
4995,2792,2015-03-03,37580000,Initial
4996,2792,2016-10-21,39090000,Market Correction
4997,2792,2018-06-12,42490000,Adjustment
4998,2792,2020-02-01,46020000,Adjustment
4999,2792,2021-09-21,51500000,Promotion
5000,2792,2023-05-13,54740000,Market Correction
5001,2793,2020-02-23,10450000,Initial
5002,2793,2022-03-27,11660000,Annual Raise
5003,2794,2015-06-29,24910000,Initial
5004,2795,2016-02-22,26990000,Initial
5005,2795,2017-11-30,29090000,Promotion
5006,2795,2019-09-08,30520000,Market Correction
5007,2795,2021-06-16,32030000,Market Correction
5008,2795,2023-03-25,34300000,Adjustment
5009,2796,2021-09-23,16670000,Initial
5010,2796,2023-05-14,18230000,Market Correction
5011,2797,2018-09-22,55150000,Initial
5012,2797,2020-04-17,58590000,Market Correction
5013,2797,2021-11-11,63390000,Adjustment
5014,2797,2023-06-07,70380000,Market Correction
5015,2798,2015-10-04,24990000,Initial
5016,2798,2017-04-18,26620000,Promotion
5017,2798,2018-11-02,29710000,Annual Raise
5018,2798,2020-05-18,31100000,Promotion
5019,2798,2021-12-02,33130000,Annual Raise
5020,2798,2023-06-18,35780000,Annual Raise
5021,2799,2019-04-16,17820000,Initial
5022,2799,2021-03-11,19680000,Market Correction
5023,2799,2023-02-05,21160000,Adjustment
5024,2800,2017-08-10,51030000,Initial
5025,2801,2023-06-29,16330000,Initial
5026,2802,2018-04-29,32880000,Initial
5027,2802,2019-12-29,35180000,Annual Raise
5028,2802,2021-08-30,39150000,Market Correction
5029,2802,2023-05-02,43700000,Annual Raise
5030,2803,2017-09-02,30160000,Initial
5031,2803,2019-07-03,33420000,Adjustment
5032,2803,2021-05-03,35030000,Promotion
5033,2803,2023-03-03,38390000,Promotion
5034,2804,2023-04-16,22200000,Initial
5035,2805,2020-11-03,92720000,Initial
5036,2805,2022-12-03,100490000,Promotion
5037,2806,2023-06-02,19420000,Initial
5038,2807,2021-01-18,31590000,Initial
5039,2808,2021-10-26,28650000,Initial
5040,2808,2023-05-30,31480000,Annual Raise
5041,2809,2022-01-23,19640000,Initial
5042,2810,2015-08-02,23880000,Initial
5043,2810,2017-02-25,25720000,Adjustment
5044,2810,2018-09-21,27750000,Adjustment
5045,2810,2020-04-17,29000000,Annual Raise
5046,2810,2021-11-11,31130000,Annual Raise
5047,2810,2023-06-07,32780000,Promotion
5048,2811,2016-01-11,18000000,Initial
5049,2811,2017-10-27,18790000,Annual Raise
5050,2811,2019-08-14,20190000,Adjustment
5051,2811,2021-05-30,21760000,Promotion
5052,2811,2023-03-17,23830000,Adjustment
5053,2812,2017-08-25,22720000,Initial
5054,2812,2019-06-27,24600000,Annual Raise
5055,2812,2021-04-29,27390000,Market Correction
5056,2812,2023-03-01,30660000,Market Correction
5057,2813,2016-11-03,15610000,Initial
5058,2813,2018-06-22,16590000,Promotion
5059,2813,2020-02-08,17430000,Market Correction
5060,2813,2021-09-26,18270000,Annual Raise
5061,2813,2023-05-15,19740000,Market Correction
5062,2814,2018-05-26,34290000,Initial
5063,2814,2020-01-19,38080000,Adjustment
5064,2814,2021-09-13,41830000,Adjustment
5065,2814,2023-05-09,45970000,Adjustment
5066,2815,2018-01-18,12110000,Initial
5067,2815,2019-10-15,13550000,Promotion
5068,2815,2021-07-11,14450000,Adjustment
5069,2815,2023-04-07,15400000,Promotion
5070,2816,2019-06-20,31910000,Initial
5071,2816,2021-04-24,33780000,Market Correction
5072,2816,2023-02-27,36110000,Adjustment
5073,2817,2023-07-12,17670000,Initial
5074,2818,2024-07-30,27490000,Initial
5075,2819,2021-03-14,17030000,Initial
5076,2819,2023-02-06,18740000,Annual Raise
5077,2820,2020-02-01,15770000,Initial
5078,2820,2021-09-21,17540000,Annual Raise
5079,2820,2023-05-13,19560000,Promotion
5080,2821,2018-09-26,19230000,Initial
5081,2821,2020-04-20,20110000,Adjustment
5082,2821,2021-11-13,22180000,Adjustment
5083,2821,2023-06-08,23370000,Market Correction
5084,2822,2015-01-18,17000000,Initial
5085,2822,2016-07-28,17810000,Annual Raise
5086,2822,2018-02-06,18660000,Market Correction
5087,2822,2019-08-17,20590000,Adjustment
5088,2823,2019-07-16,27900000,Initial
5089,2823,2021-05-11,29600000,Adjustment
5090,2823,2023-03-07,31710000,Market Correction
5091,2824,2019-04-23,28810000,Initial
5092,2824,2021-03-16,32070000,Market Correction
5093,2824,2023-02-07,33550000,Adjustment
5094,2825,2019-08-02,41910000,Initial
5095,2825,2021-05-22,45270000,Promotion
5096,2825,2023-03-13,47940000,Annual Raise
5097,2826,2017-03-06,10720000,Initial
5098,2826,2018-09-28,11960000,Annual Raise
5099,2826,2020-04-22,13020000,Adjustment
5100,2826,2021-11-14,13550000,Annual Raise
5101,2826,2023-06-09,14960000,Adjustment
5102,2827,2020-09-18,17490000,Initial
5103,2827,2022-11-10,19200000,Market Correction
5104,2828,2022-04-20,71920000,Initial
5105,2829,2020-05-10,28760000,Initial
5106,2830,2022-10-27,21160000,Initial
5107,2831,2022-08-21,29140000,Initial
5108,2832,2015-02-20,22160000,Initial
5109,2833,2019-06-17,17520000,Initial
5110,2833,2021-04-22,19140000,Market Correction
5111,2833,2023-02-26,20520000,Adjustment
5112,2834,2024-10-28,21110000,Initial
5113,2835,2020-08-12,21240000,Initial
5114,2835,2022-10-22,22540000,Market Correction
5115,2836,2023-03-26,22130000,Initial
5116,2837,2022-02-18,18840000,Initial
5117,2838,2023-05-25,25670000,Initial
5118,2839,2015-01-27,31990000,Initial
5119,2839,2016-09-22,35050000,Promotion
5120,2839,2018-05-20,37860000,Adjustment
5121,2839,2020-01-14,40410000,Adjustment
5122,2839,2021-09-10,43990000,Adjustment
5123,2839,2023-05-07,48710000,Promotion
5124,2840,2023-09-05,18750000,Initial
5125,2841,2023-03-22,20550000,Initial
5126,2842,2017-03-22,11620000,Initial
5127,2842,2018-10-11,13010000,Promotion
5128,2842,2020-05-01,13950000,Market Correction
5129,2842,2021-11-21,14990000,Annual Raise
5130,2842,2023-06-12,16730000,Market Correction
5131,2843,2021-05-11,9930000,Initial
5132,2843,2023-03-07,10990000,Promotion
5133,2844,2024-01-28,40900000,Initial
5134,2845,2019-12-11,15360000,Initial
5135,2845,2021-08-18,16400000,Market Correction
5136,2845,2023-04-26,17610000,Market Correction
5137,2846,2015-11-23,24120000,Initial
5138,2846,2017-05-30,25260000,Promotion
5139,2846,2018-12-06,27710000,Adjustment
5140,2846,2020-06-12,29540000,Market Correction
5141,2846,2021-12-19,32620000,Adjustment
5142,2846,2023-06-26,36160000,Annual Raise
5143,2847,2018-11-02,31740000,Initial
5144,2847,2020-05-25,34170000,Adjustment
5145,2848,2015-02-08,12440000,Initial
5146,2848,2016-11-20,13650000,Market Correction
5147,2848,2018-09-03,15050000,Annual Raise
5148,2848,2020-06-16,16420000,Market Correction
5149,2848,2022-03-30,17780000,Annual Raise
5150,2849,2016-02-01,30520000,Initial
5151,2849,2017-11-13,32780000,Annual Raise
5152,2849,2019-08-26,36560000,Annual Raise
5153,2849,2021-06-08,40750000,Adjustment
5154,2849,2023-03-21,42690000,Adjustment
5155,2850,2020-06-13,26050000,Initial
5156,2850,2021-12-19,27880000,Annual Raise
5157,2850,2023-06-26,29560000,Promotion
5158,2851,2019-02-27,6290000,Initial
5159,2851,2021-02-07,6730000,Annual Raise
5160,2851,2023-01-20,7010000,Market Correction
5161,2852,2019-01-19,18710000,Initial
5162,2852,2021-01-12,19900000,Market Correction
5163,2852,2023-01-07,22130000,Promotion
5164,2853,2024-10-16,38980000,Initial
5165,2854,2023-02-18,42110000,Initial
5166,2855,2024-09-29,39940000,Initial
5167,2856,2019-02-18,46370000,Initial
5168,2856,2021-02-01,48670000,Adjustment
5169,2856,2023-01-17,53560000,Annual Raise
5170,2857,2020-10-10,32670000,Initial
5171,2857,2022-11-21,35060000,Market Correction
5172,2858,2015-03-10,24840000,Initial
5173,2858,2016-10-27,27170000,Annual Raise
5174,2858,2018-06-17,28620000,Annual Raise
5175,2858,2020-02-04,30800000,Annual Raise
5176,2858,2021-09-24,32470000,Market Correction
5177,2858,2023-05-14,35880000,Market Correction
5178,2859,2022-08-08,54570000,Initial
5179,2860,2018-11-27,13430000,Initial
5180,2860,2020-06-05,14640000,Annual Raise
5181,2860,2021-12-14,15360000,Adjustment
5182,2860,2023-06-24,16550000,Annual Raise
5183,2861,2023-03-27,13560000,Initial
5184,2862,2024-10-02,18860000,Initial
5185,2863,2016-06-07,26100000,Initial
5186,2863,2018-02-23,28930000,Market Correction
5187,2863,2019-11-11,31540000,Promotion
5188,2863,2021-07-29,34860000,Promotion
5189,2863,2023-04-16,37100000,Annual Raise
5190,2864,2016-11-19,24670000,Initial
5191,2864,2018-07-05,26240000,Market Correction
5192,2864,2020-02-18,28020000,Market Correction
5193,2864,2021-10-03,31050000,Promotion
5194,2864,2023-05-19,33920000,Promotion
5195,2865,2017-09-23,29690000,Initial
5196,2866,2016-10-18,49620000,Initial
5197,2866,2018-06-09,54870000,Annual Raise
5198,2866,2020-01-29,58680000,Annual Raise
5199,2866,2021-09-20,64150000,Adjustment
5200,2866,2023-05-12,71770000,Promotion
5201,2867,2017-06-21,23210000,Initial
5202,2867,2018-12-23,24240000,Promotion
5203,2867,2020-06-25,26250000,Promotion
5204,2867,2021-12-27,27790000,Promotion
5205,2867,2023-06-30,29100000,Promotion
5206,2868,2022-06-18,8480000,Initial
5207,2869,2023-12-03,29320000,Initial
5208,2870,2022-03-22,10050000,Initial
5209,2871,2022-05-02,17320000,Initial
5210,2872,2024-01-25,36140000,Initial
5211,2873,2016-04-01,25670000,Initial
5212,2873,2018-01-12,27780000,Promotion
5213,2873,2019-10-25,30610000,Promotion
5214,2873,2021-08-06,33000000,Promotion
5215,2874,2021-06-04,14230000,Initial
5216,2874,2023-03-19,14900000,Adjustment
5217,2875,2018-06-27,12560000,Initial
5218,2875,2020-02-10,13360000,Annual Raise
5219,2875,2021-09-25,14080000,Adjustment
5220,2875,2023-05-11,15120000,Market Correction
5221,2876,2018-08-02,21570000,Initial
5222,2876,2020-03-10,23860000,Adjustment
5223,2876,2021-10-17,26560000,Promotion
5224,2876,2023-05-26,29200000,Promotion
5225,2877,2020-10-29,11920000,Initial
5226,2877,2022-11-30,13030000,Adjustment
5227,2878,2015-02-07,12740000,Initial
5228,2878,2016-10-01,13520000,Adjustment
5229,2878,2018-05-27,14250000,Annual Raise
5230,2878,2020-01-20,15770000,Annual Raise
5231,2878,2021-09-13,17540000,Adjustment
5232,2878,2023-05-09,19330000,Annual Raise
5233,2879,2024-05-22,19080000,Initial
5234,2880,2016-08-20,12820000,Initial
5235,2880,2018-04-23,14260000,Annual Raise
5236,2880,2019-12-25,15340000,Adjustment
5237,2880,2021-08-27,16040000,Market Correction
5238,2880,2023-04-30,17350000,Annual Raise
5239,2881,2018-06-19,15070000,Initial
5240,2881,2020-02-06,16460000,Promotion
5241,2881,2021-09-25,17870000,Adjustment
5242,2881,2023-05-15,18720000,Annual Raise
5243,2882,2022-01-28,54190000,Initial
5244,2883,2015-08-29,30620000,Initial
5245,2883,2017-03-19,32880000,Annual Raise
5246,2883,2018-10-09,35870000,Promotion
5247,2883,2020-04-30,38910000,Adjustment
5248,2883,2021-11-20,40680000,Annual Raise
5249,2883,2023-06-12,42620000,Adjustment
5250,2884,2024-07-05,25780000,Initial
5251,2885,2024-09-14,15880000,Initial
5252,2886,2024-02-21,16430000,Initial
5253,2887,2018-10-14,18920000,Initial
5254,2887,2020-05-03,20270000,Promotion
5255,2887,2021-11-22,22290000,Adjustment
5256,2887,2023-06-13,24520000,Market Correction
5257,2888,2019-05-21,10440000,Initial
5258,2888,2021-04-04,11170000,Promotion
5259,2888,2023-02-17,12000000,Promotion
5260,2889,2022-11-11,54180000,Initial
5261,2890,2023-06-09,26640000,Initial
5262,2891,2020-02-18,25420000,Initial
5263,2891,2021-10-03,26800000,Promotion
5264,2891,2023-05-19,29920000,Annual Raise
5265,2892,2018-04-07,32550000,Initial
5266,2892,2019-12-13,36120000,Market Correction
5267,2892,2021-08-19,39450000,Adjustment
5268,2892,2023-04-26,44040000,Annual Raise
5269,2893,2023-03-31,30600000,Initial
5270,2894,2022-08-10,21070000,Initial
5271,2895,2022-08-15,44900000,Initial
5272,2896,2017-01-05,61110000,Initial
5273,2896,2018-08-11,63820000,Adjustment
5274,2896,2020-03-17,69050000,Market Correction
5275,2896,2021-10-21,73490000,Annual Raise
5276,2896,2023-05-28,78730000,Market Correction
5277,2897,2021-08-27,22720000,Initial
5278,2897,2023-04-30,24520000,Promotion
5279,2898,2017-09-30,31380000,Initial
5280,2898,2019-05-06,32740000,Annual Raise
5281,2899,2022-04-27,63540000,Initial
5282,2900,2023-09-21,15630000,Initial
5283,2901,2019-02-13,14310000,Initial
5284,2902,2015-04-05,29440000,Initial
5285,2902,2016-11-18,31840000,Promotion
5286,2902,2018-07-04,33640000,Annual Raise
5287,2902,2020-02-17,35570000,Annual Raise
5288,2902,2021-10-02,39600000,Annual Raise
5289,2902,2023-05-18,41890000,Adjustment
5290,2903,2023-11-28,12900000,Initial
5291,2904,2018-05-07,8680000,Initial
5292,2904,2020-01-04,9140000,Annual Raise
5293,2904,2021-09-03,10090000,Adjustment
5294,2904,2023-05-04,11070000,Adjustment
5295,2905,2019-07-19,14000000,Initial
5296,2905,2021-05-13,15410000,Promotion
5297,2905,2023-03-08,16080000,Adjustment
5298,2906,2015-09-19,7130000,Initial
5299,2906,2017-04-06,7790000,Annual Raise
5300,2906,2018-10-23,8510000,Adjustment
5301,2906,2020-05-11,9480000,Promotion
5302,2906,2021-11-27,10200000,Annual Raise
5303,2906,2023-06-15,10960000,Adjustment
5304,2907,2023-06-14,11440000,Initial
5305,2908,2024-08-31,18120000,Initial
5306,2909,2023-12-23,52780000,Initial
5307,2910,2022-04-27,22350000,Initial
5308,2911,2015-12-13,10710000,Initial
5309,2911,2017-06-16,11650000,Adjustment
5310,2911,2018-12-19,12600000,Market Correction
5311,2911,2020-06-22,13430000,Market Correction
5312,2911,2021-12-25,14220000,Market Correction
5313,2911,2023-06-29,15570000,Adjustment
5314,2912,2019-09-29,11590000,Initial
5315,2912,2021-06-30,12800000,Promotion
5316,2912,2023-04-01,13770000,Annual Raise
5317,2913,2015-07-09,23640000,Initial
5318,2913,2017-02-05,26210000,Promotion
5319,2913,2018-09-05,28480000,Annual Raise
5320,2913,2020-04-05,30140000,Promotion
5321,2913,2021-11-03,31730000,Annual Raise
5322,2913,2023-06-03,34700000,Market Correction
5323,2914,2022-05-23,20140000,Initial
5324,2915,2020-11-10,43620000,Initial
5325,2915,2022-12-06,48000000,Promotion
5326,2916,2022-09-18,16840000,Initial
5327,2917,2018-05-12,25470000,Initial
5328,2917,2020-01-08,28400000,Adjustment
5329,2917,2021-09-06,30830000,Market Correction
5330,2917,2023-05-05,33150000,Annual Raise
5331,2918,2021-08-20,14300000,Initial
5332,2918,2023-04-27,14990000,Promotion
5333,2919,2015-11-01,17130000,Initial
5334,2919,2017-05-12,18260000,Market Correction
5335,2919,2018-11-21,19310000,Annual Raise
5336,2919,2020-06-01,20830000,Promotion
5337,2919,2021-12-11,22780000,Annual Raise
5338,2919,2023-06-22,24400000,Promotion
5339,2920,2019-06-27,6260000,Initial
5340,2920,2021-04-28,6590000,Market Correction
5341,2920,2023-03-01,6950000,Adjustment
5342,2921,2021-01-04,48070000,Initial
5343,2922,2023-01-05,26110000,Initial
5344,2923,2019-09-16,17640000,Initial
5345,2923,2021-06-21,19040000,Promotion
5346,2923,2023-03-28,20400000,Market Correction
5347,2924,2019-04-02,14330000,Initial
5348,2924,2021-03-10,15330000,Annual Raise
5349,2925,2020-12-16,57770000,Initial
5350,2925,2022-12-24,61510000,Adjustment
5351,2926,2022-03-07,32690000,Initial
5352,2927,2018-01-25,39710000,Initial
5353,2927,2019-08-22,44270000,Adjustment
5354,2927,2021-03-19,49330000,Adjustment
5355,2928,2023-10-12,36220000,Initial
5356,2929,2021-08-08,24190000,Initial
5357,2929,2023-04-21,26940000,Adjustment
5358,2930,2022-11-09,15840000,Initial
5359,2931,2015-07-16,18170000,Initial
5360,2931,2017-02-11,19660000,Market Correction
5361,2931,2018-09-10,20790000,Adjustment
5362,2931,2020-04-08,22840000,Adjustment
5363,2931,2021-11-05,24230000,Annual Raise
5364,2931,2023-06-04,26330000,Adjustment
5365,2932,2020-05-07,16870000,Initial
5366,2932,2021-11-24,17700000,Promotion
5367,2932,2023-06-14,19390000,Annual Raise
5368,2933,2022-05-17,27970000,Initial
5369,2934,2023-02-19,18000000,Initial
5370,2935,2022-08-09,46270000,Initial
5371,2936,2018-12-20,15500000,Initial
5372,2936,2020-06-23,17020000,Market Correction
5373,2936,2021-12-26,18110000,Market Correction
5374,2936,2023-06-30,19960000,Annual Raise
5375,2937,2020-11-02,20900000,Initial
5376,2937,2022-12-02,22390000,Adjustment
5377,2938,2018-06-05,20090000,Initial
5378,2938,2020-01-26,21630000,Adjustment
5379,2938,2021-09-18,23300000,Promotion
5380,2938,2023-05-11,25480000,Market Correction
5381,2939,2015-11-11,8210000,Initial
5382,2939,2017-05-20,8580000,Annual Raise
5383,2939,2018-11-28,9320000,Market Correction
5384,2939,2020-06-06,9700000,Annual Raise
5385,2939,2021-12-15,10170000,Annual Raise
5386,2939,2023-06-24,10720000,Market Correction
5387,2940,2015-12-13,18670000,Initial
5388,2940,2017-06-16,20050000,Adjustment
5389,2940,2018-12-19,21820000,Market Correction
5390,2940,2020-06-22,23280000,Market Correction
5391,2940,2021-12-25,26040000,Promotion
5392,2940,2023-06-29,27410000,Promotion
5393,2941,2019-10-03,18840000,Initial
5394,2941,2021-07-03,19740000,Market Correction
5395,2941,2023-04-03,20830000,Adjustment
5396,2942,2020-10-10,25730000,Initial
5397,2942,2022-11-21,28670000,Adjustment
5398,2943,2019-07-19,21100000,Initial
5399,2944,2022-11-17,22200000,Initial
5400,2945,2021-10-23,17260000,Initial
5401,2945,2023-05-29,18150000,Market Correction
5402,2946,2016-12-17,33580000,Initial
5403,2947,2019-09-28,23310000,Initial
5404,2947,2021-06-29,25870000,Annual Raise
5405,2947,2023-04-01,28250000,Annual Raise
5406,2948,2018-10-16,34750000,Initial
5407,2948,2020-05-05,36990000,Market Correction
5408,2948,2021-11-23,41310000,Adjustment
5409,2948,2023-06-13,43790000,Promotion
5410,2949,2018-04-03,27750000,Initial
5411,2949,2020-02-23,29830000,Market Correction
5412,2950,2017-06-09,17000000,Initial
5413,2950,2018-12-13,18600000,Market Correction
5414,2950,2020-06-18,20070000,Annual Raise
5415,2950,2021-12-22,21910000,Promotion
5416,2950,2023-06-28,23630000,Market Correction
5417,2951,2020-03-11,35770000,Initial
5418,2951,2021-10-17,37370000,Annual Raise
5419,2951,2023-05-26,41040000,Adjustment
5420,2952,2021-11-26,20400000,Initial
5421,2952,2023-06-15,22090000,Annual Raise
5422,2953,2018-12-03,20250000,Initial
5423,2953,2020-06-10,22510000,Promotion
5424,2953,2021-12-17,24150000,Adjustment
5425,2953,2023-06-25,25270000,Promotion
5426,2954,2016-02-20,41420000,Initial
5427,2954,2017-11-28,44870000,Annual Raise
5428,2954,2019-09-07,49810000,Adjustment
5429,2954,2021-06-15,51840000,Promotion
5430,2954,2023-03-25,57540000,Market Correction
5431,2955,2019-08-10,13200000,Initial
5432,2955,2021-05-28,14510000,Market Correction
5433,2955,2023-03-16,15250000,Promotion
5434,2956,2017-07-15,13240000,Initial
5435,2956,2019-05-27,14350000,Market Correction
5436,2956,2021-04-08,15180000,Adjustment
5437,2956,2023-02-19,16470000,Adjustment
5438,2957,2017-01-16,27550000,Initial
5439,2957,2018-08-20,29250000,Adjustment
5440,2957,2020-03-23,32100000,Market Correction
5441,2957,2021-10-26,34290000,Market Correction
5442,2957,2023-05-30,37840000,Promotion
5443,2958,2022-05-12,27760000,Initial
5444,2959,2015-01-24,33900000,Initial
5445,2959,2016-09-20,35890000,Adjustment
5446,2959,2018-05-18,38480000,Annual Raise
5447,2959,2020-01-13,41960000,Adjustment
5448,2959,2021-09-09,44140000,Promotion
5449,2959,2023-05-07,48760000,Promotion
5450,2960,2018-03-12,18130000,Initial
5451,2960,2019-10-31,20230000,Promotion
5452,2960,2021-06-21,21390000,Adjustment
5453,2961,2016-10-18,36810000,Initial
5454,2961,2018-06-09,41210000,Promotion
5455,2961,2020-01-29,44790000,Promotion
5456,2961,2021-09-20,47190000,Adjustment
5457,2961,2023-05-12,50370000,Annual Raise
5458,2962,2016-05-01,13260000,Initial
5459,2962,2018-01-24,14690000,Annual Raise
5460,2962,2019-10-19,15830000,Adjustment
5461,2962,2021-07-14,17110000,Annual Raise
5462,2962,2023-04-08,18030000,Market Correction
5463,2963,2018-08-23,8540000,Initial
5464,2963,2020-03-25,9450000,Promotion
5465,2963,2021-10-27,10230000,Adjustment
5466,2963,2023-05-31,11120000,Annual Raise
5467,2964,2016-06-22,22910000,Initial
5468,2965,2020-08-10,20240000,Initial
5469,2965,2022-10-09,21450000,Adjustment
5470,2966,2019-10-26,17310000,Initial
5471,2966,2021-07-18,18310000,Adjustment
5472,2966,2023-04-10,20100000,Promotion
5473,2967,2018-03-31,6970000,Initial
5474,2968,2023-03-07,22800000,Initial
5475,2969,2024-09-09,26460000,Initial
5476,2970,2017-03-23,17520000,Initial
5477,2970,2018-10-12,18570000,Market Correction
5478,2970,2020-05-02,20260000,Annual Raise
5479,2970,2021-11-21,21500000,Adjustment
5480,2970,2023-06-12,24060000,Adjustment
5481,2971,2017-02-11,24830000,Initial
5482,2971,2018-09-10,27300000,Adjustment
5483,2971,2020-04-08,30580000,Market Correction
5484,2971,2021-11-05,33490000,Adjustment
5485,2971,2023-06-04,35830000,Annual Raise
5486,2972,2017-07-28,22570000,Initial
5487,2972,2019-06-06,23950000,Market Correction
5488,2972,2021-04-15,25980000,Promotion
5489,2972,2023-02-22,27480000,Market Correction
5490,2973,2016-08-21,9320000,Initial
5491,2973,2018-04-24,10140000,Market Correction
5492,2973,2019-12-26,10790000,Annual Raise
5493,2973,2021-08-28,11960000,Promotion
5494,2973,2023-05-01,12740000,Adjustment
5495,2974,2019-04-07,18480000,Initial
5496,2974,2021-03-05,20060000,Promotion
5497,2974,2023-02-02,21010000,Adjustment
5498,2975,2017-06-27,5310000,Initial
5499,2975,2018-12-28,5760000,Market Correction
5500,2975,2020-06-29,6070000,Annual Raise
5501,2975,2021-12-30,6530000,Promotion
5502,2975,2023-07-02,7010000,Promotion
5503,2976,2022-03-22,22480000,Initial
5504,2977,2022-12-24,36410000,Initial
5505,2978,2015-06-17,20540000,Initial
5506,2978,2017-01-14,22590000,Promotion
5507,2978,2018-08-14,24140000,Promotion
5508,2978,2020-03-13,26440000,Adjustment
5509,2978,2021-10-11,29430000,Adjustment
5510,2979,2020-04-17,30410000,Initial
5511,2979,2021-11-11,32480000,Adjustment
5512,2979,2023-06-07,35510000,Promotion
5513,2980,2017-10-30,10690000,Initial
5514,2980,2019-08-16,11910000,Promotion
5515,2980,2021-06-01,13150000,Annual Raise
5516,2980,2023-03-18,14660000,Adjustment
5517,2981,2016-02-01,18880000,Initial
5518,2981,2017-11-13,20080000,Promotion
5519,2981,2019-08-26,21670000,Market Correction
5520,2981,2021-06-08,22640000,Promotion
5521,2981,2023-03-21,24430000,Annual Raise
5522,2982,2018-09-18,16670000,Initial
5523,2982,2020-04-14,18580000,Adjustment
5524,2982,2021-11-09,20040000,Annual Raise
5525,2982,2023-06-06,20960000,Promotion
5526,2983,2017-09-02,13210000,Initial
5527,2983,2019-07-03,14200000,Market Correction
5528,2983,2021-05-03,15880000,Market Correction
5529,2983,2023-03-03,17300000,Promotion
5530,2984,2016-03-11,16460000,Initial
5531,2984,2017-12-14,17900000,Annual Raise
5532,2984,2019-09-19,19900000,Market Correction
5533,2984,2021-06-23,21280000,Promotion
5534,2984,2023-03-29,23340000,Annual Raise
5535,2985,2021-07-30,16650000,Initial
5536,2985,2023-04-16,18000000,Market Correction
5537,2986,2022-11-26,28970000,Initial
5538,2987,2018-05-19,10850000,Initial
5539,2987,2020-01-13,12150000,Adjustment
5540,2987,2021-09-09,13160000,Promotion
5541,2987,2023-05-07,14020000,Promotion
5542,2988,2015-06-29,28490000,Initial
5543,2988,2017-01-28,30280000,Promotion
5544,2988,2018-08-30,32960000,Annual Raise
5545,2988,2020-03-31,35050000,Adjustment
5546,2988,2021-10-31,37790000,Annual Raise
5547,2988,2023-06-02,39710000,Market Correction
5548,2989,2024-11-01,38120000,Initial
5549,2990,2020-01-11,8660000,Initial
5550,2990,2021-09-07,9660000,Market Correction
5551,2990,2023-05-06,10400000,Promotion
5552,2991,2020-05-31,18410000,Initial
5553,2991,2021-12-10,19500000,Annual Raise
5554,2991,2023-06-22,20740000,Adjustment
5555,2992,2021-09-20,13990000,Initial
5556,2992,2023-05-12,15040000,Promotion
5557,2993,2023-11-28,14320000,Initial
5558,2994,2020-07-20,28170000,Initial
5559,2994,2022-10-11,31180000,Promotion
5560,2995,2019-11-29,47520000,Initial
5561,2995,2021-08-10,52760000,Market Correction
5562,2995,2023-04-22,56140000,Market Correction
5563,2996,2019-06-30,22850000,Initial
5564,2996,2021-04-30,25250000,Promotion
5565,2996,2023-03-02,26910000,Market Correction
5566,2997,2021-05-31,11230000,Initial
5567,2997,2023-03-17,12450000,Annual Raise
5568,2998,2020-08-25,22790000,Initial
5569,2998,2022-10-29,24160000,Market Correction
5570,2999,2018-04-28,28830000,Initial
5571,2999,2019-12-29,30420000,Promotion
5572,2999,2021-08-30,32750000,Promotion
5573,2999,2023-05-02,34920000,Adjustment
5574,3000,2015-07-06,14380000,Initial
5575,3000,2017-02-02,16070000,Annual Raise
5576,3000,2018-09-03,16970000,Promotion
5577,3000,2020-04-03,17680000,Annual Raise
5578,3000,2021-11-02,18410000,Promotion
5579,3000,2023-06-03,20100000,Promotion
5580,3001,2024-11-28,24810000,Initial
5581,3002,2022-03-16,17540000,Initial
5582,3003,2022-04-10,14620000,Initial
5583,3004,2015-12-07,24590000,Initial
5584,3004,2017-06-11,26100000,Annual Raise
5585,3004,2018-12-15,28760000,Adjustment
5586,3004,2020-06-19,31070000,Adjustment
5587,3004,2021-12-23,34070000,Annual Raise
5588,3004,2023-06-28,37170000,Promotion
5589,3005,2019-07-31,16270000,Initial
5590,3005,2021-05-21,18090000,Promotion
5591,3005,2023-03-12,20200000,Annual Raise
5592,3006,2022-01-07,33980000,Initial
5593,3007,2016-12-24,36130000,Initial
5594,3007,2018-08-02,38280000,Market Correction
5595,3007,2020-03-10,41100000,Annual Raise
5596,3007,2021-10-17,43480000,Annual Raise
5597,3007,2023-05-26,46100000,Annual Raise
5598,3008,2023-02-07,30110000,Initial
5599,3009,2024-10-03,42290000,Initial
5600,3010,2017-06-22,10120000,Initial
5601,3010,2018-12-24,10650000,Promotion
5602,3010,2020-06-26,11150000,Promotion
5603,3010,2021-12-28,12120000,Promotion
5604,3010,2023-07-01,13050000,Adjustment
5605,3011,2016-09-29,12110000,Initial
5606,3011,2018-05-25,12620000,Promotion
5607,3011,2020-01-18,13360000,Market Correction
5608,3011,2021-09-12,14220000,Market Correction
5609,3011,2023-05-08,15850000,Annual Raise
5610,3012,2016-08-30,24640000,Initial
5611,3012,2018-05-01,26420000,Annual Raise
5612,3012,2019-12-31,27650000,Annual Raise
5613,3012,2021-08-31,30200000,Annual Raise
5614,3012,2023-05-02,32550000,Annual Raise
5615,3013,2017-01-27,8790000,Initial
5616,3013,2018-08-29,9620000,Promotion
5617,3013,2020-03-30,10200000,Adjustment
5618,3013,2021-10-30,11250000,Market Correction
5619,3013,2023-06-01,12180000,Annual Raise
5620,3014,2023-03-07,33230000,Initial
5621,3015,2024-03-02,26880000,Initial
5622,3016,2015-10-23,10590000,Initial
5623,3016,2017-05-04,11850000,Market Correction
5624,3016,2018-11-15,12640000,Promotion
5625,3016,2020-05-28,14120000,Promotion
5626,3016,2021-12-08,15500000,Adjustment
5627,3016,2023-06-21,16900000,Market Correction
5628,3017,2016-02-15,20660000,Initial
5629,3017,2017-11-24,22830000,Adjustment
5630,3017,2019-09-04,23950000,Market Correction
5631,3017,2021-06-13,25560000,Annual Raise
5632,3017,2023-03-24,28160000,Adjustment
5633,3018,2021-10-07,17350000,Initial
5634,3019,2023-07-25,30900000,Initial
5635,3020,2018-01-01,20640000,Initial
5636,3021,2021-01-30,17360000,Initial
5637,3021,2023-01-16,18390000,Adjustment
5638,3022,2017-04-08,6770000,Initial
5639,3022,2018-12-20,7420000,Adjustment
5640,3022,2020-09-01,7790000,Annual Raise
5641,3022,2022-05-15,8200000,Market Correction
5642,3023,2018-09-20,36370000,Initial
5643,3023,2020-04-15,39930000,Promotion
5644,3023,2021-11-10,43370000,Promotion
5645,3023,2023-06-07,47650000,Annual Raise
5646,3024,2022-01-14,15240000,Initial
5647,3025,2021-02-08,19860000,Initial
5648,3025,2023-01-20,21180000,Adjustment
5649,3026,2016-08-03,29800000,Initial
5650,3026,2018-02-03,32190000,Adjustment
5651,3027,2016-08-26,25210000,Initial
5652,3027,2018-04-28,26350000,Promotion
5653,3027,2019-12-29,28230000,Promotion
5654,3027,2021-08-30,30930000,Promotion
5655,3027,2023-05-02,33820000,Annual Raise
5656,3028,2022-09-13,20280000,Initial
5657,3029,2017-07-08,22070000,Initial
5658,3029,2019-05-06,23690000,Market Correction
5659,3030,2016-04-29,39000000,Initial
5660,3030,2018-01-22,40680000,Market Correction
5661,3030,2019-10-18,43510000,Market Correction
5662,3030,2021-07-13,46970000,Annual Raise
5663,3030,2023-04-08,50670000,Adjustment
5664,3031,2016-12-30,34180000,Initial
5665,3031,2018-08-06,36240000,Adjustment
5666,3031,2020-03-13,40570000,Market Correction
5667,3031,2021-10-19,42420000,Adjustment
5668,3031,2023-05-27,46880000,Market Correction
5669,3032,2016-09-07,19930000,Initial
5670,3032,2018-05-07,21680000,Adjustment
5671,3032,2020-01-05,24190000,Promotion
5672,3032,2021-09-03,26140000,Market Correction
5673,3032,2023-05-04,27710000,Annual Raise
5674,3033,2018-11-27,20050000,Initial
5675,3033,2020-06-05,21070000,Annual Raise
5676,3033,2021-12-14,22240000,Adjustment
5677,3033,2023-06-24,24310000,Adjustment
5678,3034,2017-12-23,45880000,Initial
5679,3034,2019-09-25,50040000,Promotion
5680,3034,2021-06-28,52070000,Annual Raise
5681,3034,2023-03-31,58020000,Annual Raise
5682,3035,2024-08-30,25130000,Initial
5683,3036,2018-08-04,16750000,Initial
5684,3036,2020-03-11,17630000,Market Correction
5685,3036,2021-10-18,18360000,Market Correction
5686,3036,2023-05-26,20220000,Market Correction
5687,3037,2024-02-19,63500000,Initial
5688,3038,2018-08-16,17520000,Initial
5689,3038,2020-03-20,18260000,Market Correction
5690,3038,2021-10-24,19840000,Market Correction
5691,3038,2023-05-29,20660000,Adjustment
5692,3039,2018-07-31,15360000,Initial
5693,3039,2020-03-08,16310000,Annual Raise
5694,3039,2021-10-16,18190000,Adjustment
5695,3039,2023-05-25,19860000,Promotion
5696,3040,2021-09-30,11890000,Initial
5697,3040,2023-05-17,12790000,Market Correction
5698,3041,2019-04-19,33890000,Initial
5699,3041,2021-03-13,36900000,Market Correction
5700,3041,2023-02-06,38880000,Annual Raise
5701,3042,2020-12-21,18320000,Initial
5702,3042,2022-12-27,20310000,Promotion
5703,3043,2020-11-28,17060000,Initial
5704,3043,2022-12-15,18080000,Annual Raise
5705,3044,2022-11-19,15200000,Initial
5706,3045,2019-01-24,41060000,Initial
5707,3045,2021-01-16,43390000,Promotion
5708,3045,2023-01-09,45670000,Annual Raise
5709,3046,2018-12-01,24100000,Initial
5710,3046,2020-06-08,26540000,Adjustment
5711,3046,2021-12-16,28690000,Market Correction
5712,3046,2023-06-25,30050000,Annual Raise
5713,3047,2024-05-14,19940000,Initial
5714,3048,2015-08-17,16280000,Initial
5715,3048,2017-03-09,17420000,Market Correction
5716,3048,2018-10-01,18770000,Annual Raise
5717,3048,2020-04-24,19610000,Annual Raise
5718,3048,2021-11-16,21500000,Promotion
5719,3048,2023-06-10,23300000,Promotion
5720,3049,2019-03-27,36120000,Initial
5721,3049,2021-02-26,39420000,Promotion
5722,3049,2023-01-29,43280000,Annual Raise
5723,3050,2015-08-10,15950000,Initial
5724,3050,2017-03-04,17720000,Annual Raise
5725,3050,2018-09-27,18540000,Market Correction
5726,3050,2020-04-21,20550000,Market Correction
5727,3050,2021-11-14,22210000,Market Correction
5728,3050,2023-06-09,23190000,Annual Raise
5729,3051,2024-05-23,32270000,Initial
5730,3052,2016-08-01,24440000,Initial
5731,3053,2016-09-05,14030000,Initial
5732,3053,2018-05-06,15100000,Market Correction
5733,3053,2020-01-04,16300000,Market Correction
5734,3053,2021-09-03,17530000,Market Correction
5735,3053,2023-05-04,18550000,Promotion
5736,3054,2020-04-09,12380000,Initial
5737,3054,2021-11-06,13820000,Adjustment
5738,3054,2023-06-05,14810000,Promotion
5739,3055,2018-03-20,12010000,Initial
5740,3056,2020-08-23,48180000,Initial
5741,3056,2022-10-28,51010000,Promotion
5742,3057,2021-03-19,10770000,Initial
5743,3057,2023-02-09,11610000,Promotion
5744,3058,2022-12-15,31510000,Initial
5745,3059,2020-11-06,10310000,Initial
5746,3059,2022-12-04,11280000,Promotion
5747,3060,2021-12-10,18100000,Initial
5748,3061,2024-02-27,23910000,Initial
5749,3062,2024-04-11,17560000,Initial
5750,3063,2017-03-08,28440000,Initial
5751,3064,2015-04-25,23930000,Initial
5752,3064,2016-12-04,25560000,Market Correction
5753,3064,2018-07-17,27080000,Annual Raise
5754,3064,2020-02-27,28940000,Adjustment
5755,3064,2021-10-09,30970000,Promotion
5756,3064,2023-05-22,32560000,Annual Raise
5757,3065,2017-05-17,11790000,Initial
5758,3065,2018-11-25,12530000,Promotion
5759,3065,2020-06-04,13860000,Market Correction
5760,3065,2021-12-13,14480000,Adjustment
5761,3065,2023-06-23,15730000,Adjustment
5762,3066,2022-02-27,16670000,Initial
5763,3067,2021-04-28,57990000,Initial
5764,3067,2023-03-01,61610000,Market Correction
5765,3068,2016-01-17,17130000,Initial
5766,3068,2017-11-01,17930000,Promotion
5767,3068,2019-08-17,19500000,Market Correction
5768,3068,2021-06-02,20700000,Annual Raise
5769,3068,2023-03-18,22420000,Annual Raise
5770,3069,2019-06-19,58930000,Initial
5771,3069,2021-04-23,65370000,Adjustment
5772,3069,2023-02-26,70000000,Promotion
5773,3070,2016-06-14,17460000,Initial
5774,3070,2018-02-28,18830000,Adjustment
5775,3070,2019-11-15,20770000,Promotion
5776,3070,2021-07-31,22890000,Annual Raise
5777,3070,2023-04-17,25070000,Annual Raise
5778,3071,2020-08-18,13890000,Initial
5779,3071,2022-10-25,14880000,Annual Raise
5780,3072,2020-05-07,12480000,Initial
5781,3072,2021-11-24,13560000,Promotion
5782,3072,2023-06-14,14860000,Market Correction
5783,3073,2022-08-27,100920000,Initial
5784,3074,2024-12-01,19510000,Initial
5785,3075,2020-08-16,14880000,Initial
5786,3075,2022-10-24,16000000,Adjustment
5787,3076,2020-01-07,11730000,Initial
5788,3076,2021-09-05,12310000,Promotion
5789,3076,2023-05-05,13020000,Promotion
5790,3077,2015-06-13,29010000,Initial
5791,3077,2017-01-14,31990000,Promotion
5792,3077,2018-08-19,34920000,Annual Raise
5793,3077,2020-03-23,37030000,Promotion
5794,3077,2021-10-25,39300000,Promotion
5795,3077,2023-05-30,41490000,Adjustment
5796,3078,2021-11-05,26600000,Initial
5797,3078,2023-06-04,27730000,Market Correction
5798,3079,2016-02-03,12010000,Initial
5799,3079,2017-11-15,13030000,Adjustment
5800,3079,2019-08-28,13880000,Market Correction
5801,3079,2021-06-09,15360000,Market Correction
5802,3079,2023-03-22,16600000,Promotion
5803,3080,2021-02-19,10320000,Initial
5804,3080,2023-01-26,11050000,Promotion
5805,3081,2018-07-08,36300000,Initial
5806,3081,2020-02-20,38120000,Market Correction
5807,3081,2021-10-04,42000000,Adjustment
5808,3081,2023-05-19,44280000,Annual Raise
5809,3082,2021-06-19,17770000,Initial
5810,3082,2023-03-27,19730000,Market Correction
5811,3083,2017-11-22,26270000,Initial
5812,3083,2019-09-02,28290000,Promotion
5813,3083,2021-06-12,30320000,Market Correction
5814,3083,2023-03-23,33590000,Market Correction
5815,3084,2022-04-17,43900000,Initial
5816,3085,2015-06-12,21380000,Initial
5817,3085,2017-01-13,22780000,Adjustment
5818,3085,2018-08-18,23810000,Annual Raise
5819,3085,2020-03-22,24770000,Adjustment
5820,3085,2021-10-25,27510000,Promotion
5821,3085,2023-05-30,29970000,Promotion
5822,3086,2019-12-11,18250000,Initial
5823,3086,2021-08-18,20310000,Annual Raise
5824,3086,2023-04-26,21200000,Annual Raise
5825,3087,2015-12-08,23540000,Initial
5826,3087,2017-06-12,25700000,Annual Raise
5827,3087,2018-12-16,27690000,Adjustment
5828,3087,2020-06-20,29350000,Annual Raise
5829,3087,2021-12-24,31310000,Market Correction
5830,3087,2023-06-29,33460000,Adjustment
5831,3088,2021-12-17,17740000,Initial
5832,3088,2023-06-25,19020000,Promotion
5833,3089,2022-11-06,53550000,Initial
5834,3090,2018-04-05,15560000,Initial
5835,3090,2019-12-11,17160000,Market Correction
5836,3090,2021-08-18,19140000,Market Correction
5837,3090,2023-04-26,19940000,Adjustment
5838,3091,2017-07-02,28600000,Initial
5839,3091,2019-01-01,31260000,Promotion
5840,3091,2020-07-02,34180000,Market Correction
5841,3091,2022-01-01,36100000,Market Correction
5842,3091,2023-07-03,39560000,Promotion
5843,3092,2020-03-23,15230000,Initial
5844,3092,2021-10-25,15890000,Adjustment
5845,3092,2023-05-30,16990000,Annual Raise
5846,3093,2016-03-22,47350000,Initial
5847,3093,2017-12-17,49300000,Promotion
5848,3093,2019-09-13,53580000,Market Correction
5849,3093,2021-06-10,59640000,Promotion
5850,3093,2023-03-07,65100000,Adjustment
5851,3094,2023-08-13,19620000,Initial
5852,3095,2018-11-03,16810000,Initial
5853,3095,2020-05-18,18120000,Adjustment
5854,3095,2021-12-02,19240000,Adjustment
5855,3095,2023-06-18,21380000,Promotion
5856,3096,2016-04-13,20070000,Initial
5857,3096,2018-01-10,22100000,Promotion
5858,3096,2019-10-09,24080000,Market Correction
5859,3096,2021-07-07,26410000,Adjustment
5860,3096,2023-04-05,28220000,Market Correction
5861,3097,2016-08-19,12960000,Initial
5862,3097,2018-04-22,13740000,Adjustment
5863,3097,2019-12-24,14520000,Market Correction
5864,3097,2021-08-27,15340000,Market Correction
5865,3097,2023-04-30,16290000,Market Correction
5866,3098,2015-09-13,15960000,Initial
5867,3098,2017-04-01,17040000,Adjustment
5868,3098,2018-10-19,18590000,Market Correction
5869,3098,2020-05-08,20350000,Adjustment
5870,3098,2021-11-25,22110000,Market Correction
5871,3098,2023-06-14,24510000,Promotion
5872,3099,2017-05-24,11410000,Initial
5873,3100,2022-02-16,42280000,Initial
5874,3101,2015-12-01,26760000,Initial
5875,3101,2017-06-06,29030000,Promotion
5876,3101,2018-12-11,31910000,Adjustment
5877,3101,2020-06-16,34570000,Adjustment
5878,3101,2021-12-21,37390000,Adjustment
5879,3101,2023-06-27,41750000,Annual Raise
5880,3102,2020-11-19,19520000,Initial
5881,3103,2019-10-22,41270000,Initial
5882,3103,2021-07-15,43780000,Annual Raise
5883,3103,2023-04-09,46190000,Adjustment
5884,3104,2019-09-13,27040000,Initial
5885,3104,2021-06-19,29940000,Market Correction
5886,3104,2023-03-27,32280000,Promotion
5887,3105,2022-10-24,23330000,Initial
5888,3106,2021-04-16,22090000,Initial
5889,3106,2023-02-23,24480000,Adjustment
5890,3107,2018-08-19,25750000,Initial
5891,3107,2020-03-22,28730000,Annual Raise
5892,3107,2021-10-25,30660000,Market Correction
5893,3107,2023-05-30,32880000,Promotion
5894,3108,2015-02-28,15820000,Initial
5895,3108,2016-10-19,17420000,Market Correction
5896,3108,2018-06-10,18850000,Adjustment
5897,3108,2020-01-30,19720000,Market Correction
5898,3108,2021-09-20,20910000,Adjustment
5899,3108,2023-05-12,23390000,Annual Raise
5900,3109,2024-09-10,17810000,Initial
5901,3110,2020-01-20,12400000,Initial
5902,3110,2021-09-13,13440000,Promotion
5903,3110,2023-05-09,14190000,Annual Raise
5904,3111,2015-05-30,28500000,Initial
5905,3111,2017-01-03,30260000,Market Correction
5906,3111,2018-08-10,32990000,Promotion
5907,3111,2020-03-16,35640000,Market Correction
5908,3111,2021-10-21,38240000,Market Correction
5909,3111,2023-05-28,42530000,Market Correction
5910,3112,2021-09-27,23840000,Initial
5911,3112,2023-05-16,26060000,Promotion
5912,3113,2022-08-15,28560000,Initial
5913,3114,2015-03-08,10850000,Initial
5914,3114,2016-10-25,12060000,Promotion
5915,3114,2018-06-15,12790000,Adjustment
5916,3114,2020-02-03,13540000,Annual Raise
5917,3114,2021-09-23,14180000,Market Correction
5918,3114,2023-05-14,15580000,Promotion
5919,3115,2022-11-04,28090000,Initial
5920,3116,2018-12-13,24340000,Initial
5921,3116,2020-06-17,26350000,Adjustment
5922,3116,2021-12-22,28890000,Adjustment
5923,3116,2023-06-28,32360000,Promotion
5924,3117,2016-04-09,19240000,Initial
5925,3117,2018-01-06,20820000,Annual Raise
5926,3117,2019-10-06,21960000,Promotion
5927,3117,2021-07-05,23090000,Annual Raise
5928,3117,2023-04-04,24800000,Adjustment
5929,3118,2021-03-14,36010000,Initial
5930,3118,2023-02-06,38340000,Market Correction
5931,3119,2024-06-23,17600000,Initial
5932,3120,2022-11-15,19270000,Initial
5933,3121,2016-01-03,19500000,Initial
5934,3121,2017-10-21,21410000,Adjustment
5935,3121,2019-08-09,22680000,Annual Raise
5936,3121,2021-05-27,25190000,Promotion
5937,3121,2023-03-15,27490000,Promotion
5938,3122,2020-07-26,10470000,Initial
5939,3122,2022-10-14,11620000,Promotion
5940,3123,2022-02-07,19450000,Initial
5941,3124,2024-07-20,22440000,Initial
5942,3125,2016-04-13,31850000,Initial
5943,3125,2018-01-10,33810000,Adjustment
5944,3125,2019-10-09,35870000,Market Correction
5945,3125,2021-07-07,37800000,Market Correction
5946,3125,2023-04-05,41920000,Annual Raise
5947,3126,2023-11-26,25540000,Initial
5948,3127,2015-02-01,14440000,Initial
5949,3127,2016-09-26,15920000,Adjustment
5950,3127,2018-05-23,16900000,Adjustment
5951,3127,2020-01-17,18480000,Market Correction
5952,3127,2021-09-11,19330000,Market Correction
5953,3127,2023-05-08,20240000,Promotion
5954,3128,2024-11-11,36900000,Initial
5955,3129,2022-07-20,32000000,Initial
5956,3130,2016-09-20,38310000,Initial
5957,3130,2018-05-18,42050000,Adjustment
5958,3130,2020-01-13,46650000,Annual Raise
5959,3130,2021-09-09,51640000,Adjustment
5960,3130,2023-05-07,54140000,Annual Raise
5961,3131,2018-10-04,30870000,Initial
5962,3131,2020-07-12,33530000,Market Correction
5963,3131,2022-04-20,35630000,Annual Raise
5964,3132,2017-02-28,9640000,Initial
5965,3132,2018-09-23,10460000,Promotion
5966,3132,2020-04-18,11100000,Promotion
5967,3132,2021-11-12,12340000,Promotion
5968,3132,2023-06-08,13580000,Annual Raise
5969,3133,2016-06-11,13670000,Initial
5970,3133,2018-02-26,14640000,Adjustment
5971,3133,2019-11-13,15580000,Market Correction
5972,3133,2021-07-30,16710000,Promotion
5973,3133,2023-04-16,17670000,Promotion
5974,3134,2019-07-10,23050000,Initial
5975,3134,2021-05-07,25530000,Promotion
5976,3134,2023-03-05,27100000,Market Correction
5977,3135,2016-02-12,9330000,Initial
5978,3135,2017-11-22,10020000,Promotion
5979,3135,2019-09-02,10770000,Annual Raise
5980,3135,2021-06-12,11510000,Adjustment
5981,3135,2023-03-23,12330000,Adjustment
5982,3136,2024-06-15,27580000,Initial
5983,3137,2018-08-13,18680000,Initial
5984,3137,2020-03-18,20150000,Annual Raise
5985,3137,2021-10-22,22370000,Market Correction
5986,3137,2023-05-28,24330000,Market Correction
5987,3138,2022-01-19,25930000,Initial
5988,3139,2021-05-31,21060000,Initial
5989,3139,2023-03-17,23120000,Market Correction
5990,3140,2022-02-11,21260000,Initial
5991,3141,2018-05-01,25070000,Initial
5992,3141,2019-12-31,27000000,Market Correction
5993,3141,2021-08-31,28080000,Annual Raise
5994,3141,2023-05-02,30620000,Market Correction
5995,3142,2023-08-22,10860000,Initial
5996,3143,2022-01-13,36760000,Initial
5997,3144,2016-03-14,32770000,Initial
5998,3144,2017-12-17,36560000,Promotion
5999,3144,2019-09-21,40150000,Market Correction
6000,3144,2021-06-25,42220000,Promotion
6001,3144,2023-03-30,46030000,Promotion
6002,3145,2015-11-13,7420000,Initial
6003,3145,2017-05-22,7850000,Market Correction
6004,3145,2018-11-29,8770000,Promotion
6005,3145,2020-06-07,9240000,Annual Raise
6006,3145,2021-12-15,10260000,Annual Raise
6007,3145,2023-06-24,11190000,Annual Raise
6008,3146,2019-05-20,48120000,Initial
6009,3146,2021-01-12,51960000,Promotion
6010,3146,2022-09-07,57440000,Promotion
6011,3147,2022-01-06,12310000,Initial
6012,3148,2022-02-08,39510000,Initial
6013,3149,2017-01-01,19560000,Initial
6014,3149,2018-08-08,20940000,Annual Raise
6015,3149,2020-03-14,22090000,Annual Raise
6016,3149,2021-10-20,24620000,Adjustment
6017,3149,2023-05-27,25790000,Adjustment
6018,3150,2016-04-25,19480000,Initial
6019,3150,2018-01-19,21560000,Promotion
6020,3150,2019-10-16,23130000,Market Correction
6021,3150,2021-07-11,25810000,Adjustment
6022,3150,2023-04-07,28070000,Promotion
6023,3151,2016-10-10,32160000,Initial
6024,3151,2018-06-03,35310000,Promotion
6025,3151,2020-01-25,38160000,Promotion
6026,3151,2021-09-17,39920000,Market Correction
6027,3151,2023-05-11,43550000,Market Correction
6028,3152,2021-10-18,30140000,Initial
6029,3153,2017-06-04,24750000,Initial
6030,3153,2018-12-09,25770000,Market Correction
6031,3153,2020-06-15,28040000,Annual Raise
6032,3153,2021-12-20,30130000,Promotion
6033,3153,2023-06-27,32680000,Market Correction
6034,3154,2018-09-03,53710000,Initial
6035,3155,2018-01-01,21800000,Initial
6036,3155,2019-10-02,23890000,Market Correction
6037,3155,2021-07-02,25030000,Annual Raise
6038,3155,2023-04-02,27510000,Promotion
6039,3156,2022-12-10,27500000,Initial
6040,3157,2019-11-22,22800000,Initial
6041,3157,2021-08-05,25400000,Market Correction
6042,3157,2023-04-19,27840000,Annual Raise
6043,3158,2016-12-09,22330000,Initial
6044,3158,2018-07-21,24390000,Adjustment
6045,3158,2020-03-01,26320000,Adjustment
6046,3158,2021-10-11,28630000,Adjustment
6047,3158,2023-05-23,31690000,Market Correction
6048,3159,2016-02-26,11770000,Initial
6049,3159,2017-12-03,12710000,Promotion
6050,3159,2019-09-10,13840000,Annual Raise
6051,3159,2021-06-18,14440000,Adjustment
6052,3159,2023-03-26,16080000,Market Correction
6053,3160,2023-02-05,37220000,Initial
6054,3161,2024-02-24,6700000,Initial
6055,3162,2017-03-29,10880000,Initial
6056,3162,2018-10-17,11650000,Adjustment
6057,3162,2020-05-06,12230000,Annual Raise
6058,3162,2021-11-24,12760000,Annual Raise
6059,3162,2023-06-14,14110000,Promotion
6060,3163,2020-01-15,34570000,Initial
6061,3163,2021-09-10,37480000,Promotion
6062,3163,2023-05-07,41960000,Adjustment
6063,3164,2021-07-31,28870000,Initial
6064,3164,2023-04-17,31830000,Adjustment
6065,3165,2019-06-20,32120000,Initial
6066,3166,2019-01-05,11670000,Initial
6067,3166,2021-01-03,12850000,Annual Raise
6068,3166,2023-01-02,13590000,Promotion
6069,3167,2016-08-17,11900000,Initial
6070,3167,2018-04-20,12490000,Adjustment
6071,3167,2019-12-23,13770000,Annual Raise
6072,3167,2021-08-26,14420000,Annual Raise
6073,3167,2023-04-30,15280000,Annual Raise
6074,3168,2023-01-15,29100000,Initial
6075,3169,2017-08-10,25090000,Initial
6076,3169,2019-06-16,27800000,Annual Raise
6077,3169,2021-04-21,29540000,Adjustment
6078,3169,2023-02-25,31280000,Adjustment
6079,3170,2020-11-29,16500000,Initial
6080,3170,2022-12-16,17620000,Market Correction
6081,3171,2021-06-08,13630000,Initial
6082,3171,2023-03-21,15140000,Annual Raise
6083,3172,2018-07-25,28240000,Initial
6084,3172,2020-03-04,31070000,Market Correction
6085,3172,2021-10-13,33260000,Adjustment
6086,3172,2023-05-24,37100000,Annual Raise
6087,3173,2020-08-04,14330000,Initial
6088,3174,2016-12-01,14080000,Initial
6089,3174,2018-07-14,15060000,Annual Raise
6090,3174,2020-02-25,16240000,Promotion
6091,3174,2021-10-07,17250000,Annual Raise
6092,3174,2023-05-21,18320000,Adjustment
6093,3175,2018-03-13,49090000,Initial
6094,3176,2015-06-01,38160000,Initial
6095,3176,2017-01-04,40420000,Adjustment
6096,3176,2018-08-11,42270000,Annual Raise
6097,3176,2020-03-17,44670000,Annual Raise
6098,3176,2021-10-21,50010000,Adjustment
6099,3176,2023-05-28,52700000,Annual Raise
6100,3177,2015-10-12,12750000,Initial
6101,3177,2017-04-25,13730000,Adjustment
6102,3177,2018-11-08,15170000,Promotion
6103,3177,2020-05-22,16110000,Annual Raise
6104,3177,2021-12-05,16930000,Adjustment
6105,3177,2023-06-19,17690000,Market Correction
6106,3178,2018-07-23,27820000,Initial
6107,3178,2020-03-02,28940000,Market Correction
6108,3178,2021-10-12,31000000,Adjustment
6109,3178,2023-05-23,32240000,Annual Raise
6110,3179,2020-07-15,33990000,Initial
6111,3179,2022-10-08,35600000,Promotion
6112,3180,2020-07-13,24650000,Initial
6113,3180,2022-10-07,27390000,Adjustment
6114,3181,2015-04-30,12800000,Initial
6115,3181,2016-12-09,14210000,Promotion
6116,3181,2018-07-21,14960000,Annual Raise
6117,3181,2020-03-01,15680000,Adjustment
6118,3181,2021-10-11,16580000,Promotion
6119,3181,2023-05-23,18050000,Market Correction
6120,3182,2024-08-29,16420000,Initial
6121,3183,2017-02-21,22880000,Initial
6122,3183,2018-09-18,24220000,Adjustment
6123,3183,2020-04-14,26830000,Market Correction
6124,3183,2021-11-09,27940000,Adjustment
6125,3183,2023-06-06,30760000,Adjustment
6126,3184,2022-09-20,19470000,Initial
6127,3185,2016-03-29,8860000,Initial
6128,3185,2018-03-12,9760000,Annual Raise
6129,3186,2018-01-10,24580000,Initial
6130,3186,2019-10-09,25580000,Promotion
6131,3186,2021-07-07,28410000,Annual Raise
6132,3186,2023-04-05,31250000,Annual Raise
6133,3187,2016-06-01,19130000,Initial
6134,3187,2018-02-18,20690000,Annual Raise
6135,3187,2019-11-07,21770000,Market Correction
6136,3187,2021-07-26,22760000,Adjustment
6137,3187,2023-04-14,23950000,Market Correction
6138,3188,2022-02-21,9860000,Initial
6139,3189,2021-06-25,47440000,Initial
6140,3189,2023-03-30,50810000,Adjustment
6141,3190,2023-08-31,42470000,Initial
6142,3191,2022-12-23,22990000,Initial
6143,3192,2022-10-17,24500000,Initial
6144,3193,2020-04-01,15070000,Initial
6145,3193,2021-10-31,15680000,Market Correction
6146,3193,2023-06-02,16380000,Annual Raise
6147,3194,2017-05-04,11600000,Initial
6148,3194,2018-11-14,12320000,Market Correction
6149,3194,2020-05-27,13280000,Market Correction
6150,3194,2021-12-08,14730000,Adjustment
6151,3194,2023-06-21,16490000,Annual Raise
6152,3195,2023-07-12,15330000,Initial
6153,3196,2024-07-04,19270000,Initial
6154,3197,2019-04-29,14780000,Initial
6155,3197,2021-03-20,15840000,Annual Raise
6156,3197,2023-02-09,17250000,Annual Raise
6157,3198,2017-02-08,27260000,Initial
6158,3198,2018-11-07,28360000,Promotion
6159,3198,2020-08-05,31670000,Market Correction
6160,3199,2016-08-26,16210000,Initial
6161,3199,2018-04-28,17280000,Annual Raise
6162,3199,2019-12-29,18230000,Market Correction
6163,3199,2021-08-30,19400000,Promotion
6164,3199,2023-05-02,21610000,Market Correction
6165,3200,2015-03-09,49780000,Initial
6166,3200,2016-10-26,53630000,Annual Raise
6167,3200,2018-06-16,56310000,Market Correction
6168,3200,2020-02-04,59310000,Annual Raise
6169,3200,2021-09-23,64550000,Annual Raise
6170,3200,2023-05-14,70420000,Adjustment
6171,3201,2022-06-04,52540000,Initial
6172,3202,2018-12-22,23040000,Initial
6173,3202,2020-06-24,24070000,Market Correction
6174,3202,2021-12-27,25810000,Market Correction
6175,3202,2023-06-30,28530000,Market Correction
6176,3203,2020-09-11,12650000,Initial
6177,3203,2022-11-06,14150000,Annual Raise
6178,3204,2015-07-21,12170000,Initial
6179,3204,2017-02-15,12840000,Annual Raise
6180,3204,2018-09-13,13520000,Market Correction
6181,3204,2020-04-11,15000000,Market Correction
6182,3204,2021-11-07,15970000,Market Correction
6183,3204,2023-06-05,16640000,Adjustment
6184,3205,2018-04-19,13000000,Initial
6185,3205,2019-12-22,14030000,Promotion
6186,3205,2021-08-25,15220000,Promotion
6187,3205,2023-04-29,16510000,Promotion
6188,3206,2020-10-25,13830000,Initial
6189,3206,2022-11-28,14870000,Market Correction
6190,3207,2016-03-30,18450000,Initial
6191,3207,2017-12-29,20380000,Annual Raise
6192,3207,2019-09-30,21840000,Market Correction
6193,3207,2021-07-01,22740000,Annual Raise
6194,3207,2023-04-02,24620000,Adjustment
6195,3208,2017-09-04,31320000,Initial
6196,3209,2019-05-25,26330000,Initial
6197,3209,2021-04-06,28320000,Annual Raise
6198,3209,2023-02-18,29730000,Adjustment
6199,3210,2020-07-21,16700000,Initial
6200,3211,2023-03-25,14110000,Initial
6201,3212,2023-04-16,13340000,Initial
6202,3213,2022-08-23,16860000,Initial
6203,3214,2015-02-22,8830000,Initial
6204,3214,2016-10-14,9600000,Promotion
6205,3214,2018-06-06,10170000,Adjustment
6206,3214,2020-01-27,10620000,Promotion
6207,3214,2021-09-18,11220000,Adjustment
6208,3214,2023-05-11,12420000,Adjustment
6209,3215,2017-12-16,25290000,Initial
6210,3215,2019-09-20,27440000,Annual Raise
6211,3215,2021-06-24,29660000,Adjustment
6212,3215,2023-03-29,31840000,Market Correction
6213,3216,2021-08-30,33950000,Initial
6214,3216,2023-05-02,35750000,Adjustment
6215,3217,2024-10-16,15630000,Initial
6216,3218,2021-05-12,37420000,Initial
6217,3218,2023-03-08,41490000,Market Correction
6218,3219,2023-06-20,66150000,Initial
6219,3220,2020-01-28,14330000,Initial
6220,3220,2021-09-19,16010000,Promotion
6221,3220,2023-05-12,17100000,Adjustment
6222,3221,2022-06-10,67060000,Initial
6223,3222,2018-05-18,23160000,Initial
6224,3222,2020-01-13,24330000,Promotion
6225,3222,2021-09-09,27020000,Adjustment
6226,3222,2023-05-07,29470000,Promotion
6227,3223,2016-04-06,22050000,Initial
6228,3223,2018-01-04,23590000,Promotion
6229,3223,2019-10-04,25280000,Promotion
6230,3223,2021-07-04,26480000,Adjustment
6231,3223,2023-04-03,29210000,Promotion
6232,3224,2016-08-28,36620000,Initial
6233,3224,2018-04-29,39160000,Market Correction
6234,3224,2019-12-30,42250000,Market Correction
6235,3224,2021-08-30,44820000,Promotion
6236,3224,2023-05-02,48350000,Annual Raise
6237,3225,2019-01-03,33430000,Initial
6238,3225,2021-01-02,34910000,Market Correction
6239,3225,2023-01-02,37710000,Market Correction
6240,3226,2019-01-12,28560000,Initial
6241,3226,2021-01-08,30080000,Adjustment
6242,3226,2023-01-05,32900000,Annual Raise
6243,3227,2022-03-01,19310000,Initial
6244,3228,2024-10-28,17540000,Initial
6245,3229,2018-09-18,31010000,Initial
6246,3229,2020-04-14,33450000,Annual Raise
6247,3229,2021-11-09,35350000,Adjustment
6248,3229,2023-06-06,38720000,Adjustment
6249,3230,2018-06-20,36600000,Initial
6250,3230,2020-01-18,40660000,Market Correction
6251,3230,2021-08-18,42590000,Market Correction
6252,3230,2023-03-18,44440000,Market Correction
6253,3231,2019-11-11,21660000,Initial
6254,3231,2021-07-29,23150000,Promotion
6255,3231,2023-04-16,25420000,Annual Raise
6256,3232,2018-03-27,22470000,Initial
6257,3232,2019-12-05,24190000,Promotion
6258,3232,2021-08-14,26980000,Annual Raise
6259,3232,2023-04-24,29940000,Promotion
6260,3233,2020-03-25,27850000,Initial
6261,3233,2021-10-27,30680000,Adjustment
6262,3233,2023-05-31,33830000,Promotion
6263,3234,2018-05-28,12440000,Initial
6264,3234,2020-01-20,13380000,Promotion
6265,3234,2021-09-14,14500000,Market Correction
6266,3234,2023-05-09,15670000,Promotion
6267,3235,2020-02-03,16850000,Initial
6268,3236,2018-06-06,6940000,Initial
6269,3236,2020-08-25,7300000,Market Correction
6270,3237,2017-10-26,27500000,Initial
6271,3237,2019-08-13,30460000,Market Correction
6272,3237,2021-05-30,32550000,Market Correction
6273,3237,2023-03-17,35740000,Promotion
6274,3238,2015-12-19,3840000,Initial
6275,3238,2017-06-21,4100000,Adjustment
6276,3238,2018-12-23,4330000,Adjustment
6277,3238,2020-06-25,4820000,Annual Raise
6278,3238,2021-12-27,5240000,Adjustment
6279,3238,2023-06-30,5780000,Annual Raise
6280,3239,2019-11-05,13510000,Initial
6281,3239,2021-07-25,14540000,Promotion
6282,3239,2023-04-14,15640000,Adjustment
6283,3240,2020-04-22,19900000,Initial
6284,3240,2021-11-14,21280000,Promotion
6285,3240,2023-06-09,23620000,Adjustment
6286,3241,2019-09-27,10920000,Initial
6287,3241,2021-06-29,11920000,Adjustment
6288,3241,2023-04-01,12430000,Market Correction
6289,3242,2021-09-11,24630000,Initial
6290,3242,2023-05-08,25850000,Annual Raise
6291,3243,2024-01-08,15200000,Initial
6292,3244,2016-07-09,30100000,Initial
6293,3244,2018-03-20,33460000,Promotion
6294,3244,2019-11-30,36260000,Annual Raise
6295,3244,2021-08-10,38330000,Market Correction
6296,3244,2023-04-22,41130000,Promotion
6297,3245,2018-05-02,24060000,Initial
6298,3245,2020-01-01,26110000,Annual Raise
6299,3245,2021-09-01,29240000,Market Correction
6300,3245,2023-05-03,32700000,Promotion
6301,3246,2019-03-20,35100000,Initial
6302,3246,2021-02-21,37950000,Annual Raise
6303,3246,2023-01-27,42250000,Market Correction
6304,3247,2022-10-14,22760000,Initial
6305,3248,2018-12-21,24580000,Initial
6306,3248,2020-06-23,27470000,Promotion
6307,3248,2021-12-26,29280000,Promotion
6308,3248,2023-06-30,30950000,Market Correction
6309,3249,2015-04-24,21870000,Initial
6310,3249,2016-12-04,23020000,Market Correction
6311,3249,2018-07-17,24550000,Market Correction
6312,3249,2020-02-27,27160000,Market Correction
6313,3249,2021-10-09,28540000,Annual Raise
6314,3249,2023-05-22,30770000,Annual Raise
6315,3250,2015-12-29,16660000,Initial
6316,3250,2017-06-29,17670000,Adjustment
6317,3250,2018-12-30,19000000,Promotion
6318,3250,2020-06-30,19800000,Adjustment
6319,3250,2021-12-31,21660000,Promotion
6320,3250,2023-07-02,22740000,Market Correction
6321,3251,2021-07-05,41270000,Initial
6322,3251,2023-04-04,44810000,Market Correction
6323,3252,2015-08-08,15720000,Initial
6324,3252,2017-03-02,16650000,Promotion
6325,3252,2018-09-25,17910000,Annual Raise
6326,3252,2020-04-20,18890000,Annual Raise
6327,3252,2021-11-13,20710000,Annual Raise
6328,3252,2023-06-08,23190000,Market Correction
6329,3253,2020-03-10,12570000,Initial
6330,3253,2021-10-17,13840000,Annual Raise
6331,3253,2023-05-26,15350000,Promotion
6332,3254,2015-12-13,13000000,Initial
6333,3254,2017-06-16,14260000,Annual Raise
6334,3254,2018-12-19,15590000,Annual Raise
6335,3254,2020-06-22,16400000,Promotion
6336,3254,2021-12-25,17170000,Adjustment
6337,3254,2023-06-29,17930000,Promotion
6338,3255,2024-03-20,13400000,Initial
6339,3256,2016-05-12,7150000,Initial
6340,3256,2018-02-02,7460000,Promotion
6341,3256,2019-10-26,7920000,Adjustment
6342,3256,2021-07-18,8390000,Adjustment
6343,3256,2023-04-10,9290000,Market Correction
6344,3257,2022-11-13,39240000,Initial
6345,3258,2016-07-12,15060000,Initial
6346,3258,2018-03-23,16440000,Promotion
6347,3258,2019-12-02,17790000,Annual Raise
6348,3258,2021-08-12,19610000,Adjustment
6349,3258,2023-04-23,21560000,Market Correction
6350,3259,2018-05-17,12030000,Initial
6351,3259,2020-01-12,13040000,Market Correction
6352,3259,2021-09-08,14120000,Market Correction
6353,3259,2023-05-06,15670000,Annual Raise
6354,3260,2024-01-13,19880000,Initial
6355,3261,2015-01-01,15520000,Initial
6356,3261,2016-08-31,17220000,Market Correction
6357,3261,2018-05-02,18060000,Annual Raise
6358,3261,2020-01-01,19120000,Market Correction
6359,3261,2021-09-01,20020000,Annual Raise
6360,3261,2023-05-03,21750000,Market Correction
6361,3262,2017-04-16,20160000,Initial
6362,3263,2016-05-13,17430000,Initial
6363,3263,2018-02-03,18530000,Adjustment
6364,3263,2019-10-27,20140000,Market Correction
6365,3263,2021-07-19,21300000,Adjustment
6366,3263,2023-04-11,23240000,Market Correction
6367,3264,2024-06-09,39740000,Initial
6368,3265,2024-08-20,30790000,Initial
6369,3266,2017-01-26,11440000,Initial
6370,3266,2018-08-28,12730000,Market Correction
6371,3266,2020-03-29,13720000,Market Correction
6372,3266,2021-10-30,15150000,Market Correction
6373,3266,2023-06-01,16860000,Adjustment
6374,3267,2020-09-26,51330000,Initial
6375,3267,2022-11-14,53500000,Annual Raise
6376,3268,2018-04-02,61500000,Initial
6377,3268,2019-12-09,64020000,Market Correction
6378,3268,2021-08-17,67800000,Promotion
6379,3268,2023-04-25,75650000,Promotion
6380,3269,2019-02-13,11410000,Initial
6381,3269,2021-01-29,12050000,Adjustment
6382,3269,2023-01-15,13480000,Adjustment
6383,3270,2020-03-15,20800000,Initial
6384,3270,2021-10-20,22850000,Annual Raise
6385,3270,2023-05-27,24300000,Annual Raise
6386,3271,2020-02-16,15770000,Initial
6387,3272,2022-03-27,31990000,Initial
6388,3273,2018-12-23,26840000,Initial
6389,3273,2020-06-25,28160000,Adjustment
6390,3273,2021-12-27,30520000,Promotion
6391,3273,2023-06-30,32790000,Promotion
6392,3274,2018-02-08,57750000,Initial
6393,3275,2018-11-29,17590000,Initial
6394,3275,2020-06-07,18380000,Adjustment
6395,3275,2021-12-15,19450000,Promotion
6396,3275,2023-06-24,20980000,Market Correction
6397,3276,2016-12-15,17100000,Initial
6398,3276,2018-07-25,18020000,Adjustment
6399,3276,2020-03-04,19660000,Promotion
6400,3276,2021-10-13,20890000,Market Correction
6401,3276,2023-05-24,22660000,Promotion
6402,3277,2020-02-26,25000000,Initial
6403,3277,2021-10-08,26670000,Promotion
6404,3277,2023-05-21,28170000,Promotion
6405,3278,2019-06-02,10550000,Initial
6406,3278,2021-02-23,11090000,Annual Raise
6407,3278,2022-11-18,12050000,Annual Raise
6408,3279,2021-10-17,43530000,Initial
6409,3279,2023-05-26,48450000,Adjustment
6410,3280,2016-06-14,10580000,Initial
6411,3280,2018-02-28,11500000,Promotion
6412,3280,2019-11-15,12050000,Annual Raise
6413,3280,2021-07-31,12650000,Market Correction
6414,3280,2023-04-17,13630000,Annual Raise
6415,3281,2021-07-22,15810000,Initial
6416,3281,2023-04-12,17460000,Adjustment
6417,3282,2024-07-21,19890000,Initial
6418,3283,2020-08-07,30320000,Initial
6419,3283,2022-10-20,31550000,Adjustment
6420,3284,2023-08-28,38710000,Initial
6421,3285,2024-11-16,26710000,Initial
6422,3286,2015-09-21,24770000,Initial
6423,3286,2017-04-08,27410000,Market Correction
6424,3286,2018-10-25,29660000,Promotion
6425,3286,2020-05-12,33020000,Market Correction
6426,3286,2021-11-28,36380000,Annual Raise
6427,3286,2023-06-16,39670000,Annual Raise
6428,3287,2019-12-14,10050000,Initial
6429,3287,2021-08-20,10900000,Adjustment
6430,3287,2023-04-27,11860000,Market Correction
6431,3288,2016-12-13,19420000,Initial
6432,3288,2018-07-24,21050000,Annual Raise
6433,3288,2020-03-03,22740000,Annual Raise
6434,3288,2021-10-12,23660000,Adjustment
6435,3288,2023-05-23,25990000,Annual Raise
6436,3289,2022-02-23,33560000,Initial
6437,3290,2019-11-28,13260000,Initial
6438,3290,2021-08-09,14640000,Annual Raise
6439,3290,2023-04-21,16050000,Annual Raise
6440,3291,2019-11-13,16180000,Initial
6441,3291,2021-07-30,17660000,Annual Raise
6442,3291,2023-04-16,18840000,Market Correction
6443,3292,2022-01-20,40230000,Initial
6444,3293,2015-01-22,9640000,Initial
6445,3293,2016-09-18,10380000,Promotion
6446,3293,2018-05-16,11610000,Market Correction
6447,3293,2020-01-12,12760000,Annual Raise
6448,3293,2021-09-08,13830000,Annual Raise
6449,3293,2023-05-06,15210000,Annual Raise
6450,3294,2018-10-27,26710000,Initial
6451,3294,2020-05-13,29350000,Promotion
6452,3294,2021-11-29,31700000,Market Correction
6453,3294,2023-06-16,35390000,Adjustment
6454,3295,2017-02-17,33810000,Initial
6455,3295,2018-09-15,36010000,Promotion
6456,3295,2020-04-12,38430000,Adjustment
6457,3295,2021-11-08,42260000,Market Correction
6458,3295,2023-06-06,44820000,Adjustment
6459,3296,2018-12-31,7870000,Initial
6460,3296,2020-07-01,8630000,Market Correction
6461,3296,2021-12-31,9110000,Promotion
6462,3296,2023-07-02,10160000,Promotion
6463,3297,2019-12-03,47630000,Initial
6464,3297,2021-08-12,53030000,Adjustment
6465,3297,2023-04-23,57600000,Adjustment
6466,3298,2016-06-04,15600000,Initial
6467,3298,2018-02-20,16830000,Promotion
6468,3298,2019-11-09,18280000,Adjustment
6469,3298,2021-07-27,20120000,Market Correction
6470,3298,2023-04-15,22510000,Annual Raise
6471,3299,2017-08-02,10320000,Initial
6472,3299,2019-06-10,11010000,Promotion
6473,3299,2021-04-17,12180000,Annual Raise
6474,3299,2023-02-23,12880000,Adjustment
6475,3300,2024-03-18,25600000,Initial
6476,3301,2015-10-06,20940000,Initial
6477,3301,2017-04-20,22550000,Market Correction
6478,3301,2018-11-04,24960000,Market Correction
6479,3301,2020-05-19,27590000,Annual Raise
6480,3301,2021-12-03,30620000,Adjustment
6481,3301,2023-06-18,32310000,Market Correction
6482,3302,2020-12-28,20630000,Initial
6483,3302,2022-12-30,21750000,Promotion
6484,3303,2019-06-24,44910000,Initial
6485,3303,2021-04-26,48650000,Market Correction
6486,3303,2023-02-28,50900000,Market Correction
6487,3304,2021-07-15,10960000,Initial
6488,3304,2023-04-09,11990000,Adjustment
6489,3305,2018-10-16,12870000,Initial
6490,3305,2020-05-05,13480000,Promotion
6491,3305,2021-11-23,14800000,Promotion
6492,3305,2023-06-13,16260000,Annual Raise
6493,3306,2016-07-24,27600000,Initial
6494,3306,2018-08-28,30530000,Promotion
6495,3307,2017-08-23,21590000,Initial
6496,3307,2019-06-26,24140000,Annual Raise
6497,3307,2021-04-28,25450000,Market Correction
6498,3307,2023-03-01,27820000,Promotion
6499,3308,2018-11-17,12090000,Initial
6500,3308,2020-05-29,12670000,Market Correction
6501,3308,2021-12-09,13290000,Market Correction
6502,3308,2023-06-21,14350000,Adjustment
6503,3309,2021-03-08,12280000,Initial
6504,3309,2023-02-03,12800000,Promotion
6505,3310,2016-03-02,13270000,Initial
6506,3310,2017-09-17,14850000,Promotion
6507,3310,2019-04-05,15860000,Adjustment
6508,3310,2020-10-21,16530000,Market Correction
6509,3311,2020-05-10,15320000,Initial
6510,3311,2021-11-26,16680000,Adjustment
6511,3311,2023-06-15,18510000,Adjustment
6512,3312,2015-04-18,17060000,Initial
6513,3312,2016-11-29,18350000,Promotion
6514,3312,2018-07-13,20110000,Market Correction
6515,3312,2020-02-24,22110000,Promotion
6516,3312,2021-10-07,24740000,Adjustment
6517,3312,2023-05-21,27620000,Annual Raise
6518,3313,2022-08-25,23650000,Initial
6519,3314,2019-05-05,18590000,Initial
6520,3314,2021-03-24,20790000,Annual Raise
6521,3314,2023-02-11,22310000,Annual Raise
6522,3315,2021-02-28,25010000,Initial
6523,3315,2023-01-30,27700000,Promotion
6524,3316,2018-12-11,19170000,Initial
6525,3316,2020-06-16,20430000,Annual Raise
6526,3316,2021-12-21,21890000,Market Correction
6527,3316,2023-06-27,23230000,Annual Raise
6528,3317,2017-08-08,24010000,Initial
6529,3317,2019-06-14,26200000,Annual Raise
6530,3317,2021-04-20,27800000,Adjustment
6531,3317,2023-02-25,31060000,Market Correction
6532,3318,2023-12-29,40450000,Initial
6533,3319,2015-08-21,15340000,Initial
6534,3319,2017-03-13,16740000,Annual Raise
6535,3319,2018-10-04,17820000,Adjustment
6536,3319,2020-04-26,18570000,Annual Raise
6537,3319,2021-11-17,19600000,Annual Raise
6538,3319,2023-06-10,21120000,Adjustment
6539,3320,2018-12-03,14760000,Initial
6540,3320,2020-06-10,16500000,Adjustment
6541,3320,2021-12-17,17940000,Promotion
6542,3320,2023-06-25,19730000,Promotion
6543,3321,2021-10-18,10790000,Initial
6544,3321,2023-05-26,11670000,Market Correction
6545,3322,2015-11-09,16090000,Initial
6546,3322,2017-05-18,17800000,Annual Raise
6547,3322,2018-11-26,19890000,Market Correction
6548,3322,2020-06-05,21740000,Promotion
6549,3322,2021-12-14,23330000,Annual Raise
6550,3322,2023-06-24,25720000,Promotion
6551,3323,2024-08-18,20320000,Initial
6552,3324,2023-10-01,17600000,Initial
6553,3325,2018-07-30,33670000,Initial
6554,3325,2020-03-07,36730000,Promotion
6555,3325,2021-10-15,40970000,Adjustment
6556,3325,2023-05-25,45380000,Market Correction
6557,3326,2019-08-10,19210000,Initial
6558,3326,2021-05-28,21400000,Promotion
6559,3326,2023-03-16,23340000,Market Correction
6560,3327,2017-04-13,25400000,Initial
6561,3327,2018-10-29,27250000,Promotion
6562,3327,2020-05-15,29680000,Annual Raise
6563,3327,2021-11-30,32820000,Annual Raise
6564,3327,2023-06-17,34510000,Annual Raise
6565,3328,2016-05-17,8290000,Initial
6566,3328,2018-02-06,9130000,Annual Raise
6567,3328,2019-10-29,10010000,Annual Raise
6568,3328,2021-07-20,10600000,Annual Raise
6569,3328,2023-04-11,11770000,Promotion
6570,3329,2022-10-31,35510000,Initial
6571,3330,2020-08-05,28780000,Initial
6572,3330,2022-10-19,31470000,Annual Raise
6573,3331,2018-05-15,12750000,Initial
6574,3331,2020-01-10,13660000,Market Correction
6575,3331,2021-09-07,14230000,Annual Raise
6576,3331,2023-05-06,15420000,Annual Raise
6577,3332,2020-07-21,17680000,Initial
6578,3333,2017-04-22,11180000,Initial
6579,3333,2018-11-05,12300000,Adjustment
6580,3333,2020-05-20,13680000,Annual Raise
6581,3333,2021-12-03,14440000,Promotion
6582,3333,2023-06-18,15630000,Promotion
6583,3334,2022-05-29,19150000,Initial
6584,3335,2021-10-29,32940000,Initial
6585,3335,2023-06-01,36100000,Adjustment
6586,3336,2024-02-01,22610000,Initial
6587,3337,2023-02-20,26740000,Initial
6588,3338,2024-01-21,22340000,Initial
6589,3339,2024-08-17,48010000,Initial
6590,3340,2016-10-27,15540000,Initial
6591,3340,2018-06-16,16420000,Adjustment
6592,3340,2020-02-04,17920000,Annual Raise
6593,3340,2021-09-23,18700000,Adjustment
6594,3340,2023-05-14,20910000,Promotion
6595,3341,2016-06-24,10490000,Initial
6596,3341,2018-03-08,11590000,Annual Raise
6597,3341,2019-11-21,12690000,Promotion
6598,3341,2021-08-04,13540000,Annual Raise
6599,3341,2023-04-19,15060000,Adjustment
6600,3342,2015-12-17,24280000,Initial
6601,3342,2017-06-19,27080000,Promotion
6602,3342,2018-12-22,29860000,Market Correction
6603,3342,2020-06-24,31230000,Market Correction
6604,3342,2021-12-27,33240000,Market Correction
6605,3342,2023-06-30,36950000,Annual Raise
6606,3343,2015-06-08,9520000,Initial
6607,3343,2017-01-10,9910000,Promotion
6608,3343,2018-08-16,11080000,Market Correction
6609,3343,2020-03-20,12220000,Market Correction
6610,3343,2021-10-24,13450000,Promotion
6611,3343,2023-05-29,15030000,Annual Raise
6612,3344,2023-10-10,11560000,Initial
6613,3345,2021-05-17,40270000,Initial
6614,3345,2023-03-10,44900000,Annual Raise
6615,3346,2020-03-10,21030000,Initial
6616,3347,2020-05-20,11410000,Initial
6617,3347,2021-12-03,12550000,Promotion
6618,3347,2023-06-18,13130000,Promotion
6619,3348,2021-07-01,55210000,Initial
6620,3348,2023-04-02,61640000,Market Correction
6621,3349,2015-09-20,38430000,Initial
6622,3349,2017-04-07,40430000,Annual Raise
6623,3349,2018-10-24,43480000,Adjustment
6624,3349,2020-05-11,47630000,Adjustment
6625,3349,2021-11-27,50160000,Market Correction
6626,3349,2023-06-15,55690000,Adjustment
6627,3350,2017-11-29,23240000,Initial
6628,3350,2019-09-07,25820000,Market Correction
6629,3350,2021-06-16,26980000,Annual Raise
6630,3350,2023-03-25,30130000,Adjustment
6631,3351,2016-08-24,35760000,Initial
6632,3351,2018-04-26,38600000,Promotion
6633,3351,2019-12-27,43010000,Annual Raise
6634,3351,2021-08-29,47600000,Annual Raise
6635,3351,2023-05-01,52510000,Annual Raise
6636,3352,2022-05-05,24020000,Initial
6637,3353,2015-06-21,29930000,Initial
6638,3353,2017-01-21,32540000,Adjustment
6639,3353,2018-08-24,36420000,Promotion
6640,3353,2020-03-27,37890000,Promotion
6641,3353,2021-10-28,42160000,Annual Raise
6642,3353,2023-05-31,45530000,Market Correction
6643,3354,2017-11-20,31370000,Initial
6644,3354,2020-02-11,34630000,Market Correction
6645,3355,2018-12-03,11240000,Initial
6646,3355,2020-06-10,11720000,Promotion
6647,3355,2021-12-17,12740000,Market Correction
6648,3355,2023-06-25,14260000,Adjustment
6649,3356,2017-08-28,35110000,Initial
6650,3356,2019-06-29,38990000,Promotion
6651,3356,2021-04-30,42500000,Annual Raise
6652,3356,2023-03-02,46700000,Annual Raise
6653,3357,2015-10-20,45860000,Initial
6654,3357,2017-05-02,48090000,Adjustment
6655,3357,2018-11-13,53830000,Promotion
6656,3357,2020-05-26,59160000,Market Correction
6657,3357,2021-12-07,61830000,Promotion
6658,3357,2023-06-20,66710000,Market Correction
6659,3358,2021-10-22,13570000,Initial
6660,3358,2023-05-28,14890000,Market Correction
6661,3359,2020-04-11,10120000,Initial
6662,3359,2021-11-07,11100000,Adjustment
6663,3359,2023-06-05,12040000,Annual Raise
6664,3360,2019-02-17,27660000,Initial
6665,3360,2021-01-12,30720000,Annual Raise
6666,3360,2022-12-08,32800000,Market Correction
6667,3361,2016-03-11,41390000,Initial
6668,3361,2017-12-14,45340000,Market Correction
6669,3361,2019-09-19,50410000,Market Correction
6670,3361,2021-06-23,54830000,Market Correction
6671,3361,2023-03-29,59910000,Annual Raise
6672,3362,2017-05-30,15290000,Initial
6673,3362,2018-12-05,16790000,Market Correction
6674,3362,2020-06-12,18110000,Market Correction
6675,3362,2021-12-18,19650000,Market Correction
6676,3362,2023-06-26,21480000,Promotion
6677,3363,2019-04-10,35300000,Initial
6678,3363,2021-03-07,38020000,Promotion
6679,3363,2023-02-03,39620000,Market Correction
6680,3364,2017-07-08,29840000,Initial
6681,3364,2019-05-22,31430000,Promotion
6682,3364,2021-04-05,33830000,Market Correction
6683,3364,2023-02-17,36200000,Adjustment
6684,3365,2021-01-16,10610000,Initial
6685,3365,2023-01-09,11810000,Annual Raise
6686,3366,2022-05-24,74250000,Initial
6687,3367,2024-05-17,14730000,Initial
6688,3368,2017-08-03,23590000,Initial
6689,3368,2019-06-11,25900000,Annual Raise
6690,3368,2021-04-18,27180000,Market Correction
6691,3368,2023-02-24,30410000,Promotion
6692,3369,2019-12-28,27600000,Initial
6693,3369,2021-08-29,29440000,Market Correction
6694,3369,2023-05-01,31470000,Market Correction
6695,3370,2021-04-14,27520000,Initial
6696,3370,2023-02-22,29790000,Promotion
6697,3371,2020-01-13,12440000,Initial
6698,3371,2021-09-09,13730000,Promotion
6699,3371,2023-05-07,15360000,Promotion
6700,3372,2021-01-11,34250000,Initial
6701,3372,2023-01-06,36840000,Market Correction
6702,3373,2021-10-16,11440000,Initial
6703,3373,2023-05-25,12290000,Market Correction
6704,3374,2015-11-30,18000000,Initial
6705,3374,2017-06-05,19050000,Market Correction
6706,3374,2018-12-10,20830000,Market Correction
6707,3374,2020-06-16,23150000,Annual Raise
6708,3374,2021-12-21,24410000,Promotion
6709,3374,2023-06-27,26620000,Market Correction
6710,3375,2022-02-04,21170000,Initial
6711,3376,2015-03-05,23280000,Initial
6712,3376,2016-10-23,25490000,Market Correction
6713,3376,2018-06-13,27070000,Annual Raise
6714,3376,2020-02-02,29800000,Market Correction
6715,3376,2021-09-22,33000000,Adjustment
6716,3376,2023-05-13,34360000,Promotion
6717,3377,2023-05-01,17700000,Initial
6718,3378,2015-10-27,50950000,Initial
6719,3378,2017-05-08,56080000,Promotion
6720,3378,2018-11-18,62230000,Annual Raise
6721,3378,2020-05-30,67990000,Market Correction
6722,3378,2021-12-10,71530000,Adjustment
6723,3378,2023-06-22,76910000,Promotion
6724,3379,2018-12-22,29310000,Initial
6725,3379,2020-06-24,32800000,Adjustment
6726,3379,2021-12-27,36510000,Annual Raise
6727,3379,2023-06-30,40550000,Promotion
6728,3380,2016-05-02,14410000,Initial
6729,3380,2018-01-25,15250000,Adjustment
6730,3380,2019-10-20,16840000,Adjustment
6731,3380,2021-07-14,18730000,Market Correction
6732,3380,2023-04-08,20920000,Market Correction
6733,3381,2023-02-06,30130000,Initial
6734,3382,2023-04-22,18700000,Initial
6735,3383,2023-03-24,29170000,Initial
6736,3384,2016-09-15,27780000,Initial
6737,3384,2018-05-14,29900000,Market Correction
6738,3384,2020-01-10,31560000,Promotion
6739,3384,2021-09-07,34250000,Market Correction
6740,3384,2023-05-06,37570000,Adjustment
6741,3385,2019-04-03,47500000,Initial
6742,3385,2021-03-03,52430000,Market Correction
6743,3385,2023-02-01,56060000,Market Correction
6744,3386,2023-09-02,32800000,Initial
6745,3387,2018-03-14,18420000,Initial
6746,3387,2019-11-25,19540000,Adjustment
6747,3387,2021-08-07,21040000,Annual Raise
6748,3387,2023-04-20,23470000,Promotion
6749,3388,2015-06-21,16580000,Initial
6750,3388,2017-01-21,18470000,Adjustment
6751,3388,2018-08-24,19340000,Annual Raise
6752,3388,2020-03-27,21250000,Adjustment
6753,3388,2021-10-28,22330000,Annual Raise
6754,3388,2023-05-31,23590000,Annual Raise
6755,3389,2019-10-30,14160000,Initial
6756,3389,2021-07-21,15540000,Adjustment
6757,3389,2023-04-12,16260000,Annual Raise
6758,3390,2016-02-12,23110000,Initial
6759,3390,2017-11-22,24120000,Market Correction
6760,3390,2019-09-02,25560000,Annual Raise
6761,3390,2021-06-12,28580000,Market Correction
6762,3390,2023-03-23,31000000,Adjustment
6763,3391,2020-06-16,19240000,Initial
6764,3391,2021-12-21,20160000,Market Correction
6765,3391,2023-06-27,21840000,Promotion
6766,3392,2021-10-18,20500000,Initial
6767,3392,2023-05-26,22050000,Annual Raise
6768,3393,2016-01-29,14200000,Initial
6769,3393,2017-11-11,15870000,Promotion
6770,3393,2019-08-25,17060000,Adjustment
6771,3393,2021-06-07,18670000,Market Correction
6772,3393,2023-03-21,20550000,Adjustment
6773,3394,2021-09-17,20660000,Initial
6774,3394,2023-05-11,22120000,Annual Raise
6775,3395,2015-01-28,19310000,Initial
6776,3395,2016-09-23,20140000,Market Correction
6777,3395,2018-05-20,21050000,Annual Raise
6778,3395,2020-01-15,22860000,Annual Raise
6779,3395,2021-09-10,25370000,Adjustment
6780,3395,2023-05-07,27420000,Market Correction
6781,3396,2021-05-28,37790000,Initial
6782,3396,2023-03-16,40680000,Annual Raise
6783,3397,2018-04-23,14860000,Initial
6784,3397,2019-12-25,16040000,Annual Raise
6785,3397,2021-08-27,16880000,Adjustment
6786,3397,2023-04-30,18360000,Annual Raise
6787,3398,2019-12-26,9820000,Initial
6788,3398,2021-08-28,10670000,Annual Raise
6789,3398,2023-05-01,11440000,Promotion
6790,3399,2018-02-14,16430000,Initial
6791,3399,2019-11-04,17400000,Adjustment
6792,3399,2021-07-24,18810000,Adjustment
6793,3399,2023-04-13,19720000,Promotion
6794,3400,2023-05-07,28580000,Initial
6795,3401,2020-09-07,27310000,Initial
6796,3401,2022-11-04,29120000,Market Correction
6797,3402,2022-12-05,17990000,Initial
6798,3403,2017-02-18,38110000,Initial
6799,3403,2018-09-15,40190000,Market Correction
6800,3403,2020-04-12,43340000,Adjustment
6801,3403,2021-11-08,46380000,Market Correction
6802,3403,2023-06-06,48480000,Annual Raise
6803,3404,2022-02-11,65530000,Initial
6804,3405,2024-10-12,14650000,Initial
6805,3406,2016-09-12,19290000,Initial
6806,3406,2018-05-11,20240000,Promotion
6807,3406,2020-01-08,22400000,Annual Raise
6808,3406,2021-09-05,23780000,Promotion
6809,3406,2023-05-05,26040000,Promotion
6810,3407,2016-06-23,12490000,Initial
6811,3407,2018-03-07,13020000,Annual Raise
6812,3407,2019-11-20,14220000,Annual Raise
6813,3407,2021-08-04,15280000,Annual Raise
6814,3407,2023-04-19,16570000,Promotion
6815,3408,2015-01-14,22250000,Initial
6816,3408,2016-09-11,23400000,Adjustment
6817,3408,2018-05-11,24400000,Annual Raise
6818,3408,2020-01-08,26330000,Annual Raise
6819,3408,2021-09-05,28620000,Market Correction
6820,3408,2023-05-05,30660000,Annual Raise
6821,3409,2022-12-18,20270000,Initial
6822,3410,2022-01-28,15660000,Initial
6823,3411,2024-11-04,13320000,Initial
6824,3412,2020-06-30,19210000,Initial
6825,3412,2021-12-30,20740000,Market Correction
6826,3412,2023-07-02,22400000,Adjustment
6827,3413,2018-04-25,22840000,Initial
6828,3414,2018-08-25,14390000,Initial
6829,3414,2020-05-26,15050000,Promotion
6830,3414,2022-02-25,16450000,Annual Raise
6831,3415,2022-05-29,12860000,Initial
6832,3416,2024-06-03,16890000,Initial
6833,3417,2015-04-29,12700000,Initial
6834,3417,2016-12-08,13240000,Market Correction
6835,3417,2018-07-20,14550000,Adjustment
6836,3417,2020-02-29,15450000,Promotion
6837,3417,2021-10-10,16770000,Promotion
6838,3417,2023-05-22,18070000,Promotion
6839,3418,2015-09-07,17260000,Initial
6840,3418,2017-03-27,18080000,Promotion
6841,3418,2018-10-15,19510000,Promotion
6842,3418,2020-05-05,21080000,Market Correction
6843,3418,2021-11-23,22030000,Promotion
6844,3418,2023-06-13,23260000,Annual Raise
6845,3419,2019-08-12,33900000,Initial
6846,3419,2021-05-29,37720000,Annual Raise
6847,3419,2023-03-16,40430000,Market Correction
6848,3420,2015-08-12,15360000,Initial
6849,3420,2017-03-05,16860000,Promotion
6850,3420,2018-09-28,18300000,Annual Raise
6851,3420,2020-04-22,19910000,Annual Raise
6852,3420,2021-11-14,21480000,Market Correction
6853,3420,2023-06-09,23040000,Promotion
6854,3421,2018-06-17,17180000,Initial
6855,3421,2020-02-04,18840000,Annual Raise
6856,3421,2021-09-24,20450000,Promotion
6857,3421,2023-05-14,21920000,Adjustment
6858,3422,2021-01-04,45850000,Initial
6859,3422,2023-01-03,50570000,Promotion
6860,3423,2016-06-13,22920000,Initial
6861,3423,2018-02-27,24970000,Market Correction
6862,3423,2019-11-14,27280000,Market Correction
6863,3423,2021-07-31,29800000,Promotion
6864,3423,2023-04-17,32310000,Adjustment
6865,3424,2023-12-31,18140000,Initial
6866,3425,2023-08-07,50900000,Initial
6867,3426,2019-01-23,15450000,Initial
6868,3426,2021-01-15,16890000,Market Correction
6869,3426,2023-01-08,18880000,Adjustment
6870,3427,2024-08-22,12270000,Initial
6871,3428,2018-09-19,14360000,Initial
6872,3428,2020-04-15,15250000,Promotion
6873,3428,2021-11-10,16050000,Market Correction
6874,3428,2023-06-07,17120000,Adjustment
6875,3429,2015-05-28,8730000,Initial
6876,3429,2017-01-01,9580000,Annual Raise
6877,3429,2018-08-08,10080000,Adjustment
6878,3429,2020-03-15,11030000,Market Correction
6879,3429,2021-10-20,12110000,Annual Raise
6880,3429,2023-05-27,13430000,Adjustment
6881,3430,2023-11-16,18600000,Initial
6882,3431,2017-07-31,24640000,Initial
6883,3431,2019-06-08,26450000,Adjustment
6884,3431,2021-04-16,28130000,Market Correction
6885,3431,2023-02-23,29960000,Adjustment
6886,3432,2023-05-30,19230000,Initial
6887,3433,2024-03-05,23440000,Initial
6888,3434,2015-10-30,20340000,Initial
6889,3434,2017-05-10,21760000,Market Correction
6890,3434,2018-11-20,24050000,Market Correction
6891,3434,2020-05-31,26080000,Adjustment
6892,3434,2021-12-11,27770000,Annual Raise
6893,3434,2023-06-22,29100000,Market Correction
6894,3435,2015-03-24,54250000,Initial
6895,3435,2016-11-12,60310000,Market Correction
6896,3435,2018-07-05,65280000,Promotion
6897,3435,2020-02-24,69880000,Adjustment
6898,3436,2023-04-03,18800000,Initial
6899,3437,2023-10-20,18830000,Initial
6900,3438,2018-01-27,14490000,Initial
6901,3438,2019-10-21,15380000,Adjustment
6902,3438,2021-07-15,16060000,Adjustment
6903,3438,2023-04-09,16980000,Adjustment
6904,3439,2019-03-23,15750000,Initial
6905,3439,2021-02-23,16650000,Promotion
6906,3439,2023-01-28,17400000,Adjustment
6907,3440,2021-04-16,40240000,Initial
6908,3440,2023-02-23,43940000,Adjustment
6909,3441,2019-04-16,37780000,Initial
6910,3441,2020-12-04,39890000,Annual Raise
6911,3442,2023-07-22,34040000,Initial
6912,3443,2019-06-16,7290000,Initial
6913,3443,2021-04-21,7890000,Adjustment
6914,3443,2023-02-25,8680000,Market Correction
6915,3444,2022-03-17,15320000,Initial
6916,3445,2016-01-26,36970000,Initial
6917,3445,2017-11-08,38870000,Market Correction
6918,3445,2019-08-23,40930000,Market Correction
6919,3445,2021-06-05,45550000,Adjustment
6920,3445,2023-03-20,49650000,Promotion
6921,3446,2021-08-27,32820000,Initial
6922,3446,2023-04-30,34600000,Adjustment
6923,3447,2020-11-13,29790000,Initial
6924,3447,2022-12-08,33080000,Promotion
6925,3448,2023-08-10,13430000,Initial
6926,3449,2024-05-10,15200000,Initial
6927,3450,2024-10-09,14100000,Initial
6928,3451,2021-02-12,35210000,Initial
6929,3451,2023-01-22,36990000,Adjustment
6930,3452,2022-12-13,20340000,Initial
6931,3453,2016-03-06,34530000,Initial
6932,3453,2017-12-10,36840000,Promotion
6933,3453,2019-09-16,38720000,Adjustment
6934,3453,2021-06-21,43190000,Market Correction
6935,3453,2023-03-28,44990000,Promotion
6936,3454,2016-10-25,17580000,Initial
6937,3454,2018-06-15,18380000,Market Correction
6938,3454,2020-02-03,20370000,Market Correction
6939,3454,2021-09-23,22480000,Promotion
6940,3454,2023-05-14,23530000,Market Correction
6941,3455,2024-10-02,20350000,Initial
6942,3456,2016-11-30,18840000,Initial
6943,3456,2018-07-13,20010000,Market Correction
6944,3456,2020-02-24,21860000,Adjustment
6945,3456,2021-10-07,23990000,Adjustment
6946,3456,2023-05-21,25360000,Promotion
6947,3457,2019-06-24,23320000,Initial
6948,3458,2020-11-10,21230000,Initial
6949,3458,2022-12-06,23580000,Promotion
6950,3459,2016-08-02,12940000,Initial
6951,3459,2018-04-08,14210000,Annual Raise
6952,3459,2019-12-14,15300000,Market Correction
6953,3459,2021-08-20,16830000,Market Correction
6954,3459,2023-04-27,18570000,Adjustment
6955,3460,2020-10-28,19940000,Initial
6956,3460,2022-11-30,20770000,Market Correction
6957,3461,2023-05-17,35980000,Initial
6958,3462,2015-02-10,14080000,Initial
6959,3462,2016-10-04,15040000,Annual Raise
6960,3462,2018-05-29,16760000,Adjustment
6961,3462,2020-01-21,18120000,Promotion
6962,3462,2021-09-14,20240000,Promotion
6963,3462,2023-05-09,22330000,Market Correction
6964,3463,2015-01-23,9370000,Initial
6965,3463,2016-09-19,10070000,Promotion
6966,3463,2018-05-17,10530000,Adjustment
6967,3463,2020-01-12,11250000,Adjustment
6968,3463,2021-09-08,12460000,Promotion
6969,3463,2023-05-06,13530000,Market Correction
6970,3464,2021-01-11,8480000,Initial
6971,3464,2023-01-06,9090000,Adjustment
6972,3465,2021-08-31,14000000,Initial
6973,3465,2023-05-02,15010000,Annual Raise
6974,3466,2018-11-13,22660000,Initial
6975,3466,2020-05-26,23810000,Adjustment
6976,3466,2021-12-07,25580000,Annual Raise
6977,3466,2023-06-20,27840000,Adjustment
6978,3467,2021-07-21,26190000,Initial
6979,3467,2023-04-12,28960000,Adjustment
6980,3468,2017-11-09,33300000,Initial
6981,3468,2019-08-23,37050000,Annual Raise
6982,3468,2021-06-06,39670000,Adjustment
6983,3468,2023-03-20,42680000,Annual Raise
6984,3469,2021-08-24,23290000,Initial
6985,3469,2023-04-29,24370000,Promotion
6986,3470,2017-12-12,12490000,Initial
6987,3470,2019-09-17,13260000,Adjustment
6988,3470,2021-06-22,13880000,Market Correction
6989,3470,2023-03-28,15510000,Market Correction
6990,3471,2018-09-14,11490000,Initial
6991,3471,2020-04-11,12520000,Promotion
6992,3471,2021-11-07,13080000,Annual Raise
6993,3471,2023-06-05,13990000,Annual Raise
6994,3472,2017-05-07,11490000,Initial
6995,3472,2018-11-17,12650000,Market Correction
6996,3472,2020-05-29,13600000,Promotion
6997,3472,2021-12-09,15040000,Adjustment
6998,3472,2023-06-21,16170000,Promotion
6999,3473,2024-01-04,18780000,Initial
7000,3474,2018-08-17,23480000,Initial
7001,3475,2019-10-09,13130000,Initial
7002,3475,2021-07-07,14460000,Promotion
7003,3475,2023-04-05,16160000,Annual Raise
7004,3476,2017-09-13,22810000,Initial
7005,3476,2019-07-11,24830000,Market Correction
7006,3476,2021-05-08,27750000,Market Correction
7007,3476,2023-03-06,30840000,Promotion
7008,3477,2018-12-25,35080000,Initial
7009,3477,2020-06-26,37060000,Market Correction
7010,3477,2021-12-28,39410000,Promotion
7011,3477,2023-07-01,42360000,Adjustment
7012,3478,2024-11-26,17350000,Initial
7013,3479,2022-12-23,28430000,Initial
7014,3480,2022-09-08,18000000,Initial
7015,3481,2024-09-17,17140000,Initial
7016,3482,2023-03-03,41860000,Initial
7017,3483,2019-04-16,26170000,Initial
7018,3483,2021-03-11,27590000,Adjustment
7019,3483,2023-02-05,30250000,Adjustment
7020,3484,2019-12-16,18600000,Initial
7021,3484,2021-08-21,19370000,Annual Raise
7022,3484,2023-04-27,21270000,Promotion
7023,3485,2018-09-07,16270000,Initial
7024,3485,2020-03-23,17910000,Annual Raise
7025,3485,2021-10-07,19430000,Annual Raise
7026,3486,2021-10-21,19370000,Initial
7027,3486,2023-05-28,21600000,Market Correction
7028,3487,2019-06-20,25720000,Initial
7029,3487,2021-08-30,28060000,Promotion
7030,3488,2021-06-01,15690000,Initial
7031,3488,2023-03-18,16790000,Adjustment
7032,3489,2020-07-01,21260000,Initial
7033,3489,2021-12-31,22880000,Adjustment
7034,3489,2023-07-02,24860000,Annual Raise
7035,3490,2015-06-06,40610000,Initial
7036,3490,2017-01-08,43370000,Adjustment
7037,3490,2018-08-14,45880000,Annual Raise
7038,3490,2020-03-19,50970000,Promotion
7039,3490,2021-10-23,54620000,Annual Raise
7040,3490,2023-05-29,60120000,Adjustment
7041,3491,2022-11-30,11380000,Initial
7042,3492,2015-08-18,16950000,Initial
7043,3492,2017-03-10,18430000,Adjustment
7044,3492,2018-10-02,20130000,Annual Raise
7045,3492,2020-04-25,21630000,Promotion
7046,3492,2021-11-16,23830000,Annual Raise
7047,3492,2023-06-10,25770000,Adjustment
7048,3493,2024-08-14,9130000,Initial
7049,3494,2018-09-24,12670000,Initial
7050,3494,2020-04-18,13970000,Promotion
7051,3494,2021-11-12,15320000,Adjustment
7052,3494,2023-06-08,16490000,Promotion
7053,3495,2021-07-31,33480000,Initial
7054,3495,2023-04-17,35430000,Annual Raise
7055,3496,2019-09-02,6910000,Initial
7056,3496,2021-06-12,7610000,Promotion
7057,3496,2023-03-23,8120000,Market Correction
7058,3497,2024-04-02,21990000,Initial
7059,3498,2016-12-07,20020000,Initial
7060,3498,2018-07-19,22330000,Adjustment
7061,3498,2020-02-28,23760000,Promotion
7062,3498,2021-10-10,25020000,Promotion
7063,3498,2023-05-22,27920000,Market Correction
7064,3499,2016-12-09,19990000,Initial
7065,3499,2018-07-21,21350000,Adjustment
7066,3499,2020-03-01,23580000,Promotion
7067,3499,2021-10-11,25070000,Annual Raise
7068,3499,2023-05-23,26640000,Annual Raise
7069,3500,2016-04-27,12350000,Initial
7070,3500,2018-01-21,12890000,Annual Raise
7071,3500,2019-10-17,14350000,Promotion
7072,3500,2021-07-12,14950000,Promotion
7073,3500,2023-04-07,16130000,Adjustment
7074,3501,2021-05-08,13570000,Initial
7075,3501,2023-03-06,14980000,Annual Raise
7076,3502,2017-01-17,10900000,Initial
7077,3502,2018-08-21,11900000,Adjustment
7078,3502,2020-03-24,12530000,Promotion
7079,3502,2021-10-26,13320000,Market Correction
7080,3502,2023-05-30,14880000,Adjustment
7081,3503,2023-08-07,19250000,Initial
7082,3504,2015-11-29,20870000,Initial
7083,3504,2017-06-04,22170000,Promotion
7084,3504,2018-12-10,24100000,Market Correction
7085,3504,2020-06-15,26860000,Adjustment
7086,3504,2021-12-21,29290000,Promotion
7087,3504,2023-06-27,31630000,Market Correction
7088,3505,2023-05-20,37400000,Initial
7089,3506,2022-12-01,51540000,Initial
7090,3507,2019-08-23,42740000,Initial
7091,3507,2021-06-05,45340000,Market Correction
7092,3507,2023-03-20,49950000,Promotion
7093,3508,2016-12-26,22540000,Initial
7094,3508,2018-08-03,23660000,Adjustment
7095,3508,2020-03-11,25560000,Annual Raise
7096,3508,2021-10-17,28130000,Annual Raise
7097,3508,2023-05-26,30810000,Adjustment
7098,3509,2016-01-14,14160000,Initial
7099,3509,2017-10-30,15060000,Market Correction
7100,3509,2019-08-16,16850000,Promotion
7101,3509,2021-06-01,17980000,Promotion
7102,3509,2023-03-18,20010000,Adjustment
7103,3510,2024-04-20,29960000,Initial
7104,3511,2016-09-29,12510000,Initial
7105,3511,2018-05-25,13680000,Adjustment
7106,3511,2020-01-18,15260000,Adjustment
7107,3511,2021-09-12,16980000,Adjustment
7108,3511,2023-05-08,17840000,Annual Raise
7109,3512,2018-11-21,16720000,Initial
7110,3512,2020-06-01,18470000,Adjustment
7111,3512,2021-12-11,19440000,Market Correction
7112,3512,2023-06-22,21730000,Annual Raise
7113,3513,2018-11-02,17840000,Initial
7114,3513,2020-05-18,19920000,Annual Raise
7115,3513,2021-12-02,21380000,Promotion
7116,3513,2023-06-18,22300000,Adjustment
7117,3514,2016-01-07,20120000,Initial
7118,3514,2017-10-24,21850000,Annual Raise
7119,3514,2019-08-11,23450000,Annual Raise
7120,3514,2021-05-29,24530000,Market Correction
7121,3514,2023-03-16,26100000,Adjustment
7122,3515,2017-12-04,44710000,Initial
7123,3516,2020-04-30,41710000,Initial
7124,3516,2022-03-21,45400000,Adjustment
7125,3517,2022-05-20,19780000,Initial
7126,3518,2022-01-22,15410000,Initial
7127,3519,2018-10-02,28530000,Initial
7128,3519,2020-04-24,31480000,Adjustment
7129,3519,2021-11-16,33580000,Adjustment
7130,3519,2023-06-10,35610000,Promotion
7131,3520,2018-06-08,20740000,Initial
7132,3521,2021-08-28,14220000,Initial
7133,3521,2023-05-01,15440000,Market Correction
7134,3522,2024-05-09,23270000,Initial
7135,3523,2022-08-11,44020000,Initial
7136,3524,2023-07-23,10980000,Initial
7137,3525,2023-09-06,5850000,Initial
7138,3526,2020-09-28,29260000,Initial
7139,3526,2022-11-15,31060000,Annual Raise
7140,3527,2021-05-15,11390000,Initial
7141,3527,2023-03-09,11990000,Market Correction
7142,3528,2016-01-06,17580000,Initial
7143,3528,2017-10-23,18960000,Promotion
7144,3528,2019-08-11,19810000,Market Correction
7145,3528,2021-05-28,20860000,Promotion
7146,3528,2023-03-16,22450000,Annual Raise
7147,3529,2019-06-10,21040000,Initial
7148,3529,2021-04-17,22250000,Market Correction
7149,3529,2023-02-23,23750000,Market Correction
7150,3530,2024-11-25,31840000,Initial
7151,3531,2024-08-14,40660000,Initial
7152,3532,2022-09-05,11430000,Initial
7153,3533,2018-11-12,12040000,Initial
7154,3533,2020-05-25,13150000,Promotion
7155,3533,2021-12-07,13870000,Promotion
7156,3533,2023-06-20,15440000,Market Correction
7157,3534,2020-04-18,13510000,Initial
7158,3534,2021-11-12,14740000,Adjustment
7159,3534,2023-06-08,15570000,Market Correction
7160,3535,2019-05-07,25960000,Initial
7161,3535,2020-12-07,27390000,Annual Raise
7162,3535,2022-07-11,28960000,Promotion
7163,3536,2018-03-05,21810000,Initial
7164,3536,2019-11-18,23750000,Annual Raise
7165,3536,2021-08-03,25900000,Adjustment
7166,3536,2023-04-18,27730000,Market Correction
7167,3537,2020-12-27,19250000,Initial
7168,3537,2022-08-09,21490000,Adjustment
7169,3538,2017-06-27,19300000,Initial
7170,3538,2018-12-28,20630000,Market Correction
7171,3538,2020-06-29,22780000,Promotion
7172,3538,2021-12-30,25240000,Market Correction
7173,3538,2023-07-02,28220000,Adjustment
7174,3539,2019-01-23,28580000,Initial
7175,3539,2021-01-15,30330000,Annual Raise
7176,3539,2023-01-08,33830000,Promotion
7177,3540,2015-11-13,16850000,Initial
7178,3540,2017-05-22,17770000,Market Correction
7179,3540,2018-11-29,18790000,Annual Raise
7180,3540,2020-06-07,21010000,Adjustment
7181,3540,2021-12-15,23150000,Annual Raise
7182,3540,2023-06-24,24500000,Market Correction
7183,3541,2017-05-15,54920000,Initial
7184,3541,2018-11-23,58760000,Market Correction
7185,3541,2020-06-03,61980000,Promotion
7186,3541,2021-12-12,68380000,Annual Raise
7187,3541,2023-06-23,75520000,Annual Raise
7188,3542,2019-10-10,20910000,Initial
7189,3543,2015-05-23,45070000,Initial
7190,3543,2016-12-28,48160000,Market Correction
7191,3543,2018-08-05,51330000,Promotion
7192,3543,2020-03-12,54470000,Annual Raise
7193,3543,2021-10-18,60330000,Market Correction
7194,3543,2023-05-26,62940000,Promotion
7195,3544,2022-08-26,21830000,Initial
7196,3545,2018-11-19,24950000,Initial
7197,3545,2020-05-30,26940000,Annual Raise
7198,3545,2021-12-10,28090000,Promotion
7199,3545,2023-06-22,29330000,Adjustment
7200,3546,2024-01-05,24210000,Initial
7201,3547,2022-09-12,16950000,Initial
7202,3548,2019-09-27,6060000,Initial
7203,3548,2021-06-29,6640000,Annual Raise
7204,3548,2023-04-01,7180000,Market Correction
7205,3549,2021-10-08,26150000,Initial
7206,3549,2023-05-21,27810000,Market Correction
7207,3550,2022-12-26,12750000,Initial
7208,3551,2023-10-23,29820000,Initial
7209,3552,2016-09-07,15800000,Initial
7210,3552,2018-06-18,17100000,Annual Raise
7211,3552,2020-03-28,18080000,Adjustment
7212,3552,2022-01-06,19820000,Adjustment
7213,3553,2019-11-17,21450000,Initial
7214,3554,2020-02-29,15610000,Initial
7215,3554,2021-10-10,16440000,Annual Raise
7216,3554,2023-05-22,17720000,Adjustment
7217,3555,2019-10-10,29110000,Initial
7218,3555,2021-07-07,31650000,Promotion
7219,3555,2023-04-05,33430000,Promotion
7220,3556,2021-02-01,18060000,Initial
7221,3556,2023-01-17,20070000,Market Correction
7222,3557,2020-01-04,32110000,Initial
7223,3557,2021-09-03,34990000,Market Correction
7224,3557,2023-05-04,37440000,Promotion
7225,3558,2019-01-03,30980000,Initial
7226,3558,2021-01-02,32290000,Annual Raise
7227,3558,2023-01-02,34280000,Promotion
7228,3559,2016-12-18,54110000,Initial
7229,3560,2019-11-01,12000000,Initial
7230,3560,2021-07-22,13250000,Promotion
7231,3560,2023-04-12,13910000,Adjustment
7232,3561,2024-04-04,12770000,Initial
7233,3562,2015-06-16,26980000,Initial
7234,3562,2017-01-04,28230000,Promotion
7235,3562,2018-07-27,31360000,Annual Raise
7236,3563,2019-04-14,20040000,Initial
7237,3563,2021-03-10,21400000,Adjustment
7238,3563,2023-02-04,22420000,Adjustment
7239,3564,2019-09-27,16990000,Initial
7240,3564,2021-06-29,18220000,Annual Raise
7241,3564,2023-04-01,20130000,Adjustment
7242,3565,2023-02-03,7430000,Initial
7243,3566,2016-04-21,14730000,Initial
7244,3566,2018-01-16,15590000,Promotion
7245,3566,2019-10-13,16660000,Annual Raise
7246,3566,2021-07-10,18360000,Promotion
7247,3566,2023-04-06,19840000,Adjustment
7248,3567,2021-11-26,23640000,Initial
7249,3567,2023-06-15,25900000,Promotion
7250,3568,2019-03-13,18350000,Initial
7251,3568,2021-02-17,19380000,Market Correction
7252,3568,2023-01-25,21040000,Adjustment
7253,3569,2018-01-30,28590000,Initial
7254,3569,2019-10-24,31460000,Adjustment
7255,3569,2021-07-17,34560000,Annual Raise
7256,3569,2023-04-10,37380000,Promotion
7257,3570,2021-10-12,34810000,Initial
7258,3570,2023-05-23,38920000,Promotion
7259,3571,2015-01-21,29420000,Initial
7260,3571,2016-09-17,32410000,Promotion
7261,3571,2018-05-16,35640000,Annual Raise
7262,3571,2020-01-11,38110000,Promotion
7263,3571,2021-09-08,41340000,Adjustment
7264,3571,2023-05-06,46040000,Promotion
7265,3572,2018-01-30,31500000,Initial
7266,3572,2019-10-24,34320000,Market Correction
7267,3572,2021-07-17,36100000,Adjustment
7268,3572,2023-04-10,37890000,Adjustment
7269,3573,2016-02-02,25660000,Initial
7270,3573,2017-11-14,28030000,Market Correction
7271,3573,2019-08-27,31000000,Market Correction
7272,3573,2021-06-08,34450000,Market Correction
7273,3573,2023-03-21,36700000,Promotion
7274,3574,2015-09-19,19820000,Initial
7275,3574,2017-04-06,22140000,Annual Raise
7276,3574,2018-10-23,23630000,Annual Raise
7277,3574,2020-05-11,24780000,Adjustment
7278,3574,2021-11-27,27550000,Adjustment
7279,3574,2023-06-15,29640000,Annual Raise
7280,3575,2021-08-05,20730000,Initial
7281,3575,2023-04-19,22150000,Adjustment
7282,3576,2020-05-02,19150000,Initial
7283,3576,2021-11-21,21420000,Adjustment
7284,3576,2023-06-12,23020000,Promotion
7285,3577,2018-11-19,15760000,Initial
7286,3577,2020-05-30,16540000,Annual Raise
7287,3577,2021-12-10,17460000,Promotion
7288,3577,2023-06-22,18760000,Adjustment
7289,3578,2017-05-12,9590000,Initial
7290,3578,2018-11-21,10090000,Promotion
7291,3578,2020-06-01,11100000,Market Correction
7292,3578,2021-12-11,11640000,Adjustment
7293,3578,2023-06-22,12410000,Promotion
7294,3579,2019-07-09,13850000,Initial
7295,3579,2021-04-10,15320000,Annual Raise
7296,3579,2023-01-12,16440000,Annual Raise
7297,3580,2021-04-18,38370000,Initial
7298,3580,2023-02-24,41670000,Promotion
7299,3581,2018-05-30,15170000,Initial
7300,3581,2020-01-22,15820000,Market Correction
7301,3581,2021-09-15,17160000,Market Correction
7302,3581,2023-05-10,18590000,Annual Raise
7303,3582,2015-05-02,21300000,Initial
7304,3582,2016-12-10,23790000,Annual Raise
7305,3582,2018-07-22,25610000,Adjustment
7306,3582,2020-03-02,28220000,Annual Raise
7307,3582,2021-10-11,29820000,Market Correction
7308,3582,2023-05-23,32890000,Promotion
7309,3583,2021-05-02,27490000,Initial
7310,3583,2023-03-03,29770000,Annual Raise
7311,3584,2021-03-29,11800000,Initial
7312,3584,2023-02-14,13160000,Market Correction
7313,3585,2019-03-31,10390000,Initial
7314,3585,2021-03-01,10960000,Promotion
7315,3585,2023-01-31,12200000,Market Correction
7316,3586,2017-05-15,13560000,Initial
7317,3586,2018-11-23,14830000,Adjustment
7318,3586,2020-06-03,16040000,Annual Raise
7319,3586,2021-12-12,17300000,Market Correction
7320,3586,2023-06-23,18250000,Promotion
7321,3587,2023-08-08,19880000,Initial
7322,3588,2018-12-12,10470000,Initial
7323,3588,2020-06-17,11330000,Promotion
7324,3588,2021-12-22,11830000,Annual Raise
7325,3588,2023-06-28,12970000,Market Correction
7326,3589,2018-08-01,12850000,Initial
7327,3589,2020-03-09,13910000,Promotion
7328,3589,2021-10-16,15450000,Annual Raise
7329,3589,2023-05-25,17140000,Annual Raise
7330,3590,2020-08-19,14140000,Initial
7331,3590,2022-10-26,15100000,Market Correction
7332,3591,2020-07-19,13480000,Initial
7333,3591,2022-10-10,14290000,Promotion
7334,3592,2016-10-04,18080000,Initial
7335,3592,2018-05-29,18810000,Promotion
7336,3592,2020-01-21,20370000,Promotion
7337,3592,2021-09-14,22240000,Annual Raise
7338,3592,2023-05-09,23260000,Promotion
7339,3593,2020-12-21,20790000,Initial
7340,3593,2022-12-27,22190000,Market Correction
7341,3594,2019-04-20,51740000,Initial
7342,3594,2021-03-14,53990000,Annual Raise
7343,3594,2023-02-06,58170000,Adjustment
7344,3595,2017-02-12,22740000,Initial
7345,3595,2018-09-11,25460000,Market Correction
7346,3595,2020-04-09,26760000,Promotion
7347,3595,2021-11-06,27830000,Market Correction
7348,3595,2023-06-05,30960000,Market Correction
7349,3596,2021-09-21,20930000,Initial
7350,3596,2023-05-13,22690000,Market Correction
7351,3597,2021-11-02,16890000,Initial
7352,3597,2023-06-03,18080000,Annual Raise
7353,3598,2019-02-25,39270000,Initial
7354,3598,2021-01-30,43430000,Annual Raise
7355,3599,2024-07-14,31840000,Initial
7356,3600,2016-12-18,15730000,Initial
7357,3600,2018-07-28,17310000,Adjustment
7358,3600,2020-03-06,18710000,Promotion
7359,3600,2021-10-14,20030000,Market Correction
7360,3600,2023-05-24,22340000,Market Correction
7361,3601,2016-06-27,6550000,Initial
7362,3602,2017-09-30,34190000,Initial
7363,3602,2019-07-24,38130000,Annual Raise
7364,3602,2021-05-17,40780000,Market Correction
7365,3602,2023-03-10,44740000,Adjustment
7366,3603,2020-03-04,83580000,Initial
7367,3603,2021-10-13,88110000,Adjustment
7368,3603,2023-05-24,96950000,Annual Raise
7369,3604,2024-10-12,14210000,Initial
7370,3605,2015-01-29,11480000,Initial
7371,3605,2016-09-24,12370000,Adjustment
7372,3605,2018-05-21,13050000,Promotion
7373,3605,2020-01-15,14430000,Annual Raise
7374,3605,2021-09-10,15350000,Adjustment
7375,3605,2023-05-07,16470000,Adjustment
7376,3606,2024-09-01,22550000,Initial
7377,3607,2023-01-10,53210000,Initial
7378,3608,2019-12-02,6760000,Initial
7379,3608,2021-08-12,7430000,Adjustment
7380,3608,2023-04-23,7730000,Annual Raise
7381,3609,2024-04-15,30120000,Initial
7382,3610,2019-10-22,15510000,Initial
7383,3610,2021-07-15,17020000,Annual Raise
7384,3610,2023-04-09,17790000,Promotion
7385,3611,2023-07-02,19510000,Initial
7386,3612,2019-08-19,19260000,Initial
7387,3612,2021-06-03,20520000,Annual Raise
7388,3612,2023-03-19,22440000,Promotion
7389,3613,2017-05-10,13740000,Initial
7390,3613,2018-11-19,15340000,Market Correction
7391,3613,2020-05-31,16840000,Promotion
7392,3613,2021-12-10,18850000,Market Correction
7393,3613,2023-06-22,20840000,Annual Raise
7394,3614,2020-02-20,17120000,Initial
7395,3614,2021-10-04,18280000,Promotion
7396,3614,2023-05-19,20380000,Adjustment
7397,3615,2018-11-03,21870000,Initial
7398,3615,2020-05-18,23030000,Adjustment
7399,3615,2021-12-02,25760000,Annual Raise
7400,3615,2023-06-18,28250000,Promotion
7401,3616,2022-11-05,23380000,Initial
7402,3617,2016-08-29,11980000,Initial
7403,3617,2018-04-30,13200000,Adjustment
7404,3617,2019-12-30,14150000,Market Correction
7405,3617,2021-08-31,15600000,Market Correction
7406,3617,2023-05-02,17380000,Market Correction
7407,3618,2021-04-27,18950000,Initial
7408,3618,2023-02-28,20410000,Annual Raise
7409,3619,2021-05-14,22770000,Initial
7410,3619,2023-03-09,24640000,Promotion
7411,3620,2016-09-24,23640000,Initial
7412,3620,2018-05-21,24890000,Annual Raise
7413,3620,2020-01-15,26630000,Adjustment
7414,3620,2021-09-10,28720000,Annual Raise
7415,3620,2023-05-07,31670000,Promotion
7416,3621,2024-08-20,58760000,Initial
7417,3622,2021-07-16,30110000,Initial
7418,3622,2023-04-09,33580000,Adjustment
7419,3623,2023-02-01,23690000,Initial
7420,3624,2018-11-10,11390000,Initial
7421,3624,2020-05-24,12140000,Market Correction
7422,3624,2021-12-06,13370000,Market Correction
7423,3624,2023-06-20,14170000,Adjustment
7424,3625,2020-11-13,46750000,Initial
7425,3625,2022-12-08,51780000,Adjustment
7426,3626,2016-12-19,15350000,Initial
7427,3626,2018-07-29,17150000,Annual Raise
7428,3626,2020-03-07,18050000,Promotion
7429,3626,2021-10-15,19930000,Promotion
7430,3626,2023-05-25,21850000,Market Correction
7431,3627,2018-11-03,19930000,Initial
7432,3627,2020-05-18,20750000,Annual Raise
7433,3627,2021-12-02,23090000,Annual Raise
7434,3627,2023-06-18,24410000,Annual Raise
7435,3628,2021-10-28,7840000,Initial
7436,3628,2023-05-31,8300000,Promotion
7437,3629,2020-08-05,18480000,Initial
7438,3629,2022-10-19,19740000,Promotion
7439,3630,2023-04-25,54750000,Initial
7440,3631,2018-09-11,12240000,Initial
7441,3631,2020-04-09,13640000,Market Correction
7442,3631,2021-11-06,15050000,Promotion
7443,3631,2023-06-05,15970000,Annual Raise
7444,3632,2023-12-13,10870000,Initial
7445,3633,2023-12-10,28720000,Initial
7446,3634,2017-07-24,12980000,Initial
7447,3634,2019-06-03,14160000,Annual Raise
7448,3634,2021-04-13,15140000,Adjustment
7449,3634,2023-02-21,15900000,Annual Raise
7450,3635,2021-03-10,28920000,Initial
7451,3636,2016-06-26,13520000,Initial
7452,3636,2018-03-10,15010000,Promotion
7453,3636,2019-11-22,16660000,Promotion
7454,3636,2021-08-05,18210000,Adjustment
7455,3636,2023-04-19,19570000,Market Correction
7456,3637,2021-07-26,12080000,Initial
7457,3637,2023-04-14,13490000,Annual Raise
7458,3638,2018-07-30,6220000,Initial
7459,3638,2020-03-07,6530000,Annual Raise
7460,3638,2021-10-15,6830000,Adjustment
7461,3638,2023-05-25,7430000,Promotion
7462,3639,2019-12-16,21710000,Initial
7463,3639,2021-08-21,22890000,Promotion
7464,3639,2023-04-27,24610000,Annual Raise
7465,3640,2021-09-16,12860000,Initial
7466,3640,2023-05-10,13440000,Annual Raise
7467,3641,2024-08-28,13170000,Initial
7468,3642,2021-08-09,31850000,Initial
7469,3642,2023-04-21,33900000,Promotion
7470,3643,2017-10-28,11370000,Initial
7471,3643,2019-08-14,12170000,Promotion
7472,3643,2021-05-31,13500000,Adjustment
7473,3643,2023-03-17,14180000,Promotion
7474,3644,2018-09-08,18020000,Initial
7475,3644,2020-04-06,19830000,Promotion
7476,3644,2021-11-04,22020000,Annual Raise
7477,3644,2023-06-04,24340000,Promotion
7478,3645,2017-12-18,22220000,Initial
7479,3645,2019-09-21,23320000,Annual Raise
7480,3645,2021-06-25,25200000,Market Correction
7481,3645,2023-03-30,27060000,Annual Raise
7482,3646,2022-01-07,16310000,Initial
7483,3647,2020-09-18,43870000,Initial
7484,3647,2022-11-10,47250000,Market Correction
7485,3648,2022-07-19,57900000,Initial
7486,3649,2017-03-03,14420000,Initial
7487,3649,2018-09-26,15850000,Promotion
7488,3649,2020-04-20,17450000,Market Correction
7489,3649,2021-11-13,18940000,Annual Raise
7490,3649,2023-06-08,21100000,Promotion
7491,3650,2018-08-03,66560000,Initial
7492,3650,2020-03-10,71190000,Annual Raise
7493,3650,2021-10-17,74690000,Market Correction
7494,3650,2023-05-26,81090000,Promotion
7495,3651,2021-11-01,17290000,Initial
7496,3651,2023-06-02,18730000,Market Correction
7497,3652,2017-02-25,33460000,Initial
7498,3652,2018-09-21,37240000,Annual Raise
7499,3652,2020-04-16,39730000,Market Correction
7500,3652,2021-11-11,42360000,Adjustment
7501,3652,2023-06-07,45740000,Market Correction
7502,3653,2018-08-26,19870000,Initial
7503,3653,2020-03-28,21160000,Market Correction
7504,3653,2021-10-29,22720000,Market Correction
7505,3653,2023-06-01,24900000,Promotion
7506,3654,2023-09-29,13580000,Initial
7507,3655,2024-08-08,24820000,Initial
7508,3656,2023-02-24,9360000,Initial
7509,3657,2019-10-09,12280000,Initial
7510,3657,2021-07-07,13690000,Annual Raise
7511,3657,2023-04-05,14790000,Annual Raise
7512,3658,2015-08-15,22610000,Initial
7513,3658,2017-03-08,24780000,Annual Raise
7514,3658,2018-09-30,26570000,Adjustment
7515,3658,2020-04-23,27760000,Promotion
7516,3658,2021-11-15,30470000,Annual Raise
7517,3658,2023-06-09,32890000,Adjustment
7518,3659,2020-02-15,29820000,Initial
7519,3659,2021-10-01,32710000,Annual Raise
7520,3659,2023-05-18,35850000,Annual Raise
7521,3660,2017-05-04,19620000,Initial
7522,3660,2018-11-14,21230000,Market Correction
7523,3660,2020-05-27,22220000,Annual Raise
7524,3660,2021-12-08,24660000,Market Correction
7525,3660,2023-06-21,27490000,Annual Raise
7526,3661,2015-04-07,11930000,Initial
7527,3661,2016-11-19,12420000,Market Correction
7528,3661,2018-07-05,13270000,Promotion
7529,3661,2020-02-18,14830000,Adjustment
7530,3661,2021-10-03,15720000,Adjustment
7531,3661,2023-05-19,16740000,Annual Raise
7532,3662,2023-12-11,47250000,Initial
7533,3663,2015-11-01,17660000,Initial
7534,3663,2017-05-12,19160000,Adjustment
7535,3663,2018-11-21,20160000,Annual Raise
7536,3663,2020-06-01,22330000,Promotion
7537,3663,2021-12-11,24160000,Promotion
7538,3663,2023-06-22,26600000,Market Correction
7539,3664,2015-07-08,31860000,Initial
7540,3664,2017-02-04,34050000,Annual Raise
7541,3664,2018-09-05,36920000,Adjustment
7542,3664,2020-04-04,40550000,Annual Raise
7543,3664,2021-11-03,43800000,Annual Raise
7544,3664,2023-06-03,47240000,Annual Raise
7545,3665,2017-10-20,11740000,Initial
7546,3665,2019-08-08,12540000,Adjustment
7547,3665,2021-05-27,13360000,Adjustment
7548,3665,2023-03-15,14040000,Adjustment
7549,3666,2016-02-20,26260000,Initial
7550,3666,2018-04-21,27990000,Adjustment
7551,3667,2018-03-10,28820000,Initial
7552,3668,2024-03-30,15180000,Initial
7553,3669,2021-04-20,30330000,Initial
7554,3670,2021-03-30,9780000,Initial
7555,3670,2023-02-14,10680000,Adjustment
7556,3671,2023-08-29,17220000,Initial
7557,3672,2024-07-27,49020000,Initial
7558,3673,2017-01-24,14450000,Initial
7559,3673,2018-08-26,16060000,Market Correction
7560,3673,2020-03-28,16870000,Market Correction
7561,3673,2021-10-29,18150000,Promotion
7562,3673,2023-06-01,20280000,Market Correction
7563,3674,2017-03-26,21910000,Initial
7564,3674,2018-10-14,23050000,Adjustment
7565,3674,2020-05-04,24760000,Adjustment
7566,3674,2021-11-22,27390000,Market Correction
7567,3674,2023-06-13,29380000,Annual Raise
7568,3675,2016-07-28,29630000,Initial
7569,3675,2018-04-09,30830000,Promotion
7570,3675,2019-12-21,34530000,Market Correction
7571,3676,2023-12-14,15240000,Initial
7572,3677,2015-03-08,8550000,Initial
7573,3677,2016-10-25,8960000,Market Correction
7574,3677,2018-06-15,10030000,Market Correction
7575,3677,2020-02-03,10780000,Annual Raise
7576,3677,2021-09-23,11730000,Promotion
7577,3677,2023-05-14,12850000,Market Correction
7578,3678,2023-11-11,57110000,Initial
7579,3679,2023-03-28,48410000,Initial
7580,3680,2023-12-16,29010000,Initial
7581,3681,2021-11-03,21170000,Initial
7582,3681,2023-06-03,23490000,Market Correction
7583,3682,2024-03-03,17780000,Initial
7584,3683,2022-04-18,45550000,Initial
7585,3684,2020-02-03,34450000,Initial
7586,3684,2021-09-23,37800000,Annual Raise
7587,3684,2023-05-14,40210000,Market Correction
7588,3685,2015-03-29,26320000,Initial
7589,3685,2016-11-12,27700000,Promotion
7590,3685,2018-06-29,28910000,Market Correction
7591,3685,2020-02-14,32160000,Promotion
7592,3685,2021-09-30,35900000,Adjustment
7593,3685,2023-05-17,37460000,Market Correction
7594,3686,2015-03-19,31860000,Initial
7595,3686,2017-04-07,33370000,Annual Raise
7596,3687,2021-07-21,18200000,Initial
7597,3687,2023-04-12,19550000,Promotion
7598,3688,2023-08-20,33620000,Initial
7599,3689,2017-02-12,27670000,Initial
7600,3689,2018-09-11,30900000,Market Correction
7601,3689,2020-04-09,34330000,Market Correction
7602,3689,2021-11-06,37150000,Market Correction
7603,3689,2023-06-05,41220000,Promotion
7604,3690,2015-04-18,22830000,Initial
7605,3690,2016-11-29,25440000,Annual Raise
7606,3690,2018-07-13,26560000,Adjustment
7607,3690,2020-02-24,28190000,Adjustment
7608,3690,2021-10-07,30770000,Market Correction
7609,3690,2023-05-21,33520000,Promotion
7610,3691,2015-10-11,30960000,Initial
7611,3691,2017-04-24,32310000,Market Correction
7612,3691,2018-11-07,35990000,Annual Raise
7613,3691,2020-05-22,38260000,Promotion
7614,3691,2021-12-04,39930000,Market Correction
7615,3691,2023-06-19,44280000,Adjustment
7616,3692,2017-04-06,9180000,Initial
7617,3692,2018-10-23,10240000,Annual Raise
7618,3692,2020-05-10,11320000,Promotion
7619,3692,2021-11-27,12050000,Promotion
7620,3692,2023-06-15,13270000,Promotion
7621,3693,2017-06-08,15200000,Initial
7622,3693,2018-12-12,16780000,Adjustment
7623,3693,2020-06-17,18600000,Market Correction
7624,3693,2021-12-22,20290000,Annual Raise
7625,3693,2023-06-28,21340000,Adjustment
7626,3694,2016-05-19,22860000,Initial
7627,3694,2018-02-07,23890000,Adjustment
7628,3694,2019-10-30,25960000,Market Correction
7629,3694,2021-07-21,27940000,Market Correction
7630,3694,2023-04-12,29470000,Promotion
7631,3695,2019-04-08,28580000,Initial
7632,3696,2021-08-14,19600000,Initial
7633,3696,2023-04-24,21340000,Market Correction
7634,3697,2016-10-29,29860000,Initial
7635,3697,2018-06-18,31910000,Market Correction
7636,3697,2020-02-05,34930000,Promotion
7637,3697,2021-09-24,38690000,Promotion
7638,3697,2023-05-14,40560000,Annual Raise
7639,3698,2023-05-29,21530000,Initial
7640,3699,2023-12-20,30380000,Initial
7641,3700,2020-02-15,11690000,Initial
7642,3701,2018-12-23,21760000,Initial
7643,3701,2020-06-25,23790000,Adjustment
7644,3701,2021-12-27,24930000,Annual Raise
7645,3701,2023-06-30,27690000,Annual Raise
7646,3702,2024-07-04,16350000,Initial
7647,3703,2022-04-18,19650000,Initial
7648,3704,2018-01-30,24240000,Initial
7649,3704,2019-10-24,26680000,Market Correction
7650,3704,2021-07-17,28210000,Market Correction
7651,3704,2023-04-10,30850000,Annual Raise
7652,3705,2016-12-27,23920000,Initial
7653,3705,2018-08-04,25730000,Adjustment
7654,3705,2020-03-11,27620000,Promotion
7655,3705,2021-10-18,30660000,Annual Raise
7656,3705,2023-05-26,32490000,Adjustment
7657,3706,2022-10-18,31410000,Initial
7658,3707,2024-09-18,37410000,Initial
7659,3708,2024-03-26,18510000,Initial
7660,3709,2023-04-28,31350000,Initial
7661,3710,2023-10-27,12410000,Initial
7662,3711,2024-06-08,18250000,Initial
7663,3712,2018-09-20,11630000,Initial
7664,3712,2020-08-22,12330000,Promotion
7665,3712,2022-07-25,13770000,Adjustment
7666,3713,2019-07-28,13790000,Initial
7667,3713,2021-05-19,14920000,Promotion
7668,3713,2023-03-11,16170000,Annual Raise
7669,3714,2016-10-09,26900000,Initial
7670,3714,2018-06-02,29640000,Market Correction
7671,3714,2020-01-24,31020000,Market Correction
7672,3714,2021-09-16,33410000,Promotion
7673,3714,2023-05-10,34760000,Market Correction
7674,3715,2019-09-16,32110000,Initial
7675,3715,2021-06-21,33660000,Adjustment
7676,3715,2023-03-28,37240000,Market Correction
7677,3716,2019-08-28,24850000,Initial
7678,3716,2021-06-09,26550000,Annual Raise
7679,3716,2023-03-22,28340000,Adjustment
7680,3717,2018-06-29,14380000,Initial
7681,3717,2020-02-13,15520000,Market Correction
7682,3717,2021-09-30,16620000,Adjustment
7683,3717,2023-05-17,18250000,Market Correction
7684,3718,2021-11-18,16170000,Initial
7685,3718,2023-06-11,17890000,Market Correction
7686,3719,2016-05-30,11630000,Initial
7687,3719,2018-02-16,12510000,Market Correction
7688,3719,2019-11-06,13070000,Annual Raise
7689,3719,2021-07-25,14300000,Promotion
7690,3719,2023-04-14,15120000,Market Correction
7691,3720,2017-07-12,12080000,Initial
7692,3720,2019-05-25,12680000,Promotion
7693,3720,2021-04-07,14100000,Annual Raise
7694,3720,2023-02-18,15240000,Annual Raise
7695,3721,2018-03-02,28010000,Initial
7696,3721,2019-11-16,30440000,Adjustment
7697,3721,2021-08-01,32680000,Promotion
7698,3721,2023-04-17,34890000,Market Correction
7699,3722,2017-01-26,20040000,Initial
7700,3722,2018-08-28,21550000,Promotion
7701,3722,2020-03-29,22830000,Market Correction
7702,3722,2021-10-30,25150000,Promotion
7703,3722,2023-06-01,26650000,Annual Raise
7704,3723,2022-06-30,49980000,Initial
7705,3724,2023-07-10,16280000,Initial
7706,3725,2021-07-01,16260000,Initial
7707,3725,2023-04-02,17880000,Adjustment
7708,3726,2022-02-01,28950000,Initial
7709,3727,2024-05-14,27000000,Initial
7710,3728,2021-06-01,16610000,Initial
7711,3728,2023-03-18,18190000,Promotion
7712,3729,2020-01-26,25470000,Initial
7713,3729,2021-09-17,27290000,Promotion
7714,3729,2023-05-11,30330000,Annual Raise
7715,3730,2016-04-27,16010000,Initial
7716,3730,2018-01-21,17780000,Promotion
7717,3730,2019-10-17,19530000,Market Correction
7718,3730,2021-07-12,21440000,Annual Raise
7719,3730,2023-04-07,22550000,Market Correction
7720,3731,2018-10-13,13440000,Initial
7721,3731,2020-05-03,14280000,Adjustment
7722,3731,2021-11-22,15290000,Promotion
7723,3731,2023-06-13,17120000,Adjustment
7724,3732,2023-08-29,28010000,Initial
7725,3733,2023-07-24,5180000,Initial
7726,3734,2022-03-15,40890000,Initial
7727,3735,2024-04-22,47770000,Initial
7728,3736,2018-06-11,13380000,Initial
7729,3736,2020-01-31,14140000,Annual Raise
7730,3736,2021-09-21,15610000,Annual Raise
7731,3736,2023-05-13,16970000,Adjustment
7732,3737,2024-09-21,13330000,Initial
7733,3738,2016-08-03,15650000,Initial
7734,3738,2018-04-09,17090000,Annual Raise
7735,3738,2019-12-15,19140000,Market Correction
7736,3738,2021-08-20,20720000,Promotion
7737,3738,2023-04-27,23190000,Annual Raise
7738,3739,2023-03-24,14380000,Initial
7739,3740,2021-04-24,47910000,Initial
7740,3740,2023-02-27,49870000,Annual Raise
7741,3741,2021-01-18,36080000,Initial
7742,3741,2023-01-10,37930000,Market Correction
7743,3742,2016-02-15,14360000,Initial
7744,3742,2017-11-24,15220000,Promotion
7745,3742,2019-09-04,16610000,Promotion
7746,3742,2021-06-13,18240000,Promotion
7747,3742,2023-03-24,19660000,Adjustment
7748,3743,2024-06-15,12300000,Initial
7749,3744,2024-08-16,5410000,Initial
7750,3745,2018-04-29,27810000,Initial
7751,3745,2019-12-29,29300000,Market Correction
7752,3745,2021-08-30,31040000,Annual Raise
7753,3745,2023-05-02,32760000,Promotion
7754,3746,2020-03-31,5450000,Initial
7755,3746,2021-10-31,5710000,Annual Raise
7756,3746,2023-06-02,6140000,Annual Raise
7757,3747,2015-11-03,18100000,Initial
7758,3747,2017-05-13,19790000,Annual Raise
7759,3747,2018-11-22,21120000,Market Correction
7760,3747,2020-06-02,22110000,Market Correction
7761,3747,2021-12-12,23380000,Annual Raise
7762,3747,2023-06-23,25960000,Market Correction
7763,3748,2023-03-24,32600000,Initial
7764,3749,2016-07-28,15960000,Initial
7765,3749,2018-04-04,17810000,Adjustment
7766,3749,2019-12-11,19390000,Market Correction
7767,3749,2021-08-18,21480000,Adjustment
7768,3749,2023-04-26,23140000,Market Correction
7769,3750,2019-05-22,22940000,Initial
7770,3750,2021-04-04,24580000,Adjustment
7771,3750,2023-02-17,27160000,Market Correction
7772,3751,2017-10-15,5070000,Initial
7773,3751,2019-08-04,5410000,Annual Raise
7774,3751,2021-05-24,5730000,Adjustment
7775,3751,2023-03-14,6000000,Promotion
7776,3752,2016-07-29,9250000,Initial
7777,3752,2018-04-05,10040000,Promotion
7778,3752,2019-12-12,10760000,Annual Raise
7779,3752,2021-08-18,11910000,Market Correction
7780,3752,2023-04-26,13110000,Annual Raise
7781,3753,2017-04-23,12770000,Initial
7782,3753,2018-11-06,14240000,Annual Raise
7783,3753,2020-05-21,15690000,Adjustment
7784,3753,2021-12-04,16740000,Market Correction
7785,3753,2023-06-19,17700000,Adjustment
7786,3754,2015-02-14,15560000,Initial
7787,3754,2016-10-07,16630000,Market Correction
7788,3754,2018-06-01,17510000,Adjustment
7789,3754,2020-01-23,19210000,Annual Raise
7790,3754,2021-09-16,20590000,Annual Raise
7791,3754,2023-05-10,22190000,Annual Raise
7792,3755,2023-08-27,11800000,Initial
7793,3756,2018-05-08,25000000,Initial
7794,3756,2020-01-05,26040000,Market Correction
7795,3756,2021-09-04,27700000,Annual Raise
7796,3756,2023-05-04,29870000,Market Correction
7797,3757,2016-09-21,20250000,Initial
7798,3757,2018-11-19,22480000,Promotion
7799,3758,2019-04-12,10250000,Initial
7800,3758,2021-03-09,11370000,Adjustment
7801,3758,2023-02-04,12530000,Market Correction
7802,3759,2019-10-11,19230000,Initial
7803,3759,2021-07-08,21280000,Promotion
7804,3759,2023-04-05,22140000,Annual Raise
7805,3760,2023-07-04,5180000,Initial
7806,3761,2017-09-15,41810000,Initial
7807,3761,2019-07-13,46760000,Market Correction
7808,3761,2021-05-09,49900000,Promotion
7809,3761,2023-03-06,54410000,Annual Raise
7810,3762,2019-09-24,19720000,Initial
7811,3763,2017-10-27,14690000,Initial
7812,3763,2019-08-13,15950000,Promotion
7813,3763,2021-05-30,17320000,Market Correction
7814,3763,2023-03-17,19010000,Adjustment
7815,3764,2018-12-31,42140000,Initial
7816,3765,2021-07-27,23850000,Initial
7817,3765,2023-04-15,25240000,Adjustment
7818,3766,2016-03-01,23850000,Initial
7819,3766,2017-12-06,25220000,Market Correction
7820,3766,2019-09-13,26990000,Promotion
7821,3766,2021-06-19,29390000,Market Correction
7822,3766,2023-03-27,32780000,Annual Raise
7823,3767,2021-10-20,17910000,Initial
7824,3767,2023-05-27,19180000,Market Correction
7825,3768,2021-08-15,11200000,Initial
7826,3768,2023-04-24,11950000,Adjustment
7827,3769,2016-04-26,10870000,Initial
7828,3769,2018-01-20,11440000,Market Correction
7829,3769,2019-10-16,12270000,Promotion
7830,3769,2021-07-12,13580000,Market Correction
7831,3769,2023-04-07,14990000,Annual Raise
7832,3770,2024-02-22,61490000,Initial
7833,3771,2024-07-22,28280000,Initial
7834,3772,2024-02-13,33510000,Initial
7835,3773,2017-06-03,21640000,Initial
7836,3773,2018-12-08,22670000,Annual Raise
7837,3773,2020-06-14,24320000,Promotion
7838,3773,2021-12-20,27050000,Annual Raise
7839,3773,2023-06-27,28400000,Market Correction
7840,3774,2016-02-09,30250000,Initial
7841,3774,2017-11-19,32240000,Promotion
7842,3774,2019-08-31,34420000,Annual Raise
7843,3774,2021-06-11,37960000,Annual Raise
7844,3774,2023-03-23,40370000,Promotion
7845,3775,2024-07-11,17360000,Initial
7846,3776,2018-12-14,45460000,Initial
7847,3776,2020-06-18,50020000,Annual Raise
7848,3776,2021-12-23,52110000,Market Correction
7849,3776,2023-06-28,56160000,Annual Raise
7850,3777,2018-08-22,17010000,Initial
7851,3777,2020-03-25,18070000,Market Correction
7852,3777,2021-10-27,19570000,Market Correction
7853,3777,2023-05-31,21860000,Adjustment
7854,3778,2017-05-07,13640000,Initial
7855,3778,2018-11-17,14700000,Promotion
7856,3778,2020-05-29,15340000,Promotion
7857,3778,2021-12-09,16470000,Annual Raise
7858,3778,2023-06-21,17470000,Market Correction
7859,3779,2023-06-13,17530000,Initial
7860,3780,2018-09-29,12850000,Initial
7861,3780,2020-04-22,14390000,Promotion
7862,3780,2021-11-15,15670000,Promotion
7863,3780,2023-06-09,16880000,Market Correction
7864,3781,2018-07-20,24780000,Initial
7865,3781,2020-02-29,26770000,Annual Raise
7866,3781,2021-10-10,28330000,Promotion
7867,3781,2023-05-22,31310000,Annual Raise
7868,3782,2022-03-04,52460000,Initial
7869,3783,2023-06-26,26960000,Initial
7870,3784,2018-12-07,23750000,Initial
7871,3784,2020-06-13,25890000,Market Correction
7872,3784,2021-12-19,28720000,Adjustment
7873,3784,2023-06-26,31200000,Adjustment
7874,3785,2016-11-21,4290000,Initial
7875,3785,2018-07-06,4750000,Annual Raise
7876,3785,2020-02-19,5030000,Annual Raise
7877,3785,2021-10-03,5470000,Adjustment
7878,3785,2023-05-19,6090000,Annual Raise
7879,3786,2020-09-04,24540000,Initial
7880,3786,2022-11-03,26320000,Promotion
7881,3787,2019-06-19,16890000,Initial
7882,3787,2021-04-23,18250000,Market Correction
7883,3787,2023-02-26,19950000,Promotion
7884,3788,2022-12-24,20920000,Initial
7885,3789,2016-08-20,35500000,Initial
7886,3789,2018-04-23,37780000,Adjustment
7887,3789,2019-12-25,40510000,Adjustment
7888,3789,2021-08-27,42590000,Adjustment
7889,3789,2023-04-30,46070000,Adjustment
7890,3790,2019-04-27,32220000,Initial
7891,3790,2020-11-09,35600000,Promotion
7892,3790,2022-05-25,38190000,Adjustment
7893,3791,2018-08-19,18940000,Initial
7894,3791,2020-03-22,20670000,Market Correction
7895,3791,2021-10-25,21840000,Promotion
7896,3791,2023-05-30,23150000,Annual Raise
7897,3792,2021-02-22,21750000,Initial
7898,3793,2017-10-01,23860000,Initial
7899,3793,2019-07-25,25560000,Promotion
7900,3793,2021-05-17,28190000,Market Correction
7901,3793,2023-03-10,30280000,Adjustment
7902,3794,2016-08-18,48410000,Initial
7903,3794,2018-03-30,50500000,Promotion
7904,3795,2024-05-25,19930000,Initial
7905,3796,2019-08-16,30110000,Initial
7906,3796,2021-04-28,32990000,Promotion
7907,3797,2023-05-17,22400000,Initial
7908,3798,2019-11-02,54090000,Initial
7909,3798,2021-07-23,58980000,Promotion
7910,3798,2023-04-13,65520000,Adjustment
7911,3799,2015-11-12,18910000,Initial
7912,3799,2017-05-21,20170000,Adjustment
7913,3799,2018-11-28,22170000,Annual Raise
7914,3799,2020-06-07,23430000,Market Correction
7915,3799,2021-12-15,25790000,Adjustment
7916,3799,2023-06-24,28120000,Annual Raise
7917,3800,2023-12-03,25800000,Initial
7918,3801,2021-01-01,12970000,Initial
7919,3801,2023-01-01,14320000,Promotion
7920,3802,2023-01-18,23350000,Initial
7921,3803,2020-03-20,29880000,Initial
7922,3803,2021-10-23,31600000,Adjustment
7923,3803,2023-05-29,34010000,Annual Raise
7924,3804,2020-07-29,13100000,Initial
7925,3804,2022-10-15,14430000,Adjustment
7926,3805,2015-04-01,19960000,Initial
7927,3805,2016-11-14,20770000,Market Correction
7928,3805,2018-07-01,22120000,Market Correction
7929,3805,2020-02-15,23290000,Promotion
7930,3805,2021-10-01,24620000,Annual Raise
7931,3805,2023-05-18,26070000,Promotion
7932,3806,2020-05-06,10440000,Initial
7933,3806,2021-11-24,11370000,Promotion
7934,3806,2023-06-14,12180000,Market Correction
7935,3807,2015-09-25,17430000,Initial
7936,3807,2017-04-11,19360000,Annual Raise
7937,3807,2018-10-27,20670000,Annual Raise
7938,3807,2020-05-14,22970000,Market Correction
7939,3807,2021-11-29,24260000,Promotion
7940,3807,2023-06-16,27120000,Adjustment
7941,3808,2023-01-01,13270000,Initial
7942,3809,2019-06-12,52280000,Initial
7943,3809,2021-04-18,55740000,Adjustment
7944,3809,2023-02-24,61560000,Adjustment
7945,3810,2018-09-15,22580000,Initial
7946,3810,2020-04-12,25070000,Annual Raise
7947,3810,2021-11-08,26170000,Promotion
7948,3810,2023-06-06,29000000,Adjustment
7949,3811,2023-08-05,33290000,Initial
7950,3812,2021-11-01,13410000,Initial
7951,3813,2021-11-19,31910000,Initial
7952,3814,2017-10-16,20330000,Initial
7953,3814,2019-08-05,21310000,Adjustment
7954,3814,2021-05-25,23170000,Promotion
7955,3814,2023-03-14,24630000,Annual Raise
7956,3815,2022-04-13,29100000,Initial
7957,3816,2016-01-21,17000000,Initial
7958,3816,2017-11-04,18060000,Adjustment
7959,3816,2019-08-20,19780000,Market Correction
7960,3816,2021-06-03,21550000,Promotion
7961,3816,2023-03-19,23380000,Annual Raise
7962,3817,2024-01-10,33000000,Initial
7963,3818,2017-01-19,42870000,Initial
7964,3818,2018-08-22,46270000,Promotion
7965,3818,2020-03-25,48800000,Annual Raise
7966,3818,2021-10-27,52570000,Market Correction
7967,3818,2023-05-31,58150000,Market Correction
7968,3819,2024-11-09,12890000,Initial
7969,3820,2017-04-01,17530000,Initial
7970,3820,2018-10-19,18370000,Adjustment
7971,3820,2020-05-07,19150000,Annual Raise
7972,3820,2021-11-25,20030000,Market Correction
7973,3820,2023-06-14,22020000,Adjustment
7974,3821,2020-01-25,10910000,Initial
7975,3821,2021-09-17,12160000,Adjustment
7976,3821,2023-05-11,13540000,Market Correction
7977,3822,2021-03-31,23140000,Initial
7978,3822,2023-02-15,24230000,Promotion
7979,3823,2020-12-07,15860000,Initial
7980,3824,2024-08-20,27960000,Initial
7981,3825,2017-01-14,25460000,Initial
7982,3825,2018-08-18,26680000,Adjustment
7983,3825,2020-03-22,28220000,Annual Raise
7984,3825,2021-10-25,31130000,Promotion
7985,3825,2023-05-30,32570000,Annual Raise
7986,3826,2021-09-22,12010000,Initial
7987,3826,2023-05-13,12700000,Market Correction
7988,3827,2020-09-09,28750000,Initial
7989,3827,2022-11-05,31670000,Market Correction
7990,3828,2021-01-10,37940000,Initial
7991,3828,2023-01-06,40660000,Promotion
7992,3829,2018-04-08,12570000,Initial
7993,3829,2019-12-14,13520000,Adjustment
7994,3829,2021-08-20,14830000,Annual Raise
7995,3829,2023-04-27,16120000,Market Correction
7996,3830,2016-02-13,11080000,Initial
7997,3830,2017-11-23,12220000,Market Correction
7998,3830,2019-09-03,13520000,Annual Raise
7999,3830,2021-06-13,14540000,Annual Raise
8000,3830,2023-03-24,16180000,Promotion
8001,3831,2020-02-06,19380000,Initial
8002,3831,2021-09-25,21630000,Promotion
8003,3831,2023-05-15,24000000,Market Correction
8004,3832,2016-04-21,16060000,Initial
8005,3832,2018-01-16,17530000,Promotion
8006,3832,2019-10-13,18450000,Market Correction
8007,3832,2021-07-10,19980000,Market Correction
8008,3832,2023-04-06,20910000,Annual Raise
8009,3833,2016-08-02,14020000,Initial
8010,3833,2018-04-08,14690000,Market Correction
8011,3833,2019-12-14,15890000,Promotion
8012,3833,2021-08-20,17180000,Annual Raise
8013,3833,2023-04-27,18700000,Market Correction
8014,3834,2015-06-20,9070000,Initial
8015,3834,2017-01-20,9490000,Promotion
8016,3834,2018-08-24,9980000,Adjustment
8017,3834,2020-03-26,10410000,Annual Raise
8018,3834,2021-10-28,11340000,Promotion
8019,3834,2023-05-31,12200000,Adjustment
8020,3835,2024-07-04,35370000,Initial
8021,3836,2023-06-28,28240000,Initial
8022,3837,2020-01-09,15100000,Initial
8023,3837,2021-09-06,16280000,Promotion
8024,3837,2023-05-05,17680000,Promotion
8025,3838,2019-07-14,21180000,Initial
8026,3838,2021-05-10,22790000,Promotion
8027,3838,2023-03-07,23840000,Adjustment
8028,3839,2016-03-03,9800000,Initial
8029,3839,2017-12-08,10290000,Annual Raise
8030,3839,2019-09-14,11340000,Promotion
8031,3839,2021-06-20,12250000,Annual Raise
8032,3839,2023-03-27,13500000,Market Correction
8033,3840,2020-07-31,14450000,Initial
8034,3840,2022-10-16,15550000,Promotion
8035,3841,2020-11-30,18960000,Initial
8036,3841,2022-12-16,20290000,Promotion
8037,3842,2021-08-03,11730000,Initial
8038,3842,2023-04-18,12300000,Promotion
8039,3843,2023-04-16,21780000,Initial
8040,3844,2017-02-10,12490000,Initial
8041,3844,2018-09-09,13640000,Market Correction
8042,3844,2020-04-07,14710000,Adjustment
8043,3844,2021-11-05,15490000,Adjustment
8044,3844,2023-06-04,16460000,Annual Raise
8045,3845,2023-04-14,32360000,Initial
8046,3846,2017-05-28,11160000,Initial
8047,3846,2018-12-04,12040000,Annual Raise
8048,3846,2020-06-11,12990000,Annual Raise
8049,3846,2021-12-18,14090000,Adjustment
8050,3846,2023-06-26,14880000,Adjustment
8051,3847,2015-10-26,22630000,Initial
8052,3847,2017-05-07,23790000,Adjustment
8053,3847,2018-11-17,25520000,Promotion
8054,3847,2020-05-29,26750000,Adjustment
8055,3847,2021-12-09,28640000,Adjustment
8056,3847,2023-06-21,31910000,Promotion
8057,3848,2015-07-05,24950000,Initial
8058,3848,2017-02-02,26640000,Annual Raise
8059,3848,2018-09-03,27960000,Promotion
8060,3848,2020-04-03,29360000,Adjustment
8061,3848,2021-11-02,32470000,Promotion
8062,3848,2023-06-03,35630000,Adjustment
8063,3849,2018-04-04,15060000,Initial
8064,3849,2019-11-07,15910000,Annual Raise
8065,3850,2016-12-26,20290000,Initial
8066,3850,2018-08-03,22250000,Adjustment
8067,3850,2020-03-11,24910000,Market Correction
8068,3850,2021-10-17,27300000,Market Correction
8069,3850,2023-05-26,29860000,Adjustment
8070,3851,2015-07-03,36100000,Initial
8071,3851,2017-01-31,38640000,Annual Raise
8072,3851,2018-09-01,42900000,Annual Raise
8073,3851,2020-04-02,45860000,Market Correction
8074,3851,2021-11-01,50540000,Annual Raise
8075,3851,2023-06-02,53780000,Adjustment
8076,3852,2024-11-21,17280000,Initial
8077,3853,2017-04-19,15310000,Initial
8078,3853,2018-11-02,16960000,Market Correction
8079,3853,2020-05-18,17680000,Adjustment
8080,3853,2021-12-02,19170000,Annual Raise
8081,3853,2023-06-18,20600000,Adjustment
8082,3854,2019-08-04,51520000,Initial
8083,3854,2021-05-24,56110000,Annual Raise
8084,3854,2023-03-14,59540000,Adjustment
8085,3855,2018-02-13,33980000,Initial
8086,3855,2019-11-03,36710000,Market Correction
8087,3855,2021-07-24,39580000,Adjustment
8088,3855,2023-04-13,42130000,Promotion
8089,3856,2017-11-04,17610000,Initial
8090,3856,2019-08-19,18820000,Annual Raise
8091,3856,2021-06-03,20040000,Promotion
8092,3856,2023-03-19,21260000,Market Correction
8093,3857,2022-10-21,15740000,Initial
8094,3858,2015-10-16,10950000,Initial
8095,3858,2017-04-28,11540000,Annual Raise
8096,3858,2018-11-10,12240000,Adjustment
8097,3858,2020-05-24,13080000,Adjustment
8098,3858,2021-12-06,13640000,Promotion
8099,3858,2023-06-20,14790000,Adjustment
8100,3859,2015-09-30,24500000,Initial
8101,3859,2017-04-15,26860000,Adjustment
8102,3859,2018-10-31,29620000,Annual Raise
8103,3859,2020-05-16,32610000,Annual Raise
8104,3859,2021-12-01,36420000,Promotion
8105,3859,2023-06-17,38650000,Market Correction
8106,3860,2022-08-20,39000000,Initial
8107,3861,2018-03-12,18390000,Initial
8108,3861,2019-11-23,19530000,Annual Raise
8109,3861,2021-08-06,21340000,Annual Raise
8110,3861,2023-04-20,22910000,Annual Raise
8111,3862,2019-06-06,20910000,Initial
8112,3862,2021-04-14,22560000,Promotion
8113,3862,2023-02-22,25020000,Adjustment
8114,3863,2017-04-02,22350000,Initial
8115,3863,2018-10-20,24940000,Market Correction
8116,3863,2020-05-08,27060000,Adjustment
8117,3863,2021-11-25,28430000,Adjustment
8118,3863,2023-06-14,29700000,Promotion
8119,3864,2016-04-01,9840000,Initial
8120,3864,2017-12-31,10250000,Promotion
8121,3864,2019-10-01,11090000,Annual Raise
8122,3864,2021-07-02,11760000,Promotion
8123,3864,2023-04-02,12840000,Promotion
8124,3865,2017-09-17,20360000,Initial
8125,3865,2019-07-14,21980000,Market Correction
8126,3865,2021-05-10,23200000,Market Correction
8127,3865,2023-03-07,25680000,Market Correction
8128,3866,2019-12-16,27360000,Initial
8129,3866,2021-08-21,29710000,Market Correction
8130,3866,2023-04-27,32390000,Market Correction
8131,3867,2023-08-14,16360000,Initial
8132,3868,2018-10-30,8910000,Initial
8133,3868,2020-05-15,9830000,Promotion
8134,3868,2021-11-30,10770000,Promotion
8135,3868,2023-06-17,11940000,Adjustment
8136,3869,2020-03-07,19430000,Initial
8137,3869,2022-03-26,20890000,Promotion
8138,3870,2018-04-10,15000000,Initial
8139,3870,2019-12-15,15990000,Promotion
8140,3870,2021-08-21,17720000,Market Correction
8141,3870,2023-04-27,19350000,Annual Raise
8142,3871,2018-10-07,9910000,Initial
8143,3871,2020-04-28,11060000,Adjustment
8144,3871,2021-11-19,11520000,Annual Raise
8145,3871,2023-06-11,12860000,Annual Raise
8146,3872,2015-10-12,32210000,Initial
8147,3872,2017-04-25,34830000,Promotion
8148,3872,2018-11-08,36400000,Annual Raise
8149,3872,2020-05-22,39470000,Promotion
8150,3872,2021-12-05,42540000,Adjustment
8151,3872,2023-06-19,46600000,Promotion
8152,3873,2016-08-10,17570000,Initial
8153,3873,2018-04-15,19100000,Adjustment
8154,3873,2019-12-19,21010000,Promotion
8155,3873,2021-08-23,23100000,Adjustment
8156,3873,2023-04-28,25210000,Annual Raise
8157,3874,2019-08-07,25000000,Initial
8158,3874,2021-05-26,27170000,Market Correction
8159,3874,2023-03-15,28910000,Market Correction
8160,3875,2023-02-13,14620000,Initial
8161,3876,2022-09-03,10560000,Initial
8162,3877,2023-08-15,11050000,Initial
8163,3878,2021-04-27,9100000,Initial
8164,3878,2023-02-28,9590000,Promotion
8165,3879,2021-05-29,35160000,Initial
8166,3879,2023-03-16,37250000,Promotion
8167,3880,2020-01-16,63730000,Initial
8168,3880,2021-09-11,68260000,Adjustment
8169,3880,2023-05-08,73940000,Market Correction
8170,3881,2018-11-14,27700000,Initial
8171,3881,2020-05-27,29020000,Promotion
8172,3881,2021-12-08,30870000,Promotion
8173,3881,2023-06-21,33600000,Adjustment
8174,3882,2020-02-04,22370000,Initial
8175,3882,2021-09-23,24960000,Promotion
8176,3882,2023-05-14,27920000,Promotion
8177,3883,2022-02-22,28770000,Initial
8178,3884,2019-02-16,20940000,Initial
8179,3884,2021-01-31,23030000,Adjustment
8180,3884,2023-01-16,25390000,Promotion
8181,3885,2015-06-24,15480000,Initial
8182,3885,2017-01-23,16830000,Market Correction
8183,3885,2018-08-26,18790000,Adjustment
8184,3885,2020-03-28,19700000,Annual Raise
8185,3885,2021-10-29,20500000,Market Correction
8186,3885,2023-06-01,21360000,Market Correction
8187,3886,2019-07-06,30070000,Initial
8188,3886,2021-07-06,32610000,Adjustment
8189,3887,2019-09-21,22730000,Initial
8190,3887,2021-06-25,25340000,Annual Raise
8191,3887,2023-03-30,27610000,Market Correction
8192,3888,2019-05-11,19350000,Initial
8193,3888,2021-03-28,20370000,Adjustment
8194,3888,2023-02-13,21900000,Adjustment
8195,3889,2016-06-29,13530000,Initial
8196,3889,2018-03-12,14820000,Promotion
8197,3889,2019-11-24,16100000,Adjustment
8198,3889,2021-08-06,17510000,Promotion
8199,3889,2023-04-20,19160000,Promotion
8200,3890,2021-05-17,34420000,Initial
8201,3890,2023-03-10,35900000,Market Correction
8202,3891,2020-03-12,48120000,Initial
8203,3891,2021-10-18,51630000,Promotion
8204,3891,2023-05-26,54770000,Adjustment
8205,3892,2017-05-24,8650000,Initial
8206,3892,2018-11-30,9430000,Adjustment
8207,3892,2020-06-08,10520000,Annual Raise
8208,3892,2021-12-16,11610000,Market Correction
8209,3892,2023-06-25,12210000,Adjustment
8210,3893,2018-05-15,10790000,Initial
8211,3893,2020-01-10,11460000,Promotion
8212,3893,2021-09-07,12280000,Adjustment
8213,3893,2023-05-06,12870000,Annual Raise
8214,3894,2017-06-08,20190000,Initial
8215,3894,2018-12-12,21490000,Adjustment
8216,3894,2020-06-17,24040000,Promotion
8217,3894,2021-12-22,26020000,Adjustment
8218,3894,2023-06-28,27530000,Adjustment
8219,3895,2017-01-08,15760000,Initial
8220,3895,2018-08-14,16700000,Market Correction
8221,3895,2020-03-19,18610000,Annual Raise
8222,3895,2021-10-23,19730000,Promotion
8223,3895,2023-05-29,20590000,Market Correction
8224,3896,2021-05-13,21760000,Initial
8225,3896,2023-03-08,23130000,Market Correction
8226,3897,2022-03-11,13580000,Initial
8227,3898,2020-04-03,23530000,Initial
8228,3898,2021-11-02,26290000,Adjustment
8229,3898,2023-06-03,28330000,Adjustment
8230,3899,2018-07-19,45790000,Initial
8231,3899,2020-02-28,50370000,Promotion
8232,3899,2021-10-10,52830000,Adjustment
8233,3899,2023-05-22,54960000,Annual Raise
8234,3900,2022-08-01,43230000,Initial
8235,3901,2018-09-19,13380000,Initial
8236,3901,2020-04-15,14200000,Market Correction
8237,3901,2021-11-10,15160000,Market Correction
8238,3901,2023-06-07,16460000,Adjustment
8239,3902,2017-04-11,16350000,Initial
8240,3902,2018-10-27,18050000,Annual Raise
8241,3902,2020-05-13,18820000,Adjustment
8242,3902,2021-11-29,19740000,Market Correction
8243,3902,2023-06-16,21690000,Annual Raise
8244,3903,2019-01-26,13240000,Initial
8245,3903,2021-01-17,14330000,Promotion
8246,3903,2023-01-09,15890000,Annual Raise
8247,3904,2020-04-29,13780000,Initial
8248,3904,2021-11-19,14650000,Annual Raise
8249,3904,2023-06-11,15650000,Adjustment
8250,3905,2023-12-31,14690000,Initial
8251,3906,2020-12-20,11190000,Initial
8252,3906,2022-12-26,11860000,Adjustment
8253,3907,2022-11-06,11050000,Initial
8254,3908,2016-04-09,17310000,Initial
8255,3908,2018-01-06,18680000,Promotion
8256,3908,2019-10-06,19790000,Market Correction
8257,3908,2021-07-05,20920000,Promotion
8258,3908,2023-04-04,23230000,Adjustment
8259,3909,2023-06-23,27150000,Initial
8260,3910,2023-08-09,18590000,Initial
8261,3911,2020-01-07,18320000,Initial
8262,3911,2021-09-05,19830000,Adjustment
8263,3911,2023-05-05,21800000,Market Correction
8264,3912,2018-10-23,12220000,Initial
8265,3912,2020-05-10,13290000,Market Correction
8266,3912,2021-11-27,13830000,Market Correction
8267,3912,2023-06-15,14430000,Market Correction
8268,3913,2021-12-31,28700000,Initial
8269,3913,2023-07-02,31390000,Market Correction
8270,3914,2023-11-14,12080000,Initial
8271,3915,2018-04-12,25220000,Initial
8272,3915,2019-12-17,27980000,Adjustment
8273,3915,2021-08-22,30700000,Market Correction
8274,3915,2023-04-28,33550000,Annual Raise
8275,3916,2015-03-07,24320000,Initial
8276,3916,2016-10-25,27200000,Market Correction
8277,3916,2018-06-15,29020000,Annual Raise
8278,3916,2020-02-03,32130000,Market Correction
8279,3916,2021-09-23,35440000,Annual Raise
8280,3916,2023-05-14,37410000,Market Correction
8281,3917,2019-02-04,57320000,Initial
8282,3917,2021-01-23,62400000,Annual Raise
8283,3917,2023-01-12,65690000,Annual Raise
8284,3918,2020-06-28,18140000,Initial
8285,3918,2021-12-29,20130000,Adjustment
8286,3918,2023-07-01,21060000,Market Correction
8287,3919,2022-11-09,30300000,Initial
8288,3920,2015-06-15,14360000,Initial
8289,3920,2016-12-14,15570000,Annual Raise
8290,3920,2018-06-16,16390000,Annual Raise
8291,3920,2019-12-16,17770000,Annual Raise
8292,3920,2021-06-17,18480000,Promotion
8293,3920,2022-12-17,20660000,Adjustment
8294,3921,2018-09-25,18100000,Initial
8295,3921,2020-04-19,19490000,Market Correction
8296,3921,2021-11-13,20910000,Annual Raise
8297,3921,2023-06-08,22120000,Adjustment
8298,3922,2023-03-29,31150000,Initial
8299,3923,2019-04-06,31350000,Initial
8300,3923,2021-03-05,33920000,Market Correction
8301,3923,2023-02-02,36370000,Market Correction
8302,3924,2018-10-06,18690000,Initial
8303,3924,2020-04-27,20410000,Adjustment
8304,3924,2021-11-18,22190000,Market Correction
8305,3924,2023-06-11,23670000,Market Correction
8306,3925,2019-07-26,38450000,Initial
8307,3925,2021-05-18,41950000,Adjustment
8308,3925,2023-03-11,43760000,Annual Raise
8309,3926,2021-03-12,20500000,Initial
8310,3926,2023-02-05,22810000,Adjustment
8311,3927,2022-07-14,33030000,Initial
8312,3928,2015-04-05,9150000,Initial
8313,3928,2016-11-18,10070000,Annual Raise
8314,3928,2018-07-04,10960000,Market Correction
8315,3928,2020-02-17,11980000,Annual Raise
8316,3928,2021-10-02,12770000,Annual Raise
8317,3928,2023-05-18,13930000,Market Correction
8318,3929,2019-03-10,28760000,Initial
8319,3929,2021-01-13,30010000,Market Correction
8320,3930,2015-02-09,12620000,Initial
8321,3930,2016-10-03,13320000,Adjustment
8322,3930,2018-05-28,14820000,Adjustment
8323,3930,2020-01-21,16140000,Promotion
8324,3930,2021-09-14,17200000,Promotion
8325,3930,2023-05-09,18420000,Adjustment
8326,3931,2016-10-01,23760000,Initial
8327,3931,2018-05-26,25920000,Promotion
8328,3931,2020-01-19,27320000,Adjustment
8329,3931,2021-09-13,30150000,Market Correction
8330,3931,2023-05-09,33700000,Adjustment
8331,3932,2023-10-25,27970000,Initial
8332,3933,2017-03-28,13150000,Initial
8333,3933,2018-10-16,14720000,Annual Raise
8334,3933,2020-05-05,16330000,Adjustment
8335,3933,2021-11-23,17150000,Adjustment
8336,3933,2023-06-13,18130000,Annual Raise
8337,3934,2015-01-16,23380000,Initial
8338,3934,2016-09-13,24590000,Adjustment
8339,3934,2018-05-12,27500000,Market Correction
8340,3934,2020-01-09,30410000,Market Correction
8341,3934,2021-09-06,32070000,Promotion
8342,3934,2023-05-05,35670000,Market Correction
8343,3935,2023-01-15,20900000,Initial
8344,3936,2024-03-02,41600000,Initial
8345,3937,2018-03-25,20580000,Initial
8346,3937,2019-12-03,21910000,Adjustment
8347,3937,2021-08-13,24480000,Adjustment
8348,3937,2023-04-23,26100000,Annual Raise
8349,3938,2019-12-18,20550000,Initial
8350,3939,2017-12-14,30610000,Initial
8351,3939,2019-08-06,33920000,Promotion
8352,3939,2021-03-28,37890000,Adjustment
8353,3939,2022-11-18,41110000,Promotion
8354,3940,2022-11-18,10460000,Initial
8355,3941,2023-06-25,9930000,Initial
8356,3942,2021-09-29,30410000,Initial
8357,3942,2023-05-17,34040000,Market Correction
8358,3943,2017-10-24,16360000,Initial
8359,3943,2019-08-11,17560000,Annual Raise
8360,3943,2021-05-29,19340000,Market Correction
8361,3943,2023-03-16,21510000,Promotion
8362,3944,2022-05-06,39840000,Initial
8363,3945,2015-09-22,12260000,Initial
8364,3945,2017-03-25,12810000,Adjustment
8365,3945,2018-09-27,13740000,Market Correction
8366,3945,2020-03-31,14970000,Annual Raise
8367,3946,2021-12-13,22380000,Initial
8368,3946,2023-06-23,24120000,Adjustment
8369,3947,2015-02-19,8550000,Initial
8370,3947,2016-10-11,8980000,Annual Raise
8371,3947,2018-06-04,9950000,Promotion
8372,3947,2020-01-26,10830000,Adjustment
8373,3947,2021-09-17,11860000,Annual Raise
8374,3947,2023-05-11,13150000,Promotion
8375,3948,2022-10-30,33610000,Initial
8376,3949,2023-02-26,46250000,Initial
8377,3950,2019-02-26,37370000,Initial
8378,3950,2021-02-07,40100000,Adjustment
8379,3950,2023-01-20,43090000,Market Correction
8380,3951,2017-07-23,9990000,Initial
8381,3951,2019-06-02,10570000,Market Correction
8382,3951,2021-04-12,11800000,Promotion
8383,3951,2023-02-21,12420000,Market Correction
8384,3952,2020-03-19,35610000,Initial
8385,3952,2021-10-23,39450000,Adjustment
8386,3952,2023-05-29,41920000,Annual Raise
8387,3953,2020-03-14,20980000,Initial
8388,3953,2021-10-19,21820000,Market Correction
8389,3953,2023-05-27,23600000,Promotion
8390,3954,2023-04-11,31420000,Initial
8391,3955,2023-11-03,6300000,Initial
8392,3956,2015-02-27,18660000,Initial
8393,3956,2016-10-18,20550000,Adjustment
8394,3956,2018-06-09,22560000,Promotion
8395,3956,2020-01-30,24470000,Market Correction
8396,3956,2021-09-20,27030000,Annual Raise
8397,3956,2023-05-12,29440000,Market Correction
8398,3957,2021-08-25,47090000,Initial
8399,3957,2023-04-29,52140000,Promotion
8400,3958,2020-04-18,30680000,Initial
8401,3958,2021-11-12,32530000,Adjustment
8402,3958,2023-06-08,34050000,Adjustment
8403,3959,2019-05-26,27750000,Initial
8404,3959,2021-04-07,29020000,Promotion
8405,3959,2023-02-18,30870000,Annual Raise
8406,3960,2020-06-15,18370000,Initial
8407,3960,2021-12-20,19220000,Annual Raise
8408,3960,2023-06-27,20350000,Annual Raise
8409,3961,2020-06-19,16950000,Initial
8410,3961,2021-12-23,18120000,Annual Raise
8411,3961,2023-06-28,18910000,Promotion
8412,3962,2015-10-02,14790000,Initial
8413,3962,2017-04-17,15740000,Market Correction
8414,3962,2018-11-01,17060000,Market Correction
8415,3962,2020-05-17,17980000,Adjustment
8416,3962,2021-12-01,19940000,Annual Raise
8417,3962,2023-06-17,21800000,Promotion
8418,3963,2016-08-02,15350000,Initial
8419,3963,2018-04-08,16560000,Annual Raise
8420,3963,2019-12-14,18430000,Adjustment
8421,3963,2021-08-20,19340000,Adjustment
8422,3963,2023-04-27,20910000,Promotion
8423,3964,2020-07-02,15540000,Initial
8424,3965,2022-09-02,30850000,Initial
8425,3966,2020-12-09,12200000,Initial
8426,3966,2022-12-21,13330000,Market Correction
8427,3967,2019-02-22,14130000,Initial
8428,3967,2021-02-04,15510000,Market Correction
8429,3967,2023-01-18,16860000,Adjustment
8430,3968,2019-02-24,13580000,Initial
8431,3968,2021-02-05,14320000,Market Correction
8432,3968,2023-01-19,15310000,Market Correction
8433,3969,2024-10-11,23340000,Initial
8434,3970,2023-10-28,12820000,Initial
8435,3971,2016-06-04,35700000,Initial
8436,3971,2018-02-20,38910000,Annual Raise
8437,3971,2019-11-09,41540000,Promotion
8438,3971,2021-07-27,45260000,Market Correction
8439,3971,2023-04-15,50040000,Adjustment
8440,3972,2022-12-10,47650000,Initial
8441,3973,2020-06-24,17990000,Initial
8442,3973,2021-12-26,19090000,Market Correction
8443,3973,2023-06-30,20740000,Promotion
8444,3974,2019-04-23,16910000,Initial
8445,3974,2021-03-16,18900000,Annual Raise
8446,3974,2023-02-07,21050000,Promotion
8447,3975,2020-03-10,16670000,Initial
8448,3975,2021-10-17,18440000,Market Correction
8449,3975,2023-05-26,19870000,Promotion
8450,3976,2019-05-15,29120000,Initial
8451,3976,2021-03-31,31800000,Adjustment
8452,3976,2023-02-15,33600000,Adjustment
8453,3977,2024-07-04,26590000,Initial
8454,3978,2018-09-02,28230000,Initial
8455,3978,2020-04-02,31210000,Adjustment
8456,3978,2021-11-01,34120000,Promotion
8457,3978,2023-06-02,36360000,Adjustment
8458,3979,2023-10-15,19750000,Initial
8459,3980,2021-10-13,26030000,Initial
8460,3980,2023-05-24,28710000,Market Correction
8461,3981,2021-09-13,44330000,Initial
8462,3981,2023-05-09,47430000,Market Correction
8463,3982,2020-11-14,14350000,Initial
8464,3982,2022-12-08,15260000,Promotion
8465,3983,2019-09-29,18750000,Initial
8466,3983,2021-06-30,20160000,Promotion
8467,3983,2023-04-01,21830000,Annual Raise
8468,3984,2016-08-13,11670000,Initial
8469,3984,2018-04-17,12890000,Annual Raise
8470,3984,2019-12-21,13440000,Promotion
8471,3984,2021-08-24,14890000,Promotion
8472,3984,2023-04-29,16610000,Promotion
8473,3985,2015-11-19,12250000,Initial
8474,3985,2017-05-27,13220000,Adjustment
8475,3985,2018-12-03,14220000,Market Correction
8476,3985,2020-06-10,15870000,Market Correction
8477,3985,2021-12-17,17280000,Annual Raise
8478,3985,2023-06-25,18310000,Market Correction
8479,3986,2021-03-24,43430000,Initial
8480,3986,2023-02-11,46250000,Annual Raise
8481,3987,2018-01-25,15530000,Initial
8482,3987,2019-10-20,16660000,Market Correction
8483,3987,2021-07-14,18630000,Promotion
8484,3987,2023-04-08,19980000,Annual Raise
8485,3988,2018-03-12,11430000,Initial
8486,3989,2015-08-03,25330000,Initial
8487,3989,2017-02-26,27060000,Market Correction
8488,3989,2018-09-22,29000000,Adjustment
8489,3989,2020-04-17,32120000,Adjustment
8490,3989,2021-11-11,33530000,Adjustment
8491,3989,2023-06-07,37010000,Market Correction
8492,3990,2018-07-15,15280000,Initial
8493,3990,2020-02-25,16530000,Market Correction
8494,3990,2021-10-08,18230000,Market Correction
8495,3990,2023-05-21,19970000,Promotion
8496,3991,2022-04-01,24730000,Initial
8497,3992,2022-03-21,23230000,Initial
8498,3993,2024-11-26,30840000,Initial
8499,3994,2020-07-27,10140000,Initial
8500,3995,2023-01-02,21580000,Initial
8501,3996,2015-11-29,18260000,Initial
8502,3996,2017-06-04,19220000,Market Correction
8503,3996,2018-12-10,20420000,Promotion
8504,3996,2020-06-15,22390000,Market Correction
8505,3996,2021-12-21,24640000,Promotion
8506,3996,2023-06-27,27020000,Market Correction
8507,3997,2020-11-19,25220000,Initial
8508,3997,2022-12-11,27120000,Market Correction
8509,3998,2024-02-18,13030000,Initial
8510,3999,2017-07-20,19950000,Initial
8511,3999,2019-05-31,22220000,Adjustment
8512,3999,2021-04-11,24390000,Annual Raise
8513,3999,2023-02-20,27130000,Market Correction
8514,4000,2015-08-03,13840000,Initial
8515,4000,2017-02-26,14590000,Market Correction
8516,4000,2018-09-22,15830000,Adjustment
8517,4000,2020-04-17,16970000,Market Correction
8518,4000,2021-11-11,17830000,Adjustment
8519,4000,2023-06-07,19540000,Adjustment
8520,4001,2015-06-22,16700000,Initial
8521,4001,2017-01-22,18290000,Adjustment
8522,4001,2018-08-25,20020000,Promotion
8523,4001,2020-03-27,21570000,Adjustment
8524,4001,2021-10-28,23320000,Adjustment
8525,4001,2023-05-31,24330000,Promotion
8526,4002,2020-08-12,27730000,Initial
8527,4002,2022-10-22,29390000,Adjustment
8528,4003,2015-03-20,11290000,Initial
8529,4003,2016-11-04,12110000,Promotion
8530,4003,2018-06-23,13240000,Market Correction
8531,4003,2020-02-09,14480000,Market Correction
8532,4003,2021-09-27,15630000,Adjustment
8533,4003,2023-05-16,17490000,Annual Raise
8534,4004,2021-03-02,25330000,Initial
8535,4004,2023-01-31,27620000,Promotion
8536,4005,2017-07-29,34580000,Initial
8537,4005,2019-06-07,36500000,Market Correction
8538,4005,2021-04-15,38540000,Market Correction
8539,4005,2023-02-22,42030000,Market Correction
8540,4006,2021-07-10,35580000,Initial
8541,4006,2023-04-06,38300000,Market Correction
8542,4007,2019-06-15,22480000,Initial
8543,4007,2021-04-20,24440000,Market Correction
8544,4007,2023-02-25,27260000,Adjustment
8545,4008,2017-12-24,10760000,Initial
8546,4008,2019-09-26,11870000,Annual Raise
8547,4008,2021-06-28,13020000,Adjustment
8548,4008,2023-03-31,14180000,Promotion
8549,4009,2023-06-17,19910000,Initial
8550,4010,2019-05-28,40220000,Initial
8551,4010,2021-04-08,42290000,Annual Raise
8552,4010,2023-02-19,47070000,Market Correction
8553,4011,2021-10-07,19790000,Initial
8554,4011,2023-05-21,20650000,Market Correction
8555,4012,2017-04-18,51630000,Initial
8556,4012,2018-11-02,54150000,Market Correction
8557,4012,2020-05-18,58670000,Adjustment
8558,4012,2021-12-02,65570000,Annual Raise
8559,4012,2023-06-18,72190000,Adjustment
8560,4013,2023-05-01,34180000,Initial
8561,4014,2024-05-04,32770000,Initial
8562,4015,2019-01-18,37130000,Initial
8563,4015,2021-01-12,38850000,Market Correction
8564,4015,2023-01-07,40660000,Adjustment
8565,4016,2017-06-07,6740000,Initial
8566,4016,2018-12-12,7170000,Promotion
8567,4016,2020-06-17,7980000,Adjustment
8568,4016,2021-12-22,8570000,Annual Raise
8569,4016,2023-06-28,9540000,Annual Raise
8570,4017,2024-08-25,29080000,Initial
8571,4018,2023-01-27,24860000,Initial
8572,4019,2020-07-06,29610000,Initial
8573,4019,2022-10-04,32880000,Adjustment
8574,4020,2015-11-15,30570000,Initial
8575,4020,2017-05-23,32580000,Market Correction
8576,4020,2018-11-30,35040000,Promotion
8577,4020,2020-06-08,38180000,Promotion
8578,4020,2021-12-16,40840000,Annual Raise
8579,4020,2023-06-25,44420000,Annual Raise
8580,4021,2024-08-11,32030000,Initial
8581,4022,2019-12-28,15620000,Initial
8582,4022,2021-08-29,17150000,Annual Raise
8583,4022,2023-05-01,19140000,Annual Raise
8584,4023,2015-08-08,13600000,Initial
8585,4023,2017-03-02,14340000,Adjustment
8586,4023,2018-09-25,15860000,Annual Raise
8587,4023,2020-04-20,16740000,Market Correction
8588,4023,2021-11-13,17460000,Adjustment
8589,4023,2023-06-08,18900000,Market Correction
8590,4024,2023-04-27,13950000,Initial
8591,4025,2018-05-03,12890000,Initial
8592,4025,2020-01-01,13870000,Adjustment
8593,4025,2021-09-01,14480000,Promotion
8594,4025,2023-05-03,15830000,Promotion
8595,4026,2020-02-15,36100000,Initial
8596,4026,2021-10-01,37760000,Adjustment
8597,4026,2023-05-18,40580000,Adjustment
8598,4027,2024-11-14,14810000,Initial
8599,4028,2015-12-19,18950000,Initial
8600,4028,2017-06-21,20080000,Adjustment
8601,4028,2018-12-23,22490000,Promotion
8602,4028,2020-06-25,23530000,Adjustment
8603,4028,2021-12-27,24700000,Market Correction
8604,4028,2023-06-30,26330000,Adjustment
8605,4029,2018-01-11,21080000,Initial
8606,4029,2019-09-24,22150000,Promotion
8607,4029,2021-06-07,23610000,Adjustment
8608,4029,2023-02-18,25760000,Promotion
8609,4030,2017-06-01,24020000,Initial
8610,4030,2018-12-28,25710000,Promotion
8611,4030,2020-07-25,27590000,Promotion
8612,4031,2024-04-24,15690000,Initial
8613,4032,2022-05-13,35950000,Initial
8614,4033,2017-04-10,11650000,Initial
8615,4033,2018-10-26,12410000,Market Correction
8616,4033,2020-05-13,13540000,Market Correction
8617,4033,2021-11-28,14770000,Annual Raise
8618,4033,2023-06-16,16010000,Annual Raise
8619,4034,2017-08-19,6430000,Initial
8620,4034,2019-06-23,6870000,Annual Raise
8621,4034,2021-04-26,7590000,Adjustment
8622,4034,2023-02-28,8050000,Market Correction
8623,4035,2024-10-17,19970000,Initial
8624,4036,2023-11-18,21170000,Initial
8625,4037,2015-12-29,7970000,Initial
8626,4037,2017-06-29,8820000,Annual Raise
8627,4037,2018-12-30,9470000,Annual Raise
8628,4037,2020-06-30,10140000,Annual Raise
8629,4037,2021-12-31,10690000,Annual Raise
8630,4037,2023-07-02,11310000,Promotion
8631,4038,2019-03-09,23170000,Initial
8632,4038,2021-02-14,25540000,Adjustment
8633,4038,2023-01-23,28200000,Adjustment
8634,4039,2018-08-06,15270000,Initial
8635,4039,2020-03-13,16370000,Market Correction
8636,4039,2021-10-19,17750000,Annual Raise
8637,4039,2023-05-27,19600000,Annual Raise
8638,4040,2019-03-05,19930000,Initial
8639,4040,2021-02-11,21610000,Market Correction
8640,4040,2023-01-22,23640000,Adjustment
8641,4041,2024-02-18,22280000,Initial
8642,4042,2019-01-15,17650000,Initial
8643,4042,2021-01-10,19060000,Annual Raise
8644,4042,2023-01-06,20470000,Annual Raise
8645,4043,2018-09-25,23490000,Initial
8646,4043,2020-04-19,25340000,Annual Raise
8647,4043,2021-11-13,28010000,Adjustment
8648,4043,2023-06-08,29320000,Promotion
8649,4044,2015-06-25,17730000,Initial
8650,4044,2017-01-24,19420000,Market Correction
8651,4044,2018-08-27,20640000,Adjustment
8652,4044,2020-03-29,22550000,Market Correction
8653,4044,2021-10-29,24750000,Market Correction
8654,4044,2023-06-01,26790000,Annual Raise
8655,4045,2021-01-21,6880000,Initial
8656,4045,2023-01-11,7670000,Adjustment
8657,4046,2024-02-26,13800000,Initial
8658,4047,2024-11-16,25780000,Initial
8659,4048,2021-06-15,21500000,Initial
8660,4049,2020-06-26,25840000,Initial
8661,4050,2017-06-16,15270000,Initial
8662,4050,2018-12-19,17020000,Adjustment
8663,4050,2020-06-22,18010000,Market Correction
8664,4050,2021-12-25,20070000,Market Correction
8665,4050,2023-06-29,21930000,Market Correction
8666,4051,2017-07-13,27810000,Initial
8667,4051,2019-05-26,29400000,Annual Raise
8668,4051,2021-04-07,32270000,Market Correction
8669,4051,2023-02-18,33610000,Market Correction
8670,4052,2023-01-12,13570000,Initial
8671,4053,2022-10-17,32200000,Initial
8672,4054,2024-04-03,25520000,Initial
8673,4055,2015-04-07,19340000,Initial
8674,4055,2017-03-02,20790000,Annual Raise
8675,4056,2015-10-02,22540000,Initial
8676,4056,2017-04-17,23490000,Adjustment
8677,4056,2018-11-01,25290000,Market Correction
8678,4056,2020-05-17,27080000,Market Correction
8679,4056,2021-12-01,29090000,Market Correction
8680,4056,2023-06-17,30260000,Market Correction
8681,4057,2022-06-02,24030000,Initial
8682,4058,2019-05-08,21310000,Initial
8683,4058,2021-03-26,23190000,Promotion
8684,4058,2023-02-12,25280000,Annual Raise
8685,4059,2022-02-14,36120000,Initial
8686,4060,2020-08-09,14080000,Initial
8687,4060,2022-10-21,15640000,Adjustment
8688,4061,2024-08-28,17150000,Initial
8689,4062,2022-09-21,28760000,Initial
8690,4063,2015-04-22,23370000,Initial
8691,4063,2016-12-02,25570000,Promotion
8692,4063,2018-07-15,27140000,Adjustment
8693,4063,2020-02-26,28280000,Market Correction
8694,4063,2021-10-08,30600000,Adjustment
8695,4063,2023-05-21,33770000,Adjustment
8696,4064,2020-04-29,20230000,Initial
8697,4065,2020-02-06,16240000,Initial
8698,4065,2021-09-25,17580000,Annual Raise
8699,4065,2023-05-15,19420000,Annual Raise
8700,4066,2015-05-21,13320000,Initial
8701,4066,2016-12-26,14210000,Adjustment
8702,4066,2018-08-04,15320000,Promotion
8703,4066,2020-03-11,16590000,Promotion
8704,4066,2021-10-18,18120000,Promotion
8705,4066,2023-05-26,19910000,Annual Raise
8706,4067,2017-06-06,21930000,Initial
8707,4067,2018-12-11,23960000,Promotion
8708,4067,2020-06-16,26620000,Promotion
8709,4067,2021-12-21,29690000,Market Correction
8710,4067,2023-06-27,31220000,Market Correction
8711,4068,2021-08-27,21890000,Initial
8712,4068,2023-04-30,24190000,Adjustment
8713,4069,2015-10-11,38040000,Initial
8714,4069,2017-04-24,40160000,Annual Raise
8715,4069,2018-11-07,43980000,Adjustment
8716,4069,2020-05-22,47520000,Adjustment
8717,4069,2021-12-04,49430000,Market Correction
8718,4069,2023-06-19,52480000,Promotion
8719,4070,2023-12-27,14890000,Initial
8720,4071,2021-07-26,13320000,Initial
8721,4071,2023-04-06,14730000,Market Correction
8722,4072,2018-04-16,15480000,Initial
8723,4072,2019-12-20,16210000,Promotion
8724,4072,2021-08-24,18050000,Promotion
8725,4072,2023-04-29,18880000,Annual Raise
8726,4073,2019-10-14,16470000,Initial
8727,4074,2017-10-17,30730000,Initial
8728,4075,2017-07-04,26990000,Initial
8729,4075,2019-04-07,28670000,Adjustment
8730,4075,2021-01-09,30690000,Annual Raise
8731,4075,2022-10-13,32120000,Adjustment
8732,4076,2024-01-25,18970000,Initial
8733,4077,2016-06-24,8010000,Initial
8734,4077,2018-03-08,8930000,Annual Raise
8735,4077,2019-11-21,9830000,Promotion
8736,4077,2021-08-04,10340000,Annual Raise
8737,4077,2023-04-19,10870000,Market Correction
8738,4078,2020-07-25,18830000,Initial
8739,4078,2022-10-13,20950000,Market Correction
8740,4079,2022-02-13,23620000,Initial
8741,4080,2019-11-23,22390000,Initial
8742,4080,2021-08-06,25070000,Annual Raise
8743,4080,2023-04-20,26250000,Adjustment
8744,4081,2017-12-12,36560000,Initial
8745,4081,2019-09-17,39260000,Market Correction
8746,4081,2021-06-22,42110000,Adjustment
8747,4081,2023-03-28,47100000,Market Correction
8748,4082,2020-09-08,16420000,Initial
8749,4082,2022-11-05,18240000,Promotion
8750,4083,2015-12-20,11990000,Initial
8751,4083,2017-06-22,12960000,Promotion
8752,4083,2018-12-24,14240000,Annual Raise
8753,4083,2020-06-26,15120000,Adjustment
8754,4083,2021-12-28,16790000,Market Correction
8755,4083,2023-07-01,18410000,Adjustment
8756,4084,2021-04-01,32970000,Initial
8757,4084,2023-02-15,35500000,Promotion
8758,4085,2021-07-12,12910000,Initial
8759,4085,2023-04-07,14240000,Adjustment
8760,4086,2016-08-26,12200000,Initial
8761,4086,2018-04-28,12990000,Market Correction
8762,4086,2019-12-29,14190000,Adjustment
8763,4086,2021-08-30,15120000,Adjustment
8764,4086,2023-05-02,15760000,Promotion
8765,4087,2019-03-04,13930000,Initial
8766,4087,2021-02-11,15210000,Annual Raise
8767,4087,2023-01-22,16830000,Promotion
8768,4088,2021-07-26,25770000,Initial
8769,4088,2023-04-14,28740000,Adjustment
8770,4089,2018-08-01,18960000,Initial
8771,4089,2020-03-09,20230000,Adjustment
8772,4089,2021-10-16,21910000,Adjustment
8773,4089,2023-05-25,24030000,Annual Raise
8774,4090,2022-06-12,39420000,Initial
8775,4091,2019-05-08,21390000,Initial
8776,4091,2021-03-26,23890000,Annual Raise
8777,4091,2023-02-12,25940000,Promotion
8778,4092,2016-08-21,13920000,Initial
8779,4092,2018-04-24,14550000,Promotion
8780,4092,2019-12-26,15990000,Market Correction
8781,4092,2021-08-28,17630000,Promotion
8782,4092,2023-05-01,18750000,Adjustment
8783,4093,2020-05-10,31540000,Initial
8784,4093,2021-11-26,35180000,Annual Raise
8785,4093,2023-06-15,39240000,Market Correction
8786,4094,2022-01-11,20350000,Initial
8787,4095,2024-04-14,12560000,Initial
8788,4096,2024-10-06,5090000,Initial
8789,4097,2019-05-20,24700000,Initial
8790,4097,2021-04-03,27620000,Market Correction
8791,4097,2023-02-16,29860000,Adjustment
8792,4098,2020-05-17,34200000,Initial
8793,4098,2021-12-01,36990000,Market Correction
8794,4098,2023-06-17,41290000,Market Correction
8795,4099,2017-09-15,18380000,Initial
8796,4099,2019-07-13,19650000,Adjustment
8797,4099,2021-05-09,20500000,Annual Raise
8798,4099,2023-03-06,21860000,Promotion
8799,4100,2019-11-08,10310000,Initial
8800,4100,2021-07-27,11500000,Annual Raise
8801,4100,2023-04-15,12320000,Promotion
8802,4101,2022-11-25,15040000,Initial
8803,4102,2019-02-22,14930000,Initial
8804,4102,2021-02-04,16520000,Adjustment
8805,4102,2023-01-18,17320000,Annual Raise
8806,4103,2018-05-28,11390000,Initial
8807,4103,2020-01-20,12640000,Promotion
8808,4103,2021-09-14,14100000,Annual Raise
8809,4103,2023-05-09,15480000,Promotion
8810,4104,2024-08-04,14720000,Initial
8811,4105,2020-04-06,25300000,Initial
8812,4105,2021-11-04,27920000,Adjustment
8813,4105,2023-06-04,31210000,Adjustment
8814,4106,2020-12-22,27230000,Initial
8815,4106,2022-12-27,29140000,Promotion
8816,4107,2018-01-16,25040000,Initial
8817,4107,2019-10-13,26680000,Adjustment
8818,4107,2021-07-10,28490000,Market Correction
8819,4107,2023-04-06,30090000,Adjustment
8820,4108,2018-08-20,13560000,Initial
8821,4108,2020-03-23,15090000,Annual Raise
8822,4108,2021-10-26,16530000,Adjustment
8823,4108,2023-05-30,17250000,Promotion
8824,4109,2017-02-24,17160000,Initial
8825,4109,2018-09-20,18320000,Adjustment
8826,4109,2020-04-16,19210000,Promotion
8827,4109,2021-11-10,20330000,Annual Raise
8828,4109,2023-06-07,21730000,Market Correction
8829,4110,2017-12-16,11940000,Initial
8830,4110,2019-09-20,12730000,Adjustment
8831,4110,2021-06-24,14050000,Adjustment
8832,4110,2023-03-29,15420000,Annual Raise
8833,4111,2023-12-30,19540000,Initial
8834,4112,2022-12-28,59380000,Initial
8835,4113,2021-07-10,37120000,Initial
8836,4113,2023-04-06,41470000,Adjustment
8837,4114,2022-02-28,15830000,Initial
8838,4115,2017-01-19,33360000,Initial
8839,4115,2018-08-22,37130000,Annual Raise
8840,4115,2020-03-25,39510000,Promotion
8841,4115,2021-10-27,41780000,Market Correction
8842,4115,2023-05-31,44390000,Adjustment
8843,4116,2020-06-06,25070000,Initial
8844,4116,2021-12-14,26160000,Adjustment
8845,4116,2023-06-24,27680000,Annual Raise
8846,4117,2016-08-22,22820000,Initial
8847,4117,2018-04-24,24990000,Market Correction
8848,4117,2019-12-26,26390000,Market Correction
8849,4117,2021-08-28,28770000,Adjustment
8850,4117,2023-05-01,32190000,Promotion
8851,4118,2024-02-13,11120000,Initial
8852,4119,2024-02-08,22030000,Initial
8853,4120,2020-09-24,20300000,Initial
8854,4120,2022-11-13,21830000,Promotion
8855,4121,2022-01-16,56710000,Initial
8856,4122,2019-05-04,49450000,Initial
8857,4122,2021-03-23,55060000,Promotion
8858,4122,2023-02-11,58770000,Annual Raise
8859,4123,2023-07-11,27900000,Initial
8860,4124,2018-02-10,15590000,Initial
8861,4124,2019-09-26,17260000,Promotion
8862,4124,2021-05-11,18620000,Adjustment
8863,4124,2022-12-25,20410000,Annual Raise
8864,4125,2023-05-02,18840000,Initial
8865,4126,2015-02-10,23470000,Initial
8866,4126,2016-10-04,25590000,Annual Raise
8867,4126,2018-05-29,27370000,Annual Raise
8868,4126,2020-01-21,30010000,Promotion
8869,4126,2021-09-14,33550000,Annual Raise
8870,4126,2023-05-09,35770000,Adjustment
8871,4127,2019-10-27,43730000,Initial
8872,4127,2021-07-19,47430000,Market Correction
8873,4127,2023-04-11,52700000,Promotion
8874,4128,2021-03-13,39490000,Initial
8875,4128,2023-02-06,43490000,Adjustment
8876,4129,2023-07-20,40600000,Initial
8877,4130,2016-10-18,12030000,Initial
8878,4130,2018-06-09,12880000,Promotion
8879,4130,2020-01-29,13700000,Promotion
8880,4130,2021-09-20,14980000,Adjustment
8881,4130,2023-05-12,16210000,Promotion
8882,4131,2024-01-29,38880000,Initial
8883,4132,2017-06-24,4660000,Initial
8884,4132,2018-12-25,5170000,Annual Raise
8885,4132,2020-06-27,5690000,Adjustment
8886,4132,2021-12-28,6270000,Market Correction
8887,4132,2023-07-01,6840000,Promotion
8888,4133,2017-06-21,3790000,Initial
8889,4133,2018-12-23,4220000,Annual Raise
8890,4133,2020-06-25,4560000,Annual Raise
8891,4133,2021-12-27,5070000,Promotion
8892,4133,2023-06-30,5630000,Annual Raise
8893,4134,2019-11-18,21590000,Initial
8894,4134,2021-08-02,22910000,Adjustment
8895,4134,2023-04-18,24000000,Promotion
8896,4135,2017-05-24,33850000,Initial
8897,4135,2018-11-30,36140000,Market Correction
8898,4135,2020-06-08,38980000,Promotion
8899,4135,2021-12-16,43610000,Adjustment
8900,4135,2023-06-25,46330000,Annual Raise
8901,4136,2019-12-18,25630000,Initial
8902,4136,2021-08-22,26870000,Annual Raise
8903,4136,2023-04-28,28380000,Adjustment
8904,4137,2015-04-05,10100000,Initial
8905,4137,2016-11-18,11120000,Market Correction
8906,4137,2018-07-04,12300000,Annual Raise
8907,4137,2020-02-17,13590000,Promotion
8908,4137,2021-10-02,14920000,Promotion
8909,4137,2023-05-18,16000000,Annual Raise
8910,4138,2019-11-24,27800000,Initial
8911,4138,2021-08-06,31070000,Adjustment
8912,4138,2023-04-20,33620000,Adjustment
8913,4139,2020-08-06,17260000,Initial
8914,4139,2022-10-19,19070000,Adjustment
8915,4140,2019-03-08,34430000,Initial
8916,4140,2021-02-13,38390000,Promotion
8917,4140,2023-01-23,40290000,Annual Raise
8918,4141,2016-11-20,12670000,Initial
8919,4141,2018-07-05,13920000,Annual Raise
8920,4141,2020-02-18,14820000,Adjustment
8921,4141,2021-10-03,16090000,Promotion
8922,4141,2023-05-19,17270000,Annual Raise
8923,4142,2019-07-18,13090000,Initial
8924,4142,2021-01-16,14060000,Promotion
8925,4142,2022-07-18,15190000,Annual Raise
8926,4143,2021-09-25,44260000,Initial
8927,4143,2023-05-15,46190000,Adjustment
8928,4144,2022-03-28,19280000,Initial
8929,4145,2019-05-12,11740000,Initial
8930,4145,2021-03-29,13000000,Adjustment
8931,4145,2023-02-14,14490000,Annual Raise
8932,4146,2019-11-23,34890000,Initial
8933,4146,2021-08-06,37830000,Market Correction
8934,4146,2023-04-20,41900000,Market Correction
8935,4147,2018-11-27,11550000,Initial
8936,4147,2020-06-05,12910000,Annual Raise
8937,4147,2021-12-14,14310000,Annual Raise
8938,4147,2023-06-24,15570000,Annual Raise
8939,4148,2020-05-14,29580000,Initial
8940,4148,2021-11-29,31280000,Market Correction
8941,4148,2023-06-16,34080000,Adjustment
8942,4149,2024-06-26,12740000,Initial
8943,4150,2016-01-04,59590000,Initial
8944,4150,2017-10-22,62560000,Adjustment
8945,4150,2019-08-10,66700000,Adjustment
8946,4150,2021-05-28,70550000,Adjustment
8947,4150,2023-03-16,77360000,Market Correction
8948,4151,2017-10-22,15080000,Initial
8949,4151,2019-06-26,16640000,Market Correction
8950,4152,2024-08-17,12810000,Initial
8951,4153,2016-11-13,10330000,Initial
8952,4153,2018-06-30,10920000,Market Correction
8953,4153,2020-02-14,11510000,Promotion
8954,4153,2021-09-30,12240000,Adjustment
8955,4153,2023-05-17,13020000,Adjustment
8956,4154,2021-06-03,29200000,Initial
8957,4154,2023-03-19,32320000,Adjustment
8958,4155,2019-09-30,35540000,Initial
8959,4155,2021-07-01,39590000,Annual Raise
8960,4155,2023-04-02,41610000,Promotion
8961,4156,2021-10-04,39350000,Initial
8962,4156,2023-05-19,43620000,Annual Raise
8963,4157,2024-03-01,26590000,Initial
8964,4158,2021-03-16,51500000,Initial
8965,4158,2023-02-07,56830000,Promotion
8966,4159,2017-10-03,26740000,Initial
8967,4159,2019-07-26,28010000,Market Correction
8968,4159,2021-05-18,30230000,Adjustment
8969,4159,2023-03-11,32340000,Adjustment
8970,4160,2020-10-03,20610000,Initial
8971,4160,2022-11-17,21880000,Promotion
8972,4161,2019-06-02,35240000,Initial
8973,4161,2021-04-12,38110000,Annual Raise
8974,4161,2023-02-21,41600000,Market Correction
8975,4162,2017-09-17,12530000,Initial
8976,4162,2019-07-14,13500000,Adjustment
8977,4162,2021-05-10,14460000,Annual Raise
8978,4162,2023-03-07,15390000,Annual Raise
8979,4163,2020-03-09,19620000,Initial
8980,4163,2021-10-16,21290000,Annual Raise
8981,4163,2023-05-25,22470000,Market Correction
8982,4164,2016-10-25,49890000,Initial
8983,4164,2018-06-15,53820000,Annual Raise
8984,4164,2020-02-03,57440000,Market Correction
8985,4164,2021-09-23,61930000,Market Correction
8986,4164,2023-05-14,67580000,Annual Raise
8987,4165,2016-07-10,15290000,Initial
8988,4165,2018-05-30,16670000,Annual Raise
8989,4165,2020-04-18,18120000,Annual Raise
8990,4166,2021-03-04,35990000,Initial
8991,4166,2023-02-01,37940000,Promotion
8992,4167,2022-04-05,34540000,Initial
8993,4168,2023-06-06,15400000,Initial
8994,4169,2016-06-01,22440000,Initial
8995,4169,2018-02-18,23620000,Promotion
8996,4169,2019-11-07,25500000,Adjustment
8997,4169,2021-07-26,27070000,Promotion
8998,4169,2023-04-14,30100000,Annual Raise
8999,4170,2024-06-10,14320000,Initial
9000,4171,2019-03-20,15130000,Initial
9001,4171,2021-02-21,16420000,Market Correction
9002,4171,2023-01-27,17320000,Promotion
9003,4172,2023-06-01,16700000,Initial
9004,4173,2024-09-13,45150000,Initial
9005,4174,2019-06-12,40800000,Initial
9006,4174,2021-04-18,45650000,Market Correction
9007,4174,2023-02-24,48200000,Promotion
9008,4175,2017-11-01,13760000,Initial
9009,4175,2019-08-17,14600000,Promotion
9010,4175,2021-06-02,16060000,Annual Raise
9011,4175,2023-03-18,16770000,Market Correction
9012,4176,2024-11-23,19130000,Initial
9013,4177,2017-10-02,26110000,Initial
9014,4177,2019-07-26,28190000,Adjustment
9015,4177,2021-05-18,30390000,Market Correction
9016,4177,2023-03-11,32770000,Promotion
9017,4178,2019-03-13,14560000,Initial
9018,4178,2020-09-29,15980000,Market Correction
9019,4179,2015-11-16,8170000,Initial
9020,4179,2017-05-24,8940000,Market Correction
9021,4179,2018-12-01,9340000,Promotion
9022,4179,2020-06-09,10300000,Annual Raise
9023,4179,2021-12-16,10810000,Promotion
9024,4179,2023-06-25,11360000,Adjustment
9025,4180,2015-06-15,12970000,Initial
9026,4180,2017-01-16,14420000,Market Correction
9027,4180,2018-08-20,16110000,Annual Raise
9028,4180,2020-03-24,17330000,Annual Raise
9029,4180,2021-10-26,19280000,Annual Raise
9030,4180,2023-05-30,20850000,Adjustment
9031,4181,2017-03-03,33370000,Initial
9032,4181,2018-09-26,35340000,Promotion
9033,4181,2020-04-20,36950000,Promotion
9034,4181,2021-11-13,40430000,Adjustment
9035,4181,2023-06-08,44350000,Market Correction
9036,4182,2016-08-20,17860000,Initial
9037,4182,2018-04-23,18630000,Promotion
9038,4182,2019-12-25,20250000,Promotion
9039,4182,2021-08-27,22480000,Market Correction
9040,4182,2023-04-30,23960000,Annual Raise
9041,4183,2020-09-17,29570000,Initial
9042,4183,2022-11-09,31360000,Promotion
9043,4184,2019-07-11,19950000,Initial
9044,4184,2021-05-08,20950000,Promotion
9045,4184,2023-03-06,22020000,Promotion
9046,4185,2018-03-13,21870000,Initial
9047,4185,2019-11-24,22890000,Annual Raise
9048,4185,2021-08-07,25050000,Annual Raise
9049,4185,2023-04-20,26060000,Market Correction
9050,4186,2023-07-04,21800000,Initial
9051,4187,2016-09-20,15230000,Initial
9052,4187,2018-05-18,16840000,Adjustment
9053,4187,2020-01-13,18220000,Adjustment
9054,4187,2021-09-09,19240000,Market Correction
9055,4187,2023-05-07,21300000,Promotion
9056,4188,2023-03-16,27160000,Initial
9057,4189,2016-01-17,24150000,Initial
9058,4189,2017-11-01,26900000,Adjustment
9059,4189,2019-08-17,28540000,Promotion
9060,4189,2021-06-02,31310000,Market Correction
9061,4189,2023-03-18,33580000,Annual Raise
9062,4190,2015-06-30,17140000,Initial
9063,4190,2017-01-28,18330000,Promotion
9064,4190,2018-08-30,19860000,Adjustment
9065,4190,2020-03-31,20810000,Annual Raise
9066,4190,2021-10-31,21840000,Adjustment
9067,4190,2023-06-02,23500000,Adjustment
9068,4191,2019-09-07,14290000,Initial
9069,4191,2021-06-15,15300000,Promotion
9070,4191,2023-03-25,16040000,Annual Raise
9071,4192,2017-05-12,17380000,Initial
9072,4193,2023-02-26,25390000,Initial
9073,4194,2022-07-18,12570000,Initial
9074,4195,2021-12-01,16650000,Initial
9075,4195,2023-06-17,18530000,Adjustment
9076,4196,2021-06-21,25190000,Initial
9077,4196,2023-03-28,27510000,Annual Raise
9078,4197,2020-11-27,15890000,Initial
9079,4197,2022-12-15,17190000,Promotion
9080,4198,2024-01-16,21050000,Initial
9081,4199,2019-11-13,24280000,Initial
9082,4199,2021-07-30,26650000,Market Correction
9083,4199,2023-04-16,28410000,Annual Raise
9084,4200,2020-08-05,21200000,Initial
9085,4200,2022-10-19,22430000,Market Correction
9086,4201,2023-12-28,13200000,Initial
9087,4202,2024-06-21,7360000,Initial
9088,4203,2016-02-08,16730000,Initial
9089,4203,2017-11-19,18270000,Annual Raise
9090,4203,2019-08-31,19160000,Adjustment
9091,4203,2021-06-11,20730000,Annual Raise
9092,4203,2023-03-23,21880000,Promotion
9093,4204,2019-09-14,35200000,Initial
9094,4204,2021-06-20,39170000,Promotion
9095,4204,2023-03-27,42830000,Adjustment
9096,4205,2021-12-27,16160000,Initial
9097,4205,2023-06-30,17900000,Annual Raise
9098,4206,2015-08-22,25760000,Initial
9099,4206,2017-03-14,27990000,Market Correction
9100,4206,2018-10-05,30080000,Adjustment
9101,4206,2020-04-27,32550000,Adjustment
9102,4206,2021-11-18,34800000,Market Correction
9103,4206,2023-06-11,36560000,Adjustment
9104,4207,2015-05-06,14120000,Initial
9105,4207,2016-12-14,14940000,Market Correction
9106,4207,2018-07-25,16690000,Market Correction
9107,4207,2020-03-04,17380000,Adjustment
9108,4207,2021-10-13,18160000,Annual Raise
9109,4207,2023-05-24,20340000,Annual Raise
9110,4208,2020-06-15,27790000,Initial
9111,4208,2021-12-20,30220000,Adjustment
9112,4208,2023-06-27,31780000,Annual Raise
9113,4209,2021-08-07,27860000,Initial
9114,4209,2023-04-20,31130000,Adjustment
9115,4210,2017-09-23,23570000,Initial
9116,4210,2019-07-19,25730000,Market Correction
9117,4210,2021-05-13,27390000,Market Correction
9118,4210,2023-03-08,30540000,Adjustment
9119,4211,2021-08-27,22320000,Initial
9120,4211,2023-04-30,23240000,Promotion
9121,4212,2023-12-06,21720000,Initial
9122,4213,2016-01-14,14670000,Initial
9123,4213,2017-10-30,15410000,Annual Raise
9124,4213,2019-08-16,16040000,Annual Raise
9125,4213,2021-06-01,17700000,Market Correction
9126,4213,2023-03-18,19660000,Adjustment
9127,4214,2015-01-09,10080000,Initial
9128,4214,2016-09-07,11160000,Adjustment
9129,4214,2018-05-08,11880000,Market Correction
9130,4214,2020-01-05,12510000,Promotion
9131,4214,2021-09-04,13650000,Promotion
9132,4214,2023-05-04,14440000,Market Correction
9133,4215,2022-08-12,44080000,Initial
9134,4216,2015-06-15,44740000,Initial
9135,4216,2017-06-08,47040000,Market Correction
9136,4217,2015-06-11,16520000,Initial
9137,4217,2017-01-13,18420000,Market Correction
9138,4217,2018-08-18,19780000,Adjustment
9139,4217,2020-03-22,21000000,Market Correction
9140,4217,2021-10-25,21970000,Promotion
9141,4217,2023-05-30,23740000,Annual Raise
9142,4218,2024-03-29,18830000,Initial
9143,4219,2021-11-25,49680000,Initial
9144,4219,2023-06-14,52220000,Promotion
9145,4220,2016-07-21,18260000,Initial
9146,4220,2018-03-30,19360000,Market Correction
9147,4220,2019-12-07,21080000,Annual Raise
9148,4220,2021-08-15,21980000,Market Correction
9149,4220,2023-04-24,22990000,Promotion
9150,4221,2022-03-20,27080000,Initial
9151,4222,2022-09-23,23080000,Initial
9152,4223,2022-10-17,67490000,Initial
9153,4224,2018-04-17,26550000,Initial
9154,4224,2019-12-20,28300000,Promotion
9155,4224,2021-08-24,31690000,Annual Raise
9156,4224,2023-04-29,34590000,Annual Raise
9157,4225,2023-11-28,76160000,Initial
9158,4226,2017-09-12,34810000,Initial
9159,4226,2019-07-11,38460000,Annual Raise
9160,4226,2021-05-08,42480000,Promotion
9161,4226,2023-03-06,45460000,Market Correction
9162,4227,2015-08-29,34000000,Initial
9163,4227,2017-03-19,36580000,Annual Raise
9164,4227,2018-10-09,39270000,Adjustment
9165,4227,2020-04-30,41560000,Market Correction
9166,4227,2021-11-20,46220000,Adjustment
9167,4227,2023-06-12,49830000,Market Correction
9168,4228,2016-05-31,12500000,Initial
9169,4228,2018-02-17,13590000,Annual Raise
9170,4228,2019-11-06,15070000,Annual Raise
9171,4228,2021-07-26,15730000,Promotion
9172,4228,2023-04-14,17530000,Annual Raise
9173,4229,2022-09-17,22630000,Initial
9174,4230,2019-08-06,42800000,Initial
9175,4230,2021-08-24,46370000,Promotion
9176,4231,2022-12-14,14000000,Initial
9177,4232,2016-10-03,56310000,Initial
9178,4232,2018-05-28,62330000,Adjustment
9179,4232,2020-01-20,67000000,Annual Raise
9180,4232,2021-09-14,73760000,Adjustment
9181,4232,2023-05-09,81820000,Adjustment
9182,4233,2024-06-07,42980000,Initial
9183,4234,2020-03-13,14400000,Initial
9184,4234,2021-10-19,15110000,Promotion
9185,4234,2023-05-27,15830000,Promotion
9186,4235,2020-01-16,10540000,Initial
9187,4235,2021-09-11,11460000,Adjustment
9188,4235,2023-05-08,12580000,Adjustment
9189,4236,2022-05-20,19060000,Initial
9190,4237,2015-01-31,12680000,Initial
9191,4237,2016-09-25,13250000,Annual Raise
9192,4237,2018-05-22,14610000,Annual Raise
9193,4237,2020-01-16,15380000,Adjustment
9194,4237,2021-09-11,16410000,Market Correction
9195,4237,2023-05-08,18190000,Annual Raise
9196,4238,2016-01-17,10930000,Initial
9197,4238,2017-11-01,11430000,Adjustment
9198,4238,2019-08-17,12610000,Promotion
9199,4238,2021-06-02,13970000,Adjustment
9200,4238,2023-03-18,15320000,Market Correction
9201,4239,2017-09-10,22500000,Initial
9202,4239,2019-07-09,24550000,Promotion
9203,4239,2021-05-07,25700000,Promotion
9204,4239,2023-03-05,28390000,Adjustment
9205,4240,2023-01-31,39510000,Initial
9206,4241,2023-12-22,64860000,Initial
9207,4242,2023-08-27,65760000,Initial
9208,4243,2018-09-23,14560000,Initial
9209,4243,2020-04-18,15910000,Annual Raise
9210,4243,2021-11-12,16900000,Market Correction
9211,4243,2023-06-08,18880000,Market Correction
9212,4244,2020-12-14,10150000,Initial
9213,4244,2022-12-23,11230000,Promotion
9214,4245,2019-11-17,24170000,Initial
9215,4245,2021-08-02,26790000,Annual Raise
9216,4245,2023-04-18,29860000,Adjustment
9217,4246,2023-01-24,13120000,Initial
9218,4247,2015-07-02,15260000,Initial
9219,4247,2017-01-30,16420000,Promotion
9220,4247,2018-09-01,17450000,Promotion
9221,4247,2020-04-01,18460000,Market Correction
9222,4247,2021-11-01,19940000,Market Correction
9223,4247,2023-06-02,21430000,Annual Raise
9224,4248,2020-04-27,11900000,Initial
9225,4248,2021-11-18,12960000,Adjustment
9226,4248,2023-06-11,14030000,Market Correction
9227,4249,2018-07-14,13640000,Initial
9228,4249,2020-02-24,15080000,Market Correction
9229,4249,2021-10-07,15700000,Adjustment
9230,4249,2023-05-21,16630000,Market Correction
9231,4250,2022-04-24,25930000,Initial
9232,4251,2019-06-06,14750000,Initial
9233,4251,2021-04-14,16130000,Promotion
9234,4251,2023-02-22,18060000,Promotion
9235,4252,2024-03-18,21410000,Initial
9236,4253,2015-11-08,13710000,Initial
9237,4253,2017-05-18,15090000,Adjustment
9238,4253,2018-11-26,15900000,Promotion
9239,4253,2020-06-05,17530000,Promotion
9240,4253,2021-12-14,18240000,Promotion
9241,4253,2023-06-24,20120000,Annual Raise
9242,4254,2015-03-08,25770000,Initial
9243,4254,2016-10-25,26910000,Annual Raise
9244,4254,2018-06-15,29970000,Promotion
9245,4254,2020-02-03,31210000,Promotion
9246,4254,2021-09-23,34110000,Promotion
9247,4254,2023-05-14,36650000,Adjustment
9248,4255,2023-08-16,45580000,Initial
9249,4256,2020-12-27,18940000,Initial
9250,4256,2022-12-30,20920000,Promotion
9251,4257,2019-05-13,12650000,Initial
9252,4257,2021-03-29,13940000,Annual Raise
9253,4257,2023-02-14,15250000,Market Correction
9254,4258,2015-02-28,30890000,Initial
9255,4258,2016-10-19,34170000,Adjustment
9256,4258,2018-06-10,37790000,Market Correction
9257,4258,2020-01-30,39740000,Adjustment
9258,4258,2021-09-20,43770000,Market Correction
9259,4258,2023-05-12,47320000,Market Correction
9260,4259,2020-05-19,40480000,Initial
9261,4260,2022-05-16,16170000,Initial
9262,4261,2017-04-15,19460000,Initial
9263,4261,2018-10-30,20500000,Market Correction
9264,4261,2020-05-16,22600000,Market Correction
9265,4261,2021-11-30,23900000,Annual Raise
9266,4261,2023-06-17,26500000,Market Correction
9267,4262,2018-06-21,18800000,Initial
9268,4262,2020-02-07,19650000,Adjustment
9269,4262,2021-09-26,21100000,Adjustment
9270,4262,2023-05-15,22230000,Promotion
9271,4263,2015-11-09,30960000,Initial
9272,4263,2017-05-18,33000000,Market Correction
9273,4263,2018-11-26,36700000,Adjustment
9274,4263,2020-06-05,40990000,Adjustment
9275,4263,2021-12-14,42820000,Adjustment
9276,4263,2023-06-24,45710000,Market Correction
9277,4264,2017-09-08,19530000,Initial
9278,4264,2019-06-13,21480000,Adjustment
9279,4265,2018-10-14,27930000,Initial
9280,4265,2020-09-08,30080000,Promotion
9281,4265,2022-08-04,31960000,Annual Raise
9282,4266,2023-10-23,18050000,Initial
9283,4267,2021-02-11,19850000,Initial
9284,4267,2023-01-22,22210000,Promotion
9285,4268,2015-09-17,19250000,Initial
9286,4268,2017-04-04,20330000,Adjustment
9287,4268,2018-10-22,22530000,Promotion
9288,4268,2020-05-10,24170000,Annual Raise
9289,4268,2021-11-26,26000000,Market Correction
9290,4268,2023-06-15,27400000,Adjustment
9291,4269,2020-05-14,25730000,Initial
9292,4269,2021-11-29,28060000,Adjustment
9293,4269,2023-06-16,31250000,Adjustment
9294,4270,2024-07-27,38780000,Initial
9295,4271,2017-05-19,27190000,Initial
9296,4271,2019-03-30,28780000,Promotion
9297,4271,2021-02-08,30520000,Market Correction
9298,4271,2022-12-21,32270000,Adjustment
9299,4272,2023-05-09,20950000,Initial
9300,4273,2019-05-06,15500000,Initial
9301,4273,2021-03-25,16590000,Market Correction
9302,4273,2023-02-12,18350000,Adjustment
9303,4274,2015-05-30,24800000,Initial
9304,4274,2017-01-03,25970000,Annual Raise
9305,4274,2018-08-10,27110000,Annual Raise
9306,4274,2020-03-16,30260000,Adjustment
9307,4274,2021-10-21,32580000,Market Correction
9308,4274,2023-05-28,34400000,Promotion
9309,4275,2022-06-15,21510000,Initial
9310,4276,2018-07-14,8900000,Initial
9311,4276,2020-02-24,9850000,Market Correction
9312,4276,2021-10-07,10820000,Market Correction
9313,4276,2023-05-21,11470000,Adjustment
9314,4277,2021-09-01,30190000,Initial
9315,4277,2023-05-03,33250000,Annual Raise
9316,4278,2020-07-17,16960000,Initial
9317,4278,2022-10-09,18470000,Annual Raise
9318,4279,2016-05-05,11580000,Initial
9319,4279,2018-01-27,12840000,Market Correction
9320,4279,2019-10-22,14040000,Market Correction
9321,4279,2021-07-15,15030000,Adjustment
9322,4279,2023-04-09,16220000,Adjustment
9323,4280,2017-10-04,19160000,Initial
9324,4280,2019-07-07,21180000,Promotion
9325,4280,2021-04-08,22570000,Adjustment
9326,4281,2015-08-13,16340000,Initial
9327,4281,2017-03-06,17910000,Market Correction
9328,4281,2018-09-29,18810000,Adjustment
9329,4281,2020-04-22,20690000,Adjustment
9330,4281,2021-11-15,22430000,Annual Raise
9331,4281,2023-06-09,24040000,Adjustment
9332,4282,2022-10-21,16980000,Initial
9333,4283,2015-11-01,25470000,Initial
9334,4283,2017-05-12,26970000,Market Correction
9335,4283,2018-11-21,28660000,Adjustment
9336,4283,2020-06-01,30360000,Annual Raise
9337,4283,2021-12-11,31780000,Market Correction
9338,4283,2023-06-22,34750000,Market Correction
9339,4284,2023-04-14,17850000,Initial
9340,4285,2018-09-04,13950000,Initial
9341,4285,2020-04-03,15080000,Market Correction
9342,4285,2021-11-02,16000000,Promotion
9343,4285,2023-06-03,16960000,Annual Raise
9344,4286,2019-01-24,41800000,Initial
9345,4287,2017-01-18,28490000,Initial
9346,4287,2018-08-22,30250000,Annual Raise
9347,4287,2020-03-25,31670000,Promotion
9348,4287,2021-10-27,33550000,Adjustment
9349,4287,2023-05-31,36610000,Promotion
9350,4288,2015-07-21,19050000,Initial
9351,4288,2017-02-15,20870000,Annual Raise
9352,4288,2018-09-13,23360000,Annual Raise
9353,4288,2020-04-11,24600000,Market Correction
9354,4288,2021-11-07,26250000,Promotion
9355,4288,2023-06-05,29310000,Annual Raise
9356,4289,2024-02-07,31600000,Initial
9357,4290,2021-03-12,8730000,Initial
9358,4290,2023-02-05,9400000,Annual Raise
9359,4291,2018-07-01,16690000,Initial
9360,4291,2020-02-15,17860000,Adjustment
9361,4291,2021-10-01,19440000,Market Correction
9362,4291,2023-05-18,21770000,Promotion
9363,4292,2018-01-07,22680000,Initial
9364,4292,2019-10-06,25250000,Promotion
9365,4292,2021-07-05,27520000,Adjustment
9366,4292,2023-04-04,30230000,Promotion
9367,4293,2016-03-13,14340000,Initial
9368,4293,2017-12-16,15090000,Promotion
9369,4293,2019-09-20,16100000,Adjustment
9370,4293,2021-06-24,16820000,Promotion
9371,4293,2023-03-29,17540000,Adjustment
9372,4294,2019-07-21,20480000,Initial
9373,4294,2021-05-14,22290000,Promotion
9374,4294,2023-03-09,24830000,Market Correction
9375,4295,2015-12-02,27630000,Initial
9376,4295,2017-06-07,30040000,Market Correction
9377,4295,2018-12-12,31650000,Market Correction
9378,4295,2020-06-17,35430000,Annual Raise
9379,4295,2021-12-22,37540000,Adjustment
9380,4295,2023-06-28,41140000,Market Correction
9381,4296,2022-01-27,21410000,Initial
9382,4297,2016-11-24,16860000,Initial
9383,4297,2018-07-09,17670000,Annual Raise
9384,4297,2020-02-21,19450000,Annual Raise
9385,4297,2021-10-05,21510000,Annual Raise
9386,4297,2023-05-20,22620000,Adjustment
9387,4298,2015-01-22,13980000,Initial
9388,4298,2016-09-18,15160000,Annual Raise
9389,4298,2018-05-16,16560000,Promotion
9390,4298,2020-01-12,17240000,Promotion
9391,4298,2021-09-08,18090000,Adjustment
9392,4298,2023-05-06,19630000,Annual Raise
9393,4299,2020-07-10,18440000,Initial
9394,4299,2022-10-06,19610000,Annual Raise
9395,4300,2017-02-27,7160000,Initial
9396,4300,2018-09-23,7480000,Adjustment
9397,4300,2020-04-18,8230000,Promotion
9398,4300,2021-11-12,9070000,Market Correction
9399,4300,2023-06-08,9480000,Promotion
9400,4301,2021-08-16,13110000,Initial
9401,4301,2023-04-25,14250000,Adjustment
9402,4302,2021-11-29,12080000,Initial
9403,4302,2023-06-16,12660000,Market Correction
9404,4303,2022-04-09,19640000,Initial
9405,4304,2021-08-16,25150000,Initial
9406,4304,2023-04-25,27630000,Market Correction
9407,4305,2024-02-18,28200000,Initial
9408,4306,2016-06-26,28680000,Initial
9409,4306,2018-03-10,31830000,Market Correction
9410,4306,2019-11-22,35040000,Annual Raise
9411,4306,2021-08-05,37080000,Adjustment
9412,4306,2023-04-19,39180000,Adjustment
9413,4307,2023-03-15,20570000,Initial
9414,4308,2016-04-06,14240000,Initial
9415,4308,2018-01-04,14940000,Adjustment
9416,4308,2019-10-04,15560000,Adjustment
9417,4308,2021-07-04,16470000,Market Correction
9418,4308,2023-04-03,17560000,Annual Raise
9419,4309,2024-04-22,25390000,Initial
9420,4310,2020-01-06,6910000,Initial
9421,4310,2021-07-13,7370000,Adjustment
9422,4310,2023-01-18,8120000,Promotion
9423,4311,2018-08-24,31380000,Initial
9424,4311,2020-03-26,34250000,Promotion
9425,4311,2021-10-28,37520000,Market Correction
9426,4311,2023-05-31,40160000,Annual Raise
9427,4312,2019-12-22,41170000,Initial
9428,4312,2021-08-25,43020000,Market Correction
9429,4312,2023-04-29,45470000,Market Correction
9430,4313,2018-12-17,16570000,Initial
9431,4313,2020-06-20,17270000,Adjustment
9432,4313,2021-12-24,18650000,Market Correction
9433,4313,2023-06-29,20430000,Promotion
9434,4314,2020-06-29,22600000,Initial
9435,4314,2021-12-30,24220000,Market Correction
9436,4314,2023-07-02,27090000,Promotion
9437,4315,2015-01-13,19830000,Initial
9438,4315,2016-09-10,21870000,Annual Raise
9439,4315,2018-05-10,23760000,Adjustment
9440,4315,2020-01-07,25440000,Promotion
9441,4315,2021-09-05,27490000,Market Correction
9442,4315,2023-05-05,30490000,Adjustment
9443,4316,2023-05-24,44390000,Initial
9444,4317,2024-11-18,40880000,Initial
9445,4318,2023-08-17,58790000,Initial
9446,4319,2018-05-26,39460000,Initial
9447,4319,2020-01-19,41280000,Annual Raise
9448,4319,2021-09-13,45240000,Annual Raise
9449,4319,2023-05-09,47770000,Promotion
9450,4320,2024-05-31,19810000,Initial
9451,4321,2017-06-22,15870000,Initial
9452,4321,2018-12-24,17710000,Adjustment
9453,4321,2020-06-26,19480000,Market Correction
9454,4321,2021-12-28,21740000,Market Correction
9455,4321,2023-07-01,23000000,Promotion
9456,4322,2022-03-27,36460000,Initial
9457,4323,2016-03-25,16540000,Initial
9458,4323,2017-12-25,18400000,Adjustment
9459,4323,2019-09-27,20030000,Annual Raise
9460,4323,2021-06-29,20930000,Promotion
9461,4323,2023-04-01,22540000,Annual Raise
9462,4324,2018-01-18,26760000,Initial
9463,4324,2019-10-15,28540000,Adjustment
9464,4324,2021-07-11,31070000,Adjustment
9465,4324,2023-04-07,34710000,Promotion
9466,4325,2015-03-25,19650000,Initial
9467,4326,2024-01-30,42800000,Initial
9468,4327,2022-01-14,13680000,Initial
9469,4328,2018-09-02,11420000,Initial
9470,4328,2020-04-02,12550000,Promotion
9471,4328,2021-11-01,14040000,Annual Raise
9472,4328,2023-06-02,15690000,Market Correction
9473,4329,2015-01-06,7830000,Initial
9474,4329,2016-09-05,8450000,Market Correction
9475,4329,2018-05-06,8930000,Adjustment
9476,4329,2020-01-04,9400000,Adjustment
9477,4329,2021-09-03,9980000,Promotion
9478,4329,2023-05-04,11090000,Annual Raise
9479,4330,2023-01-31,23850000,Initial
9480,4331,2021-07-29,34810000,Initial
9481,4331,2023-04-16,38980000,Promotion
9482,4332,2016-01-29,4570000,Initial
9483,4332,2017-11-11,5110000,Market Correction
9484,4332,2019-08-25,5570000,Promotion
9485,4332,2021-06-07,5850000,Market Correction
9486,4332,2023-03-21,6350000,Adjustment
9487,4333,2018-08-23,19480000,Initial
9488,4333,2020-10-09,21270000,Promotion
9489,4334,2020-12-21,16880000,Initial
9490,4334,2022-12-27,18680000,Adjustment
9491,4335,2022-09-26,8840000,Initial
9492,4336,2017-04-19,15170000,Initial
9493,4336,2018-11-02,16380000,Market Correction
9494,4336,2020-05-18,17500000,Market Correction
9495,4336,2021-12-02,19120000,Adjustment
9496,4336,2023-06-18,20570000,Adjustment
9497,4337,2016-02-25,32260000,Initial
9498,4337,2017-12-02,34170000,Market Correction
9499,4337,2019-09-10,37080000,Annual Raise
9500,4337,2021-06-17,39040000,Market Correction
9501,4337,2023-03-26,41420000,Annual Raise
9502,4338,2017-06-23,24770000,Initial
9503,4338,2018-12-24,27460000,Market Correction
9504,4338,2020-06-26,29590000,Adjustment
9505,4338,2021-12-28,32320000,Annual Raise
9506,4338,2023-07-01,34060000,Annual Raise
9507,4339,2017-11-16,19260000,Initial
9508,4339,2019-08-24,20630000,Annual Raise
9509,4339,2021-06-01,22440000,Market Correction
9510,4339,2023-03-09,24800000,Market Correction
9511,4340,2022-03-18,22870000,Initial
9512,4341,2018-10-27,13580000,Initial
9513,4341,2020-05-13,15080000,Adjustment
9514,4341,2021-11-29,16830000,Adjustment
9515,4341,2023-06-16,18090000,Annual Raise
9516,4342,2023-11-15,7970000,Initial
9517,4343,2015-06-30,20650000,Initial
9518,4343,2017-01-28,23040000,Promotion
9519,4343,2018-08-30,24020000,Adjustment
9520,4343,2020-03-31,26010000,Adjustment
9521,4343,2021-10-31,27590000,Annual Raise
9522,4343,2023-06-02,29840000,Adjustment
9523,4344,2024-06-11,19910000,Initial
9524,4345,2016-02-14,23230000,Initial
9525,4345,2017-11-16,25520000,Promotion
9526,4345,2019-08-20,27850000,Adjustment
9527,4345,2021-05-23,30370000,Promotion
9528,4346,2015-01-01,10750000,Initial
9529,4346,2016-08-31,11230000,Annual Raise
9530,4346,2018-05-02,12240000,Market Correction
9531,4346,2020-01-01,13220000,Adjustment
9532,4346,2021-09-01,14260000,Promotion
9533,4346,2023-05-03,15310000,Promotion
9534,4347,2021-03-28,10410000,Initial
9535,4347,2023-02-13,11480000,Adjustment
9536,4348,2022-06-26,45750000,Initial
9537,4349,2023-04-09,13890000,Initial
9538,4350,2016-06-27,25680000,Initial
9539,4350,2018-03-11,26930000,Market Correction
9540,4350,2019-11-23,30100000,Adjustment
9541,4350,2021-08-06,31570000,Market Correction
9542,4350,2023-04-20,34280000,Market Correction
9543,4351,2021-12-08,25430000,Initial
9544,4352,2019-02-10,18570000,Initial
9545,4352,2021-01-27,20280000,Market Correction
9546,4352,2023-01-14,22350000,Adjustment
9547,4353,2016-09-22,8650000,Initial
9548,4353,2018-05-19,9600000,Market Correction
9549,4353,2020-01-14,10320000,Adjustment
9550,4353,2021-09-09,11180000,Annual Raise
9551,4353,2023-05-07,11900000,Market Correction
9552,4354,2016-12-02,16860000,Initial
9553,4354,2018-07-15,18480000,Annual Raise
9554,4354,2020-02-25,20350000,Adjustment
9555,4354,2021-10-08,22660000,Adjustment
9556,4354,2023-05-21,23950000,Adjustment
9557,4355,2016-03-20,23050000,Initial
9558,4356,2016-03-20,16300000,Initial
9559,4356,2017-12-21,17980000,Adjustment
9560,4356,2019-09-24,19910000,Promotion
9561,4356,2021-06-27,21080000,Adjustment
9562,4356,2023-03-31,22950000,Promotion
9563,4357,2023-01-02,13900000,Initial
9564,4358,2020-01-30,57050000,Initial
9565,4358,2021-09-20,60250000,Market Correction
9566,4358,2023-05-12,65620000,Market Correction
9567,4359,2020-01-14,12050000,Initial
9568,4359,2021-09-09,13380000,Market Correction
9569,4359,2023-05-07,14580000,Annual Raise
9570,4360,2018-02-17,25470000,Initial
9571,4361,2017-03-14,22010000,Initial
9572,4361,2018-10-05,23760000,Adjustment
9573,4361,2020-04-27,26300000,Market Correction
9574,4361,2021-11-18,28220000,Promotion
9575,4361,2023-06-11,30000000,Promotion
9576,4362,2016-01-08,24400000,Initial
9577,4362,2017-10-25,26440000,Annual Raise
9578,4362,2019-08-12,27690000,Adjustment
9579,4362,2021-05-29,30940000,Annual Raise
9580,4362,2023-03-16,32750000,Market Correction
9581,4363,2015-08-09,11380000,Initial
9582,4363,2017-03-03,12290000,Market Correction
9583,4363,2018-09-26,13620000,Promotion
9584,4363,2020-04-20,15010000,Adjustment
9585,4363,2021-11-13,16020000,Annual Raise
9586,4363,2023-06-08,16910000,Adjustment
9587,4364,2021-04-13,25250000,Initial
9588,4364,2023-02-21,26810000,Promotion
9589,4365,2015-08-05,16590000,Initial
9590,4365,2017-02-27,17930000,Adjustment
9591,4365,2018-09-23,19820000,Market Correction
9592,4365,2020-04-18,21470000,Market Correction
9593,4365,2021-11-12,22380000,Annual Raise
9594,4365,2023-06-08,23340000,Annual Raise
9595,4366,2017-09-12,22160000,Initial
9596,4366,2019-07-11,24300000,Annual Raise
9597,4366,2021-05-08,26190000,Annual Raise
9598,4366,2023-03-06,27470000,Annual Raise
9599,4367,2017-09-16,26620000,Initial
9600,4367,2019-07-14,29200000,Adjustment
9601,4367,2021-05-10,31740000,Adjustment
9602,4367,2023-03-07,34840000,Market Correction
9603,4368,2017-11-29,35710000,Initial
9604,4368,2019-09-07,38100000,Market Correction
9605,4368,2021-06-16,41580000,Promotion
9606,4368,2023-03-25,44670000,Adjustment
9607,4369,2015-06-30,13180000,Initial
9608,4369,2017-01-28,14620000,Adjustment
9609,4369,2018-08-30,15730000,Promotion
9610,4369,2020-03-31,17140000,Annual Raise
9611,4369,2021-10-31,17900000,Adjustment
9612,4369,2023-06-02,20000000,Market Correction
9613,4370,2022-11-02,30470000,Initial
9614,4371,2015-10-20,21200000,Initial
9615,4371,2017-05-02,22800000,Promotion
9616,4371,2018-11-13,25480000,Promotion
9617,4371,2020-05-26,27780000,Adjustment
9618,4371,2021-12-07,30310000,Adjustment
9619,4371,2023-06-20,32130000,Market Correction
9620,4372,2020-03-02,38340000,Initial
9621,4372,2021-10-11,41390000,Adjustment
9622,4372,2023-05-23,44830000,Market Correction
9623,4373,2015-05-03,41320000,Initial
9624,4374,2024-09-04,38450000,Initial
9625,4375,2023-06-30,18320000,Initial
9626,4376,2022-09-18,19090000,Initial
9627,4377,2015-08-23,16650000,Initial
9628,4377,2017-03-14,17900000,Adjustment
9629,4377,2018-10-05,19270000,Annual Raise
9630,4377,2020-04-27,20170000,Promotion
9631,4377,2021-11-18,22090000,Adjustment
9632,4377,2023-06-11,23720000,Adjustment
9633,4378,2023-01-24,18510000,Initial
9634,4379,2023-11-30,15620000,Initial
9635,4380,2017-12-04,16270000,Initial
9636,4380,2019-09-11,18020000,Market Correction
9637,4380,2021-06-18,19260000,Adjustment
9638,4380,2023-03-26,21030000,Annual Raise
9639,4381,2018-03-22,34330000,Initial
9640,4381,2019-12-01,37960000,Market Correction
9641,4381,2021-08-11,40010000,Adjustment
9642,4381,2023-04-22,43320000,Adjustment
9643,4382,2020-08-15,26470000,Initial
9644,4382,2022-10-24,29400000,Market Correction
9645,4383,2015-06-15,11870000,Initial
9646,4383,2017-01-16,12970000,Promotion
9647,4383,2018-08-20,14440000,Adjustment
9648,4383,2020-03-24,15330000,Promotion
9649,4383,2021-10-26,17070000,Promotion
9650,4383,2023-05-30,18560000,Promotion
9651,4384,2015-01-12,16770000,Initial
9652,4384,2016-09-10,18360000,Adjustment
9653,4384,2018-05-10,19600000,Adjustment
9654,4384,2020-01-07,20950000,Adjustment
9655,4384,2021-09-05,22770000,Annual Raise
9656,4384,2023-05-05,24020000,Adjustment
9657,4385,2015-12-30,10720000,Initial
9658,4385,2017-06-30,11720000,Market Correction
9659,4385,2018-12-30,13020000,Adjustment
9660,4385,2020-07-01,14350000,Market Correction
9661,4385,2021-12-31,15770000,Adjustment
9662,4385,2023-07-02,16900000,Annual Raise
9663,4386,2019-07-18,34080000,Initial
9664,4386,2021-05-12,36820000,Market Correction
9665,4386,2023-03-08,40740000,Market Correction
9666,4387,2023-12-12,20990000,Initial
9667,4388,2019-02-08,15640000,Initial
9668,4388,2021-01-26,16450000,Annual Raise
9669,4388,2023-01-14,18320000,Promotion
9670,4389,2023-03-08,30580000,Initial
9671,4390,2019-07-24,13340000,Initial
9672,4390,2021-05-16,14130000,Adjustment
9673,4390,2023-03-10,14800000,Annual Raise
9674,4391,2021-12-06,27970000,Initial
9675,4391,2023-06-20,30980000,Promotion
9676,4392,2016-05-30,11330000,Initial
9677,4392,2018-02-27,12610000,Market Correction
9678,4393,2017-11-01,17170000,Initial
9679,4393,2019-08-17,18300000,Promotion
9680,4393,2021-06-02,19950000,Promotion
9681,4393,2023-03-18,22220000,Promotion
9682,4394,2017-12-07,12240000,Initial
9683,4394,2019-09-13,13380000,Adjustment
9684,4394,2021-06-20,14580000,Market Correction
9685,4394,2023-03-27,16190000,Annual Raise
9686,4395,2021-02-20,25720000,Initial
9687,4395,2023-01-26,28300000,Adjustment
9688,4396,2020-10-13,26720000,Initial
9689,4396,2022-11-22,28560000,Annual Raise
9690,4397,2019-06-26,16010000,Initial
9691,4397,2021-04-28,17540000,Market Correction
9692,4397,2023-03-01,18380000,Annual Raise
9693,4398,2022-10-24,23470000,Initial
9694,4399,2020-11-06,11080000,Initial
9695,4399,2022-12-04,12000000,Adjustment
9696,4400,2019-07-28,25080000,Initial
9697,4400,2021-05-19,26560000,Market Correction
9698,4400,2023-03-11,28100000,Market Correction
9699,4401,2023-06-26,15940000,Initial
9700,4402,2017-05-26,17070000,Initial
9701,4402,2019-01-21,18920000,Annual Raise
9702,4403,2024-03-21,18360000,Initial
9703,4404,2023-06-01,14630000,Initial
9704,4405,2017-02-03,21010000,Initial
9705,4405,2018-09-03,23290000,Adjustment
9706,4405,2020-04-03,26010000,Market Correction
9707,4405,2021-11-02,27110000,Market Correction
9708,4405,2023-06-03,28980000,Promotion
9709,4406,2018-10-24,27130000,Initial
9710,4406,2020-05-11,28280000,Adjustment
9711,4406,2021-11-27,31240000,Annual Raise
9712,4406,2023-06-15,34190000,Adjustment
9713,4407,2022-07-01,33790000,Initial
9714,4408,2024-09-05,17220000,Initial
9715,4409,2023-08-29,5160000,Initial
9716,4410,2024-04-24,31770000,Initial
9717,4411,2020-03-22,15890000,Initial
9718,4411,2021-10-25,17160000,Adjustment
9719,4411,2023-05-30,19160000,Adjustment
9720,4412,2015-06-03,19540000,Initial
9721,4412,2017-01-06,20380000,Annual Raise
9722,4412,2018-08-12,21450000,Promotion
9723,4412,2020-03-18,23570000,Market Correction
9724,4412,2021-10-22,25990000,Adjustment
9725,4412,2023-05-28,28530000,Adjustment
9726,4413,2017-09-05,27490000,Initial
9727,4413,2019-07-05,28710000,Market Correction
9728,4413,2021-05-04,30990000,Annual Raise
9729,4413,2023-03-04,32610000,Annual Raise
9730,4414,2017-03-06,12860000,Initial
9731,4414,2018-09-28,13460000,Market Correction
9732,4414,2020-04-22,14200000,Annual Raise
9733,4414,2021-11-14,15310000,Promotion
9734,4414,2023-06-09,16020000,Market Correction
9735,4415,2019-06-05,27490000,Initial
9736,4415,2021-04-14,29210000,Annual Raise
9737,4415,2023-02-22,31050000,Annual Raise
9738,4416,2016-01-23,28590000,Initial
9739,4416,2017-11-06,30060000,Annual Raise
9740,4416,2019-08-21,33230000,Market Correction
9741,4416,2021-06-04,36930000,Adjustment
9742,4416,2023-03-19,39380000,Annual Raise
9743,4417,2021-02-07,30260000,Initial
9744,4418,2020-07-10,24800000,Initial
9745,4418,2022-10-06,25960000,Annual Raise
9746,4419,2015-06-10,5210000,Initial
9747,4419,2017-01-12,5760000,Annual Raise
9748,4419,2018-08-17,6180000,Market Correction
9749,4419,2020-03-21,6620000,Annual Raise
9750,4419,2021-10-24,7150000,Market Correction
9751,4419,2023-05-29,7860000,Market Correction
9752,4420,2023-05-31,19070000,Initial
9753,4421,2019-05-14,38900000,Initial
9754,4421,2021-01-05,42780000,Adjustment
9755,4422,2015-02-13,11590000,Initial
9756,4422,2016-10-06,12830000,Annual Raise
9757,4422,2018-05-31,14320000,Market Correction
9758,4422,2020-01-23,15860000,Market Correction
9759,4422,2021-09-15,16820000,Promotion
9760,4422,2023-05-10,17610000,Adjustment
9761,4423,2021-07-28,57350000,Initial
9762,4424,2017-09-28,16780000,Initial
9763,4424,2019-07-23,17600000,Adjustment
9764,4424,2021-05-16,18930000,Annual Raise
9765,4424,2023-03-10,21090000,Market Correction
9766,4425,2017-12-16,39570000,Initial
9767,4425,2019-09-20,43470000,Promotion
9768,4425,2021-06-24,48110000,Annual Raise
9769,4425,2023-03-29,53140000,Adjustment
9770,4426,2015-01-13,14900000,Initial
9771,4426,2016-09-10,15590000,Promotion
9772,4426,2018-05-10,16320000,Market Correction
9773,4426,2020-01-07,17030000,Market Correction
9774,4426,2021-09-05,18290000,Market Correction
9775,4426,2023-05-05,19190000,Promotion
9776,4427,2021-11-02,29170000,Initial
9777,4427,2023-06-03,31690000,Adjustment
9778,4428,2018-06-28,49170000,Initial
9779,4428,2020-02-12,51430000,Promotion
9780,4428,2021-09-29,54020000,Market Correction
9781,4428,2023-05-17,59570000,Market Correction
9782,4429,2016-03-21,45480000,Initial
9783,4429,2017-12-22,48100000,Promotion
9784,4429,2019-09-25,51450000,Adjustment
9785,4429,2021-06-27,55830000,Adjustment
9786,4429,2023-03-31,62140000,Market Correction
9787,4430,2018-11-05,31730000,Initial
9788,4430,2020-05-20,34820000,Annual Raise
9789,4430,2021-12-03,38790000,Market Correction
9790,4430,2023-06-18,40740000,Annual Raise
9791,4431,2017-03-08,13040000,Initial
9792,4431,2018-09-30,14530000,Market Correction
9793,4431,2020-04-23,15620000,Promotion
9794,4431,2021-11-15,16780000,Promotion
9795,4431,2023-06-09,18160000,Promotion
9796,4432,2021-10-20,27110000,Initial
9797,4432,2023-05-27,28860000,Adjustment
9798,4433,2018-01-31,13890000,Initial
9799,4433,2019-10-24,14580000,Annual Raise
9800,4433,2021-07-17,15340000,Promotion
9801,4433,2023-04-10,16800000,Promotion
9802,4434,2015-05-30,12140000,Initial
9803,4434,2017-01-03,13290000,Adjustment
9804,4434,2018-08-10,14140000,Annual Raise
9805,4434,2020-03-16,15600000,Promotion
9806,4434,2021-10-21,16900000,Annual Raise
9807,4434,2023-05-28,18890000,Annual Raise
9808,4435,2023-05-19,14550000,Initial
9809,4436,2017-08-31,14740000,Initial
9810,4436,2019-07-02,16280000,Adjustment
9811,4436,2021-05-02,17100000,Promotion
9812,4436,2023-03-03,18150000,Annual Raise
9813,4437,2020-10-28,29940000,Initial
9814,4437,2022-11-30,31290000,Market Correction
9815,4438,2023-10-02,53730000,Initial
9816,4439,2020-10-31,6260000,Initial
9817,4439,2022-12-01,6560000,Adjustment
9818,4440,2024-03-05,21010000,Initial
9819,4441,2015-10-25,30990000,Initial
9820,4441,2017-05-06,33410000,Promotion
9821,4441,2018-11-16,35860000,Market Correction
9822,4441,2020-05-29,38900000,Adjustment
9823,4441,2021-12-09,42300000,Promotion
9824,4441,2023-06-21,44790000,Market Correction
9825,4442,2023-08-11,20730000,Initial
9826,4443,2020-09-16,41320000,Initial
9827,4443,2022-11-09,44540000,Market Correction
9828,4444,2022-01-09,5360000,Initial
9829,4445,2021-12-19,17230000,Initial
9830,4445,2023-06-26,18340000,Promotion
9831,4446,2023-05-29,16700000,Initial
9832,4447,2023-11-26,11840000,Initial
9833,4448,2018-05-07,41020000,Initial
9834,4448,2020-01-04,43480000,Adjustment
9835,4448,2021-09-03,47630000,Market Correction
9836,4448,2023-05-04,51830000,Market Correction
9837,4449,2019-07-27,32220000,Initial
9838,4450,2015-08-07,17710000,Initial
9839,4450,2017-02-22,19500000,Market Correction
9840,4450,2018-09-11,20330000,Annual Raise
9841,4451,2021-10-16,13400000,Initial
9842,4451,2023-05-25,14810000,Adjustment
9843,4452,2024-01-04,13540000,Initial
9844,4453,2017-11-11,25920000,Initial
9845,4453,2019-08-25,28410000,Annual Raise
9846,4453,2021-06-07,29990000,Promotion
9847,4453,2023-03-21,32970000,Annual Raise
9848,4454,2023-08-07,16070000,Initial
9849,4455,2024-04-23,26520000,Initial
9850,4456,2016-01-03,23670000,Initial
9851,4456,2017-10-21,25890000,Annual Raise
9852,4456,2019-08-09,28500000,Market Correction
9853,4456,2021-05-27,31720000,Promotion
9854,4456,2023-03-15,33160000,Adjustment
9855,4457,2021-06-30,28190000,Initial
9856,4457,2023-04-01,30850000,Market Correction
9857,4458,2021-05-04,16050000,Initial
9858,4459,2016-12-18,29290000,Initial
9859,4459,2018-07-28,32220000,Adjustment
9860,4459,2020-03-06,34870000,Promotion
9861,4459,2021-10-14,36270000,Market Correction
9862,4459,2023-05-24,39690000,Annual Raise
9863,4460,2018-04-20,31550000,Initial
9864,4460,2019-12-23,33980000,Promotion
9865,4460,2021-08-26,36040000,Adjustment
9866,4460,2023-04-30,37760000,Promotion
9867,4461,2019-07-29,18690000,Initial
9868,4461,2021-05-20,20140000,Market Correction
9869,4461,2023-03-12,22210000,Promotion
9870,4462,2016-09-26,8250000,Initial
9871,4462,2018-05-22,8980000,Market Correction
9872,4462,2020-01-16,9580000,Adjustment
9873,4462,2021-09-11,10710000,Annual Raise
9874,4462,2023-05-08,11920000,Promotion
9875,4463,2015-05-06,14440000,Initial
9876,4463,2016-12-14,15900000,Market Correction
9877,4463,2018-07-25,16610000,Market Correction
9878,4463,2020-03-04,17470000,Annual Raise
9879,4463,2021-10-13,19490000,Annual Raise
9880,4463,2023-05-24,21000000,Promotion
9881,4464,2021-04-19,26630000,Initial
9882,4464,2023-02-24,28890000,Promotion
9883,4465,2018-08-27,15500000,Initial
9884,4465,2020-03-28,16640000,Promotion
9885,4465,2021-10-29,17450000,Promotion
9886,4465,2023-06-01,18210000,Annual Raise
9887,4466,2020-10-31,19120000,Initial
9888,4466,2022-12-01,19950000,Adjustment
9889,4467,2024-04-14,40190000,Initial
9890,4468,2016-08-06,16210000,Initial
9891,4468,2018-04-12,16920000,Promotion
9892,4468,2019-12-17,17900000,Adjustment
9893,4468,2021-08-22,19070000,Promotion
9894,4468,2023-04-28,20490000,Market Correction
9895,4469,2015-05-03,36290000,Initial
9896,4469,2016-12-11,39580000,Annual Raise
9897,4469,2018-07-23,41990000,Annual Raise
9898,4469,2020-03-02,46530000,Market Correction
9899,4469,2021-10-12,50130000,Promotion
9900,4469,2023-05-23,55610000,Adjustment
9901,4470,2021-02-08,11030000,Initial
9902,4470,2023-01-20,11760000,Adjustment
9903,4471,2023-10-15,25100000,Initial
9904,4472,2022-01-25,12530000,Initial
9905,4473,2024-01-26,19440000,Initial
9906,4474,2023-08-06,29440000,Initial
9907,4475,2017-10-28,10250000,Initial
9908,4475,2019-08-14,11280000,Market Correction
9909,4475,2021-05-31,12520000,Adjustment
9910,4475,2023-03-17,13750000,Market Correction
9911,4476,2017-09-12,33050000,Initial
9912,4476,2019-07-11,36600000,Adjustment
9913,4476,2021-05-08,38980000,Adjustment
9914,4476,2023-03-06,41900000,Market Correction
9915,4477,2022-01-08,30850000,Initial
9916,4478,2020-05-13,16620000,Initial
9917,4478,2021-11-28,17300000,Adjustment
9918,4478,2023-06-16,18880000,Promotion
9919,4479,2021-09-25,18960000,Initial
9920,4479,2023-05-15,20920000,Promotion
9921,4480,2016-04-23,24640000,Initial
9922,4480,2018-01-18,26750000,Adjustment
9923,4480,2019-10-15,29160000,Adjustment
9924,4480,2021-07-11,31800000,Adjustment
9925,4480,2023-04-07,33450000,Adjustment
9926,4481,2015-11-29,17030000,Initial
9927,4481,2017-06-04,18070000,Annual Raise
9928,4481,2018-12-10,18850000,Annual Raise
9929,4481,2020-06-15,19920000,Annual Raise
9930,4481,2021-12-21,22150000,Adjustment
9931,4481,2023-06-27,24120000,Annual Raise
9932,4482,2015-07-16,9050000,Initial
9933,4482,2017-02-11,9890000,Promotion
9934,4482,2018-09-10,11020000,Market Correction
9935,4482,2020-04-08,12330000,Market Correction
9936,4482,2021-11-05,13750000,Promotion
9937,4482,2023-06-04,15300000,Annual Raise
9938,4483,2015-11-25,16340000,Initial
9939,4483,2017-06-01,17960000,Adjustment
9940,4483,2018-12-07,19630000,Promotion
9941,4483,2020-06-13,20450000,Annual Raise
9942,4483,2021-12-19,21510000,Promotion
9943,4483,2023-06-26,23760000,Annual Raise
9944,4484,2015-08-11,41360000,Initial
9945,4484,2017-03-04,44460000,Promotion
9946,4484,2018-09-27,46280000,Market Correction
9947,4484,2020-04-21,48600000,Market Correction
9948,4484,2021-11-14,54020000,Adjustment
9949,4484,2023-06-09,58360000,Annual Raise
9950,4485,2024-10-11,15580000,Initial
9951,4486,2015-07-26,14140000,Initial
9952,4486,2017-02-19,15180000,Adjustment
9953,4486,2018-09-17,16150000,Market Correction
9954,4486,2020-04-13,17570000,Annual Raise
9955,4486,2021-11-09,19410000,Adjustment
9956,4486,2023-06-06,20790000,Market Correction
9957,4487,2015-03-10,23360000,Initial
9958,4487,2016-10-27,25610000,Promotion
9959,4487,2018-06-17,26980000,Promotion
9960,4487,2020-02-04,28220000,Annual Raise
9961,4487,2021-09-24,30570000,Annual Raise
9962,4487,2023-05-14,32450000,Adjustment
9963,4488,2019-05-20,20580000,Initial
9964,4488,2021-08-18,22530000,Promotion
9965,4489,2023-07-23,13780000,Initial
9966,4490,2018-11-12,64480000,Initial
9967,4491,2019-04-24,12770000,Initial
9968,4491,2021-03-17,13350000,Promotion
9969,4491,2023-02-08,14390000,Promotion
9970,4492,2023-08-17,28460000,Initial
9971,4493,2015-10-03,18910000,Initial
9972,4493,2017-04-18,20850000,Adjustment
9973,4493,2018-11-02,22210000,Adjustment
9974,4493,2020-05-18,24210000,Annual Raise
9975,4493,2021-12-02,25680000,Annual Raise
9976,4493,2023-06-18,28120000,Annual Raise
9977,4494,2016-01-01,13270000,Initial
9978,4494,2017-07-02,14810000,Promotion
9979,4494,2019-01-01,15520000,Market Correction
9980,4494,2020-07-02,16840000,Promotion
9981,4494,2022-01-01,18150000,Promotion
9982,4494,2023-07-03,18930000,Market Correction
9983,4495,2017-04-09,12920000,Initial
9984,4495,2018-10-25,13440000,Annual Raise
9985,4495,2020-05-12,14780000,Promotion
9986,4495,2021-11-28,16020000,Annual Raise
9987,4495,2023-06-16,17750000,Market Correction
9988,4496,2020-03-16,86470000,Initial
9989,4497,2015-01-02,79060000,Initial
9990,4497,2016-09-01,84160000,Market Correction
9991,4497,2018-05-03,91500000,Adjustment
9992,4497,2020-01-02,98960000,Market Correction
9993,4497,2021-09-01,106340000,Market Correction
9994,4497,2023-05-03,110980000,Annual Raise
9995,4498,2024-04-02,46710000,Initial
9996,4499,2020-07-23,31680000,Initial
9997,4499,2022-10-12,34820000,Annual Raise
9998,4500,2017-06-12,29470000,Initial
9999,4500,2018-12-16,31930000,Market Correction
10000,4500,2020-06-20,35310000,Market Correction
10001,4500,2021-12-24,36980000,Market Correction
10002,4500,2023-06-29,39820000,Annual Raise
10003,4501,2017-12-19,12160000,Initial
10004,4501,2019-09-22,13150000,Promotion
10005,4501,2021-06-26,13920000,Market Correction
10006,4501,2023-03-30,15340000,Market Correction
10007,4502,2015-07-15,16930000,Initial
10008,4502,2017-02-10,17680000,Promotion
10009,4502,2018-09-09,18400000,Adjustment
10010,4502,2020-04-08,19980000,Annual Raise
10011,4502,2021-11-05,22160000,Market Correction
10012,4502,2023-06-04,23540000,Market Correction
10013,4503,2024-03-02,9780000,Initial
10014,4504,2020-01-25,24710000,Initial
10015,4504,2021-09-17,27110000,Market Correction
10016,4504,2023-05-11,28450000,Annual Raise
10017,4505,2020-04-10,33940000,Initial
10018,4505,2021-11-06,35600000,Market Correction
10019,4505,2023-06-05,39390000,Promotion
10020,4506,2022-06-26,28770000,Initial
10021,4507,2022-03-02,29150000,Initial
10022,4508,2016-02-24,29990000,Initial
10023,4508,2017-12-01,32690000,Annual Raise
10024,4508,2019-09-09,35130000,Market Correction
10025,4508,2021-06-17,37250000,Promotion
10026,4508,2023-03-26,39690000,Annual Raise
10027,4509,2016-12-03,15680000,Initial
10028,4509,2018-07-16,16370000,Adjustment
10029,4509,2020-02-26,17160000,Market Correction
10030,4509,2021-10-08,17940000,Annual Raise
10031,4509,2023-05-21,18820000,Adjustment
10032,4510,2023-10-18,33530000,Initial
10033,4511,2024-09-19,15490000,Initial
10034,4512,2024-07-05,26130000,Initial
10035,4513,2019-07-31,30390000,Initial
10036,4514,2020-07-11,18650000,Initial
10037,4514,2022-10-06,19670000,Annual Raise
10038,4515,2019-07-08,39960000,Initial
10039,4515,2021-05-06,44420000,Market Correction
10040,4515,2023-03-05,46410000,Promotion
10041,4516,2019-07-08,9160000,Initial
10042,4516,2021-05-06,10220000,Annual Raise
10043,4516,2023-03-05,11070000,Promotion
10044,4517,2020-10-23,38440000,Initial
10045,4517,2022-11-27,42110000,Promotion
10046,4518,2019-02-04,41210000,Initial
10047,4518,2021-01-23,43910000,Market Correction
10048,4518,2023-01-12,46390000,Adjustment
10049,4519,2022-05-22,29450000,Initial
10050,4520,2018-09-05,32730000,Initial
10051,4520,2020-04-04,35790000,Adjustment
10052,4520,2021-11-03,39370000,Market Correction
10053,4520,2023-06-03,43770000,Adjustment
10054,4521,2015-03-02,18230000,Initial
10055,4521,2016-10-20,19710000,Market Correction
10056,4521,2018-06-11,21920000,Market Correction
10057,4521,2020-01-31,24510000,Adjustment
10058,4521,2021-09-21,27410000,Annual Raise
10059,4521,2023-05-13,30120000,Annual Raise
10060,4522,2022-09-13,15960000,Initial
10061,4523,2020-11-11,21390000,Initial
10062,4523,2022-12-07,22890000,Market Correction
10063,4524,2018-09-02,11930000,Initial
10064,4524,2020-04-02,12830000,Annual Raise
10065,4524,2021-11-01,14010000,Adjustment
10066,4524,2023-06-02,15010000,Promotion
10067,4525,2021-04-02,47040000,Initial
10068,4525,2023-02-16,50520000,Annual Raise
10069,4526,2021-12-28,26350000,Initial
10070,4526,2023-07-01,27840000,Market Correction
10071,4527,2016-10-10,12510000,Initial
10072,4528,2022-06-05,31280000,Initial
10073,4529,2020-09-09,50710000,Initial
10074,4529,2022-11-05,54400000,Adjustment
10075,4530,2024-06-27,38230000,Initial
10076,4531,2022-04-05,5490000,Initial
10077,4532,2024-02-01,15800000,Initial
10078,4533,2016-01-11,11110000,Initial
10079,4533,2017-10-27,12260000,Annual Raise
10080,4533,2019-08-14,13140000,Market Correction
10081,4533,2021-05-30,14130000,Annual Raise
10082,4533,2023-03-17,15460000,Promotion
10083,4534,2020-01-08,36400000,Initial
10084,4534,2021-09-05,39290000,Adjustment
10085,4534,2023-05-05,42470000,Promotion
10086,4535,2015-04-18,13860000,Initial
10087,4535,2016-11-29,15170000,Adjustment
10088,4535,2018-07-13,15940000,Annual Raise
10089,4535,2020-02-24,17480000,Market Correction
10090,4535,2021-10-07,19340000,Annual Raise
10091,4535,2023-05-21,21630000,Annual Raise
10092,4536,2021-11-20,19490000,Initial
10093,4537,2021-11-05,17520000,Initial
10094,4537,2023-06-04,19430000,Annual Raise
10095,4538,2020-09-02,27540000,Initial
10096,4538,2022-11-02,29680000,Adjustment
10097,4539,2018-08-04,15570000,Initial
10098,4539,2020-03-11,17160000,Annual Raise
10099,4539,2021-10-18,18840000,Promotion
10100,4539,2023-05-26,20120000,Market Correction
10101,4540,2023-11-13,6120000,Initial
10102,4541,2019-06-21,13290000,Initial
10103,4541,2021-04-24,14220000,Promotion
10104,4541,2023-02-27,15610000,Market Correction
10105,4542,2019-02-19,16000000,Initial
10106,4543,2023-06-22,19390000,Initial
10107,4544,2022-09-09,25700000,Initial
10108,4545,2016-11-18,10470000,Initial
10109,4545,2018-07-04,11680000,Market Correction
10110,4545,2020-02-17,12370000,Annual Raise
10111,4545,2021-10-02,13490000,Market Correction
10112,4545,2023-05-18,14820000,Adjustment
10113,4546,2024-07-23,13990000,Initial
10114,4547,2020-03-01,16320000,Initial
10115,4547,2021-10-11,17780000,Promotion
10116,4547,2023-05-23,19590000,Annual Raise
10117,4548,2017-01-30,23050000,Initial
10118,4548,2018-08-31,24420000,Adjustment
10119,4548,2020-04-01,25640000,Promotion
10120,4548,2021-10-31,27800000,Annual Raise
10121,4548,2023-06-02,30410000,Promotion
10122,4549,2023-11-08,19550000,Initial
10123,4550,2021-02-15,17920000,Initial
10124,4550,2023-01-24,19150000,Market Correction
10125,4551,2019-07-17,27430000,Initial
10126,4551,2021-05-12,30410000,Promotion
10127,4551,2023-03-08,32740000,Adjustment
10128,4552,2017-02-03,34190000,Initial
10129,4552,2018-09-03,35680000,Promotion
10130,4552,2020-04-03,39200000,Market Correction
10131,4552,2021-11-02,42190000,Annual Raise
10132,4552,2023-06-03,46010000,Promotion
10133,4553,2016-12-29,16960000,Initial
10134,4553,2018-08-06,17960000,Promotion
10135,4553,2020-03-13,19080000,Annual Raise
10136,4553,2021-10-19,21050000,Market Correction
10137,4553,2023-05-27,23240000,Annual Raise
10138,4554,2019-07-12,33950000,Initial
10139,4554,2021-05-08,36610000,Market Correction
10140,4554,2023-03-06,40670000,Adjustment
10141,4555,2018-11-07,17010000,Initial
10142,4555,2020-05-21,18070000,Adjustment
10143,4555,2021-12-04,19330000,Annual Raise
10144,4555,2023-06-19,20220000,Promotion
10145,4556,2024-08-25,18210000,Initial
10146,4557,2019-02-21,15910000,Initial
10147,4557,2021-02-03,17530000,Promotion
10148,4557,2023-01-18,18950000,Promotion
10149,4558,2019-05-02,28570000,Initial
10150,4558,2021-03-22,31310000,Adjustment
10151,4558,2023-02-10,34790000,Promotion
10152,4559,2023-06-24,24450000,Initial
10153,4560,2017-07-07,32000000,Initial
10154,4560,2019-06-24,35480000,Adjustment
10155,4561,2024-05-02,39650000,Initial
10156,4562,2017-03-26,8130000,Initial
10157,4562,2018-10-14,8980000,Promotion
10158,4562,2020-05-04,9740000,Annual Raise
10159,4562,2021-11-22,10500000,Annual Raise
10160,4562,2023-06-13,11290000,Market Correction
10161,4563,2018-01-07,14180000,Initial
10162,4563,2019-10-06,14780000,Adjustment
10163,4563,2021-07-05,15980000,Market Correction
10164,4563,2023-04-04,17580000,Promotion
10165,4564,2019-06-04,25560000,Initial
10166,4564,2021-04-13,28320000,Adjustment
10167,4564,2023-02-21,30030000,Annual Raise
10168,4565,2018-08-31,40920000,Initial
10169,4565,2020-03-31,43390000,Market Correction
10170,4565,2021-10-31,48210000,Adjustment
10171,4565,2023-06-02,53590000,Adjustment
10172,4566,2019-02-08,26170000,Initial
10173,4566,2021-01-26,27860000,Adjustment
10174,4566,2023-01-14,30990000,Market Correction
10175,4567,2023-03-01,19040000,Initial
10176,4568,2020-01-07,28680000,Initial
10177,4568,2021-09-05,30470000,Promotion
10178,4568,2023-05-05,32720000,Adjustment
10179,4569,2024-06-29,27960000,Initial
10180,4570,2023-08-19,26310000,Initial
10181,4571,2020-02-14,14160000,Initial
10182,4571,2021-09-30,14980000,Annual Raise
10183,4571,2023-05-17,16220000,Annual Raise
10184,4572,2022-10-22,10790000,Initial
10185,4573,2023-07-01,24050000,Initial
10186,4574,2024-06-21,20390000,Initial
10187,4575,2019-07-06,44440000,Initial
10188,4575,2021-05-04,46280000,Promotion
10189,4575,2023-03-04,48620000,Annual Raise
10190,4576,2019-09-01,31230000,Initial
10191,4577,2021-01-16,10710000,Initial
10192,4577,2023-01-09,11800000,Adjustment
10193,4578,2020-07-11,19010000,Initial
10194,4578,2022-10-06,20750000,Annual Raise
10195,4579,2021-01-26,38120000,Initial
10196,4579,2023-01-14,41190000,Annual Raise
10197,4580,2023-12-07,8230000,Initial
10198,4581,2016-12-29,36720000,Initial
10199,4581,2018-08-06,39340000,Promotion
10200,4581,2020-03-13,42220000,Promotion
10201,4581,2021-10-19,45950000,Promotion
10202,4581,2023-05-27,50180000,Annual Raise
10203,4582,2015-12-06,17210000,Initial
10204,4582,2017-06-10,18010000,Adjustment
10205,4582,2018-12-14,19540000,Adjustment
10206,4582,2020-06-19,20850000,Market Correction
10207,4582,2021-12-23,22650000,Annual Raise
10208,4582,2023-06-28,25080000,Promotion
10209,4583,2016-07-11,19860000,Initial
10210,4583,2018-03-22,21890000,Adjustment
10211,4583,2019-12-01,22920000,Market Correction
10212,4583,2021-08-11,24900000,Annual Raise
10213,4583,2023-04-22,26940000,Market Correction
10214,4584,2016-09-30,16830000,Initial
10215,4584,2018-05-26,18670000,Market Correction
10216,4584,2020-01-19,19550000,Annual Raise
10217,4584,2021-09-13,21860000,Market Correction
10218,4584,2023-05-09,22850000,Annual Raise
10219,4585,2015-10-25,37210000,Initial
10220,4585,2017-05-06,38870000,Promotion
10221,4585,2018-11-16,42250000,Annual Raise
10222,4585,2020-05-29,46810000,Adjustment
10223,4585,2021-12-09,51890000,Market Correction
10224,4585,2023-06-21,56210000,Market Correction
10225,4586,2023-12-18,32710000,Initial
10226,4587,2018-10-24,11470000,Initial
10227,4587,2020-05-11,12490000,Annual Raise
10228,4587,2021-11-27,13830000,Adjustment
10229,4587,2023-06-15,15400000,Annual Raise
10230,4588,2021-03-25,41490000,Initial
10231,4588,2023-02-12,43400000,Promotion
10232,4589,2018-03-10,3790000,Initial
10233,4589,2019-11-22,4100000,Adjustment
10234,4589,2021-08-05,4550000,Market Correction
10235,4589,2023-04-19,4740000,Annual Raise
10236,4590,2021-07-30,31930000,Initial
10237,4590,2023-04-16,35220000,Adjustment
10238,4591,2024-07-15,9930000,Initial
10239,4592,2023-01-25,28150000,Initial
10240,4593,2016-06-15,24970000,Initial
10241,4593,2018-03-01,26790000,Annual Raise
10242,4593,2019-11-15,28220000,Market Correction
10243,4593,2021-08-01,31530000,Adjustment
10244,4593,2023-04-17,32940000,Promotion
10245,4594,2019-02-19,12440000,Initial
10246,4594,2021-02-02,13490000,Adjustment
10247,4594,2023-01-17,14320000,Promotion
10248,4595,2022-12-08,64820000,Initial
10249,4596,2024-05-18,19560000,Initial
10250,4597,2022-01-11,19310000,Initial
10251,4598,2016-01-04,24390000,Initial
10252,4598,2017-10-22,26290000,Promotion
10253,4598,2019-08-10,27640000,Market Correction
10254,4598,2021-05-28,30060000,Market Correction
10255,4598,2023-03-16,31840000,Adjustment
10256,4599,2017-04-15,8210000,Initial
10257,4599,2018-10-30,9090000,Annual Raise
10258,4599,2020-05-16,9890000,Market Correction
10259,4599,2021-11-30,10920000,Market Correction
10260,4599,2023-06-17,12030000,Market Correction
10261,4600,2023-08-08,19920000,Initial
10262,4601,2016-12-25,16740000,Initial
10263,4601,2018-08-02,17910000,Market Correction
10264,4601,2020-03-10,19470000,Market Correction
10265,4601,2021-10-17,21260000,Annual Raise
10266,4601,2023-05-26,22380000,Annual Raise
10267,4602,2017-12-02,25670000,Initial
10268,4602,2019-09-09,28300000,Market Correction
10269,4602,2021-06-17,30440000,Adjustment
10270,4602,2023-03-26,32960000,Promotion
10271,4603,2020-06-04,11760000,Initial
10272,4603,2021-12-13,13120000,Adjustment
10273,4603,2023-06-23,14630000,Adjustment
10274,4604,2018-08-25,20110000,Initial
10275,4605,2019-04-16,29730000,Initial
10276,4605,2021-03-11,31790000,Market Correction
10277,4605,2023-02-05,35010000,Promotion
10278,4606,2019-05-27,15360000,Initial
10279,4606,2021-03-10,16050000,Annual Raise
10280,4606,2022-12-23,17320000,Market Correction
10281,4607,2022-03-28,26770000,Initial
10282,4608,2017-03-23,11010000,Initial
10283,4608,2018-10-12,12000000,Promotion
10284,4608,2020-05-02,12960000,Annual Raise
10285,4608,2021-11-21,13730000,Promotion
10286,4608,2023-06-12,14440000,Promotion
10287,4609,2024-05-24,6160000,Initial
10288,4610,2021-06-19,31000000,Initial
10289,4610,2023-03-27,34050000,Promotion
10290,4611,2024-11-19,28560000,Initial
10291,4612,2022-05-16,18780000,Initial
10292,4613,2021-03-15,18090000,Initial
10293,4613,2023-02-07,19040000,Adjustment
10294,4614,2022-04-29,22160000,Initial
10295,4615,2018-08-04,12600000,Initial
10296,4615,2020-03-11,13530000,Market Correction
10297,4615,2021-10-18,14330000,Market Correction
10298,4615,2023-05-26,15490000,Adjustment
10299,4616,2020-06-26,59340000,Initial
10300,4616,2021-12-28,64550000,Market Correction
10301,4616,2023-07-01,70990000,Adjustment
10302,4617,2017-06-15,22010000,Initial
10303,4617,2019-02-01,22930000,Adjustment
10304,4617,2020-09-20,24020000,Annual Raise
10305,4618,2021-05-27,26130000,Initial
10306,4618,2023-03-15,28450000,Annual Raise
10307,4619,2021-11-08,37090000,Initial
10308,4619,2023-06-06,41030000,Adjustment
10309,4620,2021-10-08,21800000,Initial
10310,4620,2023-05-21,23780000,Adjustment
10311,4621,2021-05-27,24870000,Initial
10312,4622,2022-06-23,22370000,Initial
10313,4623,2023-01-23,47460000,Initial
10314,4624,2016-07-20,22450000,Initial
10315,4624,2018-03-29,24410000,Annual Raise
10316,4624,2019-12-06,26900000,Adjustment
10317,4624,2021-08-15,29130000,Market Correction
10318,4624,2023-04-24,31880000,Promotion
10319,4625,2016-06-19,15550000,Initial
10320,4625,2018-01-29,16490000,Annual Raise
10321,4625,2019-09-10,17810000,Annual Raise
10322,4625,2021-04-21,18860000,Adjustment
10323,4625,2022-12-01,20820000,Market Correction
10324,4626,2019-06-15,14490000,Initial
10325,4626,2021-04-20,15560000,Annual Raise
10326,4626,2023-02-25,17240000,Adjustment
10327,4627,2016-12-10,23220000,Initial
10328,4628,2021-10-20,23660000,Initial
10329,4628,2023-05-27,26490000,Adjustment
10330,4629,2018-12-01,9370000,Initial
10331,4629,2020-06-08,9990000,Promotion
10332,4629,2021-12-16,10990000,Market Correction
10333,4629,2023-06-25,11880000,Annual Raise
10334,4630,2022-06-26,19800000,Initial
10335,4631,2015-09-07,17510000,Initial
10336,4631,2017-03-27,19280000,Market Correction
10337,4631,2018-10-15,20710000,Adjustment
10338,4631,2020-05-05,21690000,Adjustment
10339,4631,2021-11-23,22840000,Market Correction
10340,4631,2023-06-13,24050000,Market Correction
10341,4632,2018-05-22,44790000,Initial
10342,4632,2020-01-01,48120000,Annual Raise
10343,4632,2021-08-12,50120000,Annual Raise
10344,4633,2016-03-24,16520000,Initial
10345,4633,2017-12-25,18130000,Annual Raise
10346,4633,2019-09-27,19430000,Annual Raise
10347,4633,2021-06-29,21530000,Market Correction
10348,4633,2023-04-01,22570000,Market Correction
10349,4634,2017-05-10,32710000,Initial
10350,4634,2018-11-19,35010000,Market Correction
10351,4634,2020-05-31,38380000,Adjustment
10352,4634,2021-12-10,41870000,Market Correction
10353,4634,2023-06-22,45740000,Adjustment
10354,4635,2015-04-04,40850000,Initial
10355,4635,2016-11-17,43700000,Adjustment
10356,4635,2018-07-03,48530000,Adjustment
10357,4635,2020-02-17,51330000,Market Correction
10358,4635,2021-10-02,54870000,Adjustment
10359,4635,2023-05-18,57720000,Market Correction
10360,4636,2022-06-12,17700000,Initial
10361,4637,2015-08-21,8320000,Initial
10362,4637,2017-03-13,9210000,Promotion
10363,4637,2018-10-04,9650000,Market Correction
10364,4637,2020-04-26,10060000,Promotion
10365,4637,2021-11-17,11150000,Promotion
10366,4637,2023-06-10,11920000,Market Correction
10367,4638,2020-04-09,19190000,Initial
10368,4638,2022-06-11,20720000,Promotion
10369,4639,2016-08-17,14080000,Initial
10370,4639,2018-04-20,15130000,Adjustment
10371,4639,2019-12-23,16740000,Adjustment
10372,4639,2021-08-26,17570000,Adjustment
10373,4639,2023-04-30,18570000,Annual Raise
10374,4640,2016-04-18,13950000,Initial
10375,4640,2018-01-14,15590000,Promotion
10376,4640,2019-10-12,16630000,Annual Raise
10377,4640,2021-07-09,18150000,Adjustment
10378,4640,2023-04-06,19990000,Market Correction
10379,4641,2019-08-07,30630000,Initial
10380,4641,2021-05-26,32530000,Adjustment
10381,4641,2023-03-15,36000000,Market Correction
10382,4642,2021-10-17,37210000,Initial
10383,4642,2023-05-26,38860000,Annual Raise
10384,4643,2019-04-17,55710000,Initial
10385,4643,2021-03-12,59860000,Market Correction
10386,4643,2023-02-05,65090000,Market Correction
10387,4644,2016-05-10,20210000,Initial
10388,4644,2018-01-31,21100000,Promotion
10389,4644,2019-10-25,22600000,Market Correction
10390,4644,2021-07-17,25040000,Annual Raise
10391,4644,2023-04-10,27400000,Promotion
10392,4645,2022-06-03,23220000,Initial
10393,4646,2017-03-21,13510000,Initial
10394,4646,2018-10-10,14940000,Promotion
10395,4646,2020-05-01,16380000,Market Correction
10396,4646,2021-11-20,18060000,Market Correction
10397,4646,2023-06-12,19870000,Annual Raise
10398,4647,2018-04-17,17780000,Initial
10399,4647,2019-12-20,19240000,Market Correction
10400,4647,2021-08-24,21330000,Market Correction
10401,4647,2023-04-29,23380000,Market Correction
10402,4648,2021-01-05,55430000,Initial
10403,4649,2023-09-17,70790000,Initial
10404,4650,2016-12-22,23070000,Initial
10405,4650,2018-10-25,24420000,Market Correction
10406,4651,2022-01-05,52880000,Initial
10407,4652,2016-07-05,18480000,Initial
10408,4652,2018-03-17,20090000,Adjustment
10409,4652,2019-11-27,21540000,Market Correction
10410,4652,2021-08-09,23410000,Annual Raise
10411,4652,2023-04-21,25490000,Promotion
10412,4653,2024-06-02,20090000,Initial
10413,4654,2018-12-04,23400000,Initial
10414,4654,2020-06-11,25710000,Market Correction
10415,4654,2021-12-18,27520000,Promotion
10416,4654,2023-06-26,29340000,Market Correction
10417,4655,2024-01-12,12690000,Initial
10418,4656,2016-06-09,15410000,Initial
10419,4656,2018-02-24,17190000,Promotion
10420,4656,2019-11-12,18480000,Market Correction
10421,4656,2021-07-29,20320000,Market Correction
10422,4656,2023-04-16,21300000,Promotion
10423,4657,2023-09-15,39900000,Initial
10424,4658,2019-10-03,50890000,Initial
10425,4658,2021-07-03,56660000,Market Correction
10426,4658,2023-04-03,59850000,Annual Raise
10427,4659,2019-05-06,21440000,Initial
10428,4659,2021-03-25,22330000,Annual Raise
10429,4659,2023-02-12,24930000,Annual Raise
10430,4660,2017-11-28,7520000,Initial
10431,4660,2019-09-06,8190000,Market Correction
10432,4660,2021-06-15,8770000,Promotion
10433,4660,2023-03-25,9690000,Adjustment
10434,4661,2016-07-30,13910000,Initial
10435,4661,2018-04-06,14990000,Annual Raise
10436,4661,2019-12-12,15760000,Promotion
10437,4661,2021-08-19,17240000,Market Correction
10438,4661,2023-04-26,18860000,Promotion
10439,4662,2021-11-20,37020000,Initial
10440,4662,2023-06-12,40520000,Promotion
10441,4663,2015-09-05,12540000,Initial
10442,4663,2017-03-25,13250000,Annual Raise
10443,4663,2018-10-14,14040000,Market Correction
10444,4663,2020-05-04,14740000,Promotion
10445,4663,2021-11-22,15550000,Adjustment
10446,4663,2023-06-13,16700000,Promotion
10447,4664,2019-11-02,19320000,Initial
10448,4664,2021-07-23,20490000,Promotion
10449,4664,2023-04-13,21560000,Promotion
10450,4665,2016-06-16,38830000,Initial
10451,4665,2018-04-13,41790000,Promotion
10452,4666,2018-11-03,8260000,Initial
10453,4666,2020-05-18,9040000,Promotion
10454,4666,2021-12-02,9950000,Annual Raise
10455,4666,2023-06-18,10690000,Promotion
10456,4667,2017-06-27,21460000,Initial
10457,4667,2018-12-28,23550000,Promotion
10458,4667,2020-06-29,25260000,Promotion
10459,4667,2021-12-30,27450000,Adjustment
10460,4667,2023-07-02,30660000,Adjustment
10461,4668,2016-05-25,20700000,Initial
10462,4668,2017-12-01,21660000,Market Correction
10463,4668,2019-06-10,24230000,Annual Raise
10464,4669,2019-02-18,14060000,Initial
10465,4669,2021-02-01,15470000,Market Correction
10466,4669,2023-01-17,16790000,Annual Raise
10467,4670,2019-12-19,16180000,Initial
10468,4670,2021-08-23,17560000,Market Correction
10469,4670,2023-04-28,19200000,Adjustment
10470,4671,2024-06-16,13630000,Initial
10471,4672,2016-07-14,29570000,Initial
10472,4672,2018-03-24,31390000,Promotion
10473,4672,2019-12-03,35020000,Annual Raise
10474,4672,2021-08-12,36760000,Market Correction
10475,4672,2023-04-23,40870000,Adjustment
10476,4673,2016-03-28,31660000,Initial
10477,4674,2015-06-08,9770000,Initial
10478,4674,2017-01-10,10680000,Promotion
10479,4674,2018-08-16,11680000,Promotion
10480,4674,2020-03-20,12810000,Adjustment
10481,4674,2021-10-24,14190000,Market Correction
10482,4674,2023-05-29,15670000,Market Correction
10483,4675,2016-02-16,43830000,Initial
10484,4675,2017-11-25,49050000,Adjustment
10485,4675,2019-09-04,52060000,Promotion
10486,4675,2021-06-14,57100000,Adjustment
10487,4675,2023-03-24,60660000,Annual Raise
10488,4676,2020-06-25,17070000,Initial
10489,4676,2021-12-27,17860000,Promotion
10490,4676,2023-06-30,19060000,Adjustment
10491,4677,2020-10-18,30070000,Initial
10492,4678,2024-09-27,20410000,Initial
10493,4679,2015-12-12,27980000,Initial
10494,4679,2017-06-15,31030000,Promotion
10495,4679,2018-12-18,34440000,Market Correction
10496,4679,2020-06-22,38520000,Annual Raise
10497,4679,2021-12-25,41740000,Annual Raise
10498,4679,2023-06-29,46010000,Market Correction
10499,4680,2017-10-06,32490000,Initial
10500,4680,2019-04-18,34170000,Adjustment
10501,4681,2024-02-13,10680000,Initial
10502,4682,2020-07-08,35340000,Initial
10503,4682,2022-10-05,36760000,Adjustment
10504,4683,2015-04-12,49500000,Initial
10505,4683,2017-01-25,53960000,Adjustment
10506,4683,2018-11-10,58220000,Adjustment
10507,4684,2020-01-05,26280000,Initial
10508,4684,2021-09-03,28350000,Market Correction
10509,4684,2023-05-04,29590000,Adjustment
10510,4685,2015-05-02,29250000,Initial
10511,4685,2016-12-10,30740000,Promotion
10512,4685,2018-07-22,34230000,Annual Raise
10513,4685,2020-03-02,35730000,Annual Raise
10514,4685,2021-10-11,38530000,Annual Raise
10515,4685,2023-05-23,40100000,Adjustment
10516,4686,2022-07-11,31040000,Initial
10517,4687,2024-03-23,34050000,Initial
10518,4688,2019-06-01,12760000,Initial
10519,4688,2021-04-11,13820000,Promotion
10520,4688,2023-02-20,15150000,Adjustment
10521,4689,2020-11-18,24550000,Initial
10522,4690,2015-05-12,45660000,Initial
10523,4690,2016-12-19,50730000,Adjustment
10524,4690,2018-07-29,55060000,Adjustment
10525,4690,2020-03-07,58610000,Promotion
10526,4690,2021-10-15,62950000,Annual Raise
10527,4690,2023-05-25,68360000,Adjustment
10528,4691,2016-02-15,11570000,Initial
10529,4691,2017-11-24,12680000,Promotion
10530,4691,2019-09-04,13810000,Market Correction
10531,4691,2021-06-13,14440000,Market Correction
10532,4691,2023-03-24,15480000,Adjustment
10533,4692,2023-06-20,31300000,Initial
10534,4693,2022-06-23,28610000,Initial
10535,4694,2021-07-26,5750000,Initial
10536,4694,2023-04-14,6010000,Promotion
10537,4695,2021-06-09,19930000,Initial
10538,4696,2018-07-21,16680000,Initial
10539,4696,2020-03-01,18320000,Adjustment
10540,4696,2021-10-11,19970000,Adjustment
10541,4696,2023-05-23,21650000,Annual Raise
10542,4697,2024-01-22,19840000,Initial
10543,4698,2019-06-06,20130000,Initial
10544,4698,2021-04-14,21910000,Market Correction
10545,4698,2023-02-22,24160000,Market Correction
10546,4699,2022-04-08,11760000,Initial
10547,4700,2024-02-15,13880000,Initial
10548,4701,2016-02-23,34020000,Initial
10549,4701,2017-12-01,38050000,Market Correction
10550,4701,2019-09-09,41020000,Market Correction
10551,4701,2021-06-17,44650000,Annual Raise
10552,4701,2023-03-26,49360000,Promotion
10553,4702,2017-06-04,12780000,Initial
10554,4702,2018-12-09,13840000,Annual Raise
10555,4702,2020-06-15,15340000,Promotion
10556,4702,2021-12-20,15990000,Promotion
10557,4702,2023-06-27,17870000,Promotion
10558,4703,2017-10-13,26490000,Initial
10559,4703,2019-08-03,29020000,Annual Raise
10560,4703,2021-05-23,31340000,Promotion
10561,4703,2023-03-13,32650000,Annual Raise
10562,4704,2017-01-19,26250000,Initial
10563,4704,2018-08-22,27380000,Market Correction
10564,4704,2020-03-25,29430000,Annual Raise
10565,4704,2021-10-27,31420000,Annual Raise
10566,4704,2023-05-31,32800000,Adjustment
10567,4705,2021-07-15,25670000,Initial
10568,4705,2023-04-09,27630000,Market Correction
10569,4706,2024-01-19,17310000,Initial
10570,4707,2015-04-18,20430000,Initial
10571,4707,2016-11-29,21740000,Market Correction
10572,4707,2018-07-13,23340000,Promotion
10573,4707,2020-02-24,25360000,Promotion
10574,4707,2021-10-07,26720000,Market Correction
10575,4707,2023-05-21,29910000,Market Correction
10576,4708,2016-03-08,33500000,Initial
10577,4708,2017-12-12,37210000,Promotion
10578,4708,2019-09-17,40260000,Market Correction
10579,4708,2021-06-22,42550000,Promotion
10580,4708,2023-03-28,46030000,Annual Raise
10581,4709,2022-01-27,16100000,Initial
10582,4710,2017-08-21,10920000,Initial
10583,4710,2019-06-24,12200000,Adjustment
10584,4710,2021-04-27,12840000,Promotion
10585,4710,2023-02-28,14310000,Adjustment
10586,4711,2016-08-23,28170000,Initial
10587,4711,2018-04-25,30580000,Adjustment
10588,4711,2019-12-27,34090000,Market Correction
10589,4711,2021-08-28,37070000,Promotion
10590,4711,2023-05-01,41490000,Annual Raise
10591,4712,2023-03-13,16360000,Initial
10592,4713,2022-06-02,15320000,Initial
10593,4714,2017-12-01,11250000,Initial
10594,4714,2019-09-09,12420000,Market Correction
10595,4714,2021-06-17,13510000,Market Correction
10596,4714,2023-03-26,14280000,Adjustment
10597,4715,2020-01-23,11960000,Initial
10598,4715,2021-09-15,13250000,Adjustment
10599,4715,2023-05-10,14370000,Annual Raise
10600,4716,2021-05-28,39090000,Initial
10601,4716,2023-03-16,41050000,Market Correction
10602,4717,2021-01-17,10520000,Initial
10603,4717,2023-01-09,11150000,Annual Raise
10604,4718,2019-09-12,16040000,Initial
10605,4718,2021-06-19,17420000,Promotion
10606,4718,2023-03-27,18990000,Promotion
10607,4719,2024-06-11,20600000,Initial
10608,4720,2016-01-10,21320000,Initial
10609,4720,2017-10-26,23560000,Promotion
10610,4720,2019-08-13,24520000,Annual Raise
10611,4720,2021-05-30,26240000,Market Correction
10612,4720,2023-03-17,29230000,Annual Raise
10613,4721,2020-09-23,21140000,Initial
10614,4721,2022-11-12,22210000,Annual Raise
10615,4722,2023-11-16,16930000,Initial
10616,4723,2020-03-12,13980000,Initial
10617,4723,2021-10-18,15300000,Adjustment
10618,4723,2023-05-26,16330000,Annual Raise
10619,4724,2022-06-15,9450000,Initial
10620,4725,2017-07-28,22240000,Initial
10621,4725,2019-06-06,23670000,Annual Raise
10622,4725,2021-04-15,24890000,Promotion
10623,4725,2023-02-22,27140000,Market Correction
10624,4726,2023-11-11,14590000,Initial
10625,4727,2020-07-17,26390000,Initial
10626,4727,2022-10-09,28210000,Adjustment
10627,4728,2018-03-09,12680000,Initial
10628,4728,2019-11-21,13550000,Adjustment
10629,4728,2021-08-05,14390000,Annual Raise
10630,4728,2023-04-19,15330000,Promotion
10631,4729,2018-09-27,14280000,Initial
10632,4729,2020-04-21,15510000,Annual Raise
10633,4729,2021-11-14,16730000,Promotion
10634,4729,2023-06-09,18310000,Promotion
10635,4730,2021-07-07,12060000,Initial
10636,4730,2023-04-05,12590000,Annual Raise
10637,4731,2017-01-14,32430000,Initial
10638,4731,2018-08-18,35100000,Annual Raise
10639,4731,2020-03-22,38010000,Market Correction
10640,4731,2021-10-25,40940000,Adjustment
10641,4731,2023-05-30,43320000,Adjustment
10642,4732,2022-11-15,52010000,Initial
10643,4733,2023-01-29,28390000,Initial
10644,4734,2020-01-30,11420000,Initial
10645,4734,2021-09-20,12770000,Adjustment
10646,4734,2023-05-12,14230000,Adjustment
10647,4735,2016-09-18,8640000,Initial
10648,4735,2018-05-16,9060000,Annual Raise
10649,4735,2020-01-11,9680000,Market Correction
10650,4735,2021-09-08,10290000,Adjustment
10651,4735,2023-05-06,11040000,Market Correction
10652,4736,2018-12-27,19620000,Initial
10653,4736,2020-06-28,21520000,Promotion
10654,4736,2021-12-29,23230000,Annual Raise
10655,4736,2023-07-01,24910000,Annual Raise
10656,4737,2018-02-01,23740000,Initial
10657,4737,2019-10-25,26510000,Adjustment
10658,4737,2021-07-18,28310000,Market Correction
10659,4737,2023-04-10,30780000,Market Correction
10660,4738,2017-12-25,7450000,Initial
10661,4738,2019-09-27,7850000,Promotion
10662,4738,2021-06-29,8300000,Market Correction
10663,4738,2023-04-01,9120000,Adjustment
10664,4739,2021-11-20,46160000,Initial
10665,4740,2020-05-18,19680000,Initial
10666,4740,2022-02-06,21410000,Annual Raise
10667,4741,2019-10-07,13780000,Initial
10668,4741,2021-06-26,14500000,Annual Raise
10669,4741,2023-03-17,15380000,Adjustment
10670,4742,2017-05-28,12360000,Initial
10671,4742,2018-12-04,13270000,Promotion
10672,4742,2020-06-11,14270000,Market Correction
10673,4742,2021-12-18,14920000,Market Correction
10674,4742,2023-06-26,16170000,Adjustment
10675,4743,2019-01-05,50480000,Initial
10676,4743,2021-01-03,54080000,Adjustment
10677,4743,2023-01-02,57510000,Promotion
10678,4744,2024-03-15,21940000,Initial
10679,4745,2017-05-23,12100000,Initial
10680,4745,2018-11-30,13150000,Annual Raise
10681,4745,2020-06-08,14280000,Promotion
10682,4745,2021-12-16,15570000,Market Correction
10683,4745,2023-06-25,17260000,Annual Raise
10684,4746,2017-02-03,13530000,Initial
10685,4746,2018-09-03,15100000,Market Correction
10686,4746,2020-04-03,16330000,Adjustment
10687,4746,2021-11-02,17800000,Adjustment
10688,4746,2023-06-03,19730000,Promotion
10689,4747,2021-03-28,14210000,Initial
10690,4747,2023-02-13,14790000,Promotion
10691,4748,2016-11-09,15260000,Initial
10692,4748,2018-06-27,16910000,Annual Raise
10693,4748,2020-02-12,17870000,Adjustment
10694,4748,2021-09-29,19550000,Market Correction
10695,4748,2023-05-17,21650000,Promotion
10696,4749,2016-08-15,12070000,Initial
10697,4749,2018-04-19,12970000,Promotion
10698,4749,2019-12-22,14070000,Promotion
10699,4749,2021-08-25,14970000,Market Correction
10700,4749,2023-04-29,16540000,Annual Raise
10701,4750,2022-04-17,20420000,Initial
10702,4751,2023-11-01,31780000,Initial
10703,4752,2023-06-22,17990000,Initial
10704,4753,2022-11-07,12610000,Initial
10705,4754,2021-02-17,30790000,Initial
10706,4754,2023-01-25,32660000,Market Correction
10707,4755,2020-03-06,27670000,Initial
10708,4755,2021-10-14,29430000,Annual Raise
10709,4755,2023-05-24,32680000,Annual Raise
10710,4756,2019-12-19,20590000,Initial
10711,4756,2021-08-23,22970000,Adjustment
10712,4756,2023-04-28,24090000,Adjustment
10713,4757,2023-10-30,14640000,Initial
10714,4758,2022-01-10,32670000,Initial
10715,4759,2022-11-02,22220000,Initial
10716,4760,2018-06-30,32000000,Initial
10717,4760,2020-02-14,34460000,Market Correction
10718,4760,2021-09-30,37910000,Promotion
10719,4760,2023-05-17,41910000,Promotion
10720,4761,2018-09-02,35960000,Initial
10721,4761,2020-04-02,39650000,Promotion
10722,4761,2021-11-01,41760000,Market Correction
10723,4761,2023-06-02,43970000,Market Correction
10724,4762,2016-03-29,19010000,Initial
10725,4763,2015-08-28,18330000,Initial
10726,4763,2017-03-19,20250000,Annual Raise
10727,4763,2018-10-09,21960000,Adjustment
10728,4763,2020-04-30,24100000,Adjustment
10729,4763,2021-11-20,26060000,Annual Raise
10730,4763,2023-06-12,28460000,Market Correction
10731,4764,2022-10-25,21190000,Initial
10732,4765,2015-10-16,15750000,Initial
10733,4765,2017-04-28,16640000,Annual Raise
10734,4765,2018-11-10,17500000,Annual Raise
10735,4765,2020-05-24,19300000,Adjustment
10736,4765,2021-12-06,21270000,Annual Raise
10737,4765,2023-06-20,22410000,Annual Raise
10738,4766,2017-07-19,15040000,Initial
10739,4766,2019-05-30,15820000,Market Correction
10740,4766,2021-04-10,17150000,Market Correction
10741,4766,2023-02-20,18780000,Market Correction
10742,4767,2017-04-28,12250000,Initial
10743,4767,2018-11-10,13040000,Promotion
10744,4767,2020-05-24,14410000,Annual Raise
10745,4767,2021-12-06,15840000,Promotion
10746,4767,2023-06-20,16960000,Adjustment
10747,4768,2016-02-14,16800000,Initial
10748,4768,2017-11-23,18670000,Annual Raise
10749,4768,2019-09-03,20810000,Promotion
10750,4768,2021-06-13,22370000,Annual Raise
10751,4768,2023-03-24,23770000,Annual Raise
10752,4769,2019-04-02,13820000,Initial
10753,4769,2021-03-02,14930000,Promotion
10754,4769,2023-01-31,16150000,Adjustment
10755,4770,2024-01-19,41060000,Initial
10756,4771,2018-04-16,13510000,Initial
10757,4771,2019-12-20,14930000,Promotion
10758,4771,2021-08-24,15870000,Promotion
10759,4771,2023-04-29,17660000,Promotion
10760,4772,2023-10-23,31570000,Initial
10761,4773,2020-07-30,14890000,Initial
10762,4773,2022-10-16,16550000,Promotion
10763,4774,2016-10-24,32480000,Initial
10764,4774,2018-10-20,36140000,Market Correction
10765,4775,2020-06-30,25860000,Initial
10766,4775,2021-12-30,27800000,Annual Raise
10767,4775,2023-07-02,29930000,Adjustment
10768,4776,2021-05-28,13660000,Initial
10769,4776,2023-03-16,14500000,Promotion
10770,4777,2017-02-26,40120000,Initial
10771,4777,2018-09-22,44840000,Market Correction
10772,4777,2020-04-17,47380000,Adjustment
10773,4777,2021-11-11,52170000,Promotion
10774,4777,2023-06-07,56660000,Annual Raise
10775,4778,2017-09-20,11410000,Initial
10776,4778,2019-07-17,12480000,Adjustment
10777,4778,2021-05-12,13900000,Adjustment
10778,4778,2023-03-08,15420000,Adjustment
10779,4779,2024-10-27,13100000,Initial
10780,4780,2023-08-22,30770000,Initial
10781,4781,2019-06-13,15380000,Initial
10782,4781,2021-04-19,16630000,Annual Raise
10783,4781,2023-02-24,17460000,Annual Raise
10784,4782,2015-08-08,13360000,Initial
10785,4782,2017-03-19,14200000,Market Correction
10786,4782,2018-10-29,15700000,Promotion
10787,4782,2020-06-09,16940000,Market Correction
10788,4782,2022-01-19,18050000,Annual Raise
10789,4783,2016-04-30,15580000,Initial
10790,4783,2018-01-23,17250000,Adjustment
10791,4783,2019-10-19,18800000,Promotion
10792,4783,2021-07-13,20970000,Annual Raise
10793,4783,2023-04-08,22930000,Market Correction
10794,4784,2019-10-20,20280000,Initial
10795,4784,2021-07-14,21390000,Adjustment
10796,4784,2023-04-08,22550000,Market Correction
10797,4785,2018-06-26,10850000,Initial
10798,4785,2020-02-11,12140000,Adjustment
10799,4785,2021-09-28,13320000,Annual Raise
10800,4785,2023-05-16,14660000,Adjustment
10801,4786,2015-04-24,6840000,Initial
10802,4787,2016-01-14,4590000,Initial
10803,4787,2017-10-30,4810000,Promotion
10804,4787,2019-08-16,5120000,Adjustment
10805,4787,2021-06-01,5680000,Market Correction
10806,4787,2023-03-18,6290000,Promotion
10807,4788,2020-12-24,38350000,Initial
10808,4788,2022-12-28,40640000,Market Correction
10809,4789,2015-01-26,10490000,Initial
10810,4789,2016-09-21,11540000,Promotion
10811,4789,2018-05-19,12440000,Market Correction
10812,4789,2020-01-14,13600000,Promotion
10813,4789,2021-09-09,15000000,Adjustment
10814,4789,2023-05-07,16440000,Annual Raise
10815,4790,2021-08-08,39430000,Initial
10816,4790,2023-04-21,42590000,Promotion
10817,4791,2021-04-07,18880000,Initial
10818,4792,2019-12-24,19240000,Initial
10819,4792,2021-08-26,20420000,Annual Raise
10820,4792,2023-04-30,22610000,Promotion
10821,4793,2020-01-02,23770000,Initial
10822,4793,2021-07-05,25530000,Adjustment
10823,4793,2023-01-06,26650000,Market Correction
10824,4794,2022-02-28,30420000,Initial
10825,4795,2016-11-05,19420000,Initial
10826,4795,2018-06-14,21210000,Market Correction
10827,4795,2020-01-21,22210000,Promotion
10828,4795,2021-08-29,24170000,Market Correction
10829,4796,2018-11-02,21470000,Initial
10830,4796,2020-05-18,23880000,Market Correction
10831,4796,2021-12-02,25270000,Market Correction
10832,4796,2023-06-18,27200000,Promotion
10833,4797,2024-09-18,13420000,Initial
10834,4798,2024-03-08,9160000,Initial
10835,4799,2018-06-22,17340000,Initial
10836,4799,2020-02-08,19350000,Adjustment
10837,4799,2021-09-26,20660000,Adjustment
10838,4799,2023-05-15,21490000,Promotion
10839,4800,2020-08-24,9710000,Initial
10840,4800,2022-10-28,10770000,Adjustment
10841,4801,2015-07-13,13530000,Initial
10842,4801,2017-04-19,14520000,Promotion
10843,4801,2019-01-25,15440000,Adjustment
10844,4802,2018-03-14,12110000,Initial
10845,4802,2019-11-25,13050000,Adjustment
10846,4802,2021-08-07,14130000,Market Correction
10847,4802,2023-04-20,15620000,Market Correction
10848,4803,2024-06-25,15810000,Initial
10849,4804,2016-09-23,16730000,Initial
10850,4804,2018-05-20,17450000,Promotion
10851,4804,2020-01-14,18540000,Market Correction
10852,4804,2021-09-10,20590000,Adjustment
10853,4804,2023-05-07,22150000,Market Correction
10854,4805,2022-08-26,28800000,Initial
10855,4806,2020-01-21,24580000,Initial
10856,4806,2021-09-14,27480000,Annual Raise
10857,4806,2023-05-09,28810000,Adjustment
10858,4807,2022-06-14,56620000,Initial
10859,4808,2020-06-27,10690000,Initial
10860,4808,2021-12-28,11630000,Market Correction
10861,4808,2023-07-01,12820000,Adjustment
10862,4809,2022-09-07,39810000,Initial
10863,4810,2023-01-04,19030000,Initial
10864,4811,2017-10-08,14920000,Initial
10865,4811,2019-07-30,15680000,Promotion
10866,4811,2021-05-21,16900000,Annual Raise
10867,4811,2023-03-12,17670000,Promotion
10868,4812,2015-05-16,33960000,Initial
10869,4812,2016-12-22,37330000,Annual Raise
10870,4812,2018-07-31,39970000,Promotion
10871,4812,2020-03-09,43750000,Adjustment
10872,4812,2021-10-16,47530000,Annual Raise
10873,4812,2023-05-25,50300000,Adjustment
10874,4813,2017-12-28,12250000,Initial
10875,4813,2019-09-29,12880000,Promotion
10876,4813,2021-06-30,13900000,Adjustment
10877,4813,2023-04-01,15220000,Market Correction
10878,4814,2024-11-17,14980000,Initial
10879,4815,2020-10-09,55390000,Initial
10880,4816,2020-10-07,13110000,Initial
10881,4816,2022-11-19,14390000,Market Correction
10882,4817,2018-02-16,16110000,Initial
10883,4817,2019-11-05,16780000,Annual Raise
10884,4817,2021-07-25,17860000,Annual Raise
10885,4817,2023-04-14,19870000,Annual Raise
10886,4818,2017-12-08,15030000,Initial
10887,4818,2019-09-14,16630000,Adjustment
10888,4818,2021-06-20,17830000,Annual Raise
10889,4818,2023-03-27,19390000,Annual Raise
10890,4819,2022-09-20,15630000,Initial
10891,4820,2015-03-05,12300000,Initial
10892,4820,2016-10-23,12960000,Market Correction
10893,4820,2018-06-13,13990000,Adjustment
10894,4820,2020-02-02,15160000,Market Correction
10895,4820,2021-09-22,16620000,Promotion
10896,4820,2023-05-13,17400000,Market Correction
10897,4821,2017-09-13,10980000,Initial
10898,4821,2019-07-11,12190000,Market Correction
10899,4821,2021-05-08,13250000,Promotion
10900,4821,2023-03-06,13810000,Adjustment
10901,4822,2020-08-19,30610000,Initial
10902,4822,2022-10-26,33040000,Promotion
10903,4823,2024-01-06,50580000,Initial
10904,4824,2023-07-28,23430000,Initial
10905,4825,2020-05-25,15070000,Initial
10906,4825,2021-12-06,16210000,Market Correction
10907,4825,2023-06-20,18100000,Market Correction
10908,4826,2018-01-28,20140000,Initial
10909,4826,2019-10-22,21220000,Promotion
10910,4826,2021-07-16,22260000,Promotion
10911,4826,2023-04-09,23270000,Adjustment
10912,4827,2017-08-10,21810000,Initial
10913,4827,2019-06-16,24320000,Adjustment
10914,4827,2021-04-21,25630000,Promotion
10915,4827,2023-02-25,28610000,Annual Raise
10916,4828,2022-12-20,47510000,Initial
10917,4829,2024-04-29,12010000,Initial
10918,4830,2020-11-05,26000000,Initial
10919,4830,2022-12-04,27240000,Promotion
10920,4831,2016-04-06,21540000,Initial
10921,4831,2018-01-04,22640000,Market Correction
10922,4831,2019-10-04,25030000,Promotion
10923,4831,2021-07-04,27020000,Annual Raise
10924,4831,2023-04-03,29100000,Annual Raise
10925,4832,2019-05-25,17690000,Initial
10926,4832,2021-04-06,19730000,Adjustment
10927,4832,2023-02-18,21560000,Annual Raise
10928,4833,2016-12-07,13840000,Initial
10929,4833,2018-07-19,15190000,Annual Raise
10930,4833,2020-02-28,16290000,Adjustment
10931,4833,2021-10-10,18190000,Promotion
10932,4833,2023-05-22,20140000,Market Correction
10933,4834,2016-11-18,6340000,Initial
10934,4835,2016-12-20,13320000,Initial
10935,4835,2018-07-29,14730000,Promotion
10936,4835,2020-03-07,16040000,Annual Raise
10937,4835,2021-10-15,17360000,Annual Raise
10938,4835,2023-05-25,18930000,Market Correction
10939,4836,2020-03-04,22240000,Initial
10940,4836,2021-10-13,23210000,Promotion
10941,4836,2023-05-24,24920000,Promotion
10942,4837,2020-09-11,11590000,Initial
10943,4837,2022-11-06,12300000,Market Correction
10944,4838,2023-01-07,17600000,Initial
10945,4839,2017-02-14,31740000,Initial
10946,4839,2018-09-12,33230000,Adjustment
10947,4839,2020-04-10,37000000,Annual Raise
10948,4839,2021-11-06,40150000,Adjustment
10949,4839,2023-06-05,44710000,Market Correction
10950,4840,2021-03-15,27010000,Initial
10951,4840,2023-02-07,30120000,Adjustment
10952,4841,2021-08-12,9070000,Initial
10953,4841,2023-04-23,10020000,Market Correction
10954,4842,2019-09-21,21730000,Initial
10955,4842,2021-06-25,23840000,Annual Raise
10956,4842,2023-03-30,26510000,Annual Raise
10957,4843,2018-07-13,9100000,Initial
10958,4843,2020-02-24,10190000,Annual Raise
10959,4843,2021-10-07,11070000,Adjustment
10960,4843,2023-05-21,12240000,Promotion
10961,4844,2015-05-23,59030000,Initial
10962,4844,2017-02-17,65090000,Promotion
10963,4844,2018-11-16,68480000,Promotion
10964,4844,2020-08-13,75910000,Adjustment
10965,4844,2022-05-12,84490000,Adjustment
10966,4845,2017-01-17,21780000,Initial
10967,4845,2018-11-09,23300000,Market Correction
10968,4846,2019-11-28,49630000,Initial
10969,4846,2021-08-09,53590000,Adjustment
10970,4846,2023-04-21,58690000,Promotion
10971,4847,2019-11-21,13170000,Initial
10972,4847,2021-08-04,14050000,Promotion
10973,4847,2023-04-19,14940000,Promotion
10974,4848,2016-01-12,21770000,Initial
10975,4848,2017-07-31,23230000,Adjustment
10976,4848,2019-02-17,25440000,Market Correction
10977,4848,2020-09-05,27990000,Market Correction
10978,4848,2022-03-25,29860000,Market Correction
10979,4849,2024-09-23,14660000,Initial
10980,4850,2018-03-01,20530000,Initial
10981,4850,2019-12-31,22360000,Market Correction
10982,4850,2021-10-31,23700000,Annual Raise
10983,4851,2021-11-20,28400000,Initial
10984,4851,2023-06-12,31300000,Adjustment
10985,4852,2015-06-21,29790000,Initial
10986,4852,2017-01-21,32810000,Promotion
10987,4852,2018-08-24,36180000,Annual Raise
10988,4852,2020-03-27,39830000,Promotion
10989,4852,2021-10-28,41860000,Promotion
10990,4852,2023-05-31,44360000,Market Correction
10991,4853,2019-10-27,26190000,Initial
10992,4853,2021-07-19,29070000,Promotion
10993,4853,2023-04-11,30390000,Adjustment
10994,4854,2019-03-28,17310000,Initial
10995,4854,2021-02-27,18280000,Market Correction
10996,4854,2023-01-30,19570000,Promotion
10997,4855,2016-10-14,9510000,Initial
10998,4855,2018-06-06,10390000,Market Correction
10999,4855,2020-01-27,11460000,Adjustment
11000,4855,2021-09-18,11920000,Annual Raise
11001,4855,2023-05-11,13020000,Annual Raise
11002,4856,2021-01-20,28790000,Initial
11003,4856,2023-01-11,30590000,Promotion
11004,4857,2020-04-19,24560000,Initial
11005,4857,2021-11-12,27050000,Promotion
11006,4857,2023-06-08,28610000,Annual Raise
11007,4858,2023-10-07,38180000,Initial
11008,4859,2017-01-09,21140000,Initial
11009,4859,2018-08-14,22460000,Annual Raise
11010,4859,2020-03-19,24420000,Annual Raise
11011,4859,2021-10-23,26020000,Market Correction
11012,4859,2023-05-29,28950000,Adjustment
11013,4860,2015-04-06,15380000,Initial
11014,4860,2016-11-19,16850000,Market Correction
11015,4860,2018-07-05,17630000,Market Correction
11016,4860,2020-02-18,18890000,Annual Raise
11017,4860,2021-10-03,20580000,Adjustment
11018,4860,2023-05-19,21500000,Adjustment
11019,4861,2016-06-27,18620000,Initial
11020,4861,2018-03-11,20750000,Promotion
11021,4861,2019-11-23,22080000,Market Correction
11022,4861,2021-08-06,23830000,Market Correction
11023,4861,2023-04-20,25390000,Promotion
11024,4862,2020-02-05,17350000,Initial
11025,4862,2021-09-24,19300000,Adjustment
11026,4862,2023-05-14,20900000,Adjustment
11027,4863,2019-04-07,61470000,Initial
11028,4864,2016-07-24,20270000,Initial
11029,4864,2018-04-01,22370000,Adjustment
11030,4864,2019-12-09,23550000,Annual Raise
11031,4864,2021-08-16,26370000,Adjustment
11032,4864,2023-04-25,29100000,Promotion
11033,4865,2016-04-27,9400000,Initial
11034,4865,2018-01-21,10310000,Promotion
11035,4865,2019-10-17,10960000,Annual Raise
11036,4865,2021-07-12,11430000,Market Correction
11037,4865,2023-04-07,12670000,Market Correction
11038,4866,2022-07-11,20320000,Initial
11039,4867,2023-10-17,24170000,Initial
11040,4868,2016-07-18,20080000,Initial
11041,4868,2018-03-27,21880000,Promotion
11042,4868,2019-12-05,23910000,Annual Raise
11043,4868,2021-08-14,25050000,Market Correction
11044,4868,2023-04-24,26280000,Market Correction
11045,4869,2018-10-01,46800000,Initial
11046,4869,2020-04-24,50530000,Adjustment
11047,4869,2021-11-16,55200000,Adjustment
11048,4869,2023-06-10,60140000,Promotion
11049,4870,2023-02-01,30280000,Initial
11050,4871,2024-03-26,40710000,Initial
11051,4872,2024-05-06,60240000,Initial
11052,4873,2015-01-12,32510000,Initial
11053,4873,2016-09-10,35060000,Promotion
11054,4873,2018-05-10,37970000,Adjustment
11055,4873,2020-01-07,41070000,Promotion
11056,4873,2021-09-05,43000000,Market Correction
11057,4873,2023-05-05,47350000,Annual Raise
11058,4874,2020-07-28,17880000,Initial
11059,4874,2022-10-15,19750000,Adjustment
11060,4875,2015-09-17,8090000,Initial
11061,4875,2017-04-04,8550000,Adjustment
11062,4875,2018-10-22,9190000,Promotion
11063,4875,2020-05-10,9970000,Promotion
11064,4875,2021-11-26,10680000,Adjustment
11065,4875,2023-06-15,11750000,Promotion
11066,4876,2019-08-07,23980000,Initial
11067,4876,2021-05-26,25630000,Market Correction
11068,4876,2023-03-15,28330000,Promotion
11069,4877,2024-04-11,30250000,Initial
11070,4878,2023-02-01,14150000,Initial
11071,4879,2020-06-11,38410000,Initial
11072,4879,2021-12-18,40230000,Adjustment
11073,4879,2023-06-26,42450000,Market Correction
11074,4880,2023-01-16,21000000,Initial
11075,4881,2015-10-24,22030000,Initial
11076,4881,2017-05-05,23200000,Promotion
11077,4881,2018-11-16,24430000,Promotion
11078,4881,2020-05-28,26920000,Annual Raise
11079,4881,2021-12-09,28070000,Promotion
11080,4881,2023-06-21,31250000,Promotion
11081,4882,2015-01-26,29170000,Initial
11082,4882,2016-09-21,30910000,Annual Raise
11083,4882,2018-05-19,32210000,Market Correction
11084,4882,2020-01-14,34330000,Promotion
11085,4882,2021-09-09,36520000,Adjustment
11086,4882,2023-05-07,38060000,Adjustment
11087,4883,2016-01-10,17780000,Initial
11088,4883,2017-10-26,18790000,Promotion
11089,4883,2019-08-13,20440000,Promotion
11090,4883,2021-05-30,21580000,Annual Raise
11091,4883,2023-03-17,22760000,Promotion
11092,4884,2024-06-18,39770000,Initial
11093,4885,2018-07-14,16490000,Initial
11094,4885,2020-02-24,18450000,Promotion
11095,4885,2021-10-07,19470000,Market Correction
11096,4885,2023-05-21,20290000,Adjustment
11097,4886,2023-05-05,12910000,Initial
11098,4887,2017-03-28,28900000,Initial
11099,4887,2019-02-17,31910000,Annual Raise
11100,4887,2021-01-08,33560000,Promotion
11101,4888,2022-08-19,33130000,Initial
11102,4889,2024-11-02,50250000,Initial
11103,4890,2022-11-03,30660000,Initial
11104,4891,2019-08-20,10600000,Initial
11105,4891,2021-06-03,11540000,Promotion
11106,4891,2023-03-19,12870000,Adjustment
11107,4892,2018-11-12,13310000,Initial
11108,4892,2020-05-25,13850000,Market Correction
11109,4892,2021-12-07,15420000,Adjustment
11110,4892,2023-06-20,16780000,Annual Raise
11111,4893,2023-08-04,21620000,Initial
11112,4894,2020-04-26,15680000,Initial
11113,4894,2021-11-17,17130000,Adjustment
11114,4894,2023-06-10,19120000,Promotion
11115,4895,2017-05-23,16090000,Initial
11116,4895,2018-11-30,17410000,Market Correction
11117,4895,2020-06-08,18190000,Promotion
11118,4895,2021-12-16,20320000,Annual Raise
11119,4895,2023-06-25,22410000,Promotion
11120,4896,2017-11-22,30010000,Initial
11121,4896,2019-09-02,32360000,Promotion
11122,4896,2021-06-12,34970000,Adjustment
11123,4896,2023-03-23,38340000,Annual Raise
11124,4897,2017-06-27,6150000,Initial
11125,4897,2018-12-28,6660000,Adjustment
11126,4897,2020-06-29,7280000,Annual Raise
11127,4897,2021-12-30,7860000,Market Correction
11128,4897,2023-07-02,8530000,Annual Raise
11129,4898,2017-05-23,32830000,Initial
11130,4898,2018-11-30,36280000,Promotion
11131,4898,2020-06-08,40430000,Promotion
11132,4898,2021-12-16,42830000,Promotion
11133,4898,2023-06-25,45880000,Adjustment
11134,4899,2020-11-16,30160000,Initial
11135,4899,2022-12-09,33750000,Annual Raise
11136,4900,2019-09-20,16280000,Initial
11137,4900,2021-06-24,18220000,Annual Raise
11138,4900,2023-03-29,19490000,Market Correction
11139,4901,2015-06-09,9380000,Initial
11140,4901,2017-01-11,10220000,Annual Raise
11141,4901,2018-08-16,11190000,Adjustment
11142,4901,2020-03-21,12160000,Adjustment
11143,4901,2021-10-24,13440000,Adjustment
11144,4901,2023-05-29,14490000,Market Correction
11145,4902,2023-01-18,23200000,Initial
11146,4903,2021-02-19,22190000,Initial
11147,4903,2023-01-26,23140000,Annual Raise
11148,4904,2019-04-17,26930000,Initial
11149,4904,2021-03-12,30110000,Adjustment
11150,4904,2023-02-05,32420000,Annual Raise
11151,4905,2019-07-21,13990000,Initial
11152,4905,2021-05-14,15220000,Adjustment
11153,4905,2023-03-09,16320000,Promotion
11154,4906,2015-08-06,43330000,Initial
11155,4906,2017-02-28,47060000,Promotion
11156,4906,2018-09-24,49620000,Adjustment
11157,4906,2020-04-19,51600000,Adjustment
11158,4906,2021-11-12,55480000,Market Correction
11159,4906,2023-06-08,61890000,Adjustment
11160,4907,2019-05-31,9490000,Initial
11161,4907,2021-04-10,10010000,Annual Raise
11162,4907,2023-02-20,10460000,Annual Raise
11163,4908,2019-01-31,23760000,Initial
11164,4908,2021-01-20,25900000,Promotion
11165,4908,2023-01-11,27840000,Adjustment
11166,4909,2023-03-06,24250000,Initial
11167,4910,2023-08-03,12890000,Initial
11168,4911,2023-03-12,11070000,Initial
11169,4912,2015-12-08,9640000,Initial
11170,4912,2017-06-12,10210000,Adjustment
11171,4912,2018-12-16,11240000,Annual Raise
11172,4912,2020-06-20,11710000,Promotion
11173,4912,2021-12-24,12350000,Adjustment
11174,4912,2023-06-29,12870000,Promotion
11175,4913,2016-01-24,35750000,Initial
11176,4913,2017-11-07,39980000,Annual Raise
11177,4913,2019-08-22,43530000,Market Correction
11178,4913,2021-06-05,47960000,Annual Raise
11179,4913,2023-03-20,52930000,Annual Raise
11180,4914,2024-01-13,7290000,Initial
11181,4915,2016-11-19,22110000,Initial
11182,4915,2018-07-05,24430000,Promotion
11183,4915,2020-02-18,26020000,Adjustment
11184,4915,2021-10-03,28170000,Annual Raise
11185,4915,2023-05-19,31130000,Adjustment
11186,4916,2017-08-15,13350000,Initial
11187,4916,2019-06-20,14580000,Promotion
11188,4916,2021-04-24,15210000,Adjustment
11189,4916,2023-02-27,16780000,Adjustment
11190,4917,2022-08-27,44960000,Initial
11191,4918,2017-01-16,25820000,Initial
11192,4918,2018-08-20,27460000,Annual Raise
11193,4918,2020-03-23,30040000,Market Correction
11194,4918,2021-10-26,32090000,Annual Raise
11195,4918,2023-05-30,33430000,Adjustment
11196,4919,2024-10-11,21440000,Initial
11197,4920,2023-07-09,25030000,Initial
11198,4921,2018-10-13,16970000,Initial
11199,4921,2020-05-03,18740000,Market Correction
11200,4921,2021-11-22,20920000,Adjustment
11201,4921,2023-06-13,22070000,Adjustment
11202,4922,2023-12-13,27250000,Initial
11203,4923,2022-02-08,20090000,Initial
11204,4924,2015-06-29,13120000,Initial
11205,4924,2017-01-28,14160000,Market Correction
11206,4924,2018-08-30,15590000,Annual Raise
11207,4924,2020-03-31,16750000,Market Correction
11208,4924,2021-10-31,18630000,Market Correction
11209,4924,2023-06-02,20280000,Promotion
11210,4925,2022-11-24,24860000,Initial
11211,4926,2018-12-20,15230000,Initial
11212,4926,2020-06-23,16380000,Promotion
11213,4926,2021-12-26,17540000,Promotion
11214,4926,2023-06-30,18800000,Adjustment
11215,4927,2017-08-02,21830000,Initial
11216,4927,2019-06-10,23440000,Market Correction
11217,4927,2021-04-17,24830000,Promotion
11218,4927,2023-02-23,26420000,Annual Raise
11219,4928,2018-03-25,26410000,Initial
11220,4928,2019-12-03,28240000,Market Correction
11221,4928,2021-08-13,30100000,Annual Raise
11222,4928,2023-04-23,32510000,Market Correction
11223,4929,2023-09-01,38880000,Initial
11224,4930,2015-01-13,7380000,Initial
11225,4930,2016-09-10,7780000,Promotion
11226,4930,2018-05-10,8350000,Annual Raise
11227,4930,2020-01-07,9220000,Adjustment
11228,4930,2021-09-05,10240000,Market Correction
11229,4930,2023-05-05,11450000,Promotion
11230,4931,2019-10-21,27070000,Initial
11231,4931,2021-10-06,29980000,Adjustment
11232,4932,2015-09-21,22840000,Initial
11233,4932,2017-04-08,24250000,Promotion
11234,4932,2018-10-25,26740000,Annual Raise
11235,4932,2020-05-12,28140000,Annual Raise
11236,4932,2021-11-28,31120000,Market Correction
11237,4932,2023-06-16,33140000,Market Correction
11238,4933,2017-06-25,15370000,Initial
11239,4933,2018-12-26,16900000,Annual Raise
11240,4933,2020-06-27,18520000,Adjustment
11241,4933,2021-12-29,20240000,Annual Raise
11242,4933,2023-07-01,21880000,Adjustment
11243,4934,2021-02-12,20630000,Initial
11244,4934,2023-01-22,21950000,Promotion
11245,4935,2016-08-23,29050000,Initial
11246,4935,2018-04-04,31260000,Annual Raise
11247,4935,2019-11-14,32550000,Adjustment
11248,4936,2020-06-17,36780000,Initial
11249,4936,2021-12-22,39610000,Market Correction
11250,4936,2023-06-28,42060000,Adjustment
11251,4937,2019-06-18,35590000,Initial
11252,4937,2021-04-22,38670000,Market Correction
11253,4937,2023-02-26,41840000,Market Correction
11254,4938,2023-01-16,13310000,Initial
11255,4939,2020-05-15,19590000,Initial
11256,4939,2021-11-30,21430000,Market Correction
11257,4939,2023-06-17,23000000,Annual Raise
11258,4940,2022-06-05,30490000,Initial
11259,4941,2024-08-31,18940000,Initial
11260,4942,2019-03-25,37540000,Initial
11261,4942,2021-02-25,39620000,Adjustment
11262,4942,2023-01-29,42520000,Promotion
11263,4943,2017-06-11,11840000,Initial
11264,4943,2019-08-22,12370000,Promotion
11265,4944,2019-04-04,11030000,Initial
11266,4944,2021-03-03,12080000,Market Correction
11267,4944,2023-02-01,13160000,Annual Raise
11268,4945,2018-03-16,48780000,Initial
11269,4945,2019-11-26,53750000,Annual Raise
11270,4945,2021-08-08,58660000,Annual Raise
11271,4945,2023-04-21,64030000,Annual Raise
11272,4946,2022-01-15,65950000,Initial
11273,4947,2017-06-15,37210000,Initial
11274,4947,2018-12-18,39000000,Annual Raise
11275,4947,2020-06-21,41180000,Annual Raise
11276,4947,2021-12-25,44790000,Adjustment
11277,4947,2023-06-29,48530000,Market Correction
11278,4948,2015-10-13,22090000,Initial
11279,4949,2024-05-29,24590000,Initial
11280,4950,2020-09-21,11640000,Initial
11281,4950,2022-11-11,12150000,Annual Raise
11282,4951,2015-12-29,7770000,Initial
11283,4951,2017-06-29,8580000,Annual Raise
11284,4951,2018-12-30,9370000,Promotion
11285,4951,2020-06-30,10180000,Promotion
11286,4951,2021-12-31,10610000,Market Correction
11287,4951,2023-07-02,11850000,Annual Raise
11288,4952,2021-11-29,21250000,Initial
11289,4952,2023-06-16,23790000,Promotion
11290,4953,2020-02-13,12560000,Initial
11291,4953,2021-09-29,13410000,Annual Raise
11292,4953,2023-05-17,14650000,Adjustment
11293,4954,2018-08-17,23020000,Initial
11294,4954,2020-03-21,24360000,Market Correction
11295,4954,2021-10-24,26830000,Annual Raise
11296,4954,2023-05-29,29400000,Market Correction
11297,4955,2018-06-30,23880000,Initial
11298,4956,2019-09-13,23970000,Initial
11299,4956,2021-06-19,25830000,Promotion
11300,4956,2023-03-27,28620000,Annual Raise
11301,4957,2020-02-18,19080000,Initial
11302,4957,2021-10-03,21350000,Market Correction
11303,4957,2023-05-19,22690000,Market Correction
11304,4958,2020-03-07,21920000,Initial
11305,4958,2021-10-15,22850000,Adjustment
11306,4958,2023-05-25,25270000,Annual Raise
11307,4959,2015-01-05,23030000,Initial
11308,4959,2016-09-04,25450000,Adjustment
11309,4959,2018-05-05,27010000,Market Correction
11310,4959,2020-01-03,29860000,Annual Raise
11311,4959,2021-09-02,32020000,Adjustment
11312,4959,2023-05-03,35650000,Annual Raise
11313,4960,2024-06-10,23410000,Initial
11314,4961,2019-11-03,33090000,Initial
11315,4961,2021-07-23,36560000,Market Correction
11316,4961,2023-04-13,39260000,Adjustment
11317,4962,2015-10-04,10700000,Initial
11318,4962,2017-04-18,11580000,Market Correction
11319,4962,2018-11-02,12100000,Promotion
11320,4962,2020-05-18,12600000,Market Correction
11321,4962,2021-12-02,13670000,Market Correction
11322,4962,2023-06-18,14520000,Promotion
11323,4963,2023-02-08,54720000,Initial
11324,4964,2023-09-01,15380000,Initial
11325,4965,2021-03-03,35200000,Initial
11326,4965,2023-02-01,37070000,Annual Raise
11327,4966,2021-05-19,21450000,Initial
11328,4966,2023-03-11,23020000,Annual Raise
11329,4967,2022-11-23,20600000,Initial
11330,4968,2022-12-13,25610000,Initial
11331,4969,2015-10-03,31570000,Initial
11332,4969,2017-04-18,33580000,Market Correction
11333,4969,2018-11-02,36830000,Promotion
11334,4969,2020-05-18,39960000,Market Correction
11335,4969,2021-12-02,44690000,Promotion
11336,4969,2023-06-18,48770000,Annual Raise
11337,4970,2020-09-13,22630000,Initial
11338,4970,2022-11-07,23540000,Annual Raise
11339,4971,2018-09-20,21390000,Initial
11340,4971,2020-04-15,22950000,Adjustment
11341,4971,2021-11-10,24150000,Market Correction
11342,4971,2023-06-07,26810000,Promotion
11343,4972,2020-10-05,14730000,Initial
11344,4972,2022-05-06,16450000,Promotion
11345,4973,2021-03-07,20020000,Initial
11346,4973,2023-02-03,22270000,Market Correction
11347,4974,2016-07-08,22520000,Initial
11348,4974,2018-03-19,24250000,Promotion
11349,4974,2019-11-29,25270000,Adjustment
11350,4974,2021-08-10,26730000,Market Correction
11351,4974,2023-04-22,29680000,Adjustment
11352,4975,2018-02-10,48850000,Initial
11353,4975,2019-11-01,51740000,Annual Raise
11354,4975,2021-07-22,55260000,Market Correction
11355,4975,2023-04-12,58380000,Promotion
11356,4976,2023-05-28,44290000,Initial
11357,4977,2019-01-14,13710000,Initial
11358,4977,2021-01-09,15000000,Annual Raise
11359,4977,2023-01-05,16030000,Promotion
11360,4978,2022-07-20,21500000,Initial
11361,4979,2022-02-10,25270000,Initial
11362,4980,2017-06-16,30920000,Initial
11363,4980,2018-12-19,34570000,Annual Raise
11364,4980,2020-06-22,37030000,Market Correction
11365,4980,2021-12-25,38980000,Market Correction
11366,4980,2023-06-29,41420000,Adjustment
11367,4981,2019-01-11,20710000,Initial
11368,4981,2021-01-07,21600000,Annual Raise
11369,4981,2023-01-04,22840000,Adjustment
11370,4982,2017-09-25,41350000,Initial
11371,4982,2019-07-20,45930000,Adjustment
11372,4982,2021-05-14,50170000,Adjustment
11373,4982,2023-03-09,56150000,Promotion
11374,4983,2020-08-23,22450000,Initial
11375,4984,2017-03-18,10700000,Initial
11376,4985,2024-04-15,8860000,Initial
11377,4986,2021-11-08,49910000,Initial
11378,4986,2023-06-06,55480000,Market Correction
11379,4987,2022-04-23,13760000,Initial
11380,4988,2020-04-07,33110000,Initial
11381,4988,2022-03-20,36060000,Market Correction
11382,4989,2021-07-12,73010000,Initial
11383,4989,2023-04-07,78560000,Annual Raise
11384,4990,2017-12-15,18150000,Initial
11385,4990,2019-09-19,19250000,Adjustment
11386,4990,2021-06-24,20260000,Market Correction
11387,4990,2023-03-29,22590000,Market Correction
11388,4991,2015-10-01,7090000,Initial
11389,4991,2017-04-16,7600000,Adjustment
11390,4991,2018-10-31,8240000,Annual Raise
11391,4991,2020-05-17,9150000,Market Correction
11392,4991,2021-12-01,9930000,Market Correction
11393,4991,2023-06-17,10640000,Market Correction
11394,4992,2023-12-27,50290000,Initial
11395,4993,2020-08-14,16200000,Initial
11396,4994,2024-06-08,45550000,Initial
11397,4995,2019-04-19,31490000,Initial
11398,4996,2019-01-22,17460000,Initial
11399,4996,2021-01-14,18350000,Market Correction
11400,4996,2023-01-08,20420000,Adjustment
11401,4997,2018-05-15,13690000,Initial
11402,4997,2020-01-10,15130000,Annual Raise
11403,4997,2021-09-07,15880000,Adjustment
11404,4997,2023-05-06,17390000,Market Correction
11405,4998,2017-03-15,17630000,Initial
11406,4998,2018-10-05,19140000,Annual Raise
11407,4998,2020-04-27,19930000,Annual Raise
11408,4998,2021-11-18,21760000,Market Correction
11409,4998,2023-06-11,23600000,Adjustment
11410,4999,2021-05-13,36560000,Initial
11411,4999,2023-03-08,40480000,Adjustment
11412,5000,2016-11-16,17970000,Initial
11413,5000,2018-07-02,19410000,Market Correction
11414,5000,2020-02-16,21590000,Annual Raise
11415,5000,2021-10-01,23430000,Adjustment
11416,5000,2023-05-18,25960000,Adjustment
11417,5001,2016-07-05,11000000,Initial
11418,5001,2018-03-17,11560000,Market Correction
11419,5001,2019-11-27,12210000,Promotion
11420,5001,2021-08-09,13590000,Adjustment
11421,5001,2023-04-21,15130000,Promotion
11422,5002,2017-11-13,12180000,Initial
11423,5002,2019-08-26,13160000,Annual Raise
11424,5002,2021-06-08,13730000,Annual Raise
11425,5002,2023-03-21,15210000,Market Correction
11426,5003,2022-05-05,31270000,Initial
11427,5004,2016-02-20,17430000,Initial
11428,5004,2017-11-28,18900000,Promotion
11429,5004,2019-09-07,19900000,Promotion
11430,5004,2021-06-15,21780000,Annual Raise
11431,5004,2023-03-25,24110000,Annual Raise
11432,5005,2020-12-26,14170000,Initial
11433,5005,2022-12-29,15640000,Promotion
11434,5006,2023-04-19,26760000,Initial
11435,5007,2023-02-14,28970000,Initial
11436,5008,2017-12-15,46580000,Initial
11437,5008,2019-09-19,50810000,Adjustment
11438,5008,2021-06-24,53380000,Adjustment
11439,5008,2023-03-29,58140000,Market Correction
11440,5009,2016-07-02,24720000,Initial
11441,5009,2018-03-15,26510000,Adjustment
11442,5009,2019-11-26,28770000,Promotion
11443,5009,2021-08-08,30270000,Promotion
11444,5009,2023-04-21,33480000,Market Correction
11445,5010,2019-02-06,6050000,Initial
11446,5010,2021-01-24,6350000,Market Correction
11447,5010,2023-01-13,6830000,Market Correction
11448,5011,2017-10-02,35110000,Initial
11449,5011,2019-07-26,37480000,Promotion
11450,5011,2021-05-18,40790000,Annual Raise
11451,5011,2023-03-11,43110000,Promotion
11452,5012,2024-01-27,15480000,Initial
11453,5013,2024-07-06,32920000,Initial
11454,5014,2023-01-23,15930000,Initial
11455,5015,2022-09-26,29980000,Initial
11456,5016,2019-07-03,35220000,Initial
11457,5016,2021-05-02,39030000,Annual Raise
11458,5016,2023-03-03,40900000,Market Correction
11459,5017,2023-02-04,46390000,Initial
11460,5018,2019-01-16,19880000,Initial
11461,5018,2021-01-10,20860000,Market Correction
11462,5018,2023-01-06,23170000,Market Correction
11463,5019,2024-08-12,32350000,Initial
11464,5020,2024-01-19,53180000,Initial
11465,5021,2018-11-06,11410000,Initial
11466,5021,2020-05-21,12630000,Annual Raise
11467,5021,2021-12-04,13580000,Promotion
11468,5021,2023-06-19,14460000,Market Correction
11469,5022,2021-06-03,15430000,Initial
11470,5022,2023-03-19,16360000,Annual Raise
11471,5023,2020-09-11,21510000,Initial
11472,5023,2022-11-06,22910000,Adjustment
11473,5024,2021-09-06,9210000,Initial
11474,5025,2024-06-20,19330000,Initial
11475,5026,2015-02-25,18790000,Initial
11476,5026,2016-10-16,19980000,Adjustment
11477,5026,2018-06-08,22360000,Market Correction
11478,5026,2020-01-29,23510000,Promotion
11479,5026,2021-09-19,26230000,Annual Raise
11480,5026,2023-05-12,28760000,Annual Raise
11481,5027,2023-09-18,14880000,Initial
11482,5028,2016-05-16,17090000,Initial
11483,5028,2018-02-05,18560000,Promotion
11484,5028,2019-10-28,19540000,Adjustment
11485,5028,2021-07-20,21670000,Annual Raise
11486,5028,2023-04-11,22770000,Promotion
11487,5029,2022-04-19,13890000,Initial
11488,5030,2019-08-29,19350000,Initial
11489,5030,2021-06-09,21110000,Adjustment
11490,5030,2023-03-22,22850000,Adjustment
11491,5031,2017-05-24,28870000,Initial
11492,5031,2018-11-30,32040000,Adjustment
11493,5031,2020-06-08,34820000,Adjustment
11494,5031,2021-12-16,37980000,Annual Raise
11495,5031,2023-06-25,40430000,Annual Raise
11496,5032,2017-06-20,16140000,Initial
11497,5032,2018-12-22,17690000,Adjustment
11498,5032,2020-06-24,19750000,Adjustment
11499,5032,2021-12-27,21410000,Annual Raise
11500,5032,2023-06-30,23440000,Annual Raise
11501,5033,2015-05-03,14330000,Initial
11502,5033,2016-12-11,15960000,Promotion
11503,5033,2018-07-23,16610000,Market Correction
11504,5033,2020-03-02,17810000,Market Correction
11505,5033,2021-10-12,19570000,Market Correction
11506,5033,2023-05-23,21840000,Promotion
11507,5034,2020-12-14,29740000,Initial
11508,5034,2022-12-23,32790000,Market Correction
11509,5035,2015-11-22,20520000,Initial
11510,5035,2017-05-29,22100000,Promotion
11511,5035,2018-12-05,24440000,Adjustment
11512,5035,2020-06-12,25500000,Market Correction
11513,5035,2021-12-18,27500000,Annual Raise
11514,5035,2023-06-26,29430000,Market Correction
11515,5036,2018-07-27,15820000,Initial
11516,5036,2020-02-02,17000000,Promotion
11517,5036,2021-08-10,18530000,Annual Raise
11518,5037,2019-11-09,11360000,Initial
11519,5037,2021-07-27,12550000,Promotion
11520,5037,2023-04-15,13450000,Adjustment
11521,5038,2017-12-29,16730000,Initial
11522,5038,2019-09-30,17700000,Promotion
11523,5038,2021-07-01,18770000,Promotion
11524,5038,2023-04-02,19630000,Annual Raise
11525,5039,2015-07-19,6130000,Initial
11526,5039,2017-02-13,6440000,Annual Raise
11527,5039,2018-09-12,7030000,Annual Raise
11528,5039,2020-04-10,7530000,Annual Raise
11529,5039,2021-11-06,8090000,Adjustment
11530,5039,2023-06-05,8720000,Promotion
11531,5040,2024-10-02,35050000,Initial
11532,5041,2023-12-08,12370000,Initial
11533,5042,2020-03-10,5450000,Initial
11534,5042,2021-10-17,5710000,Adjustment
11535,5042,2023-05-26,6370000,Promotion
11536,5043,2019-07-24,19930000,Initial
11537,5043,2021-05-16,22190000,Adjustment
11538,5043,2023-03-10,24030000,Promotion
11539,5044,2015-09-11,23510000,Initial
11540,5044,2017-03-30,25750000,Annual Raise
11541,5044,2018-10-18,28120000,Market Correction
11542,5044,2020-05-07,30600000,Adjustment
11543,5044,2021-11-24,33000000,Annual Raise
11544,5044,2023-06-14,36100000,Market Correction
11545,5045,2024-02-22,19580000,Initial
11546,5046,2018-08-26,22760000,Initial
11547,5046,2020-03-28,24910000,Market Correction
11548,5046,2021-10-29,27330000,Adjustment
11549,5046,2023-06-01,29820000,Adjustment
11550,5047,2015-04-14,33690000,Initial
11551,5047,2016-11-25,35760000,Market Correction
11552,5047,2018-07-10,38460000,Market Correction
11553,5047,2020-02-22,41110000,Promotion
11554,5047,2021-10-05,44900000,Market Correction
11555,5047,2023-05-20,48710000,Promotion
11556,5048,2023-03-07,20670000,Initial
11557,5049,2016-05-06,9360000,Initial
11558,5049,2018-01-28,10080000,Adjustment
11559,5049,2019-10-22,11130000,Annual Raise
11560,5049,2021-07-16,12350000,Market Correction
11561,5049,2023-04-09,13790000,Promotion
11562,5050,2023-08-17,19960000,Initial
11563,5051,2020-07-17,18290000,Initial
11564,5051,2022-10-09,20340000,Promotion
11565,5052,2019-03-29,31880000,Initial
11566,5052,2021-02-27,34060000,Adjustment
11567,5052,2023-01-30,35910000,Promotion
11568,5053,2016-12-21,23380000,Initial
11569,5053,2018-07-30,25940000,Market Correction
11570,5053,2020-03-08,28430000,Adjustment
11571,5053,2021-10-15,29760000,Market Correction
11572,5053,2023-05-25,32230000,Annual Raise
11573,5054,2021-06-15,27560000,Initial
11574,5054,2023-03-25,30660000,Annual Raise
11575,5055,2016-06-07,15960000,Initial
11576,5055,2018-02-23,17530000,Promotion
11577,5055,2019-11-11,19550000,Promotion
11578,5055,2021-07-29,21660000,Promotion
11579,5055,2023-04-16,23000000,Annual Raise
11580,5056,2017-08-19,14150000,Initial
11581,5057,2017-07-18,37630000,Initial
11582,5057,2019-05-30,40140000,Promotion
11583,5057,2021-04-10,42730000,Promotion
11584,5057,2023-02-20,46310000,Adjustment
11585,5058,2015-01-06,39230000,Initial
11586,5058,2016-09-05,43350000,Annual Raise
11587,5058,2018-05-06,45740000,Adjustment
11588,5058,2020-01-04,50690000,Market Correction
11589,5058,2021-09-03,56160000,Market Correction
11590,5058,2023-05-04,60760000,Market Correction
11591,5059,2023-10-08,16400000,Initial
11592,5060,2015-12-23,8950000,Initial
11593,5060,2017-06-24,9690000,Annual Raise
11594,5060,2018-12-26,10820000,Promotion
11595,5060,2020-06-27,11310000,Adjustment
11596,5060,2021-12-29,11980000,Annual Raise
11597,5060,2023-07-01,12670000,Adjustment
11598,5061,2015-07-20,23780000,Initial
11599,5061,2017-02-14,25240000,Annual Raise
11600,5061,2018-09-13,27250000,Adjustment
11601,5061,2020-04-10,29250000,Annual Raise
11602,5061,2021-11-07,31020000,Promotion
11603,5061,2023-06-05,33750000,Annual Raise
11604,5062,2019-05-13,18330000,Initial
11605,5062,2021-03-29,19970000,Adjustment
11606,5062,2023-02-14,21490000,Annual Raise
11607,5063,2024-04-21,23280000,Initial
11608,5064,2020-07-05,31380000,Initial
11609,5064,2022-10-03,32680000,Market Correction
11610,5065,2021-04-05,14210000,Initial
11611,5065,2023-02-17,15160000,Market Correction
11612,5066,2024-08-19,28680000,Initial
11613,5067,2020-12-27,33640000,Initial
11614,5067,2022-12-30,35300000,Market Correction
11615,5068,2019-12-18,7140000,Initial
11616,5068,2021-08-22,7970000,Annual Raise
11617,5068,2023-04-28,8320000,Annual Raise
11618,5069,2022-09-30,30920000,Initial
11619,5070,2022-02-12,36670000,Initial
11620,5071,2018-11-18,13470000,Initial
11621,5071,2020-05-30,14190000,Promotion
11622,5071,2021-12-10,15530000,Promotion
11623,5071,2023-06-22,16730000,Promotion
11624,5072,2023-01-17,19360000,Initial
11625,5073,2017-01-01,14930000,Initial
11626,5073,2018-08-08,15730000,Market Correction
11627,5073,2020-03-14,17330000,Adjustment
11628,5073,2021-10-20,19320000,Adjustment
11629,5073,2023-05-27,20390000,Market Correction
11630,5074,2017-01-19,14590000,Initial
11631,5074,2018-08-22,15840000,Annual Raise
11632,5074,2020-03-25,17360000,Market Correction
11633,5074,2021-10-27,19180000,Promotion
11634,5074,2023-05-31,20660000,Market Correction
11635,5075,2017-05-14,11190000,Initial
11636,5075,2018-11-22,11930000,Annual Raise
11637,5075,2020-06-02,13030000,Adjustment
11638,5075,2021-12-12,13860000,Promotion
11639,5075,2023-06-23,15050000,Market Correction
11640,5076,2024-05-05,10720000,Initial
11641,5077,2015-10-01,23130000,Initial
11642,5077,2017-04-16,24650000,Market Correction
11643,5077,2018-10-31,26200000,Adjustment
11644,5077,2020-05-17,28590000,Adjustment
11645,5077,2021-12-01,31860000,Adjustment
11646,5077,2023-06-17,34690000,Adjustment
11647,5078,2019-06-14,39580000,Initial
11648,5078,2021-04-20,41810000,Promotion
11649,5078,2023-02-25,44840000,Annual Raise
11650,5079,2015-01-26,15050000,Initial
11651,5079,2016-09-21,16790000,Promotion
11652,5079,2018-05-19,17630000,Promotion
11653,5079,2020-01-14,18380000,Adjustment
11654,5079,2021-09-09,20550000,Promotion
11655,5079,2023-05-07,21890000,Adjustment
11656,5080,2023-08-29,21110000,Initial
11657,5081,2017-06-19,33690000,Initial
11658,5081,2018-12-21,36850000,Market Correction
11659,5081,2020-06-24,39040000,Promotion
11660,5081,2021-12-26,41230000,Annual Raise
11661,5081,2023-06-30,43690000,Promotion
11662,5082,2020-09-14,29960000,Initial
11663,5082,2022-11-08,33090000,Market Correction
11664,5083,2022-05-14,14340000,Initial
11665,5084,2023-11-13,28260000,Initial
11666,5085,2023-12-18,28070000,Initial
11667,5086,2019-10-20,11510000,Initial
11668,5086,2021-07-14,12880000,Promotion
11669,5086,2023-04-08,13680000,Market Correction
11670,5087,2018-09-13,19620000,Initial
11671,5087,2020-04-10,20680000,Annual Raise
11672,5087,2021-11-07,23020000,Adjustment
11673,5087,2023-06-05,24810000,Adjustment
11674,5088,2021-06-18,14540000,Initial
11675,5088,2023-03-26,15740000,Annual Raise
11676,5089,2020-01-21,12840000,Initial
11677,5089,2021-09-14,13470000,Promotion
11678,5089,2023-05-09,14500000,Annual Raise
11679,5090,2020-05-08,27780000,Initial
11680,5090,2021-11-25,29580000,Annual Raise
11681,5090,2023-06-14,30940000,Annual Raise
11682,5091,2019-11-16,11640000,Initial
11683,5091,2021-08-01,12960000,Promotion
11684,5091,2023-04-17,13500000,Market Correction
11685,5092,2016-01-29,13500000,Initial
11686,5092,2017-11-11,14940000,Market Correction
11687,5092,2019-08-25,15630000,Annual Raise
11688,5092,2021-06-07,16800000,Adjustment
11689,5092,2023-03-21,17520000,Annual Raise
11690,5093,2015-10-28,26970000,Initial
11691,5093,2017-05-08,28700000,Promotion
11692,5093,2018-11-18,30500000,Market Correction
11693,5093,2020-05-30,31930000,Annual Raise
11694,5093,2021-12-10,33270000,Market Correction
11695,5093,2023-06-22,36110000,Annual Raise
11696,5094,2021-12-15,16640000,Initial
11697,5094,2023-06-24,17930000,Annual Raise
11698,5095,2019-07-21,53620000,Initial
11699,5095,2021-04-06,60020000,Adjustment
11700,5096,2019-10-13,34910000,Initial
11701,5096,2021-07-09,38060000,Market Correction
11702,5096,2023-04-06,41470000,Annual Raise
11703,5097,2016-06-24,18400000,Initial
11704,5097,2018-03-08,20310000,Annual Raise
11705,5097,2019-11-21,21470000,Annual Raise
11706,5097,2021-08-04,23780000,Promotion
11707,5097,2023-04-19,26420000,Adjustment
11708,5098,2020-02-29,14130000,Initial
11709,5098,2021-10-10,15230000,Market Correction
11710,5098,2023-05-22,16680000,Promotion
11711,5099,2022-04-11,17200000,Initial
11712,5100,2022-01-28,18560000,Initial
11713,5101,2016-04-17,24750000,Initial
11714,5101,2018-01-13,26230000,Adjustment
11715,5101,2019-10-11,28120000,Market Correction
11716,5101,2021-07-08,29800000,Market Correction
11717,5101,2023-04-05,31150000,Promotion
11718,5102,2018-06-18,7560000,Initial
11719,5102,2020-02-05,8230000,Adjustment
11720,5102,2021-09-24,8830000,Annual Raise
11721,5102,2023-05-14,9480000,Annual Raise
11722,5103,2017-01-14,15220000,Initial
11723,5103,2018-08-18,16610000,Promotion
11724,5103,2020-03-22,17920000,Adjustment
11725,5103,2021-10-25,18740000,Annual Raise
11726,5103,2023-05-30,19590000,Adjustment
11727,5104,2021-07-28,23100000,Initial
11728,5105,2018-01-20,9640000,Initial
11729,5105,2019-10-16,10690000,Annual Raise
11730,5105,2021-07-12,11470000,Promotion
11731,5105,2023-04-07,12400000,Annual Raise
11732,5106,2020-05-19,20150000,Initial
11733,5107,2019-06-09,62220000,Initial
11734,5107,2021-04-16,66600000,Annual Raise
11735,5107,2023-02-23,71740000,Annual Raise
11736,5108,2020-07-26,19950000,Initial
11737,5108,2022-10-14,21340000,Annual Raise
11738,5109,2018-06-21,13200000,Initial
11739,5109,2020-02-07,14510000,Adjustment
11740,5109,2021-09-26,15450000,Annual Raise
11741,5109,2023-05-15,16370000,Adjustment
11742,5110,2019-04-29,14520000,Initial
11743,5110,2021-03-20,15710000,Annual Raise
11744,5110,2023-02-09,17360000,Promotion
11745,5111,2017-11-18,27960000,Initial
11746,5111,2019-08-30,29860000,Promotion
11747,5111,2021-06-10,31990000,Adjustment
11748,5111,2023-03-22,33730000,Annual Raise
11749,5112,2018-12-16,33080000,Initial
11750,5112,2020-06-20,35100000,Market Correction
11751,5112,2021-12-24,38450000,Annual Raise
11752,5112,2023-06-29,42550000,Adjustment
11753,5113,2021-08-08,35860000,Initial
11754,5113,2023-04-21,38640000,Adjustment
11755,5114,2020-03-17,8660000,Initial
11756,5114,2021-10-21,9020000,Market Correction
11757,5114,2023-05-28,9720000,Annual Raise
11758,5115,2016-07-16,30290000,Initial
11759,5115,2018-03-26,33630000,Adjustment
11760,5115,2019-12-04,35540000,Market Correction
11761,5115,2021-08-13,39440000,Annual Raise
11762,5115,2023-04-23,42440000,Adjustment
11763,5116,2015-07-22,18100000,Initial
11764,5116,2017-02-16,19830000,Annual Raise
11765,5116,2018-09-14,21860000,Market Correction
11766,5116,2020-04-11,23540000,Market Correction
11767,5116,2021-11-07,25790000,Annual Raise
11768,5116,2023-06-05,27070000,Adjustment
11769,5117,2017-01-04,20170000,Initial
11770,5117,2018-08-10,22080000,Market Correction
11771,5117,2020-03-16,24060000,Promotion
11772,5117,2021-10-21,26500000,Annual Raise
11773,5117,2023-05-28,28690000,Annual Raise
11774,5118,2020-03-10,18140000,Initial
11775,5118,2021-10-17,19790000,Promotion
11776,5118,2023-05-26,20870000,Annual Raise
11777,5119,2015-11-17,26170000,Initial
11778,5119,2017-05-25,28320000,Adjustment
11779,5119,2018-12-02,29850000,Adjustment
11780,5119,2020-06-09,31080000,Market Correction
11781,5119,2021-12-17,33970000,Adjustment
11782,5119,2023-06-25,37000000,Adjustment
11783,5120,2021-11-10,20240000,Initial
11784,5120,2023-06-07,22030000,Market Correction
11785,5121,2017-10-12,24350000,Initial
11786,5121,2019-08-02,26150000,Promotion
11787,5121,2021-05-23,28600000,Promotion
11788,5121,2023-03-13,30830000,Market Correction
11789,5122,2023-05-11,5720000,Initial
11790,5123,2023-11-17,11090000,Initial
11791,5124,2023-06-12,36610000,Initial
11792,5125,2018-02-03,33200000,Initial
11793,5125,2019-10-27,35140000,Adjustment
11794,5125,2021-07-19,37050000,Market Correction
11795,5125,2023-04-11,40850000,Adjustment
11796,5126,2024-11-01,18180000,Initial
11797,5127,2016-08-21,26920000,Initial
11798,5127,2018-06-04,28110000,Annual Raise
11799,5127,2020-03-18,29850000,Market Correction
11800,5127,2021-12-30,32010000,Adjustment
11801,5128,2021-10-15,13540000,Initial
11802,5128,2023-05-25,14430000,Annual Raise
11803,5129,2016-02-13,14920000,Initial
11804,5129,2017-11-23,16080000,Promotion
11805,5129,2019-09-03,17050000,Promotion
11806,5129,2021-06-13,18660000,Market Correction
11807,5129,2023-03-24,20690000,Adjustment
11808,5130,2016-06-12,19710000,Initial
11809,5131,2020-05-15,4730000,Initial
11810,5131,2021-11-30,5000000,Adjustment
11811,5131,2023-06-17,5590000,Market Correction
11812,5132,2022-01-25,18960000,Initial
11813,5133,2023-12-23,13400000,Initial
11814,5134,2015-06-25,22070000,Initial
11815,5134,2017-01-24,24450000,Annual Raise
11816,5134,2018-08-27,25620000,Promotion
11817,5134,2020-03-29,28310000,Promotion
11818,5134,2021-10-29,31470000,Annual Raise
11819,5134,2023-06-01,34250000,Promotion
11820,5135,2019-04-12,39730000,Initial
11821,5135,2021-03-09,42730000,Market Correction
11822,5135,2023-02-04,46260000,Adjustment
11823,5136,2021-05-09,14050000,Initial
11824,5137,2016-03-12,6100000,Initial
11825,5138,2018-09-27,13590000,Initial
11826,5138,2020-04-21,14790000,Annual Raise
11827,5138,2021-11-14,15950000,Promotion
11828,5138,2023-06-09,17140000,Market Correction
11829,5139,2017-02-18,17350000,Initial
11830,5139,2018-09-15,18450000,Adjustment
11831,5139,2020-04-12,20410000,Annual Raise
11832,5139,2021-11-08,22270000,Annual Raise
11833,5139,2023-06-06,24520000,Market Correction
11834,5140,2015-01-10,9940000,Initial
11835,5140,2016-09-08,11090000,Annual Raise
11836,5140,2018-05-08,12290000,Promotion
11837,5140,2020-01-06,13120000,Promotion
11838,5140,2021-09-04,14550000,Market Correction
11839,5140,2023-05-04,16020000,Market Correction
11840,5141,2021-06-07,25680000,Initial
11841,5141,2023-03-21,27140000,Adjustment
11842,5142,2021-03-13,26390000,Initial
11843,5143,2017-06-25,9140000,Initial
11844,5144,2017-04-18,31100000,Initial
11845,5144,2018-11-02,32860000,Promotion
11846,5144,2020-05-18,34950000,Annual Raise
11847,5144,2021-12-02,37860000,Annual Raise
11848,5144,2023-06-18,42000000,Adjustment
11849,5145,2016-10-07,16740000,Initial
11850,5145,2018-05-31,18180000,Market Correction
11851,5145,2020-01-23,19840000,Market Correction
11852,5145,2021-09-15,21510000,Promotion
11853,5145,2023-05-10,22800000,Annual Raise
11854,5146,2017-03-09,16610000,Initial
11855,5146,2018-10-01,17720000,Annual Raise
11856,5146,2020-04-24,18770000,Annual Raise
11857,5146,2021-11-16,20550000,Annual Raise
11858,5146,2023-06-10,22130000,Market Correction
11859,5147,2017-05-01,14710000,Initial
11860,5147,2018-11-12,15740000,Adjustment
11861,5147,2020-05-25,17610000,Adjustment
11862,5147,2021-12-07,19460000,Market Correction
11863,5147,2023-06-20,21640000,Annual Raise
11864,5148,2023-01-04,14600000,Initial
11865,5149,2023-10-06,5510000,Initial
11866,5150,2022-12-21,11990000,Initial
11867,5151,2019-04-12,13110000,Initial
11868,5151,2021-03-09,14640000,Promotion
11869,5151,2023-02-04,16310000,Adjustment
11870,5152,2022-04-02,28660000,Initial
11871,5153,2015-09-21,16400000,Initial
11872,5153,2017-04-08,18310000,Promotion
11873,5153,2018-10-25,20260000,Market Correction
11874,5153,2020-05-12,21630000,Annual Raise
11875,5153,2021-11-28,23280000,Market Correction
11876,5153,2023-06-16,24300000,Adjustment
11877,5154,2017-05-01,51290000,Initial
11878,5154,2018-11-12,57010000,Annual Raise
11879,5154,2020-05-25,61460000,Annual Raise
11880,5154,2021-12-07,67100000,Adjustment
11881,5154,2023-06-20,69870000,Market Correction
11882,5155,2015-07-12,77630000,Initial
11883,5155,2017-03-20,82690000,Adjustment
11884,5155,2018-11-28,87200000,Market Correction
11885,5155,2020-08-06,92950000,Market Correction
11886,5156,2019-05-20,29560000,Initial
11887,5156,2021-04-03,32400000,Adjustment
11888,5156,2023-02-16,33900000,Market Correction
11889,5157,2017-03-25,33490000,Initial
11890,5157,2018-10-13,36250000,Adjustment
11891,5157,2020-05-03,40180000,Adjustment
11892,5157,2021-11-22,44170000,Annual Raise
11893,5157,2023-06-13,48780000,Market Correction
11894,5158,2015-02-08,32120000,Initial
11895,5159,2017-06-01,13660000,Initial
11896,5159,2018-12-07,14610000,Annual Raise
11897,5159,2020-06-13,15600000,Promotion
11898,5159,2021-12-19,17320000,Market Correction
11899,5159,2023-06-26,19000000,Annual Raise
11900,5160,2017-03-19,19890000,Initial
11901,5160,2018-10-09,22160000,Annual Raise
11902,5160,2020-04-30,23390000,Annual Raise
11903,5160,2021-11-20,25410000,Market Correction
11904,5160,2023-06-12,27060000,Market Correction
11905,5161,2022-07-08,14530000,Initial
11906,5162,2019-11-28,20580000,Initial
11907,5162,2021-08-09,21790000,Annual Raise
11908,5162,2023-04-21,24400000,Annual Raise
11909,5163,2023-06-03,15780000,Initial
11910,5164,2016-12-11,16960000,Initial
11911,5164,2018-07-22,17990000,Market Correction
11912,5164,2020-03-02,18760000,Market Correction
11913,5164,2021-10-11,20930000,Promotion
11914,5164,2023-05-23,22790000,Market Correction
11915,5165,2016-12-09,21840000,Initial
11916,5165,2018-07-21,23420000,Adjustment
11917,5165,2020-03-01,25150000,Adjustment
11918,5165,2021-10-11,26830000,Promotion
11919,5165,2023-05-23,29000000,Promotion
11920,5166,2024-02-25,12900000,Initial
11921,5167,2023-01-14,32240000,Initial
11922,5168,2020-02-21,24410000,Initial
11923,5168,2022-01-06,26880000,Annual Raise
11924,5169,2016-01-08,8870000,Initial
11925,5169,2017-10-25,9880000,Market Correction
11926,5169,2019-08-12,10370000,Annual Raise
11927,5169,2021-05-29,11410000,Annual Raise
11928,5169,2023-03-16,11980000,Annual Raise
11929,5170,2018-04-13,26000000,Initial
11930,5170,2019-11-03,28700000,Market Correction
11931,5170,2021-05-26,31050000,Annual Raise
11932,5171,2024-04-28,48510000,Initial
11933,5172,2024-04-29,13690000,Initial
11934,5173,2018-08-08,9950000,Initial
11935,5173,2020-03-14,10860000,Market Correction
11936,5173,2021-10-20,12070000,Annual Raise
11937,5173,2023-05-27,12600000,Annual Raise
11938,5174,2017-12-16,12390000,Initial
11939,5174,2019-06-20,13160000,Adjustment
11940,5174,2020-12-22,14330000,Annual Raise
11941,5175,2016-09-23,36570000,Initial
11942,5175,2018-05-20,40280000,Promotion
11943,5175,2020-01-14,41900000,Annual Raise
11944,5175,2021-09-10,43590000,Adjustment
11945,5175,2023-05-07,47190000,Adjustment
11946,5176,2020-09-02,13680000,Initial
11947,5176,2022-11-02,15270000,Adjustment
11948,5177,2021-09-18,49470000,Initial
11949,5177,2023-04-20,54150000,Annual Raise
11950,5178,2019-04-28,12370000,Initial
11951,5178,2021-03-19,13450000,Adjustment
11952,5178,2023-02-09,14350000,Adjustment
11953,5179,2020-09-08,26980000,Initial
11954,5179,2022-11-05,30020000,Market Correction
11955,5180,2017-10-17,26400000,Initial
11956,5180,2019-08-06,28190000,Market Correction
11957,5180,2021-05-25,29520000,Adjustment
11958,5180,2023-03-14,32180000,Promotion
11959,5181,2023-11-28,16650000,Initial
11960,5182,2016-05-03,38280000,Initial
11961,5182,2018-01-26,42360000,Promotion
11962,5182,2019-10-21,45910000,Promotion
11963,5182,2021-07-15,48660000,Adjustment
11964,5182,2023-04-09,51870000,Market Correction
11965,5183,2022-09-20,15600000,Initial
11966,5184,2020-02-05,17300000,Initial
11967,5184,2021-09-24,19370000,Adjustment
11968,5184,2023-05-14,20650000,Adjustment
11969,5185,2023-12-13,26370000,Initial
11970,5186,2016-02-29,11410000,Initial
11971,5186,2017-12-05,12550000,Promotion
11972,5186,2019-09-12,13350000,Promotion
11973,5186,2021-06-19,14400000,Annual Raise
11974,5186,2023-03-27,15650000,Market Correction
11975,5187,2016-12-30,18890000,Initial
11976,5187,2018-08-06,20120000,Annual Raise
11977,5187,2020-03-13,21170000,Promotion
11978,5187,2021-10-19,22330000,Promotion
11979,5187,2023-05-27,24860000,Adjustment
11980,5188,2020-07-16,26020000,Initial
11981,5189,2023-05-24,27890000,Initial
11982,5190,2016-10-31,11770000,Initial
11983,5190,2018-09-13,13070000,Promotion
11984,5191,2016-12-22,31220000,Initial
11985,5191,2018-07-31,34000000,Annual Raise
11986,5191,2020-03-08,36640000,Annual Raise
11987,5191,2021-10-16,39280000,Adjustment
11988,5191,2023-05-25,43010000,Promotion
11989,5192,2021-08-18,8680000,Initial
11990,5192,2023-04-26,9530000,Market Correction
11991,5193,2017-03-10,18090000,Initial
11992,5193,2018-10-01,19940000,Market Correction
11993,5193,2020-04-24,21580000,Adjustment
11994,5193,2021-11-16,23310000,Promotion
11995,5193,2023-06-10,24400000,Market Correction
11996,5194,2017-04-08,22920000,Initial
11997,5194,2018-10-25,24300000,Annual Raise
11998,5194,2020-05-12,26760000,Market Correction
11999,5194,2021-11-28,29420000,Market Correction
12000,5194,2023-06-16,32200000,Promotion
12001,5195,2018-06-02,12490000,Initial
12002,5195,2020-01-24,13830000,Annual Raise
12003,5195,2021-09-16,14910000,Market Correction
12004,5195,2023-05-10,15550000,Promotion
12005,5196,2015-02-18,20110000,Initial
12006,5196,2016-10-10,22000000,Adjustment
12007,5196,2018-06-03,23000000,Market Correction
12008,5196,2020-01-25,25350000,Promotion
12009,5196,2021-09-17,28040000,Adjustment
12010,5196,2023-05-11,29250000,Market Correction
12011,5197,2024-08-24,12830000,Initial
12012,5198,2015-10-20,13010000,Initial
12013,5198,2017-05-02,14320000,Promotion
12014,5198,2018-11-13,15970000,Promotion
12015,5198,2020-05-26,16830000,Adjustment
12016,5198,2021-12-07,17780000,Market Correction
12017,5198,2023-06-20,18760000,Adjustment
12018,5199,2020-07-28,32780000,Initial
12019,5199,2022-10-15,34940000,Promotion
12020,5200,2019-10-16,24880000,Initial
12021,5200,2021-07-11,27720000,Promotion
12022,5200,2023-04-07,30550000,Market Correction
12023,5201,2019-08-24,25750000,Initial
12024,5201,2021-06-06,28650000,Market Correction
12025,5201,2023-03-20,30970000,Market Correction
12026,5202,2020-04-26,42980000,Initial
12027,5202,2021-11-17,46010000,Annual Raise
12028,5202,2023-06-10,48420000,Adjustment
12029,5203,2021-05-12,68580000,Initial
12030,5203,2023-03-08,73880000,Annual Raise
12031,5204,2018-12-01,17580000,Initial
12032,5204,2020-06-08,18590000,Promotion
12033,5204,2021-12-16,20250000,Adjustment
12034,5204,2023-06-25,21560000,Promotion
12035,5205,2015-04-24,19300000,Initial
12036,5205,2016-12-04,20750000,Annual Raise
12037,5205,2018-07-17,22210000,Market Correction
12038,5205,2020-02-27,24220000,Market Correction
12039,5205,2021-10-09,25900000,Market Correction
12040,5205,2023-05-22,27540000,Annual Raise
12041,5206,2016-09-10,19240000,Initial
12042,5206,2018-05-10,20870000,Market Correction
12043,5206,2020-01-07,21920000,Annual Raise
12044,5206,2021-09-05,23780000,Adjustment
12045,5206,2023-05-05,25870000,Adjustment
12046,5207,2017-06-13,18340000,Initial
12047,5207,2019-03-25,20280000,Annual Raise
12048,5207,2021-01-04,21440000,Market Correction
12049,5207,2022-10-16,23470000,Promotion
12050,5208,2017-08-10,12460000,Initial
12051,5208,2019-06-16,13590000,Adjustment
12052,5208,2021-04-21,15080000,Market Correction
12053,5208,2023-02-25,15950000,Promotion
12054,5209,2022-03-30,22270000,Initial
12055,5210,2015-06-25,15890000,Initial
12056,5210,2017-01-24,16730000,Annual Raise
12057,5210,2018-08-27,17700000,Annual Raise
12058,5210,2020-03-29,19620000,Market Correction
12059,5210,2021-10-29,20480000,Promotion
12060,5210,2023-06-01,22120000,Adjustment
12061,5211,2021-12-28,18330000,Initial
12062,5211,2023-07-01,19110000,Annual Raise
12063,5212,2016-02-02,19070000,Initial
12064,5212,2017-11-14,20160000,Market Correction
12065,5212,2019-08-27,21760000,Promotion
12066,5212,2021-06-08,23320000,Adjustment
12067,5212,2023-03-21,24670000,Adjustment
12068,5213,2015-06-28,14670000,Initial
12069,5213,2017-01-27,15810000,Market Correction
12070,5213,2018-08-29,16690000,Adjustment
12071,5213,2020-03-30,18270000,Market Correction
12072,5213,2021-10-30,20050000,Promotion
12073,5213,2023-06-01,20890000,Market Correction
12074,5214,2022-11-25,31670000,Initial
12075,5215,2016-12-25,11200000,Initial
12076,5215,2018-08-02,11880000,Annual Raise
12077,5215,2020-03-10,12570000,Annual Raise
12078,5215,2021-10-17,13370000,Adjustment
12079,5215,2023-05-26,14560000,Adjustment
12080,5216,2023-10-09,17850000,Initial
12081,5217,2022-12-23,35010000,Initial
12082,5218,2021-01-03,18460000,Initial
12083,5218,2023-01-02,19640000,Adjustment
12084,5219,2016-03-01,40680000,Initial
12085,5219,2017-12-06,44940000,Market Correction
12086,5219,2019-09-13,48410000,Annual Raise
12087,5219,2021-06-19,51670000,Promotion
12088,5219,2023-03-27,55550000,Promotion
12089,5220,2021-03-28,12970000,Initial
12090,5220,2023-02-13,14320000,Adjustment
12091,5221,2023-05-31,26380000,Initial
12092,5222,2016-12-28,18630000,Initial
12093,5222,2018-08-05,20140000,Promotion
12094,5222,2020-03-12,21280000,Market Correction
12095,5222,2021-10-18,23600000,Annual Raise
12096,5222,2023-05-26,26070000,Market Correction
12097,5223,2019-12-17,12530000,Initial
12098,5223,2021-08-22,13750000,Market Correction
12099,5223,2023-04-28,14470000,Promotion
12100,5224,2020-11-03,20980000,Initial
12101,5224,2022-12-03,22000000,Adjustment
12102,5225,2018-02-28,25080000,Initial
12103,5225,2019-11-14,26360000,Adjustment
12104,5225,2021-07-31,28360000,Promotion
12105,5225,2023-04-17,30570000,Annual Raise
12106,5226,2021-09-06,14860000,Initial
12107,5226,2023-05-05,16480000,Adjustment
12108,5227,2016-04-02,16880000,Initial
12109,5227,2018-01-01,18420000,Annual Raise
12110,5227,2019-10-02,19830000,Promotion
12111,5227,2021-07-02,21010000,Market Correction
12112,5227,2023-04-02,22060000,Annual Raise
12113,5228,2017-01-03,17740000,Initial
12114,5229,2015-07-06,24310000,Initial
12115,5229,2017-02-02,26890000,Annual Raise
12116,5229,2018-09-03,29860000,Annual Raise
12117,5229,2020-04-03,32180000,Annual Raise
12118,5229,2021-11-02,35880000,Annual Raise
12119,5229,2023-06-03,37570000,Annual Raise
12120,5230,2023-12-04,12000000,Initial
12121,5231,2016-01-04,21280000,Initial
12122,5231,2017-10-22,22970000,Annual Raise
12123,5231,2019-08-10,25020000,Adjustment
12124,5231,2021-05-28,26190000,Market Correction
12125,5231,2023-03-16,29230000,Annual Raise
12126,5232,2021-08-05,14380000,Initial
12127,5232,2023-04-19,15100000,Market Correction
12128,5233,2022-04-23,13180000,Initial
12129,5234,2015-08-22,10670000,Initial
12130,5234,2017-03-14,11650000,Annual Raise
12131,5234,2018-10-05,12480000,Market Correction
12132,5234,2020-04-27,13660000,Promotion
12133,5234,2021-11-18,14900000,Adjustment
12134,5234,2023-06-11,15960000,Adjustment
12135,5235,2023-04-09,36380000,Initial
12136,5236,2015-01-23,15340000,Initial
12137,5236,2016-09-19,16280000,Annual Raise
12138,5236,2018-05-17,17090000,Promotion
12139,5236,2020-01-12,18700000,Annual Raise
12140,5236,2021-09-08,19880000,Promotion
12141,5236,2023-05-06,22200000,Annual Raise
12142,5237,2017-03-03,12420000,Initial
12143,5237,2018-09-26,13910000,Annual Raise
12144,5237,2020-04-20,15160000,Promotion
12145,5237,2021-11-13,16140000,Promotion
12146,5237,2023-06-08,17970000,Adjustment
12147,5238,2018-08-10,9840000,Initial
12148,5238,2020-03-16,10850000,Market Correction
12149,5238,2021-10-21,11680000,Annual Raise
12150,5238,2023-05-28,12510000,Market Correction
12151,5239,2017-09-27,18510000,Initial
12152,5239,2019-07-22,19300000,Market Correction
12153,5239,2021-05-15,20110000,Promotion
12154,5239,2023-03-09,22130000,Promotion
12155,5240,2018-12-26,12720000,Initial
12156,5240,2020-06-27,14130000,Promotion
12157,5240,2021-12-29,15200000,Annual Raise
12158,5240,2023-07-01,16370000,Annual Raise
12159,5241,2022-05-27,28530000,Initial
12160,5242,2019-06-19,38680000,Initial
12161,5242,2021-04-23,40930000,Adjustment
12162,5242,2023-02-26,43810000,Adjustment
12163,5243,2023-06-25,33680000,Initial
12164,5244,2024-06-18,15850000,Initial
12165,5245,2022-07-20,23690000,Initial
12166,5246,2019-07-28,17980000,Initial
12167,5246,2021-05-19,19340000,Annual Raise
12168,5246,2023-03-11,21420000,Market Correction
12169,5247,2024-11-26,41300000,Initial
12170,5248,2016-12-26,33750000,Initial
12171,5248,2018-08-03,35840000,Market Correction
12172,5248,2020-03-11,38580000,Promotion
12173,5248,2021-10-17,41610000,Market Correction
12174,5248,2023-05-26,43690000,Adjustment
12175,5249,2023-09-18,30930000,Initial
12176,5250,2017-04-03,11370000,Initial
12177,5250,2018-10-21,12140000,Adjustment
12178,5250,2020-05-09,12970000,Market Correction
12179,5250,2021-11-26,13830000,Annual Raise
12180,5250,2023-06-15,14710000,Promotion
12181,5251,2022-07-19,28590000,Initial
12182,5252,2018-12-01,19770000,Initial
12183,5252,2020-06-08,21240000,Promotion
12184,5252,2021-12-16,22400000,Annual Raise
12185,5252,2023-06-25,23620000,Promotion
12186,5253,2020-12-04,24070000,Initial
12187,5253,2022-12-18,25300000,Promotion
12188,5254,2019-07-22,41360000,Initial
12189,5254,2021-05-15,45110000,Annual Raise
12190,5254,2023-03-09,47760000,Market Correction
12191,5255,2022-04-19,27230000,Initial
12192,5256,2015-01-26,36560000,Initial
12193,5256,2016-09-21,39630000,Promotion
12194,5256,2018-05-19,42810000,Annual Raise
12195,5256,2020-01-14,46570000,Market Correction
12196,5256,2021-09-09,49740000,Adjustment
12197,5256,2023-05-07,55670000,Annual Raise
12198,5257,2017-10-10,14070000,Initial
12199,5257,2019-08-01,15100000,Market Correction
12200,5257,2021-05-22,16270000,Market Correction
12201,5257,2023-03-13,17060000,Annual Raise
12202,5258,2019-08-06,14910000,Initial
12203,5258,2021-04-02,15640000,Promotion
12204,5259,2021-07-01,13950000,Initial
12205,5259,2023-04-02,15530000,Annual Raise
12206,5260,2018-12-04,28630000,Initial
12207,5260,2020-06-11,29780000,Promotion
12208,5260,2021-12-18,30980000,Promotion
12209,5260,2023-06-26,33870000,Market Correction
12210,5261,2023-01-12,28740000,Initial
12211,5262,2019-02-18,15930000,Initial
12212,5262,2021-02-01,17410000,Adjustment
12213,5262,2023-01-17,19020000,Annual Raise
12214,5263,2021-11-10,21360000,Initial
12215,5263,2023-06-07,22210000,Market Correction
12216,5264,2018-08-18,23880000,Initial
12217,5264,2020-03-22,25050000,Promotion
12218,5264,2021-10-25,26970000,Market Correction
12219,5264,2023-05-30,28780000,Promotion
12220,5265,2018-11-07,34000000,Initial
12221,5265,2020-05-21,37750000,Adjustment
12222,5265,2021-12-04,40900000,Annual Raise
12223,5265,2023-06-19,45080000,Market Correction
12224,5266,2022-01-17,27170000,Initial
12225,5267,2021-06-30,18170000,Initial
12226,5267,2023-04-01,19450000,Market Correction
12227,5268,2016-08-07,24520000,Initial
12228,5268,2018-04-12,26770000,Market Correction
12229,5268,2019-12-17,29420000,Adjustment
12230,5268,2021-08-22,32780000,Annual Raise
12231,5268,2023-04-28,35690000,Promotion
12232,5269,2015-09-15,20820000,Initial
12233,5269,2017-04-03,23290000,Promotion
12234,5269,2018-10-21,24510000,Promotion
12235,5269,2020-05-09,27110000,Annual Raise
12236,5269,2021-11-26,29250000,Promotion
12237,5269,2023-06-15,32020000,Promotion
12238,5270,2015-03-30,10330000,Initial
12239,5270,2016-11-13,11220000,Adjustment
12240,5270,2018-06-30,12260000,Promotion
12241,5270,2020-02-14,13530000,Promotion
12242,5270,2021-09-30,14620000,Market Correction
12243,5270,2023-05-17,15630000,Market Correction
12244,5271,2018-06-11,28560000,Initial
12245,5271,2020-01-31,30920000,Annual Raise
12246,5271,2021-09-21,34360000,Promotion
12247,5271,2023-05-13,36730000,Market Correction
12248,5272,2022-09-09,34570000,Initial
12249,5273,2015-11-05,17890000,Initial
12250,5273,2017-05-15,18780000,Promotion
12251,5273,2018-11-24,19650000,Market Correction
12252,5273,2020-06-03,21200000,Adjustment
12253,5273,2021-12-13,22180000,Adjustment
12254,5273,2023-06-23,24240000,Promotion
12255,5274,2016-04-05,12580000,Initial
12256,5274,2018-01-03,13640000,Promotion
12257,5274,2019-10-04,14870000,Adjustment
12258,5274,2021-07-03,15790000,Promotion
12259,5274,2023-04-03,16570000,Market Correction
12260,5275,2020-10-26,12620000,Initial
12261,5275,2022-11-29,13940000,Adjustment
12262,5276,2019-04-09,21480000,Initial
12263,5276,2021-03-07,23790000,Adjustment
12264,5276,2023-02-03,24780000,Adjustment
12265,5277,2018-04-02,38550000,Initial
12266,5277,2019-12-09,42990000,Adjustment
12267,5277,2021-08-17,47740000,Promotion
12268,5277,2023-04-25,51200000,Market Correction
12269,5278,2024-10-27,41690000,Initial
12270,5279,2016-11-02,23300000,Initial
12271,5279,2018-06-21,25210000,Market Correction
12272,5279,2020-02-07,27370000,Annual Raise
12273,5279,2021-09-26,29790000,Annual Raise
12274,5279,2023-05-15,32700000,Annual Raise
12275,5280,2018-04-02,20180000,Initial
12276,5280,2019-12-09,21040000,Adjustment
12277,5280,2021-08-17,22500000,Promotion
12278,5280,2023-04-25,23880000,Promotion
12279,5281,2018-01-13,18430000,Initial
12280,5281,2019-10-11,20430000,Annual Raise
12281,5281,2021-07-08,22400000,Market Correction
12282,5281,2023-04-05,23570000,Adjustment
12283,5282,2023-08-21,14900000,Initial
12284,5283,2024-10-23,15870000,Initial
12285,5284,2022-06-24,38410000,Initial
12286,5285,2017-12-08,10350000,Initial
12287,5285,2019-09-14,11520000,Annual Raise
12288,5285,2021-06-20,12680000,Annual Raise
12289,5285,2023-03-27,13680000,Adjustment
12290,5286,2019-08-31,15930000,Initial
12291,5286,2021-06-11,16830000,Market Correction
12292,5286,2023-03-23,17780000,Market Correction
12293,5287,2023-11-03,30670000,Initial
12294,5288,2015-07-08,31400000,Initial
12295,5288,2017-02-04,34130000,Annual Raise
12296,5288,2018-09-05,36220000,Adjustment
12297,5288,2020-04-04,39070000,Adjustment
12298,5288,2021-11-03,41990000,Adjustment
12299,5288,2023-06-03,44380000,Annual Raise
12300,5289,2016-02-22,37100000,Initial
12301,5289,2017-11-30,41320000,Market Correction
12302,5289,2019-09-08,43750000,Promotion
12303,5289,2021-06-16,45980000,Market Correction
12304,5289,2023-03-25,48360000,Market Correction
12305,5290,2015-03-12,15540000,Initial
12306,5290,2016-10-29,16680000,Annual Raise
12307,5290,2018-06-18,17620000,Promotion
12308,5290,2020-02-05,19280000,Adjustment
12309,5290,2021-09-24,21370000,Annual Raise
12310,5290,2023-05-14,23410000,Promotion
12311,5291,2021-04-04,28530000,Initial
12312,5291,2023-02-17,29670000,Annual Raise
12313,5292,2021-01-26,43840000,Initial
12314,5292,2023-01-14,48140000,Adjustment
12315,5293,2020-08-20,20790000,Initial
12316,5293,2022-10-26,22480000,Market Correction
12317,5294,2020-12-14,44030000,Initial
12318,5294,2022-12-23,48820000,Promotion
12319,5295,2015-05-08,23120000,Initial
12320,5295,2017-02-16,25240000,Market Correction
12321,5295,2018-11-28,26800000,Promotion
12322,5295,2020-09-09,28830000,Annual Raise
12323,5295,2022-06-21,30510000,Market Correction
12324,5296,2015-07-14,11480000,Initial
12325,5296,2017-02-09,12540000,Promotion
12326,5296,2018-09-09,13620000,Market Correction
12327,5296,2020-04-07,14440000,Market Correction
12328,5296,2021-11-05,15380000,Annual Raise
12329,5296,2023-06-04,16900000,Promotion
12330,5297,2016-06-22,11660000,Initial
12331,5297,2018-03-07,12870000,Promotion
12332,5297,2019-11-20,13540000,Promotion
12333,5297,2021-08-04,15150000,Adjustment
12334,5297,2023-04-19,16100000,Adjustment
12335,5298,2022-06-17,20000000,Initial
12336,5299,2024-03-06,20560000,Initial
12337,5300,2019-03-28,15700000,Initial
12338,5300,2020-11-08,17470000,Annual Raise
12339,5300,2022-06-22,18840000,Annual Raise
12340,5301,2021-11-08,14630000,Initial
12341,5301,2023-06-06,15410000,Promotion
12342,5302,2023-08-13,34770000,Initial
12343,5303,2017-08-24,24560000,Initial
12344,5303,2019-07-18,27290000,Adjustment
12345,5304,2020-08-05,39120000,Initial
12346,5304,2022-10-19,42820000,Adjustment
12347,5305,2022-09-05,29660000,Initial
12348,5306,2018-08-29,8360000,Initial
12349,5306,2020-03-30,9310000,Market Correction
12350,5306,2021-10-30,10240000,Market Correction
12351,5306,2023-06-01,10650000,Promotion
12352,5307,2015-01-26,10810000,Initial
12353,5307,2016-09-21,11860000,Market Correction
12354,5307,2018-05-19,13150000,Promotion
12355,5307,2020-01-14,14690000,Adjustment
12356,5307,2021-09-09,15810000,Market Correction
12357,5307,2023-05-07,16640000,Adjustment
12358,5308,2018-09-26,19320000,Initial
12359,5308,2020-04-20,21010000,Adjustment
12360,5308,2021-11-13,22790000,Annual Raise
12361,5308,2023-06-08,24060000,Promotion
12362,5309,2015-01-14,33880000,Initial
12363,5309,2016-09-11,36840000,Adjustment
12364,5309,2018-05-11,40790000,Market Correction
12365,5309,2020-01-08,44910000,Adjustment
12366,5309,2021-09-05,48070000,Annual Raise
12367,5309,2023-05-05,51580000,Annual Raise
12368,5310,2016-01-10,15510000,Initial
12369,5310,2017-10-26,17280000,Annual Raise
12370,5310,2019-08-13,18070000,Market Correction
12371,5310,2021-05-30,20030000,Promotion
12372,5310,2023-03-17,21500000,Market Correction
12373,5311,2017-08-28,35200000,Initial
12374,5311,2019-06-29,39370000,Market Correction
12375,5311,2021-04-30,41570000,Annual Raise
12376,5311,2023-03-02,44710000,Promotion
12377,5312,2020-07-19,7860000,Initial
12378,5313,2021-12-04,38140000,Initial
12379,5313,2023-06-19,40580000,Market Correction
12380,5314,2021-03-19,27420000,Initial
12381,5314,2023-02-09,29480000,Promotion
12382,5315,2016-11-28,20410000,Initial
12383,5315,2018-07-12,21610000,Adjustment
12384,5315,2020-02-23,22730000,Market Correction
12385,5315,2021-10-06,25010000,Market Correction
12386,5315,2023-05-20,26770000,Market Correction
12387,5316,2016-02-20,41540000,Initial
12388,5316,2017-11-28,45090000,Annual Raise
12389,5316,2019-09-07,50100000,Annual Raise
12390,5316,2021-06-15,55310000,Promotion
12391,5316,2023-03-25,57590000,Adjustment
12392,5317,2021-11-23,54420000,Initial
12393,5318,2020-12-07,33200000,Initial
12394,5318,2022-12-20,34800000,Adjustment
12395,5319,2017-11-24,17210000,Initial
12396,5319,2019-09-03,18760000,Promotion
12397,5319,2021-06-13,20780000,Promotion
12398,5319,2023-03-24,21690000,Promotion
12399,5320,2023-07-30,40890000,Initial
12400,5321,2018-05-03,37320000,Initial
12401,5321,2020-01-01,40580000,Annual Raise
12402,5321,2021-09-01,43960000,Annual Raise
12403,5321,2023-05-03,48590000,Annual Raise
12404,5322,2016-04-04,47770000,Initial
12405,5322,2018-01-02,50770000,Adjustment
12406,5322,2019-10-03,56450000,Market Correction
12407,5322,2021-07-03,59170000,Promotion
12408,5322,2023-04-03,65600000,Annual Raise
12409,5323,2022-11-16,28900000,Initial
12410,5324,2018-03-31,20340000,Initial
12411,5324,2019-12-08,22220000,Promotion
12412,5324,2021-08-16,24540000,Promotion
12413,5324,2023-04-25,26300000,Adjustment
12414,5325,2017-08-05,23900000,Initial
12415,5325,2019-06-12,24950000,Promotion
12416,5325,2021-04-19,26560000,Market Correction
12417,5325,2023-02-24,27650000,Promotion
12418,5326,2016-05-26,20660000,Initial
12419,5326,2018-02-13,22980000,Promotion
12420,5326,2019-11-03,24440000,Annual Raise
12421,5326,2021-07-24,25810000,Annual Raise
12422,5326,2023-04-13,28120000,Market Correction
12423,5327,2022-09-20,11740000,Initial
12424,5328,2015-06-03,18520000,Initial
12425,5328,2017-01-06,19500000,Promotion
12426,5328,2018-08-12,20870000,Annual Raise
12427,5328,2020-03-18,23340000,Promotion
12428,5328,2021-10-22,26030000,Market Correction
12429,5328,2023-05-28,28710000,Promotion
12430,5329,2024-02-09,26430000,Initial
12431,5330,2020-05-19,28030000,Initial
12432,5330,2021-12-02,30430000,Market Correction
12433,5330,2023-06-18,31860000,Adjustment
12434,5331,2017-01-23,10930000,Initial
12435,5331,2018-08-26,11820000,Adjustment
12436,5331,2020-03-28,12450000,Adjustment
12437,5331,2021-10-29,13540000,Promotion
12438,5331,2023-06-01,15140000,Promotion
12439,5332,2019-12-29,18210000,Initial
12440,5332,2021-08-30,19720000,Annual Raise
12441,5332,2023-05-02,20790000,Market Correction
12442,5333,2018-09-03,14120000,Initial
12443,5333,2020-04-03,15030000,Promotion
12444,5333,2021-11-02,15930000,Annual Raise
12445,5333,2023-06-03,17600000,Annual Raise
12446,5334,2016-02-20,15240000,Initial
12447,5334,2017-11-28,16860000,Market Correction
12448,5334,2019-09-07,17920000,Annual Raise
12449,5334,2021-06-15,18810000,Adjustment
12450,5334,2023-03-25,20660000,Promotion
12451,5335,2017-02-09,23610000,Initial
12452,5335,2018-09-08,26260000,Market Correction
12453,5335,2020-04-07,27790000,Adjustment
12454,5335,2021-11-04,30460000,Annual Raise
12455,5335,2023-06-04,32740000,Market Correction
12456,5336,2019-12-19,12000000,Initial
12457,5336,2021-08-23,12750000,Promotion
12458,5336,2023-04-28,13350000,Market Correction
12459,5337,2021-08-08,19660000,Initial
12460,5337,2023-04-21,22000000,Market Correction
12461,5338,2016-07-13,25030000,Initial
12462,5338,2018-03-23,26570000,Promotion
12463,5338,2019-12-02,28120000,Market Correction
12464,5338,2021-08-12,30700000,Adjustment
12465,5338,2023-04-23,32340000,Annual Raise
12466,5339,2022-01-20,18130000,Initial
12467,5340,2015-08-04,17690000,Initial
12468,5340,2017-02-27,19050000,Promotion
12469,5340,2018-09-23,20620000,Adjustment
12470,5340,2020-04-18,22510000,Adjustment
12471,5340,2021-11-12,23680000,Adjustment
12472,5340,2023-06-08,25840000,Annual Raise
12473,5341,2022-09-25,33450000,Initial
12474,5342,2020-05-18,31090000,Initial
12475,5343,2016-11-01,12060000,Initial
12476,5344,2018-03-23,23790000,Initial
12477,5344,2019-12-02,25260000,Annual Raise
12478,5344,2021-08-12,27340000,Annual Raise
12479,5344,2023-04-23,28840000,Adjustment
12480,5345,2021-12-11,15320000,Initial
12481,5345,2023-06-22,16790000,Annual Raise
12482,5346,2021-07-15,15030000,Initial
12483,5346,2023-04-09,16770000,Annual Raise
12484,5347,2024-03-28,17380000,Initial
12485,5348,2023-06-17,34720000,Initial
12486,5349,2017-01-03,15610000,Initial
12487,5349,2018-10-27,16850000,Annual Raise
12488,5349,2020-08-19,17880000,Adjustment
12489,5350,2024-03-12,14490000,Initial
12490,5351,2015-12-02,17360000,Initial
12491,5351,2017-06-07,18640000,Adjustment
12492,5351,2018-12-12,19960000,Promotion
12493,5351,2020-06-17,21570000,Promotion
12494,5351,2021-12-22,23380000,Market Correction
12495,5351,2023-06-28,25400000,Promotion
12496,5352,2017-12-11,6280000,Initial
12497,5352,2019-09-16,6940000,Promotion
12498,5352,2021-06-22,7680000,Annual Raise
12499,5352,2023-03-28,8590000,Annual Raise
12500,5353,2019-10-09,22320000,Initial
12501,5353,2021-07-07,24340000,Promotion
12502,5353,2023-04-05,26800000,Market Correction
12503,5354,2020-11-13,26250000,Initial
12504,5354,2022-12-08,29060000,Annual Raise
12505,5355,2017-05-09,9340000,Initial
12506,5355,2018-11-18,10180000,Market Correction
12507,5355,2020-05-30,11090000,Promotion
12508,5355,2021-12-10,12020000,Promotion
12509,5355,2023-06-22,12690000,Promotion
12510,5356,2023-09-11,16480000,Initial
12511,5357,2024-05-10,13220000,Initial
12512,5358,2021-06-19,28880000,Initial
12513,5359,2024-05-06,14770000,Initial
12514,5360,2016-08-28,32310000,Initial
12515,5360,2018-04-29,34100000,Adjustment
12516,5360,2019-12-30,37030000,Annual Raise
12517,5360,2021-08-30,41090000,Promotion
12518,5360,2023-05-02,42750000,Promotion
12519,5361,2017-06-24,18520000,Initial
12520,5361,2018-12-25,20480000,Annual Raise
12521,5361,2020-06-27,22180000,Promotion
12522,5361,2021-12-28,23480000,Adjustment
12523,5361,2023-07-01,25180000,Promotion
12524,5362,2023-05-08,25180000,Initial
12525,5363,2023-05-26,14620000,Initial
12526,5364,2015-03-23,21550000,Initial
12527,5364,2016-11-07,22520000,Adjustment
12528,5364,2018-06-25,24830000,Promotion
12529,5364,2020-02-11,27680000,Market Correction
12530,5364,2021-09-28,30100000,Adjustment
12531,5364,2023-05-16,31590000,Promotion
12532,5365,2023-10-30,24030000,Initial
12533,5366,2024-07-25,24010000,Initial
12534,5367,2018-12-02,10980000,Initial
12535,5367,2020-06-09,12160000,Annual Raise
12536,5367,2021-12-17,12660000,Market Correction
12537,5367,2023-06-25,13200000,Promotion
12538,5368,2022-09-27,18290000,Initial
12539,5369,2015-06-24,21420000,Initial
12540,5369,2017-01-23,22510000,Annual Raise
12541,5369,2018-08-26,24150000,Annual Raise
12542,5369,2020-03-28,25260000,Market Correction
12543,5369,2021-10-29,27400000,Market Correction
12544,5369,2023-06-01,28640000,Promotion
12545,5370,2017-05-19,24530000,Initial
12546,5370,2018-11-26,26320000,Annual Raise
12547,5370,2020-06-05,28370000,Market Correction
12548,5370,2021-12-14,29970000,Market Correction
12549,5370,2023-06-24,32840000,Market Correction
12550,5371,2022-10-26,18830000,Initial
12551,5372,2023-06-30,14990000,Initial
12552,5373,2020-09-18,59100000,Initial
12553,5373,2022-11-10,66050000,Market Correction
12554,5374,2018-12-17,23060000,Initial
12555,5374,2020-06-20,25020000,Adjustment
12556,5374,2021-12-24,26450000,Annual Raise
12557,5374,2023-06-29,28670000,Promotion
12558,5375,2022-01-10,30890000,Initial
12559,5376,2016-01-06,26100000,Initial
12560,5376,2017-10-23,27720000,Promotion
12561,5376,2019-08-11,29260000,Annual Raise
12562,5376,2021-05-28,30500000,Adjustment
12563,5376,2023-03-16,32260000,Adjustment
12564,5377,2015-12-19,21960000,Initial
12565,5377,2017-06-21,24480000,Adjustment
12566,5377,2018-12-23,26540000,Adjustment
12567,5377,2020-06-25,29350000,Annual Raise
12568,5377,2021-12-27,30730000,Annual Raise
12569,5377,2023-06-30,32780000,Market Correction
12570,5378,2021-07-23,45440000,Initial
12571,5378,2023-04-13,48000000,Annual Raise
12572,5379,2016-02-19,14990000,Initial
12573,5379,2017-11-27,16460000,Market Correction
12574,5379,2019-09-06,18000000,Market Correction
12575,5379,2021-06-15,20140000,Adjustment
12576,5379,2023-03-25,22040000,Market Correction
12577,5380,2022-05-27,24540000,Initial
12578,5381,2020-02-15,11470000,Initial
12579,5382,2019-08-06,31150000,Initial
12580,5383,2019-03-28,14170000,Initial
12581,5383,2021-02-27,14760000,Annual Raise
12582,5383,2023-01-30,15660000,Annual Raise
12583,5384,2015-11-10,18930000,Initial
12584,5385,2018-08-17,28170000,Initial
12585,5385,2020-03-21,31340000,Adjustment
12586,5385,2021-10-24,34230000,Adjustment
12587,5385,2023-05-29,38160000,Adjustment
12588,5386,2019-08-05,19660000,Initial
12589,5386,2021-05-24,20530000,Annual Raise
12590,5386,2023-03-14,21650000,Annual Raise
12591,5387,2015-06-03,9650000,Initial
12592,5387,2017-02-10,10570000,Adjustment
12593,5387,2018-10-22,11470000,Annual Raise
12594,5387,2020-07-01,12170000,Market Correction
12595,5388,2017-05-26,51940000,Initial
12596,5389,2016-07-04,9670000,Initial
12597,5389,2018-03-16,10120000,Market Correction
12598,5389,2019-11-27,10820000,Adjustment
12599,5389,2021-08-08,11650000,Promotion
12600,5389,2023-04-21,12900000,Market Correction
12601,5390,2022-02-08,24150000,Initial
12602,5391,2021-08-21,39250000,Initial
12603,5391,2023-04-27,43770000,Promotion
12604,5392,2021-06-13,9770000,Initial
12605,5392,2023-03-24,10400000,Annual Raise
12606,5393,2022-10-18,56790000,Initial
12607,5394,2021-05-22,16220000,Initial
12608,5394,2023-03-13,17840000,Promotion
12609,5395,2021-11-18,17900000,Initial
12610,5395,2023-06-11,19880000,Adjustment
12611,5396,2016-04-03,22460000,Initial
12612,5396,2018-01-02,24180000,Annual Raise
12613,5396,2019-10-03,26740000,Annual Raise
12614,5396,2021-07-03,29270000,Adjustment
12615,5396,2023-04-03,32440000,Annual Raise
12616,5397,2021-01-11,36070000,Initial
12617,5397,2023-01-06,39370000,Adjustment
12618,5398,2016-05-19,10280000,Initial
12619,5398,2018-02-07,11040000,Annual Raise
12620,5398,2019-10-30,12170000,Market Correction
12621,5398,2021-07-21,13500000,Market Correction
12622,5398,2023-04-12,14120000,Annual Raise
12623,5399,2024-01-15,22020000,Initial
12624,5400,2023-06-30,7550000,Initial
12625,5401,2017-04-11,17370000,Initial
12626,5401,2018-10-27,18590000,Promotion
12627,5401,2020-05-13,19370000,Annual Raise
12628,5401,2021-11-29,21360000,Adjustment
12629,5401,2023-06-16,22340000,Promotion
12630,5402,2020-09-08,50040000,Initial
12631,5402,2022-11-05,54360000,Adjustment
12632,5403,2020-09-28,31710000,Initial
12633,5403,2022-11-15,34010000,Adjustment
12634,5404,2023-07-14,50780000,Initial
12635,5405,2017-08-10,27270000,Initial
12636,5405,2019-06-16,28550000,Promotion
12637,5405,2021-04-21,31070000,Promotion
12638,5405,2023-02-25,33420000,Promotion
12639,5406,2018-11-30,13780000,Initial
12640,5406,2020-06-08,15170000,Promotion
12641,5406,2021-12-16,16950000,Annual Raise
12642,5406,2023-06-25,18580000,Adjustment
12643,5407,2017-02-02,9270000,Initial
12644,5407,2018-09-03,10020000,Promotion
12645,5407,2020-04-03,10960000,Market Correction
12646,5407,2021-11-02,11570000,Market Correction
12647,5407,2023-06-03,12680000,Adjustment
12648,5408,2023-10-31,21620000,Initial
12649,5409,2024-09-02,62810000,Initial
12650,5410,2020-01-19,19140000,Initial
12651,5410,2021-09-13,20820000,Promotion
12652,5410,2023-05-09,23000000,Adjustment
12653,5411,2015-09-29,9510000,Initial
12654,5411,2017-06-05,9950000,Adjustment
12655,5411,2019-02-10,10970000,Annual Raise
12656,5411,2020-10-18,12220000,Adjustment
12657,5411,2022-06-25,12780000,Market Correction
12658,5412,2016-02-13,15900000,Initial
12659,5412,2017-11-23,16670000,Market Correction
12660,5412,2019-09-03,18560000,Promotion
12661,5412,2021-06-13,19710000,Adjustment
12662,5412,2023-03-24,22060000,Promotion
12663,5413,2024-06-03,25100000,Initial
12664,5414,2023-01-05,15030000,Initial
12665,5415,2016-08-13,15610000,Initial
12666,5415,2018-04-17,16810000,Adjustment
12667,5415,2019-12-21,17740000,Annual Raise
12668,5415,2021-08-24,19540000,Annual Raise
12669,5415,2023-04-29,21300000,Annual Raise
12670,5416,2021-08-02,25180000,Initial
12671,5416,2023-04-18,27480000,Annual Raise
12672,5417,2017-11-13,18900000,Initial
12673,5417,2019-08-26,20410000,Adjustment
12674,5417,2021-06-08,21410000,Promotion
12675,5417,2023-03-21,23070000,Adjustment
12676,5418,2016-12-27,21790000,Initial
12677,5418,2018-08-04,22760000,Adjustment
12678,5418,2020-03-11,24540000,Market Correction
12679,5418,2021-10-18,26050000,Promotion
12680,5418,2023-05-26,27360000,Market Correction
12681,5419,2017-01-29,18040000,Initial
12682,5419,2018-08-30,18970000,Market Correction
12683,5419,2020-03-31,21050000,Promotion
12684,5419,2021-10-31,22340000,Market Correction
12685,5419,2023-06-02,24980000,Annual Raise
12686,5420,2016-12-07,8740000,Initial
12687,5420,2018-07-19,9530000,Promotion
12688,5420,2020-02-28,10270000,Annual Raise
12689,5420,2021-10-10,10760000,Market Correction
12690,5420,2023-05-22,11500000,Adjustment
12691,5421,2015-05-26,14910000,Initial
12692,5421,2016-12-30,15910000,Annual Raise
12693,5421,2018-08-07,16710000,Promotion
12694,5421,2020-03-14,17500000,Annual Raise
12695,5421,2021-10-19,18720000,Adjustment
12696,5421,2023-05-27,20780000,Adjustment
12697,5422,2022-09-17,12610000,Initial
12698,5423,2021-02-15,25000000,Initial
12699,5423,2023-01-24,26290000,Annual Raise
12700,5424,2016-09-12,18290000,Initial
12701,5424,2018-05-11,19980000,Market Correction
12702,5424,2020-01-08,21630000,Annual Raise
12703,5424,2021-09-05,23760000,Market Correction
12704,5424,2023-05-05,25110000,Annual Raise
12705,5425,2019-05-21,36300000,Initial
12706,5425,2021-04-04,38130000,Adjustment
12707,5425,2023-02-17,40320000,Promotion
12708,5426,2021-05-28,9170000,Initial
12709,5426,2023-03-16,9880000,Promotion
12710,5427,2015-02-10,12150000,Initial
12711,5427,2016-10-04,13350000,Promotion
12712,5427,2018-05-29,14750000,Adjustment
12713,5427,2020-01-21,16410000,Adjustment
12714,5427,2021-09-14,17850000,Adjustment
12715,5427,2023-05-09,18680000,Adjustment
12716,5428,2015-09-03,38210000,Initial
12717,5428,2017-04-13,40800000,Promotion
12718,5429,2015-04-17,7970000,Initial
12719,5429,2016-11-28,8590000,Annual Raise
12720,5429,2018-07-12,9290000,Adjustment
12721,5429,2020-02-23,9890000,Adjustment
12722,5429,2021-10-06,10600000,Market Correction
12723,5429,2023-05-20,11130000,Market Correction
12724,5430,2017-02-15,24300000,Initial
12725,5430,2018-09-13,26620000,Adjustment
12726,5430,2020-04-10,28480000,Market Correction
12727,5430,2021-11-07,31200000,Market Correction
12728,5430,2023-06-05,33900000,Annual Raise
12729,5431,2016-10-18,17700000,Initial
12730,5431,2018-06-09,18950000,Annual Raise
12731,5431,2020-01-29,19980000,Promotion
12732,5431,2021-09-20,21060000,Market Correction
12733,5431,2023-05-12,23010000,Promotion
12734,5432,2021-05-08,20280000,Initial
12735,5432,2023-01-09,22270000,Annual Raise
12736,5433,2020-07-23,24630000,Initial
12737,5434,2018-07-19,17540000,Initial
12738,5434,2020-02-28,18310000,Adjustment
12739,5434,2021-10-10,20430000,Adjustment
12740,5434,2023-05-22,22040000,Market Correction
12741,5435,2023-11-20,30710000,Initial
12742,5436,2020-04-25,24140000,Initial
12743,5436,2021-11-16,25300000,Market Correction
12744,5436,2023-06-10,27420000,Promotion
12745,5437,2019-07-26,13970000,Initial
12746,5438,2024-08-10,24530000,Initial
12747,5439,2016-01-16,13110000,Initial
12748,5439,2017-10-31,14140000,Market Correction
12749,5439,2019-08-17,15640000,Adjustment
12750,5439,2021-06-01,16980000,Adjustment
12751,5439,2023-03-18,18980000,Annual Raise
12752,5440,2017-05-29,28010000,Initial
12753,5440,2018-12-04,30120000,Annual Raise
12754,5440,2020-06-11,32600000,Market Correction
12755,5440,2021-12-18,35610000,Annual Raise
12756,5440,2023-06-26,39230000,Adjustment
12757,5441,2023-03-20,14960000,Initial
12758,5442,2018-06-03,18730000,Initial
12759,5442,2020-01-25,20700000,Market Correction
12760,5442,2021-09-17,23160000,Annual Raise
12761,5442,2023-05-11,24460000,Annual Raise
12762,5443,2024-11-27,17990000,Initial
12763,5444,2019-09-20,27210000,Initial
12764,5444,2021-06-24,30270000,Adjustment
12765,5444,2023-03-29,32760000,Promotion
12766,5445,2016-06-18,15350000,Initial
12767,5445,2018-03-03,16240000,Promotion
12768,5445,2019-11-17,17950000,Annual Raise
12769,5445,2021-08-02,20100000,Promotion
12770,5445,2023-04-18,21810000,Promotion
12771,5446,2023-01-28,28580000,Initial
12772,5447,2024-04-11,22690000,Initial
12773,5448,2019-04-15,28650000,Initial
12774,5449,2018-08-02,19640000,Initial
12775,5449,2020-03-10,21120000,Market Correction
12776,5449,2021-10-17,23440000,Market Correction
12777,5449,2023-05-26,24520000,Annual Raise
12778,5450,2016-11-30,6030000,Initial
12779,5450,2018-07-13,6360000,Annual Raise
12780,5450,2020-02-24,6720000,Promotion
12781,5450,2021-10-07,7390000,Adjustment
12782,5450,2023-05-21,8220000,Market Correction
12783,5451,2023-03-20,18650000,Initial
12784,5452,2020-05-15,21310000,Initial
12785,5452,2021-11-30,23000000,Market Correction
12786,5452,2023-06-17,24530000,Annual Raise
12787,5453,2017-05-26,18410000,Initial
12788,5453,2018-12-02,20620000,Promotion
12789,5453,2020-06-09,22560000,Promotion
12790,5453,2021-12-17,24890000,Annual Raise
12791,5453,2023-06-25,26830000,Market Correction
12792,5454,2018-07-01,15810000,Initial
12793,5454,2020-02-15,17260000,Adjustment
12794,5454,2021-10-01,19240000,Market Correction
12795,5454,2023-05-18,20690000,Annual Raise
12796,5455,2019-12-01,10590000,Initial
12797,5455,2021-08-11,11480000,Annual Raise
12798,5455,2023-04-22,12220000,Promotion
12799,5456,2021-05-31,22250000,Initial
12800,5457,2015-12-18,25470000,Initial
12801,5457,2017-06-20,28210000,Market Correction
12802,5457,2018-12-22,29520000,Promotion
12803,5457,2020-06-25,31980000,Market Correction
12804,5457,2021-12-27,33910000,Annual Raise
12805,5457,2023-06-30,36770000,Adjustment
12806,5458,2019-05-29,17110000,Initial
12807,5458,2021-04-09,19010000,Market Correction
12808,5458,2023-02-19,21230000,Annual Raise
12809,5459,2023-10-23,5560000,Initial
12810,5460,2020-09-19,21430000,Initial
12811,5460,2022-11-10,23550000,Promotion
12812,5461,2020-08-27,11410000,Initial
12813,5462,2018-07-28,24150000,Initial
12814,5462,2020-03-06,26970000,Promotion
12815,5462,2021-10-14,28480000,Market Correction
12816,5462,2023-05-24,31850000,Adjustment
12817,5463,2016-11-19,11870000,Initial
12818,5464,2022-09-12,29520000,Initial
12819,5465,2018-09-08,17850000,Initial
12820,5466,2015-03-16,44480000,Initial
12821,5466,2016-11-01,46450000,Promotion
12822,5466,2018-06-21,51710000,Adjustment
12823,5466,2020-02-07,55890000,Market Correction
12824,5466,2021-09-26,60820000,Annual Raise
12825,5466,2023-05-15,63410000,Adjustment
12826,5467,2023-05-05,13990000,Initial
12827,5468,2021-11-12,21760000,Initial
12828,5469,2016-05-11,21960000,Initial
12829,5469,2018-02-01,24400000,Promotion
12830,5469,2019-10-25,25830000,Market Correction
12831,5469,2021-07-18,27090000,Market Correction
12832,5469,2023-04-10,30190000,Promotion
12833,5470,2021-07-02,20990000,Initial
12834,5470,2023-04-02,22640000,Annual Raise
12835,5471,2024-03-14,41460000,Initial
12836,5472,2023-04-28,24730000,Initial
12837,5473,2023-04-20,37880000,Initial
12838,5474,2018-05-14,33070000,Initial
12839,5474,2020-01-10,36670000,Annual Raise
12840,5474,2021-09-07,39600000,Annual Raise
12841,5474,2023-05-06,42000000,Market Correction
12842,5475,2020-05-20,28160000,Initial
12843,5475,2021-12-03,29930000,Promotion
12844,5475,2023-06-18,32080000,Market Correction
12845,5476,2015-04-05,15990000,Initial
12846,5476,2016-11-18,17690000,Adjustment
12847,5476,2018-07-04,19390000,Adjustment
12848,5476,2020-02-17,20320000,Adjustment
12849,5476,2021-10-02,22110000,Adjustment
12850,5476,2023-05-18,24270000,Market Correction
12851,5477,2017-10-17,17440000,Initial
12852,5477,2019-08-06,18770000,Adjustment
12853,5477,2021-05-25,20490000,Adjustment
12854,5477,2023-03-14,22620000,Adjustment
12855,5478,2019-12-31,27500000,Initial
12856,5478,2021-08-31,30630000,Annual Raise
12857,5478,2023-05-02,32210000,Annual Raise
12858,5479,2018-07-27,17740000,Initial
12859,5479,2020-02-11,19620000,Market Correction
12860,5479,2021-08-28,21840000,Market Correction
12861,5480,2023-07-07,65270000,Initial
12862,5481,2017-02-13,12720000,Initial
12863,5481,2018-09-11,13830000,Promotion
12864,5481,2020-04-09,15360000,Market Correction
12865,5481,2021-11-06,16870000,Promotion
12866,5481,2023-06-05,18530000,Market Correction
12867,5482,2017-04-13,18280000,Initial
12868,5482,2018-10-29,19030000,Adjustment
12869,5482,2020-05-15,20800000,Adjustment
12870,5482,2021-11-30,22300000,Promotion
12871,5482,2023-06-17,23820000,Adjustment
12872,5483,2015-05-03,10030000,Initial
12873,5483,2016-12-11,10740000,Market Correction
12874,5483,2018-07-23,11310000,Adjustment
12875,5483,2020-03-02,11780000,Annual Raise
12876,5483,2021-10-12,12900000,Market Correction
12877,5483,2023-05-23,14430000,Annual Raise
12878,5484,2018-03-06,23100000,Initial
12879,5484,2019-11-19,25830000,Adjustment
12880,5484,2021-08-03,28460000,Promotion
12881,5484,2023-04-18,31120000,Adjustment
12882,5485,2019-11-05,27620000,Initial
12883,5485,2021-07-25,28890000,Promotion
12884,5485,2023-04-14,32110000,Adjustment
12885,5486,2021-03-04,28040000,Initial
12886,5487,2022-09-21,20280000,Initial
12887,5488,2021-09-09,24970000,Initial
12888,5488,2023-05-07,27230000,Annual Raise
12889,5489,2019-05-21,19110000,Initial
12890,5489,2021-02-12,20630000,Market Correction
12891,5490,2020-07-28,11910000,Initial
12892,5490,2022-10-15,13150000,Market Correction
12893,5491,2017-07-20,57850000,Initial
12894,5491,2019-05-31,60250000,Adjustment
12895,5491,2021-04-11,63260000,Adjustment
12896,5491,2023-02-20,68050000,Market Correction
12897,5492,2019-08-13,44900000,Initial
12898,5492,2021-05-30,49270000,Promotion
12899,5492,2023-03-17,52340000,Market Correction
12900,5493,2015-03-13,16880000,Initial
12901,5494,2021-03-09,38770000,Initial
12902,5494,2023-02-04,40400000,Adjustment
12903,5495,2015-10-12,10670000,Initial
12904,5495,2017-04-25,11760000,Market Correction
12905,5495,2018-11-08,12410000,Annual Raise
12906,5495,2020-05-22,13900000,Market Correction
12907,5495,2021-12-05,15240000,Market Correction
12908,5495,2023-06-19,16710000,Adjustment
12909,5496,2021-05-01,11980000,Initial
12910,5497,2020-03-18,18150000,Initial
12911,5497,2021-10-22,19180000,Promotion
12912,5497,2023-05-28,20280000,Adjustment
12913,5498,2019-07-31,14640000,Initial
12914,5499,2020-02-21,46700000,Initial
12915,5500,2017-04-01,15390000,Initial
12916,5500,2018-10-19,17150000,Annual Raise
12917,5500,2020-05-07,19130000,Market Correction
12918,5500,2021-11-25,20590000,Promotion
12919,5500,2023-06-14,21940000,Annual Raise
