employee_id,full_name,gender,dept_id,job_level,city,employment_type,hire_date,termination_date,status,monthly_salary_idr,satisfaction_score,last_performance_score,manager_id
1001,"Balidin Dongoran, S.T.",L,9,Junior,Bandung,Permanent,2015-04-13,,active,16680000,4.2,3.2,5095
1002,Darmana Mandala,Male,7,Mid,Medan,Permanent,2022-08-03,,ACTIVE,16330000,3.2,3.4,3090
1003,"Ciaobella Wastuti, M.Pd",P,2,Mid,Bandung,Permanent,2015-05-11,2018-04-20,Resigned,25570000,4.5,4.0,3357
1004,Lantar Anggraini,Male,7,Mid,Yogyakarta,Permanent,04/17/2021,2024-11-03,resigned,14590000,2.5,3.6,2039
1005,Among Iswahyudi,female,5,Senior,Bandung,Permanent,01/29/2024,,Active,Rp30.100.000,4.9,3.8,2689
1006,Daruna Mayasari,,2,Junior,,Permanent,12-02-2018,,active,20600000,4.3,4.0,2786
1007,CUT PUTRI NAPITUPULU,P,3,Junior,Surabaya,Permanent,2016-02-01,,Active,19990000,2.6,4.1,1825
1008,"Sadina Palastri, S.Farm",L,7,Junior,Jakarta,Probation,2023-03-08,,ACTIVE,12020000,,3.7,2905
1009,ikin rahmawati,Female,6,Mid,Remote,Permanent,2015-11-19,,ACTIVE,19610000,3.8,3.6,1724
1010,Yessi Ardianto,Female,8,Lead,Jakarta,Permanent,22-06-2021,,active,44500000,3.2,3.9,5008
1011,"KH.  Capa  Anggraini,  S.Psi",male,2,Mid,Jakarta,Contract,2023-09-02,,ACTIVE,Rp27.250.000,3.8,3.5,3625
1012,Eva Pratama,male,6,Mid,Remote,Contract,06/04/2019,,active,20570000,5.0,3.6,5382
1013,"Tgk. Baktiono Iswahyudi, S.Sos",M,5,Junior,Remote,Permanent,25-02-2019,,active,15600000,3.3,3.0,2579
1014,GATOT SITUMORANG,Male,4,Mid,Medan,Permanent,31-10-2021,,Active,23260000,,3.6,5248
1015,Tgk. Yani Gunawan,male,9,Mid,Remote,Permanent,2020-03-08,,ACTIVE,18010000,3.1,3.6,1784
1016,"michelle nasyiah, s.ip",M,1,Lead,Jakarta,Permanent,2022-09-05,,ACTIVE,53190000,3.9,1.8,4223
1017,Cindy Puspasari,male,7,Lead,Surabaya,,11/01/2024,,ACTIVE,30890000,2.6,3.7,2112
1018,YANCE UTAMI,female,9,Mid,Yogyakarta,Contract,2017-05-20,,active,22610000,4.6,2.9,3288
1019,dr. ratih nababan,Female,5,Senior,Bandung,Permanent,2016-08-08,,ACTIVE,35670000,5.0,3.9,3224
1020,"BETANIA GUNAWAN, S.H.",P,1,Head,Medan,Permanent,18-05-2023,,ACTIVE,91010000,2.5,3.5,
1021,"  T. Bahuwirya Pradipta, S.IP ",Male,2,Mid,,Permanent,20/07/2016,,active,31250000,2.4,3.5,2602
1022,Indah Hasanah,male,9,Junior,Remote,Permanent,18/09/2016,,Active,14960000,5.0,3.5,2600
1023,"  Rafid Utama, S.E. ",Male,3,Mid,Yogyakarta,Permanent,2019-04-26,,Active,30890000,3.5,2.9,5409
1024,kamila pranowo,M,5,Senior,Remote,Contract,18/08/2022,,ACTIVE,26570000,2.5,3.6,2921
1025,"EMAS ZULAIKA, S.PT",P,10,Senior,Jakarta,Permanent,2023-08-15,,active,24570000,3.0,2.2,2873
1026,  Hj. Ella Nasyidah ,M,6,Mid,,Permanent,2020-02-02,2024-08-17,Resigned,21450000,3.2,3.4,3850
1027,"Hesti Marpaung, M.M.",L,5,Intern,Remote,Permanent,10-09-2020,,Active,8940000,2.1,4.0,2636
1028,Humaira Uyainah,M,7,Senior,Bandung,Permanent,18/09/2016,,active,21770000,4.6,3.4,4053
1029,"Puti Prasetya, S.Psi",M,1,Junior,Jakarta,Probation,2021-09-19,2022-04-06,Resigned,18590000,1.6,2.9,1548
1030,"Cut Ghaliyati Firmansyah, S.Psi",female,3,Lead,Jakarta,Permanent,09/07/2017,2024-07-15,RESIGNED,61960000,2.4,3.3,3069
1031,hasna haryanto,female,2,Senior,,Permanent,2024-02-25,2024-09-24,resigned,43350000,3.2,3.6,1565
1032,VINO PURNAWATI,male,2,Mid,Medan,Permanent,2017-12-21,,ACTIVE,27900000,3.2,4.3,2468
1033,"Iriana Prabowo, M.Kom.",L,1,Mid,Remote,Permanent,01/17/2021,,ACTIVE,30130000,5.0,3.8,4372
1034,SYAHRINI HARYANTI,female,5,Mid,Remote,Permanent,23/06/2019,,ACTIVE,23590000,,2.6,3790
1035,Eman Mandala,Female,7,Lead,Jakarta,Permanent,2016-05-10,,active,33680000,3.1,3.4,4530
1036,Panca Purwanti,male,8,Lead,,Permanent,07/08/2021,,ACTIVE,40670000,,3.1,4844
1037,t. pangeran padmasari,male,10,Junior,Surabaya,Permanent,26-07-2017,2018-05-30,RESIGNED,13200000,2.4,3.6,2791
1038,RESTU WACANA,Male,8,Mid,Bandung,Permanent,2018-02-14,,active,25620000,,3.4,3129
1039,Gawati Mandala,Female,2,Manager,Yogyakarta,Permanent,2017-09-22,,active,69440000,5.0,2.9,3603
1040,drg. Bakijan Hardiansyah,L,2,Senior,Yogyakarta,Permanent,23/05/2022,,ACTIVE,39430000,5.0,3.8,3490
1041,"Puti Eva Utami, S.E.",L,3,Senior,Remote,Permanent,07/21/2022,,Active,39340000,3.8,2.5,2654
1042,"Ir. Indra Riyanti, S.Pt",Female,6,Junior,Jakarta,Permanent,02/03/2023,,Active,12190000,3.4,4.5,1633
1043,Kezia Riyanti,M,4,Mid,Yogyakarta,Permanent,2021-01-05,,ACTIVE,25190000,4.2,3.9,5241
1044,paris ramadan,P,10,Mid,Jakarta,Permanent,20/10/2017,,Active,Rp19.130.000,2.1,3.9,2838
1045,dt. maman latupono,M,1,Junior,Medan,Contract,27/07/2015,,active,22060000,3.2,2.9,1529
1046,"Timbul Nasyiah, S.T.",male,8,Junior,,Permanent,14-06-2023,,Active,16960000,2.6,4.6,3568
1047,"Ir. Ganep Kusumo, S.Pd",Female,10,Senior,Jakarta,Permanent,25/05/2017,,active,24480000,4.0,2.6,2218
1048,endah hasanah,Male,10,Manager,Yogyakarta,Permanent,19/05/2019,,Active,48480000,,2.7,2147
1049,Xanana Saptono,P,7,Mid,Bandung,Probation,2016-09-26,,ACTIVE,17080000,3.6,3.7,5432
1050,KH. Cemani Mayasari,Male,4,Mid,Jakarta,Permanent,2023-05-22,,Active,23190000,3.0,3.0,4345
1051,Tedi Utami,L,6,Junior,Jakarta,Contract,21/08/2015,,ACTIVE,Rp15.540.000,3.3,4.4,2019
1052,  Zaenab Uyainah ,M,8,Mid,Bandung,Permanent,2021-09-03,,Active,22100000,4.7,3.2,2519
1053,DRS. DALIMIN MANGUNSONG,Male,1,Mid,Medan,Permanent,2021-06-29,,active,27700000,3.7,3.8,2587
1054,  Vanesa Marpaung ,F,5,Senior,Remote,Permanent,12/04/2017,,ACTIVE,37190000,4.6,3.4,2684
1055,KH.  Virman  Nuraini,F,3,Mid,Surabaya,Permanent,10/06/2019,2023-07-20,Resigned,29410000,,2.7,2344
1056,Liman Sinaga,M,6,Junior,Medan,Probation,08/02/2015,,ACTIVE,16280000,2.9,3.1,4292
1057,Anita Kusumo,L,9,Junior,Bandung,Probation,11/01/2021,2023-01-04,RESIGNED,12180000,2.7,3.5,1400
1058,Yance Samosir,M,7,Senior,,Permanent,2024-11-10,,Active,Rp20.240.000,2.8,3.1,4464
1059,ASMIANTO PERMADI,female,10,Junior,Remote,Permanent,10/11/2021,,active,12210000,3.0,3.8,2219
1060,Puti Chelsea Laksita,female,7,Mid,Surabaya,Permanent,06/10/2022,2023-04-23,Resigned,16510000,3.1,2.7,1428
1061,"puti vanya nasyidah, s.e.i",M,8,Mid,,Permanent,2023-04-29,,ACTIVE,21770000,2.9,4.6,3972
1062,  Maryanto Kusmawati ,Male,9,Mid,Remote,Permanent,18-01-2023,,Active,19440000,3.6,3.6,1746
1063,R.M. Eman Nuraini,female,10,Junior,Jakarta,Permanent,01/09/2020,,Active,12120000,2.9,3.7,2260
1064,"Ir. Lintang Prabowo, M.Pd",F,1,Junior,Jakarta,Permanent,20/04/2024,,active,19770000,4.0,2.8,2773
1065,"H. Muhammad Pangestu, S.Pd",M,5,Manager,Bandung,Permanent,2022-02-22,,ACTIVE,46800000,4.1,3.7,4164
1066,Salsabila Yulianti,F,2,Junior,Remote,Contract,2021-04-16,2022-03-16,RESIGNED,22070000,2.9,3.2,4777
1067,maida maryati,L,10,Senior,Medan,Permanent,2024-05-11,,Active,22110000,5.0,2.3,1603
1068,devi prayoga,male,3,Head,Jakarta,Contract,06/21/2015,,Active,92860000,3.2,2.6,
1069,Atma Sirait,male,2,Senior,Jakarta,Permanent,2022-08-25,,ACTIVE,40920000,4.0,3.1,2899
1070,Lanjar Puspasari,female,7,Mid,Bandung,Contract,17/12/2021,,Active,14960000,2.1,3.3,2736
1071,Lanjar Prasetya,male,3,Junior,Bandung,Permanent,19/11/2024,,ACTIVE,15470000,4.3,4.4,2344
1072,bagus usamah,Female,3,Mid,Remote,Contract,10/10/2023,,Active,25650000,4.4,4.0,3081
1073,Dartono Hidayat,L,9,Junior,Yogyakarta,Contract,2017-12-28,2019-09-11,resigned,11640000,3.7,5.0,2756
1074,Satya Sitompul,female,3,Senior,Yogyakarta,Permanent,2017-06-30,,Active,41120000,3.9,4.8,5171
1075,Kamidin Prakasa,male,1,Lead,Yogyakarta,Permanent,07/02/2017,2020-02-28,RESIGNED,64580000,2.9,2.9,1471
1076,Salsabila Laksita,L,7,Junior,Remote,Permanent,2023-09-03,,active,Rp10.930.000,3.3,3.2,2007
1077,Kayun Mustofa,Female,9,Junior,Surabaya,Permanent,2015-04-24,,ACTIVE,12920000 ,4.7,2.9,1606
1078,"QUEEN PERMATA, M.KOM.",female,6,Lead,Surabaya,Permanent,06/06/2015,2020-10-16,RESIGNED,44560000,2.4,1.6,3030
1079,  Purwanto Kusmawati ,F,2,Senior,Medan,Permanent,23-11-2019,,Active,38180000,,3.6,4498
1080,"  dr. Dadap Kuswoyo, S.IP ",L,5,Mid,Jakarta,Permanent,2017-11-09,2023-03-29,resigned,Rp19.890.000,3.1,3.6,3934
1081,"Irfan Thamrin, S.Farm",Male,2,Mid,Remote,Probation,31/01/2019,,active,27130000,3.7,3.3,1918
1082,NADIA HABIBI,female,8,Lead,Remote,Contract,2022-06-10,,active,46760000,3.5,3.9,2414
1083,"Martani Yuliarti, S.IP",Female,5,Senior,,Permanent,2022-06-24,,ACTIVE,29690000,4.4,2.4,4469
1084,HADI SIRAIT,male,4,Junior,Yogyakarta,Permanent,24/02/2017,,ACTIVE,18060000,3.4,3.2,3747
1085,"R. Drajat Nababan, S.Kom",L,10,Lead,Yogyakarta,Permanent,2021-11-26,,ACTIVE,32930000,2.6,4.1,2951
1086,drg. Cahyono Anggraini,L,1,Senior,Yogyakarta,Contract,2018-05-29,,ACTIVE,Rp44.750.000,4.5,3.0,3621
1087,estiawan hariyah,female,1,Junior,Remote,Permanent,03/19/2020,,Active,21230000,4.5,3.6,1921
1088,taufan hutagalung,Female,8,Mid,Remote,Permanent,11/26/2023,,active,21670000,4.1,2.7,1783
1089,Yani Pudjiastuti,L,6,Mid,Remote,Permanent,03/08/2018,,active,22030000,2.2,4.2,2810
1090,Asirwanda Yulianti,male,4,Senior,Bandung,Permanent,06/03/2024,,active,33600000,4.2,2.6,4731
1091,  Dt. Bakiman Prakasa ,Male,4,Mid,,Permanent,17/01/2024,2024-07-21,RESIGNED,23040000,3.5,3.3,1983
1092,Hasim Laksita,P,9,Lead,Jakarta,Permanent,08/11/2021,,Active,39630000,2.9,4.0,3798
1093,  Gabriella Wacana ,Male,5,Mid,Yogyakarta,Permanent,21/01/2023,,ACTIVE,22600000,3.0,3.5,4566
1094,Catur Wibowo,L,4,Intern,Jakarta,Permanent,2022-05-11,,ACTIVE,9210000,3.4,3.0,2979
1095,  Harsaya Saptono ,Male,6,Mid,Remote,Permanent,2016-12-21,,active,23150000,4.3,3.5,2586
1096,"  KH. Jaeman Suwarno, S.Farm ",Male,6,Intern,Jakarta,Permanent,2021-04-02,,ACTIVE,7110000,3.9,3.6,4084
1097,"Uchita Puspita, M.Kom.",F,10,Lead,Medan,Permanent,2022-06-27,,ACTIVE,34650000,,3.2,2218
1098,DADAP SIHOMBING,female,9,Lead,Medan,Permanent,2021-11-14,,Active,38690000,1.6,4.4,2707
1099,  Asmianto Prastuti ,P,6,Mid,Yogyakarta,Permanent,13-10-2016,,active,22280000,4.3,3.6,2392
1100,"puput halim, s.psi",Male,10,Mid,Medan,Permanent,2024-06-02,,active,17550000,2.3,3.9,2792
1101,  Asirwanda Padmasari ,L,3,Junior,Remote,Permanent,01/29/2018,,active,18970000,2.9,2.8,2829
1102,Olivia Nuraini,Female,4,Senior,Medan,Permanent,07-10-2018,,ACTIVE,33300000,4.1,2.4,5254
1103,Asmianto Melani,,4,Head,Bandung,Permanent,05-08-2017,,active,87240000,4.9,2.4,
1104,  Soleh Nashiruddin ,M,4,Junior,Medan,Permanent,2019-08-27,,active,16980000,3.3,2.7,4166
1105,Legawa Hidayat,M,5,Senior,,Contract,2017-04-27,,active,32660000,4.5,2.5,4576
1106,"Setya Prakasa, S.Sos",M,6,Lead,Medan,Permanent,2024-08-10,,active,34270000,2.5,4.2,1573
1107,Wardaya Purnawati,male,9,Junior,Yogyakarta,Contract,11/12/2018,,active,14990000,,4.8,1409
1108,  Labuh Riyanti ,,5,Senior,Medan,Contract,13/01/2021,,Active,33110000,4.0,4.1,2101
1109,Lukman Hutapea,L,2,Manager,Yogyakarta,Permanent,22-06-2020,,active,73100000,3.5,3.7,3603
1110,Sakura Padmasari,Female,1,Junior,Yogyakarta,Permanent,08-10-2018,,Active,Rp21.530.000,3.8,3.5,3103
1111,Drs. Iriana Rajata,female,6,Senior,Medan,Permanent,06/06/2016,,Active,33170000,3.6,4.3,5491
1112,Mulyono Sihotang,P,1,Senior,Jakarta,Permanent,2021-08-21,,ACTIVE,38090000,3.3,3.0,4318
1113,Eman Widodo,,4,Mid,Bandung,Permanent,09-07-2016,,active,27600000,5.0,3.1,5199
1114,Mumpuni Yuliarti,Female,10,Junior,Surabaya,Permanent,09/02/2018,,Active,12310000,4.1,3.5,2012
1115,Michelle Sihotang,P,4,Senior,Yogyakarta,Permanent,13/02/2018,,active,32180000,,4.0,1685
1116,"r. adika haryanti, m.ak",,2,Mid,Jakarta,Probation,10-04-2020,2023-10-16,Resigned,27990000,4.4,4.1,2469
1117,Puti Belinda Nasyiah,P,8,Junior,Remote,Permanent,2017-07-07,,Active,16470000,2.7,3.2,4322
1118,  Jono Saptono ,male,10,Intern,Jakarta,Permanent,2017-10-09,,ACTIVE,6340000,4.9,4.6,5355
1119,Wardi Tampubolon,L,7,Mid,Jakarta,Permanent,01-06-2016,,active,15300000,5.0,4.9,2275
1120,Tasnim Prasasta,male,7,Intern,,Permanent,19/03/2020,,Active,5530000 ,2.8,3.5,2232
1121,Intan Manullang,Male,3,Senior,Surabaya,Permanent,2023-09-21,,ACTIVE,43330000,3.7,2.5,5480
1122,Zahra Palastri,Male,1,Junior,Yogyakarta,Permanent,01-07-2018,,active,19960000,3.8,2.9,2108
1123,"Ilsa Suryatmi, M.TI.",Male,5,Senior,Remote,Permanent,08/11/2015,,active,36610000,3.2,4.4,4790
1124,Mulyanto Puspasari,F,8,Junior,Jakarta,Contract,2024-07-14,,active,15060000,3.1,3.2,3881
1125,SALIMAH JAILANI,Male,2,Mid,Remote,Permanent,23-11-2018,,active,30030000,2.0,2.9,4515
1126,eman latupono,P,4,Manager,Yogyakarta,Permanent,21/02/2015,,active,62110000,4.5,3.3,1830
1127,Paiman Puspasari,P,3,Mid,Yogyakarta,Permanent,16-02-2022,,ACTIVE,Rp27.470.000,3.7,4.6,1247
1128,Empluk Suryono,P,1,Mid,Remote,Permanent,2016-12-22,,active,28090000,3.1,1.9,2271
1129,R.A. Tina Siregar,female,9,Mid,Remote,Permanent,19/03/2020,,ACTIVE,18450000,3.5,2.9,5369
1130,Mahfud Usada,P,6,Mid,Jakarta,Permanent,20/07/2024,,active,18940000,5.0,4.6,2810
1131,"Tgk. Ophelia Lestari, S.T.",Female,1,Mid,Medan,Permanent,25/09/2017,,ACTIVE,36610000,3.1,3.4,1905
1132,"CUT CORNELIA USADA, S.FARM",female,2,Mid,Bandung,Permanent,09/10/2018,2022-11-28,Resigned,26270000,4.8,3.6,5278
1133,"Tgk. Aurora Adriansyah, S.Psi",P,5,Junior,Medan,Permanent,12/12/2023,2024-08-19,RESIGNED,14320000,3.0,3.4,4883
1134,"R.M. MAKUTA SAPTONO, S.E.",Female,6,Manager,Jakarta,Permanent,03/26/2021,2022-10-18,RESIGNED,44660000,4.3,3.7,1219
1135,"Maimunah Puspasari, S.Farm",Female,5,Junior,Bandung,Permanent,06/24/2020,,Active,15220000,3.7,3.2,3962
1136,DT. BALIDIN HUTAGALUNG,P,10,Lead,Jakarta,Permanent,10-01-2020,,Active,31990000,,4.9,2342
1137,"Eka Palastri, S.Gz",female,5,Lead,,Permanent,04-10-2022,,Active,41490000,3.7,3.9,4164
1138,"dr. Restu Puspasari, S.E.I",P,3,Senior,Yogyakarta,Probation,17-03-2021,,ACTIVE,45140000,3.4,3.1,2456
1139,Dian Gunarto,Female,1,Lead,Surabaya,Permanent,12-12-2018,,ACTIVE,57280000,4.2,3.3,1020
1140,Karimah Gunarto,M,9,Senior,Surabaya,Permanent,09/05/2016,,ACTIVE,32450000,2.8,2.0,3599
1141,Fathonah  Zulaika,male,9,Senior,Yogyakarta,Permanent,23/02/2017,,active,28150000,5.0,4.2,4858
1142,Mulyanto Jailani,P,3,Mid,Surabaya,Permanent,16-02-2016,,ACTIVE,30500000,3.5,2.4,4146
1143,  Victoria Purwanti ,L,10,Junior,Bandung,Permanent,2018-05-23,2024-11-14,RESIGNED,12280000,3.9,3.4,2219
1144,"drg. Raina Mangunsong, S.H.",M,6,Mid,Bandung,Permanent,16-03-2021,,Active,21200000,4.3,2.4,3237
1145,"R. Wirda Nugroho, S.Farm",female,3,Junior,Medan,Permanent,25-02-2016,,Active,22490000,3.9,3.1,2503
1146,CEMANI SITORUS,P,3,Junior,Jakarta,Permanent,10/12/2019,,ACTIVE,19140000,5.0,3.8,3335
1147,"dr. Rama Winarsih, S.H.",female,4,Senior,Yogyakarta,Permanent,04/12/2016,,Active,32130000,3.9,4.2,1575
1148,Endah Kurniawan,Male,5,Mid,Surabaya,Permanent,13/09/2016,2023-07-04,Resigned,21310000,3.2,3.1,1786
1149,Ani Halimah,M,6,Junior,Yogyakarta,,30/04/2016,,ACTIVE,Rp13.740.000,4.2,3.1,3279
1150,Daliono Haryanti,male,1,Mid,,Contract,2023-09-13,,ACTIVE,Rp29.030.000,4.4,3.1,1183
1151,Ina Pradana,Female,8,Mid,Yogyakarta,Permanent,2024-08-24,,ACTIVE,18280000,2.2,4.3,2403
1152,Ajiono Wahyuni,L,7,Lead,Jakarta,Probation,2021-11-02,,active,26380000,3.6,5.0,4158
1153,  Heru Sitompul ,M,9,Head,Jakarta,Permanent,2022-01-06,2024-05-11,Resigned,Rp51.220.000,2.7,2.9,
1154,Zelaya Hidayat,Male,4,Senior,Yogyakarta,Permanent,2021-03-10,2021-09-11,resigned,34530000,3.2,2.5,3009
1155,"T.  Gara  Yuniar,  M.TI.",F,3,Junior,Remote,Permanent,07-04-2018,2021-12-27,resigned,22570000,3.1,3.7,1975
1156,Shania Nasyiah,P,7,Mid,Surabaya,Contract,2015-10-19,,Active,18890000,2.4,2.7,1955
1157,ana latupono,Male,8,Mid,Bandung,Permanent,10/08/2019,,active,24520000,3.6,3.7,5370
1158,ELMA PRASTUTI,female,3,Mid,Bandung,Contract,2024-04-08,2024-10-12,resigned,27350000,4.1,3.9,3396
1159,ANI KURNIAWAN,F,10,Mid,Remote,Permanent,2019-12-04,,active,17530000,3.7,3.3,4261
1160,drg. jelita sihotang,F,5,Junior,Yogyakarta,Permanent,20/01/2018,,Active,16000000,1.6,3.5,2579
1161,Rachel Melani,male,7,Junior,Medan,Permanent,2019-11-05,,ACTIVE,11100000,3.8,4.0,1891
1162,Harsana Permata,L,1,Senior,Medan,Permanent,26/07/2017,,ACTIVE,Rp46.560.000,,4.5,4982
1163,Dodo Gunawan,male,9,Junior,Surabaya,Permanent,30/07/2023,,active,12290000,3.4,3.2,4176
1164,"maya adriansyah, m.ti.",L,3,Senior,Yogyakarta,Contract,11/04/2020,,Active,43060000,4.0,4.0,3385
1165,"Dr. Mahfud Winarsih, S.Kom",L,1,Mid,Yogyakarta,Probation,25/07/2021,,ACTIVE,28770000,2.7,3.3,1355
1166,Mala Hidayat,female,10,Senior,Surabaya,Permanent,11/26/2018,,ACTIVE,23590000,2.6,3.9,3289
1167,"viman sitompul, m.ak",Male,2,Senior,Yogyakarta,Permanent,12-09-2018,,active,41890000,2.9,3.2,3630
1168,Salimah Maheswara,F,6,Senior,Jakarta,Permanent,15-02-2024,,ACTIVE,26000000,,4.2,1199
1169,"ifa mayasari, s.pd",P,6,Lead,Yogyakarta,Contract,2017-10-30,,ACTIVE,47800000,3.1,4.0,4525
1170,"Hasan Simbolon, S.Sos",Male,6,Manager,Yogyakarta,Permanent,17/05/2022,,active,48900000,3.1,3.4,1219
1171,"Ida Puspasari, S.E.I",male,6,Intern,Yogyakarta,Permanent,24/10/2020,,Active,5760000,3.3,3.7,2066
1172,Imam Widiastuti,Male,6,Mid,Bandung,Probation,2017-04-13,,active,21610000,3.0,3.4,5013
1173,Shania Natsir,female,4,Junior,Jakarta,Permanent,2024-11-16,,Active,17070000,,3.8,4971
1174,Ir. Ilsa Waskita,male,7,Lead,Medan,Permanent,17/12/2022,,Active,34670000,5.0,3.8,4839
1175,Dt. Gadang Suwarno,P,5,Mid,Jakarta,Permanent,01/17/2016,,ACTIVE,24300000,3.7,3.2,5203
1176,Irfan Prastuti,M,6,Lead,Yogyakarta,Probation,07/04/2022,,Active,36870000,3.8,2.3,2825
1177,Hj. Janet Hastuti,female,1,Mid,Yogyakarta,Contract,15-09-2020,,Active,31130000,3.1,3.1,4122
1178,Maimunah Wulandari,Female,2,Mid,Bandung,Permanent,09/25/2017,,active,30780000 ,4.1,2.3,1327
1179,Kajen Kusmawati,Male,3,Senior,Yogyakarta,Permanent,09/09/2024,,ACTIVE,43430000,,3.7,1668
1180,"KH. OMAN NARPATI, S.PT",F,6,Senior,Surabaya,Contract,14-03-2024,2024-12-11,resigned,24820000,2.0,2.7,1494
1181,OLIVA WIJAYANTI,P,8,Senior,Medan,Permanent,14/09/2024,,active,28950000,4.1,3.8,4711
1182,"Lukman Sitorus, S.Pt",F,10,Junior,Yogyakarta,Permanent,10/03/2021,,Active,11130000,3.2,5.0,3488
1183,"R.A. Samiah Saragih, S.H.",Female,1,Senior,Remote,,2024-10-01,,active,38750000,4.3,3.5,4595
1184,"Sutan  Cakrajiya  Dongoran,  S.Gz",P,9,Senior,Yogyakarta,Permanent,14/08/2017,,Active,32670000,1.8,3.8,5321
1185,Jaswadi Suryatmi,Female,5,Senior,Yogyakarta,Permanent,28/11/2022,,Active,27630000,5.0,4.4,2610
1186,"PUTI MUTIA AGUSTINA, M.FARM",male,3,Mid,Bandung,Permanent,2020-07-21,,active,30520000,3.2,4.0,4648
1187,  Nasim Winarno ,Female,8,Mid,,Permanent,2024-10-02,,ACTIVE,18730000,1.0,4.0,3915
1188,LALITA PRASASTA,Female,7,Senior,Yogyakarta,Contract,2015-03-04,,Active,25390000,3.1,3.8,2617
1189,  Marwata Ardianto ,M,7,Intern,Surabaya,Permanent,03/11/2015,,active,5650000,2.8,2.8,2751
1190,"KH. Timbul Kurniawan, S.Farm",Female,7,Mid,Remote,,15-04-2022,2023-09-13,resigned,13300000,1.6,4.0,1584
1191,Cecep Maryati,F,9,Junior,Yogyakarta,Contract,07/21/2018,,active,13770000,4.3,3.8,2707
1192,alika puspita,Male,1,Junior,Remote,Probation,04/12/2021,2024-03-09,Resigned,21600000,,2.7,2773
1193,Vero Maheswara,male,4,Junior,Jakarta,Permanent,05/17/2023,,ACTIVE,16450000,5.0,4.2,4275
1194,Diana Hariyah,male,3,Junior,Jakarta,Permanent,23/12/2019,2022-02-23,resigned,16840000,2.3,4.0,3158
1195,"  Karta Purwanti, M.Ak ",Male,1,Junior,Yogyakarta,Permanent,16/04/2018,,Active,22100000,3.6,3.5,4551
1196,Usyi Handayani,F,1,Junior,Bandung,Permanent,2021-05-07,,Active,23320000,2.8,3.8,5121
1197,Drs. Maria Pudjiastuti,L,7,Junior,Medan,Permanent,2021-11-01,,ACTIVE,9960000,2.5,4.4,3654
1198,  Endah Kusmawati ,F,5,Manager,Remote,Permanent,07/16/2021,2024-08-13,resigned,49100000,3.7,2.5,4164
1199,Hana  Prayoga,P,6,Lead,Surabaya,Permanent,24-06-2022,2024-04-10,resigned,29410000,4.1,2.6,2825
1200,"HJ. IKA NURDIYANTI, M.KOM.",M,7,Junior,Surabaya,Probation,30-10-2015,,Active,12440000,3.8,4.0,4983
1201,"Digdaya Saefullah, M.M.",Female,10,Senior,Remote,Permanent,03/02/2022,,Active,22320000,3.6,2.9,2147
1202,Nasab  Suwarno,F,4,Senior,Yogyakarta,Permanent,03/26/2017,,active,39780000 ,3.0,3.9,2927
1203,Empluk Sitorus,female,7,Lead,Surabaya,Probation,05/31/2021,,active,Rp27.120.000,4.5,4.0,1417
1204,  Puput Hutapea ,female,8,Lead,Remote,Permanent,31/03/2015,,active,44780000,3.0,3.9,4242
1205,Cakrawangsa Pradipta,L,10,Manager,Remote,Probation,07-05-2021,,active,37970000,3.9,2.7,3349
1206,Talia Mangunsong,Female,3,Junior,Surabaya,Permanent,05/04/2024,,ACTIVE,20940000,3.4,3.1,3773
1207,"Gabriella Haryanto, S.Farm",L,2,Senior,Bandung,Permanent,2021-10-22,,active,42180000,4.1,2.7,3403
1208,Julia Namaga,Female,10,Junior,Remote,Permanent,08/08/2022,,active,Rp12.460.000,2.8,3.3,2096
1209,Lidya Halim,M,7,Senior,Remote,Permanent,17/01/2022,2024-04-18,RESIGNED,Rp23.850.000,3.4,4.0,2067
1210,Rafi Andriani,female,2,Junior,Remote,Permanent,17/05/2015,,Active,22410000,3.9,4.8,5117
1211,vera padmasari,F,3,Junior,Bandung,Permanent,2018-08-31,,Active,22310000,2.9,3.0,4331
1212,"Ayu Permata, S.Sos",Female,9,Junior,Surabaya,Contract,12/14/2020,,active,13680000,4.2,3.0,2350
1213,Agnes Thamrin,F,9,Mid,Surabaya,Permanent,2024-03-31,,Active,18510000,5.0,2.7,2354
1214,umi wibisono,female,9,Mid,Bandung,Permanent,01/08/2024,2024-07-25,RESIGNED,18160000,3.0,3.8,5314
1215,"drg. Paulin Palastri, M.Ak",M,9,Senior,Remote,Probation,24/08/2024,,Active,31080000,3.7,3.4,3267
1216,Jinawi Prasetya,F,5,Mid,Jakarta,Permanent,2016-01-05,,active,22890000,2.5,3.4,1328
1217,Maya Laksita,M,10,Junior,Remote,Permanent,2020-02-06,,Active,12480000,3.8,3.3,4073
1218,Harsaya Sirait,F,10,Mid,Surabaya,Permanent,22/03/2024,,active,Rp13.900.000,3.4,3.0,1166
1219,"Mustika Waskita, S.E.",Male,6,Head,Surabaya,Contract,15/04/2020,2023-12-05,resigned,63850000,3.1,2.5,
1220,"Dr. Dian Oktaviani, M.Pd",Male,2,Senior,Remote,Permanent,2022-04-06,2024-01-21,resigned,33680000,3.8,3.9,3221
1221,Umaya Wijaya,female,5,Senior,Surabaya,Probation,22-04-2016,2017-03-20,Resigned,34060000,2.9,4.1,3224
1222,  Ir. Salimah Dongoran ,M,4,Lead,Medan,Permanent,2016-02-03,,ACTIVE,48950000,3.6,5.0,4863
1223,Margana Aryani,F,5,Senior,Remote,Permanent,2019-02-28,,ACTIVE,35340000 ,3.7,3.7,1065
1224,Sakti Hariyah,Female,3,Junior,,Contract,02-08-2021,,Active,23110000,4.7,3.4,3164
1225,Asirwanda Rajata,Male,8,Mid,Yogyakarta,Probation,07-05-2024,,ACTIVE,21690000,4.4,3.1,4937
1226,Jane Prabowo,female,4,Senior,,Permanent,15/05/2015,,active,33450000,2.8,4.5,1718
1227,Jane Sirait,male,10,Mid,Remote,Permanent,04/08/2024,,Active,13090000,3.5,3.8,2894
1228,"dr. Estiawan Andriani, S.T.",P,3,Junior,Bandung,Probation,09/06/2015,,Active,24410000,,3.6,4129
1229,"Puti Nadine Budiyanto, M.Pd",P,5,Junior,,Permanent,2016-01-11,,ACTIVE,14840000,3.6,3.2,4220
1230,Wawan Tampubolon,Male,10,Junior,Bandung,Probation,27/07/2015,,ACTIVE,14220000,2.7,3.7,1609
1231,Martaka Hidayat,male,3,Junior,Medan,Permanent,2015-10-09,,Active,Rp23.200.000,3.2,4.2,4961
1232,"Ir. Arta Dabukke, S.H.",M,2,Mid,Surabaya,Permanent,02/13/2024,,Active,25430000,3.8,2.7,4459
1233,Salman Damanik,Male,7,Mid,Bandung,Probation,09-02-2018,,ACTIVE,18300000,3.1,4.7,1804
1234,R. Halima Mahendra,,2,Mid,Jakarta,Permanent,15-12-2023,2024-11-28,Resigned,25880000,3.1,2.0,5081
1235,Salsabila Latupono,F,7,Intern,Medan,Permanent,10/11/2023,,ACTIVE,4970000,3.2,3.5,3042
1236,r.a. nadia rajasa,Male,2,Mid,Remote,Permanent,12/22/2017,,ACTIVE,33140000,4.6,3.3,4156
1237,"Tgk. Caturangga Sudiati, M.Ak",L,2,Senior,,Permanent,2023-05-13,2024-06-25,resigned,38390000,4.4,5.0,2071
1238,"Tina Latupono, S.E.",Male,1,Junior,Medan,Permanent,2020-01-26,,Active,21670000,2.8,2.5,1053
1239,Cici  Prastuti,female,4,Head,Jakarta,Permanent,20/02/2020,,Active,82400000,4.0,4.0,
1240,Wisnu Saragih,F,6,Senior,Remote,Permanent,07/02/2024,,active,28950000,3.4,2.9,4992
1241,Hj. Keisha Widodo,female,1,Senior,Surabaya,,2015-10-29,,Active,47420000,4.1,3.2,3404
1242,"faizah hutagalung, m.farm",male,1,Mid,Remote,Permanent,05/31/2016,,ACTIVE,Rp31.760.000,2.8,3.0,5058
1243,"Yance Utami, S.H.",F,4,Mid,Medan,Permanent,2019-04-10,,active,25500000,2.6,3.5,2718
1244,  Mursinin Sihombing ,F,10,Mid,Jakarta,Contract,2016-02-11,,ACTIVE,Rp18.970.000,,4.4,3231
1245,"Hj. Rahayu Lazuardi, M.Farm",,1,Mid,Bandung,Permanent,28/10/2019,,Active,31890000,2.2,3.0,4372
1246,"  Dt. Ganjaran Nasyidah, S.Farm ",female,7,Junior,Jakarta,Permanent,06/22/2019,,ACTIVE,12980000,4.0,3.1,2905
1247,"Hairyanto Hidayat, M.TI.",female,3,Senior,Remote,Probation,06/17/2022,2023-05-19,Resigned,Rp38.790.000,,2.6,4989
1248,"Ganep Budiman, S.Farm",Male,8,Mid,Jakarta,Permanent,09-01-2016,,Active,22800000,3.5,4.9,2078
1249,"Dr. Cici Astuti, S.I.Kom",F,6,Junior,Medan,Probation,08/02/2024,2024-08-21,Resigned,12800000,,3.8,2019
1250,"tri haryanti, s.e.i",F,6,Mid,Remote,Probation,07/07/2022,2023-12-31,Resigned,20100000,3.6,3.9,5484
1251,Elma Nurdiyanti,P,5,Senior,Jakarta,Probation,25/09/2024,,active,29650000,2.5,4.6,3200
1252,"Emong Susanti, M.Pd",female,2,Mid,Bandung,Permanent,11-12-2018,2022-04-13,resigned,27400000,3.0,3.2,4127
1253,"DRG. JAKA FUJIATI, M.FARM",F,10,Senior,Surabaya,Contract,2017-07-07,,ACTIVE,26730000,3.5,2.9,3198
1254,Janet Prasasta,Female,7,Senior,Medan,Permanent,2016-04-15,,ACTIVE,22320000,3.8,3.4,1035
1255,"Puti Indah Hartati, S.H.",,5,Mid,Medan,Permanent,2024-06-23,,active,24090000,4.2,3.5,4164
1256,"drg. Kairav Suryatmi, S.Sos",Male,5,Junior,Remote,Permanent,30-10-2021,,ACTIVE,14490000,3.4,3.6,5281
1257,ana lailasari,L,4,Mid,Surabaya,Probation,2018-01-24,,Active,26700000,2.5,4.0,2696
1258,"dr. Elvina Laksita, S.Kom",female,9,Mid,Bandung,Permanent,2015-01-26,,active,22370000,3.0,3.5,4140
1259,Wirda Rajata,Female,6,Mid,Remote,Probation,13/10/2015,,Active,20960000,4.1,4.0,3863
1260,Indah  Riyanti,male,8,Mid,Yogyakarta,Permanent,2023-05-15,,active,24120000,4.5,3.9,1371
1261,"Ika Puspita, S.Ked",P,2,Senior,Remote,Permanent,2016-10-06,,active,44850000,3.8,2.4,3490
1262,sutan bakiadi permadi,L,10,Mid,Bandung,Permanent,2024-11-27,,ACTIVE,16010000,3.2,3.7,1025
1263,"LAILA LESTARI, M.PD",male,4,Junior,Remote,Permanent,23-07-2022,2024-04-16,resigned,15820000,2.6,3.8,4870
1264,"Sutan Muhammad Kusmawati, M.Kom.",F,1,Mid,Medan,Permanent,2019-08-24,,active,31610000,3.4,2.5,2854
1265,Widya Budiyanto,P,1,Senior,Remote,Permanent,30-03-2016,,Active,43910000,4.7,2.9,1139
1266,Emil Prasetya,F,8,Mid,Medan,Permanent,06/07/2015,,Active,27700000,,3.8,2505
1267,TALIA PRASASTA,Male,3,Mid,Bandung,Permanent,2018-05-19,,active,28540000,2.7,3.8,2288
1268,Salimah Prastuti,Female,2,Junior,Remote,Permanent,09/05/2018,2024-09-30,RESIGNED,21430000,3.0,2.4,2802
1269,Nabila Puspasari,M,4,Lead,Bandung,,2019-04-07,,Active,46490000,4.1,4.3,4358
1270,Tgk. Irwan Pudjiastuti,Female,7,Junior,Remote,Permanent,23/10/2015,,active,11660000,2.4,3.5,2380
1271,Kamila Hasanah,Male,10,Manager,Surabaya,Permanent,02/27/2020,,active,36610000,5.0,3.9,2218
1272,Ina Ramadan,P,7,Senior,Surabaya,Permanent,16-12-2022,,ACTIVE,27300000,2.5,3.6,1624
1273,Banawa Nababan,Male,5,Junior,Medan,Permanent,2018-08-23,,Active,15620000 ,4.2,4.4,3421
1274,DEVI NASYIAH,P,7,Mid,Jakarta,Permanent,2015-12-27,,Active,16920000,3.5,4.0,5494
1275,"H. Cengkal Nababan, S.Kom",F,3,Senior,Remote,,16-11-2020,2023-02-09,Resigned,40100000,3.1,3.5,1668
1276,"Novi Saefullah, M.Farm",F,5,Senior,Medan,Permanent,27/09/2023,,ACTIVE,29140000,4.8,3.2,5219
1277,"Dr. Lembah Suryono, S.IP",M,9,Junior,Remote,Probation,09/15/2023,,ACTIVE,13700000 ,3.4,3.1,3193
1278,"r.a. ida pradana, s.i.kom",male,9,Senior,,Permanent,25/08/2017,,active,32920000,4.1,3.6,4093
1279,Gada Budiman,Male,2,Senior,Jakarta,Permanent,11/07/2023,,ACTIVE,38810000,2.8,1.9,3735
1280,"Patricia Mahendra, S.T.",Female,5,Senior,Medan,Permanent,03/15/2020,,Active,31900000,3.3,4.0,2928
1281,Asmadi Puspasari,Female,2,Junior,Surabaya,Permanent,2024-09-09,,active,19380000,4.5,4.6,2397
1282,Tami Mahendra,L,5,Senior,Surabaya,,2020-04-04,,Active,26080000,3.4,3.3,4368
1283,"Taswir Lestari, S.IP",M,6,Mid,Surabaya,Permanent,12/12/2018,,ACTIVE,24140000 ,3.6,3.3,2243
1284,"Cut Queen Suryono, M.Kom.",Male,8,Mid,Surabaya,Permanent,2015-08-22,,active,25070000,4.4,3.1,4362
1285,maida siregar,Male,4,Mid,Yogyakarta,Permanent,24/11/2021,,Active,22000000,3.2,2.6,4870
1286,Aslijan Ramadan,L,3,Junior,Medan,Permanent,2020-01-17,,active,19870000 ,3.1,3.3,2779
1287,"dr. calista haryanto, s.sos",Female,4,Lead,Bandung,Probation,2021-10-14,,Active,49130000,4.5,2.7,4658
1288,Belinda Permata,P,7,Manager,Surabaya,Probation,28-02-2016,,Active,Rp43.470.000,3.6,3.0,2112
1289,"Mahfud Habibi, S.E.I",M,8,Junior,Jakarta,Permanent,28-08-2020,,active,14140000,3.9,2.9,2596
1290,  Rosman Pratiwi ,F,8,Manager,Medan,Permanent,05-12-2019,,Active,55170000,,3.6,4012
1291,Chelsea  Prayoga,Female,7,Junior,Surabaya,Permanent,03/04/2018,,Active,13720000,4.2,2.9,1755
1292,Kalim Agustina,L,7,Intern,Surabaya,Permanent,2023-11-07,,active,5980000,,2.8,4179
1293,Ir. Widya Safitri,male,10,Junior,Surabaya,Permanent,04/04/2021,,ACTIVE,10630000,4.4,3.5,5384
1294,Prayoga Nurdiyanti,Male,6,Senior,Surabaya,Permanent,09/27/2018,2020-10-25,Resigned,32430000,3.6,3.4,2855
1295,Mila Handayani,P,6,Mid,Jakarta,Permanent,06/12/2016,,Active,24990000,4.7,2.6,3813
1296,Zelda Rahmawati,P,2,Junior,Bandung,Permanent,03/20/2022,,Active,20170000,2.9,2.9,3722
1297,Ina Purnawati,M,5,Manager,Medan,Permanent,03/31/2022,,ACTIVE,Rp52.030.000,4.0,2.5,4164
1298,cut rahmi januar,Female,5,Lead,Bandung,Permanent,19/06/2018,,active,43170000,4.5,5.0,4164
1299,"Sutan Luis Prabowo, S.T.",Female,7,Mid,Bandung,Permanent,25/02/2017,,active,17570000,4.3,3.5,4794
1300,"Bajragin Manullang, S.H.",,1,Mid,Medan,Permanent,2024-06-20,,active,Rp31.150.000,3.0,3.5,3130
1301,Kusuma Hutagalung,L,10,Mid,Medan,Permanent,04-06-2022,,Active,18740000,3.7,4.1,1025
1302,Ade  Wasita,P,6,Mid,Remote,Permanent,23/09/2016,,Active,22780000,4.3,2.9,3741
1303,Shakila Riyanti,male,7,Mid,Yogyakarta,Permanent,01/02/2023,,active,14400000,3.0,3.9,3090
1304,Icha Firmansyah,Male,7,Lead,Remote,Contract,2019-12-25,,Active,30360000,3.2,2.0,4158
1305,Edward Suryono,male,8,Junior,Yogyakarta,Contract,2020-12-27,,Active,15900000,5.0,3.3,2389
1306,"Zelda Hasanah, S.Pt",L,6,Junior,Medan,Probation,2019-02-15,,ACTIVE,15210000,2.9,2.9,5382
1307,"Daruna Saptono, M.Farm",female,4,Lead,Yogyakarta,Permanent,2023-08-18,,active,39930000,5.0,3.0,2256
1308,"Rangga Napitupulu, S.Farm",female,8,Senior,Medan,Permanent,10/25/2016,,Active,36750000,4.2,3.5,5008
1309,Kenari Prasetyo,F,4,Junior,Surabaya,Permanent,02-08-2015,,Active,Rp14.140.000,3.4,3.5,4998
1310,"Cakrawala Santoso, S.E.I",male,3,Senior,Jakarta,Permanent,23/12/2022,,Active,38090000,1.9,3.4,5322
1311,asmuni marbun,Male,4,Mid,Medan,Permanent,2018-01-22,,Active,24680000,3.4,2.9,1154
1312,"T. Legawa Purnawati, S.Pd",Female,2,Junior,Bandung,Contract,11/01/2016,,ACTIVE,20000000,4.6,3.2,1069
1313,Dewi Hastuti,F,1,Mid,Yogyakarta,Permanent,2015-04-20,,ACTIVE,35250000 ,4.6,4.0,3404
1314,"Ilsa Waskita, S.T.",L,6,Junior,Surabaya,Permanent,05/01/2019,,active,13320000,4.0,4.5,1692
1315,Dr.  Jumadi  Farida,P,9,Mid,Remote,Permanent,10-02-2016,,active,19680000,,3.6,1317
1316,LIMAN GUNARTO,Male,9,Senior,Yogyakarta,Permanent,2016-07-17,,Active,29790000,4.9,3.7,1092
1317,unjani sinaga,L,9,Lead,Yogyakarta,,2023-07-06,,ACTIVE,37770000,4.3,5.0,1500
1318,Tgk. Aisyah Iswahyudi,Male,5,Mid,Bandung,Permanent,19/03/2015,,active,26200000,4.7,4.0,3851
1319,Yono Wulandari,P,10,Junior,Bandung,Permanent,03/31/2016,,active,13600000,4.0,3.7,1901
1320,"Ir. Rini Damanik, S.T.",M,10,Junior,Medan,Permanent,09/03/2017,,active,12650000,3.9,2.4,4071
1321,cut vanesa natsir,L,9,Mid,Medan,Permanent,2024-05-20,,ACTIVE,17230000,3.8,4.0,3014
1322,PADMA YULIANTI,L,10,Intern,Jakarta,Permanent,22-01-2023,2024-10-02,resigned,6070000,5.0,2.7,4294
1323,Indah Najmudin,male,8,Intern,,Permanent,2021-05-26,,ACTIVE,7680000,3.2,3.7,5118
1324,drg. siska lestari,F,6,Mid,Medan,Permanent,05-10-2015,,ACTIVE,23020000,3.1,3.4,1426
1325,Jarwadi Tampubolon,male,8,Lead,,Permanent,05/19/2019,,ACTIVE,43210000,4.0,2.5,4496
1326,juli sinaga,female,10,Mid,Surabaya,Contract,04/11/2017,,active,18270000 ,4.4,3.3,4824
1327,"Bala Marpaung, S.Psi",F,2,Senior,Remote,Permanent,14/09/2017,,Active,38180000,4.3,3.8,3056
1328,  Talia Lailasari ,Female,5,Lead,Surabaya,Contract,30/06/2016,2023-02-10,Resigned,Rp40.240.000,3.7,3.2,4683
1329,Salimah Wacana,L,9,Mid,Yogyakarta,Probation,24/04/2024,,active,19950000,3.8,3.0,4396
1330,"Drs. Ani Hasanah, S.Pt",Female,1,Lead,Jakarta,Permanent,2022-01-31,2022-12-15,resigned,56980000,2.5,3.9,4225
1331,hafshah sinaga,,6,Junior,Jakarta,Contract,06/01/2015,,active,16680000,4.9,3.9,3012
1332,  Prasetyo Waskita ,Male,3,Lead,Medan,Permanent,16-07-2018,,active,57990000,4.0,2.2,2456
1333,"Drs. Yunita Adriansyah, M.Pd",P,1,Lead,Surabaya,Permanent,03-11-2017,2020-06-22,Resigned,59520000,3.0,3.7,3404
1334,Laras Habibi,Male,6,Mid,Surabaya,Permanent,2024-09-16,,Active,19130000 ,2.5,2.8,5457
1335,Karja Tarihoran,female,3,Manager,Remote,Permanent,25/11/2019,,Active,67990000,3.4,3.9,2002
1336,Dr. Sari Handayani,F,7,Junior,Yogyakarta,Permanent,10/20/2018,,active,12470000,2.1,3.2,4104
1337,"Dt. Damu Santoso, M.Pd",Female,4,Mid,Jakarta,Permanent,2023-12-10,,ACTIVE,Rp24.450.000,4.1,3.2,1287
1338,Wira  Suwarno,male,8,Mid,Bandung,Permanent,10/30/2019,,active,24440000,3.6,4.7,4937
1339,Tami Laksita,F,10,Mid,Remote,Permanent,25/02/2016,,active,20870000,,3.3,3207
1340,Alambana Usamah,F,4,Senior,Bandung,Permanent,2021-10-04,,active,32950000,3.8,2.4,4373
1341,R.A. Titin Manullang,Female,1,Mid,Medan,Probation,06/01/2020,2022-06-26,Resigned,32580000,3.4,4.5,4561
1342,Puspa Budiman,Female,10,Junior,Jakarta,Permanent,2022-03-04,,active,13530000,4.5,3.6,3554
1343,dr. Bakiman Prasetyo,female,9,Junior,Remote,Permanent,2019-01-28,,active,14540000,4.6,3.1,1846
1344,"Puti Malika Lazuardi, S.E.I",male,3,Junior,,Contract,07-08-2016,,ACTIVE,22560000,2.9,3.0,4904
1345,Tina Siregar,M,6,Senior,Remote,Permanent,01-06-2016,,ACTIVE,36610000,,3.4,3707
1346,  H. Empluk Agustina ,F,10,Mid,Remote,Permanent,12-05-2021,2022-09-18,RESIGNED,17880000,,3.7,1205
1347,"Dr. Nadine Prasasta, M.M.",female,2,Mid,Jakarta,Permanent,2019-03-04,,ACTIVE,27420000,3.9,2.4,2558
1348,R.M. Harjo Nainggolan,P,9,Senior,Surabaya,Permanent,2019-06-19,,active,30430000,4.2,2.7,2770
1349,Drs. Ulva Mansur,L,4,Senior,Yogyakarta,Permanent,17-04-2015,,ACTIVE,42070000,3.7,3.0,3952
1350,"  Puti Ika Agustina, S.Psi ",L,9,Senior,,Permanent,2017-12-08,,ACTIVE,26580000,4.3,3.2,3923
1351,"Dr. Emas Adriansyah, S.Pd",Female,6,Manager,Yogyakarta,Permanent,13/10/2022,,Active,50750000,4.8,3.1,1219
1352,"Ifa Rahmawati, M.Farm",L,7,Junior,Bandung,Contract,25/07/2024,,Active,10390000,4.2,2.8,4158
1353,"Jindra Maryadi, M.M.",P,10,Mid,Surabaya,Permanent,26/12/2015,,ACTIVE,20390000,4.2,3.8,4652
1354,drg. Gangsar Sitorus,Male,6,Mid,Surabaya,Contract,02-03-2021,,active,22780000,3.3,3.9,5011
1355,KH. Kenari Waluyo,Male,1,Senior,Bandung,Permanent,25-11-2023,,active,38680000,3.1,3.1,1678
1356,Janet Nainggolan,male,7,Junior,Yogyakarta,Permanent,19/11/2023,2024-12-05,Resigned,9810000,3.5,3.6,5101
1357,"Halima Pertiwi, S.Sos",P,10,Mid,Medan,Permanent,29/03/2020,,active,18560000,4.6,4.8,5354
1358,Sabri  Zulkarnain,Male,7,Senior,Remote,Permanent,27/09/2015,,Active,27020000,3.7,2.9,5375
1359,Galiono Kusmawati,Female,2,Mid,Medan,Permanent,17-08-2023,,ACTIVE,27550000,5.0,2.3,1261
1360,"yessi wibowo, s.sos",Female,1,Junior,Remote,Permanent,16/03/2022,2024-01-02,resigned,21550000,3.7,3.3,1033
1361,"prima yulianti, s.e.i",Male,4,Mid,Medan,Permanent,05-11-2024,,ACTIVE,22820000,3.9,2.0,3229
1362,ani mahendra,M,3,Mid,Yogyakarta,Permanent,2023-08-11,,active,26950000,3.7,4.1,3957
1363,Drs. Gamblang Januar,Male,4,Lead,Bandung,Permanent,2024-04-28,,ACTIVE,43450000,5.0,3.5,1785
1364,"Dr. Cinthia Novitasari, M.M.",L,5,Senior,Bandung,Permanent,2018-08-14,,Active,31000000,3.5,3.0,3100
1365,najam megantara,F,2,Junior,Remote,Probation,06/26/2024,2024-12-26,RESIGNED,18970000,3.7,3.4,4740
1366,Safina Mangunsong,,5,Senior,Medan,Permanent,05/27/2016,,Active,Rp32.710.000,3.2,3.6,3790
1367,Jarwadi Saptono,L,5,Mid,Bandung,Permanent,2021-08-21,,Active,20290000,3.8,2.9,5444
1368,  Sarah Widodo ,P,6,Mid,Jakarta,Contract,2024-06-13,,active,17480000,3.4,4.6,3176
1369,"Bajragin Sitompul, M.Pd",L,6,Senior,Medan,Permanent,29-11-2015,2023-08-06,Resigned,31040000,3.4,3.5,1426
1370,Jamalia  Utami,male,6,Lead,Medan,Permanent,08/08/2023,,active,Rp41.690.000,4.6,3.7,5491
1371,"Vanya  Laksita,  M.Pd",female,8,Senior,Remote,Probation,12/01/2022,,active,Rp35.530.000,3.2,3.6,4259
1372,  Lasmanto Hidayat ,P,4,Mid,Remote,Permanent,30/09/2017,,Active,24200000,3.0,2.8,2651
1373,laswi suwarno,Female,6,Junior,Bandung,Permanent,26/10/2015,,Active,14460000 ,3.4,2.7,3487
1374,PANGERAN ISWAHYUDI,female,7,Junior,Bandung,Permanent,2020-03-17,2024-02-07,Resigned,11720000,3.3,2.5,2905
1375,  Cinthia Usada ,,6,Senior,Surabaya,Probation,2023-03-27,,active,28220000 ,3.6,2.3,1199
1376,"Cinthia Handayani, S.E.",male,10,Senior,Medan,Permanent,2023-07-13,,ACTIVE,26660000,3.6,2.7,2792
1377,"Ifa Dabukke, S.Gz",L,3,Junior,Bandung,Permanent,25-03-2020,2023-03-30,Resigned,17260000,2.7,4.0,1074
1378,Wulan Hakim,M,8,Junior,Medan,Permanent,2018-04-03,,Active,15460000,4.0,3.3,5261
1379,kani wahyudin,Male,3,Senior,Medan,Permanent,15/02/2024,,ACTIVE,34120000,3.9,3.1,2995
1380,Dalima Prasasta,,2,Mid,Yogyakarta,Permanent,2023-07-23,2024-10-08,Resigned,28270000,4.2,2.7,3949
1381,dr. Karya Zulaika,F,7,Mid,Medan,Permanent,30/07/2020,2023-04-11,RESIGNED,16510000,1.2,4.4,1887
1382,"r.m. cawisono natsir, s.pt",male,1,Mid,Jakarta,Permanent,31/05/2017,,active,30040000,3.6,5.0,4181
1383,drg. Raina Zulaika,,4,Mid,Remote,Permanent,13/09/2021,,ACTIVE,20190000,3.3,2.9,4441
1384,Jamal Padmasari,Female,10,Junior,Yogyakarta,,07/01/2021,2022-02-11,Resigned,8890000,3.7,3.5,2989
1385,Daru Hariyah,F,3,Junior,Yogyakarta,Permanent,2023-02-27,,ACTIVE,18500000,,2.4,4876
1386,"Dodo Haryanti, S.T.",P,5,Senior,Bandung,Permanent,2015-07-29,,Active,38520000 ,3.6,4.8,2610
1387,"Adika Hastuti, S.Pd",female,7,Mid,Yogyakarta,Permanent,10/29/2015,,ACTIVE,15140000,4.4,3.4,1632
1388,"  Kenes Manullang, S.Pt ",Female,3,Senior,Remote,Permanent,04/03/2024,,Active,Rp42.130.000,3.9,3.6,5171
1389,Jelita Rahmawati,L,9,Junior,Surabaya,Permanent,01-02-2016,,Active,Rp13.960.000,3.5,3.9,4196
1390,Suci Anggraini,P,3,Mid,Medan,Permanent,20/06/2023,,Active,28390000,4.1,3.3,4906
1391,"  Hafshah Hasanah, S.Pd ",L,2,Mid,Surabaya,Contract,05-07-2015,2024-01-01,resigned,27640000,3.7,3.6,1207
1392,HARJO LAKSMIWATI,F,10,Junior,Medan,Permanent,02-09-2016,,ACTIVE,13830000,3.1,3.3,4192
1393,Dasa Wibowo,P,1,Mid,Medan,Permanent,2016-10-27,,Active,30680000,4.4,2.9,2092
1394,dr. Ratih Sihombing,F,2,Mid,Medan,Permanent,2021-08-28,,Active,23970000,4.1,4.2,2732
1395,"ida damanik, s.sos",P,8,Senior,Surabaya,Permanent,29/04/2020,,ACTIVE,Rp35.980.000,4.2,3.4,4529
1396,AJENG PRATIWI,M,1,Junior,,Contract,2019-09-03,,Active,18130000,3.9,3.0,2106
1397,"Hj. Victoria Hardiansyah, M.Ak",male,2,Junior,Remote,Contract,10-09-2021,,active,20990000,4.0,3.5,2929
1398,"Najwa Suwarno, S.H.",Male,5,Mid,Bandung,Permanent,2023-02-02,2024-12-04,resigned,19710000,,4.3,5360
1399,dr. Gawati Usada,P,2,Senior,Bandung,Permanent,28-08-2016,,ACTIVE,47610000,2.7,4.5,4635
1400,Lukman Ramadan,M,9,Mid,Yogyakarta,Permanent,2017-02-20,2021-02-23,resigned,19600000,3.5,4.4,5466
1401,"Perkasa Wahyuni, S.E.I",male,5,Junior,Medan,Probation,2019-08-08,,ACTIVE,15740000,3.6,2.9,4804
1402,"Bakti Utami, S.Gz",M,4,Manager,Medan,Permanent,11/30/2022,2023-12-27,RESIGNED,64510000,3.5,2.7,5155
1403,Winda Farida,Female,10,Junior,Bandung,Permanent,22/11/2020,,active,11220000,4.1,3.6,4082
1404,Labuh Utama,F,1,Junior,Remote,Permanent,2021-02-15,,ACTIVE,19830000,4.3,3.6,3664
1405,"Diah Iswahyudi, S.Pd",Female,10,Lead,Bandung,Permanent,2021-11-03,,active,33430000,4.8,5.0,3353
1406,ulva agustina,female,6,Manager,Surabaya,Permanent,10-07-2017,,Active,50070000,4.0,2.9,1794
1407,Daliono Mustofa,Male,4,Intern,Surabaya,Permanent,09/28/2022,,ACTIVE,8350000,4.6,4.1,2848
1408,"Dr. Taufik Utama, M.TI.",Female,10,Junior,Yogyakarta,Contract,2018-03-24,2024-10-22,Resigned,12210000,3.4,3.3,2461
1409,t. radika marbun,Female,9,Mid,Bandung,Permanent,2024-03-06,,ACTIVE,Rp17.330.000,2.9,3.0,2165
1410,Yunita Laksmiwati,Female,9,Lead,Remote,Permanent,2023-01-04,2024-09-27,Resigned,35440000,3.4,2.7,5321
1411,"t. pangeran sirait, s.ip",F,4,Senior,Surabaya,Probation,2017-05-26,2023-12-07,Resigned,38560000,3.2,2.0,3089
1412,Citra Megantara,F,1,Mid,Bandung,Permanent,16/07/2016,2023-08-12,Resigned,34180000,3.3,3.9,1915
1413,"Sutan Satya Wastuti, S.Sos",male,8,Mid,Jakarta,Permanent,26/02/2022,,ACTIVE,23870000,3.7,3.9,1520
1414,"Drs. Karimah Iswahyudi, S.Sos",P,4,Mid,Bandung,Permanent,16/02/2016,,active,25660000,2.0,3.1,5111
1415,Eman Nasyiah,Male,3,Junior,Yogyakarta,Permanent,25/07/2019,,active,18030000,3.7,3.7,4988
1416,  Jaeman Uwais ,M,6,Mid,Surabaya,Permanent,24/06/2023,,Active,19730000,3.3,3.5,2933
1417,"Pangestu Wulandari, S.T.",,7,Manager,Bandung,Permanent,2023-08-15,2024-11-30,RESIGNED,36820000,2.8,2.6,4158
1418,drg. Yuni Uyainah,Male,6,Senior,Bandung,Probation,12/18/2016,,Active,Rp32.820.000,3.2,4.1,2250
1419,Cici Wulandari,Male,2,Mid,Yogyakarta,Permanent,18/05/2024,,Active,25020000,,3.0,4219
1420,Jarwi Dongoran,Female,9,Mid,Surabaya,Permanent,2024-10-31,,ACTIVE,20070000 ,4.0,1.8,3798
1421,DRS. JANE SURYATMI,,5,Junior,Remote,Permanent,2018-10-04,,Active,14850000,2.7,3.4,5444
1422,Marsudi Haryanto,F,9,Mid,Yogyakarta,Permanent,03/07/2016,,Active,24190000,3.2,4.0,1459
1423,"  Ridwan Hariyah, S.Pd ",male,9,Mid,Remote,Permanent,2018-09-16,2024-05-06,Resigned,20140000,2.5,3.4,1098
1424,"Hasan Latupono, S.E.I",Male,3,Junior,Surabaya,Permanent,2015-02-27,,ACTIVE,20360000,3.6,3.3,1023
1425,Warsita Firgantoro,L,7,Mid,Remote,Contract,19/12/2016,,active,15950000,4.7,3.2,1739
1426,Nilam Latupono,P,6,Lead,Yogyakarta,Permanent,11/10/2020,,active,37130000,4.6,3.8,4643
1427,Daryani Nasyiah,Male,7,Junior,Bandung,Permanent,29-07-2016,,Active,12590000,3.1,2.7,2623
1428,HARSANTO HASANAH,Female,7,Senior,Surabaya,Probation,22-08-2017,,ACTIVE,20650000,,4.7,1288
1429,Salsabila Namaga,Female,3,Lead,,Permanent,2021-07-13,,Active,54040000,4.4,4.8,3073
1430,Rini Mangunsong,F,9,Mid,,,2022-10-08,,active,19850000,3.3,3.4,2996
1431,Safina Januar,Female,9,Mid,Medan,Probation,16/10/2016,,active,23990000,3.7,3.6,1459
1432,"Dr. Raisa Wasita, S.T.",female,8,Junior,Surabaya,Permanent,2022-09-28,2024-01-23,RESIGNED,16080000,,2.9,3495
1433,Muhammad  Uwais,,6,Junior,Yogyakarta,Permanent,07/01/2016,,Active,12910000,,4.8,4719
1434,Ibun Handayani,female,1,Senior,Yogyakarta,Permanent,08/31/2019,,Active,41130000,,4.0,1591
1435,Sabar Tarihoran,M,5,Mid,Medan,Contract,2023-07-18,,Active,19710000,3.5,2.8,1108
1436,MAHFUD UWAIS,L,5,Senior,Remote,Permanent,2020-11-22,,active,31060000,3.9,3.9,3422
1437,  Ir. Gatot Halim ,male,4,Mid,Medan,Permanent,2015-09-10,,ACTIVE,26020000,,3.2,5492
1438,Ika Nainggolan,L,7,Senior,Medan,Permanent,04/11/2016,,active,23490000,4.2,3.9,5494
1439,Warta Hasanah,M,2,Junior,Jakarta,Contract,15/01/2023,,Active,20750000,4.8,2.5,2469
1440,Mujur Prabowo,female,5,Mid,Medan,Permanent,2024-01-26,2024-08-26,Resigned,21970000,4.1,2.9,2638
1441,"Manah  Riyanti,  S.Ked",male,7,Senior,Surabaya,Permanent,2021-04-07,,active,25480000,4.4,4.1,3169
1442,Panji  Sitorus,F,1,Mid,,Permanent,08-11-2017,,active,Rp30.810.000,3.3,3.9,2164
1443,budi pratiwi,male,8,Junior,Remote,Permanent,05/07/2015,,ACTIVE,17470000 ,2.3,3.2,3575
1444,Bagiya Puspasari,male,8,Mid,Yogyakarta,Permanent,2015-10-10,,ACTIVE,23770000,3.7,4.3,1036
1445,Langgeng Pratama,P,10,Senior,Remote,Probation,07/01/2017,,Active,25640000,3.1,4.4,2951
1446,"R.A. Julia Maulana, M.Ak",,2,Mid,Yogyakarta,Permanent,14/03/2019,,Active,30550000,4.5,3.5,3735
1447,Enteng Maulana,Female,7,Senior,Remote,Contract,2019-03-19,,Active,24730000,4.1,4.0,4305
1448,Kayun Ramadan,L,9,Junior,Jakarta,Permanent,2022-04-30,,Active,Rp12.160.000,3.8,3.6,2620
1449,"R.M. Balapati Wijayanti, S.Ked",P,6,Mid,Bandung,Contract,06/12/2020,,active,23500000,3.1,4.3,5464
1450,ADITYA TAMBA,M,4,Mid,Remote,Permanent,2018-05-07,,Active,24690000 ,3.8,2.4,3572
1451,"  KH. Dasa Rahmawati, S.Psi ",F,7,Intern,Surabaya,Permanent,03/26/2024,2024-11-19,resigned,4720000,2.8,3.1,5076
1452,  Cayadi Saptono ,Male,2,Junior,Jakarta,Permanent,2024-10-24,,active,19770000,2.2,3.8,2495
1453,BUDI ANDRIANI,Female,7,Junior,Jakarta,Permanent,23/11/2021,,active,10150000,2.8,2.9,4769
1454,R. Panca Haryanto,M,9,Senior,Yogyakarta,,2016-02-18,,ACTIVE,29070000,5.0,3.4,1664
1455,Melinda Tarihoran,L,5,Senior,Yogyakarta,Permanent,2017-09-29,,Active,32360000,3.8,2.8,4348
1456,Drs. Balangga Hartati,M,10,Mid,Jakarta,Permanent,2023-06-17,,active,15110000,3.7,4.1,4928
1457,sutan warsita susanti,,9,Junior,Remote,Permanent,08/17/2017,,active,13500000,2.9,4.1,1348
1458,Ozy Wahyuni,P,8,Mid,Bandung,Probation,2017-08-28,,ACTIVE,24630000,3.1,4.3,1783
1459,T. JAGAPATI YUNIAR,M,9,Lead,Jakarta,Permanent,2019-08-21,,ACTIVE,41050000,4.0,3.4,1790
1460,  Aswani Kuswandari ,L,3,Junior,Medan,Permanent,08/01/2022,,ACTIVE,19070000,4.0,3.4,5264
1461,"DRG. MARIA KURNIAWAN, M.KOM.",female,5,Mid,Medan,Permanent,20/03/2022,,ACTIVE,Rp20.120.000,4.0,4.4,2101
1462,"MAIMUNAH HIDAYANTO, S.PT",P,7,Mid,Bandung,Permanent,2019-07-31,2022-03-07,resigned,15010000,3.2,3.3,1203
1463,Rachel Maulana,Female,8,Junior,Surabaya,Contract,2017-09-14,,active,17060000,4.9,3.6,4621
1464,Budi Saefullah,Male,7,Lead,Jakarta,Permanent,14-01-2024,,ACTIVE,31310000,5.0,3.5,4158
1465,Hj. Restu Pudjiastuti,female,8,Mid,Yogyakarta,Permanent,01/04/2021,,active,22300000,4.0,2.0,1875
1466,"Jane Wibowo, M.Ak",Male,2,Mid,,Contract,2018-09-14,,ACTIVE,28570000,3.3,4.2,2602
1467,T.  Jaeman  Mayasari,Male,3,Mid,Bandung,Permanent,02-01-2021,,ACTIVE,28650000,,3.1,5057
1468,drg. Cinthia Latupono,P,9,Junior,Jakarta,Contract,22-07-2022,,active,15200000,3.5,4.7,5072
1469,"Hj. Sadina Puspasari, S.Kom",,1,Mid,Remote,Permanent,2024-01-09,,ACTIVE,28630000,4.4,2.8,4115
1470,Mila Pradana,L,9,Mid,Surabaya,Permanent,2020-05-17,,active,Rp20.820.000,2.8,3.3,2707
1471,JESSICA HASANAH,M,1,Manager,Remote,Permanent,17-05-2017,,active,65050000,4.3,3.1,4497
1472,  Lidya Kuswoyo ,F,5,Mid,,Permanent,2017-09-20,,active,Rp22.980.000,4.5,3.4,2514
1473,Maria Sihotang,L,2,Senior,Surabaya,Permanent,2021-03-11,,active,42820000,3.2,4.1,3357
1474,"  Dodo Wahyudin, S.E.I ",F,8,Mid,Medan,Contract,17/06/2018,,Active,24760000,3.9,4.1,2611
1475,"Virman Kusmawati, S.Pt",P,1,Junior,Remote,Permanent,2016-02-08,,ACTIVE,25130000,3.7,3.6,4054
1476,Radika Hutasoit,Female,6,Senior,Yogyakarta,Permanent,12-04-2017,,Active,30940000,3.7,4.1,4534
1477,Ian Kuswoyo,male,8,Mid,Medan,Probation,25-04-2023,2024-03-03,Resigned,18890000,2.7,3.8,2896
1478,"ULYA WAHYUDIN, S.E.I",female,3,Senior,Surabaya,Permanent,24/04/2018,,Active,Rp41.540.000,4.2,3.9,3067
1479,dt. langgeng purwanti,L,5,Intern,Remote,Permanent,07/08/2020,,Active,6300000,2.9,4.7,5313
1480,Tgk.  Mumpuni  Maheswara,female,9,Mid,Yogyakarta,Permanent,02/11/2023,,Active,19150000,3.0,3.4,3570
1481,Kamila Widiastuti,female,5,Senior,Yogyakarta,Permanent,11/24/2016,2023-07-09,resigned,33540000,3.1,4.3,3790
1482,"dr. Taswir Habibi, S.Pd",male,6,Mid,Remote,Permanent,16-11-2020,2021-10-14,Resigned,20060000,,2.7,5464
1483,tgk. kamila jailani,L,9,Mid,Bandung,Permanent,17-08-2019,2023-08-27,resigned,19970000,2.1,3.8,1746
1484,Drs.  Gabriella  Mangunsong,male,8,Junior,Yogyakarta,Permanent,07/02/2015,,ACTIVE,18510000,3.7,2.6,1487
1485,"Jaya Prasetyo, S.IP",,1,Mid,,Permanent,05/24/2022,,ACTIVE,29070000,3.9,3.0,1915
1486,Zulfa Puspita,F,9,Mid,Surabaya,Permanent,2015-02-18,2023-09-22,Resigned,21510000,4.1,2.9,3138
1487,calista setiawan,Female,8,Mid,Remote,Permanent,2015-03-12,,active,23950000,2.8,4.0,5229
1488,R.A. Yani Aryani,Male,2,Junior,Medan,Permanent,2016-03-14,,Active,19420000,3.4,3.2,2890
1489,"Drs. Vivi Oktaviani, M.Ak",Male,3,Mid,Surabaya,Permanent,13-12-2021,,Active,28500000,3.2,4.7,4623
1490,"Margana Puspita, S.Ked",F,4,Mid,,Permanent,20/11/2015,,Active,23090000,5.0,2.7,2259
1491,Hj. Yance Santoso,L,10,Senior,Remote,Contract,10/26/2022,,active,23800000,3.1,2.8,3845
1492,Cemeti Saputra,L,5,Senior,Remote,Permanent,2022-05-01,,ACTIVE,27750000,4.0,4.0,5203
1493,"Vanesa Saragih, S.Psi",L,8,Mid,Medan,Permanent,2019-07-19,,active,21510000,4.2,3.4,3384
1494,agnes najmudin,male,6,Lead,Yogyakarta,Permanent,18/11/2022,2024-10-09,Resigned,36520000,3.8,2.7,4917
1495,"r. padmi wahyuni, s.sos",F,2,Intern,Jakarta,Contract,06/05/2021,,Active,10530000,4.6,3.4,4459
1496,Caket Usada,L,5,Senior,Remote,Contract,2017-07-30,,Active,31850000 ,4.2,3.4,1297
1497,bakijan nuraini,female,9,Mid,Remote,Probation,2018-01-15,2019-05-14,Resigned,21270000,,3.1,1821
1498,Harimurti Andriani,L,8,Senior,Surabaya,Permanent,04/01/2017,,Active,33580000,2.7,3.8,3045
1499,Jasmin Manullang,Male,2,Junior,Jakarta,Permanent,2021-08-01,2024-04-22,Resigned,20030000,3.5,2.6,1565
1500,Ira Simbolon,male,9,Manager,Yogyakarta,Permanent,10-05-2021,,Active,45810000,4.6,4.0,5095
1501,"Drs. Lembah Hutasoit, S.Gz",Female,7,Mid,Bandung,Contract,2019-04-22,,Active,15990000,3.5,3.8,4559
1502,Candrakanta Safitri,M,7,Mid,Surabaya,Permanent,2020-08-13,,active,16530000,4.4,3.6,4794
1503,mursita hutapea,female,4,Senior,Surabaya,Permanent,08/08/2017,,Active,39710000,3.9,2.8,1685
1504,MAIMUNAH WIJAYANTI,female,3,Mid,Yogyakarta,Permanent,2023-09-04,2024-07-19,RESIGNED,Rp22.890.000,3.8,2.2,5177
1505,Nova Sudiati,F,8,Junior,Yogyakarta,Permanent,15/03/2021,,active,15760000,4.0,4.8,2515
1506,Lidya Saputra,Female,8,Mid,Surabaya,Contract,2015-12-18,,Active,23480000,3.6,4.3,2138
1507,Perkasa Mulyani,L,7,Senior,Yogyakarta,Permanent,03/12/2015,,active,25660000,1.9,3.1,3169
1508,Gangsar Astuti,male,10,Intern,Surabaya,Permanent,18/04/2023,,ACTIVE,6280000,3.7,5.0,3353
1509,edi wastuti,M,8,Senior,Surabaya,Permanent,06/16/2018,,ACTIVE,31980000,3.4,1.9,1900
1510,"Lega Laksita, M.TI.",L,4,Senior,Medan,Permanent,2017-02-06,,Active,33810000,3.2,4.1,4373
1511,"gaiman gunawan, s.h.",female,1,Senior,Medan,Permanent,02/28/2016,2020-08-14,Resigned,48620000,3.1,3.6,2376
1512,Rahayu Hakim,female,5,Mid,,Permanent,2024-09-07,,Active,22680000,3.4,3.5,4965
1513,Damu Sihombing,L,1,Senior,Bandung,Permanent,2023-02-16,,Active,36190000,2.6,3.6,2828
1514,  Pranata Mandala ,male,7,Lead,Bandung,Permanent,08-09-2022,,active,30740000,3.8,3.2,2200
1515,"T. Elvin Simbolon, S.IP",Female,9,Junior,Yogyakarta,Permanent,12/07/2020,2021-12-16,Resigned,Rp12.050.000,1.9,4.3,3002
1516,JAMAL ASTUTI,Female,10,Mid,Surabaya,Permanent,2020-06-06,,active,15950000,2.7,4.3,4261
1517,Cager Wibowo,male,6,Junior,Medan,Permanent,31-01-2023,,Active,13580000,4.5,4.3,1597
1518,H. Dartono Mardhiyah,P,4,Mid,Jakarta,Probation,2016-03-14,,active,30580000 ,3.7,4.2,1663
1519,IR. REKSA THAMRIN,P,9,Lead,Surabaya,Permanent,2024-06-09,,ACTIVE,35500000,2.9,3.4,1790
1520,Hasta Gunarto,female,8,Senior,Remote,Probation,23/02/2024,,active,29330000,4.1,4.0,3274
1521,Anita Haryanti,M,7,Mid,Remote,Permanent,15/05/2018,,ACTIVE,16920000,3.3,3.4,1804
1522,SETYA SIHOTANG,P,8,Senior,Surabaya,Permanent,2016-12-28,,active,32600000,3.9,3.3,1082
1523,drg. Queen Waskita,F,6,Junior,Surabaya,Permanent,06/16/2021,,Active,13460000,3.3,3.0,1692
1524,"  Suci Agustina, S.Pd ",female,8,Mid,Bandung,Permanent,02/04/2019,2022-09-30,Resigned,20570000,2.9,2.8,5093
1525,Halim Damanik,male,7,Manager,Jakarta,Probation,24/08/2022,,Active,38990000,4.5,2.9,4158
1526,Ella Safitri,female,2,Junior,Surabaya,,2022-12-11,,Active,19400000,3.7,3.0,2116
1527,Yance Tarihoran,M,9,Senior,Yogyakarta,Permanent,08/03/2024,,ACTIVE,27040000,2.0,3.3,1538
1528,Ibrani Kurniawan,,3,Senior,,Permanent,02/07/2022,,ACTIVE,33880000,3.5,3.0,1335
1529,Ibrani Rahmawati,F,1,Mid,Medan,Permanent,2023-11-07,2024-08-27,Resigned,26900000,2.0,2.7,1831
1530,Paramita Hutapea,,1,Mid,Remote,Permanent,2020-12-28,,Active,32990000,4.1,2.1,2915
1531,IRA SIRAIT,M,3,Lead,Remote,Contract,13/11/2023,,Active,48310000,3.0,2.8,1668
1532,Ganda Narpati,male,10,Mid,Remote,Permanent,23-03-2016,,active,18620000,4.2,3.1,1717
1533,Kajen Usada,Male,9,Senior,Medan,Probation,04-04-2022,,Active,29700000,3.0,3.0,5294
1534,Karta Melani,F,7,Mid,Yogyakarta,Permanent,06/10/2023,,ACTIVE,15660000,4.2,4.2,2067
1535,Utama Tampubolon,M,9,Mid,,Permanent,25/11/2017,,ACTIVE,18360000,3.8,2.9,2527
1536,TITI YULIARTI,Male,10,Junior,Yogyakarta,Permanent,31/12/2019,,ACTIVE,12750000,3.7,4.1,1695
1537,"R. Gilda Jailani, S.E.I",Male,8,Junior,Yogyakarta,Permanent,13/11/2018,,active,16120000,,3.9,4213
1538,FAIZAH NATSIR,F,9,Manager,Remote,Permanent,18/12/2015,,Active,48810000,4.1,3.5,2546
1539,R. VANYA YOLANDA,F,2,Mid,Bandung,Permanent,2018-11-06,,Active,26610000,3.6,2.5,2732
1540,Cecep Utami,female,3,Mid,Remote,Permanent,05/04/2020,2024-11-17,resigned,24060000,3.6,5.0,5425
1541,malika pratiwi,M,3,Mid,Jakarta,Contract,2018-05-14,2020-02-24,RESIGNED,29670000 ,2.7,2.8,3244
1542,"Drs. Ikin Zulaika, M.Farm",L,5,Junior,Remote,Permanent,2022-08-05,,Active,13990000,3.8,3.7,4954
1543,"MAKARA OKTAVIANI, S.PSI",,5,Lead,Medan,Permanent,10/03/2021,,ACTIVE,41810000,4.1,3.4,1198
1544,"Hj. Iriana Maryadi, M.M.",Female,7,Senior,Remote,Permanent,07/08/2017,,active,24540000,,4.2,5101
1545,JARWADI HANDAYANI,female,8,Junior,Bandung,Permanent,09/06/2019,2023-05-16,Resigned,16300000 ,3.1,3.4,4842
1546,"  Gadang Saefullah, M.Farm ",Female,3,Manager,Bandung,Permanent,12-05-2019,2021-01-20,Resigned,67100000,3.1,3.3,1747
1547,  Garan Mayasari ,Male,10,Mid,Bandung,Permanent,2021-06-22,2024-12-22,resigned,15400000,3.4,3.3,1067
1548,Galak Hariyah,Male,1,Mid,Yogyakarta,Permanent,02/18/2020,2024-05-20,Resigned,Rp30.040.000,3.6,4.7,2166
1549,ANI HAKIM,F,9,Senior,,Permanent,11/09/2021,,ACTIVE,25140000,2.3,2.8,1851
1550,  Yance Suwarno ,F,8,Mid,Medan,Permanent,12/12/2018,,Active,24850000,2.8,3.2,2859
1551,Mariadi Iswahyudi,,9,Mid,Remote,Permanent,21/11/2021,,active,18150000,3.9,2.7,1625
1552,Ir. Ophelia Winarno,male,10,Junior,Bandung,Permanent,04/09/2017,,ACTIVE,14980000,3.9,4.4,3349
1553,Ratna Puspasari,Male,3,Junior,Medan,Permanent,2020-09-23,,ACTIVE,Rp20.980.000,4.3,3.0,2800
1554,"h. umar gunarto, m.m.",female,4,Mid,Remote,Permanent,29/09/2019,,ACTIVE,18470000,4.6,3.2,3295
1555,"  Drs. Martana Nainggolan, S.Psi ",M,6,Mid,Surabaya,Permanent,22/03/2021,,Active,Rp20.370.000,4.1,4.0,4427
1556,Dr. Olivia Maryadi,Female,3,Senior,Jakarta,Contract,10-06-2024,,ACTIVE,46360000,3.1,3.2,3067
1557,Ihsan Jailani,Male,1,Mid,Medan,Permanent,07/06/2020,2023-01-29,Resigned,33520000,2.5,3.1,4270
1558,"Tgk. Nasab Hutasoit, M.TI.",female,8,Senior,,Permanent,2019-08-03,,Active,37950000,4.4,4.6,4012
1559,"Cawuk Gunarto, S.H.",Female,4,Senior,Medan,Permanent,06/24/2020,,ACTIVE,35600000,4.4,3.4,4441
1560,"Maida Farida, M.TI.",Male,5,Junior,Medan,Permanent,11/04/2018,2021-04-15,Resigned,16510000,4.0,4.4,3400
1561,Drs. Capa Utama,P,8,Junior,Yogyakarta,Permanent,05-05-2021,,ACTIVE,Rp15.750.000,,4.3,2156
1562,intan wibisono,L,1,Manager,Surabaya,Permanent,2021-06-03,2024-12-16,resigned,77840000,3.8,2.6,2805
1563,  Vicky Sirait ,male,10,Junior,Medan,Permanent,10/07/2023,,ACTIVE,11530000,3.4,3.6,2005
1564,"Liman Habibi, S.Psi",Female,2,Junior,Remote,Permanent,24-02-2016,,Active,21970000,3.6,4.9,4400
1565,GAMBIRA KUSWOYO,F,2,Lead,Yogyakarta,Permanent,23/10/2024,,ACTIVE,45270000 ,3.5,3.5,2495
1566,Ir. Harsana Suryono,M,4,Mid,Jakarta,Permanent,04/12/2019,,ACTIVE,25080000,4.1,3.8,4887
1567,TARI WAHYUNI,M,6,Intern,Medan,Permanent,05/09/2017,,Active,7490000,3.7,2.9,2806
1568,R. Juli Hutapea,female,8,Junior,Bandung,Contract,10/11/2016,,Active,16690000,,3.0,3612
1569,Hj. Dinda Tampubolon,male,6,Mid,Surabaya,Permanent,05/24/2021,,Active,20030000,,3.7,5462
1570,safina wijayanti,Male,4,Mid,Surabaya,Permanent,2018-08-18,,active,26690000,4.7,3.8,1663
1571,Diah Riyanti,Female,4,Mid,Remote,Contract,08/15/2024,,active,27030000,3.4,4.0,2183
1572,"Chelsea Saragih, M.Pd",,6,Mid,Jakarta,Probation,31/05/2023,,ACTIVE,18530000 ,3.5,2.6,1369
1573,syahrini sitompul,Male,6,Manager,Bandung,Permanent,13/11/2022,,ACTIVE,42070000,2.6,3.3,5491
1574,"R. Salsabila Novitasari, S.Pt",P,3,Mid,Remote,Permanent,16-04-2024,,Active,23850000,4.0,2.8,3335
1575,"Mumpuni Anggraini, M.TI.",L,4,Lead,Remote,Permanent,2021-06-23,,active,49150000,2.9,3.9,3089
1576,Anita Tarihoran,Female,7,Mid,Jakarta,Permanent,11/06/2015,,Active,17080000,3.7,4.1,4903
1577,Elvina  Prabowo,F,7,Mid,Surabaya,Permanent,2022-10-16,,ACTIVE,15330000,3.5,4.3,1447
1578,Vivi Laksita,female,2,Mid,Remote,Permanent,2018-09-02,,Active,28080000,3.8,4.6,2602
1579,Darmanto Mandala,Female,1,Mid,Surabaya,Contract,02/13/2022,,ACTIVE,29080000,4.7,2.9,1333
1580,Bahuwarna Sihombing,,10,Junior,Bandung,Permanent,06/11/2017,,active,12430000,2.8,3.9,5326
1581,"Puti Ophelia Namaga, M.TI.",Female,9,Junior,Medan,Permanent,15/04/2024,,Active,12480000 ,3.8,2.8,2996
1582,Mitra Sirait,P,2,Senior,,Permanent,11/03/2023,2024-10-22,resigned,35940000,3.3,2.2,3770
1583,"Drs. Cahyadi Riyanti, S.Sos",F,5,Mid,Bandung,Permanent,08/03/2015,,ACTIVE,21010000,3.9,3.0,1386
1584,Carub Najmudin,male,7,Senior,Remote,Contract,19/10/2019,,ACTIVE,Rp25.630.000,3.2,3.1,1304
1585,"Ir. Yessi Marbun, M.M.",P,1,Junior,Surabaya,Permanent,2016-10-13,,ACTIVE,20680000,2.3,3.5,2823
1586,Hendra  Utama,P,7,Junior,Jakarta,Permanent,10/22/2017,2020-02-26,RESIGNED,11240000,2.5,2.5,4435
1587,"NAJIB PRAKASA, M.M.",P,10,Junior,Bandung,Permanent,02/21/2023,,active,12810000,2.1,3.6,1456
1588,Tgk. Umi Hassanah,L,2,Lead,Yogyakarta,Permanent,22-11-2022,2023-12-25,resigned,54790000,3.7,2.9,4232
1589,Kasusra Permadi,M,7,Intern,Jakarta,Permanent,2020-10-28,,Active,5700000,2.9,3.3,2897
1590,Yessi Halimah,P,1,Junior,Remote,Permanent,2024-02-29,2024-12-13,Resigned,20840000,3.6,4.4,3860
1591,"  R.A. Kartika Wastuti, M.Farm ",male,1,Lead,Remote,Contract,2017-07-26,,active,60720000,3.0,4.7,5107
1592,Malika Suryono,L,2,Mid,Surabaya,Permanent,2018-07-07,,Active,31450000,3.5,3.1,5397
1593,"dr. Jefri Nuraini, S.Farm",L,3,Senior,Bandung,Permanent,12/03/2022,,ACTIVE,44450000 ,2.6,2.9,1335
1594,Rendy Pangestu,M,5,Mid,Yogyakarta,Permanent,2021-11-04,,Active,23590000,2.4,2.5,4877
1595,"Drs. Cahyo Ramadan, S.Gz",Male,3,Junior,Yogyakarta,Permanent,2022-01-16,,Active,16980000,3.7,3.7,1994
1596,"Jaya Wahyudin, M.Pd",P,8,Junior,,Permanent,23-08-2024,,Active,14130000,3.5,3.9,2991
1597,Narji Maryati,M,6,Mid,Surabaya,Probation,08/11/2021,,ACTIVE,21460000,2.9,3.2,4654
1598,"Puti Intan Hutasoit, S.E.",Female,1,Mid,,Permanent,15/11/2023,2024-07-22,RESIGNED,27530000,,4.1,4233
1599,Mila Mulyani,P,5,Lead,Jakarta,Contract,2023-09-26,,ACTIVE,35710000,2.7,5.0,5203
1600,Radika Fujiati,F,5,Junior,Medan,Permanent,04/21/2017,,active,16830000,4.9,4.2,3200
1601,Warsita Prasetya,Female,4,Junior,Bandung,Permanent,04/25/2018,,ACTIVE,18690000,4.7,3.7,5209
1602,"Dr. Kamaria Dongoran, S.Farm",,6,Senior,,Permanent,14/09/2017,,Active,32470000,1.9,3.5,3030
1603,Harto Mardhiyah,M,10,Lead,Bandung,Permanent,01/19/2019,,ACTIVE,30380000,2.7,4.0,1205
1604,gilda winarno,P,5,Senior,Bandung,Permanent,2019-02-05,,Active,32130000,,3.5,1297
1605,Hardi Prasetyo,Male,9,Mid,Jakarta,Permanent,10/03/2015,,Active,21120000,4.8,3.9,2620
1606,Galuh Januar,Male,9,Mid,Yogyakarta,Permanent,05/09/2015,,ACTIVE,19710000,2.2,3.7,3923
1607,"  Hj. Juli Maulana, S.E.I ",P,1,Mid,Jakarta,Permanent,2019-10-01,,Active,30860000,,2.2,4225
1608,  Edison Halimah ,male,9,Mid,Medan,Probation,2018-02-10,2019-06-28,Resigned,19090000,4.3,2.7,2413
1609,"Yance Mandala, M.Kom.",L,10,Lead,Medan,Permanent,06/01/2021,,Active,34420000,4.6,3.8,2147
1610,Raisa Ardianto,male,10,Mid,Remote,Probation,2018-06-24,,active,19400000,3.6,2.5,1736
1611,Ajiman Rajasa,M,7,Senior,Yogyakarta,Permanent,26-08-2015,,active,24220000,2.5,4.2,4794
1612,  Rafid Maryadi ,L,3,Junior,Remote,Permanent,20/06/2018,,active,20890000,3.4,3.5,5235
1613,  H. Lulut Nuraini ,,6,Lead,Remote,Permanent,21-02-2015,,ACTIVE,43710000 ,3.4,3.8,3279
1614,Carla Suwarno,F,5,Senior,Remote,Permanent,2018-11-21,,active,34750000,3.3,4.2,4683
1615,Gada Maheswara,female,4,Junior,Surabaya,Permanent,2016-06-03,,active,18840000,3.9,5.0,2089
1616,Digdaya  Andriani,male,3,Manager,Surabaya,Contract,26-08-2023,,ACTIVE,61850000,4.4,4.3,1747
1617,"Putu Oktaviani, M.M.",P,8,Mid,Remote,Permanent,15-11-2020,2024-08-06,Resigned,Rp20.970.000,4.7,2.8,5127
1618,Balapati Mandasari,P,3,Mid,Yogyakarta,,2020-09-23,,active,27790000,4.8,2.1,3899
1619,  Drs. Anita Usamah ,M,8,Junior,Jakarta,Contract,2019-02-15,,ACTIVE,17120000,3.4,5.0,2887
1620,Drs. Dimas Megantara,male,9,Junior,Jakarta,Permanent,07/24/2017,,Active,14330000,3.0,2.6,2878
1621,Maria Adriansyah,L,6,Intern,Yogyakarta,Probation,28-09-2017,2022-04-25,resigned,7700000,3.8,4.8,4064
1622,dr. Halima Pertiwi,M,5,Junior,Remote,Permanent,13-08-2024,,Active,11830000,3.8,3.5,5405
1623,fitria widiastuti,Female,8,Junior,Yogyakarta,Contract,08/07/2017,,active,15550000,4.1,3.5,4662
1624,"Bakiadi Novitasari, S.I.Kom",,7,Manager,Medan,Permanent,2018-01-16,,ACTIVE,32960000,2.9,3.4,4158
1625,XANANA NOVITASARI,Male,9,Lead,Medan,Probation,04/01/2017,,Active,Rp46.110.000,2.9,3.1,2279
1626,Dr. Panji Mayasari,,10,Mid,Surabaya,Permanent,10/10/2015,,active,16410000,4.3,3.8,2791
1627,Dt. Harsaya Halimah,Female,3,Junior,Jakarta,Permanent,09/02/2018,2024-04-13,resigned,19680000,3.3,3.9,5425
1628,Makara Wibisono,F,6,Junior,Remote,Permanent,28-04-2021,,ACTIVE,12220000,3.1,4.0,5272
1629,Hafshah Budiyanto,female,2,Senior,Yogyakarta,Probation,17/02/2019,,Active,37230000,4.2,4.4,4585
1630,Winda Hidayat,male,2,Intern,Bandung,Permanent,2023-03-20,,active,11340000 ,2.4,2.6,5366
1631,Halima Wahyuni,F,1,Junior,Surabaya,Permanent,04/08/2015,,ACTIVE,26360000,3.5,4.4,4946
1632,"Bala Prastuti, S.Psi",male,7,Senior,Remote,Permanent,2018-10-04,2023-06-21,Resigned,21100000,3.1,4.1,2411
1633,ARTAWAN THAMRIN,L,6,Senior,Bandung,Permanent,20/04/2017,,active,30720000,4.5,3.4,4216
1634,Tgk. Rahmat Yuniar,L,10,Mid,Jakarta,Permanent,2016-08-06,,active,17170000,3.0,3.6,3198
1635,Radika Hariyah,,5,Mid,Remote,Contract,2024-06-25,,active,Rp20.910.000,2.9,2.9,3360
1636,"Natalia Usamah, S.E.",female,6,Senior,Medan,Permanent,22/05/2023,2024-01-05,resigned,29620000,4.0,3.7,4992
1637,"R.M. ATMA HARYANTI, S.GZ",female,4,Junior,Jakarta,Permanent,03/11/2015,,active,18310000,4.6,3.0,2728
1638,FARAH GUNAWAN,L,10,Junior,Surabaya,Probation,08/27/2017,,ACTIVE,Rp12.180.000,3.3,4.0,3434
1639,"SUTAN TIMBUL GUNARTO, S.PSI",female,1,Intern,Surabaya,Permanent,2022-11-10,,ACTIVE,10830000,2.2,3.3,5015
1640,  Oliva Widodo ,female,3,Lead,Bandung,Permanent,14/08/2017,2020-05-20,resigned,53100000,3.9,3.7,3917
1641,"Drs. Nabila Ramadan, S.Gz",M,9,Senior,Yogyakarta,Permanent,2016-09-28,2022-04-11,Resigned,27880000,2.9,4.8,2455
1642,"Ir. Dadap Suwarno, S.I.Kom",,4,Senior,Bandung,Permanent,04/01/2021,,active,37360000,3.5,4.5,1685
1643,"CUT ZELAYA YOLANDA, S.PSI",Female,10,Senior,Jakarta,Permanent,12/21/2017,,Active,27710000,4.3,2.8,2218
1644,Dewi Uwais,F,10,Mid,Medan,Permanent,07/04/2024,,Active,16280000,2.9,3.3,4732
1645,Lalita Farida,F,7,Junior,Surabaya,Permanent,2016-08-30,2019-12-09,resigned,10790000,1.9,3.0,2035
1646,Jessica Nashiruddin,Male,6,Mid,Bandung,Permanent,2022-08-05,,active,20080000,,4.5,5272
1647,Talia Mandasari,female,5,Mid,Remote,Permanent,2024-08-01,,ACTIVE,20640000,2.6,3.5,4877
1648,Wirda Maryati,L,9,Senior,Jakarta,Permanent,2020-03-07,2021-06-16,Resigned,Rp29.710.000,3.7,2.9,4701
1649,Wani Hutasoit,Male,8,Mid,Yogyakarta,Permanent,06/19/2016,,Active,26670000,3.5,3.4,4283
1650,"Lintang Hutapea, S.Farm",M,6,Senior,Jakarta,Permanent,2021-07-13,,Active,33090000,4.7,4.0,4216
1651,R. Puji Sihombing,L,8,Mid,Yogyakarta,Contract,03/20/2017,,Active,22610000,2.8,3.2,4017
1652,CIAOBELLA HUTAPEA,M,2,Senior,Surabaya,Permanent,02/07/2024,,Active,34610000,2.0,2.9,1654
1653,salimah sihombing,F,7,Mid,Yogyakarta,Contract,2015-07-27,2022-06-30,RESIGNED,19080000,3.0,2.1,1464
1654,  Melinda Suartini ,,2,Lead,Yogyakarta,Permanent,2020-07-25,2024-11-20,resigned,53260000,4.0,3.0,2331
1655,"MARIA MARBUN, M.M.",M,6,Mid,Bandung,Permanent,02/05/2017,2022-08-04,Resigned,20180000,2.4,2.1,1078
1656,Melinda Gunarto,M,4,Junior,Yogyakarta,Contract,2022-04-05,,ACTIVE,16290000,3.7,3.0,2394
1657,"  Kamila Susanti, S.Farm ",Female,7,Mid,Bandung,Permanent,07/09/2015,2020-06-20,RESIGNED,18060000,2.9,4.8,3865
1658,Suci Hakim,male,4,Senior,Medan,Contract,27-01-2022,,active,33770000,3.2,4.3,4588
1659,  Mumpuni Uyainah ,P,7,Lead,,,2023-10-08,,active,31920000,2.4,3.9,1417
1660,Karimah  Mulyani,Female,1,Junior,Medan,Permanent,10/11/2018,,ACTIVE,Rp22.860.000,4.8,4.1,4270
1661,"H. Mustika Manullang, S.Ked",female,8,Senior,Bandung,Permanent,2017-01-06,2024-03-15,resigned,37070000,3.3,2.9,4242
1662,Samsul Sudiati,P,6,Mid,Yogyakarta,Permanent,08/28/2015,,Active,25060000,3.3,4.0,2392
1663,"Purwa Farida, S.Gz",L,4,Senior,Remote,Permanent,15/10/2016,,ACTIVE,38490000,4.1,3.4,1685
1664,bagas prakasa,male,9,Lead,Bandung,,27-07-2023,,ACTIVE,Rp32.010.000,4.9,2.3,5321
1665,"Ir. Ghani Tarihoran, S.Sos",Female,3,Junior,Bandung,Permanent,24-12-2018,,active,Rp20.230.000,3.7,2.6,2344
1666,cut rahmi mangunsong,P,6,Junior,Surabaya,Contract,16/01/2024,,ACTIVE,13520000,3.5,3.5,2066
1667,"Ihsan Uwais, S.I.Kom",M,8,Intern,Medan,Permanent,2022-11-21,,ACTIVE,7630000,3.8,3.3,1487
1668,Vanesa Hutagalung,male,3,Manager,Yogyakarta,Permanent,20-05-2024,,active,73850000,2.4,4.0,1747
1669,R. PARIS UTAMA,Male,6,Junior,Bandung,Permanent,2020-07-01,2021-04-22,RESIGNED,13370000 ,4.0,3.0,2608
1670,Iriana Yulianti,Male,6,Mid,Surabaya,Contract,2020-11-26,,Active,Rp22.070.000,3.7,3.4,3237
1671,Hilda  Latupono,L,8,Mid,Surabaya,Permanent,17/01/2024,2024-08-29,Resigned,19760000,3.6,4.7,4751
1672,Oman Nashiruddin,L,4,Junior,Bandung,Permanent,2021-07-30,,Active,16220000,3.0,4.1,3759
1673,PADMA WIBISONO,Female,10,Senior,Remote,Permanent,25/10/2015,,Active,26350000,,3.6,3349
1674,R. Eluh Rajata,L,8,Mid,Bandung,Probation,10/10/2018,,active,25820000,4.5,4.2,2389
1675,"Melinda Prabowo, M.Ak",Female,10,Senior,Yogyakarta,Permanent,11/18/2023,,ACTIVE,25740000,3.2,3.0,1603
1676,Talia Lestari,male,6,Mid,Remote,Contract,2022-12-06,,Active,19280000,1.3,2.2,1406
1677,Banawi Mansur,Female,5,Mid,,Permanent,2017-07-03,,Active,20300000,3.6,3.6,4576
1678,"Puti Mila Natsir, M.M.",female,1,Lead,Jakarta,Probation,05/06/2016,,active,68020000,3.5,2.2,3541
1679,Rusman Zulaika,F,8,Junior,Medan,Permanent,2024-07-16,,ACTIVE,15290000,4.0,3.8,2078
1680,"dr. Salwa Situmorang, S.Pt",P,3,Mid,Bandung,Permanent,2024-01-26,,active,27550000,3.0,3.6,2593
1681,Dr. Elvin Salahudin,L,5,Lead,Remote,Permanent,2020-07-25,,Active,38500000,5.0,3.6,3851
1682,"R. TANIA UYAINAH, S.E.",Female,8,Lead,Jakarta,Contract,01-08-2018,,active,40820000,4.0,3.3,4529
1683,"Tgk. Kacung Prasetyo, S.IP",Female,6,Mid,Bandung,Permanent,2020-01-04,2021-09-04,resigned,20120000,,4.3,4917
1684,PRIMA MANDALA,female,1,Intern,Remote,Permanent,2017-11-17,,active,10330000,4.4,3.4,3866
1685,Paiman Lailasari,F,4,Lead,Bandung,,2019-11-30,,active,Rp50.390.000,3.7,3.6,1830
1686,gatra puspasari,,3,Mid,Medan,Permanent,20-11-2024,,active,28400000,3.8,4.0,4010
1687,dr. Nadia Puspasari,P,9,Junior,Remote,Permanent,05/11/2023,,active,13860000,3.1,2.2,3439
1688,LUWAR IRAWAN,male,3,Junior,Jakarta,Permanent,28-10-2016,,ACTIVE,22130000 ,2.4,4.7,4869
1689,GALAK WIDODO,,7,Junior,Jakarta,Permanent,05/12/2017,,Active,9770000,3.4,4.1,2897
1690,"Tantri Kuswandari, M.TI.",Female,9,Mid,Medan,Probation,10/21/2016,,Active,18550000,5.0,3.3,3896
1691,Vivi Wasita,L,8,Junior,Medan,Contract,16/10/2018,,active,15090000,4.0,4.2,4213
1692,"Ir. Belinda Mahendra, S.Psi",M,6,Mid,Bandung,Permanent,02-11-2019,,ACTIVE,Rp22.490.000,5.0,3.3,1168
1693,"Bagya Hartati, M.M.",P,7,Junior,Bandung,Probation,05/10/2016,2020-12-19,resigned,10790000,3.0,4.3,2900
1694,"Kariman Situmorang, S.E.I",Female,3,Junior,Remote,Permanent,10/26/2022,,ACTIVE,21440000,4.6,2.9,3064
1695,"Drs. Suci Rahmawati, S.E.",F,10,Mid,Jakarta,Permanent,03/05/2018,,Active,17770000,2.7,5.0,4412
1696,"  R.M. Ian Mardhiyah, S.Gz ",F,5,Mid,Yogyakarta,Permanent,21/09/2016,2017-04-04,Resigned,23230000,4.2,3.1,3883
1697,"Puti Padma Mangunsong, S.Pd",Female,10,Junior,Bandung,Permanent,2017-03-28,,active,11730000,5.0,3.9,1271
1698,Caraka  Sinaga,female,8,Lead,Jakarta,Permanent,2015-12-02,,Active,Rp42.400.000,2.8,4.0,3274
1699,"Genta Situmorang, M.TI.",Female,2,Intern,Remote,Permanent,12/04/2020,,ACTIVE,9960000,3.7,4.6,3689
1700,Zulfa Hutapea,P,2,Junior,Yogyakarta,Permanent,2017-01-27,,active,20280000,1.7,4.5,4579
1701,faizah usada,F,9,Manager,Yogyakarta,Permanent,07/02/2015,,active,50280000,3.8,3.2,3798
1702,T. Budi Utami,F,2,Intern,Jakarta,Permanent,30/04/2021,2022-05-13,resigned,Rp9.790.000,3.6,4.3,2159
1703,Raisa  Nasyidah,F,6,Junior,Medan,Permanent,2023-06-26,,Active,13230000,3.8,2.8,4505
1704,Jefri Yuniar,F,9,Senior,Medan,Permanent,2024-03-06,,ACTIVE,28270000,2.9,3.9,5017
1705,Lega Prastuti,P,3,Mid,Yogyakarta,Permanent,2021-06-03,,active,29850000,3.6,4.1,4632
1706,Cawisono Wahyuni,F,3,Senior,Medan,Permanent,29/07/2024,,Active,37330000,3.8,2.9,2654
1707,Ir. Jessica Pratiwi,Male,5,Senior,Yogyakarta,Permanent,07/05/2016,,Active,35350000,4.3,4.0,4368
1708,RUDI DABUKKE,L,4,Mid,Bandung,Permanent,17-05-2017,,ACTIVE,24060000,4.0,4.1,1721
1709,Arsipatra Yuniar,Male,10,Junior,Remote,Permanent,08/30/2022,,active,11800000,3.6,3.0,3989
1710,"Drs. Eman Yulianti, S.Kom",Female,5,Junior,Jakarta,Permanent,02-08-2018,,ACTIVE,16630000,4.0,4.9,1185
1711,"Drs. Hamzah Safitri, S.Ked",Female,7,Junior,,Permanent,11/03/2021,,Active,9760000 ,2.3,3.1,5305
1712,Sari Palastri,M,5,Mid,Medan,Permanent,27/10/2023,,active,21690000,4.0,3.7,3189
1713,SYAHRINI SIHOMBING,Female,2,Mid,Bandung,,2016-04-05,,active,28090000,5.0,3.6,3435
1714,HESTI WASKITA,L,9,Junior,Jakarta,Contract,08/03/2016,,ACTIVE,16640000 ,4.4,2.6,4041
1715,Mutia Hidayanto,F,8,Junior,Yogyakarta,Permanent,04/11/2024,,Active,12970000,4.1,3.0,5104
1716,"  Almira Manullang, M.M. ",P,2,Manager,Yogyakarta,Permanent,2015-06-03,,Active,67150000,4.5,3.4,3603
1717,Novi Hariyah,P,10,Lead,Surabaya,Permanent,08-06-2015,,ACTIVE,38220000,3.5,3.4,2104
1718,Ganep Sudiati,Male,4,Lead,Surabaya,Contract,13/05/2023,,active,48750000,4.4,3.6,1830
1719,Galar Simanjuntak,L,6,Mid,,Permanent,15-10-2018,,ACTIVE,22910000,4.2,4.4,1426
1720,"Zelda Situmorang, S.Sos",P,2,Senior,Jakarta,Probation,16/08/2024,,ACTIVE,38840000 ,3.7,3.2,1109
1721,Prabawa Uwais,Male,4,Senior,Remote,Permanent,04/07/2016,,Active,41070000,3.2,3.1,2927
1722,Dr. Balamantri Simanjuntak,P,5,Junior,Medan,Permanent,2018-01-08,,ACTIVE,14550000,3.8,3.4,2237
1723,Jaka Maheswara,L,1,Senior,Remote,Permanent,2019-12-15,2022-09-23,RESIGNED,40300000,2.7,3.3,1471
1724,  Mila Prayoga ,P,6,Senior,Bandung,Permanent,16/03/2024,2024-12-22,RESIGNED,29140000,5.0,3.9,1170
1725,Bakti Hardiansyah,Female,5,Senior,Medan,Contract,07/09/2016,,ACTIVE,33170000,,3.3,3422
1726,Kiandra Susanti,L,10,Junior,Jakarta,Permanent,12/12/2016,2019-09-10,Resigned,11240000,,3.3,1733
1727,HILDA MANULLANG,,9,Senior,,Permanent,27/07/2015,,ACTIVE,26700000,2.7,3.6,3440
1728,"DR. RATIH SIHOTANG, S.KOM",F,9,Mid,Yogyakarta,Permanent,2024-03-27,,active,19760000,5.0,2.9,1140
1729,"r.m. jamil mulyani, m.m.",L,3,Senior,Yogyakarta,Permanent,22/08/2022,2024-03-05,RESIGNED,40140000,2.8,4.1,1640
1730,Ina Mandasari,L,1,Junior,Medan,Permanent,05-10-2024,,active,18370000,4.4,3.0,3292
1731,Bakijan Wijaya,L,10,Mid,Remote,Contract,24-05-2024,,ACTIVE,Rp17.660.000,3.5,3.8,4720
1732,drg. dimas pratama,Male,6,Mid,Bandung,Contract,13/03/2018,2019-03-31,Resigned,20960000,1.9,3.4,4643
1733,dr. Alika Hardiansyah,male,10,Mid,,Permanent,2024-08-11,,Active,14840000,3.7,4.1,2461
1734,Nilam Riyanti,Female,6,Junior,Jakarta,Contract,2022-04-22,,ACTIVE,13230000,4.6,3.5,2799
1735,"Hj. Samiah Halimah, S.Pd",L,5,Junior,,Permanent,2020-04-25,,active,13150000,3.3,2.1,3934
1736,Dt. Slamet Kurniawan,M,10,Lead,Surabaya,Permanent,07/05/2017,,ACTIVE,36960000,4.2,2.2,2989
1737,  Diana Saptono ,P,8,Junior,Surabaya,,02-10-2019,,Active,Rp12.920.000,2.6,4.1,4888
1738,"Karimah Waskita, S.I.Kom",male,4,Junior,Medan,Contract,26/03/2020,,ACTIVE,15520000,2.6,4.0,4138
1739,Himawan  Habibi,P,7,Senior,Remote,Probation,2021-07-22,2024-11-30,Resigned,22680000,4.4,2.2,2226
1740,Drs. Febi Tarihoran,,5,Lead,Medan,Permanent,2021-04-18,,ACTIVE,45200000,3.7,4.2,2935
1741,T. Bagya Winarno,Male,8,Mid,Remote,Permanent,2020-05-27,2022-06-12,RESIGNED,24530000,3.7,3.2,3539
1742,DRG. PRAKOSA PUDJIASTUTI,Female,6,Senior,Remote,Permanent,05/12/2017,,active,27820000 ,3.5,4.8,1835
1743,  Yunita Oktaviani ,L,7,Senior,Jakarta,Contract,19/10/2020,,active,Rp23.940.000,,3.4,3441
1744,"  Lurhur Lazuardi, S.E.I ",F,2,Mid,Bandung,Permanent,29-05-2022,,ACTIVE,21800000,4.9,3.2,3835
1745,Hartana Wahyudin,F,2,Junior,Yogyakarta,Permanent,25-04-2018,,ACTIVE,19400000,4.0,3.9,1039
1746,"Tgk. Kalim Utama, S.E.I",Male,9,Lead,Medan,Contract,16-07-2021,,active,38200000,3.7,3.1,3267
1747,Luhung Melani,F,3,Head,Remote,Permanent,02/23/2023,,active,93770000,,2.8,
1748,Olivia Gunarto,P,1,Junior,Surabaya,Contract,07/14/2022,,Active,19680000,4.0,4.5,1862
1749,Aris Mandala,Male,2,Senior,Bandung,Permanent,18-04-2018,,ACTIVE,44430000,3.7,3.4,3809
1750,"juli kusmawati, m.ti.",M,7,Senior,,Permanent,16/08/2022,,Active,22460000,4.3,4.2,3168
1751,Eka Sudiati,Female,10,Mid,Surabaya,Permanent,03/07/2017,,ACTIVE,18890000,3.9,2.7,3052
1752,R.M. Gamanto Suryatmi,female,8,Junior,,Permanent,03/03/2019,,active,17130000,,4.1,4362
1753,Elisa Wijaya,Male,5,Senior,Medan,Permanent,11/04/2020,2024-04-29,resigned,31870000 ,3.3,3.3,4425
1754,Tgk. Rika Sirait,L,3,Mid,Medan,Permanent,18/04/2020,,ACTIVE,31890000,,3.8,3218
1755,Dr. Kasiran Lestari,Female,7,Mid,Jakarta,Contract,10/12/2020,,ACTIVE,15400000,4.5,2.6,1659
1756,"Padmi Salahudin, M.Kom.",L,10,Mid,Surabaya,Permanent,16/07/2016,,ACTIVE,19490000,3.8,3.2,4850
1757,"cut kartika sitompul, s.ip",F,2,Manager,Remote,Permanent,2016-08-09,,Active,77420000,4.1,2.3,3603
1758,Restu Samosir,L,3,Junior,Bandung,Permanent,20-06-2020,,ACTIVE,18750000,1.9,3.3,2667
1759,"h. teddy usamah, s.ked",M,5,Junior,Bandung,Permanent,2015-01-20,,Active,14900000,2.8,4.7,1137
1760,Dr. Hani Yolanda,Male,5,Lead,Yogyakarta,Contract,2021-06-18,,ACTIVE,41720000,4.8,1.7,1884
1761,"KH. Labuh Permata, S.H.",L,3,Manager,Remote,Permanent,14/06/2016,,Active,80200000 ,3.7,4.9,2002
1762,"ANASTASIA PADMASARI, M.KOM.",,5,Mid,Jakarta,Permanent,2020-05-09,,ACTIVE,19180000,4.0,2.7,2882
1763,Karna Usamah,P,5,Mid,Medan,Permanent,2015-02-27,,Active,24200000,,3.5,3178
1764,"Raina Wibowo, S.E.I",M,7,Manager,Bandung,Permanent,2022-01-10,,ACTIVE,37580000,4.8,2.8,2112
1765,"Hj. Hesti Firmansyah, M.Farm",female,6,Senior,Yogyakarta,Permanent,02/07/2018,,active,27610000,4.8,3.8,1426
1766,"Carla  Nainggolan,  S.Ked",F,1,Mid,Surabaya,Probation,2016-11-15,2017-11-17,resigned,31510000,4.2,4.8,4946
1767,Iriana Andriani,female,4,Mid,Medan,Permanent,2023-03-01,,ACTIVE,22970000,3.3,2.6,2889
1768,Hendri Putra,M,7,Junior,Yogyakarta,Permanent,04/11/2018,,ACTIVE,11400000,3.3,4.0,1035
1769,Olivia Suryatmi,L,10,Mid,Yogyakarta,Permanent,2016-11-06,,ACTIVE,17310000,3.9,3.0,5162
1770,Zizi  Halim,L,4,Junior,Bandung,Permanent,2023-02-26,,active,14360000 ,4.3,3.2,4185
1771,"Dina Maryati, S.Kom",L,8,Lead,Remote,Contract,05/19/2016,,active,47150000,4.0,2.9,4496
1772,Tgk. Mujur Kuswandari,,10,Junior,Medan,Permanent,2024-10-30,,Active,10990000,2.8,3.2,2714
1773,dr. Galar Natsir,Male,2,Mid,,Permanent,04-06-2022,2022-12-21,RESIGNED,27440000,2.9,4.2,2429
1774,Patricia Siregar,P,7,Mid,Medan,Permanent,25/12/2019,,active,17220000,2.8,4.5,4955
1775,  Tgk. Murti Zulaika ,male,1,Junior,Remote,Permanent,04/21/2017,,active,21640000,2.9,3.5,5309
1776,"Rangga Saptono, M.Ak",Female,8,Junior,Surabaya,Permanent,2022-06-03,2024-05-15,RESIGNED,13570000,3.2,4.4,3098
1777,Febi Prayoga,male,7,Junior,Jakarta,Permanent,12/09/2019,,ACTIVE,12280000,4.1,3.3,1632
1778,Puti Salahudin,male,6,Senior,Jakarta,Permanent,03/03/2018,,Active,31620000,3.9,4.3,5272
1779,Wardaya Salahudin,male,4,Mid,Medan,Probation,09/22/2023,,active,21610000,3.3,4.5,4873
1780,"T. Niyaga Pranowo, M.Kom.",Female,4,Junior,Bandung,Permanent,21-11-2022,,active,16590000,3.7,3.2,2768
1781,Natalia Tampubolon,F,4,Junior,Yogyakarta,,2017-04-30,,Active,Rp16.780.000,2.8,4.8,2768
1782,KH. Najam Saefullah,Male,2,Senior,Jakarta,Contract,2015-02-22,,active,45700000,4.6,3.8,4823
1783,dewi pertiwi,P,8,Senior,Medan,Permanent,2016-09-02,,Active,35630000,4.6,3.4,3274
1784,"Kenari Wibowo, S.Sos",Male,9,Senior,Yogyakarta,Probation,11/14/2017,,ACTIVE,26340000,3.7,4.3,4271
1785,"  dr. Vera Maulana, S.Pd ",F,4,Head,Jakarta,Contract,2017-12-17,,Active,76720000,4.4,4.2,
1786,Edward Hutapea,L,5,Senior,Remote,Permanent,2024-07-22,,Active,32330000,,5.0,4936
1787,MAIMUNAH YOLANDA,,1,Mid,,Permanent,25/01/2016,,active,30710000,3.7,3.7,4181
1788,Ulva Kuswandari,L,8,Senior,Surabaya,Permanent,10-06-2022,,active,35020000,4.1,4.2,1010
1789,Damar Nasyiah,F,9,Mid,Remote,Permanent,21/12/2021,,ACTIVE,15600000,4.7,3.5,5152
1790,PUTRI SAPUTRA,P,9,Manager,Yogyakarta,Permanent,01/19/2017,2022-01-12,resigned,42970000,3.3,4.0,1153
1791,Balangga Susanti,Female,10,Mid,Yogyakarta,Permanent,26-09-2022,,Active,15710000,4.3,3.5,2873
1792,"Rini Permadi, S.H.",Male,1,Senior,Jakarta,Probation,2016-04-08,2024-11-27,Resigned,40430000,3.7,3.0,4872
1793,Mulyono Nuraini,male,3,Lead,Medan,Permanent,29/02/2016,,active,65930000,4.2,2.9,3219
1794,Makuta Pradipta,female,6,Head,Surabaya,Permanent,12/01/2017,,ACTIVE,73050000,3.3,2.4,
1795,Baktianto Zulkarnain,L,10,Lead,Jakarta,Contract,06/01/2020,,Active,31590000,3.8,4.4,2147
1796,  Tina Halimah ,P,2,Senior,Surabaya,Permanent,2015-07-08,2023-05-09,Resigned,48670000 ,3.3,4.0,3348
1797,MAMAN MANDALA,Male,9,Mid,Medan,Permanent,07/06/2022,,Active,19840000,3.7,4.4,1317
1798,Yoga Pudjiastuti,male,2,Senior,Bandung,Permanent,08-11-2019,,ACTIVE,44760000,,4.3,2925
1799,Hasim Yolanda,F,7,Mid,Medan,Contract,2016-08-31,,ACTIVE,15650000,3.4,4.4,1659
1800,natalia yulianti,L,2,Junior,Bandung,Permanent,2015-02-17,,active,17330000,2.4,2.3,1220
1801,Praba Suwarno,Female,3,Senior,,Permanent,2024-07-21,,Active,42750000,4.0,2.3,2456
1802,Irma Yuliarti,F,6,Junior,Surabaya,Permanent,06/08/2018,,Active,16000000,2.0,4.1,3973
1803,Umaya Irawan,male,2,Senior,Yogyakarta,Contract,03/04/2021,,Active,38140000,4.4,3.5,3543
1804,"Kemal Pradipta, M.Pd",M,7,Lead,Medan,Permanent,02/24/2020,,Active,28930000,,3.2,3441
1805,"tari firgantoro, s.e.",F,6,Lead,Yogyakarta,Permanent,01/06/2020,,ACTIVE,Rp38.720.000,2.4,4.2,4917
1806,Zalindra Nugroho,Male,1,Mid,Jakarta,Permanent,02/25/2016,,active,32240000,3.8,3.8,4770
1807,Raihan Widodo,L,10,Mid,Medan,Permanent,05/04/2024,2024-12-18,resigned,17120000,4.0,3.5,2325
1808,"drg. Cengkir Siregar, S.Gz",M,10,Lead,Surabaya,,05/05/2022,,ACTIVE,34530000,4.6,3.5,3151
1809,Emin Purnawati,L,6,Senior,,Permanent,2024-02-27,2024-12-19,resigned,25510000,3.7,3.4,1078
1810,puti juli suryono,P,4,Mid,Remote,Permanent,2023-01-14,,active,21950000,4.6,1.9,3148
1811,  Syahrini Palastri ,,6,Senior,Jakarta,Permanent,2023-07-08,,active,26010000,3.2,2.8,4206
1812,drg. tirtayasa mansur,female,1,Intern,Remote,Permanent,2021-02-21,,active,8210000,3.6,2.8,5096
1813,"Drs. Nadia Saputra, S.Kom",M,5,Junior,Jakarta,Permanent,07/09/2020,2023-04-23,Resigned,14080000,3.3,3.7,4696
1814,"R. GAMBLANG MARPAUNG, M.M.",Male,2,Mid,Bandung,Permanent,07/02/2017,2022-01-01,Resigned,34030000,2.2,4.1,1749
1815,"Edi Nashiruddin, S.Ked",male,8,Senior,Jakarta,Probation,14/01/2023,2024-09-09,resigned,Rp28.700.000,,4.4,4012
1816,"jessica sihombing, m.farm",,7,Mid,Yogyakarta,Permanent,29-08-2023,,active,13550000,3.3,3.3,4457
1817,"Praba Nababan, S.E.",Male,7,Intern,Medan,Probation,2020-08-05,2021-05-11,Resigned,5870000,3.4,3.9,2356
1818,Hj. Latika Aryani,Female,10,Junior,Bandung,Permanent,2020-09-13,,ACTIVE,12980000,2.5,2.9,2073
1819,  Tgk. Bakianto Wacana ,M,5,Junior,Jakarta,Permanent,2023-03-12,,active,16410000,4.8,2.4,5347
1820,"Bakiono Nashiruddin, S.E.I",P,10,Lead,,Probation,2020-08-26,,ACTIVE,27780000 ,4.0,4.1,1271
1821,JANET PRAYOGA,Male,9,Senior,Surabaya,Probation,25-01-2018,,active,33050000,3.2,3.6,3923
1822,Elon Winarno,Female,8,Junior,Medan,Permanent,10-01-2024,2024-10-21,resigned,14730000,4.3,3.6,3098
1823,Ivan Santoso,Female,3,Junior,Surabaya,Permanent,06/15/2024,,active,18040000,4.5,4.2,3315
1824,Ilsa Padmasari,M,6,Senior,Remote,Permanent,02/04/2017,,ACTIVE,28160000,3.9,3.0,4879
1825,"Queen Anggriawan, S.T.",F,3,Senior,Bandung,Permanent,17-07-2022,2024-11-08,RESIGNED,33930000,3.1,3.6,1616
1826,"Gatra Prakasa, S.Gz",P,9,Senior,Medan,Permanent,2022-12-19,2024-06-11,resigned,24570000,2.6,3.6,4682
1827,"Banara  Hastuti,  S.Pd",P,2,Junior,Medan,Permanent,07/24/2022,,ACTIVE,20540000,2.5,2.8,1032
1828,Halim Mardhiyah,female,10,Lead,Jakarta,Permanent,24/01/2024,2024-08-18,RESIGNED,26940000 ,3.2,3.1,3349
1829,"Vera Saragih, S.IP",L,3,Mid,Bandung,Probation,2022-07-08,2023-10-04,Resigned,27770000,3.4,3.7,3482
1830,"Vero Sihombing, S.I.Kom",female,4,Head,Remote,Contract,22/08/2016,,active,81030000,,2.5,
1831,  R.A. Gawati Mansur ,M,1,Senior,Surabaya,Contract,14-06-2023,,Active,40990000,2.5,4.2,4807
1832,eva hasanah,M,6,Mid,Remote,Permanent,2021-11-28,,Active,Rp22.320.000,2.6,3.1,1878
1833,"Rachel Wahyudin, S.Farm",L,7,Senior,Yogyakarta,Permanent,2023-04-29,,ACTIVE,21280000,3.4,4.0,2275
1834,"Pia Halimah, M.Pd",P,2,Mid,Yogyakarta,Permanent,2022-10-09,,active,Rp25.900.000,3.2,2.8,1207
1835,"Ir. Rudi Pratama, S.H.",P,6,Manager,Bandung,Permanent,2021-03-11,2023-02-03,Resigned,52130000,4.2,3.3,5491
1836,"  Perkasa Riyanti, S.Pt ",F,6,Mid,Remote,Permanent,22-04-2024,,Active,19860000,3.7,3.2,3008
1837,drg. Karsana Tarihoran,F,5,Junior,Remote,Permanent,20/06/2023,,active,16250000,3.1,3.4,2473
1838,Vero Pratiwi,L,6,Mid,Remote,Permanent,19/04/2018,,ACTIVE,20920000,4.2,3.2,1418
1839,  Aswani Pudjiastuti ,male,3,Mid,Yogyakarta,Permanent,2023-03-30,,Active,29000000,3.1,3.8,1388
1840,SUTAN KEMAL NASYIAH,F,9,Mid,Bandung,Permanent,2021-03-29,,ACTIVE,19710000,3.6,3.3,5156
1841,Catur Simbolon,P,4,Mid,Remote,Probation,01/24/2015,,active,25140000,3.4,4.6,1830
1842,"Drs. Maimunah Latupono, S.Kom",L,2,Senior,Medan,Permanent,09/21/2016,,Active,36110000,5.0,2.9,3723
1843,"  Restu Lestari, S.Pt ",P,4,Mid,Medan,Permanent,02/07/2020,,Active,20220000,3.0,2.6,3817
1844,drg. Rusman Hakim,P,10,Senior,,,2020-11-22,,active,25030000,5.0,2.8,2873
1845,Diah Mulyani,M,2,Junior,Yogyakarta,Permanent,31/08/2019,,Active,18830000,3.4,2.6,5397
1846,Mutia Pratiwi,Male,9,Mid,,Permanent,27/11/2024,,active,19300000 ,2.1,2.9,3342
1847,Kurnia Hariyah,Female,8,Junior,Medan,Permanent,06/13/2017,,Active,17330000,,3.2,5108
1848,"Respati Samosir, S.Ked",male,9,Mid,Yogyakarta,Permanent,2016-04-14,,ACTIVE,20190000,4.1,3.6,1410
1849,  Hamima Adriansyah ,M,1,Mid,Surabaya,Permanent,2015-06-13,,active,30940000,3.0,3.8,2539
1850,"Gasti Prastuti, S.Pt",M,9,Junior,Remote,Permanent,2019-04-30,,Active,14470000,3.8,3.8,3564
1851,  Indra Situmorang ,female,9,Lead,Yogyakarta,Permanent,2020-10-07,,active,39820000,4.3,4.0,3798
1852,"Bella Namaga, S.Gz",F,2,Mid,Medan,Permanent,22/04/2022,,active,28970000,4.4,3.7,2428
1853,Warji  Halimah,L,6,Mid,Medan,Permanent,16/11/2016,,ACTIVE,24170000,3.9,4.3,5168
1854,Edison Wasita,male,4,Senior,Bandung,Contract,05/13/2017,,Active,33490000,3.6,4.0,1785
1855,Pranawa Mansur,F,10,Mid,Remote,Contract,15-05-2024,2024-12-15,resigned,15410000,2.4,4.2,5361
1856,"  Ir. Omar Yuliarti, S.Farm ",female,10,Junior,Jakarta,Permanent,02-04-2022,,Active,Rp11.580.000,5.0,3.7,1326
1857,Kezia Hassanah,Male,9,Mid,Surabaya,Permanent,08/04/2015,,active,24100000,3.7,2.3,2996
1858,"drg. Keisha Hutapea, M.Pd",L,8,Senior,Medan,Permanent,2015-08-11,2018-12-04,RESIGNED,32500000,2.5,4.2,4529
1859,  Martani Tampubolon ,Male,3,Mid,,Permanent,25-11-2017,,ACTIVE,28920000,4.6,3.3,1074
1860,Cemani Nasyiah,P,3,Mid,Medan,Permanent,2018-07-19,2020-05-13,RESIGNED,30810000,4.4,5.0,5177
1861,Paris Mahendra,M,4,Junior,,,24/06/2023,,active,15230000,5.0,3.4,1685
1862,"Genta Adriansyah, S.Ked",L,1,Mid,Jakarta,,2019-01-05,,Active,34170000,3.5,4.0,4946
1863,Malika Wulandari,P,10,Senior,Yogyakarta,Permanent,2021-10-20,2024-06-09,Resigned,26170000,3.7,3.3,4692
1864,"Puji Anggraini, M.Pd",,1,Mid,Bandung,Permanent,2020-04-25,2022-01-15,resigned,30200000,,3.7,3664
1865,Yuni Pradana,P,2,Mid,Remote,Contract,10-02-2022,,active,31040000,3.3,3.4,3477
1866,Jagaraga Situmorang,,8,Mid,Medan,Permanent,2015-02-15,,ACTIVE,24690000,3.1,2.9,4846
1867,ENTENG NAINGGOLAN,male,6,Senior,Yogyakarta,Permanent,21/01/2015,,ACTIVE,30180000,2.9,3.3,2692
1868,"  Vanesa Kusumo, S.Gz ",L,2,Junior,Bandung,Permanent,2018-06-02,2022-10-07,RESIGNED,22770000,,2.7,4573
1869,"Ir. Hari Susanti, S.Ked",male,3,Junior,Medan,Contract,2016-10-21,,ACTIVE,20960000,3.6,3.4,2017
1870,DANANG HIDAYAT,L,3,Mid,Medan,Contract,2016-04-14,,active,29300000 ,,3.1,1478
1871,Legawa Firmansyah,Female,3,Senior,Surabaya,Permanent,2022-03-25,,ACTIVE,40980000,2.2,3.5,2654
1872,Rahayu Wulandari,female,10,Senior,Medan,Permanent,2016-02-07,,ACTIVE,29520000,4.3,3.6,3151
1873,"  Alika Prasasta, S.Gz ",P,4,Junior,Bandung,Permanent,02-01-2019,2023-03-04,resigned,17430000,4.3,2.6,1337
1874,maida pradipta,male,9,Junior,Yogyakarta,Permanent,03/03/2017,,ACTIVE,14050000,4.7,2.9,2032
1875,sutan perkasa hakim,Female,8,Senior,Medan,Permanent,11/10/2022,,active,32620000,4.3,4.1,1682
1876,Jefri Siregar,F,7,Senior,Surabaya,Permanent,2019-10-21,,ACTIVE,23130000,3.5,3.4,3264
1877,Rahman Permata,Male,1,Senior,Yogyakarta,Permanent,27-12-2022,,active,43360000,4.7,3.1,4946
1878,Ratih Rahimah,Female,6,Lead,Surabaya,Contract,07/04/2016,,active,43530000,4.1,2.3,4216
1879,"Ir. Reza Sinaga, S.H.",P,6,Mid,Surabaya,Permanent,2019-12-30,,ACTIVE,22010000,2.9,3.5,1939
1880,Dinda Wijayanti,L,1,Intern,Jakarta,Contract,20-12-2016,,Active,10990000,,3.1,2635
1881,Sutan Hendri Salahudin,L,3,Senior,Remote,Permanent,2021-01-15,2021-12-17,RESIGNED,41670000,2.8,3.6,3776
1882,Almira Puspita,Male,9,Lead,,Contract,11/07/2024,,active,32570000,3.0,4.2,5321
1883,R. Sari Wastuti,F,6,Senior,Jakarta,,08/17/2023,,ACTIVE,32150000,4.1,3.3,4643
1884,Puti Lailasari,P,5,Manager,Surabaya,Permanent,02/05/2022,,active,49360000,2.8,4.3,1967
1885,Gangsar  Yuniar,F,5,Senior,Medan,Permanent,02-07-2016,,active,31990000 ,4.3,3.1,3594
1886,"Harjaya Novitasari, S.Psi",female,7,Lead,Medan,Permanent,2020-08-18,2022-06-18,resigned,35610000,1.8,3.6,4839
1887,"LIDYA WASITA, S.E.I",male,7,Senior,Medan,Probation,02/01/2020,,ACTIVE,22330000 ,,4.5,5046
1888,keisha nashiruddin,Male,6,Mid,Surabaya,Permanent,03-04-2023,,ACTIVE,18050000,3.0,3.0,4677
1889,"Dr. Jasmani Permadi, S.H.",F,6,Mid,Bandung,Permanent,2017-08-07,2022-03-27,resigned,Rp25.460.000,3.0,3.5,5225
1890,Zamira Megantara,male,9,Mid,Surabaya,Permanent,22/10/2020,,active,Rp19.940.000,3.8,3.2,4093
1891,"drg. Vinsen Hakim, M.Pd",P,7,Mid,Remote,Permanent,2024-11-19,,ACTIVE,15770000,,3.1,3169
1892,LIDYA PUSPITA,,4,Senior,Medan,Permanent,12-05-2024,,Active,32840000,2.4,2.1,5492
1893,R.M. Harsanto Prasasta,,2,Senior,Surabaya,Permanent,2019-03-23,,Active,36900000,2.2,4.4,5393
1894,Farhunnisa Sitompul,Male,9,Junior,Bandung,Permanent,17/10/2020,,active,13350000,2.5,4.1,3337
1895,"Bahuwirya Hartati, S.I.Kom",Female,6,Junior,Yogyakarta,Contract,01/03/2024,,active,14870000,4.4,3.5,1838
1896,kawaca nainggolan,Male,5,Junior,Yogyakarta,Permanent,17/08/2020,,ACTIVE,Rp14.820.000,2.7,4.4,1885
1897,embuh waluyo,male,8,Junior,Bandung,Permanent,2020-10-08,,active,14370000,3.7,3.1,2122
1898,"LUKITA SUARTINI, S.GZ",Male,1,Senior,Jakarta,Permanent,2019-01-23,,Active,46700000,,3.8,4946
1899,"Puti  Fitriani  Rahmawati,  M.Pd",P,8,Senior,Jakarta,Permanent,2024-02-05,,ACTIVE,33890000,4.1,3.5,5008
1900,JATMIKO PRANOWO,Female,8,Manager,Bandung,Permanent,2020-05-16,,active,60560000,4.0,4.0,4844
1901,"dr. Ilsa Budiman, S.Kom",Female,10,Mid,Bandung,Permanent,04/02/2015,,active,17790000,4.7,4.2,1097
1902,Yono Lazuardi,L,10,Junior,Jakarta,Contract,05/07/2016,,Active,11160000,2.6,4.2,2782
1903,"Usyi Kuswandari, S.H.",male,4,Mid,Bandung,Permanent,18-08-2015,,active,21540000,3.6,3.3,2246
1904,"Rahmi Putra, S.Sos",female,2,Mid,Remote,Permanent,20/09/2021,,active,25430000,4.1,3.5,1720
1905,kusuma sinaga,Female,1,Lead,,Contract,12/18/2015,2023-04-04,RESIGNED,Rp58.580.000,2.4,3.3,1471
1906,"T. Harjasa Hastuti, M.Pd",M,7,Senior,Medan,,2017-06-17,,Active,26480000,3.4,4.5,1624
1907,"Gatot Samosir, S.T.",L,8,Mid,Surabaya,Permanent,12/27/2021,,ACTIVE,24250000,2.9,1.8,3129
1908,Oliva Mandasari,F,4,Senior,Jakarta,Permanent,01/02/2020,,Active,31890000,3.7,3.4,3345
1909,Cinthia Halimah,F,9,Senior,Medan,Contract,06/25/2016,2019-03-30,Resigned,28720000,,2.1,1882
1910,"Tgk. Vinsen Putra, S.I.Kom",P,3,Intern,Bandung,Permanent,2024-04-08,2024-10-17,RESIGNED,9050000,3.4,3.6,4644
1911,  Laras Gunawan ,M,3,Junior,Medan,Permanent,04-11-2024,,active,18650000,4.9,4.0,1478
1912,R.A.  Ulya  Maulana,M,6,Mid,Medan,Permanent,2020-05-29,,active,21900000,4.5,1.5,2451
1913,Elon Puspasari,L,4,Junior,Yogyakarta,Permanent,2023-09-09,,ACTIVE,17750000,3.6,3.0,2612
1914,Ir. Tantri Agustina,female,2,Senior,Medan,Permanent,23/10/2024,,ACTIVE,35170000,4.2,4.1,1757
1915,Eva Napitupulu,Female,1,Senior,Surabaya,Permanent,09/11/2023,,ACTIVE,38070000,2.8,4.5,5058
1916,Ghaliyati Wibowo,male,1,Mid,Yogyakarta,Permanent,2019-10-09,,Active,29740000,4.9,2.9,3351
1917,R.A. NAJWA PUDJIASTUTI,male,10,Junior,Medan,Permanent,06-03-2018,,active,13050000,4.8,3.5,4082
1918,"Warsa  Sirait,  S.T.",M,2,Lead,,Permanent,2015-01-23,,ACTIVE,55620000,3.1,3.9,4241
1919,"DRG. NYOMAN YUNIAR, M.KOM.",M,8,Junior,Bandung,Permanent,2020-10-29,2024-12-27,RESIGNED,Rp15.520.000,3.6,4.1,3596
1920,Ella Thamrin,F,1,Intern,,,02/08/2019,,active,9700000,,3.5,3424
1921,Cahyono Palastri,P,1,Mid,Yogyakarta,Permanent,2017-12-06,,Active,27370000,2.6,4.0,2780
1922,Fitria  Namaga,Female,2,Senior,Bandung,Permanent,19/08/2022,,Active,44150000,3.9,3.7,3339
1923,"  Yusuf Halim, M.TI. ",F,8,Junior,Medan,Permanent,2017-01-02,,ACTIVE,19120000,,3.5,4242
1924,SALMAN HUTAGALUNG,P,3,Senior,Remote,Permanent,06/24/2021,,active,45290000,2.5,3.3,3067
1925,"  Hj. Alika Ardianto, S.Farm ",male,5,Junior,Jakarta,Permanent,03/08/2024,,active,15710000,2.9,2.0,4889
1926,Saiful Usamah,P,8,Junior,,Permanent,13/10/2023,,Active,16820000,3.8,2.6,3576
1927,BAGAS MARYADI,F,10,Mid,,Permanent,25/10/2023,,Active,16960000,3.3,3.1,4850
1928,Darimin Mayasari,male,9,Mid,,Permanent,20/10/2016,,ACTIVE,23200000,2.1,4.3,4405
1929,Kasiyah Halim,Male,5,Junior,Yogyakarta,Permanent,2024-03-26,2024-12-07,Resigned,12290000,2.8,3.7,4269
1930,Hj. Salwa Susanti,P,7,Senior,Medan,Permanent,27/06/2017,,ACTIVE,26640000,3.4,3.3,4059
1931,Sakura Laksita,F,4,Senior,Medan,Permanent,30/06/2019,,active,32260000,2.9,2.7,3516
1932,adiarja nasyidah,L,8,Junior,Remote,Permanent,04/09/2023,,active,13980000,3.2,2.8,4783
1933,DR. ADINATA BUDIYANTO,male,8,Senior,Medan,Permanent,2017-04-06,,active,Rp38.410.000,3.0,2.7,1036
1934,H. Endra Nasyiah,male,4,Senior,Medan,Permanent,17/10/2023,,Active,33560000,3.5,4.4,5248
1935,Anita Mardhiyah,male,1,Mid,Remote,Permanent,2022-07-23,2023-09-20,RESIGNED,29520000,4.0,3.4,1678
1936,"hj. mala nugroho, s.ip",L,4,Junior,,Permanent,22-12-2015,,ACTIVE,15730000,3.5,3.9,5155
1937,KARNA MARYADI,Female,3,Mid,Medan,Permanent,19/07/2019,,Active,32630000,4.1,3.8,4961
1938,dadi safitri,M,5,Mid,Remote,Contract,2016-01-05,,ACTIVE,23790000,2.0,4.7,2610
1939,T. Rahman Thamrin,F,6,Lead,Surabaya,Permanent,2018-11-24,,active,Rp44.270.000,4.5,2.6,1134
1940,WULAN WIDODO,Male,2,Junior,Medan,Permanent,2020-02-06,,ACTIVE,21850000,3.1,5.0,1914
1941,Hardi Waskita,L,6,Senior,Medan,Permanent,26/07/2019,,Active,32850000,1.2,3.2,3939
1942,Padmi Prasasta,Female,4,Mid,Medan,Probation,10/24/2018,,Active,22720000,3.3,4.8,3622
1943,"Genta Salahudin, S.Pt",Female,10,Head,Yogyakarta,Permanent,10/14/2022,,active,49670000,3.3,5.0,
1944,"Sidiq Yulianti, S.Gz",male,9,Senior,Yogyakarta,Permanent,2023-06-30,,active,27650000,,3.5,1851
1945,Halim Wibowo,L,5,Mid,Yogyakarta,Permanent,28-05-2020,2021-04-11,Resigned,22380000,,3.4,3706
1946,puspa kusmawati,male,6,Mid,Surabaya,Permanent,04-08-2022,,active,20560000,2.5,3.2,5011
1947,MAKUTA ANGGRIAWAN,Female,8,Mid,Remote,Contract,16-10-2020,,active,19440000,3.6,3.5,1783
1948,"ELLA HUTASOIT, M.KOM.",Male,5,Intern,Jakarta,Permanent,2018-03-22,2022-07-19,Resigned,7700000 ,2.9,4.9,1108
1949,"drg. Septi Sitompul, M.Farm",L,3,Senior,Bandung,Contract,05/05/2020,,active,40870000,,2.7,2797
1950,"Puti Paris Gunarto, S.H.",P,1,Senior,Remote,Probation,2017-01-18,,Active,42690000,4.5,3.5,1591
1951,Umay Purnawati,male,3,Junior,Bandung,Permanent,05-08-2020,,ACTIVE,20910000,3.4,3.6,2595
1952,Humaira Gunawan,Female,9,Mid,Bandung,Contract,2017-04-26,,ACTIVE,22510000,3.6,2.0,5303
1953,Mahdi Setiawan,female,4,Junior,Jakarta,Probation,2016-09-30,,active,20410000,2.7,4.1,4066
1954,  Drs. Maryadi Firmansyah ,P,9,Intern,Medan,Probation,19/11/2021,2024-10-11,resigned,7270000,2.6,3.3,3500
1955,wisnu sihotang,P,7,Senior,Yogyakarta,Contract,2019-03-01,,ACTIVE,22830000,3.0,2.6,2200
1956,Yono  Pranowo,female,7,Junior,,Permanent,2020-07-03,,active,11430000,3.7,3.3,3211
1957,R. UMI WIDODO,M,4,Mid,Jakarta,Permanent,31-05-2023,,active,23420000,2.1,3.7,5119
1958,Eja Marpaung,female,10,Senior,Jakarta,Permanent,05/13/2020,,ACTIVE,23890000,2.5,4.8,3289
1959,R.A. Qori Wibisono,Female,1,Mid,Bandung,Permanent,25/08/2024,,Active,26610000,4.5,3.1,1792
1960,"  Usman Namaga, S.Psi ",L,8,Junior,Surabaya,Permanent,31/10/2022,,active,16220000,4.0,3.3,4017
1961,Usyi Mandala,male,6,Senior,Medan,,2022-07-24,,ACTIVE,31410000,4.6,3.5,4416
1962,"  H. Nyoman Hutapea, M.TI. ",Female,4,Mid,Bandung,Permanent,2021-11-14,,Active,22150000,3.2,4.2,5385
1963,"Jelita Habibi, S.IP",male,9,Senior,Medan,Permanent,08/01/2018,,active,28320000,3.7,4.1,3049
1964,Gina  Hutagalung,male,8,Senior,Yogyakarta,Permanent,08/04/2020,,Active,33740000,4.3,2.8,1010
1965,Rahmi Susanti,Female,9,Lead,Surabaya,Permanent,04/02/2019,,Active,Rp36.500.000,2.6,3.4,3798
1966,  drg. Vicky Simbolon ,L,4,Mid,Jakarta,Permanent,16/06/2021,,ACTIVE,24650000,4.0,2.2,3516
1967,Mahesa Saputra,male,5,Head,Yogyakarta,Permanent,24/03/2021,,ACTIVE,64430000,4.4,4.6,
1968,"drg. joko pradana, s.i.kom",L,6,Intern,Bandung,Permanent,21/04/2020,,active,6860000,5.0,2.9,1742
1969,dr. Ian Nashiruddin,L,2,Mid,Medan,Permanent,11/07/2024,,active,28750000,4.1,3.8,3723
1970,"Lanang Wijayanti, S.Sos",female,5,Senior,Medan,Permanent,13/05/2018,,Active,30690000,4.6,2.3,3201
1971,Prasetyo Safitri,male,2,Junior,Bandung,Contract,29-09-2022,,active,21000000,3.6,4.0,1865
1972,Wirda Prayoga,,9,Manager,Yogyakarta,Permanent,29/05/2024,,Active,45950000,3.7,4.2,5095
1973,"  Belinda Hutasoit, S.T. ",P,6,Mid,Medan,Probation,18/01/2019,,Active,24210000,,2.5,3237
1974,Harjasa Usada,F,10,Junior,Surabaya,Contract,2018-11-10,2020-09-16,resigned,14050000,3.7,4.3,3837
1975,Okta Wibisono,M,3,Mid,Remote,Permanent,20-06-2021,,Active,25680000,3.8,5.0,3916
1976,Karen Kurniawan,,2,Junior,Medan,Permanent,2018-12-25,,ACTIVE,18380000,,3.7,2682
1977,  Adhiarja Samosir ,Female,5,Senior,Surabaya,,18-11-2015,,active,35340000 ,3.9,3.0,2514
1978,Karen Saputra,male,5,Senior,Surabaya,Permanent,2024-09-26,,active,32720000 ,2.3,3.3,4469
1979,Cahyadi Irawan,Female,4,Intern,Jakarta,Permanent,07/09/2024,,Active,8960000,3.8,4.9,3589
1980,IRFAN HASSANAH,L,5,Junior,Surabaya,Permanent,08/07/2018,,ACTIVE,14330000,1.8,3.4,5246
1981,Dr. Kambali Wasita,female,6,Senior,Surabaya,Permanent,01/16/2018,,Active,27340000,4.4,3.1,4505
1982,Akarsana Irawan,F,8,Senior,Jakarta,Permanent,23/08/2019,,Active,32350000,4.4,3.1,4812
1983,puspa iswahyudi,male,4,Senior,Remote,Permanent,2022-06-04,,ACTIVE,31580000 ,4.5,3.9,1287
1984,  Ir. Violet Simbolon ,Male,5,Senior,Jakarta,Permanent,12-05-2017,2019-01-03,resigned,28010000,3.5,4.3,4311
1985,"  drg. Amalia Siregar, S.Farm ",female,3,Senior,Medan,Permanent,24/02/2021,2023-11-14,Resigned,42200000,4.0,3.8,3899
1986,Victoria Hutasoit,M,5,Mid,Bandung,Permanent,01-03-2016,,ACTIVE,23970000,2.4,3.5,1753
1987,"PUTRI PRASASTA, M.FARM",P,2,Senior,Remote,Permanent,2018-06-21,,ACTIVE,42300000,3.3,3.6,3435
1988,R.M. Mahdi Wibowo,male,3,Junior,Bandung,Permanent,06/21/2016,,ACTIVE,21810000,4.2,3.3,2637
1989,CAHYONO SANTOSO,female,5,Mid,Yogyakarta,Permanent,25/08/2024,,active,Rp16.920.000,3.5,3.2,4889
1990,Hasna Lailasari,female,10,Intern,Remote,Permanent,24-02-2021,,active,6140000,2.8,3.1,5123
1991,Atma Marbun,Female,3,Mid,Medan,Permanent,2022-01-28,,Active,29670000,,3.8,5177
1992,Ika Andriani,Female,2,Mid,Bandung,Contract,23/11/2018,,ACTIVE,28660000,4.2,3.5,4421
1993,Novi Hutagalung,P,5,Junior,Surabaya,Permanent,2018-06-15,,Active,15170000,3.6,2.4,4567
1994,Hafshah Prayoga,Male,3,Mid,Bandung,Permanent,2015-01-01,,ACTIVE,29730000,3.5,3.9,4032
1995,"Sari Lailasari, M.Ak",Female,8,Junior,Yogyakarta,Permanent,2020-12-31,2024-04-01,Resigned,13440000,3.4,3.3,3931
1996,R.A. Michelle Kurniawan,F,1,Senior,Jakarta,Permanent,2023-12-13,2024-08-08,resigned,47800000,2.0,4.3,2780
1997,GADANG ARDIANTO,M,1,Senior,Yogyakarta,Permanent,14/08/2019,,Active,44870000,5.0,3.1,1075
1998,Juli Safitri,M,2,Junior,Yogyakarta,Contract,2023-01-07,,ACTIVE,Rp21.380.000,3.8,4.2,3125
1999,Wani Sitompul,L,2,Junior,Medan,Permanent,12/13/2017,2021-02-16,Resigned,18310000,3.2,3.2,1011
2000,Juli Astuti,female,4,Junior,Medan,Contract,12-03-2018,,Active,18460000,3.5,3.1,5063
2001,"Hj. Rina Mansur, S.Pd",P,8,Mid,Bandung,Permanent,2017-02-09,,active,22870000,3.9,3.3,3972
2002,Rahmi  Pangestu,L,3,Head,Yogyakarta,Permanent,2022-02-21,,active,93680000,4.2,3.2,
2003,Iriana Nugroho,F,3,Senior,,Permanent,02/08/2017,,ACTIVE,39030000,4.6,4.0,4648
2004,Jamalia Siregar,L,6,Senior,Surabaya,Permanent,31/01/2017,,active,29760000,3.8,3.1,2687
2005,"Talia Usada, M.Kom.",P,10,Mid,Bandung,,2023-02-26,2023-10-10,resigned,19160000,4.2,3.8,5167
2006,  R.A. Jane Waluyo ,M,9,Senior,Yogyakarta,Probation,2018-11-01,,active,26710000,2.9,2.9,4581
2007,YULIANA WIJAYA,,7,Mid,Surabaya,Permanent,25/10/2022,,Active,14850000,5.0,3.1,3498
2008,CALISTA PRATIWI,male,8,Mid,Yogyakarta,Permanent,18/08/2015,,Active,23300000,4.7,2.7,1875
2009,LEGA PALASTRI,F,8,Mid,Surabaya,Contract,2017-01-13,,ACTIVE,26830000,2.9,2.8,2519
2010,Mahmud Pudjiastuti,male,8,Mid,Remote,Permanent,2016-05-14,,Active,25410000 ,4.1,3.5,2655
2011,Wawan Hariyah,Female,5,Mid,Jakarta,Permanent,09/10/2017,,Active,24890000,4.2,3.9,5444
2012,"FATHONAH FARIDA, S.PD",L,10,Manager,Bandung,Permanent,2020-11-04,,Active,46880000,3.9,3.0,2147
2013,"  Puti Yuliana Wasita, M.Kom. ",Female,10,Manager,Remote,Probation,08/16/2018,2019-08-03,RESIGNED,43010000,4.0,2.1,4732
2014,Mahesa Sihombing,male,10,Junior,Surabaya,Permanent,03/11/2017,,active,13960000,3.9,2.9,2236
2015,Dono Wahyuni,Male,3,Junior,Jakarta,Permanent,07/09/2024,,Active,16320000 ,2.9,3.7,1055
2016,  Nasrullah Anggraini ,P,9,Mid,Medan,Permanent,22/08/2018,2022-03-24,RESIGNED,19460000,1.8,3.8,4049
2017,"dr. Bagya Hassanah, M.Ak",male,3,Mid,Medan,Contract,2015-02-06,,active,36560000,1.9,3.0,3067
2018,restu wacana,P,1,Junior,Surabaya,Permanent,20-09-2022,,ACTIVE,20060000,3.3,4.2,1241
2019,DR. VIRMAN ANDRIANI,Male,6,Mid,Remote,Permanent,07/10/2016,,active,24180000 ,3.9,4.3,1494
2020,dt. paiman tarihoran,male,2,Intern,,Permanent,02-09-2015,,active,12000000,2.7,3.9,1040
2021,"Yessi Nasyiah, M.Ak",L,1,Junior,Surabaya,Probation,30-05-2016,,Active,Rp23.890.000,4.9,2.9,1997
2022,"Vinsen Hutasoit, S.IP",F,4,Mid,Remote,Permanent,2024-01-13,,active,23620000,4.1,3.0,4013
2023,"Sutan Maryadi Widiastuti, S.I.Kom",Female,3,Junior,Surabaya,Contract,2019-01-07,,active,21120000,3.6,3.2,2807
2024,MARSUDI SURYATMI,Female,2,Junior,Surabaya,Permanent,2022-12-04,,Active,20470000,4.5,3.3,4317
2025,Kardi Yuliarti,F,6,Lead,Medan,Permanent,2017-02-16,,ACTIVE,40360000,3.4,4.8,1170
2026,"Marsudi Wacana, S.Psi",P,4,Lead,Medan,Contract,2018-02-01,,active,50380000,3.3,4.0,5155
2027,"dr. Balamantri Anggriawan, S.IP",L,3,Junior,Yogyakarta,Permanent,10/10/2015,,ACTIVE,24060000,4.6,4.2,1055
2028,GAWATI MELANI,female,8,Mid,Jakarta,Permanent,27/01/2021,,Active,23110000,3.7,4.1,3063
2029,"Padma  Puspita,  M.Farm",P,4,Junior,Jakarta,Permanent,25/03/2023,,active,15560000,4.4,4.3,4887
2030,"Ratih  Prasetya,  M.M.",female,8,Intern,Surabaya,Permanent,14/09/2023,,Active,Rp7.460.000,3.5,4.4,1487
2031,Kania Hariyah,Female,2,Mid,Yogyakarta,Permanent,16-02-2017,,ACTIVE,31530000,2.5,3.0,3625
2032,"IR. LANJAR MARDHIYAH, S.E.I",M,9,Mid,Yogyakarta,Permanent,2021-11-16,,Active,19090000,4.8,3.5,2756
2033,AISYAH LAKSMIWATI,M,4,Manager,Jakarta,Permanent,2016-01-30,,ACTIVE,66620000,2.3,4.2,2866
2034,Ega Agustina,L,4,Mid,Bandung,Permanent,01-01-2017,,Active,26820000,5.0,4.1,3284
2035,Bambang Megantara,L,7,Mid,Yogyakarta,Permanent,09/02/2016,2023-10-18,RESIGNED,15220000,3.1,3.6,3745
2036,  Ira Siregar ,P,7,Junior,Medan,Permanent,2015-07-21,,Active,12050000,4.2,4.2,4188
2037,Violet Putra,,1,Senior,Jakarta,Permanent,2017-05-04,,ACTIVE,48220000,4.2,3.7,4428
2038,drg. Gantar Kusmawati,Male,1,Junior,Yogyakarta,Contract,2019-01-18,,ACTIVE,22520000,4.6,4.5,2532
2039,  Ismail Hartati ,male,7,Lead,Medan,Permanent,2024-03-27,,active,32660000,,4.6,3091
2040,BETANIA SALAHUDIN,male,6,Senior,Bandung,Probation,10/05/2024,,active,26990000,3.6,4.2,5272
2041,Rusman Latupono,male,10,Mid,Medan,Permanent,2016-02-19,,active,16140000,3.3,2.7,4107
2042,Samsul Siregar,L,8,Junior,Medan,Permanent,2020-11-25,,Active,Rp17.580.000,3.3,3.8,3282
2043,"Balangga Wastuti, S.E.",Male,4,Senior,Yogyakarta,Permanent,06-04-2021,,ACTIVE,30870000,4.2,4.2,3952
2044,"Hesti Maryati, S.E.",P,4,Mid,Remote,Permanent,2022-07-25,,active,22060000,5.0,2.6,4295
2045,R.M. Gamblang Purwanti,male,8,Junior,Medan,Permanent,14/11/2016,,ACTIVE,15780000,,2.8,1875
2046,Malika Pradipta,Female,1,Junior,Medan,Permanent,17/05/2022,,ACTIVE,Rp19.530.000,4.6,4.6,3131
2047,"dr. Lasmono Nashiruddin, S.E.",F,2,Mid,Surabaya,Contract,2018-07-14,,ACTIVE,32530000,2.3,3.8,1716
2048,"Maryadi Astuti, S.Sos",Female,9,Junior,Remote,Permanent,2023-07-28,,Active,13170000,,4.1,1321
2049,Okto Susanti,male,7,Junior,Yogyakarta,Permanent,2021-04-25,,Active,12930000,3.5,2.8,2897
2050,Ihsan Rahayu,Female,10,Senior,Yogyakarta,Probation,14/01/2019,,ACTIVE,Rp23.540.000,3.2,3.5,2989
2051,Kayla Ardianto,Male,4,Junior,Medan,Permanent,2023-02-22,2024-01-13,resigned,14270000,3.0,3.4,3041
2052,"Gabriella Putra, S.T.",L,8,Intern,Bandung,Contract,05/21/2018,2021-05-13,Resigned,9240000,3.7,4.1,4036
2053,"H. Rusman Haryanto, M.Farm",M,2,Mid,Remote,Contract,27-08-2023,,ACTIVE,30200000,3.2,3.7,3435
2054,Raharja Nasyiah,,1,Junior,Bandung,Permanent,22/01/2016,2020-07-15,resigned,24030000,3.5,4.2,1877
2055,Ghani Simbolon,F,1,Lead,Surabaya,Contract,12/07/2021,,Active,50860000,4.1,3.6,2828
2056,Jagapati Latupono,male,9,Junior,Bandung,Permanent,25/05/2021,,Active,12830000 ,3.2,3.9,3841
2057,Salsabila Lestari,female,5,Intern,Yogyakarta,Contract,11/22/2023,,Active,7630000,,2.8,1013
2058,Ir. Galar Riyanti,L,2,Mid,Jakarta,,09/04/2021,,ACTIVE,25250000,4.0,4.4,4317
2059,RAHMI WIJAYA,Female,4,Junior,Surabaya,Permanent,2015-11-18,,Active,17720000,3.9,2.8,2625
2060,Puti Kamaria Thamrin,female,2,Mid,Jakarta,Contract,03-09-2019,,Active,Rp28.160.000,2.6,3.4,4021
2061,"Dr.  Raina  Natsir,  S.Pd",M,10,Junior,Medan,Probation,21-05-2023,,Active,12620000,3.4,4.6,1795
2062,ir. chelsea wulandari,P,2,Senior,Jakarta,,10-08-2015,,ACTIVE,46440000,3.5,3.3,3297
2063,Galar Lazuardi,Male,10,Junior,Bandung,Permanent,31-08-2018,,Active,12870000,2.5,3.4,2474
2064,Gaduh Latupono,F,9,Mid,Medan,Permanent,31/12/2019,,ACTIVE,18510000,2.8,2.4,2762
2065,Hardi  Megantara,Male,9,Mid,Yogyakarta,Permanent,2019-11-05,,active,17230000,4.3,3.5,3337
2066,dr. Hari Riyanti,Female,6,Lead,Remote,Permanent,05-12-2015,,ACTIVE,42750000,3.5,3.8,4204
2067,Kamal Winarno,F,7,Lead,Medan,Permanent,11-12-2017,,active,30890000,4.2,3.4,3264
2068,fitria laksita,Male,7,Junior,,Permanent,2023-07-19,2024-10-27,resigned,10870000,4.3,2.9,5441
2069,"Kawaya Yuliarti, S.E.",M,9,Mid,Remote,Permanent,2021-04-17,,Active,16210000,,3.3,3049
2070,R.M. Jindra Suwarno,male,3,Junior,Yogyakarta,Permanent,2015-10-21,,active,22470000,2.4,3.7,3855
2071,Cengkir Sihotang,male,2,Lead,Yogyakarta,Permanent,2016-04-05,,active,59110000,2.7,3.5,2602
2072,"dr. raina habibi, s.i.kom",M,5,Junior,Remote,Permanent,2018-08-06,,Active,15200000,2.1,3.9,4596
2073,  Jayeng Mansur ,female,10,Mid,,Contract,11/24/2016,,active,17880000,3.8,3.6,4994
2074,RAHMAN WINARNO,F,3,Junior,Bandung,Permanent,2021-12-27,2022-08-09,Resigned,22000000,2.3,3.1,4876
2075,Dr. Martani Lailasari,F,1,Mid,Jakarta,Permanent,30-09-2016,,ACTIVE,32360000,3.7,3.2,3146
2076,Silvia Lestari,male,7,Mid,Bandung,Contract,09/22/2017,,Active,17390000,4.4,3.5,1804
2077,Titin Handayani,Female,7,Intern,Jakarta,Permanent,26/02/2015,,Active,6090000,4.1,2.7,2356
2078,Eli Hutasoit,F,8,Senior,Remote,Permanent,04/04/2015,,ACTIVE,34730000 ,4.7,3.5,4711
2079,Cut Wulan Prasetya,L,9,Senior,Surabaya,Permanent,2021-02-16,,Active,30290000,3.3,3.5,5321
2080,Ami Saefullah,L,5,Junior,Jakarta,Permanent,2022-10-18,,ACTIVE,15620000,2.1,3.3,4365
2081,kawaya suwarno,L,7,Senior,Surabaya,Permanent,2017-11-12,,ACTIVE,24290000,4.6,3.6,2736
2082,Purwadi Haryanti,F,9,Junior,Jakarta,,2015-08-06,,active,16620000,3.3,3.0,5321
2083,  Dr. Pia Melani ,Female,6,Junior,Remote,Permanent,06/08/2022,,ACTIVE,14960000,3.0,3.8,5028
2084,Kemal Latupono,L,1,Lead,Remote,Permanent,20/03/2015,,Active,57700000,4.3,4.5,3268
2085,Vicky Palastri,female,9,Senior,Jakarta,Contract,13/09/2020,,active,26310000,,3.8,4093
2086,"dr. Puput Gunarto, M.M.",P,4,Mid,Jakarta,Permanent,09/20/2024,,Active,20680000,2.7,4.3,5155
2087,sutan irwan jailani,P,8,Senior,Jakarta,Permanent,2021-04-15,,Active,29300000,3.1,3.4,4174
2088,"Yance Yolanda, S.H.",Female,6,Junior,Remote,Permanent,2018-09-28,,Active,15330000,1.9,3.4,1449
2089,Ami Hartati,Female,4,Mid,,Permanent,2022-09-03,,ACTIVE,22290000,5.0,3.6,3598
2090,KAMARIA IRAWAN,F,5,Mid,Yogyakarta,Contract,2024-02-08,2024-10-10,Resigned,20270000,2.7,4.2,5475
2091,ZELAYA LAZUARDI,male,10,Junior,Bandung,Permanent,23-03-2021,,ACTIVE,11800000,2.6,3.2,1634
2092,"  KH. Dasa Pranowo, M.Farm ",female,1,Senior,Yogyakarta,Permanent,2022-05-14,2024-11-26,Resigned,46540000,2.9,3.2,2433
2093,"Kamaria Suryatmi, S.Farm",Male,4,Mid,Bandung,Permanent,06/09/2019,,Active,25320000,3.0,4.1,3890
2094,  Latif Mandala ,Female,5,Mid,Medan,Permanent,15-10-2021,,active,20150000 ,2.9,2.7,1019
2095,"Sutan Rahmat Putra, S.Gz",Male,2,Manager,Bandung,Contract,2021-07-07,,active,76680000,4.2,2.7,3603
2096,dr.  Patricia  Setiawan,Female,10,Mid,Medan,Contract,09/21/2022,,active,14600000,1.6,4.3,2894
2097,Drs. Ella Sinaga,F,3,Junior,Bandung,Permanent,21/08/2023,2024-12-02,RESIGNED,20620000,4.2,3.7,4453
2098,"Icha Siregar, M.Farm",Male,8,Mid,Bandung,Permanent,2017-01-24,,Active,26450000,4.3,4.5,3948
2099,  Zamira Mulyani ,Female,2,Mid,Yogyakarta,Permanent,14/11/2024,,Active,29270000,3.3,4.0,5182
2100,"Rahman Kuswoyo, S.E.I",female,5,Junior,Jakarta,Permanent,2016-09-14,,ACTIVE,16260000,,3.8,1472
2101,"KH. Hendra Halim, S.T.",Male,5,Manager,Medan,Permanent,2023-07-20,,Active,54900000,3.7,3.2,2738
2102,"  Hj. Dian Mustofa, S.H. ",M,3,Senior,Remote,Permanent,08-09-2021,,active,Rp37.870.000,,4.4,5177
2103,Narji Sinaga,L,2,Mid,Bandung,Permanent,19/09/2022,,active,25520000,4.4,4.1,2062
2104,"R.A. VANYA WASTUTI, S.SOS",Female,10,Manager,,Contract,26/12/2022,,ACTIVE,35900000,4.0,2.9,1943
2105,Dinda Permata,female,10,Mid,Bandung,Permanent,2020-04-24,2021-11-20,Resigned,17150000,2.9,4.1,1603
2106,"Embuh Utami, S.Farm",male,1,Senior,Bandung,Permanent,01/10/2018,,Active,46340000,3.7,4.1,4872
2107,mila hutagalung,male,3,Intern,Bandung,Probation,01/07/2023,,ACTIVE,10430000,3.8,3.1,1705
2108,"putu iswahyudi, s.sos",F,1,Senior,Remote,Permanent,09/21/2024,,Active,43960000,3.3,3.7,1562
2109,H. Estiawan Uwais,P,1,Mid,Jakarta,Permanent,07/10/2017,,Active,25410000,1.6,3.0,2642
2110,  Nova Simbolon ,P,6,Senior,Medan,Probation,28/01/2023,,Active,27540000,5.0,2.9,1169
2111,cut vicky iswahyudi,Male,9,Mid,Jakarta,,02/11/2020,2023-11-22,resigned,23580000,2.9,3.9,2241
2112,"  Michelle Usada, S.I.Kom ",male,7,Head,Remote,Permanent,25-10-2020,,active,55470000,2.9,4.0,
2113,"Puti Wulan Nasyidah, S.Sos",Female,7,Junior,Jakarta,Permanent,15/10/2020,,ACTIVE,9910000,3.5,4.1,5198
2114,Ikhsan Prabowo,Female,7,Mid,Surabaya,Permanent,06/19/2019,,Active,17980000,3.8,4.2,3070
2115,Hasna Sinaga,female,6,Mid,Jakarta,Permanent,04/20/2018,,ACTIVE,22360000,3.9,3.3,3863
2116,"Tgk. Jessica Pudjiastuti, M.Farm",male,2,Mid,Yogyakarta,Permanent,13/03/2020,,active,29210000,3.2,4.1,1798
2117,KARYA LAKSITA,M,6,Junior,Remote,Permanent,2017-01-06,,ACTIVE,16280000,,3.7,1939
2118,"tgk. tugiman zulaika, s.gz",P,3,Mid,Jakarta,Permanent,2019-08-21,,active,32990000,2.7,3.8,4090
2119,Baktiadi Utami,L,3,Junior,Surabaya,Permanent,2024-11-23,,Active,18950000,3.5,3.3,5292
2120,"drg. Agus Maheswara, S.E.",male,2,Senior,Jakarta,Permanent,21-01-2023,,ACTIVE,36300000,4.0,4.1,3880
2121,Mutia Adriansyah,P,5,Junior,Medan,Permanent,10/02/2022,,active,15650000,3.0,4.0,1753
2122,Farah Mustofa,Male,8,Senior,Jakarta,Permanent,2019-04-01,,ACTIVE,33750000,3.9,3.3,2262
2123,"Gada Manullang, S.T.",Female,10,Mid,Bandung,Permanent,05/05/2021,,active,18450000,4.6,3.1,1166
2124,Marwata Tarihoran,male,1,Mid,Jakarta,Permanent,01/02/2017,,Active,34400000,4.6,3.0,2828
2125,chelsea wahyudin,female,1,Junior,Yogyakarta,Permanent,10-03-2023,,ACTIVE,21110000,2.7,4.5,4067
2126,"Unggul Yulianti, S.E.",,5,Senior,Bandung,Permanent,2016-04-26,,ACTIVE,32980000,4.4,3.5,4975
2127,HARTO UTAMI,F,5,Junior,Yogyakarta,Permanent,02/20/2015,,Active,17270000,3.7,3.8,1938
2128,Tari Pradipta,L,7,Mid,Bandung,Permanent,2021-10-26,,ACTIVE,17590000,3.8,3.5,3567
2129,SAFINA ISWAHYUDI,Female,10,Mid,Jakarta,Permanent,02/02/2020,,active,17250000,3.6,4.4,4836
2130,"Cinta Adriansyah, S.Kom",male,9,Mid,Surabaya,Permanent,29-09-2017,,active,Rp23.840.000,4.3,2.9,1965
2131,  Citra Mustofa ,Male,4,Mid,Jakarta,Permanent,20-07-2015,,ACTIVE,27220000,3.4,3.4,2246
2132,R.A. Padma Zulaika,male,8,Senior,Remote,Permanent,2016-08-18,,ACTIVE,33820000,4.0,3.5,4174
2133,Ajeng Anggriawan,female,3,Mid,Jakarta,Permanent,18/09/2018,,active,31460000,4.1,3.0,2995
2134,"Jasmin Lazuardi, S.Farm",L,4,Manager,Medan,Permanent,2016-10-22,,ACTIVE,66570000,3.3,4.9,1830
2135,"  Diah Kuswandari, S.Pt ",male,5,Senior,Surabaya,Probation,09/02/2020,,active,32730000,4.6,3.6,1760
2136,  Harjo Irawan ,Male,4,Intern,Yogyakarta,Contract,2023-08-14,2024-08-16,resigned,7340000,3.3,3.1,5328
2137,"YANI JAILANI, S.IP",F,9,Intern,Surabaya,Permanent,16/06/2024,,ACTIVE,6270000,,3.2,2620
2138,Kartika Salahudin,L,8,Lead,Surabaya,Permanent,10/16/2022,,active,38020000,3.9,4.6,4012
2139,HARJAYA MANSUR,M,4,Mid,,Permanent,21/10/2022,2023-06-17,Resigned,23430000,1.6,3.7,1147
2140,"Murti Megantara, S.Pt",Male,9,Lead,Medan,Probation,04-06-2020,,ACTIVE,41000000,4.5,3.8,5095
2141,Drs. Adika Suryatmi,Female,3,Mid,Surabaya,Permanent,2019-10-16,,ACTIVE,28350000,2.1,3.2,4135
2142,"CATUR FARIDA, S.I.KOM",F,3,Lead,Yogyakarta,Permanent,15/06/2016,,ACTIVE,61120000,3.8,3.7,2456
2143,"Gabriella Utami, S.E.I",F,4,Mid,Medan,Permanent,2020-07-10,,active,27590000,3.5,3.3,3530
2144,Raisa Handayani,F,4,Mid,Yogyakarta,Permanent,03-03-2017,2017-12-06,RESIGNED,23710000,3.7,2.9,3573
2145,"R.A. Clara Januar, S.E.I",Male,7,Mid,Medan,Probation,09-04-2023,,Active,16170000,5.0,2.9,4158
2146,"R. Lanjar Winarno, S.I.Kom",female,2,Senior,Medan,Contract,07/06/2015,,active,45530000,3.2,2.6,3361
2147,Iriana Mandala,male,10,Head,Remote,Permanent,2015-02-16,,ACTIVE,53970000,4.1,4.6,
2148,enteng yuliarti,L,5,Junior,Medan,Permanent,2018-06-14,,Active,15120000,3.7,3.6,2237
2149,Drajat Puspasari,M,1,Junior,Surabaya,Permanent,2016-04-11,,active,24060000,4.2,3.2,3909
2150,Ir. Tantri Sudiati,L,4,Junior,Surabaya,Probation,2024-05-01,2024-12-09,RESIGNED,15300000,3.6,4.2,3969
2151,Victoria Dongoran,P,6,Junior,,Permanent,27-04-2020,,Active,14740000,3.6,3.3,4473
2152,"Hj. Ilsa Putra, M.TI.",Male,1,Mid,Medan,Contract,2022-01-13,,ACTIVE,31230000,2.8,4.0,4270
2153,Drs. Fitriani Wijaya,F,6,Junior,Remote,Permanent,17/10/2023,,active,12150000,3.5,3.9,5239
2154,Septi Habibi,female,8,Junior,Surabaya,Permanent,03/05/2021,,active,16490000,4.0,2.8,3033
2155,"KH. Xanana Permadi, M.Kom.",male,9,Mid,Surabaya,Contract,2017-05-03,,active,19800000,5.0,3.2,3771
2156,Carla Permadi,female,8,Mid,Surabaya,Contract,09/29/2015,,ACTIVE,25210000,3.6,3.9,4932
2157,Suci Riyanti,female,4,Junior,Bandung,Permanent,2019-03-17,,ACTIVE,16250000,,2.7,4863
2158,  Karsana Budiman ,P,2,Mid,Surabaya,Permanent,06/02/2017,,active,29680000 ,4.0,3.3,3297
2159,  Jamalia Mustofa ,female,2,Senior,Jakarta,Permanent,17-12-2022,2024-08-11,Resigned,38350000 ,3.3,2.2,4232
2160,Zelda  Purnawati,M,6,Junior,Surabaya,Permanent,03-03-2019,,active,17100000,3.1,3.8,1805
2161,Karimah Palastri,P,10,Mid,Bandung,Contract,2016-12-17,2017-11-15,resigned,16020000,3.1,4.1,2838
2162,"Cawuk Halimah, S.Pt",female,5,Senior,Medan,Permanent,2020-09-03,2023-11-15,Resigned,32100000 ,5.0,3.8,3647
2163,Langgeng Hidayat,P,6,Mid,Medan,Permanent,06/03/2020,,active,21920000,2.6,3.6,3237
2164,Eluh Pratama,Female,1,Lead,Jakarta,Contract,08/09/2016,,ACTIVE,66030000,3.2,3.3,1562
2165,Virman Halim,Male,9,Senior,Yogyakarta,Permanent,04/20/2017,,Active,27800000,3.2,3.4,4143
2166,"  dr. Jono Suwarno, M.TI. ",male,1,Senior,Jakarta,Permanent,17/01/2015,,Active,42000000,5.0,2.5,2642
2167,"dr. Indra Wacana, S.Pt",L,5,Senior,Jakarta,Permanent,27/09/2018,,active,29690000,2.6,2.7,4164
2168,"Kawaca Nasyiah, M.Ak",F,1,Mid,Surabaya,Permanent,2015-04-03,,Active,36430000,3.6,3.2,1241
2169,Estiawan Hutasoit,male,7,Junior,Surabaya,Permanent,2018-08-07,,active,10910000,3.3,3.9,1272
2170,Cindy Melani,female,9,Junior,Jakarta,Permanent,09/01/2023,,ACTIVE,15020000 ,2.2,2.6,2600
2171,Respati Mangunsong,M,6,Mid,Medan,Permanent,01/25/2018,2024-11-01,Resigned,20380000,3.7,3.8,3526
2172,Tgk. Hartaka Rahmawati,F,1,Mid,Bandung,Probation,02/28/2021,,ACTIVE,32320000,3.0,2.7,2372
2173,"Prabowo Yulianti, S.Pt",Female,7,Senior,Jakarta,Permanent,09-06-2021,,ACTIVE,21370000,4.3,3.9,1464
2174,Tami Fujiati,Female,4,Senior,,Permanent,23/01/2021,,Active,33880000,4.2,1.7,2134
2175,"Zulfa Permadi, S.Gz",Male,8,Mid,Jakarta,Permanent,2016-03-09,,Active,22940000,,4.0,1308
2176,Bakianto Fujiati,L,10,Junior,Medan,Permanent,11/26/2022,,Active,11890000,3.8,2.8,1159
2177,JAEMAN SURYATMI,Female,7,Senior,Surabaya,Contract,11/29/2021,,Active,Rp22.010.000,4.1,2.9,4370
2178,Cut Ira Widiastuti,L,1,Mid,Medan,Permanent,23/06/2023,,Active,27220000,3.8,3.0,1355
2179,"Sakura Natsir, S.IP",F,5,Mid,Remote,Permanent,2016-02-03,,Active,21450000,3.4,3.9,5203
2180,NUGRAHA MANDALA,,2,Intern,Bandung,Contract,2020-04-11,2022-01-09,resigned,8040000,2.5,2.8,1032
2181,"  Ajeng Marpaung, M.Kom. ",F,8,Mid,Remote,Contract,2019-01-28,,Active,24450000,3.9,2.8,3815
2182,Putri Maryati,female,10,Mid,Surabaya,Permanent,11/05/2023,,active,15310000,,3.8,4261
2183,"  H. Eka Marbun, S.I.Kom ",L,4,Senior,,Permanent,09/25/2015,,ACTIVE,34210000,2.2,3.2,3531
2184,Pangestu Santoso,Male,10,Senior,Medan,Permanent,03/02/2018,,active,25000000,3.6,4.1,1136
2185,"Devi Dabukke, S.Psi",M,9,Lead,Jakarta,Permanent,20-07-2019,,Active,37380000,2.6,3.8,1538
2186,"dr. Empluk Novitasari, S.Pt",L,1,Junior,Yogyakarta,Permanent,2023-11-20,2024-09-13,RESIGNED,17850000,2.8,3.3,4026
2187,Tania Permata,Male,8,Junior,Bandung,Probation,2021-12-18,,active,14330000,4.2,3.5,4198
2188,"Bahuwarna Mandasari, M.M.",female,7,Junior,Remote,Permanent,28-09-2015,,ACTIVE,12510000,2.2,3.4,1653
2189,Tgk. Asman Mandasari,Female,9,Mid,Medan,Permanent,2021-05-12,,ACTIVE,19380000,3.2,2.3,4493
2190,"  Ir. Eli Uwais, S.E. ",Male,4,Junior,Remote,Probation,07-06-2022,,ACTIVE,15010000,2.9,3.6,4528
2191,  Vera Jailani ,Female,8,Junior,Yogyakarta,Permanent,04/13/2016,,ACTIVE,Rp15.520.000,3.1,4.3,3612
2192,Hj. Tari Latupono,M,5,Mid,Surabaya,Probation,2024-03-21,,active,Rp16.920.000,3.3,3.7,3715
2193,Opung Melani,L,4,Mid,Surabaya,Permanent,09/16/2021,2024-04-29,Resigned,21600000,3.6,3.5,1222
2194,Artawan Budiman,male,2,Mid,Bandung,Contract,06-01-2016,,active,Rp30.020.000,3.4,3.8,3774
2195,Arsipatra Halimah,M,2,Mid,Yogyakarta,Permanent,2023-06-28,2024-03-10,resigned,24860000,2.7,3.7,1040
2196,Kiandra Maryadi,Female,4,Junior,Bandung,Permanent,26-11-2021,,active,15770000,3.6,3.6,4584
2197,Wadi Firgantoro,F,9,Mid,Remote,Permanent,12-05-2018,,active,Rp21.940.000,4.5,4.7,3049
2198,KH. Vino Yolanda,Female,4,Mid,Surabaya,Probation,19/01/2023,,Active,21590000,5.0,3.3,2033
2199,Genta Sinaga,L,10,Mid,Yogyakarta,Contract,2021-11-09,,ACTIVE,Rp19.130.000,3.5,2.9,1253
2200,Hamzah Simanjuntak,P,7,Manager,Medan,Probation,2015-09-13,,active,Rp42.810.000,4.0,1.6,4815
2201,  Yunita Hutagalung ,Male,2,Junior,Surabaya,Permanent,20/11/2022,,ACTIVE,17600000,3.4,2.8,4240
2202,dr. devi mardhiyah,Female,5,Junior,Yogyakarta,Permanent,15/09/2024,,active,13540000,3.8,4.3,4617
2203,"Umay Habibi, S.E.",P,2,Mid,Yogyakarta,Permanent,01/04/2022,,active,25920000,5.0,3.9,4443
2204,rangga maryati,P,4,Junior,Bandung,Permanent,10-02-2021,,Active,17870000,,3.4,3822
2205,Xanana Wacana,male,2,Senior,Surabaya,Contract,2021-03-25,,Active,38080000,3.5,2.6,3782
2206,  Tomi Hastuti ,L,6,Mid,Remote,Permanent,2018-03-27,,Active,21680000,2.8,3.5,2451
2207,"Tgk. Vicky Saragih, S.Psi",Male,8,Mid,Bandung,Permanent,2015-10-21,,Active,22840000,3.4,4.3,5008
2208,KADIR HASANAH,female,3,Junior,Bandung,Permanent,2022-05-18,,active,19760000,3.7,3.6,4623
2209,Gading  Pangestu,female,5,Junior,Remote,Permanent,2024-08-24,,Active,14090000 ,4.6,4.6,4736
2210,Padmi Sihombing,female,3,Junior,Yogyakarta,Permanent,27/12/2021,2023-11-28,Resigned,17520000,2.0,4.7,2763
2211,"Sarah Prasasta, M.M.",P,6,Senior,Bandung,Permanent,04/25/2019,,ACTIVE,28490000,3.7,2.9,5011
2212,Rika Lailasari,M,9,Intern,Remote,Permanent,2021-06-25,,active,5950000,2.5,4.1,1140
2213,"KH. Daliman Palastri, S.H.",F,7,Mid,Medan,Permanent,10/08/2019,,active,16920000,4.4,3.1,4839
2214,Adiarja Wasita,male,6,Junior,Surabaya,Permanent,16/05/2021,,Active,12260000,3.6,2.7,1302
2215,daruna namaga,P,10,Mid,Surabaya,Permanent,2022-09-29,2024-09-17,RESIGNED,16230000,3.7,2.9,3198
2216,Siska Anggriawan,L,10,Lead,Jakarta,Permanent,13/11/2020,,Active,34190000,3.6,3.4,3672
2217,Ade Wahyuni,male,7,Junior,Medan,Permanent,02-09-2022,,active,13290000,3.1,4.4,3413
2218,Zizi  Samosir,L,10,Head,Jakarta,Permanent,08/11/2018,,ACTIVE,59190000,2.9,4.0,
2219,Danang Nuraini,Female,10,Senior,Yogyakarta,,2021-06-08,,active,20070000,4.1,3.5,3699
2220,Hari Lestari,female,1,Mid,Remote,Probation,2018-03-30,,Active,32290000,4.0,3.3,3257
2221,Caket Setiawan,female,3,Junior,Surabaya,Permanent,2023-02-25,,Active,19690000,3.4,1.9,5171
2222,Artawan Pradipta,P,5,Junior,Jakarta,,2021-06-26,,active,16760000,3.4,3.7,4397
2223,"Drs. Laras Wahyudin, M.M.",female,1,Intern,Jakarta,Permanent,27/01/2024,,ACTIVE,Rp9.510.000,4.2,3.0,5003
2224,"Chelsea Prastuti, S.IP",Male,10,Junior,Surabaya,Permanent,03/06/2016,,ACTIVE,13880000,3.7,1.8,2956
2225,  R.M. Makuta Wijaya ,female,6,Junior,Jakarta,Permanent,02/01/2018,,ACTIVE,13660000,4.3,2.7,5464
2226,Lega Purnawati,Male,7,Manager,Remote,Permanent,2021-08-20,,Active,36580000,3.8,3.7,2112
2227,Ibrahim Wijayanti,Male,4,Senior,Bandung,Permanent,06/12/2017,,ACTIVE,34180000,4.7,4.3,1126
2228,Dasa Siregar,male,8,Mid,Bandung,Permanent,2018-11-05,,ACTIVE,23770000,,2.9,4174
2229,  Zizi Sihotang ,Male,5,Lead,Yogyakarta,Permanent,23/05/2024,,ACTIVE,39790000,2.9,3.5,2921
2230,"dr. Naradi Simbolon, S.Psi",male,5,Mid,Remote,Permanent,30/05/2022,,Active,22410000,3.3,3.5,2335
2231,  Humaira Pradipta ,P,2,Mid,Jakarta,Permanent,11-08-2015,,active,25300000,3.3,3.6,2336
2232,  Warsa Pangestu ,Female,7,Junior,Yogyakarta,Permanent,06/22/2019,,Active,11710000 ,3.5,3.4,1209
2233,Purwadi Padmasari,M,7,Junior,,Permanent,2019-04-05,,Active,Rp10.450.000,3.3,4.8,4053
2234,Chandra Kurniawan,M,9,Mid,Jakarta,Permanent,2020-12-12,,active,20210000,4.0,3.5,3798
2235,Ihsan Hastuti,P,9,Junior,Medan,Permanent,2019-04-14,,ACTIVE,11830000,2.1,3.5,1728
2236,Laila Lazuardi,L,10,Mid,Remote,Permanent,03-02-2016,,ACTIVE,18960000,3.0,4.4,3294
2237,tgk. yoga pranowo,F,5,Mid,Surabaya,Permanent,2021-11-05,,ACTIVE,20780000,3.8,3.8,3425
2238,Ina Hariyah,female,8,Junior,Medan,Permanent,2023-12-31,2024-12-12,RESIGNED,Rp16.000.000,2.8,4.0,4668
2239,  Zulaikha Lazuardi ,Male,6,Junior,Bandung,Permanent,27/03/2023,,active,15090000,3.4,4.2,3487
2240,Candrakanta Sihombing,Male,10,Mid,Remote,Permanent,07/07/2018,,active,19220000,3.5,3.2,3231
2241,"Ir. Azalea Pratama, S.Psi",M,9,Senior,Medan,Permanent,2015-02-18,,Active,29510000,2.8,3.8,1098
2242,Bakijan Prayoga,Female,8,Senior,Surabaya,Permanent,10/12/2018,2021-01-08,RESIGNED,30600000 ,2.5,3.9,4844
2243,LALA MULYANI,male,6,Senior,Remote,Contract,12/12/2021,2024-02-08,Resigned,27770000,3.7,4.0,2825
2244,Murti Salahudin,M,3,Senior,Remote,Probation,09/21/2021,,ACTIVE,42290000,3.4,3.8,2382
2245,Yuliana Natsir,Male,1,Junior,Yogyakarta,Permanent,08/08/2024,,active,21540000,4.3,3.3,5242
2246,Wawan Waskita,L,4,Senior,Surabaya,Permanent,30-03-2016,,active,35760000,4.4,2.7,3952
2247,"Dr. Puti Pudjiastuti, S.H.",Male,8,Mid,Surabaya,Permanent,01/03/2022,,Active,22260000,2.0,3.3,3986
2248,Jail Jailani,F,3,Senior,Jakarta,,20-11-2017,,ACTIVE,Rp47.900.000,3.5,3.4,1640
2249,"KH. CAHYONO MAHESWARA, S.KED",M,6,Mid,Jakarta,Permanent,2019-04-17,,Active,19920000,5.0,2.7,2741
2250,Radika Prasetya,Female,6,Lead,Yogyakarta,Probation,2016-12-29,,Active,43710000,4.6,4.1,1219
2251,Dalimin  Wacana,M,3,Mid,Remote,Permanent,11/04/2021,,ACTIVE,27610000,4.0,3.1,4869
2252,Silvia Usamah,male,3,Mid,Bandung,Permanent,01/23/2021,,ACTIVE,30020000,4.3,2.4,4484
2253,"Bakiadi Padmasari, M.Farm",L,3,Junior,Jakarta,Permanent,12/14/2019,,Active,Rp18.820.000,5.0,3.2,4437
2254,Yulia Hutagalung,L,5,Junior,Yogyakarta,Permanent,05/29/2021,,active,Rp12.260.000,2.6,3.4,5288
2255,Atmaja Napitupulu,P,8,Senior,Jakarta,Probation,01/09/2016,,ACTIVE,Rp35.830.000,3.9,4.3,4316
2256,"IBUN MAHENDRA, S.PT",P,4,Manager,Surabaya,Contract,12/27/2017,,Active,Rp56.300.000,4.5,3.0,1239
2257,"dr. Dewi Gunarto, M.M.",L,4,Junior,Yogyakarta,Permanent,10/12/2020,,ACTIVE,Rp16.230.000,4.3,4.3,4578
2258,Cawisadi Pertiwi,P,9,Senior,Jakarta,Permanent,19-06-2024,,ACTIVE,Rp26.940.000,4.8,5.0,1153
2259,Yuni Widodo,Male,4,Senior,Yogyakarta,Permanent,2019-04-24,,ACTIVE,37790000,5.0,4.4,4005
2260,Ana Wibowo,P,10,Mid,Yogyakarta,Permanent,09/27/2018,,Active,17950000,2.5,3.5,5326
2261,"IRSAD NATSIR, S.I.KOM",male,1,Mid,Surabaya,Permanent,2019-02-05,,active,30410000,3.4,2.8,5256
2262,UPIK NASHIRUDDIN,Female,8,Lead,,Permanent,2023-07-12,,active,38320000,3.5,3.2,4496
2263,indah hassanah,Male,7,Junior,Surabaya,Permanent,23/04/2019,,active,11660000,4.2,3.1,1886
2264,  Anom Susanti ,Male,9,Junior,,,27/01/2022,,ACTIVE,14410000,2.3,5.0,3659
2265,IR. HESTI YULIARTI,Female,1,Senior,Jakarta,Permanent,2023-03-31,,Active,45580000,3.7,3.1,4428
2266,najwa zulkarnain,Male,6,Junior,Medan,Permanent,26/06/2020,,ACTIVE,15310000,4.6,3.1,4818
2267,drg. Aswani Irawan,P,3,Lead,Yogyakarta,Probation,27-12-2020,,ACTIVE,58020000,2.7,4.5,1761
2268,Kiandra Mandala,M,7,Lead,Surabaya,Contract,06/01/2015,,ACTIVE,39160000,4.9,4.5,1288
2269,Farah  Yuniar,L,9,Mid,Remote,Permanent,19/07/2019,2024-07-24,RESIGNED,19380000,2.4,3.5,1909
2270,"Dr. Drajat Usamah, M.Pd",P,10,Mid,Medan,Permanent,09/08/2022,,ACTIVE,17690000,2.7,2.3,2216
2271,"Dt. Harjaya Tamba, M.Kom.",M,1,Lead,Yogyakarta,Permanent,2015-10-23,2017-11-20,Resigned,61420000,,4.4,4946
2272,KH. JAYENG SITUMORANG,,10,Intern,,Permanent,2021-12-07,2024-05-23,Resigned,4900000,2.9,2.8,3204
2273,Drs. Janet Wibisono,M,7,Junior,Jakarta,Permanent,04/02/2022,2023-06-13,resigned,12530000,3.5,3.4,4087
2274,Elvina Dongoran,male,9,Mid,Jakarta,Permanent,14-05-2024,,active,16830000,3.1,1.7,1348
2275,Rina Prasetya,male,7,Lead,Yogyakarta,Permanent,2015-09-16,,Active,33530000,4.3,4.7,1417
2276,umar setiawan,female,1,Mid,Remote,Permanent,21-08-2018,,ACTIVE,32810000,4.3,4.4,3103
2277,Rusman Halimah,,3,Mid,Bandung,Permanent,10/08/2018,,active,29940000,3.8,2.6,4090
2278,Tgk. Pranata Padmasari,Male,3,Mid,Bandung,Permanent,2018-10-06,2022-04-29,resigned,28950000,3.4,3.4,5157
2279,Capa Januar,male,9,Manager,Bandung,Permanent,23/10/2022,,Active,37540000,4.0,3.4,2546
2280,Maryadi Permadi,L,4,Senior,Medan,Permanent,2016-06-30,2024-01-29,resigned,39670000,3.8,2.6,4863
2281,Patricia Hakim,Male,7,Lead,Jakarta,Permanent,2015-03-06,,Active,30930000,3.0,4.2,2112
2282,"Sutan  Kamal  Wibisono,  S.I.Kom",M,5,Intern,Medan,Contract,01/01/2016,,active,8700000,3.3,4.0,3810
2283,"  R. Elma Prakasa, M.Farm ",female,5,Junior,Yogyakarta,Permanent,10/11/2022,,ACTIVE,Rp16.480.000,3.4,3.0,3382
2284,YANI TAMBA,M,2,Mid,Medan,Permanent,08/09/2016,,ACTIVE,28290000,3.0,3.0,3625
2285,Cut Tiara Thamrin,male,8,Junior,Jakarta,Permanent,2016-12-15,,Active,18540000,4.6,3.3,2948
2286,Ir. Dinda Pratiwi,Female,7,Senior,Remote,Contract,2021-11-11,,ACTIVE,21820000,,3.2,4839
2287,Raihan Lailasari,P,7,Junior,Medan,Permanent,2018-11-25,,Active,10310000,2.9,3.5,4061
2288,  T. Cayadi Lestari ,,3,Senior,Medan,Permanent,2020-12-11,,ACTIVE,45840000,4.7,2.1,3073
2289,Bakijan Hakim,Male,9,Junior,Remote,Permanent,16/03/2020,,Active,12760000,3.0,3.2,3439
2290,Luhung Prasetya,Male,8,Junior,Remote,Contract,2017-03-04,2019-05-04,Resigned,17100000,2.6,3.8,2913
2291,Karsa Kuswandari,Female,5,Intern,Jakarta,,30/07/2020,2024-10-29,resigned,7620000,3.2,4.1,2742
2292,Gamblang Susanti,F,1,Senior,Surabaya,Permanent,13/03/2018,,Active,44660000,4.4,3.1,3404
2293,Reksa Mustofa,female,9,Mid,Medan,Permanent,27/06/2015,2016-07-25,RESIGNED,18660000,4.0,2.9,1459
2294,Tina Nugroho,L,3,Mid,Jakarta,Contract,2020-06-09,,Active,29180000,3.9,3.6,1640
2295,"Tgk.  Asmuni  Damanik,  S.E.I",Female,2,Junior,Yogyakarta,Permanent,24/08/2021,,ACTIVE,18900000,2.7,3.8,4498
2296,R. Vicky Kusumo,female,4,Mid,Surabaya,Permanent,2017-07-31,,ACTIVE,23460000,3.3,3.1,3622
2297,"Drs. Zelda Utama, S.Pt",M,10,Junior,,Permanent,10/04/2023,,active,12180000,3.3,4.1,5351
2298,Tiara Wijayanti,M,3,Mid,Yogyakarta,Permanent,10/29/2015,,active,Rp34.510.000,3.6,3.0,5322
2299,rini januar,female,1,Senior,Medan,Permanent,16-08-2016,,active,49320000,4.4,3.4,4982
2300,Ilsa Sinaga,female,3,Senior,Remote,Permanent,2019-03-10,,active,39230000,3.8,3.8,3037
2301,Candrakanta Fujiati,F,6,Mid,Bandung,Permanent,2018-01-09,,Active,23040000,4.4,4.4,5380
2302,"Ir. Yosef Laksita, S.Psi",L,5,Junior,Yogyakarta,Permanent,2018-02-23,,ACTIVE,12310000,4.5,3.6,4311
2303,Nugraha Purwanti,male,4,Junior,Surabaya,Permanent,12-07-2023,,Active,14150000,3.4,3.7,2979
2304,"Raisa Tamba, S.H.",L,4,Mid,Bandung,Permanent,25-06-2021,,active,25600000,2.4,4.1,5428
2305,"Lanjar Natsir, S.Sos",,4,Junior,Medan,Permanent,01/09/2024,,active,15750000,3.5,3.4,3307
2306,Uchita Sihombing,female,2,Senior,Remote,Contract,17/02/2018,2023-06-04,Resigned,39730000,2.9,4.3,4823
2307,Cecep Adriansyah,Male,5,Mid,Bandung,Contract,2018-09-02,,Active,19640000,3.4,4.4,5203
2308,"Queen Wijaya, M.Farm",L,9,Lead,Yogyakarta,Probation,2021-06-07,,Active,39570000,3.1,3.9,2279
2309,  Cemplunk Suartini ,M,4,Senior,Medan,,04/11/2020,,ACTIVE,39780000,4.0,4.1,1222
2310,Yessi Suryatmi,P,6,Junior,,Contract,2020-05-17,,Active,14960000,3.4,3.1,1692
2311,  Manah Pratiwi ,female,6,Junior,Medan,Permanent,2020-07-21,,Active,14150000,5.0,4.5,5062
2312,Waluyo Mandasari,F,10,Mid,Bandung,Permanent,2017-06-11,2021-04-02,Resigned,Rp15.750.000,3.7,2.9,1863
2313,Gamblang Hutagalung,M,10,Junior,Surabaya,Permanent,07/03/2015,,ACTIVE,11290000,,4.4,1205
2314,Ganjaran Simanjuntak,P,2,Junior,Medan,Permanent,15/08/2024,,active,17850000,3.6,3.3,2884
2315,MAKARA IRAWAN,F,4,Junior,Remote,Permanent,14-03-2020,,active,15160000,4.8,4.1,2086
2316,"Hj. Suci Sitorus, M.M.",P,3,Senior,Remote,Permanent,2022-01-11,,active,46960000,3.6,3.9,1429
2317,Eman Pranowo,M,9,Mid,Surabaya,Permanent,26-04-2019,,ACTIVE,20120000 ,2.3,4.0,3609
2318,Mustofa Hidayat,female,10,Mid,Remote,Probation,11/10/2019,,Active,16930000,2.5,3.7,3052
2319,  Hamima Kurniawan ,Male,9,Mid,Medan,Contract,01/11/2023,,ACTIVE,15600000,3.6,3.5,5314
2320,"ade hardiansyah, s.sos",Male,10,Junior,Remote,Permanent,2020-10-09,,ACTIVE,11010000,4.6,2.9,1025
2321,Uchita Andriani,male,4,Senior,Yogyakarta,Permanent,30/03/2016,,Active,33300000,3.9,2.3,4969
2322,Tasdik Zulkarnain,F,9,Senior,Medan,Permanent,09-02-2019,,ACTIVE,29660000,4.8,2.6,4682
2323,Keisha Tampubolon,,6,Mid,Bandung,Permanent,2016-07-20,,Active,22130000,4.9,2.8,4525
2324,DR. BAKTIANTO KUSWANDARI,female,1,Senior,Medan,Contract,2023-04-09,,active,39070000,2.0,5.0,2828
2325,"Drs.  Martana  Prasetyo,  S.E.",L,10,Lead,Bandung,Permanent,06/12/2023,,ACTIVE,28290000,2.9,4.0,2147
2326,Belinda Firmansyah,female,4,Senior,Surabaya,Permanent,2020-08-24,,active,35810000,3.4,4.0,3952
2327,ayu simanjuntak,Female,8,Senior,Medan,Permanent,15/11/2018,,ACTIVE,33990000,2.7,3.5,4012
2328,Ciaobella Hidayanto,L,6,Mid,Remote,Contract,2020-04-09,,active,20840000,3.6,3.0,2764
2329,Ella Waluyo,female,6,Junior,Remote,Probation,2020-01-26,,ACTIVE,14750000,2.7,2.6,2066
2330,  Opan Hutagalung ,Male,5,Lead,Yogyakarta,Permanent,2017-02-10,,Active,Rp40.720.000,2.9,3.3,5203
2331,R. Gandi Riyanti,P,2,Manager,Jakarta,Permanent,2017-01-02,,active,76300000,1.4,5.0,3603
2332,Dr. Tiara Dabukke,female,8,Junior,Yogyakarta,Permanent,2016-04-03,,ACTIVE,19060000,3.7,2.3,3789
2333,  Safina Marbun ,M,5,Junior,Jakarta,Permanent,11/02/2020,,active,16610000,3.5,3.7,2928
2334,drg. Endah Habibi,M,6,Junior,Yogyakarta,Permanent,04/25/2020,,Active,14310000,3.9,3.3,5484
2335,  Gamblang Putra ,Male,5,Senior,Jakarta,Contract,2018-04-09,,ACTIVE,35300000,,5.0,3172
2336,HASAN PUSPASARI,,2,Senior,Remote,Permanent,12-05-2024,,Active,39700000,5.0,3.2,3735
2337,"Titi Namaga, S.T.",female,9,Senior,Surabaya,Permanent,05/09/2022,,Active,31480000,3.6,3.8,1092
2338,"Eko Salahudin, S.H.",female,1,Mid,Bandung,Contract,02/19/2020,,active,28060000,3.9,4.0,2603
2339,Asirwanda Wijaya,Female,8,Senior,Bandung,Permanent,04/12/2016,,Active,34580000,3.3,4.2,3101
2340,Drs. Zaenab Lestari,P,5,Junior,Bandung,Permanent,2023-08-19,,Active,13890000,3.0,2.8,4182
2341,  Asmadi Tarihoran ,P,9,Junior,Bandung,Permanent,2016-11-12,,Active,14160000,2.7,3.2,2079
2342,Irsad Irawan,female,10,Manager,Remote,Permanent,16-01-2017,,active,39930000,4.2,3.2,4732
2343,Yuni Wijayanti,Male,5,Junior,Jakarta,Probation,2016-10-22,,Active,Rp17.170.000,3.0,3.2,2767
2344,"LIMAR KUSWANDARI, S.KOM",male,3,Senior,Bandung,Permanent,2019-12-11,,Active,47460000,3.2,1.4,5171
2345,Akarsana Putra,M,10,Senior,Surabaya,Permanent,2022-06-19,,Active,21720000,4.3,3.6,1795
2346,Makuta Siregar,P,2,Lead,Medan,Permanent,2021-01-20,,active,62710000,2.5,3.8,1757
2347,Jasmani Latupono,M,9,Mid,Bandung,Probation,2019-07-16,,Active,19880000,3.1,4.1,2413
2348,VIOLET WIDODO,P,8,Mid,Medan,Permanent,01/10/2016,2023-05-15,Resigned,Rp28.080.000,4.7,2.9,4679
2349,nurul wijayanti,F,1,Senior,Medan,Permanent,2020-04-25,,ACTIVE,40120000 ,2.3,3.5,1471
2350,Cornelia Yuniar,female,9,Manager,Remote,Permanent,19-10-2018,,active,51770000,2.5,2.5,5466
2351,dr. Cengkal Uwais,L,7,Mid,Jakarta,Permanent,25/07/2016,,active,17780000,4.4,4.0,2112
2352,KARTIKA NASHIRUDDIN,F,10,Manager,Yogyakarta,Permanent,04/12/2021,,active,Rp44.220.000,2.9,3.0,2147
2353,Aurora  Saptono,F,7,Intern,,Permanent,2015-08-14,,active,5910000,4.0,4.1,3632
2354,Nadia Saptono,Male,9,Senior,Surabaya,Permanent,2023-10-06,,Active,Rp25.870.000,2.0,3.0,3442
2355,Raihan  Santoso,Male,9,Mid,Remote,Permanent,2021-01-14,,Active,18820000 ,4.3,3.6,3781
2356,Cut Eka Widiastuti,M,7,Junior,Yogyakarta,Permanent,2020-09-27,,active,11860000,1.0,3.1,2808
2357,Bakiadi Winarsih,M,1,Junior,Bandung,Permanent,2022-06-24,,ACTIVE,16920000,3.2,2.3,4067
2358,Yani Namaga,female,2,Mid,Jakarta,Permanent,2019-02-23,,active,25960000,4.0,3.2,1207
2359,  Usyi Rahmawati ,Female,10,Senior,Medan,Permanent,15-06-2018,,ACTIVE,24510000,4.0,4.1,2846
2360,KADIR HALIM,Female,1,Mid,Yogyakarta,Permanent,2023-04-26,,Active,29160000 ,3.3,3.6,4286
2361,"drg. Yuliana Nurdiyanti, S.Farm",,10,Junior,Bandung,Contract,03/04/2023,,active,11140000,4.7,4.3,1445
2362,Ir. Sakti Kusmawati,L,10,Junior,,Probation,2016-08-11,,active,13000000,3.8,2.9,3198
2363,R.A. Nabila Salahudin,P,9,Junior,Medan,Permanent,2015-09-28,,active,14970000,4.6,4.4,3756
2364,Harto Firmansyah,Male,7,Intern,Surabaya,Permanent,2015-01-28,,ACTIVE,Rp6.160.000,3.1,2.3,3470
2365,Drs. Umay Maryati,female,4,Junior,Bandung,Permanent,2022-12-19,,ACTIVE,17630000 ,3.2,4.2,3978
2366,"Drs. Murti Safitri, S.E.I",female,9,Mid,Jakarta,Contract,2018-03-31,,active,20160000,4.1,2.8,4287
2367,Wasis Hassanah,F,1,Mid,Yogyakarta,Permanent,11/05/2024,,Active,31850000,3.7,3.9,1905
2368,Warta Marbun,P,3,Junior,Bandung,Permanent,2017-07-08,2018-01-14,resigned,23800000,4.2,3.3,1121
2369,Respati Nababan,P,10,Mid,Surabaya,Permanent,2016-05-23,,active,16830000,3.7,2.7,3699
2370,Artanto Anggraini,F,10,Junior,Jakarta,Permanent,18/09/2022,,active,Rp11.780.000,4.8,3.7,1751
2371,Mahmud Fujiati,Female,4,Junior,Jakarta,Permanent,2020-07-12,,Active,15920000,4.0,4.4,2768
2372,  Ridwan Utami ,P,1,Senior,,Contract,2021-07-08,,active,40660000 ,3.1,2.8,4150
2373,RAFID RIYANTI,female,3,Mid,Surabaya,Permanent,14/10/2022,,ACTIVE,29920000 ,3.7,5.0,4484
2374,Jamalia Hidayat,M,4,Mid,Jakarta,Permanent,06/24/2024,2024-12-30,RESIGNED,22960000,2.7,3.6,1721
2375,HARSANTO PUSPITA,Female,10,Junior,,Permanent,06/11/2024,,ACTIVE,11830000,5.0,3.8,2184
2376,Puspa Simbolon,Female,1,Lead,Surabaya,Permanent,19/01/2019,,active,54580000,4.6,3.8,4497
2377,"Tgk. Putri Haryanti, S.Ked",female,2,Junior,,Permanent,12/09/2020,,Active,23450000,5.0,4.5,4241
2378,"h. leo rahmawati, m.ti.",,4,Mid,Medan,Permanent,2023-07-30,2024-04-20,resigned,21970000,3.8,3.5,2321
2379,"dr. balidin agustina, s.e.i",F,7,Senior,Surabaya,Permanent,09/04/2024,,ACTIVE,24230000,4.3,3.6,1764
2380,  Kasim Rahmawati ,Female,7,Mid,,Contract,28/01/2016,,active,17870000,1.9,3.0,1804
2381,Puti  Cici  Pratiwi,M,2,Mid,,Permanent,2016-07-14,,Active,29650000,,3.8,4289
2382,"R. PANJI SUWARNO, M.PD",P,3,Manager,Bandung,Permanent,2018-10-25,,Active,65120000,3.5,2.3,1068
2383,Laras Saptono,M,10,Junior,Bandung,Contract,23-08-2020,,active,13350000,3.6,3.9,1844
2384,SAFINA LAKSITA,L,7,Lead,Jakarta,Permanent,06/09/2019,,ACTIVE,32630000,5.0,3.1,4476
2385,Ir. Nabila Firgantoro,Male,10,Junior,Surabaya,Permanent,13-03-2015,,Active,11960000,3.1,2.6,1958
2386,Enteng Waskita,L,9,Mid,Medan,Permanent,29/02/2024,,Active,17320000,4.5,3.3,3756
2387,Lasmanto Sudiati,Female,4,Junior,Jakarta,Permanent,06-12-2016,,Active,19140000,3.4,3.2,1337
2388,"  Marsito Wacana, S.Gz ",L,7,Senior,,Permanent,29-06-2017,2019-08-01,resigned,22110000,3.6,3.2,4158
2389,Julia Prakasa,M,8,Senior,Yogyakarta,Permanent,05/09/2017,2018-09-22,resigned,35620000,2.5,1.8,2664
2390,PANCA KUSMAWATI,male,5,Mid,Yogyakarta,Permanent,11/15/2015,2021-10-17,Resigned,21390000,2.6,3.6,2610
2391,Kasiyah Damanik,male,9,Senior,Medan,Permanent,2015-05-15,,Active,26360000,3.9,2.8,4518
2392,Yuliana Sihombing,Female,6,Senior,Jakarta,Permanent,05/02/2016,,active,32180000,4.7,3.0,1939
2393,Indah Lestari,M,3,Junior,Medan,Permanent,18/06/2023,2024-02-16,Resigned,18260000,3.0,5.0,2800
2394,"Hj. Cinthia Pradana, S.E.I",Male,4,Mid,Jakarta,Permanent,26-01-2017,,active,27240000,3.5,4.6,5111
2395,Uli Handayani,Female,3,Mid,Bandung,Contract,07/02/2021,,active,27550000,3.5,4.8,2570
2396,"Tgk. Embuh Agustina, M.Ak",M,1,Mid,Jakarta,Contract,30-08-2020,,active,Rp28.470.000,4.9,3.5,4150
2397,"Bakidin Nainggolan, M.M.",L,2,Senior,Bandung,,2020-12-06,,Active,42000000,3.4,4.1,2602
2398,Vino Wasita,L,3,Senior,Remote,Permanent,2023-06-16,,Active,43180000,3.0,2.6,3073
2399,"Nova Maryati, S.I.Kom",M,8,Senior,Yogyakarta,Permanent,2020-08-27,,Active,33150000,4.1,3.1,4711
2400,"Cut Oliva Manullang, S.Pt",male,1,Mid,Jakarta,Permanent,2019-12-06,,ACTIVE,27100000,4.9,3.2,1355
2401,Titin Mayasari,female,2,Junior,Medan,Permanent,04/04/2019,,Active,20050000,3.9,4.8,2518
2402,Diana Novitasari,Male,10,Junior,Jakarta,Permanent,16/07/2023,,ACTIVE,11590000,3.3,4.0,1828
2403,Cut Ellis Nababan,M,8,Senior,Remote,Permanent,2020-07-23,,ACTIVE,32370000,,4.3,4012
2404,"r.a. zalindra hakim, s.h.",M,4,Senior,Jakarta,Permanent,12/03/2015,,ACTIVE,33850000,3.4,4.6,3345
2405,Jaga Hardiansyah,Female,1,Junior,Remote,Probation,2021-09-25,,active,18850000,4.2,3.3,2106
2406,  Tiara Napitupulu ,P,1,Intern,Surabaya,Probation,07/14/2017,,ACTIVE,11080000,2.8,3.7,2172
2407,  Kartika Hariyah ,female,3,Junior,Yogyakarta,Probation,02/12/2017,,Active,20160000,3.1,3.6,3535
2408,dr. Makara Maheswara,P,3,Mid,Remote,Permanent,2017-01-04,2023-01-06,RESIGNED,33310000,2.7,3.0,2316
2409,"Among Permadi, S.I.Kom",P,7,Mid,Jakarta,Permanent,2020-11-10,,active,18580000,4.1,3.5,5494
2410,Rina Hassanah,female,4,Junior,,Permanent,29/06/2019,,Active,16310000,5.0,2.7,3772
2411,Yosef Kusmawati,male,7,Lead,Bandung,Permanent,23-09-2015,,ACTIVE,36060000,,3.3,4815
2412,Drs. Kamaria Situmorang,F,10,Mid,Yogyakarta,Permanent,2016-05-17,,active,17450000,3.3,4.1,5354
2413,Raihan Rajata,P,9,Senior,Medan,Permanent,30-07-2023,,Active,24610000,4.6,3.8,5095
2414,"Yance Iswahyudi, S.Pd",P,8,Head,Medan,Probation,2018-12-29,,active,73330000,4.4,4.1,
2415,Harsana Hardiansyah,Female,3,Mid,Yogyakarta,Permanent,25-09-2020,,ACTIVE,26460000,4.2,2.5,1793
2416,Sabar Pertiwi,P,4,Senior,Remote,Probation,27/06/2020,,Active,36190000,4.4,3.3,2866
2417,"Sutan  Sabri  Prasetya,  S.H.",male,2,Senior,Jakarta,,12-02-2016,,active,46880000 ,3.0,4.8,3770
2418,"  Danang Santoso, S.Farm ",M,8,Mid,Remote,Permanent,2017-01-03,,Active,27710000,2.4,3.5,5054
2419,Dt. Saka Zulaika,,7,Senior,Jakarta,Permanent,22/12/2021,,active,23220000,4.4,4.3,1804
2420,Jasmani Mustofa,F,7,Senior,Surabaya,Permanent,2023-11-22,,active,19290000,2.8,3.8,2736
2421,"  Cawuk Rahimah, S.Ked ",female,10,Junior,Surabaya,Contract,2020-08-29,,active,11200000,3.1,4.0,1159
2422,Dono Sudiati,L,1,Intern,Jakarta,Permanent,07/27/2023,2024-08-30,RESIGNED,9640000,1.8,4.4,1557
2423,"T.  Narji  Yuniar,  S.T.",F,6,Mid,Yogyakarta,Permanent,25/07/2024,,Active,18650000,,3.5,5009
2424,Keisha Tampubolon,male,6,Junior,Surabaya,Contract,30-03-2021,,Active,14400000,3.6,3.1,2799
2425,Hafshah Pratama,Male,4,Junior,Surabaya,Permanent,2020-07-06,,ACTIVE,17370000,4.5,4.2,4295
2426,ilsa wastuti,P,9,Mid,Remote,Permanent,07/27/2023,2024-09-30,resigned,19190000,3.5,3.4,1153
2427,  Drs. Hasta Padmasari ,,7,Mid,Bandung,Permanent,03/05/2020,,ACTIVE,14580000,4.7,4.7,1254
2428,Adiarja Melani,Female,2,Senior,Yogyakarta,Permanent,2017-12-14,,ACTIVE,34520000,4.1,4.3,4241
2429,"Saiful Wahyudin, M.Pd",F,2,Senior,Surabaya,Permanent,06/08/2023,,ACTIVE,41920000,2.4,3.6,3378
2430,"Legawa Sudiati, S.Pd",Male,4,Junior,Surabaya,Contract,06/09/2016,,ACTIVE,16040000,,2.9,2193
2431,silvia kurniawan,M,5,Mid,Surabaya,Permanent,01/08/2023,,ACTIVE,21040000,3.4,2.1,4602
2432,Bella Sirait,Female,4,Mid,Yogyakarta,Permanent,2018-11-14,,ACTIVE,25590000,3.4,2.3,1103
2433,Suci Simbolon,Male,1,Manager,Surabaya,Permanent,2017-10-11,,active,76360000,3.8,2.9,1020
2434,"Tgk. Hana Yolanda, S.Pd",male,2,Mid,Surabaya,Permanent,09/29/2024,,ACTIVE,25920000,4.2,3.3,4312
2435,Cakrawala Maryati,female,5,Junior,Yogyakarta,Permanent,03-06-2015,,active,15250000,4.2,3.2,5347
2436,"sutan uda hakim, m.ak",F,10,Senior,Medan,Permanent,12/28/2017,2023-10-01,resigned,Rp26.960.000,3.2,3.9,4732
2437,salimah simanjuntak,F,8,Junior,Surabaya,Permanent,28/03/2019,,ACTIVE,15940000,2.3,3.1,1088
2438,"Cahyono Dongoran, M.Kom.",Female,1,Senior,Bandung,Permanent,2016-02-14,,Active,50300000,2.4,3.5,4225
2439,hana andriani,female,9,Junior,Surabaya,Probation,13/11/2016,,Active,13390000,4.4,2.7,3756
2440,kayla firgantoro,male,9,Mid,Jakarta,Contract,2020-07-28,,Active,17710000,1.8,3.3,4143
2441,ir. yulia nainggolan,male,4,Mid,Surabaya,Probation,2018-03-23,,active,26270000,2.4,3.5,4969
2442,Tari Prasetya,,10,Lead,Remote,Contract,09-01-2024,2024-07-30,resigned,31680000,3.6,2.6,2352
2443,"Kasusra Uyainah, M.Kom.",Male,1,Mid,Jakarta,Permanent,21/08/2021,,ACTIVE,26080000,3.5,3.5,1020
2444,"Gatot Mayasari, S.Pd",F,4,Mid,,Permanent,16/10/2019,,active,24650000,3.9,3.2,3148
2445,"R. Zaenab Wahyuni, M.Pd",F,8,Mid,Yogyakarta,Permanent,29-08-2020,,Active,21230000,3.7,3.8,2596
2446,Emil Kuswoyo,P,9,Junior,Surabaya,Permanent,2017-03-30,,active,16810000,2.6,3.8,4611
2447,Dian Rajata,female,4,Junior,Bandung,Contract,13/07/2022,,ACTIVE,17760000,2.7,2.5,2481
2448,"Yani Purwanti, S.E.",Male,2,Mid,Remote,Probation,2021-06-20,,Active,27640000,3.4,3.8,5070
2449,"Uda Sitorus, S.Pt",female,8,Senior,Medan,Contract,2018-01-02,,Active,33160000,1.7,3.1,4012
2450,Garang Prasetyo,female,5,Mid,Jakarta,Permanent,05/07/2021,,Active,19800000,4.3,3.1,3811
2451,"INA ANDRIANI, S.PSI",P,6,Senior,Remote,Permanent,03/09/2020,2021-07-10,RESIGNED,28640000,2.5,3.3,2687
2452,Hana Padmasari,female,3,Junior,Surabaya,Contract,19/06/2024,,active,21300000,4.3,4.1,4010
2453,  Malika Lazuardi ,M,4,Senior,Yogyakarta,Permanent,02/09/2022,,ACTIVE,33260000,4.1,3.4,2256
2454,Anastasia Usada,F,6,Senior,Remote,Permanent,2022-03-31,,Active,32470000,3.0,2.9,3279
2455,Ir. Raina Hidayanto,female,9,Lead,Bandung,Permanent,09/03/2017,,Active,44790000,3.0,3.0,1701
2456,Febi Mardhiyah,female,3,Manager,Yogyakarta,Permanent,2020-03-16,,active,70250000,1.1,3.7,2002
2457,Taswir Zulaika,M,9,Senior,Bandung,Permanent,2017-04-07,,ACTIVE,27870000,,3.0,1965
2458,PARIS SALAHUDIN,F,10,Junior,Remote,Contract,2022-05-21,,ACTIVE,11360000,5.0,3.7,4412
2459,Anastasia Maryadi,P,6,Mid,Surabaya,Permanent,2023-10-10,2024-05-19,resigned,15960000,4.7,1.8,2243
2460,daliono siregar,Male,10,Mid,Remote,Permanent,2019-07-26,,active,15790000,4.4,3.7,1675
2461,  Qori Haryanti ,,10,Senior,Remote,,2019-06-14,,active,24770000,3.5,2.9,4619
2462,Galih Najmudin,M,3,Junior,Medan,Probation,03-04-2016,,ACTIVE,22130000,3.2,3.9,5069
2463,"R. Jinawi Sitorus, S.E.",Female,7,Junior,Bandung,Permanent,26/07/2020,,ACTIVE,11070000,1.8,4.0,5018
2464,Siska Hakim,P,3,Junior,Remote,Permanent,2018-09-10,,ACTIVE,18360000,4.8,4.2,2938
2465,Jabal Saefullah,,10,Lead,,Permanent,2019-09-29,,ACTIVE,35860000,3.2,4.0,2013
2466,prabawa narpati,female,4,Mid,Medan,Permanent,2019-12-06,,active,Rp25.500.000,3.4,3.2,3041
2467,R. Nurul Irawan,female,7,Junior,Surabaya,Permanent,2022-11-05,,active,10850000,4.2,4.0,2128
2468,Luwes Fujiati,Female,2,Senior,Surabaya,Contract,08/28/2022,,Active,39090000,4.7,3.0,1716
2469,"Ikhsan Waskita, S.Farm",Male,2,Senior,,Contract,26/01/2019,,ACTIVE,39770000,3.7,2.6,3490
2470,Kiandra Ardianto,male,4,Intern,Medan,Permanent,28-03-2022,,ACTIVE,7840000,2.8,3.1,4193
2471,Kasusra Pangestu,L,9,Mid,Remote,Permanent,2022-09-30,,active,18610000,3.6,4.8,5321
2472,"Kasiyah Budiman, S.Psi",F,5,Junior,Remote,Permanent,2018-06-20,,Active,14040000,3.3,3.1,3958
2473,"DR. DADAP BUDIYANTO, S.KED",L,5,Mid,Yogyakarta,Permanent,2020-12-30,,ACTIVE,20250000,2.5,3.4,1297
2474,"OSKAR PRAYOGA, S.H.",F,10,Lead,Bandung,Permanent,12/11/2017,,active,33580000,2.8,3.5,2951
2475,"jelita saragih, s.e.i",M,5,Mid,Remote,Permanent,03/12/2019,,Active,22770000,,2.3,1786
2476,Harjo Mardhiyah,male,1,Junior,,Permanent,27-01-2018,,active,22750000,3.6,2.8,3874
2477,Tgk. Eli Haryanto,female,1,Senior,Yogyakarta,Contract,07/06/2024,,active,43500000,2.2,2.9,5256
2478,"Cut Ifa Siregar, M.M.",M,10,Junior,Medan,Permanent,30/03/2024,2024-10-29,resigned,12500000,4.7,2.6,3213
2479,"Putri Riyanti, M.TI.",Female,8,Junior,Medan,Permanent,02/10/2021,,ACTIVE,15810000,3.5,2.3,1674
2480,Maya Mansur,F,2,Senior,Remote,Permanent,18/10/2022,2023-06-08,RESIGNED,39160000,5.0,2.9,1565
2481,Nurul Tamba,,4,Mid,Jakarta,Permanent,2023-11-15,,Active,21890000,5.0,2.4,2889
2482,"Sutan Catur Waskita, S.Ked",Female,8,Mid,Jakarta,Permanent,09/07/2018,,Active,22420000,3.5,3.9,2859
2483,Darmana Mustofa,L,3,Junior,Yogyakarta,Contract,2024-07-01,,Active,18890000,4.5,3.7,2926
2484,Oskar Damanik,P,10,Mid,Remote,Permanent,2020-01-24,,active,16940000,2.8,3.1,4692
2485,DRS. ELLA MAHESWARA,Male,9,Mid,Surabaya,Contract,16/09/2022,,Active,18170000,5.0,4.1,1317
2486,Tania Yulianti,male,5,Mid,Bandung,Permanent,12/12/2015,,active,24920000,3.5,5.0,2162
2487,"Dt. Harimurti Uyainah, S.T.",Female,5,Intern,Bandung,Permanent,2024-05-11,,ACTIVE,7610000,2.2,2.8,4277
2488,"Dr. Leo Hardiansyah, M.Ak",Male,8,Intern,Remote,Permanent,2021-04-06,,active,7760000,3.3,4.1,1225
2489,Mitra Kurniawan,M,10,Junior,Bandung,Permanent,03/09/2020,2024-08-11,Resigned,12690000,,2.3,3446
2490,"Raihan Damanik, S.Gz",,1,Mid,Jakarta,Probation,25/09/2021,,ACTIVE,Rp28.530.000,3.3,3.0,3541
2491,"Calista Agustina, M.M.",L,10,Junior,Yogyakarta,Permanent,05/12/2021,2024-10-19,Resigned,13290000,3.8,2.4,5300
2492,Dewi Pudjiastuti,P,6,Senior,Jakarta,Permanent,04/11/2024,,active,29040000,3.6,4.0,2250
2493,Nabila Mangunsong,Male,1,Junior,Surabaya,Permanent,19/02/2017,,active,23910000,3.9,3.7,4995
2494,marsito usamah,Female,4,Mid,Bandung,Permanent,04/14/2019,,Active,25810000,3.7,3.8,1202
2495,Gada Andriani,P,2,Manager,,Permanent,24/02/2023,,Active,65710000,5.0,3.1,3603
2496,"Baktianto Wijayanti, M.TI.",M,9,Mid,Surabaya,Permanent,2015-04-28,,ACTIVE,20160000,2.4,3.2,5474
2497,sarah sudiati,Female,10,Mid,Remote,Permanent,14-10-2017,,Active,18110000,4.7,4.2,4836
2498,"Dina Andriani, S.IP",male,10,Mid,Surabaya,Probation,12/02/2015,,Active,20140000,3.9,4.4,2700
2499,H. LASMANTO LAZUARDI,Female,6,Intern,Remote,Permanent,14-09-2022,2024-04-08,RESIGNED,7410000,2.7,4.1,4968
2500,Calista Kurniawan,female,7,Mid,Jakarta,Permanent,2015-10-27,2016-12-20,Resigned,Rp16.190.000,3.6,3.4,5305
2501,Faizah Sudiati,L,5,Mid,Medan,Probation,12/04/2020,,Active,Rp21.600.000,3.7,2.4,4164
2502,Prayogo Saptono,male,5,Junior,Medan,Permanent,01/22/2015,,ACTIVE,17830000,3.7,3.0,5319
2503,"Drs. Farah Tamba, S.Farm",female,3,Senior,Medan,Permanent,12-07-2022,,active,42610000,3.7,3.7,2267
2504,ELISA GUNARTO,Male,8,Mid,Surabaya,,2017-12-02,2023-12-09,resigned,24080000,2.8,3.6,5194
2505,drg. Viktor Pranowo,Male,8,Senior,Medan,Permanent,03/01/2016,,Active,33430000,,3.2,2814
2506,"Novi Sitompul, S.H.",Female,2,Intern,Bandung,Permanent,04/23/2016,,ACTIVE,12290000,3.5,3.7,3399
2507,Adinata Winarsih,female,9,Junior,Yogyakarta,Permanent,2023-05-22,,active,Rp11.600.000,4.0,3.5,2527
2508,Umaya Kusumo,female,5,Mid,Surabaya,Permanent,2021-11-15,,Active,21870000,3.4,3.5,4576
2509,"Ir. Salsabila Lailasari, S.E.I",F,7,Junior,Yogyakarta,Permanent,11/06/2016,,ACTIVE,12240000,3.9,3.3,2419
2510,purwadi melani,,8,Junior,Remote,Permanent,03/26/2021,,active,14340000 ,2.6,3.9,5371
2511,NYOMAN JANUAR,Female,3,Lead,Jakarta,Permanent,2015-08-06,,active,53110000,5.0,2.7,4490
2512,Syahrini Pradipta,M,7,Mid,Remote,Permanent,04/10/2020,,ACTIVE,16560000,3.8,3.9,1441
2513,Ida Saptono,M,8,Senior,Remote,Permanent,20/07/2020,2023-01-16,resigned,Rp29.810.000,3.7,4.2,4174
2514,Alika Januar,F,5,Lead,Jakarta,Permanent,07/12/2020,2021-11-07,resigned,35140000,4.0,2.7,1884
2515,"  R. Azalea Siregar, S.I.Kom ",L,8,Mid,,Permanent,26/09/2024,,ACTIVE,21120000,2.7,3.6,2947
2516,"Ir. Galar Aryani, S.IP",female,4,Junior,Medan,Permanent,2021-04-26,,Active,16700000,4.2,3.5,4018
2517,  Soleh Gunawan ,M,3,Junior,,Permanent,24/11/2020,,ACTIVE,21810000,4.7,4.3,3209
2518,SIMON MANDALA,M,2,Mid,Remote,Permanent,05/10/2017,,ACTIVE,30910000,2.4,2.3,3007
2519,"MARSUDI NARPATI, S.PSI",F,8,Senior,Remote,Permanent,17/04/2015,,ACTIVE,39860000,3.4,3.6,4316
2520,Maida Oktaviani,P,10,Senior,Jakarta,Contract,2021-08-15,,Active,26040000,4.3,2.2,3989
2521,uchita iswahyudi,M,1,Mid,Remote,Permanent,29/04/2015,,ACTIVE,34930000,3.8,4.2,2583
2522,Yulia Siregar,female,3,Intern,Medan,Permanent,17/01/2022,,Active,10820000,4.0,3.1,4159
2523,  Balijan Wacana ,female,5,Mid,Yogyakarta,Permanent,2015-06-29,,active,20890000,4.8,4.3,1984
2524,Mutia Saputra,male,8,Lead,Remote,Permanent,15/05/2017,,ACTIVE,40190000,3.6,2.5,4846
2525,"drg. shakila kuswandari, s.farm",Male,6,Junior,Yogyakarta,Permanent,05/05/2023,2024-09-04,resigned,15080000,3.2,4.3,1597
2526,"Timbul Marbun, S.IP",F,9,Lead,Yogyakarta,Permanent,30/12/2016,,ACTIVE,38630000,3.8,3.6,4634
2527,Mursinin Halim,M,9,Manager,Yogyakarta,Permanent,29/10/2016,,Active,56060000,3.4,4.7,1153
2528,"r. ciaobella agustina, m.farm",male,9,Mid,Yogyakarta,Permanent,2016-05-08,,ACTIVE,19320000,3.3,4.2,4049
2529,Wani Purnawati,P,4,Lead,Surabaya,Permanent,2022-09-06,,ACTIVE,39400000,2.9,3.9,1830
2530,"Ismail Najmudin, M.Ak",P,2,Junior,Yogyakarta,Contract,09/30/2020,,Active,19360000,2.8,3.4,4672
2531,Victoria Tamba,,1,Mid,Yogyakarta,Permanent,04/01/2018,,Active,34410000,5.0,2.6,3734
2532,Cut Zelda Mustofa,female,1,Mid,Bandung,Permanent,04/02/2024,,active,28250000,3.3,4.5,3860
2533,Nova Kusumo,female,9,Junior,Yogyakarta,Permanent,16-01-2016,2020-05-13,resigned,15580000,2.4,3.6,5185
2534,Maida Gunawan,M,2,Junior,,Permanent,21-07-2020,,Active,Rp15.980.000,3.9,2.8,2576
2535,Elon Yolanda,F,2,Mid,Yogyakarta,Permanent,01/04/2020,,Active,30540000,2.8,3.1,4963
2536,Amalia Wastuti,M,1,Mid,Bandung,Permanent,09/03/2022,,ACTIVE,31020000,3.3,4.1,2854
2537,KH. Paiman Permata,female,8,Mid,Jakarta,Permanent,2021-05-17,2022-04-18,RESIGNED,21000000,4.0,3.7,3721
2538,"Padmi Prasetyo, S.Psi",F,5,Junior,Remote,Permanent,19/08/2019,2023-10-30,resigned,16150000,2.8,4.0,2229
2539,dr. malik safitri,P,1,Senior,Jakarta,Permanent,12/26/2018,,active,45950000,4.5,3.5,4982
2540,Ian Wijayanti,L,1,Senior,Yogyakarta,Permanent,2016-04-11,,active,50680000,,3.9,4807
2541,"Hilda Laksmiwati, S.I.Kom",male,6,Junior,Jakarta,Permanent,2024-06-14,,Active,11400000,2.6,3.2,4307
2542,"MURTI YUNIAR, S.SOS",F,8,Junior,Yogyakarta,Permanent,2018-07-09,,active,15510000,4.6,2.3,1698
2543,Salman  Puspita,F,3,Mid,Surabaya,Probation,2021-12-30,,ACTIVE,28770000,4.4,4.1,3571
2544,Cut Ajeng Yuniar,L,9,Mid,Remote,Probation,14-05-2017,,active,Rp20.410.000,2.9,4.9,2748
2545,Johan Halimah,P,7,Senior,Yogyakarta,Permanent,10/10/2024,,ACTIVE,22320000,4.6,1.8,3169
2546,"Dr. Eli Hutagalung, M.Kom.",Male,9,Head,Remote,Permanent,2019-06-06,2020-11-18,resigned,60220000,3.6,3.0,
2547,Halima Sitompul,P,5,Senior,Remote,Permanent,09/28/2024,,active,28750000,3.0,3.5,1967
2548,  Alika Mayasari ,female,1,Junior,Medan,Permanent,25/05/2018,,Active,21690000,3.9,3.6,1921
2549,Kunthara Yuniar,female,8,Junior,Bandung,Permanent,2024-01-09,,active,14390000,2.9,3.0,4844
2550,Latika Prakasa,M,3,Mid,,Probation,03/04/2016,,ACTIVE,32540000,4.5,3.4,4761
2551,Jagaraga Handayani,male,2,Mid,Bandung,Permanent,07/05/2017,,Active,Rp25.860.000,4.8,3.3,4635
2552,"Drs. Ikin Irawan, M.Kom.",Female,5,Mid,Medan,Permanent,2024-06-11,,ACTIVE,20000000,3.1,3.1,4687
2553,Iriana Lazuardi,female,4,Mid,Yogyakarta,Permanent,08/19/2023,,active,23180000 ,2.5,4.2,2663
2554,Uli Yolanda,male,1,Mid,Remote,Permanent,2016-11-11,,active,35190000,3.9,2.8,4770
2555,  Baktiono Waskita ,female,7,Mid,Medan,Permanent,15/04/2020,2023-04-20,RESIGNED,16000000,,4.4,2897
2556,  Ani Puspita ,P,5,Senior,Yogyakarta,Permanent,21-05-2021,,active,31030000,2.8,1.0,2738
2557,DT. RUDI ISWAHYUDI,M,2,Lead,Remote,Permanent,02/25/2016,,Active,57520000 ,5.0,4.6,1757
2558,"drs. yoga safitri, s.pd",P,2,Senior,Medan,Permanent,2024-07-07,,active,42430000,3.9,4.3,4828
2559,Dr. Danang Yolanda,Female,6,Mid,Yogyakarta,Permanent,2015-06-01,,ACTIVE,24100000,4.8,4.2,3237
2560,"Jaga Siregar, S.I.Kom",female,5,Junior,Medan,Permanent,07/08/2017,,Active,16740000,3.3,3.9,2126
2561,"  Cut Yuliana Prasetyo, M.M. ",female,9,Junior,Yogyakarta,Permanent,16/03/2021,2024-01-14,RESIGNED,Rp13.050.000,4.1,2.8,4239
2562,Putri Safitri,F,10,Mid,Jakarta,Permanent,11-01-2020,,active,16510000,3.7,5.0,1491
2563,  Dr. Tina Wahyuni ,male,8,Junior,Bandung,Permanent,2020-04-06,,Active,15290000,2.2,2.8,2772
2564,Tina Hartati,female,9,Mid,Remote,Permanent,2021-10-02,,ACTIVE,16790000,2.7,3.6,5170
2565,Bakti Wahyuni,male,3,Senior,Remote,Permanent,11/26/2024,,active,43270000,5.0,3.5,4989
2566,Ade Siregar,female,5,Lead,Remote,Permanent,05/05/2024,,active,38760000,3.1,4.0,3201
2567,Yance Usada,Female,6,Senior,Bandung,Permanent,20/12/2023,,Active,31790000,3.5,3.0,1078
2568,"T. Kuncara Nurdiyanti, S.I.Kom",Female,3,Mid,Remote,Permanent,2022-09-30,,ACTIVE,32440000,2.6,3.1,2382
2569,"  Cici Gunawan, S.E. ",M,1,Mid,Yogyakarta,Permanent,28/03/2017,,active,31670000,4.0,4.5,4708
2570,Dina Wasita,female,3,Senior,Bandung,Permanent,07/15/2020,,active,39120000,5.0,3.6,5480
2571,Dodo Suryatmi,L,6,Mid,Surabaya,Permanent,09/01/2019,,active,21370000 ,3.2,5.0,3008
2572,DACIN LAZUARDI,L,5,Lead,Medan,Permanent,2024-04-14,,active,35650000,4.2,2.2,4889
2573,"drg. gasti haryanti, s.kom",male,5,Junior,Medan,Permanent,15/10/2018,,Active,16390000,4.4,3.4,3848
2574,"Jessica Kurniawan, S.Farm",male,3,Senior,Surabaya,,15/06/2020,,Active,44390000,3.1,3.8,3776
2575,Wira Usada,,8,Senior,Surabaya,Contract,2023-08-21,,active,32570000,4.2,4.5,4844
2576,"Hj. Rini Maheswara, M.M.",male,2,Mid,Yogyakarta,Probation,03/12/2022,2024-08-22,Resigned,29290000,4.3,3.9,2397
2577,Sakura Rahmawati,male,5,Junior,Medan,Contract,09/03/2016,,active,17420000,3.4,3.5,2126
2578,R.M. Yoga Mandasari,M,7,Junior,Medan,Permanent,27-03-2024,,ACTIVE,10850000,4.7,3.7,4476
2579,Karta Hardiansyah,Male,5,Senior,Surabaya,Permanent,2024-10-07,,active,30100000,4.8,2.9,5288
2580,dr. Salman Padmasari,Female,5,Mid,Medan,Permanent,2022-12-10,,active,22270000,4.4,4.4,4954
2581,Oni Nugroho,Male,10,Junior,Surabaya,Contract,2016-09-23,,active,10750000,3.0,3.1,2436
2582,"Ratna Natsir, S.E.I",M,1,Junior,Yogyakarta,Permanent,07-07-2024,,active,19490000,3.6,3.1,3538
2583,Harsanto Wahyuni,Male,1,Lead,Yogyakarta,Permanent,01/10/2017,,Active,64710000,3.5,4.9,2805
2584,Ir. Janet Mayasari,M,5,Junior,Remote,Permanent,16/12/2015,,active,16390000,2.3,3.3,5032
2585,Lili Sudiati,F,7,Mid,Bandung,Permanent,2022-01-22,,active,15560000,3.5,3.3,4163
2586,"Vanesa  Prayoga,  S.T.",Female,6,Senior,Yogyakarta,Permanent,10/30/2023,,active,26720000,5.0,3.2,4643
2587,  Jasmin Sihombing ,F,1,Senior,Medan,Contract,2020-02-23,,active,38570000,3.8,3.4,3541
2588,Yani Mansur,Female,7,Junior,Jakarta,Permanent,2015-05-02,,ACTIVE,13980000,4.5,3.9,1441
2589,Hendri  Suartini,L,8,Junior,Yogyakarta,Probation,12/14/2015,,Active,17020000,3.0,2.9,1509
2590,"Ulva Mulyani, S.Pd",Male,1,Mid,Jakarta,Permanent,11/13/2019,2024-08-12,resigned,30850000,3.8,5.0,1086
2591,"Drs.  Zelda  Sihotang,  M.Pd",L,7,Mid,Surabaya,Permanent,11/06/2021,2024-11-06,Resigned,15510000,3.1,3.7,1887
2592,"Darimin Pangestu, S.Kom",P,7,Junior,Surabaya,Permanent,03/02/2023,,ACTIVE,10390000,4.6,3.8,3436
2593,tgk. silvia situmorang,F,3,Senior,Bandung,Permanent,2020-12-01,,ACTIVE,46310000,3.5,3.5,3069
2594,"cahyadi yulianti, s.e.",female,4,Mid,Medan,Permanent,03/22/2022,,ACTIVE,23730000,3.6,4.1,3557
2595,Dr. Marsito Uyainah,,3,Mid,Remote,Permanent,27/10/2022,,ACTIVE,26920000,3.7,2.5,4761
2596,TITIN LATUPONO,Male,8,Senior,Jakarta,,2024-11-17,,active,35440000,4.2,2.1,4529
2597,"Tgk. Kanda Kuswandari, M.Farm",P,8,Mid,Bandung,Permanent,18-02-2023,,ACTIVE,Rp22.310.000,3.8,5.0,4510
2598,Hj. Titin Agustina,F,2,Junior,Surabaya,Permanent,2017-05-25,2024-01-29,Resigned,19660000,3.5,3.9,2892
2599,"Pangeran Nasyidah, S.Pd",Male,5,Mid,Medan,Permanent,2015-04-06,2024-09-07,RESIGNED,Rp24.230.000,4.4,3.1,5203
2600,"drg. Yani Budiman, M.TI.",Male,9,Mid,,Permanent,01/05/2024,,active,17900000,4.2,2.1,2079
2601,AJIONO WIBOWO,M,8,Junior,Surabaya,Permanent,2023-03-18,2024-03-22,Resigned,14200000,4.2,4.0,2887
2602,Asmadi Winarsih,F,2,Manager,Remote,Probation,05/22/2016,,ACTIVE,77600000,5.0,3.9,3603
2603,daliono santoso,F,1,Senior,Jakarta,Permanent,05/05/2018,,active,49830000,4.3,3.1,4807
2604,"kh. caraka suwarno, s.t.",Male,9,Mid,Medan,Permanent,12/01/2024,,ACTIVE,16400000,3.5,4.3,3049
2605,  Salman Halim ,M,9,Mid,Remote,Contract,05/12/2018,,active,19500000,3.3,2.2,5095
2606,"Violet Sihombing, S.Kom",L,6,Junior,Remote,Permanent,04-01-2023,,Active,14810000,2.2,3.0,1742
2607,"  Dr. Anggabaya Tamba, M.M. ",female,1,Junior,,Permanent,2020-10-16,,Active,19460000,3.1,2.9,4122
2608,Latif Wulandari,M,6,Mid,Yogyakarta,Permanent,24-12-2022,,Active,17800000,2.8,3.2,5168
2609,"Putri Prasetyo, M.Pd",Male,10,Mid,Yogyakarta,,10/07/2019,,active,17090000,2.9,2.9,1844
2610,GILDA MELANI,Male,5,Lead,Yogyakarta,,2019-02-21,,ACTIVE,44650000,3.9,3.6,5219
2611,"KH. Raditya Suwarno, S.Gz",Female,8,Senior,Yogyakarta,Permanent,11-10-2024,,active,31620000,5.0,2.3,1900
2612,Kayla Agustina,P,4,Senior,Yogyakarta,Permanent,23-09-2022,,ACTIVE,33670000,2.4,4.8,2256
2613,"ir. galar puspasari, s.gz",female,4,Mid,Bandung,Permanent,28-03-2024,2024-11-27,Resigned,24540000,3.5,5.0,5279
2614,Paiman Ramadan,P,8,Junior,Medan,Contract,06/13/2016,,active,16950000,4.5,3.7,4035
2615,Lukman Handayani,Male,9,Junior,Jakarta,Permanent,15/10/2022,2024-08-09,resigned,12510000,2.6,2.6,2269
2616,"R.A. SISKA YULIARTI, S.I.KOM",Female,2,Senior,Yogyakarta,Permanent,2016-05-01,,Active,37960000,1.9,4.8,2557
2617,"Drs. Kenes Suartini, S.Kom",female,7,Lead,Medan,Permanent,30/05/2021,,active,31280000,4.6,3.2,2200
2618,"H. YOGA NABABAN, S.PD",female,4,Lead,Surabaya,Permanent,02-06-2018,,active,52570000,2.8,4.7,2866
2619,Elma Zulaika,male,6,Mid,Medan,Permanent,2023-11-15,2024-11-29,resigned,19390000,3.2,3.7,2211
2620,  Cengkir Natsir ,Female,9,Senior,Remote,Permanent,2018-03-07,,active,32520000,,2.9,2816
2621,"Oliva Lazuardi, S.Sos",male,4,Senior,Jakarta,Permanent,20-02-2021,,Active,33100000,2.3,3.0,3009
2622,Ikhsan Setiawan,F,10,Junior,Surabaya,Contract,2021-05-06,,Active,13790000,3.1,2.5,2199
2623,  T. Cager Marpaung ,Female,7,Mid,Medan,Permanent,10/05/2024,,Active,14170000,2.9,2.9,3001
2624,Tgk. Agnes Sitompul,Male,6,Junior,Yogyakarta,Permanent,29-08-2020,,ACTIVE,15300000 ,3.4,3.0,4902
2625,Titin Mangunsong,L,4,Senior,Jakarta,Contract,09/18/2024,,Active,30900000,5.0,3.0,2866
2626,Candra Sinaga,P,8,Mid,Yogyakarta,Permanent,06/05/2019,,active,24510000 ,2.8,3.8,1036
2627,Cut Vicky Utami,,1,Mid,Remote,,07/09/2022,,ACTIVE,28730000,4.4,3.9,2164
2628,Hj. Ilsa Lestari,L,6,Mid,Jakarta,Permanent,2024-09-16,,active,22670000,2.9,3.8,4416
2629,"drs. kunthara tamba, s.pt",female,9,Junior,Remote,Permanent,2021-04-17,,ACTIVE,13750000,4.9,4.0,1423
2630,"H. Galiono Novitasari, S.H.",Male,5,Senior,Jakarta,Probation,2021-12-09,,Active,29570000,,1.7,2856
2631,Karma Hidayat,male,9,Mid,Jakarta,Permanent,2023-06-02,,Active,18080000,3.1,4.0,4140
2632,"DR. CAPA AGUSTINA, M.PD",M,6,Mid,Bandung,Permanent,19/03/2015,,active,22420000,3.5,3.7,1883
2633,dr. Bakiman Tampubolon,F,4,Junior,Medan,Permanent,13/12/2015,,Active,Rp19.060.000,2.3,4.3,1154
2634,Tasdik Prabowo,L,8,Mid,Jakarta,Permanent,2020-07-06,,Active,Rp21.230.000,4.8,1.7,1290
2635,"Gamblang Sitompul, S.I.Kom",M,1,Junior,Surabaya,Permanent,08/27/2019,2023-02-08,resigned,21680000,2.2,5.0,4374
2636,Gasti Safitri,M,5,Mid,Medan,Permanent,2016-04-14,,ACTIVE,22270000,2.1,5.0,2630
2637,  drg. Kanda Yulianti ,M,3,Lead,Jakarta,Permanent,2017-01-18,,Active,59990000 ,4.9,3.5,2456
2638,Balijan Winarsih,F,5,Senior,Medan,Probation,2022-08-11,,ACTIVE,32080000,4.1,4.1,1740
2639,Melinda Permadi,M,2,Senior,Surabaya,Permanent,22/04/2015,,active,43750000,4.0,4.6,3056
2640,"luwes oktaviani, s.h.",P,8,Mid,Surabaya,Permanent,2016-08-06,,Active,24370000,4.8,2.7,2242
2641,MAHMUD SINAGA,male,1,Junior,Medan,Permanent,2015-08-01,,Active,23210000,,4.8,1177
2642,Wulan Latupono,P,1,Lead,Yogyakarta,Probation,14/09/2020,,Active,58480000,4.1,4.0,3404
2643,hamima namaga,female,2,Junior,Medan,Permanent,09/06/2015,,Active,19710000,3.5,2.4,2899
2644,"Intan Dongoran, M.TI.",female,4,Junior,Bandung,Contract,29/04/2015,,active,18650000,3.3,3.9,2256
2645,"dr.  Oliva  Melani,  M.M.",male,6,Junior,,Permanent,2018-01-07,,active,15530000,4.1,4.3,4505
2646,Aurora Sihombing,L,7,Mid,Bandung,Permanent,23/07/2023,,ACTIVE,13810000,,2.0,1739
2647,"DADI SINAGA, M.TI.",female,4,Mid,Medan,Permanent,01-01-2020,2024-01-22,RESIGNED,27100000,2.0,3.6,3229
2648,warta kuswoyo,M,7,Mid,Bandung,,03/10/2019,,Active,16040000,3.9,3.9,4544
2649,yahya nasyiah,Female,1,Junior,Jakarta,Contract,23/03/2021,,active,20340000,3.9,2.7,3225
2650,  Dt. Luis Haryanto ,female,6,Junior,Jakarta,Permanent,2022-04-28,,ACTIVE,14210000,3.1,4.1,4460
2651,Mumpuni Usamah,female,4,Lead,Remote,Permanent,24-01-2018,,ACTIVE,35910000,2.8,2.9,3089
2652,"Sutan Saka Anggraini, S.IP",female,7,Senior,Medan,Contract,12/06/2024,,Active,22580000,3.1,3.7,1464
2653,  Kawaya Fujiati ,Female,4,Senior,Medan,,06/07/2015,,ACTIVE,35360000,,3.8,2529
2654,"RENDY HIDAYANTO, S.E.I",P,3,Lead,Jakarta,Contract,03-01-2016,,active,59990000,3.2,3.4,2456
2655,Jagaraga Sitompul,F,8,Senior,Medan,Permanent,06/11/2024,,Active,Rp29.880.000,2.9,3.2,3972
2656,Bakianto Hidayanto,F,9,Junior,Surabaya,Permanent,29/11/2024,,Active,14060000,3.5,4.4,4405
2657,cemani ramadan,,6,Mid,Surabaya,Permanent,23/01/2018,,ACTIVE,20860000,4.1,3.8,2764
2658,r. kamal pradana,female,8,Mid,Remote,Permanent,21/09/2021,,Active,21550000,2.6,3.8,2132
2659,laila wibisono,L,3,Intern,Jakarta,Permanent,10/29/2021,,Active,10730000,4.0,3.2,4453
2660,siti waskita,Female,2,Mid,,Permanent,26/03/2021,,Active,27470000,3.5,2.2,2925
2661,Iriana Budiyanto,P,8,Senior,Remote,Permanent,2021-01-13,,ACTIVE,33220000,4.5,3.5,4711
2662,Samiah Lazuardi,M,2,Mid,Yogyakarta,Permanent,01/05/2024,,active,29520000,2.5,3.9,1399
2663,Dt. Maras Safitri,Female,4,Senior,Medan,Permanent,2024-02-12,,ACTIVE,32730000,3.0,3.3,1363
2664,Praba Padmasari,L,8,Lead,Remote,Probation,05/30/2024,,active,40180000,1.7,3.0,2896
2665,NARADI HIDAYANTO,L,2,Lead,Bandung,Permanent,10/03/2020,,active,55190000,2.3,3.8,3221
2666,OLIVIA KURNIAWAN,M,3,Junior,Remote,Probation,2023-05-02,2024-03-20,resigned,17740000,3.1,3.4,4438
2667,  Winda Sihombing ,P,3,Senior,,Permanent,23-02-2017,2024-07-08,RESIGNED,Rp47.350.000,,2.8,1668
2668,puti intan farida,M,9,Junior,Surabaya,Permanent,17/08/2017,,ACTIVE,14070000,1.6,2.8,1153
2669,Lala Wijayanti,female,3,Intern,Bandung,Permanent,2022-11-23,,ACTIVE,9750000,,2.0,5425
2670,Jasmani Manullang,F,7,Lead,Medan,Permanent,30-03-2016,,Active,31880000,3.8,2.4,4530
2671,Sutan Cahya Wijaya,M,8,Senior,Remote,Permanent,10/03/2021,2024-11-07,resigned,32890000,2.1,3.1,2896
2672,"kh. samsul palastri, s.pd",M,5,Junior,Remote,Permanent,2015-09-25,,Active,16190000,3.3,3.5,3233
2673,"Cakrabirawa Salahudin, S.I.Kom",Female,9,Mid,Medan,Permanent,23-05-2021,,active,19610000,2.0,4.0,3599
2674,Kadir Puspita,P,4,Junior,Jakarta,Probation,2017-02-24,,ACTIVE,18600000,,4.3,3627
2675,bancar gunarto,P,1,Mid,Yogyakarta,Permanent,2022-08-20,,ACTIVE,28810000 ,4.1,4.8,1020
2676,Kemal Riyanti,F,2,Junior,Remote,Permanent,03/10/2022,,Active,16550000,2.8,2.6,1207
2677,Paulin  Pudjiastuti,P,2,Junior,Yogyakarta,Permanent,07/11/2019,,active,17990000,,3.1,5070
2678,Gaduh Pranowo,F,10,Junior,Jakarta,Contract,22-07-2020,,ACTIVE,12270000,4.5,4.0,3416
2679,"Ulya Situmorang, S.Kom",male,9,Junior,Yogyakarta,Permanent,12/07/2015,,Active,15270000 ,,4.1,5314
2680,septi mulyani,Female,6,Mid,Surabaya,Permanent,2015-01-22,,active,23510000,3.8,3.8,4992
2681,Caraka Nashiruddin,L,8,Junior,Yogyakarta,Probation,09/04/2023,2024-09-23,RESIGNED,11280000,2.5,3.4,3338
2682,Latif Ramadan,Male,2,Mid,Surabaya,Permanent,2017-03-17,,ACTIVE,28920000,4.0,2.9,4021
2683,Balijan  Najmudin,Male,6,Mid,Jakarta,Permanent,25/04/2015,,Active,Rp21.800.000,3.4,3.4,1824
2684,"raharja purnawati, s.gz",F,5,Lead,Yogyakarta,Permanent,04/06/2024,2024-12-07,Resigned,35970000,2.6,3.1,2921
2685,"DRS. MALIKA YULIARTI, M.PD",Female,10,Junior,Medan,Contract,2024-05-02,2024-12-10,resigned,11830000,3.4,2.6,2820
2686,  Elvin Winarsih ,Male,10,Lead,Yogyakarta,Permanent,13/09/2023,,ACTIVE,Rp31.870.000,3.2,3.4,2342
2687,Dwi Januar,female,6,Lead,Jakarta,Contract,29-06-2021,,Active,43050000 ,,3.8,4917
2688,Olga Prastuti,Female,6,Mid,,Permanent,07/07/2018,,ACTIVE,22560000,4.4,4.1,1476
2689,Julia Tamba,L,5,Lead,Yogyakarta,Permanent,2015-09-11,,active,43480000,3.1,3.6,2856
2690,MUMPUNI YOLANDA,female,6,Mid,Medan,Permanent,2015-09-27,2016-11-08,resigned,23650000,3.0,3.8,4968
2691,Baktianto Suryono,F,7,Senior,Yogyakarta,Permanent,07/04/2019,2024-03-19,Resigned,25310000,3.8,2.4,4476
2692,PUTI FEBI SIMANJUNTAK,M,6,Lead,Yogyakarta,Contract,2020-02-01,,ACTIVE,43770000,4.6,3.0,4204
2693,Mila Sitompul,M,2,Mid,Remote,Contract,10/23/2018,,active,29230000,3.0,4.5,1720
2694,Hj. Ina Padmasari,,6,Junior,Bandung,Permanent,2020-10-19,,Active,12650000,4.7,3.4,3885
2695,  Karya Purnawati ,L,8,Mid,Medan,Contract,03-09-2021,,ACTIVE,23250000,2.8,3.5,1010
2696,yani sihotang,M,4,Senior,Medan,Permanent,05/06/2021,,Active,34440000,3.9,3.3,5248
2697,ELLA ARDIANTO,female,10,Mid,,Permanent,25/05/2020,,active,16030000,4.6,4.5,4952
2698,Hilda  Prasetya,male,3,Junior,Surabaya,Permanent,2023-12-09,2024-07-08,RESIGNED,21090000,3.9,4.0,4805
2699,"Ulya Yuniar, S.Farm",,1,Mid,Medan,Permanent,28/06/2018,,active,31390000,3.8,3.0,1997
2700,Zaenab Tarihoran,M,10,Senior,Surabaya,Permanent,2020-04-07,,ACTIVE,Rp23.300.000,3.3,3.6,1048
2701,Mustika Sitompul,Male,9,Junior,Remote,Permanent,10/21/2020,,ACTIVE,15120000,2.7,3.0,2085
2702,Malika Hassanah,L,1,Lead,Medan,Contract,08-09-2020,,active,53810000,4.2,2.2,3366
2703,Vicky Samosir,female,7,Junior,Bandung,Permanent,2018-11-09,,Active,13320000,4.2,4.2,3264
2704,Puspa Kurniawan,L,8,Mid,Remote,Permanent,22/10/2023,2024-07-24,RESIGNED,18760000,3.0,2.9,1010
2705,Mariadi Sudiati,P,6,Senior,Medan,Permanent,2021-09-22,,Active,27590000,3.4,2.8,1370
2706,SAADAT SETIAWAN,F,9,Junior,,Permanent,28/11/2021,,Active,14440000,4.4,2.6,4908
2707,"  R. Paulin Napitupulu, S.T. ",,9,Manager,Jakarta,Permanent,28/10/2024,,ACTIVE,46100000,4.0,4.2,2546
2708,"Sari Hutagalung, S.Pt",male,10,Lead,Bandung,Permanent,01-03-2022,,Active,29030000,4.8,3.7,2104
2709,  Samsul Mayasari ,Male,5,Mid,Surabaya,Contract,2017-09-06,,Active,Rp21.350.000,4.2,3.6,2882
2710,"Among  Prastuti,  M.Farm",female,8,Junior,Jakarta,Permanent,20/04/2017,,ACTIVE,15800000,4.5,3.4,1395
2711,vivi rahayu,M,6,Mid,Bandung,Permanent,01/05/2019,2020-02-24,resigned,20420000,2.9,4.1,1294
2712,Umaya Firgantoro,L,9,Mid,Surabaya,,29/01/2022,,ACTIVE,18980000,2.6,3.0,4418
2713,T. Kenari Namaga,,1,Mid,Bandung,Permanent,26-03-2017,,active,Rp31.660.000,,3.2,2106
2714,Safina Maryadi,P,10,Senior,Bandung,Permanent,23-01-2023,2024-03-29,resigned,22830000,1.8,3.5,3699
2715,kania prasetyo,L,7,Senior,Jakarta,Permanent,14/06/2024,,active,23570000,4.1,3.9,2039
2716,"Drs. Oskar Siregar, S.E.I",L,4,Mid,Jakarta,Permanent,02/04/2019,,active,23890000,3.2,2.1,5302
2717,Olivia Melani,L,8,Mid,Surabaya,Contract,03-06-2018,,Active,23380000,5.0,3.6,3796
2718,Hasta Utama,Male,4,Senior,Medan,Contract,2020-11-28,,ACTIVE,36360000,4.3,4.5,3284
2719,Dt. Mujur Permadi,M,6,Senior,Bandung,Permanent,04/30/2016,2018-04-15,Resigned,30570000,3.7,1.9,1835
2720,"IR. SILVIA MARBUN, M.TI.",P,10,Manager,Medan,Permanent,2022-10-15,,ACTIVE,41970000,3.4,2.4,3672
2721,Ivan Manullang,M,7,Mid,Medan,Permanent,09/07/2015,,Active,16160000,4.0,4.9,1611
2722,KARYA PRATIWI,P,8,Intern,Jakarta,Permanent,2023-11-09,2024-07-09,Resigned,8000000,4.1,3.0,2772
2723,"teddy maulana, m.kom.",P,7,Mid,Medan,Probation,15/10/2024,,Active,15990000,4.3,2.8,1288
2724,Azalea Prasetya,P,3,Junior,Yogyakarta,Contract,07/05/2017,,ACTIVE,25300000,3.1,2.2,3385
2725,"drg. Daru Haryanto, S.T.",M,10,Senior,Remote,Permanent,11/16/2016,,active,27060000,3.7,4.4,5376
2726,Gina Gunarto,Female,2,Mid,Bandung,Permanent,2020-08-04,,Active,25650000,3.4,2.9,3770
2727,"danang maryati, s.i.kom",F,7,Mid,Remote,Probation,2020-11-22,,ACTIVE,14020000,3.6,4.4,2736
2728,Nadine Hasanah,P,4,Mid,Remote,Probation,2018-01-04,,ACTIVE,28510000,3.1,2.8,4345
2729,Arta Yulianti,L,3,Junior,Bandung,Permanent,28-04-2017,,Active,21730000,2.5,3.4,1158
2730,  Ciaobella Nurdiyanti ,Male,10,Senior,Yogyakarta,Permanent,10/06/2019,2022-04-25,RESIGNED,24180000,3.2,2.6,1603
2731,"radit saefullah, s.t.",female,7,Mid,Bandung,Permanent,08/11/2017,,ACTIVE,Rp16.500.000,4.7,3.3,2715
2732,Drs. Qori Natsir,P,2,Senior,Bandung,Permanent,2019-12-26,,active,37540000,4.4,3.9,3625
2733,Safina Waluyo,female,4,Mid,Yogyakarta,Permanent,29/09/2020,,active,24340000,3.9,3.9,3519
2734,RINI YOLANDA,Female,5,Mid,Yogyakarta,Permanent,03/08/2019,,Active,Rp21.440.000,4.5,3.4,5475
2735,"Puti Padma Ramadan, S.Sos",Female,9,Mid,Bandung,Permanent,04/12/2015,,Active,24030000,4.3,2.9,1350
2736,kariman waskita,M,7,Lead,Surabaya,Contract,2019-01-10,,active,32360000,4.5,3.6,3264
2737,Yuliana Situmorang,M,2,Mid,Bandung,Permanent,24/10/2023,,ACTIVE,29040000,2.8,3.0,3031
2738,Widya Laksmiwati,male,5,Head,Surabaya,Permanent,15/01/2019,2020-08-27,RESIGNED,74140000,4.4,2.9,
2739,Cut Olivia Mandala,,7,Mid,Remote,Contract,21/10/2017,,active,15670000,3.7,2.5,4440
2740,Eli Pradana,L,2,Junior,Bandung,Probation,30-11-2022,,ACTIVE,20590000,2.4,4.7,4156
2741,Kamidin Yuniar,F,6,Senior,Surabaya,Contract,2015-02-04,,active,32410000,3.1,2.6,2250
2742,Gabriella Maryadi,F,5,Mid,Remote,Permanent,20-07-2019,,active,21870000,2.1,3.0,1364
2743,candrakanta tarihoran,M,9,Junior,Bandung,Permanent,2024-09-14,,Active,14090000,3.1,2.6,2673
2744,PUTI SALIMAH PRADANA,male,2,Mid,Medan,Contract,2020-04-27,,ACTIVE,26830000,4.0,3.9,3490
2745,  Yessi Sitompul ,P,1,Intern,Surabaya,Contract,07/02/2023,,Active,8820000,4.0,2.7,1935
2746,"Calista Laksmiwati, M.Kom.",Female,7,Junior,Bandung,Permanent,26/06/2024,2024-12-29,resigned,10820000,3.2,3.7,2268
2747,Fathonah Rahayu,M,8,Lead,Bandung,Permanent,15/03/2019,,Active,45090000,3.7,4.0,4242
2748,Marsudi Zulkarnain,male,9,Senior,Surabaya,Permanent,09-08-2020,,active,27160000,5.0,3.1,5156
2749,DIMAZ GUNAWAN,Female,8,Junior,Yogyakarta,Permanent,2019-10-10,,ACTIVE,15880000,3.2,3.2,3881
2750,KEMAL RAHAYU,P,4,Senior,Medan,Contract,2018-08-28,,ACTIVE,34490000,3.2,3.2,1287
2751,Cahyanto Usamah,M,7,Lead,Surabaya,Permanent,2016-09-21,,Active,35370000 ,3.6,2.3,3441
2752,Dt. Tri Pertiwi,P,9,Mid,Yogyakarta,Permanent,11/04/2019,,active,19290000,4.3,3.6,3049
2753,Asman Marbun,F,8,Mid,Surabaya,Permanent,2017-02-10,,Active,26960000,,4.6,5261
2754,elvina maryati,female,7,Mid,Jakarta,Permanent,03/02/2022,,Active,16500000,4.3,3.8,3873
2755,Rahayu Pratiwi,M,8,Senior,Medan,Permanent,2015-05-12,,Active,38860000 ,3.5,3.2,3045
2756,"ajiman wijayanti, s.pd",L,9,Senior,Surabaya,Permanent,2017-03-26,2022-01-19,RESIGNED,27500000,3.8,2.8,2546
2757,Darijan Hassanah,female,1,Senior,Yogyakarta,Permanent,25/05/2022,,ACTIVE,43410000,3.4,4.5,2642
2758,Dr. Novi Narpati,male,7,Junior,Yogyakarta,Permanent,2016-12-04,,active,12780000,3.6,3.0,1544
2759,  Radika Zulkarnain ,Male,8,Junior,Yogyakarta,Permanent,2016-06-12,,ACTIVE,16970000,4.0,2.6,2575
2760,R. Wulan Padmasari,female,3,Mid,Bandung,Permanent,2024-09-15,,active,26770000,4.4,4.2,2267
2761,"R. Sarah Wahyuni, M.TI.",P,7,Junior,Surabaya,Permanent,2016-10-12,,Active,11560000,2.7,4.1,4778
2762,Eli Siregar,P,9,Senior,Yogyakarta,Permanent,2018-02-02,2020-03-07,RESIGNED,29670000,3.0,2.2,1965
2763,Rina Rahayu,P,3,Mid,Medan,Permanent,2021-10-13,,ACTIVE,23600000,4.1,3.9,3396
2764,DARTONO WALUYO,female,6,Senior,Jakarta,Permanent,2020-02-28,,Active,28380000,4.0,2.5,1351
2765,Diah Kurniawan,female,4,Lead,Yogyakarta,Permanent,2022-04-01,,Active,42900000,,3.4,4863
2766,Damar  Nurdiyanti,female,8,Junior,Bandung,Permanent,05/21/2019,,Active,12010000,1.4,3.3,4792
2767,"Drs. Silvia Andriani, S.E.I",Male,5,Senior,Yogyakarta,Permanent,2021-12-05,,Active,29570000,2.4,2.8,3790
2768,Puti Elma Kusmawati,M,4,Mid,,Permanent,01/11/2022,,Active,23670000,3.6,3.6,4358
2769,Ir. Ani Nasyidah,L,4,Junior,Bandung,Permanent,2017-09-08,,Active,17750000,4.6,3.5,2432
2770,KH. Banara Iswahyudi,Female,9,Lead,,Permanent,23-06-2022,,Active,35250000,3.5,2.8,4581
2771,Sakura Mustofa,Male,9,Junior,Medan,Permanent,2020-07-14,,Active,13360000,2.3,3.7,3923
2772,Drs. Yunita Adriansyah,F,8,Mid,Medan,Permanent,2015-11-10,,ACTIVE,Rp21.960.000,3.9,2.9,4812
2773,"Ir. Martaka Astuti, M.TI.",F,1,Mid,Surabaya,,07-08-2019,,Active,31450000,1.0,4.1,5404
2774,KARTIKA GUNAWAN,Male,1,Intern,,Permanent,08/03/2020,2024-04-04,resigned,9710000,3.8,3.7,2675
2775,"Paris Aryani, S.H.",P,9,Junior,Yogyakarta,Contract,2019-04-11,,ACTIVE,12940000,3.6,3.9,2197
2776,"drg. Paiman Wibowo, S.I.Kom",P,7,Junior,Remote,Contract,2015-06-04,2017-03-14,RESIGNED,13240000,3.5,3.6,4178
2777,Ir. Cinthia Anggraini,female,6,Senior,Yogyakarta,Permanent,2022-07-08,,Active,29150000,3.1,2.4,2957
2778,Dodo Kuswandari,male,10,Mid,Remote,Probation,2021-02-24,,ACTIVE,16930000,2.2,3.6,3434
2779,"Sutan  Upik  Hutasoit,  S.Pd",Male,3,Mid,Bandung,Permanent,04/12/2020,,active,30930000 ,3.2,3.7,2637
2780,  Drs. Laila Rajasa ,L,1,Manager,Jakarta,Permanent,2021-10-22,2023-02-15,Resigned,71350000,3.7,3.1,1020
2781,ADHIARJA ARDIANTO,female,6,Senior,Remote,Permanent,2016-11-20,2017-07-03,Resigned,30320000 ,3.6,3.5,3176
2782,  Drs. Devi Nurdiyanti ,female,10,Mid,Jakarta,Contract,2019-01-06,2023-07-07,resigned,18000000,3.3,2.0,1736
2783,Harimurti Yolanda,M,6,Mid,Remote,Contract,2019-12-16,,active,19520000,4.1,2.9,2949
2784,Malik Sihotang,male,10,Junior,Yogyakarta,Permanent,19/05/2019,,ACTIVE,12610000,3.9,2.5,1795
2785,karen kurniawan,M,1,Mid,Bandung,Probation,2015-07-19,,Active,32780000,4.2,3.6,2854
2786,Irsad Yulianti,Female,2,Mid,Jakarta,Permanent,04/09/2017,,Active,29290000,4.5,2.9,3523
2787,  Tgk. Hana Nasyiah ,M,1,Junior,Remote,Permanent,12/10/2018,,ACTIVE,23010000,3.7,3.7,3272
2788,Padmi Utama,male,6,Mid,Remote,Permanent,2024-11-22,,ACTIVE,18980000,4.1,4.8,2741
2789,Tgk.  Sabrina  Widodo,male,6,Mid,Jakarta,,2015-06-30,,active,21190000,3.9,2.9,2110
2790,"Sutan Hendri Puspasari, M.Pd",F,5,Mid,Medan,Permanent,21/04/2021,,ACTIVE,Rp19.550.000,3.3,3.1,1185
2791,Elma Uwais,female,10,Lead,Jakarta,Permanent,2019-10-19,2021-06-27,resigned,32560000,2.4,3.2,3151
2792,DR. JAYADI RAMADAN,Male,10,Head,Surabaya,Permanent,03/03/2015,,active,54740000,3.8,4.4,
2793,Ratih Situmorang,Male,10,Junior,Surabaya,Permanent,23/02/2020,2024-04-29,RESIGNED,11660000,2.8,2.6,5027
2794,"H. HASTA MANDALA, S.IP",F,8,Mid,Yogyakarta,Permanent,2015-06-29,2018-06-08,resigned,24910000,3.7,3.0,3986
2795,"Ghaliyati Hassanah, S.E.",Female,1,Mid,Medan,Permanent,2016-02-22,,Active,34300000,3.4,1.9,3761
2796,Dariati Melani,L,3,Junior,,Permanent,23-09-2021,,active,Rp18.230.000,3.7,3.9,1158
2797,Winda Sirait,M,3,Manager,Remote,Permanent,09/22/2018,,ACTIVE,70380000,4.4,3.9,2002
2798,"Dr. Luwes Habibi, S.E.",P,5,Senior,Medan,Contract,2015-10-04,,Active,35780000,4.6,3.8,1328
2799,Siska Ardianto,P,6,Mid,Remote,Permanent,16-04-2019,,active,21160000,3.3,3.9,2392
2800,"R. Ridwan Maulana, M.Kom.",Male,3,Senior,Surabaya,Permanent,2017-08-10,2019-06-29,resigned,51030000,,4.6,4989
2801,drg. Clara Haryanto,F,2,Junior,Jakarta,Permanent,29-06-2023,2024-02-04,Resigned,16330000,1.8,3.6,2899
2802,Gawati Uwais,P,2,Senior,Yogyakarta,Permanent,29/04/2018,,Active,43700000,2.7,3.2,4828
2803,Lulut Firgantoro,L,4,Senior,Medan,,2017-09-02,,ACTIVE,38390000,4.4,3.8,4658
2804,"Kiandra Wacana, M.Ak",Female,6,Mid,Bandung,Permanent,16-04-2023,,Active,22200000,3.1,2.7,1180
2805,"Karma Suwarno, M.Ak",M,1,Head,Yogyakarta,Permanent,2020-11-03,,active,100490000,3.6,3.3,
2806,warsita natsir,F,6,Mid,Surabaya,Permanent,2023-06-02,2024-12-08,resigned,19420000,3.5,3.3,1345
2807,"Jumari Farida, S.Ked",M,3,Mid,Remote,,2021-01-18,2022-12-07,RESIGNED,31590000,2.3,3.4,4331
2808,Soleh Wahyuni,Male,7,Lead,Medan,Permanent,2021-10-26,,ACTIVE,Rp31.480.000,3.3,3.8,4794
2809,"Dr. Edison Nababan, S.Gz",female,3,Junior,Yogyakarta,Permanent,2022-01-23,2024-12-28,resigned,19640000,3.3,4.2,4169
2810,"DRS. KAJEN MARYATI, S.H.",M,6,Senior,Bandung,Probation,2015-08-02,,ACTIVE,32780000 ,3.5,3.5,2692
2811,R. SAMIAH FIRGANTORO,,6,Mid,Medan,Contract,11/01/2016,,Active,23830000,2.9,3.4,1168
2812,Halima Yolanda,L,3,Mid,Yogyakarta,Permanent,2017-08-25,,Active,30660000,4.4,3.4,4146
2813,CANDRAKANTA IRAWAN,F,3,Junior,Bandung,Permanent,03/11/2016,,Active,19740000,5.0,2.5,1388
2814,Victoria Wacana,Male,8,Lead,Yogyakarta,Probation,26/05/2018,,active,45970000,4.5,3.6,4012
2815,Salsabila Widodo,M,7,Mid,Yogyakarta,Permanent,18/01/2018,,active,15400000,3.7,3.8,2652
2816,Rini Pangestu,F,9,Lead,Yogyakarta,Permanent,20/06/2019,,active,36110000,3.4,3.1,1972
2817,  Dt. Okto Hidayat ,female,6,Mid,Jakarta,Permanent,12/07/2023,2024-09-10,Resigned,Rp17.670.000,3.4,3.0,3652
2818,Kunthara Suryono,P,5,Senior,Surabaya,Permanent,30-07-2024,,active,27490000,,3.6,3790
2819,"yance purwanti, m.farm",L,3,Junior,Surabaya,Permanent,14/03/2021,,ACTIVE,18740000,4.6,4.2,5171
2820,Jelita Saefullah,female,10,Mid,Medan,Permanent,01/02/2020,,ACTIVE,19560000,3.3,2.9,5351
2821,Luluh Nababan,M,3,Junior,Yogyakarta,Permanent,09/26/2018,,ACTIVE,23370000,4.5,3.2,2926
2822,latika permata,L,9,Mid,Remote,Permanent,2015-01-18,2021-02-25,RESIGNED,20590000,3.1,2.7,1625
2823,Elon Natsir,Female,1,Mid,Yogyakarta,Probation,16/07/2019,,active,31710000,5.0,4.7,4173
2824,Ophelia Kurniawan,female,7,Lead,Remote,Probation,2019-04-23,,Active,33550000,3.0,4.7,1525
2825,R. Jefri Sihombing,M,6,Manager,Jakarta,Permanent,08/02/2019,,active,47940000,3.8,2.8,1219
2826,Calista Mulyani,M,6,Junior,Surabaya,Permanent,2017-03-06,,active,14960000,3.3,2.5,4537
2827,PAULIN PERMATA,P,9,Mid,Remote,Permanent,2020-09-18,,Active,19200000,4.0,4.1,4642
2828,TALIA HANDAYANI,M,1,Manager,Yogyakarta,Permanent,20/04/2022,,Active,71920000,3.3,3.8,1020
2829,Padmi  Laksmiwati,Male,3,Mid,Remote,Permanent,10/05/2020,2022-11-16,Resigned,28760000,3.1,4.0,5235
2830,"Sutan Praba Sirait, M.M.",L,4,Mid,,Permanent,27/10/2022,,Active,21160000 ,2.9,4.1,4138
2831,"Jagaraga Rahmawati, S.Ked",female,2,Mid,Bandung,Permanent,2022-08-21,,ACTIVE,29140000,4.5,4.8,2331
2832,calista rajata,Male,2,Junior,Remote,Permanent,20/02/2015,2016-08-31,Resigned,Rp22.160.000,4.0,2.4,3453
2833,Harjaya Usada,P,3,Junior,Jakarta,,17/06/2019,,ACTIVE,20520000,2.6,3.1,4657
2834,"SUTAN MURTI PRADANA, S.PSI",Male,1,Junior,Yogyakarta,Permanent,28-10-2024,,Active,21110000,3.6,4.1,4309
2835,Kamila Maryati,,4,Mid,Remote,Contract,2020-08-12,,active,22540000,3.4,3.3,3089
2836,Dt. Naradi Saptono,,5,Mid,Remote,Contract,26-03-2023,,ACTIVE,22130000,2.7,4.1,4877
2837,Edward Iswahyudi,male,9,Mid,Surabaya,Contract,02/18/2022,,Active,18840000,4.8,3.7,2413
2838,Samiah Siregar,P,10,Senior,Remote,Permanent,25-05-2023,,Active,25670000,2.6,3.8,5364
2839,Kadir  Nugroho,Female,3,Senior,Yogyakarta,Permanent,27/01/2015,,active,48710000 ,2.5,1.3,4986
2840,Iriana Thamrin,Male,9,Mid,Medan,Permanent,2023-09-05,,Active,18750000,2.9,4.0,2322
2841,Tugiman Pertiwi,P,5,Mid,Bandung,Permanent,22-03-2023,,ACTIVE,20550000 ,3.9,3.0,4277
2842,Elvina Zulaika,male,9,Mid,Medan,Probation,2017-03-22,,ACTIVE,16730000 ,3.4,2.5,5315
2843,jamil pangestu,Female,7,Junior,Bandung,Permanent,2021-05-11,,active,10990000,2.3,4.0,4920
2844,oman permadi,M,2,Senior,Surabaya,Probation,28/01/2024,,active,40900000,2.9,4.5,3297
2845,"Tgk. Farhunnisa Pradana, S.Kom",Female,10,Mid,Medan,Permanent,11/12/2019,,active,17610000,3.1,3.5,1609
2846,"R.A. Zalindra Safitri, S.I.Kom",Male,10,Lead,Yogyakarta,Permanent,11/23/2015,,ACTIVE,36160000,,2.7,2147
2847,Prayogo  Kurniawan,male,1,Mid,Yogyakarta,Permanent,02/11/2018,2021-12-17,resigned,34170000 ,3.4,3.7,3854
2848,  Viman Hutapea ,M,4,Junior,Jakarta,Permanent,2015-02-08,2024-01-11,RESIGNED,17780000,2.4,4.0,2553
2849,"  Yahya Wijayanti, M.Kom. ",L,2,Senior,Jakarta,Permanent,2016-02-01,,Active,42690000,3.4,5.0,3770
2850,Cut Vanesa Namaga,P,2,Mid,,Permanent,13/06/2020,,ACTIVE,29560000,5.0,3.2,2732
2851,  Samsul Laksmiwati ,F,6,Intern,Surabaya,Probation,02/27/2019,,ACTIVE,7010000,5.0,4.1,1703
2852,Raina Sihotang,Male,4,Mid,Yogyakarta,Permanent,2019-01-19,,active,22130000 ,3.9,4.0,4929
2853,Ratih Saefullah,P,1,Senior,Jakarta,Permanent,10/16/2024,,active,38980000,4.2,3.8,1330
2854,ELVINA MELANI,female,1,Senior,Bandung,Permanent,18/02/2023,,Active,Rp42.110.000,3.3,2.0,1562
2855,Lala Prasetya,L,6,Lead,Remote,Permanent,09/29/2024,,Active,39940000,3.0,3.1,4204
2856,"Drs. Cagak Habibi, M.TI.",L,5,Manager,Remote,Permanent,2019-02-18,,ACTIVE,53560000,4.4,4.1,3200
2857,"dr. Jati Namaga, S.Gz",F,1,Mid,Bandung,Permanent,10/10/2020,,Active,35060000,4.1,4.5,5320
2858,Tgk. Hartana Natsir,P,7,Lead,Jakarta,Probation,2015-03-10,,Active,35880000,3.1,3.7,1764
2859,devi maryati,female,8,Manager,Medan,Permanent,2022-08-08,,ACTIVE,54570000,4.8,3.4,4012
2860,iriana anggriawan,L,8,Junior,Yogyakarta,Probation,11/27/2018,,Active,16550000,2.2,3.5,1010
2861,Mursita Pranowo,Male,4,Junior,Medan,Permanent,27/03/2023,,Active,13560000,2.6,4.0,2803
2862,ratna januar,Male,2,Junior,Medan,Contract,02-10-2024,,ACTIVE,18860000,3.2,4.2,4743
2863,Karen Suryatmi,L,7,Lead,Jakarta,Permanent,2016-06-07,,ACTIVE,37100000,2.3,3.3,4794
2864,"TGK. FITRIA PUDJIASTUTI, S.T.",Female,6,Senior,Jakarta,Permanent,11/19/2016,,ACTIVE,33920000,3.8,4.0,2855
2865,Embuh Halimah,M,1,Mid,Jakarta,Permanent,23/09/2017,2019-03-23,resigned,29690000,3.2,1.5,5404
2866,dr. karimah nashiruddin,L,4,Head,Surabaya,Contract,10/18/2016,,Active,71770000,3.9,3.7,
2867,Lintang Pranowo,P,3,Mid,Remote,Permanent,21/06/2017,,ACTIVE,29100000,,3.3,5177
2868,Tira Wahyudin,male,4,Intern,Remote,Permanent,2022-06-18,2024-06-14,resigned,8480000,3.4,3.4,1770
2869,Zulaikha  Wacana,Male,5,Senior,Bandung,Probation,03/12/2023,,ACTIVE,29320000,4.1,4.4,4425
2870,Mila Najmudin,L,7,Junior,Remote,Permanent,22-03-2022,,active,10050000,3.2,2.2,1387
2871,R. Ratih Pradana,P,8,Junior,Medan,Probation,2022-05-02,,active,17320000,3.7,4.4,2994
2872,"  Puti Tantri Saputra, S.H. ",female,4,Senior,Surabaya,Permanent,2024-01-25,,active,36140000,3.4,3.9,4588
2873,DR. SABRI WIBOWO,male,10,Lead,Bandung,Permanent,01/04/2016,2023-05-20,Resigned,33000000 ,,3.2,4732
2874,Cakrabuana Maryadi,M,5,Junior,Surabaya,Probation,06/04/2021,,active,14900000,3.9,4.4,3824
2875,Yani Anggriawan,M,8,Junior,Bandung,Contract,2018-06-27,2024-12-25,Resigned,15120000,3.1,4.1,1671
2876,Imam Mandasari,Female,9,Senior,Remote,Probation,02-08-2018,,Active,29200000,4.1,2.9,1092
2877,Tugiman Usamah,L,7,Junior,Medan,,10/29/2020,,active,Rp13.030.000,4.2,4.2,3367
2878,Dr. Najib Sihotang,F,9,Mid,Yogyakarta,Permanent,07/02/2015,,Active,19330000,3.3,2.1,5369
2879,"drg. Eja Ramadan, M.Pd",P,1,Junior,Yogyakarta,Permanent,22/05/2024,2024-12-31,RESIGNED,19080000,3.7,2.9,3268
2880,"Ir. Alika Widodo, S.IP",Female,8,Junior,Remote,Permanent,20-08-2016,,Active,17350000,,3.7,2961
2881,"  Elisa Halim, S.Kom ",female,10,Mid,Remote,Permanent,19-06-2018,,active,18720000,,2.3,4619
2882,"  Tgk. Nabila Usamah, S.IP ",Female,5,Manager,Yogyakarta,Permanent,28/01/2022,,ACTIVE,54190000,,4.3,4164
2883,Uli Sitorus,female,2,Senior,Surabaya,Permanent,2015-08-29,,active,42620000,3.5,3.4,3403
2884,Karen Tarihoran,Male,2,Mid,Bandung,Permanent,2024-07-05,,ACTIVE,25780000,4.5,4.4,1922
2885,DR. WARDI RAJASA,,4,Junior,Yogyakarta,Permanent,2024-09-14,,ACTIVE,15880000,3.5,3.5,3345
2886,Ayu Zulkarnain,female,10,Mid,Bandung,Probation,2024-02-21,,Active,16430000,1.9,4.3,3615
2887,  Gara Wastuti ,P,8,Mid,Yogyakarta,Probation,2018-10-14,,ACTIVE,24520000,3.8,3.5,3111
2888,R.A. Ratih Permata,F,7,Junior,Remote,Permanent,2019-05-21,,active,Rp12.000.000,4.9,4.4,3991
2889,"Martaka Nasyiah, S.E.",M,4,Manager,Yogyakarta,Permanent,2022-11-11,,active,54180000,3.1,2.7,5155
2890,"T. Garang Simbolon, M.TI.",F,2,Mid,,Contract,09-06-2023,,Active,26640000,3.4,3.1,2146
2891,Vicky Hassanah,F,1,Mid,Medan,Permanent,18/02/2020,,ACTIVE,29920000,4.3,2.7,2854
2892,Harjaya Susanti,F,2,Senior,Bandung,Permanent,07/04/2018,,ACTIVE,44040000,2.4,2.8,3770
2893,Malika Usamah,Male,7,Lead,Surabaya,Permanent,31-03-2023,,Active,30600000,4.7,3.6,4530
2894,Taswir Marbun,L,10,Senior,Bandung,Permanent,2022-08-10,,active,21070000,3.5,4.2,3294
2895,"Respati Sirait, S.Farm",P,1,Senior,Jakarta,Permanent,2022-08-15,,ACTIVE,44900000,3.7,4.1,5058
2896,"Luwar Pertiwi, S.Sos",F,8,Head,Jakarta,Probation,05/01/2017,,ACTIVE,78730000,3.0,4.1,
2897,"PUTI CINDY MARPAUNG, S.PSI",Female,7,Senior,Bandung,Permanent,27/08/2021,,active,24520000,4.3,3.1,3745
2898,Galar Simanjuntak,Female,1,Mid,Yogyakarta,Permanent,30-09-2017,2020-12-09,RESIGNED,32740000,4.1,2.7,3130
2899,"Erik  Santoso,  M.Ak",M,2,Manager,Remote,Probation,2022-04-27,,ACTIVE,63540000,,3.5,3603
2900,"  Harto Saputra, M.M. ",L,7,Mid,Remote,Permanent,21/09/2023,,Active,15630000,3.8,3.8,3387
2901,"Tgk. Pangeran Rahmawati, M.TI.",F,9,Junior,Jakarta,Permanent,2019-02-13,2020-04-06,RESIGNED,14310000,3.2,4.7,1784
2902,laras marbun,male,4,Senior,Medan,Permanent,2015-04-05,,Active,Rp41.890.000,3.6,3.1,1363
2903,Sabar Damanik,L,5,Junior,Yogyakarta,Permanent,28-11-2023,,active,12900000,3.5,3.6,3729
2904,OZY PRAKASA,Female,7,Junior,Jakarta,Permanent,07-05-2018,,active,11070000,3.9,3.1,3169
2905,"DWI HUTAPEA, S.KOM",male,7,Mid,Jakarta,Permanent,2019-07-19,,Active,16080000,4.7,4.7,2384
2906,Hasta Jailani,Female,10,Junior,,Permanent,2015-09-19,,Active,Rp10.960.000,4.0,2.8,3488
2907,Atma Kusmawati,male,10,Junior,Remote,Contract,14/06/2023,,active,11440000,3.5,3.4,2236
2908,Dt. Akarsana Widodo,Male,10,Mid,Bandung,Permanent,2024-08-31,,Active,18120000,2.6,4.3,2791
2909,KH. Bakda Jailani,F,1,Lead,Jakarta,Permanent,2023-12-23,,Active,52780000,4.2,4.4,1471
2910,Raina Mangunsong,Male,4,Mid,Surabaya,Contract,27-04-2022,2024-05-21,resigned,22350000,,4.3,3143
2911,Marwata Wibisono,L,10,Mid,Medan,Permanent,2015-12-13,,ACTIVE,15570000,3.7,3.9,3247
2912,Ghaliyati Prayoga,male,6,Junior,Remote,Permanent,09/29/2019,,active,13770000,3.8,3.4,2243
2913,"intan handayani, s.e.i",,8,Senior,Medan,Contract,2015-07-09,,active,34700000,2.1,4.4,2961
2914,Karsa Narpati,female,9,Mid,Bandung,Permanent,23/05/2022,,Active,20140000,3.9,4.4,3249
2915,anom wijayanti,female,1,Senior,Surabaya,Permanent,2020-11-10,,Active,48000000,3.6,2.7,1562
2916,Zelda Simbolon,M,9,Mid,Bandung,Permanent,18-09-2022,2023-05-01,Resigned,16840000,3.3,3.3,1704
2917,"Dr.  Nadia  Namaga,  S.T.",Male,8,Senior,Bandung,Probation,2018-05-12,,active,33150000,4.0,3.5,2948
2918,drg. Cahya Namaga,Male,8,Junior,Bandung,Permanent,20-08-2021,,active,14990000,3.2,3.8,4799
2919,Lantar Riyanti,F,3,Junior,,Permanent,01-11-2015,,active,24400000,2.9,2.9,3483
2920,Siti Usada,male,4,Intern,,Permanent,2019-06-27,,active,6950000,4.3,3.8,4901
2921,drg. paramita uyainah,M,5,Manager,Remote,Permanent,2021-01-04,2023-01-05,RESIGNED,48070000,2.9,3.9,1967
2922,"Kasusra Saragih, S.I.Kom",Male,3,Mid,Remote,Permanent,2023-01-05,,Active,26110000,5.0,4.0,1729
2923,Puput Pradana,male,6,Mid,Surabaya,Probation,16/09/2019,,Active,20400000,3.7,1.9,1426
2924,"R. Ilyas Samosir, S.I.Kom",P,10,Mid,Bandung,Permanent,02/04/2019,2023-02-16,RESIGNED,15330000,3.1,3.8,1673
2925,Hana Mangunsong,Male,2,Lead,Medan,Permanent,2020-12-16,,Active,61510000,3.5,3.4,1757
2926,Ajeng Adriansyah,F,3,Senior,Surabaya,Permanent,07-03-2022,2023-08-10,resigned,32690000,2.9,3.2,1332
2927,  KH. Samsul Mansur ,M,4,Lead,,Permanent,01/25/2018,2022-10-15,RESIGNED,49330000,2.2,2.7,2134
2928,Irma Halimah,M,5,Lead,Bandung,Permanent,10/12/2023,,active,36220000,3.4,3.0,4739
2929,Dt. Malik Lestari,P,2,Mid,Yogyakarta,Permanent,08-08-2021,,ACTIVE,26940000,2.8,3.5,4430
2930,"drg.  Eja  Anggriawan,  S.Farm",,7,Mid,Surabaya,Permanent,09/11/2022,,ACTIVE,15840000 ,3.5,3.6,3168
2931,"T. Lembah Pradipta, S.Ked",M,10,Senior,Yogyakarta,Permanent,2015-07-16,,ACTIVE,26330000,3.6,3.9,1097
2932,TGK. DACIN ZULKARNAIN,Female,6,Mid,Surabaya,Permanent,2020-05-07,,Active,19390000,3.5,4.2,4265
2933,dr. Harto Prayoga,M,6,Senior,Medan,Permanent,05/17/2022,2023-12-05,RESIGNED,Rp27.970.000,,3.3,1613
2934,Nasrullah Yuliarti,Male,3,Junior,Surabaya,Permanent,02/19/2023,,active,18000000,4.6,5.0,4167
2935,Yance Waluyo,L,5,Manager,Remote,Permanent,2022-08-09,,ACTIVE,46270000,4.8,4.2,2738
2936,Eluh Hutapea,F,5,Mid,Medan,Permanent,2018-12-20,,Active,19960000,3.4,2.7,5338
2937,Sari Permadi,P,8,Mid,Bandung,Permanent,2020-11-02,,Active,22390000,3.8,3.4,5370
2938,KH. Raharja Suryatmi,Male,3,Mid,Surabaya,Contract,05-06-2018,,ACTIVE,25480000,4.4,1.7,5157
2939,"H. MAHDI SAPUTRA, S.PD",L,1,Intern,Jakarta,Permanent,2015-11-11,,Active,10720000,4.8,2.2,1150
2940,"Paiman Nasyidah, S.T.",male,10,Senior,Medan,Probation,13/12/2015,,Active,27410000,,2.6,3289
2941,Fitriani Hidayat,M,8,Mid,Remote,Permanent,03/10/2019,,ACTIVE,20830000,2.5,4.0,2913
2942,Cahya Siregar,female,6,Senior,Remote,Contract,2020-10-10,,Active,28670000,,5.0,3176
2943,Makuta Hasanah,L,1,Junior,Remote,Permanent,2019-07-19,2021-02-07,resigned,21100000,3.6,3.7,4913
2944,Dr. Humaira Oktaviani,Female,10,Senior,,Permanent,11/17/2022,,active,22200000 ,3.6,3.2,2465
2945,FITRIANI SINAGA,M,10,Mid,Bandung,Permanent,23/10/2021,,ACTIVE,18150000,4.2,3.4,1795
2946,Cakrawangsa Hardiansyah,male,1,Mid,,Permanent,2016-12-17,2018-12-13,resigned,33580000,3.3,5.0,5044
2947,Dt.  Cengkir  Jailani,,8,Senior,,Permanent,2019-09-28,,ACTIVE,28250000,3.0,2.5,3828
2948,Hasna Mahendra,L,8,Lead,Bandung,Contract,16-10-2018,,active,43790000,3.1,4.1,3972
2949,"Maida Anggriawan, S.H.",Male,6,Senior,Surabaya,Permanent,2018-04-03,2022-01-14,RESIGNED,29830000,2.5,2.6,3451
2950,Cakrawangsa Budiman,F,10,Senior,Remote,Permanent,2017-06-09,,Active,23630000 ,,3.7,1271
2951,gasti siregar,M,10,Manager,Yogyakarta,Permanent,03/11/2020,,Active,41040000,4.2,1.4,4732
2952,ira mandasari,,3,Junior,Surabaya,Permanent,26-11-2021,,ACTIVE,22090000,5.0,3.6,3726
2953,Malika Firmansyah,M,8,Mid,Bandung,Permanent,03-12-2018,,active,25270000,2.7,2.5,2596
2954,Cindy Maulana,Male,3,Lead,Bandung,Permanent,20-02-2016,,Active,57540000,4.5,3.3,1335
2955,Emas Wijaya,,9,Junior,Yogyakarta,Permanent,08/10/2019,,Active,15250000,3.6,3.6,5440
2956,Kenari Halimah,P,10,Mid,Surabaya,Permanent,07/15/2017,,active,16470000,2.8,3.5,4619
2957,  Dadi Ramadan ,Female,6,Lead,Surabaya,Permanent,16-01-2017,,ACTIVE,37840000,4.2,3.9,5491
2958,"drg. yance budiman, s.ip",F,3,Mid,Bandung,Permanent,12-05-2022,,active,27760000,3.4,2.9,1074
2959,"H. DRAJAT WINARNO, M.M.",Female,2,Senior,Remote,Permanent,24/01/2015,,ACTIVE,48760000,4.3,3.1,4241
2960,Okto Firmansyah,M,5,Mid,Yogyakarta,Permanent,12/03/2018,2023-02-10,Resigned,21390000,3.5,3.8,1604
2961,Jagaraga Kuswoyo,male,8,Lead,,Probation,18/10/2016,,active,50370000,2.8,5.0,4529
2962,Ir. Daniswara Kusmawati,P,10,Mid,Medan,Permanent,2016-05-01,,Active,18030000,2.8,2.9,1863
2963,Sabrina Saragih,M,2,Intern,Yogyakarta,Permanent,23/08/2018,,active,11120000,2.9,2.6,4665
2964,Endah Usamah,Female,3,Junior,Jakarta,Permanent,2016-06-22,2018-03-05,resigned,22910000,2.3,2.7,3468
2965,"Azalea Pudjiastuti, M.TI.",Female,3,Junior,Bandung,Permanent,2020-08-10,2024-12-08,Resigned,21450000,3.7,3.8,3847
2966,Dono Laksmiwati,female,5,Mid,Remote,Permanent,2019-10-26,,active,20100000,3.4,2.9,2229
2967,"  Emin Napitupulu, S.I.Kom ",Female,6,Intern,Yogyakarta,Permanent,2018-03-31,2019-08-31,Resigned,6970000,3.1,2.5,3028
2968,SAKA WIDIASTUTI,M,4,Mid,Bandung,Permanent,07-03-2023,,active,22800000 ,2.9,3.2,3009
2969,Balidin Prakasa,Male,4,Mid,Remote,,2024-09-09,,active,26460000,2.7,3.9,4969
2970,"Ibrahim Simbolon, S.Ked",female,8,Mid,Jakarta,Permanent,23/03/2017,,ACTIVE,24060000,4.8,4.8,4283
2971,Putu Saefullah,M,10,Lead,Medan,Permanent,02/11/2017,,ACTIVE,35830000,2.9,3.9,3672
2972,  Puti Lala Prasasta ,Male,4,Mid,Yogyakarta,Permanent,2017-07-28,,ACTIVE,27480000,3.4,3.9,2404
2973,Artanto Prastuti,Male,10,Junior,Medan,Permanent,21/08/2016,,ACTIVE,12740000,2.5,5.0,4606
2974,"H. Jaswadi Riyanti, S.E.I",male,1,Junior,Surabaya,Permanent,07/04/2019,,active,21010000,3.8,5.0,2372
2975,VERA IRAWAN,Male,9,Intern,Yogyakarta,Permanent,27-06-2017,,ACTIVE,7010000,2.7,3.1,2289
2976,Candrakanta Mandasari,F,5,Mid,Surabaya,Permanent,22/03/2022,2023-01-08,resigned,22480000,3.1,3.9,1604
2977,  Mahfud Safitri ,P,4,Senior,Surabaya,Contract,24/12/2022,,Active,36410000,3.3,3.2,2256
2978,Vanya Utami,L,2,Mid,Remote,Permanent,2015-06-17,2023-05-11,RESIGNED,29430000,4.6,3.3,5402
2979,Asmuni Tamba,Female,4,Senior,Medan,Permanent,17/04/2020,,Active,35510000,,3.2,4863
2980,"Candra Nasyiah, S.IP",L,4,Junior,Surabaya,Permanent,30/10/2017,,Active,14660000,3.0,4.7,1559
2981,Jinawi Pradipta,L,8,Mid,Remote,Permanent,2016-02-01,,active,24430000,2.6,3.4,2449
2982,Puti  Yuliarti,Male,2,Junior,Surabaya,Permanent,2018-09-18,,active,20960000,3.8,2.7,5433
2983,"Tgk. Reksa Farida, S.Kom",F,4,Junior,,Permanent,2017-09-02,,ACTIVE,17300000,3.2,3.9,1767
2984,  Malik Waluyo ,M,1,Junior,Remote,Permanent,11/03/2016,,Active,23340000 ,4.4,2.9,1530
2985,TARI MANSUR,M,3,Junior,Remote,Contract,07/30/2021,,active,18000000,,3.5,1937
2986,Azalea Laksita,M,1,Mid,Jakarta,Permanent,26/11/2022,,ACTIVE,28970000,3.3,4.3,1112
2987,"Maida Purwanti, S.Pd",F,5,Junior,Bandung,Permanent,19/05/2018,,active,14020000,3.5,3.3,3172
2988,H. Jindra Nainggolan,male,4,Senior,Yogyakarta,Permanent,29-06-2015,,ACTIVE,39710000,3.2,3.8,2765
2989,R. Puji Tampubolon,female,10,Manager,Medan,Probation,01/11/2024,,active,Rp38.120.000,5.0,3.8,2792
2990,Uchita Hastuti,female,7,Junior,Jakarta,Contract,2020-01-11,,active,10400000,3.1,2.9,4919
2991,Yance Rahimah,M,8,Mid,Medan,Contract,31/05/2020,,ACTIVE,20740000,2.6,3.2,2389
2992,"drs. elisa hidayat, m.ti.",M,4,Junior,Bandung,Permanent,20/09/2021,,Active,Rp15.040.000,3.9,3.1,4686
2993,Ihsan Sihombing,M,7,Mid,Bandung,Permanent,11/28/2023,,ACTIVE,14320000,4.2,3.9,2691
2994,"Tgk. Puput Utama, M.M.",Female,8,Senior,Medan,Probation,2020-07-20,,Active,31180000,4.0,3.5,3101
2995,Prayoga Uyainah,L,3,Lead,Yogyakarta,Permanent,29-11-2019,,ACTIVE,56140000,3.4,3.2,4989
2996,dr. Oskar Nashiruddin,P,9,Senior,Bandung,Permanent,2019-06-30,,Active,26910000,4.4,3.6,1317
2997,lukman utama,Male,9,Junior,Remote,Permanent,31-05-2021,,active,Rp12.450.000,3.1,3.7,3133
2998,"Drs. Digdaya Sinaga, S.Pt",P,3,Junior,Medan,Permanent,25/08/2020,,Active,24160000,3.3,3.0,3506
2999,"Kawaya Wibisono, S.Kom",M,4,Senior,Medan,Permanent,28/04/2018,,Active,34920000,3.7,4.7,1685
3000,  Ir. Jamal Puspasari ,Male,8,Junior,Surabaya,Permanent,06-07-2015,,active,20100000,,3.9,4896
3001,luwar suryono,male,7,Senior,Bandung,Permanent,11/28/2024,,active,24810000,3.8,3.5,3264
3002,Laila Yuniar,M,9,Mid,Bandung,Permanent,16/03/2022,,active,17540000,3.9,2.4,3015
3003,Carla Kuswoyo,L,8,Junior,Medan,Probation,10/04/2022,,Active,Rp14.620.000,4.0,3.2,3797
3004,Ir. Bagas Gunawan,P,6,Lead,Medan,Permanent,07/12/2015,,Active,37170000,4.5,3.7,1406
3005,"R. Elma Firmansyah, S.Kom",male,1,Junior,Surabaya,Permanent,31-07-2019,,Active,20200000,3.6,3.6,1557
3006,Jayeng Nababan,L,1,Mid,Surabaya,Permanent,01/07/2022,,Active,33980000,3.9,3.9,3678
3007,Anggabaya Pertiwi,female,2,Senior,Jakarta,Permanent,24-12-2016,,ACTIVE,46100000,4.4,4.3,5373
3008,"Raihan Wibisono, M.Kom.",L,6,Senior,Yogyakarta,Probation,02/07/2023,,active,30110000,4.6,3.0,3004
3009,Drs. Nardi Rahayu,Female,4,Lead,Medan,,2024-10-03,,Active,42290000,3.1,3.6,1126
3010,Alika Utama,P,9,Junior,Bandung,Permanent,06/22/2017,,Active,13050000,4.5,4.0,1728
3011,LULUH HIDAYANTO,P,6,Junior,Remote,Permanent,29-09-2016,,Active,15850000,3.3,3.0,3077
3012,  Wadi Pranowo ,F,6,Senior,Jakarta,Permanent,30-08-2016,,ACTIVE,Rp32.550.000,3.1,2.8,1573
3013,"Joko Hutapea, M.M.",Female,7,Junior,Bandung,Permanent,27/01/2017,,Active,12180000,,3.6,4394
3014,"Ir. Aswani Tarihoran, M.Pd",female,9,Lead,Jakarta,Permanent,07-03-2023,2024-01-25,resigned,33230000,3.2,3.5,3251
3015,"Lidya Uwais, S.Gz",Male,9,Senior,Medan,Permanent,02-03-2024,,ACTIVE,26880000,4.7,4.0,2707
3016,"Ir. Hasna Nuraini, S.Gz",L,9,Junior,Yogyakarta,Contract,10/23/2015,,ACTIVE,16900000,2.8,4.0,1129
3017,"BELINDA SIHOMBING, S.PT",F,2,Mid,Bandung,Permanent,2016-02-15,,Active,28160000,2.8,3.1,1782
3018,Yosef Maryati,male,10,Mid,Jakarta,Permanent,2021-10-07,2023-05-03,resigned,17350000,2.7,3.8,2352
3019,Baktianto Pradipta,,5,Senior,Jakarta,Permanent,2023-07-25,,Active,30900000,3.2,2.9,3172
3020,dr. Dadap Nababan,Male,9,Mid,Jakarta,Probation,01/01/2018,2018-08-24,Resigned,Rp20.640.000,4.4,1.8,2350
3021,Ir. Drajat Purnawati,M,9,Mid,Surabaya,Contract,01/30/2021,,ACTIVE,18390000,4.4,4.6,4565
3022,"  Warta Nugroho, M.Pd ",Male,4,Intern,Yogyakarta,Contract,2017-04-08,2024-01-27,resigned,8200000,3.6,3.0,5428
3023,"Puti Agustina, S.IP",female,3,Senior,Bandung,Permanent,2018-09-20,,ACTIVE,47650000,4.0,2.4,2511
3024,"ir. koko tamba, m.m.",F,9,Junior,Jakarta,Contract,2022-01-14,,active,15240000,3.3,3.8,3319
3025,"Salwa Aryani, S.IP",,4,Mid,Medan,Contract,2021-02-08,,ACTIVE,21180000,,5.0,1721
3026,Prima Najmudin,Female,5,Senior,Jakarta,Permanent,2016-08-03,2019-08-06,RESIGNED,32190000,3.2,2.8,2566
3027,dr. Johan Sirait,Female,7,Lead,Surabaya,Permanent,08/26/2016,,ACTIVE,33820000,3.3,4.8,4839
3028,"  Candrakanta Nasyidah, M.Ak ",P,6,Mid,Jakarta,Permanent,13/09/2022,,Active,20280000,3.2,4.1,1650
3029,  Kamila Sihotang ,Male,7,Senior,Surabaya,Permanent,08/07/2017,2021-03-03,Resigned,23690000,4.4,2.4,2863
3030,Tgk. Surya Wahyudin,Female,6,Manager,Jakarta,Contract,04/29/2016,,Active,50670000,3.4,4.0,5491
3031,Vanesa Usada,male,2,Senior,,Permanent,2016-12-30,,ACTIVE,Rp46.880.000,3.3,3.0,4963
3032,Yunita Sinaga,Female,2,Mid,Remote,Permanent,2016-09-07,,ACTIVE,27710000,5.0,3.6,3782
3033,R.A.  Padmi  Palastri,Female,8,Mid,Surabaya,Contract,27-11-2018,,Active,24310000,4.9,4.8,2339
3034,Harimurti Pudjiastuti,P,4,Manager,Remote,Contract,12/23/2017,,Active,58020000,3.2,2.3,1785
3035,"hamima tarihoran, m.m.",male,2,Mid,Bandung,Permanent,30/08/2024,,Active,25130000,3.2,3.5,2899
3036,Lala Adriansyah,male,9,Mid,Yogyakarta,Permanent,04/08/2018,,active,20220000,3.8,3.5,4624
3037,"Ami Suryono, M.Ak",female,3,Manager,Remote,Permanent,19/02/2024,2024-12-04,Resigned,63500000,5.0,3.5,1747
3038,Karja Mansur,M,6,Mid,Bandung,Permanent,16/08/2018,,Active,20660000,2.4,3.2,4467
3039,  Agnes Salahudin ,Female,6,Mid,Yogyakarta,Permanent,2018-07-31,,Active,19860000,3.9,4.0,1633
3040,Dariati Sihotang,Female,9,Junior,Surabaya,Permanent,2021-09-30,,active,12790000,4.1,3.1,3217
3041,  Prasetyo Saefullah ,male,4,Senior,Yogyakarta,Permanent,2019-04-19,,ACTIVE,38880000,2.9,4.4,4588
3042,Dr. Kala Pertiwi,Female,7,Senior,Bandung,Permanent,21/12/2020,,Active,20310000,3.5,3.9,2112
3043,  R. Cinta Firgantoro ,F,9,Mid,Remote,Contract,2020-11-28,,Active,18080000,4.9,3.3,5294
3044,Kani Mangunsong,male,2,Junior,Jakarta,Permanent,2022-11-19,2024-05-22,RESIGNED,15200000,2.4,2.9,2557
3045,Eman Utama,male,8,Lead,,Probation,24/01/2019,,Active,45670000,3.1,2.8,4496
3046,R.A. Gina Rajasa,male,3,Mid,Bandung,Permanent,01/12/2018,,active,30050000,2.4,3.1,2565
3047,"t. bakiman pertiwi, s.sos",Male,2,Junior,Yogyakarta,Permanent,14/05/2024,,Active,19940000,4.1,5.0,2417
3048,R.A. Uchita Hutagalung,L,2,Junior,Jakarta,Probation,2015-08-17,,ACTIVE,23300000,4.6,4.1,1394
3049,"Jane Laksmiwati, S.E.",Male,9,Lead,Remote,Probation,27-03-2019,,ACTIVE,Rp43.280.000,3.2,2.6,5017
3050,Yunita Permata,female,2,Junior,Remote,,2015-08-10,,Active,23190000,3.2,4.8,3633
3051,"Puti Rina Yuniar, S.Pd",P,10,Lead,Bandung,Permanent,23/05/2024,,Active,32270000,4.1,3.2,2013
3052,Opan Permata,female,10,Senior,Jakarta,Permanent,2016-08-01,2017-12-09,Resigned,24440000,3.1,4.3,2342
3053,CINDY HAKIM,F,7,Mid,Yogyakarta,Permanent,05/09/2016,,active,18550000,5.0,4.2,1358
3054,"  Tgk. Gantar Fujiati, S.Farm ",P,7,Mid,Surabaya,Permanent,09-04-2020,,active,14810000,4.8,3.3,3273
3055,"Puti Vera Pradana, M.Ak",Male,7,Junior,Remote,Permanent,20/03/2018,2019-05-19,resigned,12010000,3.0,2.4,2727
3056,Mahesa  Usamah,,2,Lead,Yogyakarta,Contract,23-08-2020,,active,51010000,3.4,4.0,2899
3057,  Anastasia Samosir ,F,10,Junior,Surabaya,Contract,19-03-2021,,ACTIVE,11610000,3.9,2.7,2778
3058,Dt. Galuh Namaga,F,9,Senior,Bandung,Permanent,15-12-2022,,Active,31510000,3.5,4.0,5474
3059,R. Jane Mardhiyah,L,2,Intern,Bandung,Permanent,11/06/2020,,active,11280000,2.9,3.5,3937
3060,"Gawati Mangunsong, S.Gz",F,4,Junior,Bandung,Contract,10-12-2021,2023-07-14,RESIGNED,18100000,3.6,2.9,4863
3061,"OPAN WIJAYA, M.M.",M,10,Senior,Yogyakarta,Permanent,2024-02-27,,Active,23910000,5.0,3.2,2352
3062,"Drs. Kamal Mayasari, S.Pt",F,6,Mid,Jakarta,Contract,2024-04-11,,active,17560000,,5.0,1170
3063,Ian Siregar,F,8,Senior,,Permanent,2017-03-08,2018-11-05,RESIGNED,28440000,1.9,2.7,3154
3064,"dr. Cakrajiya Mustofa, S.Psi",F,3,Mid,Bandung,Permanent,04/25/2015,,ACTIVE,32560000,,3.6,1138
3065,Jaswadi Pertiwi,L,8,Junior,Surabaya,Permanent,17/05/2017,,active,15730000,3.4,3.7,2228
3066,"Alika Pudjiastuti, S.Sos",L,8,Junior,Bandung,Permanent,27/02/2022,,active,16670000,,5.0,4842
3067,Chelsea Wacana,L,3,Lead,Yogyakarta,Permanent,28-04-2021,,ACTIVE,61610000,4.9,4.6,3650
3068,dr. Prayitna Mustofa,Female,2,Junior,Jakarta,Probation,17/01/2016,,ACTIVE,22420000,3.1,3.4,4777
3069,"R.M. Jaya Purwanti, S.Kom",female,3,Manager,Surabaya,Permanent,2019-06-19,,Active,70000000,2.5,2.7,3073
3070,Lala Yulianti,F,7,Senior,Jakarta,Permanent,14/06/2016,,ACTIVE,25070000,3.5,3.4,2824
3071,R.A. Putri Susanti,male,7,Mid,Bandung,Permanent,18/08/2020,,Active,14880000,3.1,3.8,3825
3072,"Paramita Prayoga, S.H.",F,7,Mid,Jakarta,Permanent,07-05-2020,,Active,14860000,4.2,2.4,4442
3073,Emas  Astuti,male,3,Head,Remote,Permanent,08/27/2022,,ACTIVE,Rp100.920.000,3.0,3.1,
3074,Silvia  Permata,Male,10,Mid,Remote,Permanent,12/01/2024,,ACTIVE,19510000,3.4,2.3,2714
3075,Balidin Winarsih,L,7,Mid,Remote,Permanent,2020-08-16,,ACTIVE,16000000,5.0,4.3,2411
3076,Lintang Utama,Female,9,Junior,Surabaya,Permanent,2020-01-07,,Active,13020000 ,3.4,4.5,1213
3077,FITRIANI SINAGA,Female,6,Lead,Remote,Permanent,2015-06-13,,Active,41490000,3.6,4.6,1406
3078,Rina Yolanda,M,2,Mid,Bandung,Permanent,11/05/2021,,ACTIVE,27730000,3.0,1.6,1629
3079,Prasetya Samosir,female,4,Junior,Bandung,Permanent,2016-02-03,,ACTIVE,16600000,2.5,4.4,2866
3080,Gara Susanti,Female,7,Junior,Jakarta,Permanent,19/02/2021,,ACTIVE,11050000,,3.1,2739
3081,"Dr. Sarah Maulana, M.M.",F,3,Senior,Surabaya,Permanent,08/07/2018,,Active,44280000,3.0,3.7,1640
3082,Wahyu  Pradipta,Female,2,Junior,Jakarta,Permanent,2021-06-19,,ACTIVE,19730000,2.9,3.3,2616
3083,Mahdi Wahyudin,female,8,Senior,Surabaya,Permanent,22/11/2017,,ACTIVE,33590000,4.6,5.0,1036
3084,PRABA HUTASOIT,female,3,Senior,Jakarta,Probation,2022-04-17,,Active,43900000,2.1,3.2,4986
3085,Okta Habibi,female,1,Mid,Surabaya,Permanent,12-06-2015,,Active,29970000 ,3.6,4.1,3854
3086,Warta Safitri,M,9,Mid,Medan,Probation,11/12/2019,,ACTIVE,21200000,4.4,3.2,4908
3087,  Taswir Suwarno ,female,2,Mid,Medan,Permanent,08/12/2015,,active,33460000,3.4,2.8,1716
3088,gangsa kusumo,M,5,Mid,Jakarta,Permanent,2021-12-17,,Active,19020000,,3.9,5269
3089,  Mila Halimah ,Male,4,Manager,Jakarta,Permanent,2022-11-06,,active,53550000,4.3,2.9,5155
3090,Gamblang Pranowo,,7,Senior,Medan,Permanent,04/05/2018,,ACTIVE,19940000,,3.7,1304
3091,"Paulin Prabowo, S.Kom",L,7,Manager,Yogyakarta,Permanent,02/07/2017,,ACTIVE,39560000,3.3,3.2,4815
3092,dr. pardi rajata,Female,4,Junior,Medan,Contract,2020-03-23,,ACTIVE,16990000 ,3.2,3.2,2830
3093,drg. Luthfi Megantara,F,2,Manager,Jakarta,Contract,22/03/2016,2024-12-02,resigned,Rp65.100.000,,4.5,3603
3094,"Tami Winarsih, S.Ked",Female,2,Junior,Yogyakarta,Permanent,13-08-2023,,ACTIVE,Rp19.620.000,,3.5,3774
3095,Restu Wijayanti,Female,2,Junior,Yogyakarta,Permanent,03-11-2018,,Active,21380000,5.0,3.5,2095
3096,dt. dodo narpati,P,9,Senior,Jakarta,Permanent,2016-04-13,,active,28220000,3.2,4.1,4287
3097,Edi Pangestu,Female,9,Junior,Surabaya,Permanent,2016-08-19,,active,16290000,4.8,2.1,1784
3098,"H. Lasmanto Saputra, S.Gz",Female,8,Mid,Surabaya,,13-09-2015,,active,24510000,5.0,3.9,3796
3099,Safina Anggriawan,female,10,Junior,Remote,Permanent,2017-05-24,2018-02-21,Resigned,11410000 ,4.0,3.0,2886
3100,Harsanto  Wijayanti,Female,5,Lead,Bandung,Permanent,2022-02-16,,ACTIVE,42280000 ,3.8,3.5,3851
3101,Salimah Wahyuni,Female,8,Lead,Remote,Permanent,2015-12-01,,ACTIVE,41750000,,3.6,1900
3102,Zelaya Kurniawan,F,6,Mid,Bandung,Contract,19-11-2020,2022-10-31,RESIGNED,19520000,,2.5,4415
3103,Erik Yulianti,,1,Senior,Surabaya,Permanent,22/10/2019,,active,46190000,3.7,4.1,4872
3104,GINA WIBOWO,Female,1,Mid,Medan,Permanent,2019-09-13,,Active,32280000,4.2,3.8,2092
3105,H. Baktiadi Sihotang,M,5,Mid,Remote,Permanent,24/10/2022,,ACTIVE,23330000,4.5,3.1,3555
3106,Zelaya Riyanti,,4,Mid,Medan,Permanent,16/04/2021,,ACTIVE,24480000,3.3,4.1,1363
3107,R. CENGKIR NAPITUPULU,L,5,Senior,Remote,,2018-08-19,,ACTIVE,32880000,3.1,4.1,2330
3108,drg. Kanda Damanik,Female,9,Mid,Yogyakarta,Probation,28/02/2015,,active,23390000,3.3,5.0,4858
3109,dirja nuraini,Female,2,Junior,Remote,Permanent,2024-09-10,,ACTIVE,17810000 ,4.7,4.4,1032
3110,Juli Lestari,Male,10,Mid,Bandung,Permanent,01/20/2020,,active,14190000,4.3,3.4,3989
3111,Uli Manullang,L,8,Senior,Bandung,Permanent,30-05-2015,,active,42530000,3.4,4.2,4812
3112,Ganjaran Thamrin,Male,2,Mid,Surabaya,Permanent,27/09/2021,,Active,26060000,3.4,4.8,1031
3113,Sari Sihombing,Male,3,Mid,Jakarta,Permanent,15/08/2022,,active,28560000,3.6,2.4,3218
3114,Jais Saefullah,F,6,Junior,Surabaya,Permanent,2015-03-08,,Active,15580000 ,2.0,3.2,4408
3115,"Dt. Luis Rajasa, S.Sos",L,3,Mid,,Permanent,2022-11-04,,ACTIVE,28090000,2.4,4.2,4090
3116,"Cut Puti Setiawan, S.H.",P,6,Senior,Yogyakarta,Permanent,2018-12-13,,Active,32360000,3.0,2.6,2855
3117,Ganep Wijaya,female,7,Senior,Yogyakarta,Permanent,09-04-2016,,active,24800000,,4.5,4538
3118,"Cahyo Irawan, S.Sos",L,2,Senior,Medan,Permanent,2021-03-14,,active,38340000,4.1,2.7,3378
3119,Ir. Luwar Utami,P,9,Mid,Remote,Permanent,2024-06-23,,active,17600000,2.8,3.1,3337
3120,"Darsirah Agustina, S.H.",P,1,Junior,Jakarta,Probation,11/15/2022,,active,19270000,3.7,3.6,2521
3121,R. Maria Saragih,Male,4,Mid,Medan,Probation,03/01/2016,,ACTIVE,27490000,2.6,3.8,3041
3122,dr. Melinda Namaga,M,7,Junior,,Probation,2020-07-26,,ACTIVE,11620000,,3.4,4636
3123,Danang Yolanda,male,6,Mid,Medan,Contract,07/02/2022,,ACTIVE,19450000,2.8,2.7,2825
3124,laksana namaga,F,5,Mid,,Permanent,20-07-2024,,Active,22440000,2.9,2.9,1496
3125,"  Raharja Pangestu, S.E.I ",Female,2,Senior,Yogyakarta,Probation,2016-04-13,,active,41920000,4.4,3.3,1918
3126,Shakila Novitasari,P,9,Senior,Yogyakarta,Contract,11/26/2023,,Active,25540000,2.5,3.5,3659
3127,irfan maulana,F,3,Junior,Bandung,Permanent,01/02/2015,,active,20240000,,3.8,2002
3128,"wardi pratiwi, s.e.",F,2,Senior,Surabaya,Contract,11/11/2024,,ACTIVE,36900000,4.1,3.5,4616
3129,Betania Puspita,female,8,Senior,Yogyakarta,Permanent,2022-07-20,,Active,32000000,5.0,4.1,4242
3130,H. Banara Nashiruddin,M,1,Lead,,Contract,2016-09-20,,Active,54140000,1.2,3.5,4497
3131,zalindra maulana,female,1,Mid,Bandung,Permanent,04/10/2018,2024-01-27,RESIGNED,35630000,3.0,2.2,3103
3132,"ana simanjuntak, s.farm",female,9,Junior,Yogyakarta,Contract,2017-02-28,,ACTIVE,13580000,,4.6,3170
3133,Ilsa Handayani,P,9,Mid,Yogyakarta,,06/11/2016,,active,17670000,3.6,4.2,4642
3134,"Yuni Uyainah, S.T.",male,2,Mid,,,07/10/2019,,active,27100000,,3.6,2306
3135,  Prayogo Nainggolan ,Male,7,Junior,Bandung,Permanent,12-02-2016,,active,12330000,4.1,3.2,4815
3136,Cahyadi Nashiruddin,female,2,Mid,Surabaya,Contract,2024-06-15,,Active,27580000,3.2,3.2,1796
3137,Prabowo Suryatmi,L,4,Mid,Jakarta,Permanent,2018-08-13,,Active,24330000,2.6,3.6,4863
3138,tgk. rachel purnawati,male,9,Senior,Bandung,,19/01/2022,,ACTIVE,25930000,3.2,3.2,4093
3139,R.A. Rina Pradipta,L,8,Mid,Remote,,31/05/2021,,Active,Rp23.120.000,4.8,3.4,5093
3140,Mahfud Dongoran,Female,5,Mid,Surabaya,Permanent,2022-02-11,,active,21260000,5.0,3.3,2767
3141,CINDY KUSWANDARI,L,5,Senior,,Permanent,2018-05-01,,Active,30620000,3.8,4.2,2330
3142,Jefri Suartini,P,1,Intern,Jakarta,Permanent,2023-08-22,,Active,10860000,3.7,2.8,1766
3143,Tania Yulianti,Male,4,Senior,Jakarta,Permanent,13/01/2022,2024-02-25,Resigned,36760000,5.0,4.7,4969
3144,Fitria Wibisono,male,1,Senior,Surabaya,Contract,2016-03-14,,Active,Rp46.030.000,3.9,3.5,2828
3145,Nabila Mandala,male,7,Junior,Surabaya,Contract,13/11/2015,,Active,11190000,2.7,2.6,4614
3146,Dadi  Prasetyo,L,1,Lead,Jakarta,Permanent,2019-05-20,2024-05-02,RESIGNED,57440000,2.2,2.5,3366
3147,Hasan Budiman,female,10,Junior,Yogyakarta,Permanent,01/06/2022,2024-06-07,RESIGNED,12310000,3.3,2.7,4606
3148,LARAS PRASETYA,P,4,Lead,Bandung,Permanent,2022-02-08,,ACTIVE,39510000,3.7,3.2,1402
3149,"Salsabila Pangestu, S.Kom",,7,Senior,Remote,Permanent,2017-01-01,,ACTIVE,25790000,4.5,3.2,3027
3150,Cecep Farida,male,3,Mid,Surabaya,Permanent,2016-04-25,,ACTIVE,Rp28.070.000,3.4,4.3,2398
3151,"Ir. Nurul Simbolon, M.M.",M,10,Manager,Surabaya,Probation,10-10-2016,,ACTIVE,43550000,,3.1,2792
3152,Irsad Waskita,M,1,Mid,Medan,Permanent,18/10/2021,2022-05-09,Resigned,30140000,3.9,3.9,4429
3153,"Dt. Lulut Wibowo, S.Psi",M,1,Mid,Jakarta,Contract,04/06/2017,,Active,32680000,4.2,3.7,2540
3154,RAHMI PERTIWI,male,8,Manager,Remote,Permanent,09/03/2018,2020-02-06,RESIGNED,53710000,3.3,3.8,2414
3155,Drs. Paramita Yuniar,L,2,Mid,Bandung,Probation,2018-01-01,,Active,27510000,2.6,4.0,4635
3156,"  Winda Firgantoro, M.TI. ",P,10,Senior,Surabaya,Permanent,10-12-2022,,ACTIVE,27500000,2.9,3.6,2791
3157,Jabal Hasanah,F,2,Mid,Yogyakarta,Probation,22/11/2019,,active,27840000,2.0,1.7,4498
3158,"CUT HESTI MARYATI, M.PD",Female,3,Mid,Remote,Permanent,2016-12-09,,Active,31690000,3.5,4.2,1310
3159,Unjani Gunarto,Female,8,Junior,Medan,Permanent,2016-02-26,,active,16080000 ,3.7,2.8,2122
3160,  dr. Kariman Usamah ,,4,Senior,Yogyakarta,Permanent,2023-02-05,,ACTIVE,37220000,3.3,2.2,3516
3161,  Dadap Siregar ,female,9,Intern,Jakarta,,24-02-2024,,active,6700000,4.6,3.0,3343
3162,lala sihombing,P,6,Junior,Surabaya,,2017-03-29,,ACTIVE,Rp14.110.000,3.1,3.8,1106
3163,"T. Jail Marbun, S.Farm",Male,1,Senior,Jakarta,Probation,15/01/2020,,ACTIVE,41960000,3.6,4.2,1678
3164,Rahmi Habibi,F,3,Mid,Medan,Contract,31-07-2021,,ACTIVE,31830000,2.8,2.9,3218
3165,"Padma Megantara, M.M.",F,10,Lead,Surabaya,Permanent,2019-06-20,2020-12-19,Resigned,32120000,4.1,3.3,2013
3166,"Hj. Mila Iswahyudi, M.TI.",L,9,Junior,Bandung,Permanent,2019-01-05,,ACTIVE,13590000,3.3,3.6,4187
3167,Cemeti Padmasari,F,7,Mid,Jakarta,Permanent,2016-08-17,,ACTIVE,15280000 ,,3.5,2736
3168,"Puji Mansur, S.Sos",male,7,Lead,Yogyakarta,Permanent,2023-01-15,,ACTIVE,29100000,,3.1,4158
3169,Janet Hartati,F,7,Lead,Yogyakarta,Permanent,10/08/2017,,ACTIVE,31280000,3.7,3.3,4530
3170,CEMANI HASANAH,Male,9,Mid,Medan,Permanent,2020-11-29,,ACTIVE,17620000,3.6,3.8,3342
3171,R.A. Mutia Iswahyudi,M,5,Junior,Yogyakarta,Permanent,2021-06-08,,active,15140000,3.7,3.6,2486
3172,JANET YULIANTI,P,5,Lead,Bandung,Permanent,25-07-2018,,active,37100000,4.4,2.8,4425
3173,"Wulan Marpaung, S.IP",F,4,Junior,Yogyakarta,Permanent,2020-08-04,2022-08-16,resigned,Rp14.330.000,3.9,1.9,2618
3174,Balijan Hartati,Female,10,Mid,Medan,Permanent,2016-12-01,,Active,18320000,3.8,2.6,1844
3175,"Gilang Hutasoit, M.TI.",male,3,Senior,Yogyakarta,Permanent,13/03/2018,2018-09-28,RESIGNED,49090000,4.0,3.8,2511
3176,"Kiandra Melani, M.Ak",F,6,Manager,Medan,Permanent,01-06-2015,,ACTIVE,52700000,3.3,3.2,5491
3177,Harja Pudjiastuti,male,4,Junior,Yogyakarta,Permanent,12-10-2015,,active,17690000,3.5,2.7,2999
3178,aurora narpati,Female,5,Senior,Yogyakarta,Permanent,23-07-2018,,Active,32240000 ,4.0,3.6,4975
3179,Padmi Wahyuni,Female,8,Senior,Yogyakarta,Permanent,15-07-2020,,active,35600000,5.0,2.9,4679
3180,"R. Elisa Maulana, S.E.",female,1,Mid,Jakarta,Contract,2020-07-13,,active,27390000,3.5,3.9,4225
3181,"H. Aslijan Andriani, S.Pd",M,10,Mid,Jakarta,Permanent,30/04/2015,,active,18050000,3.4,2.8,2050
3182,Titi Hassanah,Female,9,Mid,Yogyakarta,Permanent,2024-08-29,,ACTIVE,16420000,2.8,3.6,1821
3183,Sari Najmudin,L,3,Mid,Surabaya,Contract,2017-02-21,,ACTIVE,30760000,4.4,2.3,5289
3184,UDA MUSTOFA,,2,Junior,Surabaya,Contract,2022-09-20,,ACTIVE,19470000,4.7,3.7,4312
3185,Ade Oktaviani,M,7,Junior,Jakarta,Permanent,2016-03-29,2020-02-23,resigned,9760000,3.5,1.6,5259
3186,"T. ADINATA HARYANTI, M.KOM.",Female,2,Mid,Bandung,Permanent,2018-01-10,,active,31250000,3.7,3.7,1588
3187,"Dr. Puji Ardianto, M.Ak",Male,1,Junior,Bandung,Permanent,2016-06-01,,Active,23950000,5.0,3.3,4432
3188,Gilda Pratama,Female,2,Intern,Jakarta,Permanent,2022-02-21,,ACTIVE,9860000,3.4,3.5,4550
3189,Hj. Nabila Hasanah,L,5,Manager,Yogyakarta,Probation,2021-06-25,,Active,Rp50.810.000,3.4,3.1,3200
3190,Maimunah Hutapea,F,10,Manager,Bandung,Permanent,31-08-2023,,ACTIVE,Rp42.470.000,2.3,3.4,4732
3191,Ir. Agnes Prasasta,F,1,Junior,Remote,Permanent,23/12/2022,2024-02-24,resigned,22990000 ,3.8,3.5,1950
3192,T. Lukman Utami,M,9,Senior,Jakarta,Permanent,17/10/2022,2024-09-02,resigned,24500000,2.9,2.9,2279
3193,Sutan Asirwanda Nashiruddin,male,9,Mid,Bandung,Permanent,01-04-2020,,Active,Rp16.380.000,4.4,3.4,4049
3194,ASMAN YOLANDA,P,4,Junior,Medan,Permanent,04/05/2017,,ACTIVE,16490000,3.6,4.2,2750
3195,  Ani Maulana ,Female,8,Junior,Remote,Permanent,12/07/2023,,active,15330000,3.7,3.6,2917
3196,"Cut Salwa Permata, M.Ak",male,3,Junior,Bandung,Permanent,2024-07-04,,ACTIVE,19270000,2.4,3.3,2415
3197,Julia Irawan,F,8,Junior,Medan,Permanent,2019-04-29,,Active,17250000,,3.6,4035
3198,BALANGGA AGUSTINA,female,10,Lead,Bandung,Permanent,08/02/2017,2022-05-05,Resigned,31670000,4.1,3.3,1943
3199,Caraka Wulandari,L,9,Mid,,Permanent,08/26/2016,,Active,21610000,3.8,3.9,1648
3200,Rahmi Wijayanti,L,5,Head,Bandung,Permanent,09/03/2015,,Active,70420000,4.3,3.1,
3201,"Tira Riyanti, M.Farm",F,5,Manager,Surabaya,Permanent,04/06/2022,,Active,52540000,5.0,3.2,3200
3202,"Dr. Cecep Hasanah, M.Farm",Male,2,Mid,Bandung,Permanent,2018-12-22,,Active,28530000,4.0,2.5,2849
3203,ANI ISWAHYUDI,F,7,Mid,Yogyakarta,Permanent,2020-09-11,,ACTIVE,14150000,4.7,4.3,5375
3204,"T. Gaman Uwais, S.Sos",Male,10,Mid,Remote,Probation,21-07-2015,,active,16640000,4.7,3.6,3151
3205,"Puti Vanya Aryani, M.Pd",L,10,Mid,Bandung,Permanent,2018-04-19,,Active,16510000,4.0,3.0,5326
3206,Erik  Halimah,P,5,Junior,Remote,Permanent,2020-10-25,,ACTIVE,14870000,3.1,3.3,4566
3207,Banawi Saefullah,M,10,Senior,Jakarta,Contract,03/30/2016,,Active,24620000,2.9,3.7,2013
3208,paramita zulkarnain,Female,6,Senior,Surabaya,Permanent,04/09/2017,2019-04-20,Resigned,31320000,2.9,3.5,3451
3209,Sutan Mursinin Pranowo,female,3,Mid,Bandung,Permanent,05/25/2019,,Active,29730000,3.6,2.0,3957
3210,CUT CICI PERTIWI,female,5,Junior,Surabaya,Permanent,2020-07-21,2022-03-09,RESIGNED,16700000,3.1,2.7,5405
3211,"Siti Nuraini, S.Pt",Female,7,Mid,Medan,Contract,25-03-2023,2023-12-24,RESIGNED,14110000,3.9,3.3,3336
3212,Tari Suartini,P,4,Junior,Remote,Permanent,16-04-2023,,Active,13340000,3.1,4.2,2647
3213,"H. Edward Aryani, M.Ak",F,10,Mid,Surabaya,Contract,23/08/2022,2023-08-29,Resigned,16860000,3.2,3.3,2951
3214,"  dr. Hana Novitasari, M.Farm ",male,7,Junior,Yogyakarta,Permanent,2015-02-22,,Active,12420000,3.3,3.5,4773
3215,dr. Diah Susanti,M,3,Mid,Bandung,Permanent,16/12/2017,,Active,Rp31.840.000,3.3,3.4,4988
3216,DR. PUTRI USAMAH,Male,2,Senior,Yogyakarta,Permanent,30-08-2021,,Active,35750000,3.8,3.4,4777
3217,Nilam Najmudin,Female,9,Mid,Jakarta,Permanent,10/16/2024,,active,15630000,2.7,4.3,2816
3218,R.A. TITIN SIREGAR,male,3,Senior,Surabaya,Contract,2021-05-12,,Active,41490000,,4.8,2654
3219,Abyasa Lazuardi,L,3,Manager,Jakarta,Permanent,2023-06-20,,ACTIVE,Rp66.150.000,5.0,4.0,1747
3220,Jaka Utami,F,8,Junior,Surabaya,Probation,2020-01-28,,Active,17100000,4.4,4.4,1524
3221,"  R. Okto Pranowo, M.Ak ",female,2,Manager,Surabaya,Permanent,10/06/2022,,active,67060000,3.7,3.5,3603
3222,Laras Gunawan,P,2,Mid,Medan,Permanent,18-05-2018,,Active,29470000,3.5,2.8,2417
3223,Kamaria Purwanti,P,9,Senior,Medan,Permanent,2016-04-06,,ACTIVE,29210000 ,4.7,3.5,1701
3224,"Ir. Danuja Anggriawan, S.Kom",L,5,Lead,Bandung,Permanent,28/08/2016,,Active,Rp48.350.000,4.5,3.7,1297
3225,"Intan Rajasa, S.Pt",male,1,Mid,Bandung,Permanent,2019-01-03,,ACTIVE,37710000,3.1,3.2,2805
3226,Ifa Mayasari,P,3,Mid,Jakarta,Permanent,12/01/2019,,active,32900000,3.1,2.8,5157
3227,Tgk. Pranata Ardianto,Female,10,Mid,Surabaya,,2022-03-01,,Active,19310000,4.1,3.9,4756
3228,Mahfud Sitorus,Female,2,Junior,Surabaya,Contract,28/10/2024,,active,17540000,2.6,3.6,1629
3229,Lala Purnawati,female,4,Senior,Yogyakarta,Probation,2018-09-18,,active,38720000,1.6,3.6,2026
3230,cut zahra natsir,female,1,Senior,Remote,Permanent,2018-06-20,2024-10-16,RESIGNED,44440000,2.6,2.8,1020
3231,Gamblang Sirait,M,10,Senior,Medan,Probation,11/11/2019,,Active,25420000,5.0,2.8,4780
3232,"  Jatmiko Kusmawati, S.Gz ",F,2,Mid,Jakarta,Permanent,2018-03-27,,active,29940000,4.9,3.0,3216
3233,"Cahya Laksmiwati, S.E.I",L,5,Senior,Medan,Probation,2020-03-25,,ACTIVE,33830000,,3.4,1198
3234,"Jagaraga Nasyiah, S.Psi",Male,4,Junior,Jakarta,Contract,28/05/2018,,Active,15670000,2.7,3.8,3143
3235,Violet Zulkarnain,male,10,Mid,Medan,Permanent,2020-02-03,2022-03-03,Resigned,16850000,3.7,2.4,2846
3236,"Amelia Nurdiyanti, S.Pd",female,5,Intern,Remote,Contract,2018-06-06,2022-11-14,RESIGNED,7300000,2.5,3.0,1148
3237,hj. iriana puspita,L,6,Senior,Surabaya,Contract,10/26/2017,,Active,35740000,3.0,2.8,3515
3238,Dt. Daniswara Permata,L,7,Intern,Bandung,Probation,19/12/2015,,active,5780000,,3.4,1521
3239,"  Gamblang Thamrin, S.Pt ",M,7,Mid,Jakarta,Permanent,05/11/2019,,active,15640000,,3.5,2081
3240,Estiono Dabukke,Male,4,Mid,Bandung,Contract,2020-04-22,,ACTIVE,23620000,3.6,4.2,1718
3241,Keisha Utami,Female,7,Junior,Jakarta,Contract,2019-09-27,,ACTIVE,Rp12.430.000,3.3,3.6,5174
3242,R.M. Kenzie Sudiati,female,2,Mid,Medan,Permanent,2021-09-11,,ACTIVE,25850000,3.9,4.6,5304
3243,Fitria Riyanti,F,10,Mid,Remote,Permanent,2024-01-08,,Active,Rp15.200.000,1.9,4.9,2104
3244,Saka  Samosir,P,3,Senior,Bandung,Permanent,09/07/2016,,active,41130000,2.4,2.0,1793
3245,"Zamira Sihotang, S.Gz",Male,3,Mid,,Permanent,02/05/2018,,Active,32700000,3.7,3.4,2267
3246,Laras Irawan,L,1,Senior,Yogyakarta,Permanent,20-03-2019,,Active,Rp42.250.000,2.7,3.9,1591
3247,Gilda Wahyudin,female,10,Senior,Remote,Permanent,10/14/2022,,active,22760000,,3.5,4780
3248,Yance Sihombing,F,1,Mid,Yogyakarta,Probation,21-12-2018,,ACTIVE,30950000 ,3.6,3.7,4770
3249,Karna Sihombing,female,9,Senior,,Probation,24/04/2015,,Active,30770000,3.4,3.3,5156
3250,Balidin Wahyudin,F,6,Mid,Medan,Contract,29/12/2015,,active,22740000,,4.2,4126
3251,"Dt. Prayogo Pangestu, S.Pt",M,9,Manager,,Permanent,05/07/2021,,ACTIVE,44810000,3.4,3.1,1153
3252,  Ophelia Dongoran ,Female,5,Mid,Yogyakarta,Permanent,08-08-2015,,active,23190000,3.6,3.6,1978
3253,"DRG. UTAMA MARDHIYAH, S.E.I",Male,8,Junior,Medan,,2020-03-10,,Active,15350000,2.9,3.0,2339
3254,ganep laksmiwati,L,4,Junior,Remote,Permanent,2015-12-13,,active,17930000,4.4,3.7,3869
3255,"Paramita Saragih, S.Psi",L,5,Junior,Yogyakarta,Permanent,20-03-2024,,Active,13400000,4.8,3.9,3795
3256,Pranawa  Januar,L,8,Intern,Remote,Permanent,12/05/2016,,Active,9290000,3.8,3.5,5118
3257,"Drs. Shania Mustofa, S.Kom",L,1,Senior,Bandung,Permanent,11/13/2022,,Active,39240000,3.9,4.0,1562
3258,"Ani Haryanti, S.Sos",Female,6,Mid,Remote,Permanent,12/07/2016,,Active,21560000,3.7,3.1,1375
3259,"Zelaya Nurdiyanti, S.IP",M,7,Mid,Remote,Probation,17/05/2018,,Active,15670000,4.3,3.9,4919
3260,Galang Gunawan,male,1,Junior,Remote,Permanent,2024-01-13,,active,19880000,3.8,5.0,2490
3261,"Samsul Riyanti, S.Pt",male,1,Junior,Jakarta,Permanent,2015-01-01,,Active,21750000,3.6,2.8,1471
3262,Nadia Gunawan,Male,9,Mid,Medan,Permanent,16-04-2017,2018-01-21,RESIGNED,20160000,3.1,3.2,1348
3263,Karma Wahyuni,Male,1,Junior,Yogyakarta,Probation,13-05-2016,,active,23240000,2.7,3.0,3866
3264,"Ira Damanik, M.Farm",male,7,Manager,,Contract,2024-06-09,,Active,39740000,2.9,3.6,4815
3265,"T. Manah Pranowo, S.Psi",F,2,Mid,Jakarta,Permanent,20/08/2024,,ACTIVE,30790000,3.2,3.6,2883
3266,Dadi Suwarno,Male,5,Junior,Remote,Permanent,26/01/2017,,active,16860000,3.7,3.3,2579
3267,Patricia Simanjuntak,Male,9,Manager,Medan,Permanent,2020-09-26,,ACTIVE,53500000,3.0,3.0,3798
3268,"DRG. MUMPUNI LAZUARDI, S.T.",F,1,Manager,Jakarta,Probation,2018-04-02,,Active,75650000,3.7,3.8,2805
3269,candrakanta saefullah,P,9,Junior,Yogyakarta,Permanent,2019-02-13,,active,13480000,,3.4,1062
3270,Aditya Oktaviani,Male,8,Mid,Yogyakarta,Permanent,03/15/2020,,Active,24300000,4.0,2.8,2575
3271,DR. BAKTIONO PUTRA,P,5,Junior,Jakarta,Permanent,2020-02-16,2022-10-20,resigned,15770000,,3.0,3466
3272,tgk. kunthara simanjuntak,M,1,Mid,Remote,Permanent,27/03/2022,,ACTIVE,31990000,,2.6,3230
3273,Dinda Suryono,L,7,Lead,Yogyakarta,Contract,23-12-2018,,Active,32790000,4.5,3.0,3441
3274,R.A. Ella Hidayanto,P,8,Manager,Surabaya,Permanent,2018-02-08,2020-05-16,Resigned,57750000,2.7,3.7,2896
3275,  Rahmi Sirait ,M,6,Mid,Medan,Permanent,2018-11-29,,Active,20980000,4.7,3.6,5462
3276,DRG. ASIRWANDA MUSTOFA,Male,9,Mid,Surabaya,Permanent,12/15/2016,,ACTIVE,22660000,2.8,2.2,2391
3277,Jarwi Wulandari,P,3,Mid,Bandung,Permanent,26/02/2020,,active,28170000,5.0,3.0,5235
3278,balamantri winarno,F,10,Junior,,Permanent,02/06/2019,2024-08-12,resigned,12050000,4.6,2.4,4729
3279,Bakianto Aryani,P,6,Manager,Medan,Permanent,2021-10-17,,ACTIVE,48450000,4.2,3.8,1794
3280,Elma Riyanti,F,7,Junior,Medan,Probation,2016-06-14,,ACTIVE,13630000,4.2,2.3,1358
3281,Hj. Zalindra Hassanah,female,7,Mid,Yogyakarta,Permanent,22-07-2021,,ACTIVE,17460000,4.0,4.2,4224
3282,dr. Ira Sitorus,male,8,Mid,Bandung,Permanent,21/07/2024,,active,19890000,2.8,3.8,4012
3283,"R.A. Tania Winarsih, M.Pd",L,6,Senior,Yogyakarta,Permanent,07/08/2020,,Active,Rp31.550.000,4.0,3.9,4554
3284,  Virman Hastuti ,Male,4,Lead,Remote,Contract,2023-08-28,,Active,38710000,3.6,2.2,3034
3285,R. Cornelia Hastuti,L,3,Mid,Yogyakarta,Permanent,16-11-2024,,active,26710000,2.9,3.3,4690
3286,Jaga Saragih,P,8,Senior,Surabaya,Permanent,21/09/2015,,ACTIVE,Rp39.670.000,,4.4,1036
3287,"Margana Hastuti, M.Kom.",male,10,Junior,Medan,Permanent,14/12/2019,,ACTIVE,11860000 ,2.9,4.7,1346
3288,Warta Prasetyo,male,9,Senior,Remote,Permanent,12/13/2016,,active,25990000,4.8,3.6,5440
3289,Satya Susanti,Male,10,Lead,Bandung,Permanent,2022-02-23,,Active,33560000,4.3,3.8,1048
3290,KARIMAH WIJAYA,,6,Junior,Bandung,Permanent,2019-11-28,,ACTIVE,16050000,3.5,4.1,4505
3291,naradi widiastuti,L,8,Junior,Bandung,Permanent,13-11-2019,,Active,18840000,3.3,3.3,1010
3292,Winda Simbolon,,1,Senior,Jakarta,Permanent,2022-01-20,,Active,40230000,4.8,3.1,1020
3293,Nova Dabukke,Male,9,Junior,Yogyakarta,Permanent,22-01-2015,,Active,15210000,4.1,4.2,5236
3294,  Jaswadi Kusumo ,L,10,Lead,Remote,Probation,2018-10-27,,active,35390000,3.3,3.7,4255
3295,  Natalia Hariyah ,F,4,Lead,Medan,Contract,17/02/2017,,ACTIVE,44820000,2.9,4.2,2033
3296,"R. Intan Tampubolon, M.Ak",F,3,Intern,Medan,Contract,2018-12-31,,Active,10160000,4.1,3.0,3315
3297,R. Oni Jailani,M,2,Lead,Yogyakarta,Contract,03/12/2019,,active,57600000,3.9,3.7,3603
3298,Yuliana Kurniawan,male,9,Mid,Surabaya,Permanent,2016-06-04,,Active,22510000,2.9,4.1,1538
3299,  Puti Yulianti ,F,7,Junior,Medan,Permanent,2017-08-02,,Active,12880000,4.5,3.8,4559
3300,Prima  Sihombing,L,1,Mid,Surabaya,Permanent,2024-03-18,,Active,25600000,2.3,3.8,2805
3301,drg. himawan rahayu,female,3,Mid,Bandung,Probation,2015-10-06,,active,32310000,3.6,3.4,4090
3302,Halima Safitri,male,1,Junior,Medan,Probation,2020-12-28,,Active,21750000,3.3,2.6,5446
3303,  Kuncara Manullang ,female,1,Lead,Medan,Permanent,24/06/2019,,active,Rp50.900.000,2.3,2.7,2805
3304,kiandra haryanto,L,10,Junior,Surabaya,Permanent,15/07/2021,,ACTIVE,11990000,3.6,3.1,3970
3305,Fathonah Rahayu,male,7,Mid,Bandung,Permanent,2018-10-16,,active,16260000,4.5,4.1,4442
3306,Violet Fujiati,L,2,Mid,Remote,Contract,24/07/2016,2020-10-01,RESIGNED,30530000,3.1,2.0,1237
3307,dr. Puji Prakasa,L,4,Mid,Medan,,23-08-2017,,Active,27820000,4.7,2.6,2653
3308,mujur winarsih,Male,9,Junior,Yogyakarta,Permanent,2018-11-17,,ACTIVE,14350000,3.6,3.0,4011
3309,Okta Pertiwi,Male,9,Junior,Bandung,Permanent,08/03/2021,,Active,12800000 ,3.4,3.6,3133
3310,"Dr.  Calista  Rahayu,  M.Ak",M,7,Mid,Bandung,Permanent,2016-03-02,2022-05-09,resigned,16530000,4.0,4.0,3623
3311,Jane  Puspita,Female,6,Mid,Bandung,Permanent,10-05-2020,,ACTIVE,18510000,,3.5,4534
3312,rizki handayani,Male,10,Senior,Bandung,Permanent,2015-04-18,,Active,27620000,4.0,2.9,3198
3313,GAIMAN WASKITA,female,7,Senior,Jakarta,Permanent,2022-08-25,,active,23650000,3.6,2.5,3169
3314,Liman Kurniawan,L,5,Mid,Remote,Permanent,05/05/2019,,ACTIVE,22310000,,4.2,1977
3315,"Rahmat Riyanti, S.Sos",female,3,Mid,Yogyakarta,Permanent,2021-02-28,,ACTIVE,27700000,4.4,3.5,5157
3316,Nilam Yuliarti,female,5,Mid,Yogyakarta,Contract,2018-12-11,,ACTIVE,23230000,3.4,4.5,2126
3317,"aswani iswahyudi, s.kom",male,3,Mid,Jakarta,Permanent,08/08/2017,,ACTIVE,31060000,4.7,3.5,4128
3318,"R. Ratna Usada, S.Ked",M,1,Senior,Bandung,Contract,29-12-2023,2024-12-27,RESIGNED,Rp40.450.000,3.1,3.5,3648
3319,"R.M. Mitra Maryadi, M.M.",Male,9,Mid,Bandung,Permanent,2015-08-21,,Active,21120000,3.7,2.8,3223
3320,T. Harsaya Susanti,female,6,Mid,Bandung,Probation,12/03/2018,,ACTIVE,19730000,3.7,3.5,5413
3321,Dr. Faizah Putra,Male,10,Junior,,,2021-10-18,,active,11670000,3.8,3.8,2881
3322,"Tomi Simanjuntak, S.Pd",L,2,Mid,Medan,Permanent,2015-11-09,,ACTIVE,25720000,3.6,3.3,3056
3323,hj. ilsa fujiati,female,1,Junior,Remote,Permanent,08/18/2024,,active,20320000,4.0,4.8,5141
3324,"  Jelita Irawan, M.Farm ",F,10,Mid,Remote,Permanent,10/01/2023,,active,17600000,3.2,3.0,2436
3325,Luwar Melani,F,1,Senior,Medan,Permanent,2018-07-30,,Active,45380000,4.5,3.7,3891
3326,Zulfa Mahendra,P,6,Mid,Medan,Permanent,2019-08-10,,Active,23340000,3.8,4.2,5464
3327,"Tgk.  Almira  Uwais,  M.Pd",M,8,Senior,Medan,Permanent,2017-04-13,,Active,34510000,,4.8,2414
3328,Abyasa Purwanti,L,7,Junior,Bandung,Permanent,05/17/2016,,active,Rp11.770.000,4.6,4.0,4433
3329,"dr. Carla Suryono, S.Ked",Male,2,Senior,Yogyakarta,Probation,31/10/2022,,active,35510000,2.0,3.7,3603
3330,Ian Rahayu,L,9,Senior,Surabaya,Permanent,2020-08-05,,Active,31470000,4.5,3.2,2816
3331,SARI SIMANJUNTAK,female,6,Junior,Jakarta,Permanent,15/05/2018,,active,15420000,4.2,3.6,4120
3332,"Kezia Waskita, S.Sos",F,8,Junior,,Permanent,21/07/2020,2023-03-11,resigned,17680000,3.3,3.2,4662
3333,Puji Prabowo,M,5,Junior,Remote,Permanent,04/22/2017,,Active,15630000,4.6,3.0,3805
3334,"CAWUK KUSMAWATI, S.E.I",male,9,Mid,Medan,Permanent,2022-05-29,,Active,19150000,4.7,2.8,4143
3335,KALA WINARNO,M,3,Senior,Surabaya,Probation,10/29/2021,,active,36100000,3.1,2.9,3917
3336,"dr. Zaenab Agustina, S.E.I",female,7,Senior,Bandung,Permanent,01-02-2024,,active,22610000,2.7,2.8,3273
3337,Salsabila Mahendra,F,9,Senior,Yogyakarta,Contract,2023-02-20,,Active,26740000,4.6,3.8,4642
3338,Adikara Hidayanto,,8,Mid,Remote,Probation,21/01/2024,2024-10-26,resigned,22340000,3.5,3.7,2994
3339,"Agus Megantara, M.Kom.",F,2,Lead,Medan,Permanent,08/17/2024,,Active,48010000,4.5,4.5,3603
3340,"Ibrani Mansur, S.Pt",female,6,Mid,Yogyakarta,Permanent,2016-10-27,,active,20910000,3.5,3.4,1418
3341,Maras  Agustina,male,9,Junior,Surabaya,Contract,06/24/2016,,Active,15060000,4.1,2.9,3832
3342,"  Dr. Winda Suartini, S.Farm ",F,9,Senior,Medan,Permanent,17/12/2015,,ACTIVE,36950000,3.7,4.1,1153
3343,R. Mutia Melani,F,9,Junior,Surabaya,Permanent,08/06/2015,,ACTIVE,15030000 ,,3.6,2914
3344,Puspa Hartati,F,10,Junior,Medan,Permanent,10/10/2023,,active,11560000,2.6,2.8,3970
3345,Kamila Prasetyo,Female,4,Lead,Surabaya,Contract,17-05-2021,,Active,44900000,3.5,4.5,4863
3346,  Irwan Suartini ,Female,8,Mid,Yogyakarta,Permanent,2020-03-10,2020-09-24,Resigned,21030000,2.4,3.7,2414
3347,Koko Mandasari,P,5,Junior,Medan,Permanent,05/20/2020,,active,Rp13.130.000,2.4,3.9,1080
3348,"R.A. Tania Mardhiyah, S.T.",Male,2,Lead,Surabaya,,01/07/2021,,active,61640000,3.7,2.1,3435
3349,Puji Permata,Female,10,Head,Surabaya,Permanent,20/09/2015,,active,55690000,,3.0,
3350,AMI FIRGANTORO,P,3,Mid,Bandung,Permanent,2017-11-29,,Active,30130000,3.0,2.7,4945
3351,Dr. Tiara Uwais,,1,Senior,Remote,Permanent,2016-08-24,,ACTIVE,52510000,3.9,3.5,2909
3352,laksana laksmiwati,,8,Mid,Medan,Contract,05/05/2022,2024-10-01,RESIGNED,Rp24.020.000,3.6,2.5,1661
3353,"Cindy Megantara, M.TI.",F,10,Manager,,,21/06/2015,,active,45530000,3.0,3.2,3672
3354,"Tgk. Nadia Maryati, S.Pt",P,2,Mid,,Permanent,11/20/2017,2022-05-05,Resigned,34630000,2.4,2.8,1922
3355,Drs. Bakidin Prasasta,Male,6,Junior,Medan,Permanent,03/12/2018,,ACTIVE,14260000,4.1,2.9,1259
3356,Siti Wijayanti,Male,8,Lead,Medan,Permanent,28/08/2017,,active,46700000,3.8,2.9,4012
3357,"  Bahuwarna Usada, M.Pd ",P,2,Lead,Surabaya,Permanent,20/10/2015,,ACTIVE,66710000,5.0,4.0,1716
3358,"DRS. GALANG SURYATMI, S.GZ",F,5,Junior,Surabaya,Probation,2021-10-22,,ACTIVE,14890000 ,4.3,3.9,3100
3359,Patricia Anggriawan,F,10,Junior,,Permanent,11-04-2020,,ACTIVE,12040000,3.2,4.1,2161
3360,MUTIA MULYANI,male,5,Senior,Bandung,Contract,02/17/2019,2024-11-02,resigned,Rp32.800.000,3.6,3.5,2101
3361,Queen Sitompul,male,2,Lead,Surabaya,Permanent,2016-03-11,,ACTIVE,59910000,2.8,3.2,3435
3362,Kamila Sihombing,F,6,Mid,Medan,Permanent,2017-05-30,,active,21480000,3.7,2.4,2586
3363,Eli Firgantoro,male,2,Senior,Remote,,10-04-2019,,active,39620000,3.7,3.3,3809
3364,"Rina Sihombing, M.Farm",male,3,Senior,Medan,Permanent,08/07/2017,,ACTIVE,36200000,4.3,4.0,4648
3365,  Almira Usamah ,P,10,Junior,Medan,Contract,16/01/2021,,ACTIVE,11810000,,3.5,1339
3366,ratna narpati,Female,1,Manager,Yogyakarta,Permanent,2022-05-24,,ACTIVE,74250000,3.3,2.7,4497
3367,CUT SAKURA SIREGAR,M,7,Mid,Bandung,Permanent,17/05/2024,,Active,14730000 ,4.1,2.7,1887
3368,"H. Leo Dongoran, S.Pd",,2,Mid,Remote,Probation,03/08/2017,,Active,Rp30.410.000,3.9,3.2,4430
3369,Chelsea Mahendra,male,2,Mid,Yogyakarta,Permanent,2019-12-28,,Active,31470000,2.6,3.9,2468
3370,R. Soleh Setiawan,Female,1,Mid,Surabaya,Permanent,2021-04-14,,active,Rp29.790.000,4.2,2.8,3246
3371,  Diah Susanti ,M,6,Junior,Bandung,Permanent,13-01-2020,,ACTIVE,15360000,3.1,3.1,1476
3372,  Ika Rajasa ,male,2,Senior,Yogyakarta,Permanent,11/01/2021,,ACTIVE,Rp36.840.000,3.9,2.7,3348
3373,Opung Kusumo,Male,7,Junior,,Permanent,16/10/2021,,active,Rp12.290.000,3.0,3.1,1254
3374,R. Rika Maryadi,male,4,Mid,Medan,Probation,30-11-2015,,active,26620000,5.0,3.9,2280
3375,"Ivan Uwais, S.E.",P,9,Mid,Bandung,Contract,2022-02-04,,active,21170000,,4.0,1664
3376,Violet Prakasa,Female,2,Mid,Yogyakarta,Permanent,03/05/2015,,ACTIVE,34360000,3.0,3.9,2616
3377,elvina nuraini,female,3,Junior,,Permanent,01-05-2023,2023-11-14,resigned,17700000,2.9,4.4,2867
3378,"CUT JASMIN HUTASOIT, S.E.I",Male,2,Manager,Medan,Contract,27/10/2015,,ACTIVE,76910000,4.4,2.6,3603
3379,R. Zalindra Lailasari,F,9,Lead,Remote,Permanent,2018-12-22,,ACTIVE,40550000,5.0,3.4,4634
3380,"  dr. Prasetya Winarno, S.H. ",Female,9,Mid,Surabaya,Permanent,2016-05-02,,Active,20920000,4.3,2.8,2413
3381,"irnanto uyainah, s.e.",L,1,Mid,Yogyakarta,Contract,2023-02-06,2024-08-02,RESIGNED,30130000,3.1,2.3,4318
3382,Koko Situmorang,F,5,Mid,Surabaya,Permanent,2023-04-22,,ACTIVE,18700000,2.9,2.5,1024
3383,Maras Saptono,M,9,Senior,Medan,Contract,24/03/2023,,ACTIVE,29170000,4.9,2.8,1965
3384,"R. Aslijan Marbun, M.M.",M,8,Senior,Medan,Permanent,15-09-2016,,ACTIVE,37570000,2.9,3.0,2747
3385,Nabila Sihombing,F,3,Lead,Bandung,Permanent,2019-04-03,,ACTIVE,56060000,3.8,3.4,2382
3386,Ulva Nasyidah,female,9,Senior,Yogyakarta,Permanent,02-09-2023,2024-07-30,Resigned,32800000,1.1,2.2,5391
3387,  Harjasa Zulaika ,Female,7,Senior,Surabaya,Permanent,14/03/2018,,ACTIVE,23470000,3.9,4.3,5101
3388,"  Kayla Kusmawati, S.T. ",male,5,Mid,Remote,Contract,21/06/2015,,ACTIVE,23590000,2.8,4.0,3934
3389,Karta Fujiati,Male,10,Mid,Medan,Contract,10/30/2019,,active,16260000,2.2,2.5,3198
3390,Edward  Hassanah,P,2,Mid,Bandung,Permanent,02/12/2016,,active,31000000,2.1,2.9,5124
3391,Shania Sihotang,F,5,Mid,Bandung,Permanent,16/06/2020,,Active,21840000,4.7,3.0,4348
3392,IR. YAHYA GUNARTO,F,4,Mid,Bandung,Permanent,18/10/2021,,ACTIVE,22050000,4.0,2.6,3727
3393,VERO NASYIDAH,M,7,Mid,Medan,Permanent,2016-01-29,,active,Rp20.550.000,3.9,4.2,1174
3394,"Garang Astuti, M.Ak",male,3,Junior,Medan,Permanent,17-09-2021,,Active,22120000,2.7,2.6,1055
3395,"Sidiq Saputra, S.Psi",male,4,Mid,Jakarta,Permanent,2015-01-28,,Active,27420000,3.1,3.7,5428
3396,Hasna Januar,Female,3,Senior,Yogyakarta,Permanent,2021-05-28,,Active,40680000,4.5,3.2,3037
3397,Safina Padmasari,female,10,Mid,Remote,Permanent,2018-04-23,,active,18360000,3.6,4.3,3996
3398,MALIKA WULANDARI,M,10,Junior,Yogyakarta,Permanent,2019-12-26,,Active,11440000,5.0,2.6,4619
3399,"HALIMA WULANDARI, M.FARM",M,2,Junior,Jakarta,Probation,2018-02-14,,active,Rp19.720.000,3.7,3.3,1796
3400,"Sutan  Karma  Sirait,  S.E.",M,5,Senior,Remote,Permanent,07/05/2023,,Active,28580000,3.5,3.8,3594
3401,  Pia Anggriawan ,M,1,Mid,,,07/09/2020,,Active,29120000,4.6,3.5,3761
3402,"Adika Hidayat, S.Ked",M,9,Mid,Jakarta,Permanent,12/05/2022,,Active,17990000,4.6,1.9,2079
3403,Cinthia Novitasari,P,2,Lead,Remote,Contract,18/02/2017,,active,48480000,3.2,3.8,2095
3404,Mahdi Hassanah,L,1,Manager,Bandung,Permanent,11/02/2022,,active,65530000,5.0,4.0,2805
3405,  Gawati Suryono ,F,8,Junior,Remote,Permanent,2024-10-12,,ACTIVE,14650000,2.6,3.0,2242
3406,Febi Firmansyah,F,8,Senior,Bandung,Permanent,12-09-2016,,ACTIVE,Rp26.040.000,3.3,3.5,1698
3407,Lukman Iswahyudi,female,6,Junior,Jakarta,Probation,2016-06-23,,active,16570000,3.3,3.9,5252
3408,Wakiman Riyanti,Male,2,Mid,Yogyakarta,Permanent,2015-01-14,,ACTIVE,30660000,4.3,4.1,4672
3409,"Tugiman Pratama, M.Ak",,1,Junior,Yogyakarta,Permanent,2022-12-18,,active,20270000,3.6,4.1,2360
3410,"Banawi Lazuardi, S.Pt",female,7,Mid,Remote,Permanent,01/28/2022,,ACTIVE,15660000,4.4,3.0,2388
3411,"Ir. Diah Waluyo, M.Farm",M,6,Junior,Bandung,Contract,04/11/2024,,ACTIVE,13320000,,2.5,1662
3412,"R.M. Umar Kusumo, S.E.",female,6,Mid,Yogyakarta,Permanent,2020-06-30,,ACTIVE,22400000,4.1,3.9,2942
3413,Ida Hastuti,Female,7,Senior,Surabaya,Permanent,2018-04-25,2020-01-25,Resigned,22840000,2.6,3.8,2281
3414,"Waluyo Hutagalung, M.M.",female,7,Mid,Jakarta,Permanent,25-08-2018,2023-11-27,RESIGNED,16450000,2.9,2.1,1428
3415,Vivi Aryani,Female,7,Junior,Yogyakarta,Permanent,29/05/2022,2024-11-07,Resigned,12860000,2.3,4.1,3497
3416,"SALWA SINAGA, S.T.",female,10,Mid,Yogyakarta,Permanent,06/03/2024,,ACTIVE,16890000,2.7,4.1,2442
3417,PURWADI HIDAYANTO,male,4,Junior,Medan,Permanent,29/04/2015,,ACTIVE,18070000,4.5,4.5,5458
3418,Vicky Halim,Female,4,Mid,Surabaya,Permanent,2015-09-07,,Active,23260000,2.6,4.0,2529
3419,Kayla Sitorus,female,2,Senior,Yogyakarta,,08/12/2019,,ACTIVE,40430000,5.0,4.3,3357
3420,  Eka Saptono ,female,7,Senior,Remote,Permanent,12/08/2015,,Active,23040000,,3.0,4059
3421,Irnanto Hidayat,L,5,Mid,,Permanent,2018-06-17,,active,21920000,3.6,4.1,1760
3422,Farah Suryatmi,L,5,Manager,,Permanent,2021-01-04,,active,50570000,4.1,3.8,1967
3423,Elma Yuliarti,female,3,Mid,Jakarta,Probation,2016-06-13,,ACTIVE,32310000,4.0,3.5,4161
3424,Cici Megantara,L,1,Junior,,Permanent,2023-12-31,,active,18140000,2.9,3.3,5044
3425,KH. Irfan Pratama,female,5,Manager,Jakarta,Permanent,2023-08-07,,active,50900000,3.3,3.4,1967
3426,  Hj. Cici Handayani ,M,7,Mid,Bandung,Contract,2019-01-23,,Active,Rp18.880.000,3.4,4.4,3582
3427,"Hana Jailani, S.Gz",F,5,Junior,Surabaya,Contract,22/08/2024,,Active,12270000,3.8,2.4,1583
3428,Bagus Pertiwi,P,10,Mid,Medan,Permanent,2018-09-19,,Active,17120000,4.4,5.0,3862
3429,"Hafshah Hassanah, S.Ked",M,9,Junior,Medan,Permanent,28/05/2015,,Active,13430000,2.1,3.7,1316
3430,Eka Yolanda,Female,2,Junior,Bandung,Permanent,2023-11-16,,ACTIVE,18600000,3.5,3.8,4707
3431,"Abyasa Firgantoro, S.Sos",Male,5,Senior,Remote,Permanent,2017-07-31,,ACTIVE,29960000,3.5,4.8,2738
3432,Eka Sitompul,P,8,Mid,Yogyakarta,Permanent,05/30/2023,2024-12-31,resigned,19230000,2.7,3.6,3083
3433,  Ratih Adriansyah ,M,3,Mid,Surabaya,Contract,03/05/2024,,ACTIVE,23440000,4.2,3.7,4761
3434,H. Wage Lestari,L,10,Senior,,Permanent,2015-10-30,,Active,29100000,2.8,2.9,3353
3435,Maya Waskita,female,2,Manager,Medan,Contract,24/03/2015,2021-10-16,RESIGNED,69880000,5.0,2.3,3603
3436,"Puti Puput Prasetyo, S.Ked",L,7,Mid,Yogyakarta,Permanent,04/03/2023,,ACTIVE,18800000,4.1,4.7,2173
3437,  Shakila Laksmiwati ,Female,9,Mid,Medan,Permanent,20-10-2023,,Active,18830000,3.9,4.9,2350
3438,Kasim Nasyiah,female,7,Mid,Jakarta,Permanent,2018-01-27,,active,16980000,3.8,4.1,3117
3439,Juli Zulaika,P,9,Mid,Jakarta,Permanent,03/23/2019,,ACTIVE,17400000,2.9,3.2,2756
3440,Lalita Hakim,Female,9,Manager,Surabaya,Contract,2021-04-16,,ACTIVE,43940000,3.2,2.8,2546
3441,"Yusuf Yuliarti, S.Pt",male,7,Manager,Remote,Permanent,04/16/2019,2022-07-26,RESIGNED,39890000,3.1,2.8,4815
3442,Patricia Siregar,F,9,Lead,,Permanent,2023-07-22,,ACTIVE,34040000,3.5,4.0,3798
3443,saadat haryanti,Male,4,Intern,Yogyakarta,Permanent,06/16/2019,,ACTIVE,8680000,4.0,3.9,2387
3444,"KH. ELVIN YULIARTI, S.KOM",male,5,Junior,Bandung,Contract,03/17/2022,,ACTIVE,15320000,3.0,3.3,2742
3445,  Kadir Gunarto ,Male,1,Senior,Bandung,Contract,01/26/2016,,Active,49650000,2.2,4.6,4649
3446,Salimah Nainggolan,F,10,Lead,Bandung,Permanent,27-08-2021,,Active,34600000,3.3,3.4,1943
3447,TAMI WIBISONO,female,1,Mid,Medan,Permanent,11/13/2020,,active,33080000,4.0,2.7,1183
3448,Lasmono Tamba,male,7,Mid,Yogyakarta,Permanent,10/08/2023,,Active,Rp13.430.000,2.0,3.6,3070
3449,Chelsea Usamah,P,4,Junior,Remote,Permanent,05/10/2024,2024-11-26,resigned,15200000,3.1,3.8,4909
3450,Unjani Nainggolan,P,5,Junior,Remote,Permanent,2024-10-09,,Active,14100000,3.6,3.6,2330
3451,Argono Nababan,F,6,Lead,Remote,Permanent,12/02/2021,,Active,36990000,2.2,3.0,1170
3452,Najib Rahayu,F,5,Mid,Medan,Contract,2022-12-13,,active,Rp20.340.000,3.5,3.0,4164
3453,  Jindra Wibisono ,,2,Senior,Jakarta,Permanent,2016-03-06,,Active,44990000,4.0,4.2,4585
3454,Prima Namaga,L,6,Mid,Jakarta,Permanent,2016-10-25,,ACTIVE,23530000,,3.6,3515
3455,"Gaiman Mandasari, M.Pd",P,8,Mid,Jakarta,Contract,2024-10-02,,ACTIVE,20350000,4.0,4.2,3111
3456,"DR. ANITA FIRGANTORO, S.PSI",F,8,Mid,Medan,Permanent,30/11/2016,,Active,25360000,3.6,2.0,1964
3457,gandi gunarto,Female,5,Mid,Yogyakarta,Probation,24-06-2019,2020-08-17,Resigned,23320000,2.1,3.8,5269
3458,Devi Prabowo,female,1,Junior,Surabaya,Permanent,10/11/2020,,active,Rp23.580.000,3.5,2.1,3860
3459,"Ir. Mulyanto Nurdiyanti, M.M.",L,10,Mid,Remote,Permanent,2016-08-02,,ACTIVE,18570000,3.4,3.5,1067
3460,"TEDI NASYIAH, S.E.I",Female,6,Mid,Yogyakarta,Permanent,28/10/2020,,ACTIVE,20770000,4.1,4.9,1636
3461,"Ratna Pradipta, S.Pt",Female,4,Senior,Bandung,Permanent,17/05/2023,,Active,35980000,4.7,3.0,2134
3462,Oman Megantara,F,6,Mid,,Permanent,2015-02-10,,active,22330000,,2.8,5009
3463,Safina Budiyanto,Male,7,Junior,Bandung,Permanent,23-01-2015,,active,13530000 ,4.4,4.9,4433
3464,Raina Gunawan,M,4,Intern,Jakarta,Permanent,01/11/2021,,Active,9090000,3.2,3.3,2150
3465,Nardi Yulianti,P,6,Junior,Surabaya,Permanent,2021-08-31,,ACTIVE,15010000,3.6,2.8,1838
3466,Aditya Natsir,L,5,Senior,Bandung,Permanent,2018-11-13,,Active,27840000,4.0,3.9,2882
3467,"  Asirwanda Samosir, S.IP ",Female,8,Senior,Surabaya,Permanent,21/07/2021,,Active,28960000,2.3,3.3,2961
3468,Rahmi Narpati,female,3,Senior,Remote,Permanent,11/09/2017,,ACTIVE,42680000,4.5,3.8,4490
3469,"Ir. Bella Kurniawan, S.IP",Male,4,Mid,Remote,Permanent,24/08/2021,,Active,24370000,4.3,3.6,5113
3470,Rina Susanti,Male,7,Mid,Bandung,Contract,12/12/2017,,active,15510000,4.4,3.1,3027
3471,Atma Pangestu,,10,Junior,Medan,Permanent,2018-09-14,,Active,13990000,3.2,3.7,1643
3472,Jessica Wastuti,P,9,Junior,Bandung,Probation,05/07/2017,,active,16170000,,3.0,1470
3473,Jane Lazuardi,L,2,Junior,Bandung,Permanent,04/01/2024,,ACTIVE,18780000,1.9,4.0,3363
3474,"Kamal Palastri, S.E.I",Male,9,Mid,Bandung,Permanent,17-08-2018,2019-09-14,Resigned,23480000,3.2,3.6,1098
3475,ZALINDRA PRABOWO,female,8,Junior,Surabaya,Permanent,2019-10-09,,Active,16160000,3.5,4.4,1698
3476,"DT. LEGA NATSIR, S.PSI",L,1,Mid,Yogyakarta,Permanent,13-09-2017,,Active,30840000,1.5,3.2,2092
3477,Banawa Saefullah,P,2,Senior,Medan,Permanent,2018-12-25,,active,42360000,3.1,4.0,4127
3478,  Praba Agustina ,M,6,Mid,Bandung,Probation,26/11/2024,,active,17350000,3.0,3.4,2781
3479,Mursinin Uwais,Female,1,Mid,Medan,Permanent,23/12/2022,2024-09-10,Resigned,28430000,3.1,3.7,3505
3480,R.M. Ismail Prasasta,Female,3,Junior,Remote,Permanent,08-09-2022,2024-05-25,resigned,18000000 ,3.0,4.3,5322
3481,  Cut Diana Januar ,Male,3,Junior,Yogyakarta,Permanent,17-09-2024,,Active,17140000,2.5,3.1,4979
3482,"Ir. Luwar Waluyo, S.E.",F,3,Senior,Medan,Permanent,03-03-2023,,Active,41860000,,3.4,4945
3483,Tasnim Laksita,L,3,Mid,Remote,Probation,16/04/2019,,Active,30250000,4.3,3.5,1924
3484,Adiarja  Ardianto,Male,9,Mid,Bandung,Permanent,16-12-2019,,ACTIVE,21270000,4.6,2.7,1821
3485,Wira Irawan,F,10,Mid,Surabaya,Permanent,09/07/2018,2023-04-24,resigned,Rp19.430.000,3.3,4.6,5167
3486,"Sadina Rahayu, S.Pd",L,4,Mid,Remote,Permanent,21/10/2021,,ACTIVE,21600000,4.3,3.6,4345
3487,Talia Kusmawati,F,6,Senior,Remote,Permanent,2019-06-20,2023-11-10,Resigned,28060000,,3.9,3741
3488,"Dian Putra, S.E.I",M,10,Mid,Remote,Probation,06/01/2021,,ACTIVE,16790000,1.2,4.4,4091
3489,"Emong Nurdiyanti, M.M.",female,1,Junior,Remote,Contract,01-07-2020,,active,24860000,3.2,3.7,1921
3490,Halima Natsir,male,2,Lead,Medan,Contract,2015-06-06,,ACTIVE,60120000,4.7,3.4,1757
3491,Cut Rina Najmudin,L,10,Junior,Bandung,Permanent,2022-11-30,,Active,11380000,4.1,3.3,3052
3492,"  Najwa Suryatmi, S.Pt ",male,1,Junior,Remote,Permanent,08/18/2015,,ACTIVE,Rp25.770.000,4.3,3.9,4561
3493,"Raden Sihombing, S.I.Kom",Male,2,Intern,Bandung,Permanent,14/08/2024,,active,9130000,2.4,4.0,5070
3494,Agnes Puspita,Male,7,Mid,Surabaya,Contract,24-09-2018,,Active,16490000,3.8,3.2,5046
3495,DADI LAZUARDI,M,8,Senior,Surabaya,Permanent,07/31/2021,,Active,35430000,,3.9,4846
3496,R. Lasmanto Tarihoran,F,4,Intern,Remote,Permanent,09/02/2019,,active,8120000,3.0,3.2,1931
3497,"  Drs. Ophelia Prasetya, M.M. ",M,7,Senior,Bandung,Permanent,2024-04-02,,ACTIVE,21990000,3.6,3.5,1764
3498,"Ir. Maryanto Pranowo, S.T.",M,7,Senior,Surabaya,Permanent,2016-12-07,,active,27920000,3.4,4.9,2824
3499,  Dagel Kusumo ,,4,Mid,Jakarta,Permanent,2016-12-09,,ACTIVE,26640000,3.3,5.0,1202
3500,"R.M. Mahdi Kusmawati, M.Kom.",Female,9,Junior,Medan,Contract,27-04-2016,,Active,16130000,5.0,2.9,3276
3501,Capa Winarsih,Male,8,Junior,Jakarta,Permanent,2021-05-08,,Active,14980000,4.6,3.6,2917
3502,ASMADI YULIARTI,M,5,Junior,Bandung,Permanent,17/01/2017,,Active,14880000,3.3,4.5,3958
3503,Intan Pranowo,L,3,Junior,Bandung,Permanent,08/07/2023,2024-02-08,Resigned,19250000,3.1,3.1,5235
3504,Hafshah Sitorus,Female,1,Mid,Bandung,Permanent,2015-11-29,,active,31630000,5.0,3.1,4122
3505,Dr. Aurora Jailani,L,1,Senior,Bandung,Permanent,2023-05-20,,ACTIVE,Rp37.400.000,3.6,3.9,2376
3506,"  Anastasia Nasyiah, S.E. ",P,3,Lead,Surabaya,Permanent,01/12/2022,,active,51540000,3.9,3.1,1747
3507,Panji Dabukke,Female,1,Senior,Bandung,Permanent,2019-08-23,,Active,49950000,3.6,3.7,2642
3508,Oliva Latupono,L,3,Mid,Surabaya,Permanent,2016-12-26,,Active,30810000,4.6,3.9,1640
3509,Umar Prakasa,Female,10,Mid,Medan,Permanent,2016-01-14,,active,20010000,2.0,2.6,4500
3510,"Maimunah Rahayu, M.Farm",female,3,Mid,Bandung,Permanent,2024-04-20,,Active,29960000,3.8,3.1,2800
3511,Lili Napitupulu,Female,10,Mid,Bandung,Probation,29-09-2016,,Active,17840000,3.0,2.8,4261
3512,"SHANIA SIMBOLON, S.H.",female,3,Junior,Remote,Contract,21/11/2018,,active,21730000,2.8,3.4,4437
3513,"R. Gamani Pradana, S.IP",L,9,Mid,Medan,Permanent,11/02/2018,,ACTIVE,22300000,4.0,2.5,3659
3514,Okto Zulkarnain,F,1,Junior,Bandung,Permanent,2016-01-07,,ACTIVE,26100000,4.3,2.8,3538
3515,"R.A.  Keisha  Prasetya,  S.Pt",female,6,Lead,Medan,Permanent,2017-12-04,2019-09-17,RESIGNED,44710000,2.0,4.1,3176
3516,Restu Laksita,Male,4,Lead,Surabaya,Permanent,2020-04-30,2024-02-10,Resigned,45400000,3.4,3.0,1103
3517,tirtayasa fujiati,P,5,Mid,Jakarta,Permanent,05/20/2022,,Active,19780000,3.3,4.8,2135
3518,darijan suryatmi,,8,Junior,Jakarta,Permanent,22-01-2022,,ACTIVE,15410000,4.6,3.8,2947
3519,Elma Wibisono,female,4,Senior,Jakarta,Permanent,2018-10-02,,Active,35610000,2.9,2.5,3089
3520,Diana Haryanti,female,6,Mid,Jakarta,Permanent,2018-06-08,2021-01-05,resigned,20740000,2.7,4.0,1765
3521,"Febi Usamah, S.I.Kom",female,7,Mid,Yogyakarta,Permanent,2021-08-28,,ACTIVE,15440000,3.7,3.1,3750
3522,  Farah Sitorus ,F,8,Mid,Surabaya,Permanent,09/05/2024,2024-12-21,Resigned,23270000,2.1,3.9,4888
3523,ANGGABAYA PURNAWATI,P,2,Senior,Jakarta,Probation,2022-08-11,,active,44020000,3.7,4.2,1654
3524,Estiono Mansur,Male,10,Junior,Medan,Permanent,23/07/2023,,active,Rp10.980.000,3.4,3.1,1353
3525,Simon  Hastuti,,10,Intern,Yogyakarta,Permanent,2023-09-06,2024-12-24,Resigned,5850000,3.2,4.1,3052
3526,lili narpati,Male,6,Senior,Surabaya,Contract,28-09-2020,,ACTIVE,31060000,4.5,4.0,2066
3527,"Tgk. Darmaji Sihombing, M.Ak",male,7,Junior,Bandung,Permanent,2021-05-15,,active,11990000,4.2,3.8,3617
3528,Paiman Uyainah,M,5,Mid,Bandung,Contract,2016-01-06,,ACTIVE,Rp22.450.000,5.0,3.8,2738
3529,R. RATIH PUSPASARI,female,7,Senior,Jakarta,Permanent,10/06/2019,,ACTIVE,23750000,3.8,3.4,2226
3530,"R.A. Clara Zulkarnain, M.TI.",Male,4,Senior,Surabaya,Permanent,25/11/2024,,Active,31840000,3.9,4.1,2866
3531,Zelda Pratama,male,4,Lead,Jakarta,Permanent,14/08/2024,,ACTIVE,40660000,3.4,3.3,4358
3532,Dr. Zalindra Hariyah,M,7,Junior,Surabaya,Permanent,2022-09-05,,Active,11430000,,4.4,3420
3533,Amalia Aryani,male,7,Mid,Medan,Permanent,11/12/2018,,active,15440000,4.4,4.2,1428
3534,"Hilda Prayoga, S.Psi",L,5,Junior,Yogyakarta,Permanent,18-04-2020,,ACTIVE,15570000,3.2,3.1,1635
3535,Ratna Prasetya,male,3,Mid,Bandung,,07/05/2019,2024-02-12,resigned,28960000,3.5,4.0,5409
3536,R. Queen Ardianto,F,2,Mid,Remote,Contract,05/03/2018,,ACTIVE,27730000 ,2.1,3.8,3339
3537,Aurora Gunarto,F,4,Mid,Remote,Permanent,27/12/2020,2024-03-21,resigned,21490000,4.1,4.6,3034
3538,UCHITA MAYASARI,Male,1,Mid,Bandung,Permanent,27/06/2017,,active,28220000,3.3,3.7,3103
3539,Irwan Nuraini,Female,8,Senior,Jakarta,Permanent,23-01-2019,,Active,Rp33.830.000,2.8,2.2,1771
3540,Natalia Januar,Female,4,Mid,Bandung,Permanent,13-11-2015,,active,24500000,3.4,3.8,2043
3541,Nilam Permadi,L,1,Manager,Jakarta,Permanent,2017-05-15,,ACTIVE,Rp75.520.000,4.1,2.7,1020
3542,Kalim Budiman,M,1,Junior,Yogyakarta,Permanent,10/10/2019,2022-01-04,Resigned,20910000,3.3,3.0,3660
3543,"UCHITA WASITA, S.KOM",female,2,Lead,Yogyakarta,Permanent,2015-05-23,,Active,62940000,4.6,1.9,4241
3544,gatot sihombing,female,4,Mid,Jakarta,Permanent,26/08/2022,,ACTIVE,Rp21.830.000,3.7,3.8,1931
3545,Marsudi Iswahyudi,L,2,Mid,Jakarta,Permanent,19-11-2018,,active,29330000,4.7,3.3,2205
3546,Jatmiko Winarsih,female,2,Mid,Bandung,Permanent,01/05/2024,,active,24210000,,1.9,1987
3547,Elisa Haryanti,Female,10,Mid,Yogyakarta,Permanent,2022-09-12,,ACTIVE,16950000,3.3,3.5,4756
3548,"Ir.  Ulva  Padmasari,  S.Ked",F,6,Intern,Surabaya,Permanent,27/09/2019,,Active,7180000,4.5,2.9,3577
3549,Malika Mandala,Male,1,Mid,Yogyakarta,Permanent,10/08/2021,,active,Rp27.810.000,4.9,3.6,2349
3550,"drg. Fitria Uwais, M.M.",P,9,Junior,Medan,Probation,26/12/2022,,ACTIVE,Rp12.750.000,3.1,4.0,3170
3551,"siska adriansyah, s.pt",M,1,Mid,Medan,Permanent,23-10-2023,2024-11-23,RESIGNED,Rp29.820.000,3.6,3.5,2828
3552,Shakila  Sitorus,L,1,Junior,Surabaya,Permanent,07-09-2016,2023-10-18,RESIGNED,19820000,,3.0,3621
3553,Dt. Ega Aryani,P,5,Mid,Jakarta,Permanent,2019-11-17,2021-12-12,Resigned,21450000,2.7,3.1,3851
3554,"T. Nalar Suryatmi, M.Pd",female,10,Mid,Medan,Permanent,2020-02-29,,active,17720000 ,2.8,2.3,2325
3555,R.A. Winda Hutapea,female,5,Senior,Surabaya,Permanent,10/10/2019,,ACTIVE,33430000,2.8,3.2,2935
3556,dr. unjani hakim,M,6,Mid,,Permanent,01/02/2021,,active,Rp20.070.000,3.7,3.0,1426
3557,  Ir. Galih Habibi ,M,4,Senior,Remote,Permanent,04/01/2020,,ACTIVE,37440000,2.7,4.2,5492
3558,  Harjo Utama ,L,7,Lead,Medan,,03-01-2019,,active,34280000,3.8,3.9,4530
3559,Raina Gunarto,M,5,Manager,Bandung,Permanent,2016-12-18,2018-07-08,RESIGNED,54110000,2.9,4.4,4164
3560,karimah natsir,female,10,Junior,,Probation,11/01/2019,,Active,13910000 ,3.1,2.6,5439
3561,"Kurnia Hidayat, M.Pd",Male,8,Junior,Remote,Contract,04/04/2024,,active,12770000,3.4,4.8,4755
3562,"Vicky Putra, S.E.I",P,2,Mid,Jakarta,Permanent,06/16/2015,2020-02-16,Resigned,Rp31.360.000,,4.0,3630
3563,Halima Namaga,Male,4,Mid,Remote,Permanent,2019-04-14,,ACTIVE,22420000,4.4,2.7,3598
3564,Martaka Kuswandari,F,9,Mid,Bandung,Probation,2019-09-27,,Active,20130000,4.0,4.2,5017
3565,"Umi Prastuti, S.Kom",P,4,Intern,Jakarta,Contract,2023-02-03,,ACTIVE,7430000,3.8,2.9,4341
3566,"H. Prabawa Prasetyo, S.Psi",Female,9,Mid,Medan,Permanent,2016-04-21,,active,19840000,3.6,4.1,5321
3567,Hasna  Mardhiyah,female,7,Senior,Bandung,Permanent,26/11/2021,,active,25900000 ,3.9,4.1,3169
3568,"  Indra Saefullah, S.Gz ",M,8,Mid,Bandung,Permanent,13-03-2019,,ACTIVE,21040000 ,3.8,2.1,2389
3569,Hardana Situmorang,F,8,Senior,Bandung,Permanent,30/01/2018,,active,37380000,4.0,3.1,1204
3570,Nova Mardhiyah,L,9,Lead,Bandung,Permanent,2021-10-12,,active,38920000,3.5,3.4,1790
3571,R. Jarwadi Nasyidah,F,3,Senior,Jakarta,Contract,01/21/2015,,ACTIVE,46040000,2.9,4.0,3069
3572,"Rudi Nasyidah, S.Pd",L,4,Senior,Medan,Contract,30/01/2018,,active,37890000,3.6,3.5,5248
3573,Raina Uwais,F,4,Senior,Jakarta,Permanent,2016-02-02,,Active,36700000,3.7,3.4,2529
3574,"Ir. Warsita Haryanto, S.Kom",M,2,Mid,Remote,Permanent,2015-09-19,,ACTIVE,29640000,3.3,3.8,3625
3575,  Clara Hutapea ,P,8,Mid,Medan,,2021-08-05,,active,22150000,3.2,3.9,4662
3576,elma suwarno,F,8,Mid,,Permanent,02/05/2020,,active,23020000,4.2,3.9,3685
3577,BALANGGA MARBUN,P,6,Mid,Bandung,Permanent,19/11/2018,,ACTIVE,18760000,4.3,4.5,2764
3578,Carla Maulana,Female,7,Junior,Bandung,Permanent,12-05-2017,,Active,12410000,4.0,3.6,4163
3579,Eka Putra,P,8,Junior,Medan,Probation,2019-07-09,2024-10-15,resigned,16440000,2.4,4.1,3282
3580,  Ir. Ajimin Sihombing ,Female,3,Senior,Jakarta,Permanent,04/18/2021,,active,41670000,3.8,3.1,2267
3581,Sabrina Namaga,P,5,Junior,Surabaya,Permanent,2018-05-30,,Active,18590000,3.9,4.2,1083
3582,JASMANI SITUMORANG,Female,7,Lead,Medan,Permanent,02-05-2015,,active,32890000,5.0,3.5,1417
3583,Maimunah Yuliarti,F,3,Mid,,Permanent,2021-05-02,,Active,29770000,5.0,4.2,4690
3584,Erik Nainggolan,F,10,Junior,Bandung,Permanent,2021-03-29,,Active,13160000,4.4,1.6,1201
3585,Ajimin Pradipta,male,7,Junior,,Permanent,03/31/2019,,active,12200000,4.4,4.2,5460
3586,"Drs. Septi Sitorus, S.Farm",Male,10,Mid,Medan,Permanent,15-05-2017,,Active,Rp18.250.000,2.9,4.9,5361
3587,dr. Safina Yuliarti,L,2,Junior,Remote,Probation,08/08/2023,,ACTIVE,19880000,3.7,3.2,1032
3588,"Tgk. Jayeng Rahayu, M.TI.",Female,9,Junior,Yogyakarta,Contract,12/12/2018,,Active,12970000,3.4,2.6,2735
3589,"Drs. Maimunah Haryanti, S.Pd",,4,Junior,Remote,Permanent,01/08/2018,,Active,17140000,3.6,4.3,3765
3590,r. widya samosir,Female,5,Junior,,Permanent,2020-08-19,,Active,15100000,2.9,4.5,5475
3591,Paiman Rajata,female,9,Junior,Surabaya,Contract,19/07/2020,,active,14290000,2.8,3.9,3276
3592,JAYADI WAHYUDIN,F,6,Mid,Bandung,Permanent,10/04/2016,,Active,23260000,2.6,2.8,1426
3593,Vera Hardiansyah,male,3,Junior,Yogyakarta,Permanent,21/12/2020,,Active,22190000,2.9,3.7,4167
3594,Garan Suryono,male,5,Manager,Yogyakarta,Probation,20/04/2019,,Active,58170000,3.3,3.8,2738
3595,Eli Safitri,Female,1,Mid,Medan,,12/02/2017,,Active,30960000,,2.8,5242
3596,Narji Nasyiah,M,8,Mid,Yogyakarta,Probation,2021-09-21,,ACTIVE,22690000,2.3,3.0,4322
3597,Elvina Natsir,female,6,Mid,Medan,Permanent,2021-11-02,,Active,18080000,2.7,2.8,2211
3598,"hj. wulan mangunsong, s.e.",L,4,Lead,Remote,Permanent,25-02-2019,2023-01-06,RESIGNED,43430000,4.4,3.6,1103
3599,Bambang Gunarto,M,9,Lead,Yogyakarta,Permanent,2024-07-14,,Active,31840000,3.3,3.7,1701
3600,Ratih Mahendra,male,5,Mid,Remote,Probation,18/12/2016,,ACTIVE,Rp22.340.000,2.7,4.7,5430
3601,Hana Uwais,female,10,Intern,Bandung,Permanent,2016-06-27,2017-04-29,resigned,6550000,3.1,1.6,4294
3602,Danang Purwanti,F,2,Senior,Yogyakarta,Probation,09/30/2017,,ACTIVE,44740000,3.7,4.2,5402
3603,"Ami Widiastuti, S.Psi",Male,2,Head,Jakarta,Contract,2020-03-04,,active,96950000,3.0,3.5,
3604,Dalima Wahyudin,Female,7,Mid,Bandung,Permanent,2024-10-12,,active,14210000,2.9,3.1,4530
3605,Puput Marpaung,M,5,Junior,Remote,Permanent,29/01/2015,,active,16470000,3.3,3.9,1148
3606,T. BANAWI DONGORAN,female,7,Senior,Yogyakarta,Probation,01-09-2024,,ACTIVE,22550000,2.8,3.2,4538
3607,Najwa Maulana,L,2,Lead,Remote,Probation,2023-01-10,,Active,53210000,3.8,3.6,3880
3608,JAMALIA MANGUNSONG,L,9,Intern,Remote,Permanent,02-12-2019,,ACTIVE,7730000,4.6,2.7,2069
3609,okta palastri,Female,9,Senior,Jakarta,Permanent,2024-04-15,,ACTIVE,30120000,4.4,3.9,4634
3610,  Tgk. Marsudi Sihombing ,female,8,Junior,Jakarta,Permanent,22/10/2019,,active,17790000,3.9,3.2,1204
3611,Icha Pertiwi,female,2,Junior,Jakarta,Permanent,02/07/2023,,Active,19510000,,3.7,4015
3612,"CAKRAJIYA PRATIWI, M.M.",female,8,Mid,Bandung,Contract,08/19/2019,,ACTIVE,Rp22.440.000,4.1,2.6,1788
3613,Shakila Kusumo,Female,6,Mid,Surabaya,Permanent,10/05/2017,,Active,20840000,2.8,4.3,4610
3614,"Natalia Gunarto, S.E.I",Male,9,Mid,Yogyakarta,Permanent,20-02-2020,,Active,20380000,3.1,3.8,2413
3615,"kusuma latupono, s.pd",female,10,Senior,Yogyakarta,Permanent,11/03/2018,,active,28250000,,4.3,1795
3616,Himawan Safitri,P,7,Senior,Surabaya,Permanent,05/11/2022,,active,23380000,3.8,3.5,1152
3617,"R.A. Melinda Tamba, S.Pt",L,7,Mid,Jakarta,Permanent,29/08/2016,,ACTIVE,17380000,2.5,3.2,5432
3618,amelia sudiati,female,9,Mid,Surabaya,Permanent,27/04/2021,,active,20410000,4.0,3.6,4793
3619,"dagel padmasari, m.ti.",M,4,Mid,Yogyakarta,Permanent,2021-05-14,,Active,Rp24.640.000,3.1,4.0,2026
3620,Purwa Setiawan,Female,4,Senior,Remote,Permanent,24/09/2016,,Active,31670000 ,3.2,5.0,2765
3621,Ajimin Hutasoit,female,1,Lead,Remote,Permanent,20/08/2024,,Active,58760000,4.1,3.9,4649
3622,drg.  Murti  Winarsih,M,4,Senior,Medan,Permanent,16-07-2021,,ACTIVE,33580000,4.0,2.5,2026
3623,Kambali Wijaya,F,7,Senior,Medan,,01/02/2023,,Active,23690000 ,3.1,2.8,1203
3624,Joko Simanjuntak,L,6,Junior,Medan,Contract,10/11/2018,,active,Rp14.170.000,4.7,2.7,4340
3625,IR. ONI HAKIM,Female,2,Lead,Yogyakarta,Permanent,11/13/2020,,ACTIVE,Rp51.780.000,1.8,3.0,3093
3626,"Gatra Widodo, S.E.I",Female,8,Mid,Yogyakarta,Permanent,19/12/2016,,Active,21850000,4.6,4.6,1558
3627,"Zulaikha Aryani, S.I.Kom",Male,4,Mid,Bandung,Permanent,03/11/2018,,active,24410000,3.7,2.3,3148
3628,Kasiyah Budiman,P,4,Intern,Jakarta,Permanent,28-10-2021,,Active,8300000,3.1,3.1,3092
3629,Jelita Tampubolon,female,9,Mid,Remote,Contract,2020-08-05,,ACTIVE,19740000,5.0,2.3,1215
3630,Melinda Purwanti,L,2,Lead,Remote,Permanent,25/04/2023,,active,54750000,4.2,3.8,2602
3631,Darijan Handayani,male,8,Junior,Surabaya,Permanent,2018-09-11,,Active,Rp15.970.000,3.8,3.2,1204
3632,"Lidya Handayani, S.Pd",male,7,Junior,Medan,Permanent,13/12/2023,2024-11-02,Resigned,10870000,3.3,3.5,1272
3633,REKSA ANGGRAINI,Female,2,Mid,Remote,Probation,10-12-2023,,ACTIVE,Rp28.720.000,2.8,4.5,4443
3634,"Lidya Mandala, M.Farm",L,7,Mid,Yogyakarta,Permanent,24/07/2017,,Active,15900000,4.3,3.8,3070
3635,puti dinda pranowo,female,3,Mid,Remote,Contract,03/10/2021,2022-09-30,resigned,28920000,2.8,2.6,2800
3636,Nabila Novitasari,M,3,Junior,Jakarta,Permanent,06/26/2016,,ACTIVE,19570000,,3.2,5112
3637,Bella Rahayu,Male,6,Junior,Yogyakarta,Permanent,2021-07-26,,active,13490000,3.9,4.4,2687
3638,"dr. Bakidin Ardianto, S.Farm",M,9,Intern,Jakarta,Permanent,07/30/2018,,Active,7430000,4.0,3.8,1410
3639,"Vinsen Saputra, S.Farm",Male,8,Mid,Bandung,Permanent,2019-12-16,,Active,Rp24.610.000,4.0,3.0,4812
3640,Kala Hariyah,Male,6,Junior,Medan,Permanent,16-09-2021,,ACTIVE,13440000,4.7,3.2,3889
3641,"qori mandala, s.kom",P,4,Junior,Remote,Contract,08/28/2024,,ACTIVE,Rp13.170.000,3.3,5.0,3879
3642,Rafi  Wibowo,L,5,Senior,Medan,Permanent,2021-08-09,,Active,33900000,4.2,3.1,4809
3643,Puspa Lestari,male,9,Junior,Medan,Permanent,2017-10-28,,active,14180000,3.6,2.5,5453
3644,Ridwan Sihombing,M,7,Senior,Medan,Permanent,08/09/2018,,ACTIVE,24340000,4.1,3.3,5494
3645,"Ir. Ilsa Lailasari, M.Pd",F,10,Senior,Bandung,Permanent,2017-12-18,,active,27060000,3.3,3.4,2720
3646,"Malika Prasetyo, S.Ked",F,5,Junior,,Permanent,2022-01-07,,ACTIVE,16310000,2.4,2.7,5048
3647,"Dt. Candra Saptono, S.Pd",Female,5,Manager,Bandung,,2020-09-18,,ACTIVE,47250000,3.4,3.3,1967
3648,"Rafid Usada, M.Kom.",female,1,Lead,Yogyakarta,Permanent,2022-07-19,,ACTIVE,57900000,4.6,3.5,2805
3649,Martani Widiastuti,M,8,Mid,Bandung,Permanent,03/03/2017,,active,21100000,4.4,2.7,1900
3650,Lidya Nugroho,Female,3,Manager,Yogyakarta,Permanent,2018-08-03,,ACTIVE,81090000,3.0,3.7,2002
3651,Shakila Yuliarti,female,10,Mid,Remote,Permanent,01/11/2021,,Active,18730000,4.8,4.1,4255
3652,ALAMBANA LAZUARDI,M,6,Lead,Bandung,Contract,25/02/2017,,active,45740000,3.3,3.4,3176
3653,"T. Jumadi Hidayat, M.Ak",M,4,Mid,Yogyakarta,Permanent,26/08/2018,,ACTIVE,24900000,5.0,3.9,3519
3654,"KAREN PRASTUTI, M.KOM.",female,7,Mid,Bandung,Probation,29/09/2023,,ACTIVE,13580000,2.5,3.2,2808
3655,drg. hana utami,P,3,Mid,Surabaya,Permanent,08/08/2024,,Active,24820000,4.1,3.3,5322
3656,"  Jaswadi Lazuardi, S.I.Kom ",Female,2,Intern,,Permanent,24/02/2023,,ACTIVE,9360000,3.9,3.4,2448
3657,H. Kamal Budiyanto,female,5,Junior,Yogyakarta,Permanent,09-10-2019,,ACTIVE,14790000 ,,3.6,3019
3658,"Tgk. Elisa Prastuti, S.Gz",F,3,Mid,Surabaya,Permanent,15/08/2015,,active,32890000 ,3.0,3.5,1068
3659,Galuh Hariyah,male,9,Lead,Jakarta,Contract,02/15/2020,,ACTIVE,35850000,3.9,3.3,1538
3660,"Diana Tamba, S.E.",,1,Mid,Surabaya,Permanent,2017-05-04,,active,27490000,3.3,5.0,3257
3661,EMPLUK TARIHORAN,female,5,Junior,Yogyakarta,Permanent,2015-04-07,,active,16740000,4.0,3.6,4670
3662,siska tamba,Male,1,Senior,Yogyakarta,Contract,12/11/2023,2024-10-14,resigned,47250000,3.3,2.3,2642
3663,Elvin Siregar,Male,8,Mid,Surabaya,Permanent,2015-11-01,,active,26600000,3.1,2.3,4846
3664,Ir. Waluyo Hutagalung,F,1,Senior,Yogyakarta,Permanent,2015-07-08,,active,47240000,3.6,2.3,3303
3665,Sutan Pranata Utami,P,9,Junior,Medan,Permanent,20/10/2017,,active,14040000,,4.2,5332
3666,Prakosa Kuswoyo,L,1,Mid,,,2016-02-20,2020-06-21,RESIGNED,27990000,3.7,3.2,5096
3667,  R. Puji Sinaga ,F,3,Mid,Remote,Permanent,10/03/2018,2020-03-09,resigned,28820000,2.7,3.8,2142
3668,"dr. Yunita Sihombing, S.T.",female,4,Junior,Medan,Permanent,30/03/2024,2024-10-15,RESIGNED,15180000,3.2,2.9,1518
3669,"Nalar Tarihoran, S.IP",male,2,Mid,Surabaya,Permanent,2021-04-20,2023-03-03,RESIGNED,30330000 ,1.9,3.4,4672
3670,Drs. Garan Megantara,Female,7,Junior,Surabaya,Permanent,30/03/2021,,active,10680000,2.7,3.3,4162
3671,Cahyo Maryati,M,4,Junior,,Permanent,29/08/2023,,Active,17220000,5.0,2.7,2481
3672,  Kasiyah Laksita ,F,10,Head,Yogyakarta,Permanent,2024-07-27,,ACTIVE,49020000,3.8,3.9,
3673,Jasmin Marpaung,Male,6,Mid,Bandung,Permanent,2017-01-24,,ACTIVE,20280000,3.4,3.4,2243
3674,Darimin Mangunsong,Female,3,Mid,Remote,Permanent,2017-03-26,,Active,29380000,3.2,3.4,1478
3675,Sutan  Radika  Nainggolan,male,1,Mid,Yogyakarta,Permanent,28/07/2016,2021-09-02,RESIGNED,34530000,2.0,5.0,1678
3676,"Dr. Luwes Novitasari, M.Pd",P,7,Mid,Jakarta,Contract,14/12/2023,2024-10-24,resigned,15240000,3.4,2.9,2858
3677,"Puspa Latupono, S.Farm",female,10,Junior,Jakarta,Probation,08/03/2015,,active,12850000,4.5,2.6,2951
3678,Citra Latupono,F,1,Lead,Surabaya,Permanent,2023-11-11,,active,57110000,3.7,4.4,4946
3679,"R.  Anita  Kuswandari,  S.I.Kom",Male,2,Lead,Medan,Contract,28/03/2023,2023-11-10,resigned,48410000 ,4.1,4.4,2602
3680,Shakila Tarihoran,M,3,Mid,Jakarta,Permanent,16-12-2023,,active,29010000,5.0,2.1,4976
3681,  Rendy Handayani ,F,5,Mid,Bandung,Permanent,03-11-2021,,ACTIVE,23490000,3.5,4.4,1978
3682,Drs. Vanesa Siregar,P,9,Mid,Yogyakarta,Contract,03/03/2024,,ACTIVE,17780000,4.6,4.4,4908
3683,  Nyana Sihombing ,male,3,Senior,Bandung,Permanent,18/04/2022,,ACTIVE,45550000,3.0,4.3,3037
3684,Panca Lazuardi,female,2,Senior,Remote,Permanent,02/03/2020,,Active,40210000,4.1,3.1,4127
3685,Cagak Megantara,P,8,Senior,Surabaya,Permanent,29/03/2015,,active,37460000,,3.2,3789
3686,"Ghaliyati Samosir, S.E.I",female,1,Mid,Yogyakarta,Permanent,19-03-2015,2019-04-27,RESIGNED,33370000,5.0,2.8,1112
3687,cager hutapea,M,6,Mid,Surabaya,Permanent,2021-07-21,,active,19550000,3.7,2.1,1981
3688,Shakila Kusumo,Male,5,Senior,Surabaya,Contract,20/08/2023,,active,33620000,4.2,3.6,2610
3689,Ajiman Laksmiwati,Male,2,Senior,Bandung,,12-02-2017,,ACTIVE,41220000,,2.6,2495
3690,"dr. Artanto Napitupulu, S.IP",M,1,Mid,Jakarta,Permanent,2015-04-18,,ACTIVE,33520000,4.3,3.1,4884
3691,Putu Wahyuni,Female,3,Senior,Surabaya,Probation,11/10/2015,,Active,44280000,3.2,2.6,1747
3692,Drs.  Asmuni  Halimah,M,9,Junior,,Probation,06/04/2017,,Active,13270000,3.7,3.5,3798
3693,Upik Ramadan,Male,5,Mid,Jakarta,Permanent,06/08/2017,,ACTIVE,21340000,4.5,3.3,2101
3694,Atmaja Sihombing,P,3,Mid,,Permanent,19/05/2016,,ACTIVE,29470000,3.3,4.0,1528
3695,"Adikara Kuswoyo, S.IP",L,5,Senior,Yogyakarta,Permanent,2019-04-08,2022-03-21,Resigned,28580000,4.1,3.7,4576
3696,R.A. RINI PANGESTU,female,1,Junior,Jakarta,Probation,14-08-2021,,ACTIVE,21340000,4.4,3.6,3292
3697,Mumpuni Tampubolon,M,3,Senior,Jakarta,Probation,2016-10-29,,ACTIVE,40560000,,3.5,2954
3698,Bakijan Maulana,female,4,Mid,Yogyakarta,Permanent,2023-05-29,,ACTIVE,21530000,3.3,2.5,4441
3699,"  Tgk. Ratna Tampubolon, S.I.Kom ",L,10,Lead,Yogyakarta,Permanent,20/12/2023,,ACTIVE,30380000,4.2,3.2,1048
3700,Sabar Mardhiyah,Male,9,Junior,Yogyakarta,Permanent,2020-02-15,2022-09-30,Resigned,11690000,2.9,3.2,1500
3701,"h. luwar permadi, m.ti.",L,9,Senior,Surabaya,Contract,2018-12-23,,Active,27690000,3.6,4.1,1538
3702,Puti  Cinthia  Prastuti,P,2,Junior,,Probation,04/07/2024,,ACTIVE,16350000,,4.8,3562
3703,"DT. KARSANA PRATAMA, S.KOM",,3,Junior,Yogyakarta,Contract,18/04/2022,,ACTIVE,19650000,3.1,2.3,4128
3704,Ella Nasyiah,M,3,Mid,Surabaya,Permanent,2018-01-30,,Active,30850000,5.0,3.1,3335
3705,Olga Januar,Male,3,Mid,Bandung,Permanent,27-12-2016,,ACTIVE,32490000,,3.8,3571
3706,Viman Mayasari,M,5,Senior,Jakarta,Permanent,18/10/2022,,ACTIVE,31410000 ,2.7,4.8,3790
3707,"  Dr. Karimah Rahmawati, S.E. ",,6,Lead,Surabaya,Permanent,18-09-2024,,Active,37410000,4.3,3.2,4216
3708,  Samiah Kurniawan ,P,3,Junior,Bandung,Probation,2024-03-26,2024-10-14,resigned,Rp18.510.000,3.4,3.4,3433
3709,Rafid Thamrin,L,3,Mid,Remote,Permanent,2023-04-28,,ACTIVE,31350000,3.1,3.8,2300
3710,Lintang Prabowo,,9,Junior,Bandung,Permanent,2023-10-27,2024-08-29,resigned,12410000,4.4,4.4,2876
3711,Sutan Hasim Kusumo,F,10,Mid,Surabaya,Permanent,08/06/2024,,Active,18250000,4.3,4.6,2791
3712,"Tgk. Bancar Hastuti, S.IP",,9,Junior,Jakarta,Permanent,20/09/2018,2024-06-27,Resigned,13770000,4.4,4.2,1538
3713,R.M. Jumari Tarihoran,male,5,Junior,Yogyakarta,Permanent,28/07/2019,,Active,16170000,4.6,4.7,3794
3714,"Irma Puspita, S.Gz",M,3,Mid,Surabaya,Contract,09-10-2016,,Active,34760000,3.3,4.2,4135
3715,  Gamanto Lailasari ,M,5,Senior,Jakarta,Probation,2019-09-16,,Active,37240000,4.4,3.7,4975
3716,  Harsana Suryono ,female,2,Mid,Medan,Permanent,2019-08-28,,ACTIVE,28340000,3.5,4.9,5393
3717,Rahayu Saragih,Male,5,Junior,Surabaya,Permanent,2018-06-29,,active,18250000,3.0,3.7,1148
3718,"SAADAT HANDAYANI, S.H.",P,3,Junior,Jakarta,Permanent,2021-11-18,,Active,17890000,,4.1,1055
3719,dr. Elvin Aryani,male,10,Junior,Bandung,Contract,05/30/2016,,active,15120000,3.3,5.0,4107
3720,SABRI HIDAYAT,M,9,Junior,Remote,Permanent,2017-07-12,,ACTIVE,15240000,5.0,2.9,3383
3721,"  Dr. Shania Uwais, S.E. ",P,8,Senior,Jakarta,Permanent,03/02/2018,,active,34890000,3.9,3.7,4711
3722,Mursita Lestari,Female,2,Mid,Surabaya,Permanent,26-01-2017,,ACTIVE,26650000,3.3,2.8,1588
3723,"  Bala Widodo, M.M. ",Female,2,Lead,Medan,Permanent,2022-06-30,,Active,49980000,4.2,5.0,3221
3724,Ir. Murti Hutasoit,P,8,Junior,Surabaya,Permanent,10/07/2023,,ACTIVE,Rp16.280.000,2.8,3.0,4925
3725,cakrabirawa widodo,male,9,Mid,Jakarta,Permanent,01-07-2021,,Active,17880000,2.7,2.3,1664
3726,Talia Rahayu,Female,3,Mid,Bandung,Permanent,01/02/2022,2023-02-18,RESIGNED,28950000,3.3,4.6,1949
3727,OPUNG NARPATI,Male,4,Senior,Bandung,Permanent,2024-05-14,,ACTIVE,27000000,3.3,2.7,3284
3728,Galih Napitupulu,L,3,Junior,Surabaya,Permanent,2021-06-01,,active,18190000,3.1,3.0,5154
3729,Farah Riyanti,P,5,Senior,Yogyakarta,Permanent,2020-01-26,,active,30330000,2.6,4.1,1760
3730,"drg. Dewi Pradipta, S.Farm",female,6,Mid,Remote,Permanent,27/04/2016,,ACTIVE,22550000,4.3,2.7,2719
3731,"Najwa Setiawan, M.Farm",female,5,Junior,Bandung,Permanent,2018-10-13,,ACTIVE,17120000,3.5,3.3,4229
3732,Tgk. Usyi Yuniar,P,1,Mid,Remote,Permanent,29/08/2023,,active,28010000,2.7,4.5,2349
3733,Kani Kusmawati,female,7,Intern,Jakarta,Contract,2023-07-24,,active,5180000,4.2,4.3,5375
3734,"Luhung Waskita, M.Kom.",Female,1,Senior,Bandung,Permanent,15-03-2022,2024-03-20,resigned,40890000,3.9,2.8,4982
3735,t. cakrajiya hasanah,F,2,Lead,Remote,,22-04-2024,2024-12-28,RESIGNED,47770000,2.8,2.0,2331
3736,Banawi Ramadan,Female,8,Junior,Medan,Probation,2018-06-11,,ACTIVE,16970000,,3.3,5224
3737,NAJWA PRADIPTA,L,6,Junior,Bandung,Permanent,2024-09-21,,Active,13330000,3.1,2.3,1912
3738,"wardaya mansur, s.ked",Male,4,Mid,,Permanent,08/03/2016,,Active,23190000,4.0,3.6,3573
3739,Okto Habibi,male,7,Mid,Medan,Permanent,24/03/2023,,ACTIVE,14380000,4.3,4.4,1272
3740,"Puti  Najwa  Wastuti,  S.Ked",L,3,Lead,Medan,Permanent,04/24/2021,,ACTIVE,49870000,3.2,3.5,5154
3741,Harjaya Suartini,F,6,Lead,Medan,Permanent,2021-01-18,,active,37930000,3.3,3.5,4643
3742,"Gamanto Mangunsong, S.Pd",L,5,Mid,Remote,Permanent,15-02-2016,,ACTIVE,19660000,4.9,4.0,1024
3743,IR. CINTA HUTAGALUNG,L,5,Junior,Remote,Permanent,2024-06-15,,active,12300000,2.9,4.4,2101
3744,"pardi nurdiyanti, m.kom.",female,10,Intern,Jakarta,Probation,08/16/2024,,active,5410000,2.9,3.7,2562
3745,"DRG. DAMAR SIHOMBING, M.KOM.",Female,7,Lead,Medan,Probation,29/04/2018,,active,32760000,3.4,3.7,4530
3746,ophelia rajata,P,10,Intern,Remote,Probation,31/03/2020,,Active,6140000,4.0,1.9,3672
3747,  Tgk. Rusman Namaga ,Male,4,Mid,Medan,Permanent,03/11/2015,,ACTIVE,Rp25.960.000,4.0,3.2,2718
3748,Dt. Wawan Firmansyah,Male,1,Mid,Jakarta,Permanent,03/24/2023,,active,32600000,4.1,3.4,2376
3749,Devi Winarno,F,3,Junior,Bandung,Permanent,28-07-2016,,Active,23140000,3.1,3.5,2408
3750,Iriana Waluyo,Male,7,Senior,Remote,Permanent,05/22/2019,,ACTIVE,27160000,,4.2,4506
3751,MICHELLE FIRGANTORO,Male,7,Intern,Jakarta,Permanent,15-10-2017,,Active,6000000,3.1,3.5,2592
3752,Cecep Puspita,F,7,Junior,Jakarta,Permanent,29/07/2016,,ACTIVE,13110000,3.9,4.7,1119
3753,"satya sihombing, s.e.",Male,6,Mid,Remote,Permanent,04/23/2017,,Active,17700000,2.1,3.4,3922
3754,mala mansur,Female,5,Mid,Medan,Permanent,14/02/2015,,Active,22190000,3.3,2.3,1137
3755,Tina Wibisono,L,7,Junior,Yogyakarta,Permanent,2023-08-27,,ACTIVE,11800000,2.6,3.4,4398
3756,  Vanesa Kusumo ,,9,Senior,Medan,Permanent,2018-05-08,,active,29870000,3.1,3.8,3014
3757,  Hj. Nurul Wahyuni ,Female,1,Junior,Surabaya,Probation,21/09/2016,2021-01-16,Resigned,22480000,3.4,3.3,2702
3758,Ir. Kayun Pertiwi,male,9,Junior,Surabaya,Permanent,2019-04-12,,active,12530000,4.5,3.9,4278
3759,nabila purwanti,P,4,Mid,,Permanent,2019-10-11,,active,22140000,4.7,3.5,2999
3760,"R. Ophelia Hakim, S.Sos",P,10,Intern,,Permanent,2023-07-04,2024-09-23,resigned,5180000,3.1,2.0,4468
3761,nilam rahayu,female,1,Lead,Remote,Permanent,15/09/2017,,ACTIVE,Rp54.410.000,3.6,2.6,1562
3762,Raisa Wastuti,female,9,Mid,Surabaya,Contract,24/09/2019,2020-10-23,Resigned,19720000,3.9,3.2,4793
3763,VIVI SURYONO,female,7,Mid,Surabaya,Permanent,27-10-2017,,Active,Rp19.010.000,4.0,2.2,5379
3764,Almira Dabukke,female,2,Senior,Remote,Contract,2018-12-31,2020-01-22,RESIGNED,42140000,3.5,2.5,3949
3765,Cut Dian Utama,Male,4,Mid,Medan,Permanent,2021-07-27,,Active,25240000,2.5,4.5,1402
3766,Yessi Padmasari,female,5,Senior,Remote,Permanent,01/03/2016,,ACTIVE,32780000,4.5,3.2,4164
3767,Prakosa Utami,Female,2,Junior,Remote,,2021-10-20,,Active,19180000,3.4,2.2,4015
3768,Kezia Kuswoyo,M,10,Junior,Remote,Probation,08/15/2021,,Active,11950000,2.3,3.8,2219
3769,Jelita Tamba,L,10,Junior,Bandung,Permanent,26/04/2016,,ACTIVE,14990000,4.5,5.0,2697
3770,Kamaria Hakim,F,2,Manager,Remote,Permanent,2024-02-22,,Active,Rp61.490.000,3.0,3.3,3603
3771,"DIPA PRAYOGA, S.H.",Female,9,Senior,Medan,Permanent,22/07/2024,,ACTIVE,28280000,3.3,3.1,1701
3772,"galang rahayu, s.pt",F,4,Senior,Remote,Permanent,2024-02-13,,Active,33510000,4.5,3.4,3009
3773,"Bella Samosir, S.IP",Male,3,Mid,Jakarta,,06/03/2017,,ACTIVE,28400000,4.5,4.6,2800
3774,Ella Damanik,,2,Senior,Yogyakarta,Contract,2016-02-09,,active,40370000,3.4,4.0,3782
3775,TGK. ARIS HARYANTI,female,10,Mid,Surabaya,Contract,2024-07-11,,ACTIVE,17360000,2.8,3.2,4314
3776,"SAKA ANGGRAINI, M.FARM",Female,3,Lead,Bandung,Permanent,12/14/2018,,Active,56160000,4.9,2.6,3917
3777,dr. Emas Damanik,Male,8,Mid,Remote,Permanent,08/22/2018,,active,21860000,3.8,4.1,3327
3778,"Nadine Rahmawati, S.Ked",male,8,Junior,Medan,Permanent,2017-05-07,,Active,Rp17.470.000,5.0,2.8,2917
3779,Keisha Pertiwi,F,8,Junior,Bandung,Contract,13-06-2023,,Active,17530000,4.8,3.0,2917
3780,Janet Pertiwi,L,7,Mid,Medan,Permanent,29-09-2018,,Active,16880000,4.8,3.3,3644
3781,Respati Lestari,Male,9,Senior,,Contract,20-07-2018,,active,31310000,3.6,5.0,2140
3782,Muhammad Wulandari,male,2,Lead,Medan,Permanent,2022-03-04,,ACTIVE,52460000,4.0,5.0,2495
3783,Gandi Mandasari,L,9,Senior,Surabaya,Contract,2023-06-26,,Active,26960000,3.1,2.9,3599
3784,  KH. Prakosa Widiastuti ,F,5,Senior,Yogyakarta,Contract,2018-12-07,,active,31200000,4.4,4.6,3794
3785,Eli Susanti,Male,7,Intern,Jakarta,Permanent,2016-11-21,,active,6090000,4.2,3.1,1049
3786,Karimah Fujiati,P,4,Mid,Medan,Permanent,2020-09-04,,ACTIVE,26320000,4.6,4.3,2259
3787,Jamal Usada,M,2,Junior,Jakarta,Permanent,19-06-2019,,active,19950000,1.7,3.8,1178
3788,"Puti Zaenab Nasyiah, S.Kom",male,5,Mid,Remote,Permanent,12/24/2022,,active,20920000,3.1,3.4,4098
3789,Hani Hardiansyah,F,8,Lead,Medan,Permanent,2016-08-20,,ACTIVE,46070000,3.6,4.0,2896
3790,Queen Wacana,M,5,Lead,Surabaya,Permanent,27-04-2019,2023-12-09,RESIGNED,38190000,3.0,3.2,4469
3791,"  Sutan Leo Iswahyudi, M.Farm ",M,5,Mid,Yogyakarta,Contract,19-08-2018,,Active,Rp23.150.000,3.3,2.7,1276
3792,  Lega Sirait ,Male,3,Junior,Jakarta,Permanent,02/22/2021,2023-03-04,RESIGNED,21750000 ,2.4,2.2,2141
3793,BETANIA PURNAWATI,male,2,Mid,Yogyakarta,Permanent,01/10/2017,,Active,30280000,4.0,3.2,2732
3794,"dr. jaswadi aryani, s.kom",L,5,Lead,Jakarta,Contract,2016-08-18,2019-11-09,RESIGNED,50500000,2.8,3.2,4975
3795,Wulan Hutagalung,F,5,Mid,Medan,Permanent,25/05/2024,,active,19930000,4.2,2.8,1884
3796,"RIDWAN SIHOMBING, M.TI.",male,8,Senior,Medan,Permanent,16-08-2019,2023-01-09,RESIGNED,32990000,2.8,4.1,3101
3797,"T. Ian Wijayanti, M.Pd",F,8,Mid,Surabaya,Contract,17/05/2023,,ACTIVE,22400000,3.5,4.1,4316
3798,Farah Agustina,P,9,Head,,Permanent,2019-11-02,,Active,65520000 ,3.1,2.6,
3799,Hafshah Oktaviani,P,4,Mid,Bandung,Permanent,2015-11-12,,Active,28120000,2.6,3.2,2979
3800,drg. Mumpuni Pudjiastuti,M,1,Mid,,Permanent,2023-12-03,,Active,25800000,4.0,3.6,3648
3801,Teguh Budiyanto,female,4,Junior,Medan,Permanent,01/01/2021,,active,14320000,3.6,2.1,1043
3802,"Niyaga Maryati, S.E.",F,4,Mid,Medan,Contract,01/18/2023,,ACTIVE,23350000,3.1,3.9,2988
3803,dr. gabriella wijayanti,M,1,Mid,Jakarta,Permanent,2020-03-20,,Active,34010000,3.4,2.7,1020
3804,"DR. HASNA UYAINAH, M.PD",Female,9,Junior,Jakarta,Probation,29/07/2020,,ACTIVE,14430000,3.6,4.0,1459
3805,"Drs. Simon Fujiati, M.Farm",,5,Mid,Medan,Permanent,2015-04-01,,ACTIVE,26070000,2.8,3.5,4519
3806,"Sari Halim, M.TI.",female,9,Junior,Bandung,Permanent,06-05-2020,,ACTIVE,12180000,4.7,3.3,4049
3807,Galih Hariyah,female,7,Senior,Surabaya,Permanent,25/09/2015,,active,27120000,4.0,3.3,3091
3808,Dimas Maryadi,L,7,Mid,Yogyakarta,Permanent,01/01/2023,,Active,13270000,2.8,3.8,3997
3809,"Silvia Salahudin, S.Farm",male,2,Lead,Yogyakarta,,2019-06-12,,Active,61560000 ,4.4,3.6,3378
3810,Jamalia  Haryanto,F,5,Senior,Medan,Probation,2018-09-15,,active,29000000,3.0,3.8,1065
3811,"Damu Zulkarnain, S.T.",M,5,Senior,Remote,Permanent,2023-08-05,,Active,33290000,4.5,3.6,4809
3812,"Tgk. Septi Marpaung, S.T.",male,8,Junior,Surabaya,Permanent,11/01/2021,2024-06-10,Resigned,13410000,2.5,3.2,3045
3813,"Limar Prakasa, S.Sos",male,6,Senior,Remote,Permanent,19/11/2021,2023-07-15,Resigned,31910000,3.3,4.0,1794
3814,Balijan Maryadi,L,5,Mid,Bandung,Contract,16/10/2017,,ACTIVE,Rp24.630.000,,3.3,1282
3815,alambana prasasta,,8,Senior,Remote,Permanent,2022-04-13,,Active,29100000,2.7,3.1,3828
3816,"T. Jaiman Laksita, M.Pd",male,9,Mid,Medan,Permanent,21/01/2016,,Active,23380000,4.1,2.2,1882
3817,Lintang Yuliarti,female,4,Senior,Remote,Permanent,2024-01-10,,active,33000000 ,1.3,3.8,1830
3818,  Damar Manullang ,F,1,Lead,Surabaya,Permanent,01/19/2017,,active,58150000,5.0,3.8,1020
3819,  Diana Dabukke ,F,6,Junior,Jakarta,Permanent,09/11/2024,,active,12890000,1.6,3.9,5011
3820,Widya Setiawan,female,8,Mid,Remote,Permanent,2017-04-01,,Active,22020000,2.9,3.4,5318
3821,"KUNTHARA NUGROHO, S.GZ",Female,9,Junior,Medan,Permanent,2020-01-25,,ACTIVE,Rp13.540.000,3.9,3.3,2140
3822,"Nova Damanik, S.Gz",L,4,Mid,Surabaya,Permanent,31-03-2021,,active,24230000,4.9,3.1,2803
3823,"PUTI IRIANA SUARTINI, S.PD",male,5,Junior,Yogyakarta,,2020-12-07,2023-04-05,resigned,Rp15.860.000,3.2,3.9,5405
3824,"Puti Laila Utama, S.Pt",female,5,Senior,Bandung,Permanent,20-08-2024,,ACTIVE,27960000,3.1,3.1,2566
3825,ZALINDRA MANDALA,Female,7,Lead,Surabaya,Permanent,14/01/2017,,Active,32570000,4.2,2.8,1288
3826,Balidin Pertiwi,M,5,Junior,Bandung,Contract,2021-09-22,,active,12700000,2.8,3.8,1255
3827,"Olivia Lazuardi, M.TI.",Male,2,Mid,Yogyakarta,Permanent,09-09-2020,,active,Rp31.670.000,,4.3,4127
3828,"Radit Prastuti, M.TI.",L,8,Lead,Jakarta,Contract,10-01-2021,,active,40660000,3.8,3.6,4846
3829,Najwa Iswahyudi,female,6,Junior,Remote,Permanent,08/04/2018,,ACTIVE,16120000,4.0,3.0,4427
3830,LIMAR MAHESWARA,male,10,Mid,Medan,,02/13/2016,,ACTIVE,16180000,5.0,4.0,4116
3831,"KH. GALAR SITOMPUL, M.FARM",F,4,Mid,Medan,Contract,2020-02-06,,active,Rp24.000.000,4.6,3.0,4731
3832,"KAYLA PRAKASA, S.FARM",F,9,Mid,Jakarta,Permanent,04/21/2016,,Active,20910000,3.3,3.9,2762
3833,Cakrabirawa Kurniawan,P,10,Mid,Yogyakarta,Permanent,2016-08-02,,Active,18700000 ,3.5,3.3,5351
3834,Dariati Saefullah,F,7,Junior,Yogyakarta,Contract,2015-06-20,,active,12200000,2.9,2.7,4330
3835,LAILA RAJASA,Male,2,Senior,Remote,Permanent,2024-07-04,,Active,35370000 ,,2.6,4828
3836,"Ir. Amelia Lestari, M.Pd",F,3,Mid,Bandung,Permanent,06/28/2023,,Active,28240000,3.7,4.1,1310
3837,  Tira Kusumo ,M,10,Mid,Surabaya,Probation,01/09/2020,,active,17680000,2.6,1.5,2989
3838,Puji Anggraini,F,5,Mid,Jakarta,Permanent,14-07-2019,,ACTIVE,23840000,3.2,2.4,1786
3839,Sabrina  Prayoga,,9,Junior,Yogyakarta,Permanent,03/03/2016,,Active,13500000,2.5,2.7,2258
3840,Violet Maulana,Female,4,Junior,Surabaya,Permanent,2020-07-31,,Active,15550000,3.7,4.5,4851
3841,Nabila  Uwais,M,9,Mid,Bandung,Probation,30/11/2020,,ACTIVE,Rp20.290.000,2.7,2.9,4239
3842,"Tgk. Ayu Yuliarti, M.Ak",F,10,Junior,Medan,Permanent,2021-08-03,,active,Rp12.300.000,2.9,3.3,2012
3843,Saadat Wijayanti,P,8,Mid,Jakarta,Probation,16/04/2023,2023-10-27,resigned,21780000,4.5,4.8,1698
3844,"dt. muhammad winarsih, s.h.",Female,8,Junior,Medan,Permanent,10/02/2017,,ACTIVE,16460000,2.5,2.8,2255
3845,Puspa Winarno,F,10,Lead,Bandung,Permanent,04/14/2023,,active,32360000,4.3,4.0,1205
3846,SUCI TARIHORAN,M,10,Junior,Bandung,Contract,28/05/2017,,ACTIVE,14880000,4.5,2.4,2182
3847,"Ir. Banawi Nasyidah, S.H.",F,3,Mid,Yogyakarta,Permanent,10/26/2015,,active,31910000,2.8,3.5,5057
3848,"Dr. Kayla Anggriawan, S.Sos",L,5,Senior,Bandung,Contract,05/07/2015,,ACTIVE,35630000,2.0,3.4,5473
3849,Ilsa Iswahyudi,Male,6,Junior,Remote,Contract,04-04-2018,2021-06-11,Resigned,15910000,2.4,2.7,3526
3850,"R.A. IFA PRANOWO, S.E.",F,6,Senior,Bandung,Permanent,2016-12-26,,active,29860000,,3.6,1794
3851,Siti Simanjuntak,P,5,Manager,Medan,Permanent,2015-07-03,,Active,53780000,3.5,4.0,4164
3852,"KH. Margana Wasita, S.Gz",Female,10,Mid,Remote,Permanent,2024-11-21,,active,Rp17.280.000,2.7,2.7,4366
3853,  Zelaya Hutapea ,Female,4,Mid,Remote,Permanent,19/04/2017,,active,20600000,1.6,3.6,3573
3854,"DR. NADINE ZULKARNAIN, S.PSI",female,1,Lead,Yogyakarta,Contract,2019-08-04,,active,59540000,3.3,3.1,2433
3855,"lintang januar, s.e.",F,3,Senior,Bandung,Contract,13-02-2018,,ACTIVE,42130000,3.9,3.3,5171
3856,"Hana Mayasari, S.Pt",Female,1,Junior,Remote,Permanent,11/04/2017,,ACTIVE,21260000,3.9,2.5,3621
3857,Lili Suartini,L,8,Junior,Bandung,Permanent,21/10/2022,,Active,15740000,3.4,4.3,3596
3858,"yulia pudjiastuti, s.psi",Male,6,Junior,Jakarta,Permanent,2015-10-16,,ACTIVE,14790000,4.0,3.5,2692
3859,Talia Dabukke,Female,5,Senior,Surabaya,Permanent,30-09-2015,,ACTIVE,38650000,4.3,4.6,5360
3860,"Dt. Maras Yuniar, S.E.",female,1,Senior,Remote,Permanent,2022-08-20,,active,39000000,1.7,2.5,1905
3861,"ibun yuniar, s.e.i",Female,4,Mid,Surabaya,Permanent,2018-03-12,,Active,22910000,,4.4,1503
3862,Himawan Pangestu,Male,10,Senior,Bandung,Probation,06-06-2019,,ACTIVE,25020000,4.2,4.2,2708
3863,"Gaduh Sihotang, M.Farm",P,6,Senior,Jakarta,Permanent,2017-04-02,,active,29700000,,4.6,4534
3864,Balapati Manullang,L,10,Junior,Yogyakarta,Permanent,01/04/2016,,active,12840000,4.4,3.7,3434
3865,kariman yulianti,L,7,Senior,Surabaya,Permanent,17/09/2017,,active,25680000,4.2,4.2,3168
3866,"R.M. Slamet Riyanti, S.Farm",L,1,Mid,Jakarta,Permanent,12/16/2019,,Active,32390000,3.9,2.6,2092
3867,"  Tgk. Jabal Kuswandari, S.E.I ",male,7,Mid,Jakarta,Permanent,2023-08-14,2024-07-21,RESIGNED,16360000,3.3,4.8,2736
3868,ELLIS RAHAYU,M,10,Junior,Surabaya,Probation,2018-10-30,,ACTIVE,11940000,4.9,4.3,1357
3869,"DR. WIRDA SURYONO, S.KOM",F,4,Mid,Jakarta,Permanent,2020-03-07,2024-04-14,RESIGNED,20890000,2.6,2.8,2988
3870,heryanto uwais,M,2,Junior,Bandung,Permanent,10/04/2018,,ACTIVE,19350000,2.6,3.4,2053
3871,Hartana Waluyo,L,10,Junior,Yogyakarta,Permanent,07-10-2018,,Active,Rp12.860.000,3.5,3.5,2182
3872,"Ir. Genta Damanik, S.Ked",F,8,Lead,Medan,Permanent,2015-10-12,,Active,Rp46.600.000,3.0,4.3,3972
3873,Ir. Luwar Utami,L,7,Senior,Surabaya,Permanent,10/08/2016,,active,25210000,2.9,4.3,2411
3874,Umaya Irawan,L,1,Mid,Jakarta,Permanent,07-08-2019,,ACTIVE,28910000,3.7,4.5,1434
3875,Faizah Saptono,M,6,Junior,Surabaya,Permanent,2023-02-13,,active,14620000,3.0,3.3,3275
3876,"Zulaikha Narpati, S.Gz",L,10,Junior,Jakarta,Permanent,2022-09-03,2024-03-26,Resigned,10560000,2.2,3.8,2609
3877,Raina Aryani,female,10,Junior,Bandung,Permanent,15/08/2023,,active,11050000,1.9,3.7,2050
3878,tgk. eka irawan,M,8,Intern,Jakarta,Permanent,27-04-2021,,ACTIVE,9590000,2.5,3.1,2504
3879,Ella Purnawati,Female,4,Senior,Surabaya,Permanent,05/29/2021,,ACTIVE,37250000,2.5,2.7,1830
3880,aditya novitasari,P,2,Manager,Bandung,,16/01/2020,,active,73940000,,3.3,3603
3881,  Vera Hasanah ,female,8,Senior,Remote,Permanent,14-11-2018,,ACTIVE,33600000,4.1,3.5,3356
3882,"hj. nilam lazuardi, s.h.",L,7,Lead,Surabaya,Permanent,04/02/2020,,Active,27920000,2.9,3.5,1525
3883,"Farhunnisa Nainggolan, S.T.",F,5,Senior,Yogyakarta,Probation,2022-02-22,,active,28770000,3.1,2.8,5219
3884,Ulva Lailasari,,4,Mid,Yogyakarta,Contract,2019-02-16,,Active,25390000,,3.8,5111
3885,  Diah Astuti ,M,6,Mid,Remote,Contract,24/06/2015,,ACTIVE,21360000,3.8,3.2,2492
3886,"r.a. rahayu pratama, s.pd",Male,5,Senior,Surabaya,Permanent,2019-07-06,2023-07-08,Resigned,Rp32.610.000,2.5,2.3,4683
3887,"shania nainggolan, s.farm",female,1,Mid,Yogyakarta,Permanent,21-09-2019,,ACTIVE,27610000,3.7,4.0,2828
3888,Hasan Maulana,F,7,Senior,Surabaya,Permanent,11-05-2019,,Active,21900000,2.3,3.9,2411
3889,Elvin Saptono,P,6,Mid,Bandung,Permanent,29/06/2016,,ACTIVE,19160000,4.8,4.4,5380
3890,Lasmanto Hartati,Male,4,Senior,Remote,Permanent,2021-05-17,,active,35900000,3.1,4.6,4005
3891,HAIRYANTO PADMASARI,P,1,Lead,Yogyakarta,Permanent,2020-03-12,,ACTIVE,Rp54.770.000,4.1,3.2,4497
3892,"Marsudi Haryanti, S.Pt",female,7,Junior,Yogyakarta,Permanent,24/05/2017,,ACTIVE,12210000,4.4,1.8,4394
3893,Jarwadi Mansur,F,10,Junior,Medan,Permanent,15/05/2018,,ACTIVE,12870000,4.4,3.5,3247
3894,"dr. Talia Widodo, S.Kom",M,4,Mid,Bandung,Permanent,2017-06-08,,active,Rp27.530.000,2.8,2.9,4508
3895,"Kiandra Anggraini, M.Ak",Female,9,Mid,Jakarta,Permanent,01/08/2017,,active,20590000,3.2,4.3,1454
3896,belinda kuswoyo,P,9,Senior,Surabaya,Probation,2021-05-13,,active,23130000,,3.5,3599
3897,Dt. Aslijan Sitorus,Male,5,Junior,Bandung,Permanent,03/11/2022,,Active,13580000,3.3,3.9,1386
3898,  Jarwi Thamrin ,Female,6,Senior,Remote,Permanent,2020-04-03,,Active,28330000,3.4,3.4,2692
3899,Hj. Wani Rahimah,Female,3,Lead,Medan,Permanent,19-07-2018,,Active,54960000,3.1,2.9,1668
3900,"Ulva Gunawan, S.Ked",Male,1,Senior,Jakarta,Permanent,01-08-2022,2023-04-04,RESIGNED,43230000,2.5,2.7,4423
3901,Ophelia Safitri,L,7,Mid,Surabaya,Probation,19-09-2018,,ACTIVE,16460000,2.7,3.8,4387
3902,ilsa widodo,female,1,Junior,Bandung,Permanent,11/04/2017,,Active,21690000,2.8,2.8,4548
3903,"Hairyanto Mustofa, M.Pd",male,9,Junior,Surabaya,Permanent,2019-01-26,,ACTIVE,15890000 ,3.4,2.8,1952
3904,laksana nugroho,female,6,Junior,Bandung,Permanent,2020-04-29,,ACTIVE,15650000,3.0,3.9,3673
3905,Ella Mardhiyah,M,6,Junior,Bandung,Permanent,2023-12-31,,active,14690000,2.7,3.7,2110
3906,Jessica Hastuti,L,9,Junior,Yogyakarta,Permanent,20/12/2020,,active,11860000,2.3,4.6,3442
3907,Bakidin Simanjuntak,,10,Junior,Remote,Contract,11/06/2022,,ACTIVE,11050000,4.9,3.8,3227
3908,"  Paris Astuti, S.E.I ",male,2,Junior,Bandung,Contract,04/09/2016,,Active,23230000,4.0,5.0,2884
3909,Calista Sihotang,M,1,Mid,Yogyakarta,,2023-06-23,2024-07-02,resigned,27150000,3.8,4.3,3818
3910,Cagak Mandasari,L,6,Mid,Yogyakarta,Permanent,09/08/2023,2024-08-08,RESIGNED,18590000,3.2,3.9,2949
3911,"Tgk. Ulva Tarihoran, S.Farm",Male,3,Junior,Yogyakarta,Probation,2020-01-07,,active,Rp21.800.000,2.8,3.7,1937
3912,Hani Suryatmi,Female,9,Junior,Surabaya,Permanent,2018-10-23,,active,14430000,4.0,4.6,2916
3913,"Tgk. Padma Sihotang, S.Farm",male,7,Lead,Yogyakarta,Contract,31-12-2021,,ACTIVE,31390000,3.0,3.7,2200
3914,Galih Lestari,Male,9,Junior,Bandung,Probation,2023-11-14,,Active,12080000,3.6,3.4,2816
3915,"r.m. kala wahyuni, m.m.",Female,8,Senior,Jakarta,Permanent,04/12/2018,,active,33550000,3.7,3.6,3828
3916,Dacin  Maryadi,F,3,Senior,Medan,Permanent,2015-03-07,,active,37410000,2.2,4.3,5322
3917,Dartono Najmudin,M,3,Manager,Bandung,Permanent,04/02/2019,,ACTIVE,Rp65.690.000,3.9,4.3,1068
3918,jarwadi rajata,M,3,Junior,Bandung,Permanent,2020-06-28,,active,21060000,4.5,3.7,1574
3919,Nrima Hastuti,L,6,Senior,Yogyakarta,Probation,2022-11-09,,ACTIVE,30300000,4.0,2.4,4206
3920,Calista Lailasari,F,5,Mid,Remote,Permanent,2015-06-15,2024-06-18,RESIGNED,20660000 ,2.7,2.4,3642
3921,Ilyas Tamba,L,8,Mid,Bandung,Contract,2018-09-25,,Active,22120000,3.4,2.4,1899
3922,"  Putri Laksita, M.M. ",male,6,Senior,,Permanent,29/03/2023,,ACTIVE,31150000,3.2,3.1,4788
3923,carla maulana,Female,9,Lead,Remote,Permanent,2019-04-06,,active,36370000,2.7,4.4,5391
3924,Gantar Iswahyudi,Female,1,Junior,Medan,Contract,2018-10-06,,ACTIVE,23670000,3.1,2.3,3366
3925,taswir suryono,P,1,Senior,Bandung,,2019-07-26,,Active,43760000,3.8,3.7,4223
3926,rafid narpati,F,10,Senior,Surabaya,Permanent,2021-03-12,,active,22810000,3.3,3.4,4406
3927,"Oni Saputra, M.Farm",,4,Senior,Remote,Contract,14/07/2022,,Active,Rp33.030.000,4.4,4.0,2765
3928,"Lanang Prabowo, M.Farm",L,9,Junior,Jakarta,Permanent,2015-04-05,,active,13930000,3.0,3.7,1826
3929,  Karsa Pertiwi ,L,1,Mid,Bandung,Permanent,10/03/2019,2022-11-20,Resigned,30010000,3.7,2.3,4372
3930,hamzah hutagalung,Male,9,Mid,Remote,Contract,09/02/2015,,ACTIVE,18420000,3.4,3.8,1701
3931,Pranawa Mandasari,M,8,Senior,Yogyakarta,Permanent,2016-10-01,,ACTIVE,Rp33.700.000,4.0,3.9,4711
3932,"Bakiono Sitompul, S.Ked",F,5,Senior,Medan,Permanent,25-10-2023,,active,27970000,2.9,2.6,4809
3933,Sabrina  Zulaika,Male,8,Junior,Jakarta,Permanent,28-03-2017,,Active,18130000 ,3.6,4.1,4242
3934,Hartana Wahyudin,M,5,Senior,Remote,Permanent,2015-01-16,,ACTIVE,35670000,4.1,3.9,1543
3935,Puti Zalindra Sinaga,L,5,Mid,Remote,Permanent,15/01/2023,2024-06-06,Resigned,20900000,4.0,2.2,3200
3936,Alambana Hutapea,female,1,Senior,Medan,Permanent,2024-03-02,2024-10-31,Resigned,41600000,2.5,4.6,3146
3937,Yance Wahyuni,Female,2,Mid,Medan,Contract,2018-03-25,,active,26100000,3.4,3.3,1279
3938,Mutia  Utami,M,1,Junior,Jakarta,Permanent,18-12-2019,2020-06-27,RESIGNED,20550000,3.6,2.6,1862
3939,Rina Wahyuni,L,6,Lead,Medan,Probation,12/14/2017,2024-07-10,RESIGNED,41110000,3.6,2.7,1134
3940,GAMBIRA GUNAWAN,male,7,Junior,Bandung,Permanent,18/11/2022,,ACTIVE,10460000,2.9,4.3,4251
3941,"Luthfi Hartati, S.Psi",P,3,Intern,Bandung,Permanent,2023-06-25,,Active,9930000 ,3.4,4.4,2070
3942,"Uchita Purnawati, S.E.I",Female,4,Senior,Remote,Permanent,29-09-2021,,active,34040000 ,2.8,3.0,1402
3943,Setya Hardiansyah,P,9,Mid,Remote,Permanent,2017-10-24,,ACTIVE,21510000,4.2,2.8,4581
3944,"Ir. Eko Sinaga, S.Gz",L,3,Senior,Remote,Permanent,2022-05-06,,active,39840000,4.5,3.8,2637
3945,"belinda pudjiastuti, m.ak",M,6,Junior,,Contract,22-09-2015,2021-10-03,resigned,Rp14.970.000,3.5,3.1,2690
3946,Cornelia Wacana,M,2,Mid,Yogyakarta,Permanent,13-12-2021,,Active,24120000,4.4,4.2,2959
3947,Elma Permadi,Female,7,Junior,Remote,Permanent,19/02/2015,,ACTIVE,13150000,,3.8,3001
3948,"dr. Bakidin Damanik, S.Kom",Female,8,Senior,Remote,Probation,10/30/2022,,Active,33610000,,2.4,1325
3949,Harsanto Waskita,Female,2,Lead,,Permanent,26/02/2023,,ACTIVE,46250000,4.5,5.0,3435
3950,SEPTI YOLANDA,Female,2,Senior,Yogyakarta,Permanent,26/02/2019,,Active,43090000,2.8,3.2,2557
3951,Banawa Salahudin,Male,10,Junior,Jakarta,Permanent,2017-07-23,,active,12420000,3.5,3.5,3051
3952,Wani Astuti,female,4,Lead,Surabaya,Probation,2020-03-19,,active,41920000,3.6,3.4,2866
3953,"yani saragih, m.ak",female,4,Mid,Yogyakarta,Permanent,14/03/2020,,ACTIVE,23600000,5.0,3.7,3772
3954,Gatot Widiastuti,male,4,Senior,Yogyakarta,Probation,11/04/2023,,ACTIVE,31420000,4.4,3.6,5492
3955,Rafi Uwais,Male,5,Intern,,Permanent,2023-11-03,2024-12-09,resigned,6300000,2.9,3.5,2011
3956,Sutan Jindra Hassanah,female,2,Mid,Remote,Contract,27-02-2015,,ACTIVE,29440000,4.1,3.7,2428
3957,  Nabila Santoso ,L,3,Lead,Bandung,Permanent,08/25/2021,,Active,52140000,,3.1,1747
3958,ir. lintang iswahyudi,female,5,Senior,Surabaya,Permanent,04/18/2020,,ACTIVE,34050000,3.6,3.3,5203
3959,"dr. Rosman Uwais, M.Ak",female,1,Mid,Medan,Permanent,2019-05-26,,ACTIVE,30870000,4.1,3.5,5125
3960,Ibrahim Usamah,L,3,Junior,,Permanent,2020-06-15,,Active,20350000 ,3.9,3.7,1247
3961,Cornelia Gunarto,Male,2,Junior,Jakarta,Permanent,2020-06-19,,Active,18910000,2.7,2.3,3297
3962,Tgk. Jaiman Wastuti,M,5,Mid,Remote,Permanent,02/10/2015,,ACTIVE,21800000,2.9,3.8,3026
3963,Marsudi Mangunsong,Female,3,Junior,Yogyakarta,Contract,02/08/2016,,ACTIVE,20910000,4.2,2.4,3218
3964,Paramita Usamah,P,4,Junior,Remote,Permanent,07/02/2020,2022-09-20,Resigned,15540000,3.5,3.4,1490
3965,"Karna Hutasoit, S.Pd",Female,1,Mid,Medan,Permanent,02/09/2022,,active,30850000,3.4,3.0,4852
3966,Maya Hutapea,L,5,Junior,Remote,,09-12-2020,,Active,13330000,3.8,3.8,3794
3967,"drg. Eja Maryadi, S.E.I",male,6,Junior,Yogyakarta,Permanent,22-02-2019,,active,16860000,5.0,3.8,2711
3968,"Unggul Salahudin, S.H.",P,5,Junior,Bandung,Probation,24-02-2019,,Active,15310000,4.1,3.1,3962
3969,DR. EGA PURNAWATI,male,4,Mid,Remote,Contract,11-10-2024,,Active,23340000,2.8,4.4,4020
3970,Kusuma Hutagalung,Female,10,Mid,,Contract,2023-10-28,2024-07-21,resigned,12820000,3.5,5.0,2951
3971,Kambali Kurniawan,,1,Senior,Remote,Permanent,04/06/2016,,active,50040000,4.1,3.8,2828
3972,dr. Hendri Kuswoyo,L,8,Manager,Bandung,Contract,10-12-2022,,Active,47650000,2.4,4.0,4012
3973,Salimah  Purnawati,M,6,Mid,Jakarta,Permanent,24/06/2020,,active,20740000,3.8,5.0,3279
3974,"Tgk. Kamila Rajasa, M.Farm",M,3,Junior,Medan,Permanent,2019-04-23,,Active,21050000,2.1,3.7,3709
3975,  Pranawa Mardhiyah ,F,3,Junior,Remote,,2020-03-10,,active,19870000,3.8,3.9,5396
3976,Balijan Wijayanti,female,4,Senior,Surabaya,Permanent,05/15/2019,,active,33600000 ,,4.2,4863
3977,Elma Najmudin,F,3,Mid,Yogyakarta,Permanent,07/04/2024,,active,26590000,,3.1,1706
3978,"drg. Aurora Hutasoit, S.Farm",M,4,Senior,Medan,Permanent,2018-09-02,,ACTIVE,36360000,2.7,3.5,3284
3979,"Ifa Sihotang, M.Farm",L,2,Junior,Surabaya,Permanent,2023-10-15,,ACTIVE,19750000,3.5,2.8,1992
3980,"mutia winarsih, m.m.",F,3,Mid,Bandung,Contract,13-10-2021,,active,28710000,3.9,3.8,4331
3981,Tgk. Jasmin Nashiruddin,L,9,Manager,Surabaya,Permanent,13/09/2021,,active,47430000,2.7,3.7,5466
3982,Cengkal Hutapea,M,10,Mid,Surabaya,Permanent,11/14/2020,,active,15260000,2.6,3.4,3672
3983,"Rahmi Rajata, S.IP",F,8,Mid,Jakarta,Permanent,2019-09-29,,ACTIVE,21830000,3.9,4.4,1204
3984,Patricia Budiyanto,Male,6,Junior,Jakarta,,2016-08-13,,Active,Rp16.610.000,3.3,3.4,5082
3985,Harto Latupono,female,10,Mid,Bandung,Permanent,2015-11-19,,Active,Rp18.310.000,3.6,4.7,3615
3986,  Cawisono Yolanda ,P,8,Lead,Yogyakarta,Permanent,2021-03-24,,active,46250000,4.4,3.5,2414
3987,  Michelle Waskita ,,9,Mid,Bandung,Permanent,2018-01-25,,Active,Rp19.980.000,3.3,3.8,2337
3988,"Hj. Uli Suartini, M.Kom.",P,10,Junior,Surabaya,Probation,2018-03-12,2020-02-16,resigned,11430000,1.7,2.4,4732
3989,Raina Susanti,M,10,Lead,Medan,Permanent,2015-08-03,,Active,37010000,4.1,4.6,4994
3990,shakila wulandari,Male,2,Junior,Yogyakarta,Permanent,2018-07-15,,Active,19970000,5.0,4.0,4400
3991,"Samiah Widodo, S.Pd",P,7,Senior,Bandung,Permanent,01/04/2022,,active,24730000,4.0,3.6,1417
3992,Budi Mansur,M,5,Mid,Medan,Permanent,03/21/2022,,ACTIVE,23230000,4.0,3.9,4954
3993,Dadap Kusumo,L,3,Mid,Remote,Permanent,2024-11-26,,active,30840000,4.0,3.6,3468
3994,"Cut Tami Nainggolan, S.Ked",L,1,Intern,Bandung,Permanent,07/27/2020,2021-06-11,RESIGNED,10140000,3.3,3.0,4827
3995,  Jaya Yulianti ,M,1,Junior,,Probation,02-01-2023,,ACTIVE,21580000,3.1,4.1,1333
3996,Martaka Permadi,Female,10,Senior,Jakarta,Permanent,2015-11-29,,Active,27020000,,3.3,3294
3997,Zaenab Utami,male,7,Senior,Yogyakarta,Permanent,11/19/2020,,Active,27120000,3.7,4.8,4457
3998,"Drs. Fitriani Irawan, S.Pd",male,5,Junior,Bandung,Permanent,18/02/2024,,Active,13030000,4.8,3.2,3422
3999,"drg. cakrajiya kusmawati, s.farm",F,5,Senior,Remote,Permanent,07/20/2017,,active,27130000,3.8,3.9,1760
4000,Bambang Marbun,Male,10,Mid,Remote,Permanent,2015-08-03,,Active,19540000,2.2,2.8,1253
4001,OKTA HANDAYANI,L,7,Senior,Bandung,Probation,06/22/2015,,active,24330000,4.0,2.9,1304
4002,NADINE DAMANIK,M,5,Senior,Yogyakarta,Permanent,12-08-2020,,ACTIVE,Rp29.390.000,3.2,3.5,2572
4003,"dr. restu prasasta, s.kom",female,7,Mid,Surabaya,Permanent,03/20/2015,,active,17490000,1.6,3.2,4387
4004,Qori Wijaya,F,2,Mid,Bandung,Permanent,03/02/2021,,active,27620000 ,4.5,3.4,3880
4005,Ganda Anggriawan,male,4,Lead,Jakarta,Permanent,07/29/2017,,active,42030000,5.0,4.1,2256
4006,Lasmono Astuti,L,4,Senior,Medan,Contract,2021-07-10,,ACTIVE,38300000,5.0,3.1,3148
4007,Zizi Lailasari,M,2,Mid,,Permanent,2019-06-15,,Active,27260000,,2.1,1749
4008,"Ratna Riyanti, M.Pd",female,10,Junior,Medan,Permanent,2017-12-24,,ACTIVE,14180000,2.4,4.5,3018
4009,ANI LAKSITA,L,2,Junior,Surabaya,Permanent,17-06-2023,,ACTIVE,19910000,4.8,3.9,3669
4010,Nova Mulyani,female,3,Senior,Surabaya,Permanent,28/05/2019,,active,47070000,,3.4,3506
4011,Ir. Shania Laksita,F,9,Mid,,Permanent,2021-10-07,,Active,20650000,3.3,3.7,4493
4012,Nasab Halim,F,8,Head,Jakarta,Permanent,18/04/2017,,Active,72190000,4.5,3.4,
4013,Dt. Indra Permata,male,4,Senior,,Permanent,2023-05-01,,ACTIVE,34180000 ,,3.5,4873
4014,  Puspa Haryanto ,F,3,Mid,Bandung,Contract,2024-05-04,,ACTIVE,32770000,3.1,3.7,3084
4015,Septi Agustina,female,2,Senior,Remote,Permanent,18/01/2019,,Active,40660000 ,5.0,3.8,1588
4016,Calista Lailasari,Female,2,Intern,,Permanent,07/06/2017,,ACTIVE,9540000,4.1,4.0,2899
4017,Hj. Jelita Hassanah,M,8,Senior,Yogyakarta,Probation,25/08/2024,,active,29080000 ,3.4,2.4,4844
4018,"Maya Damanik, S.E.",female,4,Mid,,Permanent,01/27/2023,,active,24860000,3.2,2.8,5119
4019,Tari Nababan,M,4,Senior,Medan,Permanent,06/07/2020,,Active,Rp32.880.000,4.8,3.0,4081
4020,JELITA FARIDA,L,4,Senior,Jakarta,Contract,15-11-2015,,active,44420000,,4.5,4441
4021,  Jono Prasetya ,M,2,Senior,Surabaya,Probation,2024-08-11,,ACTIVE,32030000,2.0,3.7,3880
4022,Hj. Jessica Suartini,P,3,Junior,Medan,Probation,28-12-2019,,Active,19140000,2.8,4.1,1478
4023,"  Hj. Nadia Mustofa, S.Pd ",M,3,Junior,Remote,Permanent,08-08-2015,,Active,18900000,4.1,4.0,4628
4024,"Tania Wibisono, S.Farm",female,9,Junior,Jakarta,Permanent,2023-04-27,,ACTIVE,13950000,2.0,3.7,2600
4025,"Hj. Safina Tarihoran, M.Kom.",male,9,Junior,,Permanent,2018-05-03,,Active,15830000,4.1,3.2,1015
4026,"R.M. Luthfi Pranowo, S.Pd",female,1,Senior,Bandung,Permanent,2020-02-15,,active,40580000,4.3,3.3,4428
4027,"ulva irawan, m.kom.",M,7,Mid,Yogyakarta,Permanent,14/11/2024,,Active,14810000,3.9,3.6,1028
4028,Cawuk Pangestu,Male,2,Mid,Yogyakarta,Contract,2015-12-19,,active,26330000,3.4,4.9,4312
4029,Luluh Lestari,female,4,Mid,Yogyakarta,Permanent,11-01-2018,2024-11-01,resigned,25760000,4.1,3.1,4019
4030,Putu Agustina,Male,10,Senior,Jakarta,Permanent,06/01/2017,2022-02-20,Resigned,27590000,2.5,2.7,1609
4031,ilsa prakasa,Female,4,Junior,Bandung,Probation,2024-04-24,,ACTIVE,15690000,4.3,2.7,4887
4032,Kalim Hardiansyah,male,3,Senior,Remote,Permanent,05/13/2022,2023-08-23,Resigned,35950000,2.6,3.8,2797
4033,GATOT RAJATA,female,7,Mid,Jakarta,Permanent,10/04/2017,,active,16010000 ,3.9,3.4,2039
4034,Shania Manullang,male,5,Intern,Jakarta,Probation,19/08/2017,,active,8050000,4.5,3.3,3794
4035,Raden Mardhiyah,L,8,Mid,Yogyakarta,Permanent,17/10/2024,,active,19970000,2.0,3.6,1181
4036,Respati Haryanto,Female,8,Mid,Remote,Permanent,18/11/2023,,active,21170000,4.1,4.1,4322
4037,  Mala Latupono ,Female,7,Junior,Yogyakarta,Contract,2015-12-29,,active,11310000,4.2,3.4,4180
4038,R.A. Devi Purwanti,M,10,Senior,Surabaya,Permanent,09/03/2019,,ACTIVE,28200000,3.8,2.7,3353
4039,JINAWI RAJATA,L,2,Junior,Surabaya,Permanent,06/08/2018,,active,19600000,4.2,2.5,3007
4040,Violet Thamrin,P,4,Mid,Surabaya,Permanent,2019-03-05,,ACTIVE,23640000,3.1,3.7,4254
4041,"Dt. Prasetya Puspita, S.T.",M,9,Senior,Yogyakarta,Permanent,18-02-2024,,Active,Rp22.280.000,3.2,3.0,1701
4042,Simon Mulyani,P,5,Mid,Jakarta,Permanent,15/01/2019,,ACTIVE,20470000,,3.5,1019
4043,Hj. Ciaobella Hardiansyah,L,10,Senior,Remote,Permanent,2018-09-25,,active,29320000,5.0,3.6,3353
4044,Wirda  Haryanti,male,4,Mid,Remote,Permanent,2015-06-25,,Active,26790000,1.7,4.1,1202
4045,"Puti Cici Suryatmi, M.Ak",P,4,Intern,Remote,Permanent,01/21/2021,,ACTIVE,Rp7.670.000,3.5,2.7,4873
4046,"R. Ridwan Purwanti, S.Gz",L,9,Junior,Remote,Permanent,02/26/2024,,ACTIVE,13800000,3.9,3.9,3049
4047,R.  Caturangga  Usamah,Female,3,Mid,Medan,Permanent,16/11/2024,,ACTIVE,25780000,4.6,3.8,1478
4048,tedi putra,L,8,Mid,Remote,Permanent,2021-06-15,2022-11-14,Resigned,21500000,3.1,3.1,2327
4049,Endah Siregar,F,9,Senior,Medan,Probation,26-06-2020,2023-01-26,resigned,25840000,3.8,3.6,3251
4050,"Maimunah Mayasari, M.Kom.",female,1,Junior,Remote,Permanent,2017-06-16,,ACTIVE,21930000,3.0,3.2,3541
4051,"Cinthia Mangunsong, S.I.Kom",male,5,Senior,Yogyakarta,Permanent,2017-07-13,,active,33610000,3.5,3.1,2572
4052,YULIANA MANDALA,L,9,Junior,,Permanent,2023-01-12,2024-12-08,resigned,13570000,3.6,3.2,3725
4053,Samsul Pangestu,Male,7,Lead,Bandung,Permanent,2022-10-17,,active,32200000,5.0,3.0,1417
4054,Lidya Ardianto,Female,1,Mid,Jakarta,Probation,04/03/2024,2024-12-20,Resigned,25520000,4.1,2.3,2642
4055,Rafid Kusmawati,L,2,Junior,Jakarta,Permanent,07/04/2015,2019-01-27,RESIGNED,20790000,4.1,2.4,2194
4056,irma mayasari,Male,7,Lead,Jakarta,Permanent,2015-10-02,,ACTIVE,Rp30.260.000,5.0,3.5,4839
4057,Bakiadi Santoso,P,8,Mid,Remote,Permanent,02/06/2022,,active,24030000,3.3,4.0,3045
4058,Tina Agustina,Female,10,Senior,Surabaya,Permanent,08/05/2019,,ACTIVE,25280000,3.6,5.0,1943
4059,SITI WIDIASTUTI,P,7,Manager,Jakarta,Permanent,02/14/2022,,Active,36120000,4.1,4.0,4815
4060,Cakrawangsa Nuraini,male,8,Junior,Jakarta,Permanent,2020-08-09,,Active,15640000,3.0,3.7,2122
4061,WINDA PRADANA,female,7,Mid,Medan,,28/08/2024,,active,Rp17.150.000,2.3,3.4,4119
4062,Rama Aryani,Female,6,Senior,Surabaya,Probation,2022-09-21,,Active,28760000,3.3,4.2,3451
4063,Laila Haryanti,F,9,Lead,Yogyakarta,Permanent,22-04-2015,,active,33770000,3.6,3.2,5017
4064,"Drs. Wulan Zulaika, S.I.Kom",L,6,Mid,Jakarta,Permanent,29/04/2020,2021-05-02,Resigned,20230000,2.5,1.7,4292
4065,ilyas maulana,male,2,Junior,Surabaya,Permanent,2020-02-06,,ACTIVE,19420000,3.2,3.6,3390
4066,"Dt. Nasim Maryati, S.Pt",P,4,Mid,Medan,Permanent,2015-05-21,,ACTIVE,19910000,3.6,3.5,1226
4067,Gandi Sihotang,F,1,Mid,Jakarta,Permanent,2017-06-06,,Active,31220000,4.4,3.2,3257
4068,  Vera Marbun ,M,8,Mid,Jakarta,,08/27/2021,,Active,Rp24.190.000,,3.4,3915
4069,almira wijaya,F,3,Senior,Yogyakarta,Permanent,11/10/2015,,ACTIVE,52480000,5.0,2.7,5154
4070,"Dt. Mitra Yuniar, S.E.I",Female,6,Junior,Remote,Permanent,27-12-2023,,active,14890000,3.6,3.5,1670
4071,Cut Siti Wijayanti,female,10,Mid,Yogyakarta,Permanent,07/26/2021,2024-12-15,RESIGNED,14730000,3.0,4.6,2013
4072,T. Hari Wacana,P,10,Mid,Jakarta,Permanent,16-04-2018,,Active,18880000,3.0,3.7,1271
4073,"  Naradi Puspasari, S.Pd ",female,10,Mid,Jakarta,Permanent,2019-10-14,2021-02-22,RESIGNED,16470000,2.7,2.5,5351
4074,"Uli Sihotang, S.I.Kom",F,1,Mid,,Permanent,17/10/2017,2020-04-07,RESIGNED,30730000,3.7,4.4,2037
4075,Raden Setiawan,Male,10,Lead,Yogyakarta,Permanent,2017-07-04,2024-07-17,RESIGNED,32120000,1.7,2.3,1271
4076,Drs.  Viman  Maulana,F,6,Mid,Jakarta,Permanent,01/25/2024,,Active,18970000,2.9,3.6,5382
4077,"Latika Hassanah, S.Kom",Male,10,Junior,Medan,Permanent,24/06/2016,,active,10870000,3.4,2.7,2182
4078,Drs. Pandu Safitri,P,7,Senior,Remote,Permanent,25-07-2020,,active,20950000,4.8,2.9,1464
4079,"  Ilyas Situmorang, S.Sos ",P,3,Mid,Yogyakarta,Permanent,13-02-2022,,Active,23620000,,2.6,5040
4080,"Sutan Teguh Sihombing, S.Pt",female,4,Mid,Yogyakarta,Permanent,23/11/2019,,active,26250000,3.8,3.7,1411
4081,Kawaya Sitorus,L,4,Lead,Remote,Permanent,2017-12-12,,Active,47100000,4.1,3.8,2033
4082,Tari Mahendra,P,10,Mid,Bandung,Permanent,2020-09-08,,ACTIVE,18240000,2.6,2.4,1609
4083,Dr. Edi Prabowo,L,7,Mid,Remote,Permanent,2015-12-20,,Active,Rp18.410.000,,4.3,3745
4084,Kajen  Puspasari,P,6,Senior,Jakarta,Probation,01/04/2021,,ACTIVE,35500000,,3.8,1078
4085,Putri Siregar,male,7,Mid,Medan,Permanent,12/07/2021,,ACTIVE,14240000,,3.6,1739
4086,"IR. CAPA DAMANIK, S.KED",Male,10,Mid,Remote,Permanent,08/26/2016,,ACTIVE,15760000,3.9,2.9,2838
4087,"  Dr. Lega Rajata, S.H. ",M,7,Mid,Jakarta,Permanent,03/04/2019,,Active,16830000 ,4.3,4.4,4903
4088,"Tgk. Tari Anggraini, M.TI.",female,3,Mid,Surabaya,Contract,26/07/2021,,Active,28740000,2.5,4.0,1640
4089,Opan Halim,M,1,Junior,,Contract,01/08/2018,,active,24030000,4.2,2.1,2084
4090,"dr. Hana Utami, M.TI.",male,3,Senior,Yogyakarta,Permanent,2022-06-12,,ACTIVE,39420000,2.8,2.6,4448
4091,dewi hardiansyah,male,10,Senior,Remote,Permanent,2019-05-08,,active,25940000,4.6,2.8,2792
4092,"Ir. Wage Maheswara, M.M.",L,7,Mid,Medan,Permanent,08/21/2016,,ACTIVE,18750000,3.6,2.8,1428
4093,Queen Ardianto,L,9,Lead,Jakarta,Permanent,10/05/2020,,active,39240000,2.5,2.4,1701
4094,Jessica Prakasa,L,2,Junior,Remote,Permanent,01/11/2022,,ACTIVE,Rp20.350.000,1.9,2.5,4015
4095,"H. Laksana Pratiwi, M.Pd",M,7,Junior,Jakarta,Permanent,2024-04-14,,Active,12560000,4.1,4.4,3617
4096,"IR. GINA TAMPUBOLON, S.PD",M,7,Intern,Yogyakarta,Permanent,06/10/2024,,active,5090000,3.5,3.8,4179
4097,Salwa Pertiwi,P,3,Mid,Bandung,Permanent,20/05/2019,,ACTIVE,Rp29.860.000,,3.1,3396
4098,"  Cahyono Waluyo, M.TI. ",L,5,Lead,Medan,Contract,17/05/2020,,ACTIVE,41290000,2.4,3.1,2935
4099,"hilda jailani, s.psi",L,5,Mid,Surabaya,Permanent,2017-09-15,,active,21860000,2.2,4.7,2610
4100,Drs. Dadi Tarihoran,M,10,Junior,Yogyakarta,Permanent,08/11/2019,,ACTIVE,Rp12.320.000,5.0,5.0,4994
4101,Cinthia Maulana,L,8,Junior,Bandung,Permanent,25-11-2022,,ACTIVE,15040000,3.9,2.6,1858
4102,"Lintang Zulkarnain, S.Pt",,10,Mid,Surabaya,Permanent,2019-02-22,,ACTIVE,17320000,4.2,3.3,3061
4103,aswani anggraini,P,9,Junior,Medan,Permanent,28/05/2018,,ACTIVE,15480000,3.0,3.4,1015
4104,Jaswadi Prabowo,Female,7,Mid,Medan,Permanent,04/08/2024,,active,14720000,3.7,2.7,4001
4105,Citra Uwais,M,1,Mid,Remote,Permanent,2020-04-06,,active,31210000,3.2,4.3,2915
4106,"Karsa Waskita, M.Farm",Female,5,Senior,Remote,Permanent,2020-12-22,,Active,29140000,3.7,2.9,5115
4107,Dr. Prayogo Widodo,female,10,Senior,Medan,Permanent,2018-01-16,,ACTIVE,30090000,4.0,4.2,2012
4108,"Tgk. Restu Mandasari, S.Farm",female,8,Junior,Medan,Permanent,20/08/2018,,ACTIVE,17250000,3.6,3.3,1550
4109,Shakila Lestari,P,6,Mid,Medan,Permanent,02/24/2017,,active,21730000,2.0,2.1,1134
4110,"Lidya Marpaung, S.E.I",P,6,Junior,Remote,Permanent,12/16/2017,,Active,15420000,3.1,2.3,2586
4111,R.M. Jayeng Haryanti,L,6,Mid,Surabaya,Permanent,2023-12-30,,Active,19540000,4.8,4.6,2040
4112,Niyaga Mulyani,P,2,Lead,Surabaya,Permanent,28-12-2022,,ACTIVE,59380000,4.2,3.4,4232
4113,"Drs. Devi Prabowo, M.M.",female,2,Senior,Jakarta,Permanent,10-07-2021,,active,41470000,4.1,3.6,3378
4114,Ami Manullang,Female,8,Junior,Medan,Contract,02/28/2022,,active,15830000,4.9,2.5,3612
4115,Tgk. Viman Lazuardi,female,1,Senior,Yogyakarta,Permanent,2017-01-19,,ACTIVE,44390000,3.7,3.8,3648
4116,DRG. CARLA LAZUARDI,female,10,Senior,,Permanent,06-06-2020,,active,Rp27.680.000,4.3,2.5,2686
4117,Queen Siregar,Female,5,Senior,Jakarta,Permanent,22/08/2016,,ACTIVE,32190000,2.6,3.1,2935
4118,Karman Mangunsong,P,10,Junior,,Permanent,13-02-2024,,ACTIVE,11120000,3.7,2.8,2697
4119,Hardana Samosir,M,7,Senior,Yogyakarta,Permanent,08/02/2024,,ACTIVE,22030000,3.0,3.5,4056
4120,Ilsa Sihombing,female,6,Mid,Bandung,Permanent,09/24/2020,,active,21830000,2.9,4.7,5416
4121,Ana Megantara,Female,1,Lead,Medan,Permanent,2022-01-16,,Active,56710000,3.1,3.4,1562
4122,Purwanto Rahmawati,Female,1,Lead,,Permanent,04/05/2019,,Active,58770000,4.5,3.7,2805
4123,ALIKA SAMOSIR,Female,1,Mid,,Permanent,11-07-2023,,Active,27900000,3.9,3.1,1162
4124,Gasti  Najmudin,male,3,Junior,Surabaya,Permanent,2018-02-10,2024-08-09,Resigned,20410000,3.6,3.3,1870
4125,"Dr. Ade Maheswara, M.Pd",male,4,Mid,Bandung,Permanent,02/05/2023,,Active,18840000,3.6,3.6,4508
4126,betania gunawan,L,6,Senior,Medan,Permanent,2015-02-10,,active,35770000,,3.2,5013
4127,Novi Pertiwi,female,2,Lead,Bandung,Permanent,27-10-2019,,active,52700000,5.0,4.6,2095
4128,Padmi Hartati,F,3,Senior,Bandung,Permanent,13-03-2021,,ACTIVE,43490000,3.0,4.7,2797
4129,VIOLET WALUYO,F,3,Senior,Bandung,Permanent,20/07/2023,2024-07-30,RESIGNED,40600000,2.6,4.0,5322
4130,Zahra Sudiati,L,8,Junior,,Permanent,18/10/2016,,ACTIVE,16210000,4.4,3.6,1157
4131,  Prabowo Mandala ,Female,5,Lead,Jakarta,Permanent,2024-01-29,,ACTIVE,38880000,3.4,3.3,1065
4132,ir. jagaraga hartati,F,9,Intern,Medan,Permanent,2017-06-24,,ACTIVE,6840000,3.1,2.8,2712
4133,"IKIN MARYADI, S.PSI",L,7,Intern,Jakarta,Permanent,2017-06-21,,Active,5630000,3.3,4.0,2035
4134,  Raharja Oktaviani ,F,4,Mid,Medan,Contract,18/11/2019,,Active,24000000,3.5,4.1,4558
4135,"leo wasita, s.sos",female,3,Senior,Jakarta,Permanent,24/05/2017,,active,46330000,3.2,3.8,3917
4136,Uda Widodo,Female,6,Senior,,,18/12/2019,,active,28380000,3.6,3.2,4505
4137,Puput Gunawan,female,6,Junior,,,05-04-2015,,ACTIVE,Rp16.000.000,3.5,1.7,4216
4138,"tirtayasa handayani, s.t.",P,4,Senior,Medan,Permanent,2019-11-24,,active,33620000,3.6,2.7,3516
4139,"Bakidin Marbun, S.Ked",L,10,Mid,Yogyakarta,Contract,06/08/2020,,ACTIVE,19070000,2.4,3.7,3615
4140,  Hj. Wulan Saragih ,L,9,Lead,Jakarta,Permanent,2019-03-08,,active,40290000,4.5,3.7,5466
4141,Ir. Bancar Yuniar,F,7,Mid,Bandung,Permanent,11/20/2016,,active,17270000,2.6,3.8,2067
4142,R. Dadi Safitri,F,10,Mid,Surabaya,Contract,18-07-2019,2024-01-17,RESIGNED,15190000 ,,4.0,2792
4143,Drs.  Praba  Habibi,F,9,Manager,Jakarta,Permanent,2021-09-25,,active,46190000,3.7,3.2,1153
4144,DRS. FITRIANI KUSMAWATI,male,6,Mid,Yogyakarta,Permanent,2022-03-28,,ACTIVE,19280000,4.4,3.0,1961
4145,Dt. Banawa Wahyuni,Male,9,Junior,Surabaya,Permanent,12/05/2019,,Active,14490000,3.7,3.6,1410
4146,r.m. yono budiyanto,F,3,Senior,Yogyakarta,Permanent,23/11/2019,,active,41900000,,3.0,5171
4147,Winda Putra,P,6,Junior,Surabaya,Contract,27-11-2018,,active,15570000,4.5,3.6,2855
4148,Radit Prastuti,P,4,Senior,Bandung,Contract,14-05-2020,,active,34080000,4.5,3.9,3531
4149,Chelsea Nasyidah,M,9,Junior,Surabaya,Permanent,2024-06-26,2024-12-29,RESIGNED,12740000,3.4,3.5,3923
4150,dr. Lalita Rahmawati,L,1,Lead,Bandung,Permanent,04/01/2016,,ACTIVE,77360000,4.0,3.4,4595
4151,  Joko Damanik ,M,10,Mid,Yogyakarta,Permanent,2017-10-22,2021-02-28,Resigned,16640000,3.8,3.8,5376
4152,Maya Najmudin,Male,6,Junior,Bandung,Permanent,17/08/2024,,Active,12810000,,4.5,4549
4153,Aisyah Nuraini,female,9,Junior,Bandung,Contract,13-11-2016,,Active,Rp13.020.000,3.7,3.0,4187
4154,kezia rajasa,Male,5,Senior,Remote,Permanent,03-06-2021,,ACTIVE,Rp32.320.000,,2.4,5115
4155,Balijan  Januar,F,2,Senior,Bandung,Permanent,2019-09-30,,active,41610000,2.8,3.7,4828
4156,R.M. Edison Megantara,male,2,Senior,Jakarta,Permanent,2021-10-04,,Active,43620000,3.3,2.2,4443
4157,Dodo Irawan,Female,9,Senior,Medan,Permanent,2024-03-01,,Active,26590000,4.0,3.4,5095
4158,gaiman wasita,F,7,Head,Remote,Permanent,16/03/2021,,active,56830000,2.5,2.5,
4159,"Cawisadi Halim, M.Ak",L,3,Mid,Surabaya,Contract,03-10-2017,,active,32340000,2.6,4.1,2511
4160,Elvina Dongoran,female,10,Senior,Medan,Permanent,03/10/2020,,Active,21880000,3.5,2.7,1943
4161,"  Amelia Salahudin, S.Sos ",Male,3,Senior,Jakarta,Permanent,02/06/2019,,ACTIVE,41600000,4.5,3.5,1030
4162,Galuh Megantara,male,7,Mid,Surabaya,,2017-09-17,,Active,15390000 ,3.9,3.5,4457
4163,Janet Rajata,Female,7,Senior,Bandung,Permanent,03/09/2020,,active,Rp22.470.000,3.8,3.3,3168
4164,yunita lazuardi,M,5,Head,Jakarta,Permanent,25-10-2016,,ACTIVE,67580000,4.4,3.4,
4165,Damar Permadi,Female,5,Mid,Medan,Contract,07/10/2016,2022-03-08,Resigned,18120000,2.2,3.1,5338
4166,"Drs.  Langgeng  Prakasa,  M.Kom.",Female,4,Senior,Yogyakarta,Contract,03/04/2021,,Active,37940000,3.9,4.2,3009
4167,KH. Johan Winarno,Female,3,Mid,,Contract,05/04/2022,,ACTIVE,34540000,2.5,2.7,2574
4168,EMBUH HALIM,Female,5,Junior,Yogyakarta,,2023-06-06,,ACTIVE,15400000,3.1,4.2,3026
4169,Malika Puspasari,P,3,Mid,Bandung,Permanent,01/06/2016,,Active,30100000,3.3,3.3,4499
4170,Bella Laksmiwati,P,9,Junior,Medan,Contract,06/10/2024,,ACTIVE,14320000,3.7,3.0,3599
4171,Hasim Usada,P,7,Mid,Jakarta,Permanent,20/03/2019,,active,17320000,4.0,2.6,3420
4172,Vino Budiyanto,M,7,Mid,Remote,Permanent,2023-06-01,2024-07-07,RESIGNED,16700000,4.7,4.1,1438
4173,puspa rahmawati,P,1,Senior,Remote,Permanent,13/09/2024,,active,45150000,4.0,3.9,4595
4174,"Baktianto Prayoga, M.Pd",female,8,Manager,Jakarta,Contract,12/06/2019,,ACTIVE,48200000,4.7,1.7,4242
4175,"panji mahendra, s.pd",F,4,Junior,Yogyakarta,Permanent,2017-11-01,,ACTIVE,Rp16.770.000,3.3,3.1,5111
4176,  drg. Melinda Hutasoit ,F,9,Mid,Bandung,Permanent,11/23/2024,,ACTIVE,19130000,4.8,2.9,3223
4177,"Hj. Olivia Putra, S.E.I",L,8,Senior,Remote,Probation,02-10-2017,,Active,32770000,3.2,4.3,3101
4178,puput narpati,female,7,Mid,Yogyakarta,Contract,2019-03-13,2022-04-18,resigned,15980000,2.7,3.5,1035
4179,"  Sutan Kawaya Anggraini, M.Pd ",P,7,Junior,Surabaya,Contract,16/11/2015,,Active,11360000,2.7,3.5,3393
4180,Azalea  Adriansyah,P,7,Senior,Yogyakarta,Permanent,15-06-2015,,ACTIVE,20850000,3.7,3.7,4056
4181,"  Dr. Yance Safitri, S.Pd ",Female,1,Senior,Medan,Permanent,03/03/2017,,active,44350000,4.4,3.9,3268
4182,"Caturangga Adriansyah, S.Gz",Male,5,Mid,Medan,Permanent,2016-08-20,,active,23960000,3.7,3.6,1543
4183,humaira rahimah,male,1,Mid,Medan,Permanent,17-09-2020,,Active,Rp31.360.000,3.1,3.3,3854
4184,ZALINDRA ZULAIKA,female,4,Mid,Medan,Permanent,11-07-2019,,Active,22020000,3.2,3.4,1663
4185,KAMARIA USAMAH,female,4,Mid,Medan,Permanent,2018-03-13,,active,Rp26.060.000,3.7,2.9,4254
4186,LANANG MELANI,P,4,Mid,Medan,Permanent,2023-07-04,,ACTIVE,21800000,3.6,4.0,2902
4187,Aurora Marpaung,M,9,Mid,Yogyakarta,Permanent,20-09-2016,,ACTIVE,21300000,4.2,4.8,5188
4188,"Patricia Pratiwi, S.Pt",female,7,Lead,Surabaya,Permanent,16-03-2023,,active,Rp27.160.000,3.9,4.8,4815
4189,Clara Widodo,,1,Mid,Surabaya,Permanent,01/17/2016,,active,33580000,3.3,4.1,4225
4190,"  Dewi Mandala, M.Pd ",Male,5,Mid,Bandung,Permanent,2015-06-30,,Active,23500000,3.0,2.7,4311
4191,MALA PRANOWO,Male,6,Junior,Bandung,Permanent,2019-09-07,,Active,16040000,4.1,3.2,5485
4192,  Drs. Wani Simanjuntak ,Female,10,Mid,Bandung,Contract,2017-05-12,2018-08-06,Resigned,17380000,,2.8,4116
4193,"Warsita Siregar, S.T.",Female,4,Mid,Jakarta,Permanent,2023-02-26,,ACTIVE,25390000,4.7,4.5,4980
4194,"H. Jabal Saputra, S.H.",,6,Junior,Jakarta,Permanent,18/07/2022,,ACTIVE,12570000,3.8,3.4,1369
4195,"Galur Siregar, S.Kom",Female,4,Junior,Surabaya,Contract,2021-12-01,,ACTIVE,18530000,3.5,2.8,1642
4196,RAHAYU SITOMPUL,female,9,Senior,Remote,,2021-06-21,,Active,27510000,,3.6,4858
4197,Vino Mansur,F,10,Mid,Remote,Contract,27/11/2020,,ACTIVE,Rp17.190.000,5.0,3.7,1820
4198,"Virman Adriansyah, M.Ak",Female,8,Mid,Bandung,Permanent,16/01/2024,,Active,21050000,3.4,3.3,1899
4199,agnes anggriawan,M,6,Senior,Surabaya,Probation,13/11/2019,,active,28410000,3.1,3.1,1078
4200,"cawuk zulkarnain, m.pd",female,10,Senior,Yogyakarta,Permanent,2020-08-05,,active,22430000,3.2,4.5,1736
4201,"Tiara Lestari, S.Sos",Female,8,Junior,Jakarta,Contract,28-12-2023,,ACTIVE,13200000,3.2,2.5,4570
4202,R. Pandu Yulianti,L,6,Intern,Bandung,Permanent,06/21/2024,,active,Rp7.360.000,,4.9,2687
4203,"Bahuwarna Nasyiah, S.Ked",L,6,Mid,Medan,Permanent,08/02/2016,,Active,21880000,2.6,3.3,2764
4204,"Hj. Maimunah Wulandari, S.IP",P,6,Manager,Surabaya,Permanent,09/14/2019,,Active,42830000 ,2.1,4.4,1219
4205,Yulia Waluyo,L,9,Mid,Remote,Permanent,12/27/2021,,ACTIVE,17900000,,4.3,3798
4206,"Ir. Kani Wibisono, S.E.",P,6,Lead,Yogyakarta,Permanent,2015-08-22,,Active,36560000,3.7,3.3,1573
4207,"Cut Dewi Hariyah, S.I.Kom",Female,9,Mid,Surabaya,Permanent,06-05-2015,,Active,20340000,4.2,3.2,5253
4208,IBUN ANGGRIAWAN,L,3,Mid,Yogyakarta,Probation,15-06-2020,,ACTIVE,31780000,,3.3,3776
4209,PAIMAN DAMANIK,P,8,Senior,Yogyakarta,Contract,07-08-2021,,Active,Rp31.130.000,5.0,4.2,1682
4210,"T. Maman Tamba, S.Kom",female,1,Mid,Bandung,Permanent,23/09/2017,,Active,30540000,3.7,3.4,3318
4211,Rahman Susanti,female,9,Mid,Jakarta,Permanent,27/08/2021,,ACTIVE,23240000,4.0,3.2,3379
4212,"Gadang  Prasetya,  S.H.",M,8,Mid,Bandung,Permanent,2023-12-06,,ACTIVE,21720000,4.0,3.7,2947
4213,Karen Firgantoro,F,8,Mid,Remote,Permanent,14/01/2016,,ACTIVE,19660000,3.3,4.7,3495
4214,NILAM SUDIATI,M,5,Junior,Jakarta,Permanent,2015-01-09,,active,14440000,4.5,2.6,4469
4215,Adiarja Napitupulu,P,3,Senior,Remote,Permanent,2022-08-12,,Active,44080000,4.7,2.6,5177
4216,"HJ. LALA KUSUMO, S.T.",M,6,Manager,Surabaya,Permanent,15/06/2015,2019-06-02,RESIGNED,47040000,2.8,2.7,1794
4217,Drs. Nilam Narpati,M,5,Mid,Bandung,Contract,2015-06-11,,Active,23740000,3.5,2.7,3811
4218,Sutan Maryanto Pratiwi,Female,8,Mid,Jakarta,Permanent,2024-03-29,,Active,18830000,3.8,4.0,2896
4219,"MAHMUD SUARTINI, M.FARM",Female,2,Lead,Jakarta,Contract,2021-11-25,,ACTIVE,52220000,4.4,4.5,2602
4220,Atmaja Rahmawati,P,5,Mid,Medan,Contract,07/21/2016,,ACTIVE,22990000,4.6,3.6,2921
4221,Panca Haryanto,male,1,Mid,Medan,Permanent,03/20/2022,,active,27080000,3.7,4.1,3854
4222,Eka  Purnawati,L,1,Junior,Yogyakarta,Contract,23-09-2022,,Active,Rp23.080.000,4.0,3.7,3404
4223,"R.A. PUTRI SAEFULLAH, S.KOM",L,1,Manager,Yogyakarta,Permanent,2022-10-17,,active,67490000,3.3,2.6,1020
4224,"Hj. Ayu Wastuti, M.Pd",Female,7,Lead,Yogyakarta,Permanent,2018-04-17,,ACTIVE,34590000,5.0,2.5,4794
4225,Tgk. Sabrina Purwanti,M,1,Manager,Surabaya,Permanent,28-11-2023,,Active,76160000,3.3,2.9,2805
4226,ADE ARYANI,Male,3,Senior,Remote,Permanent,12-09-2017,,active,45460000,2.7,3.0,5154
4227,"Muni Yulianti, S.Gz",Male,1,Senior,Jakarta,Permanent,29/08/2015,,active,49830000,3.1,2.6,1562
4228,"dr. Mala Wasita, S.T.",P,4,Junior,Jakarta,Permanent,31-05-2016,,Active,17530000,4.0,3.3,3622
4229,Maman Maryati,P,5,Mid,Bandung,Permanent,17/09/2022,,active,22630000,3.1,2.3,3189
4230,Nilam Tarihoran,P,5,Lead,Remote,Probation,08/06/2019,2023-09-13,resigned,46370000,3.7,2.5,1065
4231,KH. ARTAWAN PRASETYO,F,5,Junior,Yogyakarta,Permanent,14/12/2022,,Active,14000000,3.3,3.9,1221
4232,Estiawan Andriani,,2,Manager,Surabaya,Permanent,03-10-2016,,active,81820000,3.2,2.8,3603
4233,drg. galih ardianto,male,1,Senior,Surabaya,Permanent,2024-06-07,,ACTIVE,42980000 ,3.7,2.5,1905
4234,Febi Sitorus,F,5,Junior,Yogyakarta,Contract,13/03/2020,,ACTIVE,15830000,3.4,2.9,1298
4235,Tasnim Pertiwi,F,7,Junior,Surabaya,Permanent,16/01/2020,,ACTIVE,Rp12.580.000,3.6,4.0,2930
4236,"Dt. Okto Prasetyo, S.Farm",P,1,Junior,Medan,Contract,20/05/2022,,Active,19060000,5.0,3.5,3504
4237,Vero Prayoga,male,9,Mid,Bandung,Probation,01/31/2015,,Active,Rp18.190.000,2.9,3.4,4271
4238,catur sitompul,Female,9,Junior,Surabaya,Permanent,2016-01-17,,ACTIVE,15320000,4.6,3.4,2197
4239,bella utami,male,9,Senior,Yogyakarta,Probation,2017-09-10,,Active,28390000,4.1,3.1,1459
4240,"Bakti Dabukke, M.Kom.",male,2,Senior,Jakarta,Permanent,31/01/2023,2023-09-07,resigned,39510000,2.0,3.7,2925
4241,Yani Dongoran,Female,2,Manager,Surabaya,Permanent,2023-12-22,,active,64860000,3.8,3.1,3603
4242,Hj. Juli Ramadan,F,8,Head,Medan,Permanent,2023-08-27,,active,65760000 ,3.7,3.8,
4243,BALANGGA KUSMAWATI,L,6,Mid,Remote,Permanent,23-09-2018,,active,18880000,2.4,3.3,1176
4244,Yusuf Siregar,,7,Junior,Medan,Probation,14-12-2020,,Active,11230000,3.3,3.4,4983
4245,"Cut Yuni Sitorus, M.TI.",male,3,Mid,Remote,Contract,2019-11-17,,active,29860000,4.6,4.2,2797
4246,"Sutan Warsa Hidayanto, M.Ak",,9,Junior,Surabaya,Permanent,2023-01-24,,active,13120000,2.4,3.0,4618
4247,dr. vanesa kuswoyo,P,5,Mid,Jakarta,Permanent,02/07/2015,,ACTIVE,21430000,3.5,4.4,3224
4248,"IVAN PRASTUTI, S.IP",Male,6,Junior,Yogyakarta,Probation,27/04/2020,,Active,14030000,3.4,3.9,1670
4249,Aswani Firmansyah,M,7,Mid,Bandung,,2018-07-14,,Active,16630000,3.6,3.7,2268
4250,Iriana Haryanto,P,3,Mid,Bandung,Permanent,24/04/2022,,active,25930000,2.0,5.0,3580
4251,"R.M. Aswani Handayani, S.Gz",F,7,Mid,,Permanent,06/06/2019,,ACTIVE,18060000,4.1,3.3,1441
4252,Rahmi Utami,Male,1,Junior,Yogyakarta,Permanent,03/18/2024,,active,21410000,3.1,4.7,4575
4253,  Bella Jailani ,M,10,Mid,Surabaya,Permanent,11/08/2015,,active,20120000,2.8,3.8,4116
4254,"Asman Purwanti, S.Gz",female,4,Senior,,,08-03-2015,,active,36650000,4.3,2.7,4381
4255,Zizi Wibowo,,10,Manager,Jakarta,Permanent,2023-08-16,,ACTIVE,45580000,3.3,2.3,2218
4256,Cinta Safitri,M,1,Junior,Surabaya,Permanent,2020-12-27,,active,20920000,4.4,3.2,4827
4257,"dr. daruna rahimah, m.ak",male,8,Junior,Surabaya,Permanent,2019-05-13,,Active,15250000,3.0,2.2,4882
4258,JAEMAN WINARNO,Male,3,Senior,Jakarta,Permanent,28/02/2015,,ACTIVE,47320000,4.4,3.5,3776
4259,  Wulan Aryani ,M,8,Lead,Remote,Permanent,19/05/2020,2021-08-07,Resigned,40480000,4.5,2.9,4844
4260,ir. cinthia sirait,Male,8,Junior,Surabaya,Permanent,16/05/2022,,ACTIVE,16170000,1.8,4.6,1866
4261,"wakiman wulandari, s.ked",P,10,Senior,Surabaya,Permanent,04/15/2017,,Active,26500000,3.6,3.8,5376
4262,Padma Sitompul,female,8,Mid,Remote,Permanent,21/06/2018,,ACTIVE,Rp22.230.000,2.9,3.0,3986
4263,R.A. Cici Jailani,male,3,Senior,Jakarta,Contract,09/11/2015,,ACTIVE,45710000,5.0,2.6,5409
4264,Legawa Hidayat,male,8,Mid,Bandung,Permanent,08/09/2017,2021-03-17,Resigned,21480000,2.2,3.4,4932
4265,r.a. queen mahendra,P,6,Senior,,Permanent,14/10/2018,2024-06-29,Resigned,Rp31.960.000,3.2,3.4,5272
4266,"Kacung Rajasa, S.I.Kom",P,1,Junior,Surabaya,Permanent,2023-10-23,2024-06-06,resigned,18050000,3.4,4.4,2554
4267,Novi Safitri,Male,5,Mid,Remote,Permanent,11/02/2021,,Active,22210000 ,3.2,4.5,3886
4268,FITRIA PRASASTA,Male,4,Mid,Surabaya,Permanent,17/09/2015,,Active,27400000,3.6,3.3,4166
4269,Raditya Gunawan,male,5,Senior,Remote,Permanent,14/05/2020,,ACTIVE,31250000,5.0,3.3,2935
4270,Cagak Saragih,P,1,Senior,Yogyakarta,Permanent,27-07-2024,,ACTIVE,38780000,4.8,2.8,4223
4271,drg. Oliva Yulianti,female,9,Lead,Remote,Permanent,2017-05-19,2024-11-01,Resigned,32270000,2.7,4.0,3798
4272,"  Tgk. Galang Padmasari, M.Pd ",L,4,Mid,Yogyakarta,Permanent,05/09/2023,2024-10-06,Resigned,20950000,2.5,3.4,2259
4273,"R.M. Cakrajiya Halimah, S.Pd",Female,10,Mid,,Permanent,05/06/2019,,Active,18350000,3.6,3.7,3699
4274,dr.  Icha  Uwais,Male,6,Senior,Jakarta,Permanent,05/30/2015,,ACTIVE,34400000 ,3.3,4.1,1613
4275,Karja Rahmawati,M,4,Mid,Remote,Permanent,15-06-2022,,active,21510000,4.4,3.3,1287
4276,"Mustika Maulana, S.Gz",Male,7,Junior,Jakarta,Permanent,07/14/2018,,ACTIVE,11470000,2.0,4.4,4530
4277,Jono Purwanti,L,5,Senior,Jakarta,Permanent,01/09/2021,,ACTIVE,33250000,3.5,3.2,2330
4278,"Cut Lintang Situmorang, S.Kom",Female,9,Mid,Medan,Permanent,17-07-2020,,ACTIVE,18470000,3.4,3.3,4642
4279,Manah Pangestu,F,6,Junior,Jakarta,Contract,05/05/2016,,active,16220000,4.2,2.9,3462
4280,"R. Ganep Nainggolan, M.Kom.",female,5,Mid,Surabaya,Permanent,04/10/2017,2023-01-09,RESIGNED,22570000,2.3,1.4,1970
4281,"Talia  Hastuti,  M.Ak",Male,6,Mid,Remote,Probation,13-08-2015,,active,24040000,2.6,1.8,3030
4282,"Julia Prastuti, M.Farm",Male,3,Junior,Bandung,Permanent,2022-10-21,2024-05-11,resigned,16980000,3.4,2.7,4904
4283,Raisa Salahudin,P,8,Senior,Surabaya,Permanent,01-11-2015,,Active,34750000,3.3,3.4,2414
4284,Julia Marpaung,F,6,Mid,Jakarta,Permanent,04/14/2023,,Active,Rp17.850.000,,3.3,3741
4285,JAEMAN GUNARTO,P,4,Junior,Jakarta,Contract,2018-09-04,,Active,16960000,3.0,4.1,5222
4286,gawati adriansyah,Male,1,Senior,Surabaya,Permanent,01/24/2019,2021-01-14,Resigned,41800000,3.1,4.1,5404
4287,"  Darmana Pradana, M.M. ",Male,9,Lead,Medan,Contract,2017-01-18,,Active,36610000,4.6,4.2,5294
4288,r.a. halima laksmiwati,Male,3,Mid,Medan,Permanent,21/07/2015,,Active,29310000,4.6,3.7,4716
4289,"Vivi Sitompul, S.Sos",Male,2,Senior,Medan,Contract,07-02-2024,,Active,31600000,2.1,3.3,4828
4290,Heru Nashiruddin,F,7,Junior,Jakarta,Contract,2021-03-12,,ACTIVE,9400000,3.3,4.1,1058
4291,"Cut Karen Anggriawan, S.Pt",Male,7,Senior,Yogyakarta,Permanent,2018-07-01,,Active,21770000,4.2,3.2,4158
4292,ANA PUSPITA,Female,6,Senior,Bandung,Permanent,01/07/2018,,Active,30230000,3.5,3.8,1351
4293,Caket Siregar,male,10,Mid,Jakarta,Permanent,13/03/2016,,ACTIVE,17540000,4.6,3.1,2838
4294,Febi Usamah,F,10,Senior,Surabaya,Permanent,21/07/2019,,Active,Rp24.830.000,4.4,3.8,2342
4295,dr. Aurora Dabukke,male,4,Senior,Bandung,Permanent,02/12/2015,,active,41140000,4.1,2.7,4731
4296,Dalimin Suryono,M,5,Mid,Yogyakarta,Permanent,01/27/2022,,Active,21410000,,3.8,4954
4297,Darmaji Saptono,L,3,Junior,Remote,Permanent,2016-11-24,,active,22620000,3.4,2.1,1871
4298,"Ellis Sirait, M.Pd",Female,4,Junior,Surabaya,Permanent,2015-01-22,,Active,19630000,4.2,4.7,4605
4299,Cemani Napitupulu,,8,Mid,Jakarta,Permanent,2020-07-10,,ACTIVE,19610000,,3.7,2524
4300,Cecep Saptono,Female,3,Intern,Surabaya,Permanent,27/02/2017,,active,9480000,3.8,2.9,2958
4301,Ajimat Wastuti,female,7,Mid,Medan,Permanent,2021-08-16,,active,14250000,,4.7,1304
4302,Harjasa Yolanda,L,6,Junior,Jakarta,Permanent,29-11-2021,,active,12660000,3.6,4.6,2323
4303,"R. Gandi Pranowo, S.Pd",Female,3,Junior,Jakarta,Probation,09-04-2022,,ACTIVE,19640000,,3.2,1267
4304,Halima Uwais,P,10,Senior,Surabaya,Permanent,08/16/2021,,active,27630000,,3.9,2013
4305,"Tgk. Mitra Narpati, M.TI.",M,7,Lead,Jakarta,Probation,2024-02-18,,ACTIVE,28200000,2.2,3.1,4794
4306,"Drs. Teguh Fujiati, S.Pt",male,8,Senior,Bandung,Probation,26/06/2016,,Active,39180000,4.0,3.6,2524
4307,Cakrabirawa Mustofa,Male,6,Mid,Bandung,Probation,03/15/2023,2024-03-31,Resigned,20570000,2.8,3.8,4427
4308,"Sutan  Dadi  Nasyidah,  S.Sos",P,8,Junior,Remote,Permanent,06/04/2016,,Active,17560000,4.2,3.8,2634
4309,"Kasiyah Simanjuntak, M.Ak",M,1,Mid,Yogyakarta,Permanent,22-04-2024,,ACTIVE,25390000,2.8,3.5,3163
4310,siska prasasta,male,5,Intern,Remote,Contract,06-01-2020,2024-07-26,resigned,Rp8.120.000,5.0,2.7,4670
4311,Prabowo Susanti,,5,Lead,Yogyakarta,Permanent,2018-08-24,,ACTIVE,40160000 ,3.1,3.2,4739
4312,R.A. Zulaikha Nasyiah,Female,2,Senior,Remote,Permanent,2019-12-22,,ACTIVE,45470000,3.4,3.0,4219
4313,WIDYA MARYADI,female,3,Junior,Remote,Contract,17-12-2018,,ACTIVE,20430000,3.8,4.9,3335
4314,Hilda Habibi,male,10,Senior,Surabaya,Permanent,06/29/2020,,Active,27090000,2.5,3.1,4780
4315,"Raden Setiawan, S.E.I",P,6,Senior,Bandung,Permanent,13/01/2015,,active,30490000,5.0,3.2,1426
4316,"Drs. Restu Lestari, S.Kom",male,8,Lead,,Permanent,24/05/2023,,Active,44390000,4.2,2.7,4529
4317,"Cindy Halimah, M.Ak",L,2,Senior,Surabaya,Permanent,2024-11-18,,active,40880000 ,4.5,2.5,3348
4318,Caturangga Melani,Female,1,Lead,Jakarta,Permanent,17-08-2023,2024-11-10,RESIGNED,58790000,4.4,3.1,1562
4319,Umi Yuliarti,female,1,Senior,Yogyakarta,Permanent,2018-05-26,,Active,47770000,3.3,3.4,4318
4320,"dr. hardi mandasari, m.ti.",P,5,Mid,Yogyakarta,Permanent,31/05/2024,,ACTIVE,19810000,2.8,3.4,2869
4321,Elma Sinaga,F,3,Junior,Bandung,Permanent,22-06-2017,,Active,Rp23.000.000,4.0,4.2,2316
4322,"KASIYAH NOVITASARI, M.KOM.",M,8,Senior,Bandung,Probation,27/03/2022,,ACTIVE,36460000,,2.1,2138
4323,"Nilam Kusmawati, S.T.",M,3,Junior,Surabaya,Permanent,2016-03-25,,active,22540000,3.3,3.6,4986
4324,drg. Suci Padmasari,Male,2,Mid,Medan,Contract,01/18/2018,,Active,34710000,3.9,3.4,4942
4325,"argono pranowo, s.h.",F,6,Mid,Bandung,Contract,2015-03-25,2016-12-02,RESIGNED,19650000,4.0,3.5,1078
4326,JABAL PRAKASA,,2,Senior,Remote,Probation,2024-01-30,,Active,Rp42.800.000,,2.8,1039
4327,gasti samosir,male,9,Junior,Medan,Permanent,14/01/2022,,Active,13680000,3.6,2.3,1213
4328,Keisha Pertiwi,L,4,Junior,Medan,Permanent,02/09/2018,,active,15690000,3.8,3.7,3942
4329,  Warji Wahyudin ,P,7,Junior,Bandung,Permanent,2015-01-06,,ACTIVE,11090000,4.5,4.9,3053
4330,Pia Hutasoit,female,7,Senior,Surabaya,Permanent,31/01/2023,,active,23850000,3.9,3.6,2226
4331,Pardi Hutasoit,F,3,Senior,Yogyakarta,Permanent,2021-07-29,,ACTIVE,38980000,3.2,3.1,2954
4332,Maimunah Maryati,F,10,Intern,Medan,Permanent,29/01/2016,,active,6350000,,3.6,3304
4333,  Ghaliyati Padmasari ,M,2,Junior,Surabaya,Permanent,23-08-2018,2022-11-26,Resigned,21270000,3.3,3.6,2159
4334,Jaka Mulyani,male,9,Mid,Bandung,Permanent,21/12/2020,,ACTIVE,18680000,5.0,3.4,1459
4335,dr. maria hartati,L,7,Junior,Bandung,Permanent,26/09/2022,2024-10-23,Resigned,8840000,3.3,2.6,3441
4336,Mala Wasita,M,2,Junior,Medan,Probation,04/19/2017,,ACTIVE,Rp20.570.000,3.3,4.4,5344
4337,Wani  Mandasari,male,2,Senior,Medan,Permanent,2016-02-25,,active,41420000,5.0,4.5,2665
4338,Humaira Wibowo,Male,5,Senior,,Permanent,2017-06-23,,Active,34060000,2.0,3.9,2566
4339,Cemani Handayani,male,4,Mid,Yogyakarta,Permanent,16-11-2017,2024-12-15,RESIGNED,24800000,4.4,3.3,1103
4340,EMAN YULIARTI,Female,6,Mid,Yogyakarta,Contract,2022-03-18,,Active,22870000,2.3,3.0,1351
4341,Gatot Hutasoit,L,4,Junior,Medan,Permanent,2018-10-27,,ACTIVE,18090000,3.0,2.5,3772
4342,Zaenab Mardhiyah,P,4,Intern,Remote,Permanent,15/11/2023,,Active,7970000,3.5,4.8,5241
4343,Dr. Margana Hutapea,M,6,Senior,Surabaya,Permanent,30-06-2015,,Active,29840000,3.5,3.6,3451
4344,"T. Wira Pradana, S.IP",Male,9,Mid,Bandung,Contract,11-06-2024,,Active,19910000,3.1,2.8,1098
4345,Bagus Tarihoran,F,4,Senior,Bandung,Probation,14/02/2016,2023-02-24,Resigned,30370000,4.2,2.5,1239
4346,Kenes Pangestu,P,4,Junior,Surabaya,Probation,01/01/2015,,ACTIVE,15310000,4.4,4.1,4029
4347,Faizah Wulandari,P,10,Junior,Jakarta,Permanent,2021-03-28,,ACTIVE,11480000,,3.7,5376
4348,HAFSHAH SIHOMBING,male,5,Lead,Bandung,Contract,2022-06-26,,Active,45750000,3.5,5.0,2738
4349,"Yulia Zulaika, S.T.",L,8,Junior,Bandung,Contract,2023-04-09,2024-01-05,Resigned,13890000,3.4,3.7,5193
4350,Nrima  Suartini,L,4,Senior,Jakarta,Permanent,27/06/2016,,active,34280000,3.7,4.0,2256
4351,  Sabar Palastri ,L,2,Mid,Remote,Contract,12/08/2021,2022-10-04,RESIGNED,25430000,2.9,2.9,4241
4352,Ajeng Salahudin,L,5,Mid,Surabaya,Contract,02/10/2019,,Active,22350000,4.7,4.3,4469
4353,Yuni  Situmorang,F,10,Junior,Bandung,Permanent,2016-09-22,,Active,11900000,3.6,2.1,4820
4354,"dr. Warsita Waskita, M.Farm",L,6,Mid,Medan,Permanent,2016-12-02,,ACTIVE,23950000,2.8,2.1,5380
4355,"  Ir. Adinata Halimah, M.TI. ",female,3,Junior,Bandung,Permanent,2016-03-20,2018-06-23,resigned,23050000,,2.6,1975
4356,"R.M. Sakti Widodo, S.H.",P,3,Junior,Remote,Contract,20/03/2016,,Active,22950000,2.9,4.2,4448
4357,  Nyoman Pranowo ,Female,6,Junior,Medan,Contract,2023-01-02,,active,Rp13.900.000,1.6,3.4,1836
4358,Gina Maryati,female,4,Manager,Medan,Permanent,30-01-2020,,Active,65620000,3.6,3.1,1830
4359,  Drs. Usyi Hastuti ,L,5,Junior,Medan,Contract,14/01/2020,,Active,14580000,3.8,3.7,4596
4360,"Yulia Hariyah, S.Psi",P,1,Mid,Remote,Contract,2018-02-17,2021-01-09,Resigned,25470000,2.2,2.5,2433
4361,"  R. Galar Nainggolan, S.Farm ",male,6,Senior,Yogyakarta,Permanent,14-03-2017,,Active,30000000,,2.5,4879
4362,"H. Hamzah Pranowo, M.M.",F,8,Senior,Jakarta,Contract,2016-01-08,,ACTIVE,32750000,4.4,2.9,2262
4363,zulaikha puspita,Male,8,Junior,Remote,Permanent,08/09/2015,,ACTIVE,16910000,3.7,3.2,1308
4364,Hardi Mandala,L,2,Mid,Remote,Permanent,2021-04-13,,Active,26810000,4.2,3.8,2925
4365,R. Ina Anggriawan,M,5,Mid,Medan,Contract,2015-08-05,,ACTIVE,23340000,2.5,3.4,3107
4366,  Yessi Wahyuni ,male,10,Senior,Medan,Contract,12/09/2017,,Active,27470000,3.4,3.8,4255
4367,"dr. Jessica Prasetyo, S.Farm",L,9,Senior,Jakarta,Permanent,09/16/2017,,active,34840000,3.4,3.5,1790
4368,SILVIA WASKITA,L,5,Lead,Medan,Permanent,2017-11-29,,active,44670000,,2.8,3200
4369,"KH. Muhammad Nasyiah, S.Pd",male,7,Mid,Bandung,Permanent,2015-06-30,,ACTIVE,20000000,4.4,2.3,3029
4370,Rini Damanik,Male,7,Lead,Medan,Permanent,02/11/2022,,active,30470000,4.3,3.7,4530
4371,Cut Dina Mangunsong,Female,1,Mid,Remote,Permanent,2015-10-20,,active,Rp32.130.000,,4.3,3925
4372,  Qori Usamah ,Female,1,Senior,Surabaya,Probation,03/02/2020,,active,44830000,4.4,3.7,3891
4373,"Drs. Vino Sudiati, M.Farm",female,4,Lead,,Permanent,05/03/2015,2015-12-16,Resigned,41320000,3.4,5.0,2033
4374,"  drg. Kezia Putra, S.Sos ",Male,1,Senior,Jakarta,Permanent,04-09-2024,,active,38450000,4.3,1.9,4122
4375,  Kasusra Winarno ,Male,9,Mid,Remote,Permanent,30-06-2023,,ACTIVE,18320000,3.9,4.0,4405
4376,Jaswadi Kurniawan,male,8,Mid,Yogyakarta,Contract,18/09/2022,2023-06-25,RESIGNED,19090000,2.9,3.5,3986
4377,Qori Hartati,F,5,Mid,Remote,Probation,08/23/2015,,ACTIVE,23720000,4.6,3.3,3811
4378,"Umar  Sihombing,  S.Pt",L,6,Mid,Surabaya,Permanent,01/24/2023,2024-07-18,resigned,18510000,2.9,3.0,1824
4379,BALA WULANDARI,male,8,Junior,Remote,Permanent,30/11/2023,,Active,15620000,3.1,4.1,1338
4380,R.M. Anggabaya Suartini,Female,3,Junior,Medan,Contract,2017-12-04,,ACTIVE,21030000,5.0,2.5,3226
4381,Aisyah Nashiruddin,Female,4,Lead,Jakarta,Permanent,2018-03-22,,ACTIVE,43320000,4.0,4.0,4358
4382,Bagiya Winarno,,1,Mid,Jakarta,,2020-08-15,,Active,29400000,2.2,2.2,2324
4383,Farhunnisa Pradipta,F,7,Mid,Yogyakarta,Permanent,15/06/2015,,active,18560000,4.4,3.2,2824
4384,Sakura Novitasari,M,1,Junior,Bandung,Permanent,2015-01-12,,active,24020000,,3.7,4054
4385,Jaeman Hakim,Female,6,Junior,Medan,Permanent,30/12/2015,,Active,16900000,2.5,3.8,4893
4386,Padma Anggriawan,male,1,Senior,Jakarta,Permanent,07/18/2019,,Active,40740000,,3.6,4225
4387,Gamanto Zulkarnain,M,7,Senior,Surabaya,Permanent,2023-12-12,2024-08-06,RESIGNED,20990000,2.6,3.8,4775
4388,ENDAH KUSUMO,male,8,Junior,Bandung,Contract,08/02/2019,,Active,18320000,2.4,2.6,4322
4389,Kawaca Andriani,female,3,Mid,Jakarta,Permanent,08/03/2023,2024-09-03,resigned,30580000,3.9,3.7,4906
4390,Uli Hidayat,L,9,Junior,Yogyakarta,Permanent,2019-07-24,,Active,14800000 ,4.9,3.7,4682
4391,Zelaya Putra,Female,3,Mid,Jakarta,Permanent,2021-12-06,,ACTIVE,30980000,4.6,2.2,4898
4392,Tedi Putra,M,7,Junior,Jakarta,Probation,30/05/2016,2019-11-27,RESIGNED,12610000,3.8,4.2,1653
4393,mala widiastuti,female,6,Mid,Jakarta,Contract,01/11/2017,,Active,22220000,4.0,3.1,5413
4394,Endah Suartini,M,7,Mid,Surabaya,Probation,2017-12-07,,Active,16190000,4.0,3.9,3264
4395,TGK. RINI PANGESTU,L,1,Mid,Yogyakarta,Contract,2021-02-20,,Active,28300000,3.2,4.4,4575
4396,H. MAHDI HARYANTI,M,9,Senior,Remote,Permanent,2020-10-13,,active,28560000,,3.1,4701
4397,farah ardianto,L,5,Mid,Bandung,Permanent,2019-06-26,,active,18380000,3.4,4.2,2689
4398,  Ivan Haryanto ,M,7,Senior,Remote,Permanent,24/10/2022,,Active,23470000,5.0,3.3,4188
4399,"drg. Rahmi Prayoga, M.TI.",M,10,Junior,Remote,Permanent,06/11/2020,,ACTIVE,12000000,,3.6,1675
4400,Qori Lestari,P,2,Mid,Jakarta,Permanent,28/07/2019,,ACTIVE,28100000 ,5.0,2.5,3782
4401,Malika Permata,P,10,Mid,Surabaya,Permanent,06/26/2023,,ACTIVE,15940000,4.2,4.7,4732
4402,Okto Iswahyudi,Female,4,Junior,Jakarta,Permanent,26/05/2017,2020-09-18,RESIGNED,18920000,3.6,2.5,3786
4403,Septi Hasanah,L,1,Junior,Remote,Permanent,2024-03-21,,active,18360000,,2.8,1831
4404,Tira Salahudin,P,6,Junior,Surabaya,Contract,2023-06-01,,ACTIVE,14630000,2.6,3.3,3885
4405,Rahmi Natsir,Male,9,Senior,Bandung,Permanent,2017-02-03,,active,28980000,2.6,3.4,2526
4406,Hilda Nugroho,P,10,Lead,Bandung,Permanent,2018-10-24,,Active,34190000,3.7,3.9,2951
4407,drg. Michelle Winarno,M,4,Senior,Surabaya,Permanent,2022-07-01,2024-01-18,RESIGNED,33790000,3.5,3.7,2927
4408,"Cemplunk Purnawati, S.IP",female,6,Mid,Medan,Probation,09/05/2024,,Active,17220000,3.9,3.9,2243
4409,Tami Gunawan,Male,10,Intern,Surabaya,Permanent,29/08/2023,2024-04-20,resigned,5160000,3.0,3.8,4072
4410,Timbul Manullang,Male,8,Senior,Surabaya,Permanent,2024-04-24,,ACTIVE,31770000,4.4,3.3,1682
4411,sari nasyiah,L,1,Junior,Remote,Permanent,2020-03-22,,ACTIVE,Rp19.160.000,3.4,3.8,1016
4412,Salwa Hidayat,F,10,Senior,Remote,Permanent,03/06/2015,,active,28530000,3.8,3.2,1205
4413,"TARI PRATAMA, M.KOM.",P,1,Mid,Bandung,Permanent,09/05/2017,,Active,32610000,,4.0,4372
4414,VANESA PUSPASARI,Female,6,Junior,Surabaya,Permanent,06/03/2017,,Active,16020000,3.8,4.3,5468
4415,Gading Hutagalung,Male,6,Senior,Bandung,Contract,05-06-2019,,ACTIVE,31050000,5.0,3.3,1170
4416,"R. Johan Simbolon, S.Farm",Male,6,Lead,Yogyakarta,Permanent,2016-01-23,,Active,39380000,4.8,2.1,3030
4417,eli ramadan,,6,Senior,Bandung,Permanent,2021-02-07,2022-09-16,Resigned,30260000,2.6,3.2,5272
4418,Jono  Gunawan,male,9,Senior,Yogyakarta,Permanent,10/07/2020,,active,25960000,4.1,5.0,3251
4419,  Aisyah Hidayanto ,L,6,Intern,,Permanent,06/10/2015,,ACTIVE,7860000,4.9,3.7,1095
4420,"Marsito Wulandari, M.M.",Male,2,Junior,Medan,Permanent,31-05-2023,,active,19070000,4.0,3.1,2665
4421,JASMIN WACANA,P,2,Senior,Yogyakarta,Permanent,14/05/2019,2022-08-31,resigned,42780000,2.5,2.9,3435
4422,"R.A. Lala Firgantoro, S.Ked",M,5,Junior,Bandung,Contract,13/02/2015,,active,Rp17.610.000,,4.1,4975
4423,Calista Mansur,M,1,Lead,Jakarta,Permanent,28-07-2021,2024-05-22,RESIGNED,57350000,3.9,2.3,3541
4424,Salsabila Hariyah,M,6,Mid,Surabaya,Permanent,2017-09-28,,active,Rp21.090.000,4.0,3.4,1824
4425,Malika Hidayat,F,5,Manager,Medan,Permanent,2017-12-16,,ACTIVE,Rp53.140.000,2.6,3.1,5203
4426,KUNCARA WAHYUNI,,6,Mid,Remote,Permanent,2015-01-13,,active,19190000,4.3,2.9,2110
4427,Nasab Farida,F,6,Senior,Bandung,Contract,2021-11-02,,active,31690000,2.6,3.7,4788
4428,  Jarwi Setiawan ,L,1,Lead,Jakarta,Contract,28/06/2018,,Active,59570000,,3.7,1471
4429,"R. Ella Budiyanto, M.Ak",P,1,Lead,Bandung,Permanent,2016-03-21,,active,62140000,5.0,4.0,2780
4430,Cecep Sihombing,F,2,Senior,Medan,Permanent,2018-11-05,,ACTIVE,40740000,5.0,4.1,4635
4431,KASUSRA WIJAYA,P,3,Junior,Remote,Permanent,08/03/2017,,active,18160000,3.9,5.0,1924
4432,Bahuwarna Winarsih,male,1,Mid,Bandung,Permanent,20-10-2021,,active,28860000,,2.7,1997
4433,"Dt. Murti Saputra, S.E.I",female,7,Mid,Yogyakarta,Permanent,31/01/2018,,ACTIVE,16800000,3.5,2.9,3042
4434,Kani Nugroho,Female,10,Mid,Remote,Permanent,30-05-2015,,Active,18890000,3.3,3.2,1958
4435,Nasab Firmansyah,Female,7,Mid,Remote,Permanent,2023-05-19,2024-05-20,RESIGNED,14550000,3.9,2.9,3498
4436,"Kasiran Pratama, M.M.",P,10,Mid,Yogyakarta,Permanent,2017-08-31,,active,18150000,4.2,4.1,2465
4437,"Alika Usada, M.TI.",M,3,Mid,Jakarta,Permanent,28/10/2020,,ACTIVE,31290000,3.4,4.1,5388
4438,"Mujur Wahyuni, S.IP",Female,3,Lead,Jakarta,Probation,02/10/2023,,ACTIVE,53730000,4.7,3.8,5154
4439,Shakila Samosir,Male,10,Intern,Surabaya,Permanent,31/10/2020,,active,6560000,2.9,3.0,1353
4440,Anastasia Rahimah,Male,7,Senior,Jakarta,Permanent,05/03/2024,,active,21010000,4.1,3.3,5101
4441,Asirwada Waluyo,F,4,Lead,,Permanent,25/10/2015,,Active,44790000,3.2,4.2,4658
4442,"Sutan Wisnu Prayoga, S.I.Kom",Male,7,Senior,Surabaya,Permanent,2023-08-11,2024-07-30,resigned,20730000,3.6,2.7,1203
4443,Daliono Iswahyudi,F,2,Lead,Yogyakarta,Permanent,2020-09-16,,Active,44540000,3.8,4.1,3435
4444,Imam Dabukke,P,7,Intern,Yogyakarta,Permanent,09/01/2022,,ACTIVE,5360000,3.8,3.1,1576
4445,Gandi Nababan,M,3,Junior,Medan,Contract,19/12/2021,,active,18340000,4.1,3.7,2395
4446,"Mulyono Haryanto, S.H.",F,10,Mid,,Permanent,2023-05-29,,Active,16700000,,3.2,4952
4447,RADITYA WIDIASTUTI,Male,8,Junior,Yogyakarta,Contract,2023-11-26,,active,11840000,2.0,2.2,4888
4448,Nyoman Marbun,P,3,Lead,Remote,Contract,05/07/2018,,ACTIVE,51830000,3.9,3.2,1335
4449,  Heryanto Mulyani ,M,1,Mid,Remote,Permanent,27/07/2019,2021-05-15,resigned,32220000,4.0,3.1,2477
4450,rahman simbolon,Male,1,Junior,Yogyakarta,Permanent,07/08/2015,2020-03-30,resigned,20330000,2.9,3.3,1086
4451,PUTRI UTAMI,L,5,Junior,Medan,Permanent,16/10/2021,,active,14810000,2.7,4.0,3886
4452,Leo Pranowo,male,5,Junior,Bandung,Probation,2024-01-04,2024-11-25,resigned,13540000,,3.4,1967
4453,dr. Wakiman Aryani,Female,3,Mid,Bandung,Permanent,11-11-2017,,active,32970000,4.1,2.5,4484
4454,Daru Prabowo,F,7,Mid,,Contract,08/07/2023,,ACTIVE,16070000,4.2,2.4,1886
4455,Garda Sinaga,F,1,Mid,,Permanent,2024-04-23,,ACTIVE,26520000,3.8,3.7,2299
4456,Aditya Wacana,P,2,Mid,Surabaya,Permanent,2016-01-03,,Active,33160000,3.1,2.7,1167
4457,"Galih Budiman, S.Sos",F,7,Lead,Medan,Permanent,2021-06-30,,Active,30850000,,3.5,1624
4458,Jagapati Prasetya,F,5,Junior,Medan,Contract,2021-05-04,2021-12-13,Resigned,16050000,2.8,4.3,4856
4459,maryadi setiawan,male,2,Senior,Jakarta,Permanent,18/12/2016,,Active,39690000 ,4.0,4.1,1757
4460,"Leo Uwais, S.Gz",Male,6,Lead,Yogyakarta,Permanent,2018-04-20,,Active,37760000,4.0,4.6,4525
4461,Timbul Pratama,male,8,Mid,Jakarta,Probation,29/07/2019,,ACTIVE,Rp22.210.000,3.7,3.9,1964
4462,Ilsa Rahimah,P,7,Junior,Jakarta,Permanent,26-09-2016,,Active,11920000,3.7,3.9,1755
4463,CIAOBELLA NASYIAH,F,3,Junior,Bandung,Permanent,2015-05-06,,Active,21000000,3.2,3.3,2248
4464,"Drs. Cawisono Ramadan, S.IP",female,7,Lead,,Permanent,2021-04-19,,Active,28890000,4.4,3.4,5494
4465,dr.  Siti  Wibisono,male,10,Mid,,Contract,2018-08-27,,ACTIVE,18210000,4.7,2.8,5354
4466,"  Wahyu Mansur, S.Psi ",L,5,Mid,Medan,Permanent,31/10/2020,,active,19950000,3.8,3.7,4822
4467,Makara Simanjuntak,F,6,Lead,Yogyakarta,Contract,14/04/2024,2024-11-24,Resigned,40190000,3.1,4.3,1406
4468,"Hj. Novi Hidayat, S.Psi",M,10,Mid,Medan,Permanent,08/06/2016,,Active,Rp20.490.000,3.9,4.7,1166
4469,lulut padmasari,F,5,Manager,Bandung,Permanent,2015-05-03,,ACTIVE,55610000,3.4,4.2,5203
4470,Kezia Melani,P,7,Junior,Yogyakarta,Permanent,2021-02-08,,ACTIVE,11760000,3.5,3.1,2815
4471,"Opung  Pradipta,  M.TI.",L,7,Senior,Medan,Permanent,10/15/2023,,active,25100000,3.5,5.0,4815
4472,Cut Gina Damanik,F,9,Junior,Bandung,Permanent,25/01/2022,2024-11-19,resigned,Rp12.530.000,4.3,2.9,3762
4473,Puti Ira Prakasa,female,6,Mid,Remote,,01/26/2024,,Active,19440000,3.8,3.2,2392
4474,"Maria Prasasta, M.Ak",M,1,Mid,Surabaya,Permanent,2023-08-06,2024-10-29,Resigned,29440000,3.3,1.0,4946
4475,Asmuni Mandala,L,10,Junior,Surabaya,Permanent,2017-10-28,,active,13750000,2.5,4.0,3205
4476,  Najwa Sihombing ,L,7,Manager,Surabaya,Contract,2017-09-12,,active,41900000,3.8,2.2,4815
4477,Cakrawangsa Waluyo,F,2,Mid,Jakarta,Contract,2022-01-08,,active,30850000,3.9,3.7,4156
4478,Maras Firgantoro,Male,6,Mid,Jakarta,Permanent,13/05/2020,,Active,18880000,4.1,3.6,2451
4479,VIRMAN RAHIMAH,P,9,Mid,Yogyakarta,Permanent,2021-09-25,,Active,20920000,5.0,4.2,5185
4480,  Ulya Sitompul ,male,3,Mid,Yogyakarta,Permanent,23-04-2016,,Active,33450000,4.0,3.8,3944
4481,  Estiawan Simanjuntak ,M,4,Mid,Medan,Permanent,29-11-2015,,Active,24120000,1.9,4.8,4590
4482,"Panji Gunarto, M.TI.",L,5,Junior,Yogyakarta,Permanent,16/07/2015,,active,Rp15.300.000,,2.7,5288
4483,"dr. Marsudi Suwarno, S.Ked",P,8,Mid,Medan,Permanent,25/11/2015,,ACTIVE,23760000,4.2,4.1,5093
4484,Slamet Sitompul,F,3,Lead,Bandung,Contract,2015-08-11,,Active,58360000,4.2,3.1,3037
4485,  Hesti Putra ,M,7,Mid,Yogyakarta,Permanent,11/10/2024,,active,15580000,4.4,2.6,3029
4486,  Dt. Umaya Widiastuti ,Male,9,Mid,Bandung,Permanent,26/07/2015,,active,20790000,3.9,3.8,1092
4487,Rama Prasetya,F,1,Mid,Yogyakarta,Permanent,2015-03-10,,ACTIVE,32450000 ,3.2,3.4,1950
4488,drg. Putri Sinaga,F,5,Mid,Yogyakarta,Contract,2019-05-20,2023-11-17,resigned,22530000,1.1,3.0,5288
4489,Ilyas Usamah,,6,Junior,Remote,Permanent,07/23/2023,,Active,Rp13.780.000,2.5,2.6,4062
4490,Atmaja Lestari,Male,3,Manager,Remote,Contract,12-11-2018,2020-05-22,Resigned,64480000,2.9,2.1,3073
4491,  Xanana Nababan ,Female,9,Junior,Bandung,Permanent,2019-04-24,,ACTIVE,14390000,2.7,3.7,3223
4492,Mahesa Megantara,M,2,Mid,Jakarta,Permanent,2023-08-17,,active,28460000,2.3,4.8,3835
4493,Budi  Iswahyudi,F,9,Senior,Bandung,Permanent,10/03/2015,,active,28120000,3.7,3.6,3267
4494,Lega Pudjiastuti,L,8,Junior,Surabaya,Permanent,2016-01-01,,active,18930000,4.1,4.4,1248
4495,"R.A. Gilda Mayasari, S.Pt",Male,8,Junior,Yogyakarta,Permanent,09/04/2017,,Active,17750000,3.7,3.9,4212
4496,TARI HASTUTI,,8,Head,Remote,Permanent,16/03/2020,2021-08-14,resigned,86470000,4.1,2.7,
4497,  Eli Napitupulu ,L,1,Head,Bandung,Permanent,2015-01-02,,ACTIVE,110980000,,4.9,
4498,Irwan Nugroho,Male,2,Lead,Remote,Permanent,2024-04-02,,active,46710000,2.5,3.4,1757
4499,R.A. Ilsa Suwarno,F,3,Senior,Surabaya,Permanent,23/07/2020,,Active,34820000,3.7,3.9,2654
4500,dr. siska pangestu,Male,10,Lead,Remote,Permanent,2017-06-12,,ACTIVE,39820000 ,1.8,3.6,4619
4501,Zelda Laksmiwati,female,5,Junior,Remote,Probation,19/12/2017,,active,15340000 ,4.6,3.2,3189
4502,Wasis Tarihoran,Female,5,Mid,Yogyakarta,Permanent,15-07-2015,,Active,23540000,3.6,4.5,1725
4503,KEISHA MARBUN,L,10,Junior,Surabaya,Probation,02/03/2024,2024-10-03,Resigned,9780000,2.1,4.3,1943
4504,MAIDA ANGGRAINI,M,1,Mid,Surabaya,Contract,2020-01-25,,ACTIVE,28450000,5.0,2.7,4121
4505,Drs. Oman Astuti,F,6,Lead,Bandung,Contract,10-04-2020,,Active,39390000,3.3,3.9,4204
4506,"R.M. Reza Laksmiwati, S.Ked",P,7,Lead,Bandung,Permanent,26/06/2022,,ACTIVE,28770000,,4.7,2200
4507,"dr. irsad hutasoit, s.pd",Male,1,Mid,Medan,Permanent,02-03-2022,2024-01-14,RESIGNED,29150000,3.2,3.1,4884
4508,Drs.  Eva  Puspasari,M,4,Senior,,Permanent,2016-02-24,,Active,Rp39.690.000,2.9,2.8,3516
4509,"ellis rajasa, s.sos",F,10,Mid,Surabaya,Permanent,03/12/2016,,active,18820000,3.3,3.9,2730
4510,Ina Hasanah,F,8,Senior,Medan,Permanent,18-10-2023,,ACTIVE,33530000 ,1.0,3.8,1082
4511,keisha purwanti,F,9,Mid,Medan,Permanent,09/19/2024,,active,15490000,,4.1,4239
4512,Dr. Belinda Sitorus,Male,2,Mid,Medan,Permanent,2024-07-05,,Active,26130000,5.0,3.6,2417
4513,Nasrullah Halimah,female,2,Mid,Medan,Permanent,07/31/2019,2021-05-09,Resigned,30390000,4.8,2.4,2120
4514,Chandra Nainggolan,,3,Junior,Medan,Permanent,11/07/2020,,Active,19670000,,3.9,2760
4515,Adinata Mardhiyah,female,2,Senior,Jakarta,Permanent,2019-07-08,,active,46410000,5.0,3.9,3880
4516,"Tari Wahyudin, M.Kom.",male,7,Junior,,Permanent,2019-07-08,,Active,11070000,4.7,5.0,1417
4517,Lidya Widodo,P,3,Senior,Bandung,Contract,23-10-2020,,Active,42110000,5.0,3.9,3037
4518,"Kasiyah Winarno, M.Kom.",male,9,Manager,Yogyakarta,Permanent,2019-02-04,,ACTIVE,46390000,4.6,3.7,3798
4519,Syahrini Rahmawati,Male,5,Senior,Bandung,Permanent,22-05-2022,,ACTIVE,29450000,4.2,2.4,5288
4520,hasan firgantoro,female,3,Senior,Jakarta,Probation,2018-09-05,,Active,43770000,3.3,2.9,1335
4521,Harsana Pratiwi,F,5,Senior,Medan,Probation,02/03/2015,,active,Rp30.120.000,4.1,4.7,3851
4522,Dagel Fujiati,M,8,Junior,Medan,Permanent,2022-09-13,,ACTIVE,15960000,2.3,3.7,2247
4523,Vera Tampubolon,male,8,Mid,,Permanent,2020-11-11,,Active,Rp22.890.000,2.8,2.8,4510
4524,H. Jindra Usada,L,8,Junior,Yogyakarta,Permanent,2018-09-02,,Active,15010000,3.6,4.0,1157
4525,"kartika hakim, s.sos",,6,Manager,Remote,Permanent,02/04/2021,,active,Rp50.520.000,3.2,2.8,5491
4526,UNJANI PRAYOGA,,1,Mid,Surabaya,Contract,2021-12-28,,active,27840000,4.6,4.4,4872
4527,JATI FIRMANSYAH,M,10,Junior,Surabaya,Contract,10/10/2016,2017-09-09,RESIGNED,12510000,4.7,1.7,1067
4528,"dr. Siti Wastuti, S.Ked",male,4,Senior,Yogyakarta,Probation,06/05/2022,,active,31280000,4.0,3.2,1575
4529,"Salwa Yuliarti, S.E.I",Female,8,Manager,Remote,Permanent,09/09/2020,,ACTIVE,54400000,3.2,4.0,2414
4530,Rahmi Hasanah,P,7,Manager,Medan,Permanent,2024-06-27,,Active,38230000,,2.7,2112
4531,"Cakrajiya Rajasa, S.H.",L,6,Intern,Yogyakarta,Permanent,2022-04-05,2023-09-22,Resigned,5490000,2.7,2.5,1426
4532,Ir. Salimah Marpaung,Female,10,Mid,Jakarta,Permanent,01-02-2024,,Active,15800000,2.3,3.9,4928
4533,Bambang Iswahyudi,F,6,Junior,Bandung,Permanent,2016-01-11,,active,15460000,3.6,3.4,4902
4534,"Narji Winarno, S.Sos",F,6,Lead,Bandung,Permanent,2020-01-08,,active,Rp42.470.000,3.6,4.1,1573
4535,"Rini Hutapea, M.TI.",M,8,Mid,Yogyakarta,Permanent,04/18/2015,,Active,21630000,1.7,3.3,1900
4536,Taufik Anggraini,M,3,Junior,Remote,Probation,20-11-2021,2024-02-20,RESIGNED,19490000,3.7,3.0,5180
4537,radit aryani,P,6,Mid,Yogyakarta,Permanent,2021-11-05,,active,19430000,3.1,3.4,2040
4538,Talia Sihombing,Female,7,Lead,Bandung,Contract,02-09-2020,,Active,29680000,,3.0,3441
4539,  Dr. Maryanto Wibowo ,Male,6,Mid,Bandung,Permanent,2018-08-04,,ACTIVE,20120000,4.9,4.0,3813
4540,Tgk. Uchita Zulkarnain,M,10,Intern,Surabaya,Permanent,2023-11-13,,Active,6120000,3.0,3.9,2950
4541,"h. tedi irawan, s.ip",Male,9,Junior,Remote,Permanent,06/21/2019,,active,15610000,4.5,3.5,4196
4542,"KEMAL SITUMORANG, S.E.I",M,7,Mid,Jakarta,Permanent,2019-02-19,2021-02-19,resigned,16000000,,3.1,4815
4543,Ulva Pranowo,female,4,Mid,Yogyakarta,Permanent,22/06/2023,,Active,19390000,3.5,4.4,1402
4544,"Lala Samosir, S.Ked",P,7,Senior,Jakarta,Permanent,09/09/2022,,Active,25700000,3.9,3.1,5305
4545,RAHMAN LESTARI,male,6,Junior,Medan,Permanent,2016-11-18,,ACTIVE,14820000,4.1,2.8,4553
4546,Bakti Hidayat,female,8,Junior,Surabaya,Permanent,23-07-2024,,active,13990000,3.1,3.6,5231
4547,"h. hamzah novitasari, s.farm",F,3,Junior,Bandung,Permanent,01-03-2020,,active,19590000,3.7,3.6,4014
4548,"Edward Astuti, S.E.",Female,1,Mid,Remote,Probation,30/01/2017,,Active,30410000,3.2,3.5,4429
4549,Hardi  Nashiruddin,Female,6,Mid,Bandung,Contract,2023-11-08,,Active,19550000,3.2,5.0,4216
4550,"Diana Napitupulu, M.Kom.",male,2,Junior,Medan,Probation,15/02/2021,,active,19150000,4.7,3.3,3202
4551,Jefri Kusumo,F,1,Mid,Jakarta,Permanent,17/07/2019,,active,32740000,4.5,2.9,2540
4552,QORI PRABOWO,F,2,Senior,,Permanent,03/02/2017,,Active,46010000,4.9,2.4,3735
4553,Daliono Halim,female,6,Mid,Surabaya,Permanent,2016-12-29,,Active,23240000,4.2,3.3,1835
4554,"Elvina Nababan, S.T.",M,6,Lead,Bandung,Contract,2019-07-12,,Active,40670000,4.4,2.4,1835
4555,"drg. Maida Utami, M.Ak",M,9,Mid,Remote,Permanent,07/11/2018,,ACTIVE,20220000,4.3,4.7,4645
4556,Taswir Usada,M,9,Mid,Medan,Permanent,25-08-2024,,Active,18210000,4.7,4.1,1184
4557,Bahuwirya Sihombing,P,10,Mid,Remote,Permanent,21/02/2019,,ACTIVE,18950000,4.7,4.0,2461
4558,Harja Maheswara,female,4,Senior,Medan,Permanent,2019-05-02,,ACTIVE,34790000,2.6,3.1,3598
4559,Bella Siregar,Female,7,Senior,Remote,Permanent,24-06-2023,,Active,24450000,3.7,2.7,4056
4560,Lanang Prakasa,Female,3,Mid,Remote,Permanent,2017-07-07,2021-06-11,resigned,35480000,3.5,4.2,1379
4561,Nova Wulandari,Male,1,Senior,Medan,Permanent,2024-05-02,2024-12-29,RESIGNED,39650000,3.9,3.8,1016
4562,"R. Adika Halim, S.T.",M,10,Junior,Remote,Permanent,2017-03-26,,Active,11290000,4.4,1.8,1067
4563,"Dt. Mulya Padmasari, S.Gz",Male,7,Mid,Jakarta,Contract,07-01-2018,,Active,Rp17.580.000,2.4,4.3,3498
4564,  Danuja Nurdiyanti ,male,1,Mid,Surabaya,Permanent,2019-06-04,,active,30030000,4.1,4.2,2757
4565,"Dt. Harimurti Suartini, M.TI.",M,9,Manager,Bandung,Permanent,31/08/2018,,ACTIVE,Rp53.590.000,4.4,3.1,1153
4566,"T. Wardi Laksita, M.Kom.",L,5,Senior,Bandung,Contract,08/02/2019,,ACTIVE,30990000,2.5,3.5,2610
4567,"TGK. LUKITA ARYANI, S.PSI",female,5,Mid,Medan,Permanent,2023-03-01,,active,19040000,4.1,1.8,4790
4568,SABRINA SIREGAR,female,6,Senior,Jakarta,Permanent,07/01/2020,,ACTIVE,32720000,4.1,3.5,1351
4569,Yuliana Permadi,Female,6,Senior,Remote,Contract,29-06-2024,,active,Rp27.960.000,4.6,3.8,3279
4570,SALWA WACANA,F,8,Senior,Jakarta,Permanent,2023-08-19,,Active,26310000,3.1,1.7,3986
4571,Rahmi Hakim,Male,8,Junior,Medan,Probation,2020-02-14,,ACTIVE,16220000,4.1,4.2,3495
4572,Julia Januar,Male,7,Junior,Yogyakarta,Permanent,2022-10-22,,Active,10790000,4.2,2.8,1755
4573,JAGA WACANA,L,2,Mid,Surabaya,Permanent,2023-07-01,,active,24050000,3.5,3.3,4552
4574,"Zahra Mandala, S.Ked",L,4,Mid,Medan,Contract,06/21/2024,,active,20390000,4.3,3.8,1222
4575,Puti Paris Setiawan,Female,1,Senior,Bandung,Probation,2019-07-06,,ACTIVE,48620000,4.1,4.5,2376
4576,"Umi Prayoga, S.I.Kom",F,5,Lead,,Permanent,2019-09-01,2021-12-23,RESIGNED,31230000,2.4,2.2,4164
4577,Raina Wahyuni,female,10,Junior,Surabaya,Contract,2021-01-16,,active,11800000,2.7,2.7,2318
4578,"Dr. Oliva Zulkarnain, S.Kom",L,4,Mid,Medan,Permanent,11/07/2020,,ACTIVE,Rp20.750.000,3.2,3.7,4929
4579,Makuta Sinaga,Female,2,Senior,,Permanent,2021-01-26,,ACTIVE,41190000,4.7,3.4,2665
4580,Mahesa Tarihoran,P,7,Junior,Remote,Contract,07/12/2023,,active,8230000,2.1,3.1,3001
4581,"Cut Yani Simbolon, M.M.",Female,9,Manager,Surabaya,Probation,29/12/2016,,Active,50180000,5.0,3.0,3798
4582,Luluh Laksita,L,4,Mid,Yogyakarta,Probation,2015-12-06,,Active,25080000,3.2,3.2,5254
4583,  Ulya Suryatmi ,male,10,Senior,Jakarta,Contract,2016-07-11,,active,26940000,3.4,4.3,2442
4584,"R. GANTAR ARYANI, M.KOM.",L,4,Mid,Surabaya,Permanent,30-09-2016,,Active,Rp22.850.000,,2.7,2621
4585,"Sabri Januar, S.Sos",Male,2,Lead,Bandung,Permanent,25/10/2015,,ACTIVE,56210000,2.1,2.6,3603
4586,rachel nababan,M,4,Senior,Jakarta,Permanent,2023-12-18,2024-09-04,Resigned,32710000,3.5,2.5,3531
4587,"Dinda Nurdiyanti, M.Farm",,8,Junior,Medan,Permanent,24/10/2018,,Active,15400000,3.2,4.5,4846
4588,"  H. Johan Firmansyah, S.E.I ",Female,4,Lead,Remote,Permanent,25/03/2021,,ACTIVE,43400000,,3.4,4658
4589,  Wulan Irawan ,P,7,Intern,Medan,Permanent,2018-03-10,,Active,4740000,3.5,3.9,1438
4590,ZAHRA WULANDARI,female,4,Senior,Remote,,30/07/2021,,Active,35220000,3.5,2.9,1126
4591,drg. Cawisadi Hassanah,P,7,Junior,Bandung,Permanent,2024-07-15,,active,Rp9.930.000,3.2,3.6,3211
4592,Jaya Wijayanti,F,2,Mid,Remote,Permanent,2023-01-25,,Active,28150000,3.9,5.0,2665
4593,Sutan Dimaz Prabowo,L,1,Mid,Medan,Probation,2016-06-15,,Active,32940000,3.9,2.8,1513
4594,Parman Wahyuni,L,6,Junior,Jakarta,Permanent,2019-02-19,,ACTIVE,14320000,2.5,4.2,1835
4595,"Clara Kurniawan, S.Farm",M,1,Manager,Jakarta,,2022-12-08,,active,64820000,3.7,4.2,2805
4596,"Ana Marpaung, S.Psi",M,5,Mid,Medan,Permanent,05/18/2024,2024-11-26,Resigned,19560000,3.1,3.4,5052
4597,VIVI SETIAWAN,male,6,Mid,Jakarta,Permanent,11/01/2022,,active,19310000,2.2,3.4,4840
4598,Najib Rajasa,Male,5,Senior,Yogyakarta,Permanent,04/01/2016,,Active,31840000,2.8,3.8,3422
4599,"jaswadi winarsih, s.ip",L,7,Junior,Yogyakarta,Permanent,04/15/2017,,active,12030000 ,2.6,4.3,2076
4600,"Cahya  Nasyidah,  M.Kom.",L,1,Junior,Medan,Permanent,08/08/2023,,active,Rp19.920.000,2.5,2.9,4497
4601,Raden Sitorus,P,4,Mid,Surabaya,Permanent,2016-12-25,,active,22380000,3.6,4.0,3345
4602,"R.A. Ratih Rahimah, S.Pt",F,5,Senior,Surabaya,Permanent,2017-12-02,,Active,32960000,5.0,2.3,2572
4603,"  Gangsa Waluyo, S.Sos ",P,6,Junior,Bandung,Contract,2020-06-04,,Active,14630000,4.7,3.9,3008
4604,"Maras Purwanti, S.Farm",male,9,Mid,Medan,Contract,25-08-2018,2020-02-25,Resigned,20110000,2.8,3.8,3756
4605,"SUTAN DARMANA RAJATA, S.IP",F,4,Senior,Medan,Permanent,16/04/2019,,ACTIVE,Rp35.010.000,,2.8,3089
4606,clara kusumo,L,10,Mid,Bandung,Permanent,2019-05-27,2024-10-06,resigned,17320000,3.2,4.6,1808
4607,Ganep Rahayu,L,1,Mid,Jakarta,Permanent,28/03/2022,,active,26770000,5.0,3.6,5125
4608,PANCA LATUPONO,L,10,Junior,Remote,Permanent,23/03/2017,,ACTIVE,14440000 ,3.2,3.3,2129
4609,dr. Dian Sihotang,Male,6,Intern,Surabaya,Permanent,24/05/2024,,Active,Rp6.160.000,3.2,3.5,4534
4610,Ratih Adriansyah,L,6,Senior,Medan,Permanent,19-06-2021,,ACTIVE,34050000,3.0,2.2,4460
4611,almira rahayu,F,9,Senior,Jakarta,Permanent,2024-11-19,,active,28560000,3.5,3.8,4858
4612,SUTAN SLAMET WIBISONO,female,3,Junior,Jakarta,Permanent,2022-05-16,,ACTIVE,18780000,3.3,2.8,2800
4613,Jamalia Utama,M,9,Mid,,Contract,2021-03-15,,Active,19040000,3.4,3.2,2756
4614,"  Ir. Warji Mahendra, M.TI. ",Female,7,Senior,Bandung,Contract,2022-04-29,,ACTIVE,22160000,3.2,2.6,5305
4615,"Luhung Rahayu, S.H.",Male,5,Junior,Surabaya,Permanent,08/04/2018,,Active,15490000,3.6,4.0,4736
4616,Harto Anggriawan,M,2,Manager,Yogyakarta,Permanent,26/06/2020,,active,70990000,3.5,3.0,3603
4617,drg. Galih Maulana,Female,5,Mid,Surabaya,Permanent,15-06-2017,2022-05-10,RESIGNED,24020000,3.8,2.3,3200
4618,"  Tgk. Zalindra Prasetya, M.Kom. ",L,9,Senior,,Permanent,05/27/2021,,ACTIVE,28450000,1.9,3.6,4581
4619,"JAGA MAULANA, M.AK",F,10,Manager,Jakarta,Permanent,08/11/2021,,Active,41030000,3.6,4.8,2792
4620,dalima widiastuti,F,8,Mid,Medan,Permanent,2021-10-08,,active,23780000,3.2,3.8,2513
4621,"Cut Rahayu Simanjuntak, S.Pd",L,8,Senior,Bandung,Permanent,2021-05-27,2022-04-15,resigned,24870000,2.9,2.2,2664
4622,H. Bancar Saefullah,male,8,Mid,Yogyakarta,Permanent,2022-06-23,,Active,22370000,,3.8,4283
4623,"Ir. Natalia Usamah, S.Kom",,3,Senior,,Contract,23/01/2023,2024-12-05,resigned,47460000,2.2,3.5,2511
4624,Icha Waluyo,F,9,Senior,Medan,Probation,2016-07-20,,Active,31880000,3.3,4.6,1882
4625,Rusman Sitorus,male,6,Mid,Jakarta,Permanent,2016-06-19,2024-07-12,RESIGNED,20820000,1.8,3.4,5380
4626,raden pranowo,,4,Junior,Remote,,2019-06-15,,ACTIVE,17240000 ,3.5,4.0,1090
4627,"  R.A. Tira Habibi, S.E. ",M,7,Senior,Surabaya,Permanent,10-12-2016,2017-12-07,Resigned,23220000,3.9,4.3,1464
4628,"Dr. Titi Wijaya, S.Pd",Female,3,Mid,Remote,Contract,20-10-2021,,ACTIVE,26490000,3.2,3.2,4961
4629,"Hj. Zizi Manullang, S.Ked",female,10,Junior,Remote,Permanent,2018-12-01,,active,11880000,2.6,3.8,4981
4630,dr. Gandi Anggraini,P,3,Junior,Bandung,Permanent,26/06/2022,,ACTIVE,19800000,3.3,4.3,4935
4631,"Jasmani Tampubolon, S.Sos",P,8,Mid,Jakarta,Permanent,07/09/2015,,active,24050000,4.4,3.6,4322
4632,  Belinda Nuraini ,Female,3,Senior,Remote,Permanent,05/22/2018,2023-03-25,Resigned,50120000,1.2,1.6,3073
4633,"Intan Suryono, S.Kom",P,2,Junior,Surabaya,Contract,24/03/2016,,Active,22570000,3.5,3.2,3348
4634,"Zamira Pudjiastuti, S.Sos",M,9,Manager,Medan,Contract,2017-05-10,,active,45740000,,4.1,5466
4635,Cahyadi Sinaga,male,2,Lead,Remote,Permanent,04-04-2015,,ACTIVE,57720000,2.8,5.0,2095
4636,"KH. Laksana Habibi, S.Pd",F,7,Mid,Bandung,Permanent,2022-06-12,2023-10-15,resigned,17700000,5.0,1.8,1955
4637,SAFINA MARPAUNG,L,10,Junior,,Contract,21/08/2015,,Active,11920000,4.6,2.1,2474
4638,r. maimunah laksmiwati,,5,Mid,Medan,Permanent,09/04/2020,2024-08-12,resigned,Rp20.720.000,3.6,4.4,4975
4639,Dalima Pranowo,L,10,Mid,Remote,Permanent,17-08-2016,,ACTIVE,18570000,3.1,3.2,4116
4640,Rangga Napitupulu,male,6,Mid,Jakarta,Contract,18-04-2016,,Active,19990000,2.9,2.8,1835
4641,"Sadina Anggriawan, S.I.Kom",P,4,Senior,Remote,Permanent,07-08-2019,,Active,36000000,,3.5,4588
4642,"  Zamira Permata, S.IP ",male,9,Lead,Remote,Permanent,2021-10-17,,ACTIVE,38860000,2.5,2.6,5466
4643,"panji maulana, s.sos",M,6,Head,,Contract,2019-04-17,,ACTIVE,65090000,,2.4,
4644,Shania Narpati,Male,3,Mid,Jakarta,Permanent,10/05/2016,,active,27400000,3.7,3.1,4146
4645,Bakti Tamba,female,9,Senior,Medan,Permanent,03/06/2022,,Active,23220000,2.0,3.4,5321
4646,Elma Habibi,M,7,Mid,Remote,Permanent,21-03-2017,,Active,19870000,3.2,4.9,4476
4647,kamidin yulianti,Male,3,Junior,,Permanent,17/04/2018,,active,23380000,2.9,2.9,2812
4648,Rika Fujiati,M,3,Lead,Yogyakarta,Permanent,01/05/2021,2022-07-05,Resigned,55430000 ,4.1,3.4,1335
4649,Lutfan Waskita,,1,Manager,Bandung,Permanent,2023-09-17,,active,70790000,4.2,4.1,2805
4650,Anom  Lazuardi,P,4,Mid,Jakarta,Contract,22/12/2016,2020-08-28,RESIGNED,24420000,,3.9,4081
4651,hasta lestari,Female,1,Lead,Surabaya,,05/01/2022,,active,52880000,,4.5,4595
4652,Shakila Riyanti,Female,10,Senior,Surabaya,Permanent,07/05/2016,,ACTIVE,25490000,4.8,4.7,2218
4653,Martani Waluyo,Male,1,Junior,Bandung,Permanent,02/06/2024,,Active,20090000,3.8,4.3,3325
4654,"H. Raden Winarsih, S.Pt",female,6,Senior,,Contract,2018-12-04,,ACTIVE,29340000,3.2,4.1,1219
4655,"  drg. Saka Yulianti, S.Sos ",L,9,Junior,Remote,Permanent,12-01-2024,,active,12690000,2.9,4.0,1400
4656,Siti Yolanda,Female,2,Junior,Medan,Permanent,09-06-2016,,ACTIVE,21300000,2.7,2.8,2306
4657,Kartika Anggriawan,male,3,Senior,Jakarta,Permanent,15-09-2023,2024-10-31,resigned,39900000,3.4,2.2,3917
4658,Bambang Hutasoit,Male,4,Manager,Medan,Permanent,03/10/2019,,active,59850000,1.9,3.2,5155
4659,Jindra Yuniar,Female,4,Mid,Bandung,,06/05/2019,,active,24930000,3.0,3.5,1103
4660,"Upik Melani, S.H.",Male,3,Intern,Remote,Permanent,28-11-2017,,ACTIVE,9690000,3.6,3.5,3396
4661,  Langgeng Pertiwi ,Male,6,Mid,Jakarta,Permanent,07/30/2016,,active,18860000,,3.0,4315
4662,  Dr. Ika Kuswoyo ,female,8,Lead,Bandung,Permanent,20-11-2021,,ACTIVE,40520000,3.5,4.3,2896
4663,"Drs. Cemeti Winarno, M.Kom.",Female,6,Junior,Medan,Permanent,05/09/2015,,ACTIVE,16700000,3.4,3.0,4968
4664,"Nardi Fujiati, S.Pd",Male,1,Junior,Medan,Permanent,2019-11-02,,ACTIVE,21560000,3.8,2.9,3595
4665,R. Cinthia Simbolon,L,2,Senior,Medan,Permanent,16/06/2016,2020-02-08,Resigned,41790000,2.9,4.6,4823
4666,Nasab Nasyiah,M,1,Intern,Bandung,Contract,2018-11-03,,ACTIVE,10690000,3.5,4.0,3995
4667,  Halim Damanik ,L,3,Mid,Surabaya,Permanent,27/06/2017,,Active,Rp30.660.000,5.0,4.1,4438
4668,Puti Nasyiah,male,8,Mid,Yogyakarta,Probation,25/05/2016,2020-12-17,RESIGNED,24230000,2.3,4.4,2262
4669,"KH. Karta Lestari, S.Pt",P,7,Mid,Surabaya,Permanent,18/02/2019,,active,16790000,,3.1,2691
4670,Drs. Kawaya Yulianti,F,5,Mid,Surabaya,Permanent,12/19/2019,,ACTIVE,19200000,4.8,3.9,2798
4671,Parman Pranowo,P,9,Junior,Surabaya,Permanent,16/06/2024,2024-12-20,resigned,13630000,3.2,4.9,3036
4672,"Usman Lazuardi, S.E.",Male,2,Senior,Surabaya,Permanent,2016-07-14,,ACTIVE,40870000,3.3,2.4,3607
4673,"Ir. Talia Najmudin, S.Ked",L,3,Mid,Jakarta,Contract,03/28/2016,2017-05-25,Resigned,31660000,3.1,3.6,3571
4674,DRG. RAHARJA SIHOTANG,L,9,Junior,Remote,Contract,2015-06-08,,Active,15670000,2.5,3.5,2006
4675,Arta Mahendra,male,3,Lead,Surabaya,Permanent,2016-02-16,,active,60660000,2.3,2.9,3037
4676,R.A. Safina Marpaung,M,2,Junior,Medan,Permanent,2020-06-25,,Active,19060000,3.5,4.0,5488
4677,  Kanda Rajasa ,Male,6,Senior,Yogyakarta,Permanent,18/10/2020,2023-05-06,Resigned,Rp30.070.000,3.0,2.4,3741
4678,"Cut Chelsea Maheswara, M.TI.",male,2,Junior,Surabaya,Permanent,2024-09-27,,Active,20410000,2.0,4.3,2194
4679,Karimah Palastri,F,8,Lead,Jakarta,Permanent,12-12-2015,,active,46010000 ,2.6,2.9,5008
4680,Indra Wahyuni,male,1,Mid,Surabaya,Permanent,06/10/2017,2020-10-28,RESIGNED,34170000,3.7,3.1,2828
4681,Drajat Salahudin,male,7,Junior,Surabaya,Probation,13/02/2024,,ACTIVE,10680000,3.2,4.6,4849
4682,WARSITA MARYATI,Female,9,Lead,Yogyakarta,Permanent,08/07/2020,,active,36760000,3.7,4.3,3440
4683,"T. Maryanto Nasyidah, M.M.",male,5,Manager,,Permanent,2015-04-12,2020-08-25,RESIGNED,58220000,2.9,3.5,5203
4684,Koko Lestari,P,6,Senior,Yogyakarta,Permanent,05-01-2020,,ACTIVE,29590000,3.5,2.1,4460
4685,"Iriana Nurdiyanti, S.I.Kom",F,2,Senior,Medan,Permanent,2015-05-02,,ACTIVE,40100000 ,4.0,4.4,1109
4686,Drs. Oni Pranowo,M,4,Senior,Bandung,Permanent,2022-07-11,,ACTIVE,31040000,3.3,2.8,4731
4687,"cinthia wijayanti, s.gz",L,5,Senior,Yogyakarta,Probation,2024-03-23,,Active,34050000,4.9,2.1,2330
4688,Argono Nainggolan,female,7,Mid,Bandung,Permanent,01/06/2019,,ACTIVE,15150000,4.2,3.6,1304
4689,Eja Pratama,M,2,Mid,Remote,Contract,18-11-2020,2022-02-24,resigned,24550000 ,2.0,2.7,3125
4690,Luhung Puspasari,male,3,Lead,Surabaya,Permanent,05/12/2015,,Active,68360000,4.7,3.5,2382
4691,Lantar Tamba,P,6,Junior,Surabaya,Permanent,2016-02-15,,Active,15480000,3.9,4.0,4340
4692,Dian Oktaviani,male,10,Lead,Jakarta,Permanent,06/20/2023,2024-02-14,Resigned,31300000,2.9,5.0,1205
4693,  Citra Pudjiastuti ,F,1,Mid,Surabaya,Permanent,2022-06-23,,Active,28610000,3.7,3.7,3303
4694,Hana Wibowo,female,7,Intern,Medan,Permanent,2021-07-26,,active,Rp6.010.000,2.9,3.3,3606
4695,"Unggul Marpaung, S.Sos",Female,1,Junior,Remote,Probation,09-06-2021,2023-04-30,RESIGNED,19930000,,3.5,1950
4696,  Chelsea Rajasa ,male,5,Mid,Jakarta,Permanent,21/07/2018,,active,21650000,5.0,4.1,1967
4697,"Irwan Megantara, M.Pd",L,5,Mid,Remote,Contract,22/01/2024,,Active,Rp19.840.000,2.9,3.5,2684
4698,Bagus Usamah,female,1,Junior,Medan,Probation,2019-06-06,,Active,24160000,4.6,3.5,3130
4699,"HASNA USADA, S.KOM",L,6,Junior,Medan,Permanent,2022-04-08,2024-01-22,resigned,11760000,2.1,3.2,4939
4700,"Kasiyah Pratiwi, M.TI.",male,8,Junior,Medan,Permanent,2024-02-15,,Active,13880000,3.1,3.7,3931
4701,R. Lili Mangunsong,Female,9,Manager,Yogyakarta,Probation,02/23/2016,,ACTIVE,49360000,3.7,4.1,5466
4702,Winda Fujiati,male,7,Mid,Jakarta,Permanent,2017-06-04,,Active,17870000,4.4,5.0,3991
4703,Aisyah Suartini,P,2,Mid,Bandung,Permanent,2017-10-13,,Active,32650000,4.4,3.9,4828
4704,Bahuwarna Saputra,female,8,Senior,Remote,Probation,19-01-2017,,Active,32800000,,4.1,3045
4705,kasiran kusumo,P,4,Mid,Jakarta,Probation,15/07/2021,,active,Rp27.630.000,3.8,3.2,1147
4706,"KUNCARA WASITA, S.PT",F,10,Mid,Bandung,Contract,2024-01-19,2024-09-22,Resigned,17310000,,3.4,3446
4707,Suci Irawan,Male,2,Mid,Jakarta,Permanent,18/04/2015,,Active,29910000 ,4.5,4.6,1796
4708,JULI SAPUTRA,L,1,Senior,Jakarta,Contract,08-03-2016,,active,46030000,4.8,3.9,1471
4709,Taswir Prasetyo,Male,4,Junior,,Permanent,2022-01-27,,active,16100000,3.5,2.6,3573
4710,AJENG JANUAR,M,6,Junior,Remote,Permanent,08/21/2017,,Active,14310000,4.1,4.1,2571
4711,Gawati Waluyo,F,8,Lead,Jakarta,Probation,23/08/2016,,ACTIVE,41490000,3.3,3.3,1290
4712,PURWA MAHESWARA,male,7,Mid,Medan,Permanent,13/03/2023,,Active,16360000,,2.6,5472
4713,Karsa Samosir,P,4,Junior,Jakarta,Probation,2022-06-02,,ACTIVE,15320000,2.5,3.5,3799
4714,  Dr. Cinta Nuraini ,female,9,Junior,Bandung,Permanent,2017-12-01,,ACTIVE,14280000,3.7,3.6,5440
4715,Tira Pertiwi,Male,5,Junior,Surabaya,Permanent,2020-01-23,,ACTIVE,14370000,4.4,4.8,1435
4716,"Tgk. Puspa Saputra, M.Ak",L,3,Senior,Medan,Permanent,2021-05-28,,ACTIVE,41050000,4.1,2.7,3067
4717,Usman Hardiansyah,M,7,Junior,Jakarta,Permanent,17/01/2021,,ACTIVE,11150000,3.5,3.8,4542
4718,  Galiono Wibisono ,L,3,Junior,Yogyakarta,Permanent,2019-09-12,,ACTIVE,18990000,4.1,3.7,2316
4719,Gangsar Wastuti,M,6,Mid,Jakarta,Permanent,06/11/2024,2024-12-26,Resigned,20600000,2.1,4.2,4554
4720,"Dr. Kusuma Riyanti, S.Sos",female,10,Senior,Remote,,10-01-2016,,Active,29230000,3.4,3.4,2846
4721,Rika Mahendra,M,1,Junior,Remote,Contract,09/23/2020,,active,22210000,3.6,4.2,3272
4722,  Ajeng Mulyani ,F,6,Mid,Yogyakarta,Permanent,16-11-2023,2024-11-01,resigned,16930000,2.8,2.4,1961
4723,"Eva Wahyuni, S.E.I",Male,5,Junior,Yogyakarta,Permanent,12-03-2020,,Active,16330000,3.7,3.0,3932
4724,  Harja Purnawati ,F,4,Intern,Surabaya,Permanent,2022-06-15,,ACTIVE,9450000,4.0,3.4,3092
4725,"Hasna Habibi, S.I.Kom",F,4,Mid,Surabaya,Contract,2017-07-28,,ACTIVE,27140000,3.4,3.7,3727
4726,"victoria prayoga, m.ak",Male,8,Junior,,Permanent,11/11/2023,,active,14590000,4.0,4.1,2917
4727,  Tiara Haryanti ,male,3,Mid,,Permanent,2020-07-17,,ACTIVE,28210000,2.0,3.3,1121
4728,Ismail Thamrin,F,6,Junior,,Permanent,2018-03-09,,active,15330000,4.5,4.9,3320
4729,"drg. Jefri Suwarno, S.T.",Male,10,Mid,Surabaya,Permanent,27/09/2018,,Active,18310000,3.4,4.1,3151
4730,Putri Pradana,F,9,Junior,Remote,Permanent,07/07/2021,,active,12590000,4.1,3.5,1454
4731,Siska  Irawan,female,4,Lead,,Contract,01/14/2017,,ACTIVE,43320000,4.0,3.4,2866
4732,Laila Sihotang,F,10,Head,Medan,Permanent,11/15/2022,,active,52010000,4.0,3.2,
4733,"  Puti Siska Hutapea, S.Pt ",Male,6,Senior,Medan,Permanent,29/01/2023,,ACTIVE,28390000,4.8,3.9,4554
4734,"Halima Iswahyudi, S.E.",Female,7,Mid,Bandung,Permanent,30/01/2020,,Active,14230000 ,,5.0,4119
4735,Cut Chelsea Suwarno,M,10,Junior,Jakarta,Permanent,2016-09-18,,ACTIVE,11040000,2.7,3.5,2846
4736,  drg. Respati Anggriawan ,Male,5,Mid,Bandung,Contract,27/12/2018,,ACTIVE,24910000,3.2,4.1,3794
4737,shania melani,female,3,Mid,Bandung,Permanent,2018-02-01,,ACTIVE,30780000,4.3,3.0,2800
4738,"Diana Kuswandari, M.Kom.",M,8,Intern,Medan,Permanent,25-12-2017,,ACTIVE,9120000 ,,4.0,4101
4739,Ir. Murti Nasyidah,L,5,Manager,Bandung,Probation,20/11/2021,2023-08-08,RESIGNED,46160000,,3.4,5203
4740,"  Dewi Waskita, S.Ked ",Female,2,Mid,Yogyakarta,,2020-05-18,2023-10-29,RESIGNED,21410000,3.5,3.4,4665
4741,R.A. Yance Ardianto,L,8,Junior,Jakarta,Permanent,2019-10-07,2024-12-05,Resigned,15380000,2.5,3.3,1933
4742,"lintang nasyidah, s.i.kom",M,4,Junior,Jakarta,Permanent,2017-05-28,,ACTIVE,16170000,4.0,3.5,3894
4743,Okta Wijayanti,male,2,Lead,Medan,Permanent,05-01-2019,,ACTIVE,57510000,3.5,3.9,1716
4744,"Drs. Silvia Sudiati, S.Gz",M,1,Junior,Remote,Permanent,15/03/2024,,Active,21940000,,3.1,1033
4745,dr. ella wulandari,male,5,Junior,Yogyakarta,Contract,23/05/2017,,ACTIVE,Rp17.260.000,3.5,3.4,2767
4746,"DR. UNGGUL PRASETYO, S.E.",P,9,Mid,Jakarta,Contract,02/03/2017,,active,19730000,2.2,3.7,4618
4747,Ghani Mansur,P,4,Junior,Yogyakarta,Permanent,28-03-2021,,active,14790000,5.0,1.9,4887
4748,Tgk. Wawan Habibi,,2,Junior,Surabaya,Permanent,09/11/2016,,Active,21650000,3.2,3.1,3403
4749,Nilam Wibowo,Female,9,Junior,Medan,Permanent,15-08-2016,,active,16540000,2.9,3.7,2528
4750,  Hardi Kusumo ,P,8,Mid,Remote,Permanent,2022-04-17,2023-04-29,Resigned,20420000,4.6,3.4,5403
4751,Shania  Prayoga,,8,Senior,Yogyakarta,Contract,2023-11-01,,Active,31780000,3.4,3.5,3274
4752,"Drs. Zizi Lazuardi, S.Pd",female,6,Mid,Remote,Permanent,22/06/2023,,Active,17990000 ,3.7,3.0,2451
4753,Novi Sihombing,Male,10,Junior,Medan,Permanent,11/07/2022,2024-11-07,Resigned,12610000,3.0,2.5,4151
4754,Gabriella Adriansyah,L,1,Mid,Remote,Permanent,2021-02-17,,active,32660000,3.6,3.6,2540
4755,"  Siti Purnawati, S.Sos ",Female,8,Senior,,Permanent,06/03/2020,,active,32680000,1.8,4.6,4812
4756,Virman Samosir,L,10,Senior,Medan,Contract,19/12/2019,,Active,24090000,3.7,3.3,2325
4757,"  Kamidin Firgantoro, M.M. ",Male,6,Junior,Surabaya,Permanent,2023-10-30,,ACTIVE,14640000,4.1,3.5,5225
4758,DR. AMELIA TAMBA,F,8,Senior,Surabaya,Permanent,2022-01-10,,active,32670000,3.5,3.4,2138
4759,LATIF HARYANTI,Male,5,Mid,Yogyakarta,Permanent,2022-11-02,,active,22220000,4.7,3.4,3958
4760,ifa thamrin,F,3,Senior,Yogyakarta,Permanent,2018-06-30,,Active,41910000 ,4.0,3.6,1616
4761,Adhiarja Tampubolon,Male,3,Senior,Surabaya,Probation,2018-09-02,,active,43970000,3.9,4.0,3219
4762,"Fitria Wacana, S.I.Kom",L,9,Mid,Remote,Permanent,2016-03-29,2018-03-31,RESIGNED,19010000,3.5,4.1,2165
4763,Baktianto Astuti,Male,10,Senior,Yogyakarta,Probation,2015-08-28,,ACTIVE,28460000,3.3,3.9,4780
4764,Faizah Hutasoit,L,3,Junior,,,2022-10-25,,ACTIVE,21190000,3.9,3.4,2595
4765,Dr. Uda Mangunsong,M,4,Mid,Yogyakarta,,2015-10-16,,ACTIVE,22410000,3.7,3.4,2326
4766,  Dewi Laksita ,L,10,Mid,Medan,Permanent,2017-07-19,,Active,Rp18.780.000,3.0,3.5,3052
4767,Chandra Wahyuni,P,2,Junior,Bandung,Permanent,04/28/2017,,ACTIVE,16960000,4.1,2.3,5366
4768,Genta Halimah,L,5,Mid,Surabaya,Permanent,14/02/2016,,ACTIVE,23770000,3.5,3.0,2630
4769,kasiyah salahudin,L,7,Mid,Jakarta,Permanent,02/04/2019,,active,16150000,3.3,3.1,2275
4770,MARIA NAJMUDIN,female,1,Senior,Medan,Permanent,19/01/2024,2024-11-29,Resigned,41060000,4.5,3.7,1016
4771,  KH. Embuh Kurniawan ,,8,Junior,Yogyakarta,Permanent,2018-04-16,,active,17660000,2.8,3.3,1698
4772,Sakura Farida,F,8,Senior,Medan,Permanent,10/23/2023,,active,31570000,3.9,2.3,1698
4773,Cahyono Thamrin,F,7,Mid,Surabaya,Contract,07/30/2020,,active,16550000,3.1,4.2,4471
4774,"MAYA ARDIANTO, S.I.KOM",F,1,Mid,Surabaya,Permanent,24-10-2016,2020-10-15,Resigned,36140000,,3.6,2092
4775,"R.A. CARLA NAINGGOLAN, S.PD",F,7,Lead,Surabaya,Permanent,2020-06-30,,active,29930000,,5.0,4158
4776,Cahyanto Widodo,male,5,Junior,Surabaya,Permanent,2021-05-28,,Active,14500000,4.1,2.7,1967
4777,uli sitompul,male,2,Lead,Medan,Permanent,26-02-2017,,Active,56660000,4.1,2.7,2495
4778,caraka widiastuti,male,7,Mid,Surabaya,Permanent,2017-09-20,,active,15420000,3.4,3.5,3313
4779,Warta Kuswandari,P,6,Junior,Bandung,Contract,2024-10-27,,ACTIVE,13100000,4.8,1.5,1168
4780,"Emas Lazuardi, S.Farm",Male,10,Lead,Remote,Permanent,22/08/2023,,active,30770000,2.8,4.2,3349
4781,Pia Lailasari,Male,7,Mid,Medan,Permanent,06/13/2019,,active,17460000,2.9,3.4,1209
4782,"Ir. Nasab Mahendra, S.Psi",L,6,Junior,Yogyakarta,Permanent,2015-08-08,2023-08-31,RESIGNED,18050000,3.3,4.0,1169
4783,"KH. Purwadi Wacana, M.TI.",male,8,Mid,Surabaya,Permanent,2016-04-30,,ACTIVE,22930000,4.0,3.0,4711
4784,"Ulya  Wibisono,  S.E.I",female,6,Mid,Yogyakarta,Permanent,20-10-2019,,Active,22550000,4.8,3.9,4788
4785,yusuf kurniawan,female,6,Junior,Surabaya,Permanent,2018-06-26,,Active,14660000,3.4,4.0,4243
4786,"Dt. Budi Mangunsong, S.I.Kom",P,10,Intern,Surabaya,Permanent,24/04/2015,2017-10-14,Resigned,Rp6.840.000,3.0,3.9,2686
4787,Dt. Pranata Prakasa,Male,9,Intern,Medan,Contract,14-01-2016,,Active,6290000,3.5,4.1,4878
4788,  Mustika Siregar ,Female,6,Lead,Remote,Permanent,24/12/2020,,Active,40640000,4.8,3.9,4643
4789,rina anggriawan,L,4,Junior,Medan,Permanent,26/01/2015,,ACTIVE,16440000,,2.6,1257
4790,Natalia Siregar,Female,5,Lead,Yogyakarta,Permanent,2021-08-08,,ACTIVE,42590000 ,5.0,3.0,4683
4791,Nova Hutasoit,female,8,Mid,Bandung,Permanent,2021-04-07,2022-03-15,resigned,18880000,2.4,3.5,2671
4792,"dr. Dirja Safitri, S.E.I",female,8,Mid,Jakarta,Probation,12/24/2019,,active,22610000,3.4,3.0,4937
4793,"ONI NASHIRUDDIN, S.H.",female,9,Senior,Yogyakarta,Contract,2020-01-02,2024-07-10,RESIGNED,26650000 ,2.4,4.4,5391
4794,Vivi Latupono,Male,7,Manager,Jakarta,Permanent,2022-02-28,,ACTIVE,30420000,3.4,2.9,2112
4795,"Tgk.  Tira  Prayoga,  S.Farm",male,6,Mid,Surabaya,Permanent,2016-11-05,2023-04-08,resigned,24170000,2.5,3.3,3030
4796,jasmani jailani,F,2,Mid,Surabaya,Permanent,02-11-2018,,Active,27200000,4.7,3.3,1079
4797,"Titi Mardhiyah, M.Ak",P,7,Mid,Jakarta,Permanent,2024-09-18,,Active,13420000,4.4,3.6,1254
4798,Dacin Rahayu,Female,2,Intern,Surabaya,Probation,03/08/2024,,active,9160000,2.5,4.3,1918
4799,"Mahesa  Maryadi,  S.H.",male,8,Mid,Remote,Permanent,2018-06-22,,ACTIVE,21490000,3.9,2.9,4812
4800,cahyadi wacana,male,7,Junior,Surabaya,Permanent,24-08-2020,,ACTIVE,10770000,3.6,2.6,4506
4801,Endra Nababan,Female,9,Junior,,Permanent,13/07/2015,2020-11-01,resigned,15440000,3.6,3.0,2189
4802,  Irsad Budiyanto ,F,8,Junior,Surabaya,Permanent,2018-03-14,,ACTIVE,15620000,4.0,3.6,3569
4803,R.A. Cornelia Habibi,,4,Junior,Jakarta,Permanent,06/25/2024,,ACTIVE,15810000,3.3,3.9,4345
4804,Laila Novitasari,Male,5,Mid,Yogyakarta,Permanent,2016-09-23,,ACTIVE,22150000,4.7,2.0,1223
4805,TIRA USADA,F,3,Mid,Remote,Contract,26/08/2022,,Active,28800000,2.2,2.5,3855
4806,Darman Sirait,M,3,Mid,Yogyakarta,Permanent,21-01-2020,,active,28810000,2.7,3.5,3023
4807,NATALIA HALIM,Male,1,Lead,Remote,Permanent,14-06-2022,,Active,56620000,3.8,3.3,2780
4808,  dr. Margana Habibi ,Male,9,Junior,Bandung,Contract,27/06/2020,,Active,12820000,3.6,4.3,5474
4809,  Carla Santoso ,P,5,Lead,Jakarta,Contract,09/07/2022,,ACTIVE,39810000,4.1,2.8,4425
4810,Indah Tampubolon,P,1,Junior,Jakarta,Permanent,01/04/2023,2023-09-03,resigned,19030000,3.5,4.6,3325
4811,"Lili Prayoga, S.Psi",Female,4,Junior,Surabaya,Permanent,08/10/2017,,ACTIVE,17670000,4.2,1.9,4339
4812,Cemplunk Gunarto,male,8,Lead,Bandung,Permanent,2015-05-16,,active,50300000,3.2,3.4,4496
4813,Aslijan Wijayanti,,5,Junior,Bandung,Permanent,28/12/2017,,active,15220000,3.9,3.5,2556
4814,"Janet Prabowo, S.Pd",Male,7,Mid,Jakarta,Contract,17/11/2024,,active,14980000,,2.5,3313
4815,Indah Sudiati,male,7,Head,Yogyakarta,Permanent,09/10/2020,2023-06-27,Resigned,55390000,3.0,2.7,
4816,  Irfan Nashiruddin ,P,8,Junior,Yogyakarta,Permanent,07/10/2020,,active,14390000,3.2,3.2,4177
4817,  Nurul Utama ,Male,7,Mid,,Probation,2018-02-16,,active,19870000,5.0,2.7,1358
4818,ILSA KUSUMO,Female,6,Mid,Medan,Permanent,08/12/2017,,ACTIVE,Rp19.390.000,2.8,3.1,1633
4819,Mulyono Budiman,Female,7,Mid,Medan,Permanent,09/20/2022,2024-11-25,resigned,15630000,2.6,2.3,4903
4820,"Kusuma Mustofa, S.Psi",L,10,Mid,,Permanent,05/03/2015,,ACTIVE,17400000,4.3,3.6,3989
4821,Ulya Tarihoran,F,6,Junior,Jakarta,Permanent,13-09-2017,,active,13810000,3.3,3.9,3556
4822,"VICTORIA RAHMAWATI, M.TI.",P,5,Senior,Surabaya,Contract,19/08/2020,,ACTIVE,33040000,5.0,3.0,2935
4823,dr. Gilda Yulianti,Female,2,Lead,Medan,Permanent,2024-01-06,,active,50580000,4.2,4.5,4616
4824,fathonah padmasari,L,10,Senior,Jakarta,Permanent,2023-07-28,,Active,23430000,2.0,4.3,2474
4825,Clara Kurniawan,P,1,Junior,Bandung,Contract,25-05-2020,,ACTIVE,18100000,3.0,3.9,1598
4826,LASMONO SUARTINI,male,5,Mid,Remote,Permanent,28/01/2018,,active,23270000,2.8,2.7,3019
4827,artanto rahmawati,Female,1,Mid,,Contract,10/08/2017,,ACTIVE,28610000,5.0,3.1,4561
4828,"Rendy Nainggolan, S.Kom",P,2,Lead,Surabaya,Permanent,2022-12-20,,active,47510000,3.4,3.6,3880
4829,"Melinda Januar, S.Pt",male,10,Junior,,Permanent,29-04-2024,,ACTIVE,12010000,4.9,2.3,2215
4830,Drs.  Gangsa  Sihombing,Male,2,Mid,Medan,Contract,2020-11-05,,Active,Rp27.240.000,4.1,4.4,4430
4831,"Nabila Pangestu, M.Pd",L,2,Mid,Remote,Permanent,2016-04-06,,ACTIVE,29100000,4.0,4.2,5182
4832,"Eva Gunawan, S.E.I",male,1,Junior,Bandung,Probation,25/05/2019,,ACTIVE,21560000,2.9,3.2,2376
4833,Hari Pudjiastuti,Male,6,Mid,Medan,Probation,12/07/2016,,Active,20140000,2.8,4.4,4062
4834,"Hafshah Purwanti, S.I.Kom",Male,7,Intern,Jakarta,Permanent,2016-11-18,2017-11-16,Resigned,Rp6.340.000,3.5,2.6,1161
4835,Melinda Usamah,male,4,Junior,Jakarta,Permanent,20/12/2016,,active,Rp18.930.000,4.0,3.6,2304
4836,"Devi Fujiati, S.Pt",female,10,Senior,Jakarta,Permanent,04-03-2020,,Active,24920000,2.2,3.8,5376
4837,Lili Novitasari,male,9,Junior,Medan,Permanent,2020-09-11,,active,12300000,3.4,4.3,2317
4838,KH. Ajimin Marbun,,9,Mid,Jakarta,Permanent,07-01-2023,,Active,17600000,3.2,2.8,4642
4839,Tgk. Tami Mustofa,female,7,Manager,Jakarta,Permanent,14/02/2017,,ACTIVE,44710000,5.0,2.7,2112
4840,Aurora Pratiwi,Male,6,Senior,Surabaya,Permanent,15/03/2021,,Active,30120000,3.7,2.8,5471
4841,PUTU NAINGGOLAN,M,7,Junior,Jakarta,Contract,2021-08-12,,active,10020000 ,2.4,3.3,4330
4842,"Yulia Widodo, M.Kom.",F,8,Senior,Medan,Permanent,21-09-2019,,ACTIVE,26510000,3.2,2.6,5008
4843,"KASIRAN MULYANI, S.PT",L,7,Junior,Medan,Permanent,13/07/2018,,Active,12240000,4.0,3.6,2648
4844,Ismail Melani,,8,Head,Jakarta,Permanent,05/23/2015,2024-02-08,RESIGNED,84490000,,3.3,
4845,PUTRI WIBISONO,F,9,Mid,Surabaya,Probation,01/17/2017,2020-08-31,resigned,23300000,3.6,3.1,4793
4846,Rachel Saputra,female,8,Manager,Surabaya,Permanent,28-11-2019,,ACTIVE,Rp58.690.000,4.1,3.2,2414
4847,  Cengkal Adriansyah ,M,9,Junior,Remote,Permanent,21/11/2019,,active,14940000,4.0,2.3,1821
4848,Kenzie Pratama,Female,2,Mid,Yogyakarta,Contract,01/12/2016,2023-10-13,RESIGNED,29860000,4.5,2.3,4127
4849,cut widya mulyani,Female,7,Mid,Jakarta,Permanent,23/09/2024,,active,14660000,4.8,3.2,5340
4850,OLIVIA NOVITASARI,L,10,Senior,Medan,Permanent,2018-03-01,2023-09-01,Resigned,23700000,3.3,4.2,3349
4851,Ilsa Prasetya,P,4,Senior,Medan,Permanent,20/11/2021,,ACTIVE,31300000,3.2,2.5,2866
4852,Titin Santoso,female,1,Senior,Jakarta,Permanent,21/06/2015,,ACTIVE,44360000,4.1,2.8,5058
4853,R. CAWISONO PRASETYO,L,6,Senior,Bandung,Permanent,2019-10-27,,ACTIVE,30390000,3.3,3.3,1351
4854,Kasusra Prakasa,M,6,Mid,Medan,Permanent,28-03-2019,,active,19570000,3.2,3.7,2933
4855,Azalea Uyainah,female,10,Junior,Yogyakarta,Contract,14-10-2016,,Active,13020000,3.9,4.1,1357
4856,  Wardaya Setiawan ,M,5,Senior,Medan,Permanent,2021-01-20,,Active,30590000,3.8,3.3,5473
4857,Emong Habibi,M,3,Mid,Remote,Permanent,2020-04-19,,Active,28610000,2.8,2.3,2142
4858,"Drajat Pranowo, M.Pd",female,9,Lead,Surabaya,Permanent,07/10/2023,,Active,38180000,2.7,2.9,4518
4859,Abyasa Yulianti,female,3,Mid,Jakarta,Permanent,2017-01-09,,active,28950000,3.2,4.6,2667
4860,siti suartini,P,2,Junior,Bandung,Permanent,06/04/2015,,ACTIVE,21500000,3.5,2.6,1419
4861,Jane Hutasoit,male,6,Mid,Remote,Permanent,27/06/2016,,ACTIVE,25390000,4.3,2.7,3515
4862,"Pia Saptono, S.E.I",female,1,Junior,Remote,Permanent,05-02-2020,,ACTIVE,20900000,3.8,4.8,4382
4863,rahmi sihombing,Male,4,Manager,Medan,Contract,07/04/2019,2020-03-13,RESIGNED,61470000,2.7,4.3,5155
4864,amelia utami,F,2,Mid,Yogyakarta,Permanent,2016-07-24,,ACTIVE,29100000,,4.0,4963
4865,"cut yuni tamba, s.h.",F,10,Junior,Yogyakarta,Permanent,2016-04-27,,Active,12670000,2.4,4.6,4972
4866,"  Indah Nugroho, S.T. ",L,8,Mid,Yogyakarta,Permanent,2022-07-11,,Active,20320000,4.1,4.0,4621
4867,Kawaya Wahyuni,male,10,Senior,,Permanent,10/17/2023,2024-06-27,RESIGNED,24170000,4.5,3.7,3051
4868,"Ir. Cici Wibowo, S.T.",F,4,Mid,Bandung,Permanent,2016-07-18,,ACTIVE,26280000,4.6,3.5,4929
4869,"HJ. SISKA SUARTINI, M.PD",F,3,Lead,Jakarta,Permanent,2018-10-01,,ACTIVE,60140000,4.4,3.7,2002
4870,Rendy Handayani,female,4,Senior,Surabaya,Contract,2023-02-01,,Active,30280000,4.9,3.1,3034
4871,Gamani Santoso,male,3,Senior,Remote,Permanent,26-03-2024,,ACTIVE,40710000 ,,2.7,5171
4872,Laksana Usamah,F,1,Lead,Surabaya,Permanent,06/05/2024,,active,Rp60.240.000,3.7,3.8,4223
4873,"KH. Harto Mangunsong, M.M.",M,4,Lead,Bandung,Permanent,2015-01-12,,active,47350000,4.2,3.5,1785
4874,OMAR FUJIATI,Female,2,Junior,Remote,Permanent,07/28/2020,,active,19750000,3.7,4.0,3546
4875,Dalima Kuswandari,L,7,Junior,Bandung,Probation,2015-09-17,,active,11750000,3.8,2.1,4559
4876,  Jumari Najmudin ,Female,3,Mid,Jakarta,Permanent,07/08/2019,,ACTIVE,28330000,3.3,4.5,2003
4877,fitria nugroho,L,5,Senior,Bandung,Permanent,2024-04-11,2024-12-07,resigned,30250000,,3.1,4230
4878,kairav lestari,female,9,Junior,Surabaya,,2023-02-01,,Active,14150000,,3.6,2914
4879,"Elvina Yuliarti, S.Pd",,6,Lead,Medan,Permanent,06/11/2020,,active,Rp42.450.000,3.6,3.5,3030
4880,Galak Marpaung,P,3,Junior,Jakarta,Permanent,01/16/2023,,Active,21000000,3.2,3.9,1870
4881,  Rendy Wijaya ,P,4,Mid,Medan,Probation,24/10/2015,,Active,31250000,4.4,3.0,3148
4882,"Lulut Nainggolan, S.Pt",female,8,Senior,Jakarta,Contract,2015-01-26,,Active,38060000,3.0,3.1,2262
4883,Bagus Aryani,L,5,Mid,Surabaya,Probation,10/01/2016,,active,22760000,4.2,4.2,2167
4884,Jaeman Yuliarti,M,1,Senior,,Probation,18/06/2024,,Active,39770000,5.0,2.9,1075
4885,Cinthia Novitasari,M,6,Mid,Jakarta,Permanent,2018-07-14,,Active,20290000,3.8,3.9,4610
4886,Ozy Budiman,male,6,Junior,Yogyakarta,Permanent,2023-05-05,,active,12910000,2.8,3.2,2328
4887,  Puti Keisha Winarno ,L,4,Senior,Jakarta,Contract,28-03-2017,2022-11-30,RESIGNED,33560000,3.6,4.7,1830
4888,Balapati Budiman,P,8,Senior,Surabaya,Contract,2022-08-19,2024-06-24,resigned,33130000,3.0,2.8,3154
4889,"Ir. Warji Gunawan, S.E.I",Male,5,Manager,Surabaya,Permanent,2024-11-02,,Active,50250000,2.5,3.9,4164
4890,Prasetya Hutasoit,P,8,Senior,Remote,Permanent,03/11/2022,,ACTIVE,30660000,3.9,3.7,4662
4891,  Dinda Utami ,F,9,Junior,Medan,Permanent,08/20/2019,,active,12870000,2.7,4.5,1430
4892,cut widya anggriawan,female,7,Mid,Surabaya,Permanent,2018-11-12,,active,16780000,3.9,3.7,3913
4893,"R. Kemba Sirait, S.Pt",P,6,Mid,Remote,Permanent,08/04/2023,,ACTIVE,Rp21.620.000,,2.8,5200
4894,cahyono kuswandari,L,2,Junior,Surabaya,Contract,26/04/2020,,active,19120000,,3.9,2448
4895,"drs. tri handayani, s.e.",male,4,Mid,Remote,Permanent,05/23/2017,,Active,22410000,4.4,3.1,3530
4896,Julia Kuswandari,Male,8,Senior,Bandung,Permanent,2017-11-22,,ACTIVE,38340000,3.8,2.6,2896
4897,  Dimaz Hakim ,F,4,Intern,Jakarta,Permanent,2017-06-27,,active,8530000,2.2,3.8,4588
4898,H. Emas Utami,Female,3,Senior,Remote,Permanent,2017-05-23,,active,45880000,4.1,4.3,3506
4899,R. Ajimat Gunawan,female,3,Mid,Bandung,Permanent,16/11/2020,,Active,33750000,5.0,3.2,1041
4900,  Kenari Sihombing ,male,2,Junior,Yogyakarta,Contract,20/09/2019,,Active,19490000,3.7,4.1,1842
4901,  Kajen Agustina ,P,4,Junior,Yogyakarta,Permanent,2015-06-09,,active,14490000,,3.7,4601
4902,Abyasa  Prasetyo,M,6,Mid,Surabaya,,01/18/2023,,Active,23200000,3.5,4.4,2705
4903,  Darsirah Aryani ,L,7,Senior,Bandung,Permanent,2021-02-19,,ACTIVE,23140000,2.6,2.8,2112
4904,Dalima Thamrin,L,3,Mid,Remote,Probation,04/17/2019,,active,32420000,,4.1,1179
4905,"EDISON PRASETYO, S.SOS",P,4,Junior,Medan,Permanent,2019-07-21,,Active,16320000 ,4.0,3.8,4441
4906,"Tasdik Kusumo, M.Kom.",F,3,Lead,Yogyakarta,Probation,2015-08-06,,active,61890000,4.3,3.6,1668
4907,Balapati Prasetyo,Male,10,Junior,Medan,Permanent,31/05/2019,,active,10460000,4.7,4.0,4071
4908,  Yahya Suryono ,M,9,Senior,Bandung,Permanent,01/31/2019,,Active,Rp27.840.000,3.9,3.8,1664
4909,citra susanti,L,4,Mid,,Permanent,2023-03-06,,ACTIVE,Rp24.250.000,2.0,3.6,4873
4910,Devi Tarihoran,Female,6,Junior,Yogyakarta,Permanent,03/08/2023,2024-02-20,resigned,12890000,1.9,4.6,2423
4911,Umar  Gunawan,P,7,Junior,Jakarta,Contract,2023-03-12,2024-07-11,RESIGNED,11070000,2.8,3.6,1584
4912,r. elma aryani,M,7,Junior,Yogyakarta,Permanent,2015-12-08,,ACTIVE,12870000,3.6,3.4,1203
4913,Tgk. Limar Najmudin,female,1,Senior,Remote,Permanent,24-01-2016,,Active,52930000,3.1,3.2,4225
4914,"Irwan Maryadi, S.Pd",female,6,Intern,Remote,Permanent,13/01/2024,2024-11-01,Resigned,7290000,2.6,4.3,4109
4915,Tgk. Kamaria Jailani,male,1,Mid,Yogyakarta,Permanent,19/11/2016,,Active,31130000,3.3,3.6,4227
4916,Najwa Wijayanti,P,5,Junior,Surabaya,Permanent,2017-08-15,,Active,16780000,4.2,4.4,3105
4917,Hani  Hutagalung,M,6,Manager,Jakarta,Contract,2022-08-27,,Active,44960000,3.8,4.6,4643
4918,"  Dt. Setya Maryadi, S.E.I ",L,1,Mid,Surabaya,Contract,2017-01-16,,Active,33430000,2.9,3.4,1996
4919,Dalima Wibisono,F,7,Senior,Jakarta,Permanent,10/11/2024,,active,21440000,4.6,3.8,4305
4920,Tantri Kuswandari,female,7,Senior,Jakarta,Permanent,2023-07-09,,Active,25030000,3.6,4.3,2858
4921,"  Puti Carla Permata, S.Farm ",male,1,Junior,,Probation,13/10/2018,,ACTIVE,22070000,3.9,4.5,4183
4922,"Indah Maulana, S.Pt",female,2,Mid,Remote,Permanent,13-12-2023,,Active,27250000,4.7,3.1,4232
4923,Dian Najmudin,P,5,Mid,Surabaya,Permanent,08/02/2022,,Active,20090000,3.8,3.1,1221
4924,"dr. Garan Simanjuntak, M.Kom.",P,5,Mid,Yogyakarta,Permanent,29-06-2015,,ACTIVE,20280000,3.7,3.0,4877
4925,Novi Zulkarnain,P,8,Mid,Bandung,Permanent,11/24/2022,,ACTIVE,24860000,4.1,4.2,3972
4926,Hj. Juli Mandala,male,3,Junior,Medan,Permanent,2018-12-20,,ACTIVE,18800000,4.5,3.3,5292
4927,"Ir. Viman Prasasta, S.Sos",Male,3,Mid,Jakarta,Permanent,2017-08-02,,Active,26420000,3.1,3.8,3683
4928,PIA MANDASARI,Female,10,Lead,Medan,Permanent,2018-03-25,,ACTIVE,32510000,,3.6,3349
4929,Dr. Jumadi Nasyidah,,4,Senior,Bandung,Permanent,01-09-2023,,active,38880000,,3.0,4441
4930,Sutan Harjo Hutasoit,male,1,Intern,Bandung,Probation,01/13/2015,,active,11450000,3.1,3.1,2376
4931,drg. Paramita Permata,M,2,Mid,Remote,Probation,21/10/2019,2023-09-22,resigned,29980000,3.9,4.2,3357
4932,"  H. Rosman Prasetya, S.Pt ",F,8,Senior,Surabaya,Permanent,2015-09-21,,active,33140000,4.4,3.0,3154
4933,Gilang Adriansyah,M,1,Junior,Surabaya,Contract,25/06/2017,,active,21880000,,2.9,2037
4934,Soleh Budiyanto,L,1,Junior,Bandung,Contract,12-02-2021,,Active,Rp21.950.000,3.7,3.8,3666
4935,  Puti Kusmawati ,F,3,Mid,Jakarta,Permanent,2016-08-23,2021-06-26,Resigned,32550000,3.1,3.1,4690
4936,Viman Kusumo,P,5,Lead,Medan,Permanent,17/06/2020,,Active,42060000,3.0,2.9,3425
4937,viktor tampubolon,Male,8,Lead,Medan,Permanent,18/06/2019,,active,41840000 ,3.8,2.7,4844
4938,Zizi Mandala,Female,10,Junior,Surabaya,Permanent,16-01-2023,,active,13310000,3.9,3.8,3775
4939,  Michelle Megantara ,male,6,Mid,Remote,Permanent,15-05-2020,,active,23000000,2.9,3.2,5291
4940,"Drs. Lili Prasasta, S.Kom",male,5,Senior,Surabaya,Permanent,06/05/2022,,Active,30490000,3.6,4.1,1884
4941,"R.A. Amelia Mandala, S.IP",P,7,Mid,Jakarta,Permanent,2024-08-31,,Active,18940000,2.1,4.2,4544
4942,"tiara megantara, s.sos",Female,2,Senior,Bandung,Permanent,25/03/2019,,ACTIVE,42520000,3.3,4.3,5182
4943,"Aisyah Anggraini, S.I.Kom",male,7,Junior,Jakarta,Permanent,2017-06-11,2021-11-02,Resigned,12370000,1.8,5.0,4614
4944,Nardi Kurniawan,L,5,Junior,Bandung,Contract,04/04/2019,,Active,13160000,2.6,4.4,4519
4945,"laksana hidayanto, m.kom.",L,3,Lead,Medan,Permanent,03/16/2018,,ACTIVE,64030000,3.3,4.0,1761
4946,"Ir. Endah Dabukke, S.E.I",Male,1,Manager,Medan,Permanent,2022-01-15,,active,65950000,3.9,5.0,1020
4947,  Dinda Hutapea ,male,1,Senior,,Permanent,2017-06-15,,Active,48530000,4.3,2.9,1333
4948,Bahuwarna Budiman,male,6,Mid,Medan,Permanent,10/13/2015,2016-08-18,resigned,22090000,4.1,4.3,2492
4949,  drg. Eka Najmudin ,female,8,Mid,Surabaya,Permanent,29/05/2024,,active,24590000,4.3,4.2,4012
4950,Uli Mandala,female,7,Junior,Jakarta,Permanent,21-09-2020,,active,12150000,2.8,4.8,2815
4951,"Paris Salahudin, M.Kom.",L,10,Junior,Yogyakarta,Permanent,29/12/2015,,Active,11850000,3.0,2.8,1733
4952,Tantri Sirait,Male,10,Senior,Surabaya,Contract,2021-11-29,,active,Rp23.790.000,3.3,3.5,3845
4953,Violet Yuliarti,female,6,Junior,Medan,Permanent,13-02-2020,,ACTIVE,14650000,4.4,4.2,3275
4954,"Amalia Suwarno, S.IP",Female,5,Senior,Bandung,Permanent,17-08-2018,,Active,29400000,,3.3,4790
4955,Asmuni Yuniar,P,7,Senior,,Probation,2018-06-30,2019-07-05,resigned,23880000,3.7,2.6,3882
4956,Lukita Natsir,L,3,Mid,Bandung,Contract,13-09-2019,,active,28620000,2.0,3.9,3916
4957,R.M. Adikara Widodo,male,8,Mid,Medan,Permanent,02/18/2020,,ACTIVE,22690000,,4.0,3063
4958,"DRG. SABRINA HASANAH, M.PD",Female,10,Senior,Jakarta,Permanent,2020-03-07,,ACTIVE,25270000,2.3,5.0,2352
4959,"Yance Rajata, M.Farm",male,1,Mid,Jakarta,Permanent,05-01-2015,,ACTIVE,35650000,2.3,2.7,3925
4960,T. Nyana Pradana,Female,5,Mid,,Permanent,06/10/2024,2024-12-29,resigned,23410000,3.3,2.8,2229
4961,Endah Saputra,M,3,Senior,Bandung,Permanent,11/03/2019,,active,39260000,2.5,4.7,1030
4962,Karman Waluyo,,6,Junior,Medan,Contract,2015-10-04,,ACTIVE,14520000,,4.2,4378
4963,  Paiman Prabowo ,P,2,Lead,Medan,Permanent,08-02-2023,2024-08-15,Resigned,54720000,3.1,3.3,3603
4964,Raina Hakim,male,8,Junior,Bandung,Permanent,01/09/2023,2024-10-08,RESIGNED,15380000,3.3,3.5,1371
4965,hartaka nashiruddin,Female,5,Senior,Remote,Permanent,03/03/2021,,active,37070000,3.2,4.6,1740
4966,"Drs. Rahmi Hutagalung, M.M.",female,8,Mid,Remote,Probation,2021-05-19,,ACTIVE,23020000,3.6,4.4,4174
4967,Iriana Yolanda,M,2,Junior,Yogyakarta,Permanent,2022-11-23,,ACTIVE,20600000,2.0,5.0,1207
4968,"Halim Wibowo, S.E.",,6,Senior,Bandung,Permanent,12/13/2022,2024-05-23,Resigned,25610000,3.7,4.1,5471
4969,  Rangga Wahyudin ,male,4,Lead,Yogyakarta,Permanent,03-10-2015,,Active,48770000,,3.4,4658
4970,"irwan nababan, s.t.",M,1,Junior,Yogyakarta,Contract,2020-09-13,,Active,23540000,3.1,2.3,1548
4971,Bala Hutagalung,F,4,Mid,Surabaya,Contract,20/09/2018,,active,26810000,3.3,3.7,3573
4972,rahmi sitorus,M,10,Mid,Bandung,Permanent,10/05/2020,2023-12-05,resigned,16450000,3.8,2.7,3051
4973,  Digdaya Suryono ,,8,Mid,Surabaya,Permanent,2021-03-07,,Active,22270000,3.0,3.5,2575
4974,Kemba Kurniawan,M,8,Senior,Bandung,Permanent,2016-07-08,,active,29680000,4.4,3.6,1682
4975,  Danuja Riyanti ,L,5,Manager,Surabaya,Permanent,10/02/2018,,active,58380000,3.8,2.9,5203
4976,  Praba Saragih ,L,3,Senior,Remote,Permanent,05/28/2023,,active,44290000,3.0,3.8,4675
4977,Kusuma Pangestu,P,6,Junior,Remote,Permanent,14/01/2019,,ACTIVE,16030000,2.4,5.0,4539
4978,"Wisnu Firmansyah, S.H.",M,8,Mid,Remote,Permanent,07/20/2022,2024-10-19,resigned,21500000,3.1,2.8,3948
4979,Chelsea Purnawati,Male,3,Mid,Jakarta,Permanent,2022-02-10,,ACTIVE,25270000,3.7,3.3,1247
4980,Cut Padmi Laksmiwati,,4,Lead,Bandung,Permanent,16/06/2017,,ACTIVE,41420000,,3.4,2866
4981,Asirwada Sihotang,female,10,Senior,Bandung,Permanent,2019-01-11,,active,22840000,,3.3,5364
4982,Warsa Saragih,L,1,Lead,Bandung,Permanent,2017-09-25,,ACTIVE,56150000,3.4,3.8,2805
4983,  Garda Suryono ,M,7,Senior,Jakarta,Permanent,08/23/2020,2023-01-07,Resigned,22450000,3.9,3.7,1035
4984,Olivia Nababan,Female,9,Junior,Surabaya,Permanent,18-03-2017,2018-05-07,RESIGNED,10700000 ,2.6,3.2,3262
4985,UMI WIJAYA,L,3,Intern,Yogyakarta,Permanent,04/15/2024,,ACTIVE,Rp8.860.000,,3.7,4904
4986,"Kani Mustofa, S.IP",male,3,Lead,Bandung,Permanent,2021-11-08,,ACTIVE,55480000,3.1,2.9,3917
4987,laila mardhiyah,male,5,Junior,Jakarta,Permanent,2022-04-23,2024-06-23,Resigned,13760000,2.9,3.2,4164
4988,Jefri Maryadi,M,3,Senior,Jakarta,Contract,07/04/2020,2024-03-02,Resigned,36060000,1.9,3.6,1747
4989,langgeng wibowo,M,3,Manager,Medan,Permanent,2021-07-12,,active,78560000,3.4,3.0,2002
4990,Rini Firgantoro,L,5,Mid,Remote,Permanent,15/12/2017,,active,Rp22.590.000,4.5,3.7,5360
4991,Elisa Maryadi,Female,10,Junior,,Permanent,01/10/2015,,active,Rp10.640.000,,2.8,5354
4992,"  Jaiman Hutapea, S.Pt ",L,6,Manager,Jakarta,Permanent,27/12/2023,,active,50290000,4.5,2.0,1219
4993,"gina pratama, s.e.i",Male,4,Junior,Medan,Contract,14/08/2020,2023-05-22,Resigned,Rp16.200.000,2.6,3.7,4018
4994,"H. Caraka Mardhiyah, M.TI.",P,10,Manager,Yogyakarta,Permanent,2024-06-08,,active,45550000,2.8,2.7,4732
4995,"  Rachel Yulianti, M.TI. ",male,1,Mid,Bandung,Permanent,19/04/2019,2021-12-30,Resigned,Rp31.490.000,2.1,4.3,4227
4996,"Tgk. Ikin Mustofa, S.Psi",F,2,Junior,Surabaya,Permanent,2019-01-22,,Active,20420000 ,3.4,4.5,3937
4997,Karen Oktaviani,female,10,Mid,Yogyakarta,Probation,2018-05-15,,Active,17390000,2.9,3.2,2436
4998,"drg. Azalea Zulaika, S.Sos",female,4,Mid,Medan,Permanent,15/03/2017,,active,23600000 ,3.4,4.2,5067
4999,Daniswara Suryatmi,,1,Senior,Jakarta,Permanent,13/05/2021,,ACTIVE,40480000,,3.7,3648
5000,Puti Eva Purnawati,F,2,Mid,Bandung,Contract,16-11-2016,,Active,25960000,3.9,2.6,1261
5001,"Jamal Kuswoyo, S.Ked",F,9,Junior,Jakarta,Permanent,05/07/2016,,Active,15130000,2.9,3.5,5440
5002,Pranata Saragih,L,5,Junior,,Permanent,13/11/2017,,active,15210000,4.6,3.5,2928
5003,kh. purwa irawan,Female,1,Mid,Surabaya,Permanent,05/05/2022,,Active,31270000,3.3,4.7,2805
5004,Cinta Hasanah,Male,8,Mid,Medan,Permanent,2016-02-20,,Active,Rp24.110.000,2.9,3.7,1290
5005,ELLA SIHOMBING,male,4,Junior,Medan,Probation,26/12/2020,,ACTIVE,15640000,3.4,2.9,1942
5006,Bagas Setiawan,male,9,Senior,Yogyakarta,Permanent,2023-04-19,,ACTIVE,Rp26.760.000,5.0,2.9,2707
5007,DR. KAMILA IRAWAN,male,2,Mid,Remote,Permanent,14/02/2023,,Active,28970000,3.7,2.6,3684
5008,Cemani Haryanti,P,8,Manager,Medan,Permanent,15/12/2017,,Active,58140000,3.8,3.5,2414
5009,Nabila Rajasa,Male,6,Senior,Surabaya,Probation,02/07/2016,,Active,33480000,4.1,4.0,1176
5010,"drg. Martaka Mandala, S.IP",Male,10,Intern,Surabaya,Permanent,06/02/2019,,ACTIVE,6830000,3.2,3.2,3243
5011,  Dr. Azalea Utama ,L,6,Lead,Bandung,Probation,02/10/2017,,active,43110000,3.4,2.5,3279
5012,"Tgk. Lalita Wasita, M.Ak",L,8,Junior,Jakarta,Permanent,2024-01-27,,ACTIVE,15480000,2.1,2.2,1982
5013,"cager farida, s.i.kom",F,6,Lead,Yogyakarta,Permanent,06/07/2024,,active,32920000,1.8,2.5,4917
5014,Drs. Wawan Sihotang,Female,7,Mid,Yogyakarta,Permanent,23/01/2023,,active,15930000,4.1,4.4,3117
5015,Chelsea Zulaika,F,1,Mid,Surabaya,Permanent,26/09/2022,,ACTIVE,29980000,,4.8,1997
5016,Ophelia  Hartati,P,1,Senior,Remote,Contract,03/07/2019,,ACTIVE,40900000 ,3.9,4.2,1471
5017,sabrina gunarto,F,9,Manager,Remote,Permanent,04/02/2023,,Active,46390000,2.8,3.1,2546
5018,Hj.  Amelia  Prasasta,Male,7,Senior,Yogyakarta,Permanent,01/16/2019,,ACTIVE,23170000,3.3,3.1,2824
5019,"Yuni Purwanti, S.Ked",female,8,Senior,Yogyakarta,Probation,12/08/2024,,Active,32350000,5.0,2.8,1082
5020,simon jailani,P,1,Lead,Surabaya,Permanent,2024-01-19,2024-09-08,resigned,53180000,3.0,3.6,4595
5021,Keisha Manullang,M,6,Junior,Jakarta,Permanent,06/11/2018,,active,14460000,3.6,2.6,4840
5022,drg. Zulaikha Hidayanto,M,5,Junior,Medan,Contract,2021-06-03,,Active,16360000,3.7,2.7,2684
5023,  Harsanto Hariyah ,P,3,Junior,Surabaya,Permanent,2020-09-11,,ACTIVE,22910000,4.4,3.3,3046
5024,"  Bakiman Tampubolon, M.M. ",female,2,Intern,Medan,Permanent,06/09/2021,2024-04-03,resigned,9210000,4.3,3.1,3679
5025,SYAHRINI NASYIDAH,Female,4,Mid,Jakarta,Contract,20-06-2024,,ACTIVE,19330000,,2.9,1402
5026,"  Dr. Cici Hutasoit, S.E. ",L,7,Senior,Surabaya,Permanent,2015-02-25,,active,Rp28.760.000,4.5,2.9,1417
5027,"cici widodo, s.farm",P,10,Mid,Jakarta,Permanent,18/09/2023,,ACTIVE,14880000,3.1,4.0,3434
5028,Himawan Sitompul,F,6,Mid,Surabaya,Permanent,2016-05-16,,active,22770000,2.9,3.8,2764
5029,GALIONO SIREGAR,F,6,Junior,Bandung,Permanent,19/04/2022,,ACTIVE,13890000,3.3,3.6,4307
5030,Dr. Gabriella Kusmawati,L,1,Junior,,Permanent,08/29/2019,,Active,Rp22.850.000,3.9,4.1,3971
5031,Estiawan Hasanah,Female,3,Senior,Jakarta,,2017-05-24,,ACTIVE,40430000,3.9,4.1,3037
5032,kenes mangunsong,F,5,Mid,Yogyakarta,Permanent,20-06-2017,,Active,23440000,4.2,4.3,3715
5033,DALIMA UYAINAH,M,3,Junior,Remote,Permanent,03-05-2015,,Active,21840000,3.1,3.6,1247
5034,Galuh Purnawati,P,4,Senior,Bandung,Permanent,2020-12-14,,Active,32790000,4.1,3.1,4373
5035,  Limar Wibowo ,M,2,Mid,Medan,Permanent,22/11/2015,,active,Rp29.430.000,3.3,4.3,1652
5036,Waluyo Tarihoran,Female,10,Mid,Remote,Permanent,27/07/2018,2023-02-16,RESIGNED,18530000,2.6,2.9,4763
5037,"dr. Jasmani Prabowo, S.Gz",Male,6,Junior,Medan,Contract,09-11-2019,,ACTIVE,13450000,4.1,3.0,1334
5038,Taswir Damanik,P,9,Mid,Remote,Contract,2017-12-29,,ACTIVE,19630000,4.1,2.4,1882
5039,"Ir. Indra Saputra, S.T.",P,8,Intern,Bandung,Permanent,07/19/2015,,active,8720000,4.4,3.9,4213
5040,"Cecep Hutasoit, S.E.I",M,3,Senior,Remote,Permanent,02/10/2024,,active,35050000,2.8,3.9,4690
5041,ENDRA WASKITA,female,9,Junior,Bandung,Permanent,2023-12-08,2024-12-11,Resigned,12370000,1.9,4.2,1213
5042,Emin Hartati,female,9,Intern,Medan,Permanent,10/03/2020,,Active,6370000,3.6,3.9,2629
5043,"drg. Paramita Prabowo, S.T.",Female,3,Mid,Yogyakarta,Permanent,24/07/2019,,active,24030000,3.6,4.8,4215
5044,Radika Habibi,P,1,Senior,Jakarta,Probation,2015-09-11,,ACTIVE,36100000,4.2,3.5,2376
5045,Umar Aryani,P,5,Mid,Medan,Permanent,22/02/2024,2024-12-10,Resigned,Rp19.580.000,3.0,2.5,3200
5046,Umi Salahudin,female,7,Lead,Remote,Probation,08/26/2018,,ACTIVE,29820000,4.4,3.2,2226
5047,Dalimin Tampubolon,Male,1,Senior,Yogyakarta,Contract,14/04/2015,,Active,48710000,5.0,2.6,4807
5048,Novi Kusmawati,L,5,Mid,Bandung,Permanent,03/07/2023,2024-02-08,RESIGNED,20670000,3.4,1.8,1251
5049,  H. Purwanto Marpaung ,M,7,Junior,Medan,Permanent,06/05/2016,,ACTIVE,13790000,3.6,3.3,3913
5050,"Maya Thamrin, M.Farm",Male,3,Junior,Yogyakarta,Permanent,2023-08-17,,Active,19960000,4.5,3.8,2543
5051,YUNI ANGGRIAWAN,male,9,Mid,Jakarta,Permanent,17-07-2020,,active,20340000,4.6,3.4,4634
5052,KH. Tugiman Riyanti,M,5,Lead,Surabaya,Permanent,29/03/2019,,ACTIVE,35910000,2.2,3.9,4975
5053,Bahuwarna Widiastuti,F,3,Mid,Jakarta,Permanent,2016-12-21,,Active,32230000,3.3,3.4,3073
5054,  Ir. Dalima Sinaga ,Male,8,Senior,Yogyakarta,Contract,15/06/2021,,active,30660000 ,2.4,3.1,1325
5055,"Ridwan Simanjuntak, S.Ked",F,2,Junior,Medan,,07/06/2016,,active,23000000,3.8,4.1,2576
5056,Usman Haryanti,L,6,Junior,Remote,Permanent,19/08/2017,2019-10-25,resigned,14150000,2.6,2.8,1809
5057,  Jamil Simanjuntak ,P,3,Senior,Bandung,Contract,18/07/2017,,Active,46310000,3.4,4.1,1332
5058,Prima Wulandari,M,1,Lead,Yogyakarta,Permanent,2015-01-06,,active,60760000,,3.7,4649
5059,Hani Nurdiyanti,Male,8,Junior,Bandung,Permanent,08/10/2023,,ACTIVE,16400000,4.4,4.1,3154
5060,"Ade Hartati, S.E.I",P,1,Intern,Jakarta,Permanent,23/12/2015,,ACTIVE,12670000,3.5,2.6,1557
5061,"Ihsan  Uyainah,  M.Farm",L,1,Mid,Yogyakarta,Permanent,2015-07-20,,Active,33750000,2.8,2.6,4884
5062,Argono Pratama,male,6,Mid,Jakarta,Permanent,2019-05-13,,active,21490000,3.8,3.2,5485
5063,"Fitriani Andriani, M.Pd",M,4,Mid,Yogyakarta,Permanent,2024-04-21,,Active,23280000,3.9,4.0,2902
5064,"R.M. Limar Waluyo, S.Kom",L,1,Mid,Yogyakarta,Permanent,2020-07-05,,Active,32680000,3.8,2.8,4115
5065,Fathonah Nainggolan,male,8,Junior,Remote,Probation,05-04-2021,,Active,15160000,4.5,3.1,4048
5066,"Koko Budiman, S.I.Kom",M,1,Mid,Remote,Permanent,19-08-2024,,Active,28680000,4.2,1.8,3144
5067,"dr. Anita Sihombing, S.Pd",P,4,Senior,Yogyakarta,Permanent,12/27/2020,,ACTIVE,35300000,4.8,2.4,4081
5068,R. Naradi Mandasari,P,4,Intern,Bandung,Permanent,2019-12-18,,Active,8320000,2.6,4.1,4709
5069,"JAGA ZULKARNAIN, S.FARM",M,3,Mid,Bandung,Probation,2022-09-30,,ACTIVE,30920000,3.4,4.1,5031
5070,KAMILA NAMAGA,male,2,Senior,Surabaya,Permanent,2022-02-12,2024-04-24,RESIGNED,36670000,2.7,3.9,2899
5071,Putri Sitorus,M,4,Junior,Remote,Contract,2018-11-18,,ACTIVE,16730000,4.2,3.3,2663
5072,Wira Nugroho,L,9,Mid,Remote,Permanent,17/01/2023,,active,19360000,3.7,5.0,3659
5073,Maria Wahyudin,male,2,Junior,Surabaya,Permanent,01/01/2017,,active,20390000,2.8,3.0,4312
5074,  Kadir Riyanti ,Female,9,Mid,Medan,Probation,19/01/2017,,active,Rp20.660.000,3.3,2.8,5369
5075,Kemba Fujiati,female,9,Junior,Jakarta,Contract,2017-05-14,,ACTIVE,15050000,,4.3,2471
5076,Intan  Wahyuni,Male,7,Junior,Remote,Permanent,2024-05-05,,Active,10720000,2.8,3.0,1203
5077,"Sabrina Fujiati, S.Pd",L,1,Mid,Jakarta,Permanent,2015-10-01,,active,34690000,4.1,4.3,4807
5078,"  Raina Januar, S.Pt ",female,1,Senior,Yogyakarta,Permanent,14-06-2019,,ACTIVE,44840000 ,5.0,2.5,2702
5079,"R. Bakidin Yulianti, S.Ked",Male,9,Mid,Surabaya,Permanent,26/01/2015,,Active,21890000,3.0,2.7,3337
5080,drg. Ciaobella Mandasari,female,6,Mid,Surabaya,Permanent,08/29/2023,2024-12-08,Resigned,Rp21.110.000,3.4,4.2,1176
5081,"umi oktaviani, m.pd",Male,2,Senior,Bandung,Permanent,19/06/2017,,active,43690000 ,4.7,3.7,3949
5082,Mahesa Handayani,male,6,Senior,Remote,Permanent,2020-09-14,,active,33090000,4.3,2.4,2825
5083,Drs. Reksa Firmansyah,F,9,Junior,Jakarta,Permanent,14/05/2022,,ACTIVE,14340000,5.0,4.1,1278
5084,"Elvin Andriani, S.Kom",Female,2,Mid,Surabaya,Permanent,13-11-2023,,ACTIVE,28260000,,3.7,3339
5085,Prayoga Hasanah,L,6,Senior,Remote,Permanent,2023-12-18,2024-11-22,Resigned,28070000,4.2,3.1,3939
5086,dr. balijan napitupulu,male,5,Junior,Surabaya,Permanent,20/10/2019,,Active,13680000,4.4,3.0,4425
5087,"Dr. Dewi Tampubolon, M.M.",P,4,Mid,Jakarta,Permanent,2018-09-13,,active,24810000,3.9,3.5,4887
5088,yuni yuliarti,Male,8,Junior,Medan,Probation,2021-06-18,,ACTIVE,15740000,2.6,3.0,1052
5089,"Violet Widodo, S.Ked",female,5,Junior,Surabaya,Contract,21/01/2020,,active,14500000,,3.3,3811
5090,VIOLET PRASETYO,male,5,Senior,Bandung,Permanent,2020-05-08,,ACTIVE,30940000,4.7,3.0,2882
5091,  T. Embuh Wahyuni ,L,9,Junior,Remote,Permanent,2019-11-16,,Active,13500000,,4.9,1538
5092,Ina Agustina,female,8,Junior,Remote,Permanent,01/29/2016,,Active,17520000,,3.2,3098
5093,"DIMAS ARDIANTO, S.FARM",F,8,Senior,Medan,Permanent,10/28/2015,,active,36110000 ,2.1,4.3,1036
5094,Aditya Dongoran,female,4,Junior,Medan,,15/12/2021,,Active,17930000,3.3,5.0,1287
5095,Paiman  Wahyudin,Female,9,Head,Yogyakarta,Permanent,21/07/2019,2022-12-23,Resigned,60020000,4.2,3.0,
5096,"drs. yuliana rahimah, s.psi",L,1,Senior,Yogyakarta,Permanent,2019-10-13,,ACTIVE,Rp41.470.000,4.6,3.5,4423
5097,ella pertiwi,,8,Mid,Yogyakarta,Permanent,2016-06-24,,active,26420000,2.9,3.2,2917
5098,Halima Puspita,M,8,Junior,Remote,,2020-02-29,,ACTIVE,16680000,,3.4,1284
5099,Febi Susanti,F,8,Junior,Surabaya,Permanent,2022-04-11,,Active,17200000,4.7,3.0,3274
5100,"Hartana Habibi, M.Farm",male,10,Mid,,Permanent,28/01/2022,,active,Rp18.560.000,2.6,2.8,3862
5101,Dian Usada,male,7,Lead,Remote,Permanent,17-04-2016,,ACTIVE,31150000,4.4,3.5,4839
5102,TITI NATSIR,P,2,Intern,Medan,Permanent,2018-06-18,,ACTIVE,Rp9.480.000,4.3,3.8,4740
5103,JAMALIA MARYATI,F,2,Junior,Bandung,Permanent,2017-01-14,,Active,19590000,4.0,4.7,5000
5104,Ibrani Pradipta,M,8,Mid,Surabaya,Permanent,2021-07-28,2022-03-13,RESIGNED,23100000,4.1,4.1,4362
5105,Nyana Mahendra,F,10,Junior,Medan,Permanent,20/01/2018,,Active,12400000,3.2,2.0,2945
5106,R. Laswi Permata,Female,1,Junior,Jakarta,Permanent,2020-05-19,2021-02-25,Resigned,20150000,3.3,2.4,1264
5107,"dr. Saiful Utami, S.T.",P,1,Manager,Medan,Permanent,09-06-2019,,ACTIVE,71740000,2.6,3.4,4497
5108,"Drs. Endah Sinaga, S.Kom",Female,8,Mid,Medan,Permanent,2020-07-26,,active,21340000,3.9,3.0,3384
5109,Bakiman  Dongoran,Female,5,Junior,Jakarta,Permanent,21/06/2018,,Active,16370000,3.4,4.0,1054
5110,Ajeng Utami,M,5,Junior,Yogyakarta,Permanent,2019-04-29,,Active,17360000,3.3,3.5,1712
5111,"Drs. Candra Dabukke, M.Ak",M,4,Senior,Jakarta,Permanent,2017-11-18,,active,33730000,4.6,3.6,1222
5112,"Puji Hutapea, M.Farm",Male,3,Senior,Bandung,Permanent,16-12-2018,,Active,42550000,,3.1,4945
5113,Aisyah Mustofa,male,4,Senior,Surabaya,Permanent,08/08/2021,,active,38640000,4.0,3.7,2651
5114,Siska Usamah,,2,Intern,Jakarta,Contract,03/17/2020,,Active,9720000,3.7,2.8,2053
5115,"Tgk. Cengkir Permadi, S.H.",Female,5,Lead,Yogyakarta,Permanent,2016-07-16,,active,42440000,3.5,3.9,1065
5116,Febi Nasyiah,M,3,Mid,Medan,Permanent,22/07/2015,,Active,27070000 ,4.0,3.3,3218
5117,"R.A. Tari Waluyo, S.T.",M,2,Mid,Jakarta,Permanent,2017-01-04,,Active,28690000,3.7,3.7,3007
5118,"aslijan saefullah, s.pt",male,8,Mid,,Permanent,2020-03-10,,Active,Rp20.870.000,2.1,3.7,4410
5119,Lutfan Damanik,L,4,Senior,Medan,Permanent,17/11/2015,,Active,37000000,4.2,4.6,2256
5120,"Labuh Jailani, S.IP",P,2,Mid,Surabaya,Permanent,10-11-2021,,Active,22030000,4.0,4.7,5311
5121,Rina Maheswara,female,1,Mid,Surabaya,Permanent,2017-10-12,,active,30830000,2.3,3.5,3505
5122,Caket Suryono,F,9,Intern,Remote,Permanent,05/11/2023,,Active,5720000,,4.6,2264
5123,Elvina Iswahyudi,M,10,Junior,Medan,,2023-11-17,,Active,11090000,2.1,5.0,4071
5124,Jumari Tarihoran,L,2,Senior,Remote,Probation,06/12/2023,,ACTIVE,36610000,4.2,1.6,4443
5125,"R.A. KANIA JANUAR, M.KOM.",P,1,Senior,Surabaya,Permanent,02/03/2018,,active,40850000,3.2,2.9,4649
5126,"Dt. Hendri Hidayanto, M.Kom.",F,6,Mid,Jakarta,Permanent,2024-11-01,,ACTIVE,18180000,3.8,3.6,1939
5127,"BAHUWARNA PRANOWO, S.FARM",male,8,Senior,Surabaya,,2016-08-21,2023-10-14,Resigned,32010000,2.0,3.3,2414
5128,Iriana Usada,male,4,Junior,Remote,Probation,2021-10-15,,Active,14430000,2.8,4.0,1942
5129,yani marpaung,female,3,Junior,Jakarta,Probation,2016-02-13,,active,20690000,,3.8,1574
5130,emin anggriawan,female,9,Mid,Jakarta,Contract,12/06/2016,2018-11-18,RESIGNED,19710000,3.7,3.9,2457
5131,MARYANTO PURNAWATI,Male,7,Intern,Medan,Permanent,2020-05-15,,active,5590000,3.1,3.6,3750
5132,"LULUH FIRMANSYAH, S.IP",P,9,Mid,Yogyakarta,Permanent,25-01-2022,,ACTIVE,18960000,4.1,3.5,5294
5133,Jelita Laksmiwati,P,6,Junior,Bandung,Permanent,23/12/2023,,ACTIVE,13400000,2.9,4.3,1719
5134,Ir. Puji Ardianto,Male,1,Mid,Medan,Permanent,25-06-2015,,Active,34250000,4.3,3.3,2265
5135,Karman Rajasa,F,1,Senior,Bandung,Permanent,2019-04-12,,ACTIVE,Rp46.260.000,4.5,4.1,4982
5136,Dadi Sudiati,,8,Junior,,Contract,2021-05-09,2021-12-31,resigned,14050000,3.2,3.0,4299
5137,Kawaca Damanik,F,7,Intern,Bandung,Permanent,2016-03-12,2017-12-22,RESIGNED,6100000,3.6,4.6,1200
5138,Dr. Prabawa Mangunsong,,9,Mid,Surabaya,Permanent,09/27/2018,,ACTIVE,17140000,4.5,2.9,5152
5139,SAKTI UTAMA,F,7,Senior,Surabaya,Permanent,2017-02-18,,Active,24520000,3.9,2.9,2039
5140,Uda Pratama,Female,6,Junior,Yogyakarta,Probation,01/10/2015,,Active,16020000,4.5,4.0,4677
5141,  Gamanto Mandala ,Male,1,Mid,Jakarta,Permanent,07/06/2021,,ACTIVE,27140000,4.5,3.8,1511
5142,Bakda Mahendra,P,3,Mid,Remote,Permanent,2021-03-13,2023-02-22,RESIGNED,26390000,,2.6,3683
5143,ika laksmiwati,P,8,Intern,Medan,Permanent,25/06/2017,2020-06-21,resigned,9140000,3.4,4.2,3596
5144,Xanana Iswahyudi,L,3,Senior,Bandung,Permanent,04/18/2017,,ACTIVE,42000000,3.3,2.6,1640
5145,TITIN PUSPASARI,,6,Mid,Remote,Permanent,2016-10-07,,Active,22800000,4.2,2.7,4206
5146,"Emil Hastuti, M.Kom.",male,5,Mid,Surabaya,Permanent,03/09/2017,,Active,22130000,3.6,3.2,2514
5147,Oliva Wacana,,9,Mid,Jakarta,Permanent,01/05/2017,,Active,21640000,2.3,3.3,1092
5148,Dwi Natsir,P,8,Junior,Medan,Permanent,2023-01-04,,ACTIVE,14600000,2.8,2.7,4376
5149,Mahfud Setiawan,female,7,Intern,Jakarta,Permanent,2023-10-06,,Active,5510000,2.3,3.6,3420
5150,  Ciaobella Padmasari ,F,10,Junior,Bandung,Permanent,2022-12-21,,active,11990000,3.8,3.3,2484
5151,"KH. Langgeng Saragih, S.E.",F,5,Junior,Jakarta,Permanent,12/04/2019,,Active,16310000,3.3,3.3,4954
5152,"Sutan Xanana Laksita, S.Farm",male,9,Senior,Yogyakarta,Permanent,02-04-2022,,ACTIVE,28660000,3.7,3.1,2816
5153,LINTANG RIYANTI,P,2,Junior,Bandung,Probation,2015-09-21,,ACTIVE,24300000,3.5,3.8,1237
5154,"Humaira Simanjuntak, M.Ak",P,3,Manager,Jakarta,Permanent,01/05/2017,,active,69870000,2.8,3.4,1068
5155,Luluh Winarno,F,4,Head,,Probation,12/07/2015,2022-04-16,RESIGNED,92950000,3.0,2.4,
5156,farah purnawati,F,9,Lead,Yogyakarta,Permanent,2019-05-20,,Active,33900000,2.4,4.6,1538
5157,Kasiyah Usamah,M,3,Senior,Medan,Probation,2017-03-25,,Active,48780000,4.7,3.6,3899
5158,"Puti Mila Marbun, S.Gz",M,2,Mid,Surabaya,Permanent,08/02/2015,2017-02-07,Resigned,32120000,,4.1,3684
5159,  T. Langgeng Wasita ,L,2,Junior,Jakarta,Permanent,01/06/2017,,active,19000000,4.0,3.6,1232
5160,Rahmi Yuliarti,Male,3,Mid,Yogyakarta,Permanent,2017-03-19,,active,27060000,4.0,3.1,3335
5161,Tgk. Hasta Dabukke,L,6,Junior,Yogyakarta,Permanent,08/07/2022,,ACTIVE,14530000,3.2,2.4,4643
5162,Cemeti Sinaga,L,10,Senior,Bandung,Permanent,2019-11-28,,Active,24400000,4.9,3.5,4500
5163,WIDYA NASHIRUDDIN,P,10,Mid,,Contract,03-06-2023,,ACTIVE,15780000,3.8,3.8,1603
5164,Hesti Hidayanto,L,2,Junior,Surabaya,Permanent,11-12-2016,,active,22790000,5.0,2.2,4241
5165,Maryadi Wahyudin,L,9,Senior,Remote,Permanent,2016-12-09,,active,29000000,2.3,2.9,3659
5166,dalima sihotang,F,6,Junior,Bandung,Permanent,25/02/2024,,ACTIVE,12900000,3.9,1.2,2454
5167,Adika Simanjuntak,Female,10,Lead,Bandung,Permanent,14/01/2023,,Active,32240000,,2.3,2951
5168,"Ajeng Sitompul, S.Kom",female,6,Senior,Remote,Contract,21-02-2020,2023-11-22,resigned,26880000,4.0,2.9,3939
5169,Qori Sinaga,M,7,Junior,Bandung,Probation,2016-01-08,,ACTIVE,11980000,4.9,3.3,1576
5170,  Kanda Haryanto ,male,9,Senior,Jakarta,Permanent,04/13/2018,2022-12-17,resigned,Rp31.050.000,2.9,3.6,3440
5171,Intan Suartini,Female,3,Lead,Medan,Permanent,28/04/2024,,active,48510000,3.9,3.6,2382
5172,KARSA PRATAMA,L,8,Junior,Remote,Permanent,2024-04-29,,active,13690000,2.5,4.1,3872
5173,Kanda Setiawan,P,7,Junior,Yogyakarta,Permanent,08/08/2018,,active,12600000,3.4,2.6,4506
5174,"Rachel Winarsih, S.Pt",Male,7,Mid,Remote,Permanent,16/12/2017,2022-06-26,Resigned,14330000,5.0,4.0,1441
5175,HJ. LILI ZULAIKA,F,3,Lead,Yogyakarta,Permanent,23/09/2016,,active,47190000,2.9,3.8,3073
5176,"DR. GALIONO SIMANJUNTAK, S.KOM",F,9,Junior,Jakarta,Permanent,09/02/2020,,active,15270000,4.2,3.7,2269
5177,Asirwanda Lailasari,P,3,Lead,Medan,Contract,18-09-2021,2024-11-19,RESIGNED,54150000,5.0,2.0,2797
5178,AURORA SAEFULLAH,Female,5,Junior,Medan,Permanent,28/04/2019,,active,14350000,3.4,2.7,1762
5179,Devi Maheswara,Female,5,Senior,Bandung,Probation,08/09/2020,,Active,30020000,3.4,3.2,4576
5180,Ella Rahimah,female,3,Mid,Yogyakarta,Permanent,17-10-2017,,ACTIVE,32180000,4.1,4.2,4623
5181,Rika Winarno,L,5,Junior,Bandung,Permanent,28/11/2023,,active,Rp16.650.000,3.8,3.7,4002
5182,Koko Damanik,,2,Lead,Medan,Permanent,05/03/2016,,Active,51870000,3.5,4.0,2331
5183,Anita Yuniar,F,7,Mid,Remote,Permanent,20-09-2022,,active,15600000,3.1,2.8,4330
5184,"Drs.  Adhiarja  Hariyah,  S.Pd",L,4,Mid,Yogyakarta,Permanent,05/02/2020,,Active,20650000,,3.1,2026
5185,Saadat Waskita,M,9,Senior,Bandung,Permanent,2023-12-13,,Active,26370000,5.0,4.3,4063
5186,UMAR NASYIDAH,F,4,Junior,Medan,Permanent,2016-02-29,,ACTIVE,15650000 ,2.6,3.5,3727
5187,Dt. Gandi Yuliarti,Female,4,Mid,Remote,Contract,30/12/2016,,Active,Rp24.860.000,4.1,2.7,2872
5188,Bagiya Halimah,Male,9,Senior,Bandung,Contract,16-07-2020,2022-01-06,RESIGNED,26020000,3.5,2.4,1664
5189,Radit Agustina,,2,Mid,,,2023-05-24,,active,27890000,3.9,4.4,3602
5190,"Ilsa Saefullah, S.Psi",male,7,Junior,Bandung,,2016-10-31,2020-07-26,Resigned,13070000,3.2,4.3,2648
5191,"Tgk. Heru Hutapea, M.Pd",female,2,Senior,Surabaya,Permanent,2016-12-22,,active,43010000,3.3,3.7,3221
5192,"Tgk. Jumadi Suryatmi, S.Gz",P,1,Intern,Yogyakarta,Contract,2021-08-18,,ACTIVE,9530000,3.8,3.2,4507
5193,Ifa Hasanah,Male,8,Mid,Jakarta,Permanent,2017-03-10,,Active,24400000,4.3,3.9,4306
5194,Zizi Yuniar,M,8,Senior,Surabaya,Permanent,08-04-2017,,active,32200000,2.9,4.4,4937
5195,Saiful Wahyudin,Male,8,Junior,Medan,Permanent,02/06/2018,,Active,15550000,3.0,3.5,3356
5196,Puti Ana Prasetyo,female,3,Mid,Jakarta,Contract,2015-02-18,,active,29250000,3.4,3.7,4632
5197,  Rudi Anggriawan ,Male,10,Junior,Remote,Permanent,2024-08-24,,Active,12830000,3.6,4.4,4446
5198,Bala Sinaga,F,7,Mid,Surabaya,Permanent,2015-10-20,,ACTIVE,18760000,3.7,3.8,4815
5199,"DRG. GENTA NARPATI, S.PT",F,4,Senior,Remote,Contract,2020-07-28,,ACTIVE,34940000,3.8,4.4,4863
5200,Nyoman Uwais,P,6,Senior,Bandung,Permanent,16/10/2019,,Active,30550000,3.8,1.9,5471
5201,"Drs.  Agnes  Habibi,  S.T.",P,2,Mid,Bandung,Permanent,24/08/2019,,active,Rp30.970.000,4.2,3.9,3630
5202,"DT. BALAPATI HARDIANSYAH, S.PD",F,1,Senior,Bandung,Permanent,2020-04-26,,ACTIVE,48420000,,3.2,4318
5203,Eman Sitompul,Female,5,Head,Yogyakarta,Permanent,2021-05-12,,active,Rp73.880.000,3.1,3.5,
5204,"Rahmi Wibowo, S.T.",female,2,Junior,,Contract,01/12/2018,,active,Rp21.560.000,2.9,4.7,2195
5205,"Ella Mandala, M.Farm",Male,3,Mid,Medan,Permanent,24-04-2015,,active,27540000,3.4,3.7,4632
5206,  Devi Mahendra ,male,1,Junior,Jakarta,Permanent,2016-09-10,,active,25870000,3.2,1.8,1471
5207,zelda maulana,F,2,Junior,Surabaya,,06/13/2017,2024-07-28,RESIGNED,23470000,4.7,2.1,1834
5208,"  Drs. Tirta Zulkarnain, M.M. ",P,7,Mid,Yogyakarta,Permanent,08/10/2017,,active,15950000 ,3.0,2.5,4544
5209,"Banawi  Nurdiyanti,  M.TI.",male,4,Mid,Medan,,2022-03-30,,active,22270000,2.7,4.0,2765
5210,Koko Kuswandari,Male,3,Junior,Jakarta,Permanent,2015-06-25,,Active,22120000,2.6,4.4,4161
5211,"jindra setiawan, s.psi",Female,9,Mid,Remote,Permanent,28/12/2021,,ACTIVE,19110000,4.1,3.6,1527
5212,"H. JAYADI PRASETYO, S.PT",female,4,Mid,Remote,Permanent,2016-02-02,,active,24670000,4.3,2.7,4641
5213,Vivi Sihombing,Male,5,Mid,Medan,Contract,28/06/2015,,Active,20890000,2.9,4.9,4936
5214,"Chelsea Thamrin, M.Pd",M,5,Senior,Jakarta,Contract,25/11/2022,,active,31670000,3.5,3.7,5052
5215,"R.A. Sakura Yuliarti, S.Kom",Male,6,Junior,,Probation,2016-12-25,,Active,14560000,,3.4,4340
5216,"Citra Hutagalung, M.Kom.",M,5,Mid,Medan,,09/10/2023,2024-09-04,Resigned,17850000,3.1,3.2,4856
5217,Danuja Budiman,M,4,Senior,Bandung,Contract,2022-12-23,,active,35010000,2.2,3.9,2866
5218,"Darijan Hastuti, S.Sos",Female,8,Mid,Yogyakarta,Permanent,2021-01-03,,active,19640000,3.0,3.6,4410
5219,Jinawi Jailani,male,5,Manager,Jakarta,Permanent,2016-03-01,,Active,55550000,,3.6,1967
5220,fathonah rahayu,F,7,Mid,Yogyakarta,Permanent,28/03/2021,,active,14320000,5.0,4.2,3913
5221,"  Dr. Kamidin Sihotang, S.Pd ",Female,3,Mid,Jakarta,,2023-05-31,2024-11-05,Resigned,26380000,1.3,3.7,2248
5222,"mutia yolanda, s.e.i",Female,4,Mid,Medan,Contract,28/12/2016,,active,Rp26.070.000,,3.7,4148
5223,"Drs. Cici Mustofa, S.H.",P,5,Junior,Yogyakarta,Permanent,17/12/2019,,ACTIVE,14470000,2.8,3.7,2229
5224,Kiandra Hartati,Female,8,Mid,Remote,Probation,2020-11-03,,Active,Rp22.000.000,3.8,2.3,2519
5225,"Ir. Oliva Pangestu, S.Sos",F,6,Senior,Yogyakarta,Permanent,2018-02-28,,ACTIVE,30570000,2.2,3.5,2825
5226,Bagiya Setiawan,male,4,Junior,Bandung,Permanent,2021-09-06,,Active,16480000,3.9,3.8,3106
5227,  Eli Samosir ,M,2,Junior,Remote,Probation,02-04-2016,,active,22060000,3.1,3.5,1466
5228,"Ir.  Septi  Jailani,  S.E.I",Male,4,Junior,Jakarta,Permanent,2017-01-03,2019-07-21,RESIGNED,17740000,3.5,2.6,5025
5229,Cici Kusumo,Male,8,Senior,Medan,Permanent,07/06/2015,,active,37570000,3.6,2.8,1204
5230,  Agus Haryanti ,male,10,Junior,Surabaya,Permanent,12/04/2023,,active,12000000,3.7,4.7,1532
5231,  Emas Dabukke ,M,8,Mid,Medan,Permanent,2016-01-04,,ACTIVE,29230000,3.8,3.9,1522
5232,Salimah Nuraini,female,7,Mid,,Permanent,05/08/2021,,Active,Rp15.100.000,3.5,3.8,2177
5233,Kamila Saptono,L,6,Junior,Bandung,,2022-04-23,2024-10-04,resigned,13180000,3.5,3.9,4284
5234,Wira Pudjiastuti,M,7,Mid,Yogyakarta,Permanent,22-08-2015,,Active,15960000,3.1,4.0,2897
5235,Garang Astuti,Male,3,Senior,Bandung,Permanent,09/04/2023,,ACTIVE,36380000,4.7,3.5,4675
5236,  Cakrawangsa Widodo ,Male,9,Mid,Bandung,Permanent,01/23/2015,,Active,22200000,4.2,3.0,4041
5237,dr. Kacung Sitorus,P,8,Junior,Bandung,Contract,03/03/2017,,active,17970000,2.4,2.1,5318
5238,Irnanto Saputra,male,7,Junior,Surabaya,Contract,10-08-2018,,active,12510000,3.8,3.4,3387
5239,Cinthia Hardiansyah,P,6,Mid,Bandung,Permanent,2017-09-27,,active,Rp22.130.000,4.8,3.1,2392
5240,"HARJAYA ANGGRAINI, S.KOM",M,7,Mid,Bandung,Probation,26-12-2018,,active,16370000,4.9,3.0,5494
5241,Fitriani Waskita,L,4,Senior,Medan,Permanent,2022-05-27,,Active,28530000,2.9,3.4,4863
5242,Legawa Saefullah,,1,Senior,Yogyakarta,Permanent,19/06/2019,,Active,43810000,2.9,5.0,3818
5243,Drs. Jumadi Maryati,F,2,Senior,Bandung,Contract,06/25/2023,,active,33680000,4.6,5.0,3809
5244,Cici Zulaika,Male,9,Mid,Bandung,Contract,2024-06-18,,ACTIVE,15850000,3.1,3.1,3251
5245,Mariadi Prayoga,Female,2,Mid,Bandung,Permanent,20/07/2022,,ACTIVE,23690000,3.1,3.5,4015
5246,Darmaji Latupono,P,5,Mid,Jakarta,Permanent,2019-07-28,,active,21420000,3.4,4.0,3201
5247,Umar Firgantoro,male,1,Senior,Medan,Contract,26-11-2024,,ACTIVE,41300000 ,4.7,3.4,5256
5248,  Tgk. Halima Haryanto ,female,4,Lead,Jakarta,Permanent,2016-12-26,,Active,43690000,4.1,4.4,2889
5249,R. ENTENG PRASETYO,female,1,Mid,Bandung,Permanent,2023-09-18,2024-04-23,resigned,Rp30.930.000,4.5,3.5,2271
5250,drg. Kania Wijaya,L,9,Junior,Remote,Permanent,03/04/2017,,ACTIVE,14710000,4.8,4.9,1605
5251,Darmaji Santoso,M,9,Senior,Medan,Permanent,19-07-2022,,ACTIVE,28590000,2.5,4.0,1701
5252,farhunnisa narpati,M,6,Mid,Yogyakarta,Permanent,2018-12-01,,active,23620000,2.9,5.0,3008
5253,"Sutan Ganjaran Uyainah, S.Pd",male,9,Senior,Remote,Probation,12/04/2020,,ACTIVE,25300000,3.4,4.4,3014
5254,"Rina  Suwarno,  S.Ked",male,4,Lead,Yogyakarta,Permanent,2019-07-22,,active,47760000,1.9,4.3,5155
5255,Cengkal Mardhiyah,male,2,Mid,Remote,Permanent,19/04/2022,2024-11-27,resigned,27230000,3.5,3.0,2429
5256,"  Sarah Kuswandari, S.Pd ",Male,1,Lead,Medan,Permanent,26-01-2015,,Active,55670000,3.9,3.8,5107
5257,"  R.A. Ella Sihotang, S.Pt ",female,9,Junior,Medan,Permanent,2017-10-10,,active,17060000,2.7,2.1,2546
5258,  Cengkir Sitorus ,F,6,Junior,Remote,Permanent,06/08/2019,2022-11-28,Resigned,15640000,3.2,3.6,4393
5259,dinda budiman,P,7,Mid,Remote,Permanent,07/01/2021,,ACTIVE,15530000,3.0,3.4,1930
5260,"Jasmani Aryani, S.Psi",Female,1,Mid,Bandung,Permanent,12/04/2018,,ACTIVE,33870000,3.4,4.2,5078
5261,cecep saptono,L,8,Senior,Bandung,Permanent,12/01/2023,,active,28740000,3.2,3.5,1698
5262,  Cawisono Wastuti ,female,3,Junior,Yogyakarta,Permanent,2019-02-18,,active,Rp19.020.000,2.9,4.7,5469
5263,"Dt. Legawa Thamrin, M.Kom.",L,3,Junior,Medan,,2021-11-10,,active,22210000 ,4.0,3.3,3385
5264,Cut Nurul Prayoga,Male,3,Mid,Surabaya,Permanent,08/18/2018,,ACTIVE,28780000,4.7,3.7,2511
5265,carla gunawan,,2,Senior,Medan,Permanent,07/11/2018,,active,45080000,3.8,3.0,4232
5266,"cut qori zulaika, s.pd",female,6,Senior,,Permanent,01/17/2022,,ACTIVE,27170000,3.5,3.5,1573
5267,"R.A.  Paramita  Mardhiyah,  S.E.",male,2,Junior,Jakarta,Permanent,30-06-2021,,active,Rp19.450.000,3.5,3.3,1032
5268,"R.M. Prayitna Kuswoyo, S.IP",Female,8,Senior,Yogyakarta,Permanent,07-08-2016,,Active,35690000,,3.8,4844
5269,Wani Sitorus,female,5,Senior,Medan,Permanent,15/09/2015,,active,32020000,3.4,2.5,4425
5270,nurul tampubolon,F,9,Junior,Medan,Contract,03/30/2015,,active,15630000,4.3,3.3,1727
5271,T. Mujur Laksita,Female,8,Senior,Yogyakarta,Permanent,11-06-2018,,ACTIVE,36730000 ,3.9,3.7,4529
5272,Karimah Haryanti,P,6,Lead,Medan,Permanent,2022-09-09,,Active,34570000,4.5,4.1,1794
5273,  Raden Thamrin ,P,6,Mid,Bandung,Contract,2015-11-05,,active,24240000,4.1,3.2,3283
5274,Titin Sitorus,F,5,Junior,Bandung,Permanent,2016-04-05,,active,16570000,4.8,3.3,4975
5275,KH. Mujur Riyanti,P,9,Junior,Surabaya,Permanent,26/10/2020,,active,13940000,2.6,3.7,2347
5276,Carla Saputra,M,4,Mid,Medan,Permanent,04/09/2019,,active,24780000,4.8,3.2,1642
5277,"Karja  Uyainah,  S.Ked",F,2,Senior,Medan,Permanent,2018-04-02,,active,51200000,3.6,3.2,1757
5278,Hendra Prasetya,F,2,Senior,Bandung,Permanent,27/10/2024,,ACTIVE,41690000,4.5,4.1,2925
5279,"  Caket Tamba, M.Kom. ",M,4,Senior,Yogyakarta,Permanent,11/02/2016,,active,32700000,3.6,2.3,1239
5280,Dipa Permata,female,6,Mid,Jakarta,Permanent,02-04-2018,,Active,23880000,3.7,2.9,4684
5281,"tami astuti, s.i.kom",L,5,Mid,Surabaya,Permanent,01/13/2018,,Active,23570000 ,3.1,3.2,1019
5282,panca irawan,L,4,Junior,Medan,Permanent,2023-08-21,2024-11-27,Resigned,14900000,3.7,2.7,2144
5283,Viman Waluyo,Male,7,Mid,Jakarta,Permanent,23/10/2024,,active,15870000,3.7,4.9,5101
5284,"Balangga Saefullah, M.Pd",female,4,Senior,Medan,Permanent,2022-06-24,,ACTIVE,38410000,4.8,4.0,5155
5285,paramita natsir,female,6,Junior,Remote,Probation,2017-12-08,,ACTIVE,13680000,3.0,4.1,1655
5286,Shania Tampubolon,P,10,Mid,Bandung,Permanent,08/31/2019,,active,17780000,2.9,3.5,2940
5287,KANIA RAHMAWATI,Female,6,Senior,Jakarta,Permanent,2023-11-03,,active,30670000,3.1,2.9,4788
5288,ika saragih,L,5,Lead,Remote,Permanent,08-07-2015,,active,44380000,3.6,2.5,1198
5289,Artanto Prastuti,F,3,Senior,Medan,Permanent,2016-02-22,,Active,48360000 ,3.5,1.8,3219
5290,H. Gangsa Suryatmi,M,2,Junior,Surabaya,Permanent,12/03/2015,,Active,23410000,3.4,4.3,5373
5291,ian hasanah,L,6,Senior,Medan,Permanent,04/04/2021,,Active,29670000 ,4.1,4.2,4467
5292,dr. Irma Kusumo,female,3,Senior,Surabaya,Permanent,26/01/2021,,ACTIVE,48140000,3.7,2.7,2456
5293,Jamil Maulana,M,4,Mid,Remote,Contract,2020-08-20,,ACTIVE,22480000,3.8,3.6,4254
5294,Sabrina Maryadi,,9,Manager,Yogyakarta,Contract,2020-12-14,,ACTIVE,48820000,2.4,4.5,5466
5295,T. Leo Puspita,Male,6,Senior,Bandung,Permanent,2015-05-08,2024-04-02,RESIGNED,30510000,3.2,2.9,1426
5296,"Carub Sihombing, M.Kom.",L,6,Junior,Surabaya,Permanent,2015-07-14,,ACTIVE,16900000,3.5,2.2,2492
5297,Bella Sihombing,P,7,Mid,Jakarta,Permanent,2016-06-22,,Active,16100000,5.0,3.2,3991
5298,JAEMAN GUNARTO,P,1,Junior,,Permanent,2022-06-17,,active,20000000,3.0,4.4,3678
5299,Eko Rahayu,,8,Mid,Bandung,Permanent,2024-03-06,,ACTIVE,20560000,4.0,3.2,2917
5300,asmadi lestari,L,10,Mid,Bandung,Permanent,03/28/2019,2024-02-03,resigned,18840000,2.7,3.9,1376
5301,Agnes Astuti,,4,Junior,Yogyakarta,Permanent,2021-11-08,,ACTIVE,15410000,3.1,4.0,3025
5302,Salimah Adriansyah,female,4,Senior,Jakarta,Permanent,2023-08-13,2024-05-11,RESIGNED,34770000,3.1,2.6,2765
5303,dwi mandala,Female,9,Senior,Yogyakarta,Contract,24/08/2017,2021-06-11,Resigned,27290000 ,2.7,1.9,2770
5304,  Intan Mardhiyah ,Female,2,Senior,Yogyakarta,Permanent,2020-08-05,,active,42820000,4.2,2.7,3735
5305,"Yusuf  Purwanti,  S.E.I",Female,7,Lead,Surabaya,Permanent,2022-09-05,,active,29660000,,4.5,1624
5306,nasab saputra,female,7,Junior,Bandung,Permanent,29/08/2018,,Active,10650000,3.7,3.7,1299
5307,Oskar Napitupulu,P,7,Mid,Jakarta,Probation,01/26/2015,,active,16640000,2.2,3.9,2039
5308,  Restu Hutapea ,P,8,Mid,,Permanent,26-09-2018,,Active,24060000,3.6,2.8,1509
5309,Gawati Firmansyah,,1,Senior,Yogyakarta,Permanent,2015-01-14,,active,51580000,3.3,2.9,2055
5310,Kamila Prayoga,L,3,Junior,Jakarta,Probation,2016-01-10,,Active,Rp21.500.000,4.2,2.2,1680
5311,"Ir. Makuta Winarno, S.Farm",female,2,Senior,Remote,Permanent,28/08/2017,,Active,Rp44.710.000,3.7,3.5,2925
5312,Cinthia Rajata,F,5,Intern,Medan,Permanent,19/07/2020,2022-07-23,RESIGNED,7860000,3.0,3.0,1034
5313,Rina Saragih,male,5,Lead,,Permanent,2021-12-04,,ACTIVE,Rp40.580.000,4.1,2.9,4975
5314,Kardi Fujiati,P,9,Senior,Bandung,Permanent,2021-03-19,,Active,29480000,2.5,1.7,4565
5315,"  Taufik Sinaga, M.Farm ",Female,9,Senior,Surabaya,Permanent,28/11/2016,,Active,26770000,,2.7,4858
5316,mahmud pangestu,P,3,Lead,Medan,Permanent,2016-02-20,,ACTIVE,57590000,3.1,5.0,1761
5317,Diana Agustina,Female,3,Lead,Jakarta,Permanent,2021-11-23,2022-07-29,RESIGNED,54420000,3.3,4.9,2456
5318,  Sutan Gada Samosir ,M,8,Senior,Jakarta,Permanent,07-12-2020,,active,34800000 ,4.0,3.7,4242
5319,Emin Purnawati,male,5,Mid,Surabaya,Permanent,2017-11-24,,active,21690000 ,3.8,2.9,3932
5320,"Jail Palastri, S.E.",Male,1,Senior,Bandung,Permanent,2023-07-30,,Active,40890000,3.3,3.8,4150
5321,Violet Fujiati,male,9,Manager,Medan,Permanent,03-05-2018,,ACTIVE,48590000,3.7,4.1,5095
5322,cahyo novitasari,P,3,Lead,Yogyakarta,Permanent,04/04/2016,,active,Rp65.600.000,4.3,2.8,1747
5323,Talia Sihotang,P,2,Mid,Medan,Permanent,11/16/2022,,active,28900000,5.0,4.0,4219
5324,Ir. Narji Tamba,female,2,Mid,,Permanent,03/31/2018,,Active,26300000,2.7,2.5,4579
5325,Kamila Aryani,F,1,Mid,Medan,Permanent,05/08/2017,,ACTIVE,27650000,4.5,3.6,1241
5326,Lili Zulkarnain,Male,10,Senior,Yogyakarta,Permanent,2016-05-26,,Active,28120000,,3.5,2971
5327,Ana Purwanti,male,9,Junior,Medan,Probation,20-09-2022,2024-09-02,resigned,11740000,2.5,3.5,4486
5328,Yusuf Andriani,P,4,Mid,Medan,Permanent,03/06/2015,,ACTIVE,28710000,3.3,4.2,2043
5329,Perkasa Mandala,M,1,Mid,,Permanent,2024-02-09,,Active,26430000,3.0,5.0,2084
5330,tgk. winda prasasta,M,1,Mid,Bandung,Permanent,19-05-2020,,Active,31860000,4.3,3.3,4026
5331,Drs. Kasiyah Mahendra,female,5,Junior,Jakarta,Permanent,2017-01-23,,Active,15140000 ,,2.9,1280
5332,Drs. Padmi Sihombing,L,9,Mid,Yogyakarta,Permanent,2019-12-29,,ACTIVE,20790000,2.6,4.0,5466
5333,Perkasa Wijaya,Male,3,Junior,Yogyakarta,Contract,2018-09-03,,active,17600000,4.2,4.5,5154
5334,Hadi Winarsih,Male,1,Junior,Jakarta,Permanent,20/02/2016,,active,20660000,3.1,3.2,4770
5335,Jail Maryati,F,1,Mid,Yogyakarta,Permanent,09-02-2017,,Active,32740000,2.3,3.6,3854
5336,zalindra habibi,Female,6,Junior,Bandung,Permanent,12/19/2019,,active,13350000,3.4,3.0,1836
5337,Asman Saputra,female,6,Mid,Surabaya,Permanent,08/08/2021,,ACTIVE,22000000 ,2.2,3.7,1794
5338,"Hj. Cici Sitorus, M.Ak",F,5,Senior,Medan,Permanent,13/07/2016,,ACTIVE,32340000,2.1,3.5,5203
5339,Rizki Siregar,P,9,Mid,Surabaya,Probation,2022-01-20,,Active,18130000,,3.8,4143
5340,Dr. Shakila Sitompul,Female,7,Senior,Medan,Permanent,04/08/2015,,Active,25840000,4.8,3.5,4815
5341,"Cut Dewi Padmasari, M.TI.",Male,6,Lead,Medan,Permanent,25/09/2022,2023-05-12,Resigned,33450000,3.8,4.1,1835
5342,"Tina  Habibi,  S.Kom",female,1,Mid,Medan,Contract,2020-05-18,2020-12-18,resigned,31090000,,4.6,2539
5343,R.M. Kanda Lailasari,female,9,Junior,Medan,Permanent,2016-11-01,2018-04-13,RESIGNED,12060000,3.9,4.3,5244
5344,Darmana Wulandari,F,2,Mid,Surabaya,Permanent,23/03/2018,,Active,28840000,4.2,3.4,4289
5345,"Simon Mangunsong, S.Pd",P,3,Junior,,Permanent,2021-12-11,,Active,16790000,2.3,2.8,1668
5346,"Galang Ardianto, M.Kom.",Female,10,Mid,Bandung,Permanent,15-07-2021,,ACTIVE,16770000,2.7,4.2,2520
5347,R.A. Calista Hidayat,P,5,Mid,Yogyakarta,Permanent,2024-03-28,,ACTIVE,17380000,4.2,3.4,4936
5348,Candra Suartini,Female,6,Lead,Medan,Permanent,2023-06-17,,Active,34720000,3.9,3.3,4992
5349,Karma Kuswoyo,Male,10,Mid,Remote,Permanent,03/01/2017,2022-06-12,Resigned,17880000,2.3,4.2,2730
5350,Damu Jailani,L,2,Junior,Medan,Permanent,03/12/2024,2024-11-14,resigned,Rp14.490.000,4.7,3.4,1132
5351,Aisyah Mayasari,female,10,Senior,Surabaya,Permanent,02-12-2015,,Active,25400000,4.6,2.3,4732
5352,KANIA HAKIM,Female,8,Intern,,Contract,11-12-2017,,ACTIVE,8590000,2.2,4.9,1117
5353,Eja Waskita,L,4,Mid,Bandung,Permanent,09/10/2019,,Active,26800000,3.2,4.3,1983
5354,fitria prakasa,P,10,Senior,Bandung,Permanent,11/13/2020,,ACTIVE,29060000,4.0,2.8,2846
5355,"Drs. Hana Suryatmi, M.M.",male,10,Junior,Surabaya,Permanent,09/05/2017,,active,12690000,2.1,5.0,1807
5356,"Hj. Raisa Maheswara, S.Farm",M,9,Mid,Medan,Probation,09/11/2023,2024-07-12,Resigned,16480000,,3.4,5377
5357,  Makara Damanik ,F,6,Junior,Surabaya,Probation,2024-05-10,,active,13220000,3.5,3.6,4424
5358,Caket Wahyuni,Female,1,Mid,Remote,Contract,2021-06-19,2022-01-31,resigned,28880000,2.1,3.0,2915
5359,Cawisono Melani,L,5,Junior,Medan,Permanent,06/05/2024,2024-12-01,Resigned,14770000 ,3.8,3.2,4267
5360,"Tira Palastri, S.Kom",Female,5,Lead,Yogyakarta,Probation,2016-08-28,,ACTIVE,42750000,4.1,4.2,3201
5361,Natalia Siregar,L,10,Senior,Surabaya,Permanent,24/06/2017,,Active,25180000,3.1,4.6,1405
5362,Salwa  Januar,P,3,Mid,Jakarta,Permanent,2023-05-08,,ACTIVE,Rp25.180.000,3.2,3.8,3396
5363,  Dr. Kartika Widiastuti ,P,7,Mid,Surabaya,Permanent,2023-05-26,2024-10-29,RESIGNED,14620000 ,4.0,4.2,1209
5364,Kania  Winarno,P,10,Lead,Jakarta,Permanent,03/23/2015,,Active,31590000,4.1,3.0,2720
5365,"Wirda Kurniawan, M.M.",male,7,Senior,Jakarta,Permanent,10/30/2023,,active,Rp24.030.000,4.2,4.2,4839
5366,  Yulia Anggraini ,Male,2,Mid,Yogyakarta,Permanent,2024-07-25,,active,24010000,3.8,3.7,3363
5367,Alambana Suryono,F,6,Junior,Remote,Permanent,02/12/2018,,active,13200000,4.3,3.2,4064
5368,Devi Pratiwi,Male,10,Mid,Medan,Contract,27/09/2022,,ACTIVE,18290000,3.5,2.3,2725
5369,Ajeng Prastuti,Male,9,Senior,Jakarta,Contract,24-06-2015,,Active,28640000,4.3,3.2,2455
5370,AMI YULIARTI,P,8,Senior,Bandung,Permanent,19/05/2017,,Active,32840000,5.0,3.7,3789
5371,"tugiman wahyuni, m.ak",F,8,Mid,Medan,Permanent,26/10/2022,,ACTIVE,18830000,3.7,3.8,3129
5372,Azalea Thamrin,P,5,Junior,Yogyakarta,Permanent,2023-06-30,,ACTIVE,14990000,3.3,3.6,1080
5373,Jarwa Haryanti,female,2,Manager,Yogyakarta,Permanent,2020-09-18,,ACTIVE,66050000,3.3,4.4,3603
5374,  Ajeng Manullang ,M,9,Senior,Medan,Permanent,17/12/2018,,active,28670000,3.5,3.7,4581
5375,Olivia Mardhiyah,L,7,Lead,Surabaya,Probation,01/10/2022,,Active,30890000,3.6,3.4,5494
5376,Gantar Novitasari,F,10,Lead,Surabaya,Permanent,01/06/2016,,active,32260000,4.8,3.8,2012
5377,Oliva Haryanto,M,9,Senior,Yogyakarta,Contract,19/12/2015,,ACTIVE,32780000 ,4.1,2.8,3251
5378,Marwata Maryadi,L,3,Senior,Bandung,Permanent,23-07-2021,,ACTIVE,48000000,3.5,3.3,5316
5379,Safina Pratiwi,Male,7,Senior,Bandung,Permanent,2016-02-19,,Active,22040000,3.8,3.3,2670
5380,  Michelle Mandala ,Male,6,Senior,Bandung,Permanent,2022-05-27,2024-04-26,RESIGNED,24540000,2.9,3.7,4917
5381,violet wahyuni,M,10,Junior,Medan,Permanent,15-02-2020,2021-07-03,RESIGNED,11470000,4.0,3.0,2129
5382,  Kania Hidayat ,female,6,Senior,Surabaya,Permanent,06-08-2019,2021-06-26,Resigned,Rp31.150.000,3.1,4.2,4467
5383,"Hj. Novi Waluyo, M.Kom.",male,8,Junior,Surabaya,Permanent,03/28/2019,,ACTIVE,15660000,5.0,2.9,3576
5384,HJ. ELVINA PERMATA,P,10,Mid,Medan,Probation,2015-11-10,2017-07-11,Resigned,18930000,5.0,2.0,2838
5385,"  Ophelia Wahyuni, M.TI. ",female,4,Senior,Bandung,Permanent,2018-08-17,,Active,38160000,4.6,4.2,2529
5386,Diah Sinaga,P,5,Mid,Jakarta,Probation,2019-08-05,,active,21650000,3.4,3.8,3932
5387,  Ir. Kamaria Padmasari ,M,10,Junior,Medan,Permanent,2015-06-03,2022-03-12,resigned,12170000,2.5,1.7,2461
5388,drg. Betania Gunawan,P,3,Senior,Yogyakarta,Permanent,2017-05-26,2019-06-29,RESIGNED,51940000,4.6,3.9,4490
5389,simon manullang,F,3,Intern,Medan,Contract,07/04/2016,,ACTIVE,12900000,1.9,3.7,4904
5390,Bakti Widiastuti,P,5,Mid,Surabaya,Permanent,02/08/2022,,active,24150000,1.9,3.2,3019
5391,Jamil Wastuti,Male,9,Manager,Bandung,Probation,21/08/2021,,ACTIVE,43770000,,3.8,5095
5392,Janet Pradipta,female,1,Intern,Yogyakarta,Permanent,13/06/2021,,ACTIVE,10400000,2.0,4.0,1150
5393,"KH. Vero Prakasa, S.IP",Female,2,Lead,Remote,Contract,18/10/2022,,active,56790000,3.3,3.4,3435
5394,Ozy Winarno,male,8,Junior,Medan,Permanent,2021-05-22,,active,Rp17.840.000,2.7,2.8,4218
5395,"dr. virman haryanto, s.gz",P,5,Mid,Surabaya,Contract,18/11/2021,,ACTIVE,19880000,2.5,3.5,4856
5396,Tgk. Calista Firgantoro,P,3,Mid,Bandung,Contract,2016-04-03,,Active,32440000,3.4,3.4,1179
5397,"Puti Maimunah Wahyudin, M.Ak",F,2,Senior,Yogyakarta,Permanent,11/01/2021,,ACTIVE,39370000,3.7,2.9,5402
5398,"Saadat Dabukke, S.E.",F,9,Junior,,Permanent,05/19/2016,,active,14120000,2.6,2.4,2085
5399,Cici Hartati,Female,4,Mid,Medan,Probation,2024-01-15,,active,Rp22.020.000,2.3,4.8,3620
5400,Diana Uyainah,M,4,Intern,Surabaya,Permanent,30-06-2023,,active,7550000,3.4,2.0,2425
5401,DRS. FARAH NAPITUPULU,L,6,Mid,Bandung,Permanent,2017-04-11,,ACTIVE,22340000,2.9,2.6,2764
5402,Nurul Farida,L,2,Lead,Medan,Permanent,2020-09-08,,Active,54360000,4.0,4.0,1109
5403,"EDISON PRASETYO, S.KOM",Female,8,Senior,Bandung,Permanent,28-09-2020,,Active,Rp34.010.000,4.4,3.1,2262
5404,"ELISA FUJIATI, M.TI.",female,1,Lead,Jakarta,Contract,14/07/2023,,active,50780000,3.4,4.0,2433
5405,"kh. dadi irawan, m.farm",,5,Senior,Medan,Permanent,10/08/2017,,active,33420000,3.7,3.3,5473
5406,LASMONO WINARSIH,L,9,Mid,Remote,Contract,30/11/2018,,Active,18580000,3.8,2.9,4908
5407,Damu Firmansyah,Male,7,Junior,Yogyakarta,Permanent,02/02/2017,,Active,12680000,4.3,4.0,2081
5408,"R.M. Tugiman Ardianto, S.I.Kom",P,4,Mid,Surabaya,Permanent,2023-10-31,2024-05-08,Resigned,21620000,1.9,4.4,1340
5409,"dr. Kasim Palastri, S.Pt",L,3,Lead,Jakarta,Permanent,02/09/2024,,ACTIVE,62810000,3.3,3.3,1747
5410,Fitria Zulaika,P,1,Junior,Jakarta,Permanent,19-01-2020,,active,23000000,4.0,3.0,4649
5411,"Titi Yuniar, M.TI.",,10,Junior,Remote,Permanent,29/09/2015,2024-03-02,RESIGNED,12780000,3.4,4.6,3970
5412,fitriani pranowo,Female,3,Junior,Bandung,Permanent,13/02/2016,,Active,22060000,3.9,3.2,1616
5413,DR. OLIVIA THAMRIN,L,6,Senior,Jakarta,Permanent,2024-06-03,,ACTIVE,25100000,3.1,3.1,4917
5414,Raina Purwanti,female,6,Junior,Jakarta,Probation,05/01/2023,,Active,15030000,3.3,2.8,1250
5415,"r. wani hidayat, m.m.",Male,9,Mid,Medan,Probation,2016-08-13,,active,21300000,3.8,3.6,1648
5416,  Sari Waluyo ,Male,6,Senior,Medan,Permanent,02-08-2021,,ACTIVE,27480000,3.9,3.3,2250
5417,"Puti Qori Hutapea, S.E.I",female,5,Mid,Medan,Permanent,11/13/2017,,ACTIVE,23070000,4.2,3.7,3848
5418,"DR. EMIN JANUAR, S.IP",L,8,Mid,Yogyakarta,Contract,27-12-2016,,Active,27360000,2.5,4.7,3986
5419,Gina Habibi,,1,Junior,Surabaya,Contract,01/29/2017,,Active,24980000,3.7,4.5,1330
5420,Drs.  Julia  Damanik,Male,7,Junior,Jakarta,Permanent,2016-12-07,,active,11500000,4.4,2.8,4141
5421,Rizki  Siregar,male,1,Junior,Yogyakarta,,05/26/2015,,ACTIVE,20780000,3.2,4.1,4428
5422,"Tgk. Kayla Tamba, S.Pt",Male,10,Junior,Jakarta,Permanent,2022-09-17,,Active,Rp12.610.000,3.1,3.7,3051
5423,"R. Irma Hutagalung, M.Pd",M,2,Mid,Remote,Permanent,15-02-2021,,active,26290000,3.3,3.8,3949
5424,r.a. zulaikha maryati,M,8,Mid,Jakarta,Permanent,09/12/2016,,active,25110000,3.6,2.8,2755
5425,drs. ira wacana,L,3,Senior,,Permanent,05/21/2019,,ACTIVE,40320000,4.7,3.7,2142
5426,cut puji kusumo,M,1,Intern,Yogyakarta,Probation,28-05-2021,,Active,9880000,4.9,3.2,2521
5427,Dr. Hani Yolanda,M,10,Mid,Yogyakarta,Permanent,10-02-2015,,active,18680000,5.0,4.1,2147
5428,ANGGABAYA SIRAIT,M,4,Senior,Bandung,Permanent,2015-09-03,2018-11-22,resigned,40800000,3.0,3.3,1269
5429,Hana Pangestu,Male,7,Junior,Bandung,Permanent,2015-04-17,,Active,11130000,,4.5,4769
5430,  Vanesa Halim ,M,5,Senior,,Permanent,2017-02-15,,Active,33900000,3.5,4.0,3851
5431,Damu Pudjiastuti,L,5,Mid,Bandung,Permanent,2016-10-18,,Active,23010000,3.8,3.5,4002
5432,"DR. USYI WIJAYANTI, S.GZ",Female,7,Senior,Yogyakarta,Contract,08-05-2021,2024-09-12,RESIGNED,22270000,4.0,3.5,1174
5433,Jumadi Hidayanto,Female,2,Mid,Jakarta,Contract,2020-07-23,2021-09-21,Resigned,24630000,3.0,3.2,3835
5434,"Drs. Utama Suryatmi, S.Gz",F,5,Mid,Remote,Permanent,2018-07-19,,active,22040000,4.4,4.3,4822
5435,Belinda Agustina,female,3,Mid,Jakarta,Permanent,11/20/2023,2024-09-21,RESIGNED,30710000,3.6,3.8,5157
5436,Ir. Cindy Puspasari,L,3,Mid,Yogyakarta,Permanent,25-04-2020,,active,27420000,5.0,3.8,4135
5437,Diah Saputra,M,8,Junior,Bandung,Permanent,2019-07-26,2020-11-13,Resigned,13970000,3.1,2.6,2717
5438,"Azalea Jailani, S.Gz",Female,10,Senior,Bandung,Permanent,10-08-2024,,Active,24530000,2.7,2.3,1808
5439,Ophelia Prasetyo,L,10,Mid,Jakarta,Permanent,16/01/2016,,Active,18980000,4.1,3.4,2218
5440,"Gara Astuti, M.Kom.",L,9,Lead,Surabaya,Permanent,2017-05-29,,ACTIVE,39230000,,3.5,2546
5441,Violet Pradana,M,7,Mid,Remote,Permanent,2023-03-20,,Active,14960000,4.7,2.5,4305
5442,Wadi Hakim,P,4,Mid,Yogyakarta,Contract,2018-06-03,,active,24460000,2.9,4.4,2765
5443,Prayitna Napitupulu,P,6,Mid,Medan,Permanent,2024-11-27,,active,17990000,2.0,4.5,3077
5444,Drs.  Satya  Wibowo,L,5,Senior,Surabaya,Permanent,20/09/2019,,ACTIVE,32760000 ,4.0,4.9,4368
5445,"Mahdi Budiyanto, M.Pd",male,1,Junior,Jakarta,Permanent,2016-06-18,,active,21810000,3.6,3.3,3006
5446,ANASTASIA WIBISONO,Female,1,Mid,Remote,Permanent,28-01-2023,,Active,Rp28.580.000,4.0,2.7,2324
5447,"dr. Mursinin Mahendra, S.Farm",P,2,Mid,Medan,Permanent,2024-04-11,,active,22690000,3.4,3.8,4459
5448,"Maria  Pudjiastuti,  S.E.I",male,9,Senior,Jakarta,Permanent,2019-04-15,2020-05-15,RESIGNED,28650000,3.7,3.1,5156
5449,Ismail Lazuardi,M,4,Mid,Medan,Permanent,08/02/2018,,ACTIVE,24520000,,3.8,3034
5450,dr. Kamila Nababan,L,8,Intern,Medan,Contract,2016-11-30,,active,8220000,2.4,3.9,3066
5451,Maya Hakim,P,2,Junior,Medan,Contract,20/03/2023,,Active,18650000,1.8,2.6,4240
5452,Daru Iswahyudi,P,8,Mid,Medan,Permanent,15/05/2020,,active,24530000,3.2,3.7,2414
5453,  Cut Ghaliyati Zulkarnain ,Male,9,Senior,Jakarta,Contract,26/05/2017,,Active,26830000,,2.8,1790
5454,"Umi Nasyiah, M.Farm",F,3,Junior,Jakarta,Permanent,2018-07-01,,ACTIVE,20690000,3.1,4.3,5116
5455,RAMA BUDIMAN,M,10,Junior,Medan,Probation,2019-12-01,,Active,Rp12.220.000,,3.8,2951
5456,"R.A.  Yulia  Hakim,  S.Pt",L,4,Mid,Medan,Contract,31/05/2021,2023-07-17,RESIGNED,22250000,3.7,3.4,5385
5457,Budi Farida,male,6,Lead,Jakarta,Permanent,2015-12-18,,Active,36770000,3.9,3.6,4643
5458,  Eko Gunawan ,Male,4,Mid,Remote,Permanent,29/05/2019,,Active,21230000,2.7,4.2,3817
5459,Kamaria Suartini,male,10,Intern,Bandung,Permanent,23/10/2023,,Active,5560000,3.5,4.4,5364
5460,"Tirtayasa Prasasta, S.Pd",F,7,Senior,Yogyakarta,Probation,2020-09-19,,ACTIVE,23550000,5.0,2.8,3169
5461,Luluh Widodo,M,10,Junior,Medan,Probation,27/08/2020,2022-05-27,resigned,11410000,3.4,2.7,4981
5462,Sakura Maheswara,P,6,Senior,Bandung,Permanent,2018-07-28,,Active,Rp31.850.000,4.1,2.5,1351
5463,"BAHUWARNA HUTAGALUNG, S.T.",male,10,Junior,Bandung,Permanent,19/11/2016,2019-03-30,resigned,11870000,,3.4,4732
5464,SUTAN JUMARI TAMBA,Female,6,Senior,Bandung,Contract,09/12/2022,,ACTIVE,29520000,3.0,4.1,3707
5465,"R.A. Maimunah Sihombing, S.I.Kom",female,4,Junior,Bandung,Permanent,2018-09-08,2021-07-06,RESIGNED,17850000,4.7,3.1,3143
5466,"Dr. Erik Yolanda, S.H.",M,9,Head,Yogyakarta,Permanent,16/03/2015,,ACTIVE,63410000,2.9,3.4,
5467,T. Galuh Namaga,Female,4,Junior,Yogyakarta,Permanent,05/05/2023,,Active,13990000,5.0,3.1,3738
5468,R. ASMADI SITUMORANG,M,6,Mid,Medan,Permanent,11/12/2021,2023-10-21,Resigned,21760000,3.6,4.0,4840
5469,Tiara Oktaviani,M,3,Mid,Yogyakarta,Contract,2016-05-11,,active,30190000,3.7,2.3,1949
5470,  Indah Hutapea ,L,3,Junior,Jakarta,Permanent,02/07/2021,,Active,22640000,,3.8,5425
5471,Viktor Mandala,Male,6,Lead,Remote,Permanent,14/03/2024,,Active,41460000,4.7,3.5,4643
5472,"Drs. Gina Samosir, M.Pd",Female,7,Senior,Remote,Permanent,2023-04-28,,Active,24730000,,3.6,3168
5473,  Banawi Wahyudin ,female,5,Lead,Jakarta,Permanent,20-04-2023,,Active,37880000,3.4,3.7,1297
5474,"  Yulia Megantara, S.Gz ",P,9,Lead,Jakarta,Probation,2018-05-14,,Active,42000000,4.5,3.3,5466
5475,Nalar Farida,P,5,Senior,,Permanent,20/05/2020,,ACTIVE,32080000,3.6,4.3,3189
5476,"prakosa hasanah, s.ip",Male,8,Mid,Medan,Permanent,05-04-2015,,ACTIVE,Rp24.270.000,3.6,3.1,1900
5477,jamil firmansyah,male,5,Mid,Jakarta,Permanent,17-10-2017,,Active,22620000,2.5,4.7,3594
5478,Indah  Rahmawati,Male,2,Mid,Jakarta,Permanent,2019-12-31,,Active,32210000,4.1,3.1,2892
5479,  Ifa Hutasoit ,Male,6,Mid,Remote,Permanent,27-07-2018,2023-03-15,resigned,21840000,,2.8,2586
5480,Estiawan Suryatmi,M,3,Manager,Surabaya,Permanent,2023-07-07,,Active,65270000,3.1,3.5,2002
5481,nilam budiyanto,L,10,Mid,,Permanent,13-02-2017,,Active,18530000,,3.2,1943
5482,"drg. Kiandra Handayani, S.Gz",Female,1,Junior,Bandung,Permanent,13-04-2017,,active,23820000,3.6,3.5,3925
5483,  Danang Wibowo ,F,5,Junior,Yogyakarta,Probation,2015-05-03,,Active,14430000,3.0,3.7,1440
5484,MARYANTO ASTUTI,F,6,Senior,Remote,Permanent,03/06/2018,,ACTIVE,31120000,2.2,4.3,4643
5485,Dt. Mitra Samosir,F,6,Senior,Remote,Permanent,05/11/2019,,ACTIVE,32110000,4.7,2.6,4554
5486,KEMBA TAMPUBOLON,male,6,Senior,Bandung,Permanent,2021-03-04,2021-10-02,resigned,28040000,3.4,3.6,2687
5487,Upik Sudiati,Male,6,Mid,Bandung,Permanent,21-09-2022,,Active,20280000,4.1,3.1,5295
5488,"Tgk. Virman Saptono, M.Farm",F,2,Mid,Surabaya,Probation,2021-09-09,,ACTIVE,27230000,,3.1,3684
5489,praba dabukke,L,1,Junior,Surabaya,Permanent,05/21/2019,2022-11-08,RESIGNED,20630000,3.1,3.0,1557
5490,Tari Oktaviani,Male,6,Junior,Surabaya,Contract,28/07/2020,,Active,Rp13.150.000,3.3,3.0,4788
5491,Zelaya Aryani,female,6,Head,Surabaya,Permanent,20/07/2017,,active,68050000,4.4,3.4,
5492,"H. WISNU HAKIM, S.IP",M,4,Manager,Bandung,Permanent,13/08/2019,,active,52340000,3.7,4.0,1830
5493,  dr. Wawan Wastuti ,P,7,Mid,Bandung,Permanent,2015-03-13,2016-08-31,RESIGNED,16880000,3.5,2.4,4919
5494,  Zamira Nasyidah ,male,7,Manager,Jakarta,Permanent,2021-03-09,,ACTIVE,40400000,3.5,2.5,2112
5495,Lintang Pertiwi,female,7,Mid,Remote,Probation,10/12/2015,,active,16710000,4.3,3.7,5379
5496,"Qori Maryati, S.T.",female,10,Junior,Jakarta,Contract,2021-05-01,2024-01-20,Resigned,11980000,3.0,3.6,4434
5497,YOSEF WIBOWO,L,2,Junior,Bandung,Permanent,03/18/2020,,Active,20280000 ,3.7,3.9,2660
5498,ULI PRAKASA,P,8,Junior,Bandung,Permanent,07/31/2019,2020-07-19,resigned,14640000,,3.1,4209
5499,Umaya Budiman,L,1,Senior,Remote,Contract,2020-02-21,2021-02-18,resigned,Rp46.700.000,,3.4,3678
5500,Wirda Zulaika,M,1,Junior,Bandung,Permanent,01-04-2017,,active,21940000,3.0,4.5,5404
2983,"Tgk. Reksa Farida, S.Kom",F,4,Junior,,Permanent,2017-09-02,,ACTIVE,17300000,3.2,3.9,1767
4988,Jefri Maryadi,M,3,Senior,Jakarta,Contract,07/04/2020,2024-03-02,Resigned,36060000,1.9,3.6,1747
5091,  T. Embuh Wahyuni ,L,9,Junior,Remote,Permanent,2019-11-16,,Active,13500000,,4.9,1538
3479,Mursinin Uwais,Female,1,Mid,Medan,Permanent,23/12/2022,2024-09-10,Resigned,28430000,3.1,3.7,3505
2051,Kayla Ardianto,Male,4,Junior,Medan,Permanent,2023-02-22,2024-01-13,resigned,14270000,3.0,3.4,3041
1918,"Warsa  Sirait,  S.T.",M,2,Lead,,Permanent,2015-01-23,,ACTIVE,55620000,3.1,3.9,4241
2623,  T. Cager Marpaung ,Female,7,Mid,Medan,Permanent,10/05/2024,,Active,14170000,2.9,2.9,3001
5098,Halima Puspita,M,8,Junior,Remote,,2020-02-29,,ACTIVE,16680000,,3.4,1284
2299,rini januar,female,1,Senior,Medan,Permanent,16-08-2016,,active,49320000,4.4,3.4,4982
5006,Bagas Setiawan,male,9,Senior,Yogyakarta,Permanent,2023-04-19,,ACTIVE,Rp26.760.000,5.0,2.9,2707
3710,Lintang Prabowo,,9,Junior,Bandung,Permanent,2023-10-27,2024-08-29,resigned,12410000,4.4,4.4,2876
4667,  Halim Damanik ,L,3,Mid,Surabaya,Permanent,27/06/2017,,Active,Rp30.660.000,5.0,4.1,4438
2126,"Unggul Yulianti, S.E.",,5,Senior,Bandung,Permanent,2016-04-26,,ACTIVE,32980000,4.4,3.5,4975
4929,Dr. Jumadi Nasyidah,,4,Senior,Bandung,Permanent,01-09-2023,,active,38880000,,3.0,4441
1598,"Puti Intan Hutasoit, S.E.",Female,1,Mid,,Permanent,15/11/2023,2024-07-22,RESIGNED,27530000,,4.1,4233
4505,Drs. Oman Astuti,F,6,Lead,Bandung,Contract,10-04-2020,,Active,39390000,3.3,3.9,4204
5371,"tugiman wahyuni, m.ak",F,8,Mid,Medan,Permanent,26/10/2022,,ACTIVE,18830000,3.7,3.8,3129
3125,"  Raharja Pangestu, S.E.I ",Female,2,Senior,Yogyakarta,Probation,2016-04-13,,active,41920000,4.4,3.3,1918
4777,uli sitompul,male,2,Lead,Medan,Permanent,26-02-2017,,Active,56660000,4.1,2.7,2495
5447,"dr. Mursinin Mahendra, S.Farm",P,2,Mid,Medan,Permanent,2024-04-11,,active,22690000,3.4,3.8,4459
3323,hj. ilsa fujiati,female,1,Junior,Remote,Permanent,08/18/2024,,active,20320000,4.0,4.8,5141
4231,KH. ARTAWAN PRASETYO,F,5,Junior,Yogyakarta,Permanent,14/12/2022,,Active,14000000,3.3,3.9,1221
1142,Mulyanto Jailani,P,3,Mid,Surabaya,Permanent,16-02-2016,,ACTIVE,30500000,3.5,2.4,4146
3490,Halima Natsir,male,2,Lead,Medan,Contract,2015-06-06,,ACTIVE,60120000,4.7,3.4,1757
4474,"Maria Prasasta, M.Ak",M,1,Mid,Surabaya,Permanent,2023-08-06,2024-10-29,Resigned,29440000,3.3,1.0,4946
2568,"T. Kuncara Nurdiyanti, S.I.Kom",Female,3,Mid,Remote,Permanent,2022-09-30,,ACTIVE,32440000,2.6,3.1,2382
4541,"h. tedi irawan, s.ip",Male,9,Junior,Remote,Permanent,06/21/2019,,active,15610000,4.5,3.5,4196
2424,Keisha Tampubolon,male,6,Junior,Surabaya,Contract,30-03-2021,,Active,14400000,3.6,3.1,2799
4322,"KASIYAH NOVITASARI, M.KOM.",M,8,Senior,Bandung,Probation,27/03/2022,,ACTIVE,36460000,,2.1,2138
1942,Padmi Prasasta,Female,4,Mid,Medan,Probation,10/24/2018,,Active,22720000,3.3,4.8,3622
4177,"Hj. Olivia Putra, S.E.I",L,8,Senior,Remote,Probation,02-10-2017,,Active,32770000,3.2,4.3,3101
4763,Baktianto Astuti,Male,10,Senior,Yogyakarta,Probation,2015-08-28,,ACTIVE,28460000,3.3,3.9,4780
1445,Langgeng Pratama,P,10,Senior,Remote,Probation,07/01/2017,,Active,25640000,3.1,4.4,2951
3837,  Tira Kusumo ,M,10,Mid,Surabaya,Probation,01/09/2020,,active,17680000,2.6,1.5,2989
4550,"Diana Napitupulu, M.Kom.",male,2,Junior,Medan,Probation,15/02/2021,,active,19150000,4.7,3.3,3202
4740,"  Dewi Waskita, S.Ked ",Female,2,Mid,Yogyakarta,,2020-05-18,2023-10-29,RESIGNED,21410000,3.5,3.4,4665
2342,Irsad Irawan,female,10,Manager,Remote,Permanent,16-01-2017,,active,39930000,4.2,3.2,4732
2415,Harsana Hardiansyah,Female,3,Mid,Yogyakarta,Permanent,25-09-2020,,ACTIVE,26460000,4.2,2.5,1793
2292,Gamblang Susanti,F,1,Senior,Surabaya,Permanent,13/03/2018,,Active,44660000,4.4,3.1,3404
3459,"Ir. Mulyanto Nurdiyanti, M.M.",L,10,Mid,Remote,Permanent,2016-08-02,,ACTIVE,18570000,3.4,3.5,1067
4417,eli ramadan,,6,Senior,Bandung,Permanent,2021-02-07,2022-09-16,Resigned,30260000,2.6,3.2,5272
2115,Hasna Sinaga,female,6,Mid,Jakarta,Permanent,04/20/2018,,ACTIVE,22360000,3.9,3.3,3863
5102,TITI NATSIR,P,2,Intern,Medan,Permanent,2018-06-18,,ACTIVE,Rp9.480.000,4.3,3.8,4740
4723,"Eva Wahyuni, S.E.I",Male,5,Junior,Yogyakarta,Permanent,12-03-2020,,Active,16330000,3.7,3.0,3932
4051,"Cinthia Mangunsong, S.I.Kom",male,5,Senior,Yogyakarta,Permanent,2017-07-13,,active,33610000,3.5,3.1,2572
2268,Kiandra Mandala,M,7,Lead,Surabaya,Contract,06/01/2015,,ACTIVE,39160000,4.9,4.5,1288
1777,Febi Prayoga,male,7,Junior,Jakarta,Permanent,12/09/2019,,ACTIVE,12280000,4.1,3.3,1632
1024,kamila pranowo,M,5,Senior,Remote,Contract,18/08/2022,,ACTIVE,26570000,2.5,3.6,2921
1910,"Tgk. Vinsen Putra, S.I.Kom",P,3,Intern,Bandung,Permanent,2024-04-08,2024-10-17,RESIGNED,9050000,3.4,3.6,4644
3435,Maya Waskita,female,2,Manager,Medan,Contract,24/03/2015,2021-10-16,RESIGNED,69880000,5.0,2.3,3603
3300,Prima  Sihombing,L,1,Mid,Surabaya,Permanent,2024-03-18,,Active,25600000,2.3,3.8,2805
3394,"Garang Astuti, M.Ak",male,3,Junior,Medan,Permanent,17-09-2021,,Active,22120000,2.7,2.6,1055
4898,H. Emas Utami,Female,3,Senior,Remote,Permanent,2017-05-23,,active,45880000,4.1,4.3,3506
3230,cut zahra natsir,female,1,Senior,Remote,Permanent,2018-06-20,2024-10-16,RESIGNED,44440000,2.6,2.8,1020
1263,"LAILA LESTARI, M.PD",male,4,Junior,Remote,Permanent,23-07-2022,2024-04-16,resigned,15820000,2.6,3.8,4870
1057,Anita Kusumo,L,9,Junior,Bandung,Probation,11/01/2021,2023-01-04,RESIGNED,12180000,2.7,3.5,1400
4485,  Hesti Putra ,M,7,Mid,Yogyakarta,Permanent,11/10/2024,,active,15580000,4.4,2.6,3029
1582,Mitra Sirait,P,2,Senior,,Permanent,11/03/2023,2024-10-22,resigned,35940000,3.3,2.2,3770
4681,Drajat Salahudin,male,7,Junior,Surabaya,Probation,13/02/2024,,ACTIVE,10680000,3.2,4.6,4849
3912,Hani Suryatmi,Female,9,Junior,Surabaya,Permanent,2018-10-23,,active,14430000,4.0,4.6,2916
4591,drg. Cawisadi Hassanah,P,7,Junior,Bandung,Permanent,2024-07-15,,active,Rp9.930.000,3.2,3.6,3211
1931,Sakura Laksita,F,4,Senior,Medan,Permanent,30/06/2019,,active,32260000,2.9,2.7,3516
3631,Darijan Handayani,male,8,Junior,Surabaya,Permanent,2018-09-11,,Active,Rp15.970.000,3.8,3.2,1204
1683,"Tgk. Kacung Prasetyo, S.IP",Female,6,Mid,Bandung,Permanent,2020-01-04,2021-09-04,resigned,20120000,,4.3,4917
4810,Indah Tampubolon,P,1,Junior,Jakarta,Permanent,01/04/2023,2023-09-03,resigned,19030000,3.5,4.6,3325
1894,Farhunnisa Sitompul,Male,9,Junior,Bandung,Permanent,17/10/2020,,active,13350000,2.5,4.1,3337
3769,Jelita Tamba,L,10,Junior,Bandung,Permanent,26/04/2016,,ACTIVE,14990000,4.5,5.0,2697
2269,Farah  Yuniar,L,9,Mid,Remote,Permanent,19/07/2019,2024-07-24,RESIGNED,19380000,2.4,3.5,1909
