salary_id,employee_id,effective_date,monthly_salary_idr,change_reason
1,1001,2015-04-13,10820000,Initial
2,1001,24-11-2016,11720000,Market Correction
3,1001,2018-07-09,13050000,Annual Raise
4,1001,21/02/2020,14140000,Adjustment
5,1001,05-10-2021,15610000,Annual Raise
6,1001,20/05/2023,16680000,Promotion
7,1002,03-08-2022,16330000,Initial
8,1003,11-05-2015,25570000,Initial
9,1004,17/04/2021,13420000,Initial
10,1004,25-01-2023,14590000,Annual Raise
11,1005,2024-01-29,30100000,Initial
12,1006,12/02/2018,16280000,
13,1006,02/11/2019,17790000,Adjustment
14,1006,23/07/2021,19240000,Adjustment
15,1006,13/04/2023,20600000,Annual Raise
16,1007,01-02-2016,15240000,Initial
17,1007,13-11-2017,15990000,Market Correction
18,1007,2019-08-26,17070000,
19,1007,08/06/2021,18240000,Market Correction
20,1007,21/03/2023,19990000,Adjustment
21,1008,2023-03-08,12020000,Initial
22,1009,2015-11-19,12960000,Initial
23,1009,2017-05-27,14470000,Promotion
24,1009,2018-12-03,16070000,Adjustment
25,1009,10-06-2020,17130000,Adjustment
26,1009,2021-12-17,18430000,Market Correction
27,1009,25/06/2023,19610000,Annual Raise
28,1010,2021-06-22,42640000,Initial
29,1010,2023-03-28,44500000,Adjustment
30,1011,2023-09-02,27250000,Initial
31,1012,2019-04-06,17490000,Initial
32,1012,2021-03-05,18380000,Promotion
33,1012,02-02-2023,20570000,Promotion
34,1013,25/02/2019,13570000,Initial
35,1013,2021-02-06,14240000,Market Correction
36,1013,2023-01-19,15600000,Market Correction
37,1014,2021-10-31,22040000,Initial
38,1014,2023-06-02,23260000,
39,1015,08/03/2020,15200000,Initial
40,1015,15/10/2021,16590000,Adjustment
41,1015,25-05-2023,18010000,Market Correction
42,1016,05/09/2022,53190000,Initial
43,1017,2024-01-11,30890000,Initial
44,1018,20-05-2017,17010000,Initial
45,1018,2018-11-27,17850000,Annual Raise
46,1018,2020-06-06,19600000,Annual Raise
47,1018,14/12/2021,21010000,Annual Raise
48,1018,24/06/2023,22610000,Adjustment
49,1019,2016-08-08,26990000,Initial
50,1019,13/04/2018,28350000,Promotion
51,1019,18/12/2019,31090000,Annual Raise
52,1019,22/08/2021,32520000,Adjustment
53,1019,28/04/2023,35670000,Market Correction
54,1020,2023-05-18,91010000,Initial
55,1021,2016-07-20,22220000,Initial
56,1021,29/03/2018,24280000,Promotion
57,1021,06-12-2019,26950000,Adjustment
58,1021,15-08-2021,28580000,Market Correction
59,1021,2023-04-24,31250000,Promotion
60,1022,18-09-2016,11860000,Initial
61,1022,2018-05-16,12700000,Adjustment
62,1022,11/01/2020,13260000,Promotion
63,1022,2021-09-08,14010000,Adjustment
64,1022,06/05/2023,14960000,Market Correction
65,1023,2019-04-26,27180000,Initial
66,1023,18/03/2021,29640000,Annual Raise
67,1023,2023-02-08,30890000,Market Correction
68,1024,2022-08-18,26570000,Initial
69,1025,15/08/2023,24570000,Initial
70,1026,02/02/2020,18510000,Initial
71,1026,07/08/2021,20610000,Market Correction
72,1026,2023-02-11,21450000,Promotion
73,1027,10-09-2020,8240000,Initial
74,1027,2022-11-06,8940000,Promotion
75,1028,18/09/2016,16000000,Initial
76,1028,16-05-2018,16990000,Adjustment
77,1028,11-01-2020,18480000,Annual Raise
78,1028,08/09/2021,19710000,Promotion
79,1028,06/05/2023,21770000,Market Correction
80,1029,2021-09-19,18590000,Initial
81,1030,07/09/2017,49940000,Initial
82,1030,25/05/2019,53560000,Promotion
83,1030,2021-02-09,56490000,Market Correction
84,1030,28-10-2022,61960000,
85,1031,25-02-2024,43350000,Initial
86,1032,2017-12-21,21610000,Initial
87,1032,24/09/2019,23160000,Annual Raise
88,1032,27-06-2021,25830000,Market Correction
89,1032,31/03/2023,27900000,Market Correction
90,1033,17-01-2021,28380000,Initial
91,1033,09-01-2023,30130000,Market Correction
92,1034,23/06/2019,20360000,Initial
93,1034,26-04-2021,21450000,Adjustment
94,1034,28/02/2023,23590000,Market Correction
95,1035,10-05-2016,25240000,
96,1035,2018-01-31,26950000,Promotion
97,1035,25-10-2019,28600000,Promotion
98,1035,17/07/2021,31590000,Adjustment
99,1035,10/04/2023,33680000,Annual Raise
100,1036,07-08-2021,38220000,Initial
101,1036,20/04/2023,40670000,Market Correction
102,1037,26/07/2017,13200000,Initial
103,1038,14/02/2018,20770000,Initial
104,1038,04-11-2019,22210000,Market Correction
105,1038,24-07-2021,23450000,Market Correction
106,1038,13/04/2023,25620000,Adjustment
107,1039,22/09/2017,55200000,Initial
108,1039,18-07-2019,58320000,Adjustment
109,1039,13-05-2021,62160000,Market Correction
110,1039,08-03-2023,69440000,Market Correction
111,1040,23-05-2022,39430000,Initial
112,1041,21/07/2022,39340000,Initial
113,1042,2023-03-02,12190000,Initial
114,1043,2021-01-05,22870000,Initial
115,1043,2023-01-03,25190000,Annual Raise
116,1044,2017-10-20,14730000,Initial
117,1044,08-08-2019,16440000,Promotion
118,1044,27-05-2021,17150000,Annual Raise
119,1044,15/03/2023,19130000,Promotion
120,1045,2015-07-27,15700000,Initial
121,1045,2017-02-20,17280000,
122,1045,17/09/2018,18850000,Annual Raise
123,1045,2020-04-14,20250000,Annual Raise
124,1045,2021-11-09,21070000,Market Correction
125,1045,06/06/2023,22060000,Annual Raise
126,1046,14-06-2023,16960000,Initial
127,1047,25-05-2017,19400000,Initial
128,1047,2018-12-01,20510000,Adjustment
129,1047,09/06/2020,21930000,Market Correction
130,1047,16-12-2021,23230000,Adjustment
131,1047,2023-06-25,24480000,Promotion
132,1048,2019-05-19,39840000,Initial
133,1048,02-04-2021,44230000,Promotion
134,1048,2023-02-16,48480000,Promotion
135,1049,26-09-2016,12940000,Initial
136,1049,22/05/2018,13520000,Adjustment
137,1049,16-01-2020,14360000,Adjustment
138,1049,11/09/2021,15920000,Promotion
139,1049,08/05/2023,17080000,Adjustment
140,1050,22-05-2023,23190000,Initial
141,1051,21/08/2015,11040000,Initial
142,1051,13-03-2017,12130000,Annual Raise
143,1051,04/10/2018,12620000,Adjustment
144,1051,26/04/2020,13730000,Market Correction
145,1051,17-11-2021,14360000,Market Correction
146,1051,10/06/2023,15540000,Promotion
147,1052,03-09-2021,19940000,Initial
148,1052,04-05-2023,22100000,Annual Raise
149,1053,29/06/2021,26220000,Initial
150,1053,01/04/2023,27700000,Promotion
151,1054,04-12-2017,31540000,Initial
152,1054,11/09/2019,33000000,Annual Raise
153,1054,2021-06-18,34830000,Adjustment
154,1054,2023-03-26,37190000,Market Correction
155,1055,10-06-2019,26730000,Initial
156,1055,2021-06-29,29410000,Adjustment
157,1056,08/02/2015,11990000,Initial
158,1056,02/10/2016,12640000,Adjustment
159,1056,28-05-2018,13160000,Promotion
160,1056,2020-01-20,14480000,Adjustment
161,1056,14/09/2021,15520000,
162,1056,09-05-2023,16280000,Promotion
163,1057,11/01/2021,12180000,Initial
164,1058,2024-11-10,20240000,Initial
165,1059,2021-11-10,11500000,Initial
166,1059,07-06-2023,12210000,Annual Raise
167,1060,2022-06-10,16510000,Initial
168,1061,29-04-2023,21770000,Initial
169,1062,18/01/2023,19440000,Initial
170,1063,2020-09-01,11610000,Initial
171,1063,2022-11-01,12120000,Market Correction
172,1064,20/04/2024,19770000,Initial
173,1065,22-02-2022,46800000,Initial
174,1066,2021-04-16,22070000,Initial
175,1067,11/05/2024,22110000,Initial
176,1068,21-06-2015,61390000,Initial
177,1068,21-01-2017,65820000,Adjustment
178,1068,24/08/2018,72110000,Adjustment
179,1068,27/03/2020,76270000,Annual Raise
180,1068,28-10-2021,85370000,Annual Raise
181,1068,31-05-2023,92860000,Annual Raise
182,1069,25/08/2022,40920000,Initial
183,1070,17-12-2021,13570000,Initial
184,1070,25/06/2023,14960000,Market Correction
185,1071,2024-11-19,15470000,Initial
186,1072,10-10-2023,25650000,Initial
187,1073,28/12/2017,11640000,Initial
188,1074,30-06-2017,30580000,Initial
189,1074,30/12/2018,32590000,Promotion
190,1074,2020-06-30,36360000,Annual Raise
191,1074,31/12/2021,38990000,Promotion
192,1074,02/07/2023,41120000,Market Correction
193,1075,02-07-2017,64580000,Initial
194,1076,03/09/2023,10930000,Initial
195,1077,24-04-2015,9670000,Initial
196,1077,04-12-2016,10290000,Promotion
197,1077,17/07/2018,10940000,Annual Raise
198,1077,2020-02-27,11550000,Market Correction
199,1077,09/10/2021,12230000,Promotion
200,1077,2023-05-22,12920000,Adjustment
201,1078,06/06/2015,40540000,Initial
202,1078,20/03/2017,42280000,Promotion
203,1078,02/01/2019,44560000,Adjustment
204,1079,23/11/2019,31210000,Initial
205,1079,06-08-2021,34110000,Adjustment
206,1079,20/04/2023,38180000,Promotion
207,1080,2017-11-09,17270000,Initial
208,1080,26/08/2019,18170000,Annual Raise
209,1080,11-06-2021,19890000,Adjustment
210,1081,31/01/2019,22980000,Initial
211,1081,20/01/2021,24250000,Market Correction
212,1081,11/01/2023,27130000,Annual Raise
213,1082,10-06-2022,46760000,Initial
214,1083,2022-06-24,29690000,Initial
215,1084,24/02/2017,13300000,Initial
216,1084,20-09-2018,14540000,Market Correction
217,1084,2020-04-16,15640000,Market Correction
218,1084,2021-11-10,17200000,Adjustment
219,1084,2023-06-07,18060000,Annual Raise
220,1085,2021-11-26,29510000,Initial
221,1085,15-06-2023,32930000,Adjustment
222,1086,29-05-2018,36990000,Initial
223,1086,21/01/2020,40070000,
224,1086,2021-09-14,43000000,Annual Raise
225,1086,09-05-2023,44750000,Annual Raise
226,1087,19-03-2020,17610000,Initial
227,1087,23-10-2021,19670000,Promotion
228,1087,29/05/2023,21230000,Annual Raise
229,1088,26-11-2023,21670000,Initial
230,1089,08-03-2018,17370000,Initial
231,1089,20-11-2019,18160000,Promotion
232,1089,04/08/2021,20330000,Adjustment
233,1089,19/04/2023,22030000,Adjustment
234,1090,06-03-2024,33600000,Initial
235,1091,2024-01-17,23040000,Initial
236,1092,2021-11-08,36620000,Initial
237,1092,06/06/2023,39630000,Promotion
238,1093,21-01-2023,22600000,Initial
239,1094,11/05/2022,9210000,Initial
240,1095,21/12/2016,16550000,Initial
241,1095,2018-07-30,18060000,Adjustment
242,1095,08-03-2020,19880000,Annual Raise
243,1095,15-10-2021,21050000,Promotion
244,1095,25-05-2023,23150000,Promotion
245,1096,2021-04-02,6640000,Initial
246,1096,16/02/2023,7110000,Annual Raise
247,1097,27-06-2022,34650000,Initial
248,1098,2021-11-14,36190000,Initial
249,1098,09-06-2023,38690000,Annual Raise
250,1099,13/10/2016,16060000,Initial
251,1099,05/06/2018,17950000,Market Correction
252,1099,26-01-2020,19370000,Annual Raise
253,1099,18-09-2021,20390000,Adjustment
254,1099,2023-05-11,22280000,Market Correction
255,1100,02/06/2024,17550000,Initial
256,1101,29/01/2018,14680000,Initial
257,1101,23/10/2019,16180000,Annual Raise
258,1101,16-07-2021,17980000,Promotion
259,1101,2023-04-09,18970000,Market Correction
260,1102,2018-10-07,27950000,Initial
261,1102,28/04/2020,29480000,Promotion
262,1102,19-11-2021,31380000,Annual Raise
263,1102,11-06-2023,33300000,Market Correction
264,1103,05-08-2017,70710000,Initial
265,1103,12/06/2019,77600000,Annual Raise
266,1103,19-04-2021,82210000,Annual Raise
267,1103,2023-02-24,87240000,Promotion
268,1104,27-08-2019,14700000,Initial
269,1104,08-06-2021,15820000,Promotion
270,1104,2023-03-21,16980000,Annual Raise
271,1105,27-04-2017,25970000,Initial
272,1105,2018-11-09,27690000,Promotion
273,1105,23/05/2020,29130000,Annual Raise
274,1105,05/12/2021,31250000,Market Correction
275,1105,19-06-2023,32660000,Annual Raise
276,1106,10-08-2024,34270000,Initial
277,1107,2018-12-11,12240000,Initial
278,1107,2020-06-16,12930000,Annual Raise
279,1107,21/12/2021,13550000,Annual Raise
280,1107,27-06-2023,14990000,Adjustment
281,1108,2021-01-13,31690000,Initial
282,1108,07-01-2023,33110000,
283,1109,22-06-2020,60230000,Initial
284,1109,2021-12-25,66610000,Annual Raise
285,1109,29/06/2023,73100000,Promotion
286,1110,2018-10-08,16770000,Initial
287,1110,29/04/2020,17890000,Adjustment
288,1110,19/11/2021,19580000,Market Correction
289,1110,11-06-2023,21530000,Annual Raise
290,1111,06/06/2016,24760000,Initial
291,1111,22-02-2018,26220000,Promotion
292,1111,10/11/2019,28820000,Annual Raise
293,1111,28/07/2021,30260000,Market Correction
294,1111,15/04/2023,33170000,Annual Raise
295,1112,2021-08-21,36400000,Initial
296,1112,2023-04-27,38090000,Market Correction
297,1113,09-07-2016,22150000,Initial
298,1113,2018-03-20,23790000,Market Correction
299,1113,30/11/2019,25130000,
300,1113,10/08/2021,26150000,Annual Raise
301,1113,2023-04-22,27600000,
302,1114,02/09/2018,9880000,Initial
303,1114,02/04/2020,10830000,Promotion
304,1114,2021-11-01,11280000,Adjustment
305,1114,02-06-2023,12310000,Annual Raise
306,1115,13/02/2018,24430000,Initial
307,1115,03-11-2019,26600000,Adjustment
308,1115,24-07-2021,29230000,Annual Raise
309,1115,2023-04-13,32180000,Adjustment
310,1116,10-04-2020,25380000,Initial
311,1116,12/01/2022,27990000,Market Correction
312,1117,2017-07-07,13500000,Initial
313,1117,21-05-2019,14190000,Adjustment
314,1117,04-04-2021,15180000,Adjustment
315,1117,17/02/2023,16470000,Annual Raise
316,1118,09-10-2017,5110000,Initial
317,1118,31-07-2019,5550000,
318,1118,21-05-2021,5970000,Annual Raise
319,1118,2023-03-12,6340000,Promotion
320,1119,2016-06-01,11320000,Initial
321,1119,18/02/2018,12640000,Market Correction
322,1119,2019-11-07,13450000,Adjustment
323,1119,2021-07-26,14310000,
324,1119,2023-04-14,15300000,Adjustment
325,1120,19/03/2020,4860000,Initial
326,1120,2021-10-23,5180000,Promotion
327,1120,29/05/2023,5530000,Annual Raise
328,1121,2023-09-21,43330000,Initial
329,1122,01/07/2018,15870000,Initial
330,1122,2020-02-15,16870000,Annual Raise
331,1122,01-10-2021,18770000,Market Correction
332,1122,18/05/2023,19960000,Promotion
333,1123,08/11/2015,23160000,Initial
334,1123,18-05-2017,25930000,Market Correction
335,1123,26-11-2018,28390000,Annual Raise
336,1123,05-06-2020,31530000,Market Correction
337,1123,14-12-2021,34890000,Promotion
338,1123,24/06/2023,36610000,Market Correction
339,1124,14-07-2024,15060000,Initial
340,1125,23-11-2018,22780000,Initial
341,1125,2020-06-02,24730000,Annual Raise
342,1125,12-12-2021,27560000,Promotion
343,1125,23-06-2023,30030000,Market Correction
344,1126,21/02/2015,43040000,Initial
345,1126,13/10/2016,45880000,Annual Raise
346,1126,05-06-2018,48400000,Market Correction
347,1126,27-01-2020,51470000,Annual Raise
348,1126,18/09/2021,56690000,Market Correction
349,1126,11-05-2023,62110000,Annual Raise
350,1127,16/02/2022,27470000,Initial
351,1128,22/12/2016,19740000,Initial
352,1128,31/07/2018,21320000,Annual Raise
353,1128,2020-03-08,22960000,
354,1128,16/10/2021,25270000,Promotion
355,1128,2023-05-25,28090000,Promotion
356,1129,19-03-2020,15390000,Initial
357,1129,23/10/2021,16910000,Promotion
358,1129,29/05/2023,18450000,Market Correction
359,1130,20/07/2024,18940000,Initial
360,1131,25-09-2017,30010000,Initial
361,1131,20-07-2019,32050000,Adjustment
362,1131,14/05/2021,34080000,Market Correction
363,1131,09/03/2023,36610000,Market Correction
364,1132,09-10-2018,24490000,
365,1132,2020-11-02,26270000,Annual Raise
366,1133,12-12-2023,14320000,
367,1134,26-03-2021,44660000,Initial
368,1135,2020-06-24,12670000,Initial
369,1135,26-12-2021,14150000,Promotion
370,1135,30-06-2023,15220000,Market Correction
371,1136,2020-01-10,27510000,Initial
372,1136,07-09-2021,30040000,Adjustment
373,1136,06-05-2023,31990000,Promotion
374,1137,04-10-2022,41490000,Initial
375,1138,17-03-2021,42250000,Initial
376,1138,08-02-2023,45140000,Annual Raise
377,1139,2018-12-12,45600000,Initial
378,1139,17-06-2020,49190000,
379,1139,22/12/2021,51900000,Market Correction
380,1139,2023-06-28,57280000,Annual Raise
381,1140,09/05/2016,24580000,Initial
382,1140,30/01/2018,25860000,Annual Raise
383,1140,24-10-2019,27810000,Promotion
384,1140,17/07/2021,30790000,Adjustment
385,1140,10/04/2023,32450000,Annual Raise
386,1141,23-02-2017,22230000,Initial
387,1141,19/09/2018,23500000,Adjustment
388,1141,2020-04-15,24610000,Adjustment
389,1141,10-11-2021,26990000,Market Correction
390,1141,2023-06-07,28150000,Annual Raise
391,1142,16-02-2016,22840000,Initial
392,1142,25-11-2017,24030000,Annual Raise
393,1142,04-09-2019,25080000,Promotion
394,1142,2021-06-14,27800000,Adjustment
395,1142,24/03/2023,30500000,Adjustment
396,1143,23-05-2018,9730000,Initial
397,1143,2020-01-04,10650000,Promotion
398,1143,18/08/2021,11210000,Promotion
399,1143,02-04-2023,12280000,Promotion
400,1144,2021-03-16,19660000,Initial
401,1144,2023-02-07,21200000,Market Correction
402,1145,25/02/2016,16500000,Initial
403,1145,02/12/2017,17970000,Promotion
404,1145,10-09-2019,19320000,Promotion
405,1145,2021-06-17,21490000,
406,1145,26-03-2023,22490000,Market Correction
407,1146,2019-12-10,16590000,Initial
408,1146,17/08/2021,18100000,Annual Raise
409,1146,25/04/2023,19140000,Market Correction
410,1147,2016-04-12,22160000,Initial
411,1147,09/01/2018,23590000,Market Correction
412,1147,2019-10-08,25820000,Adjustment
413,1147,2021-07-06,28800000,Market Correction
414,1147,04/04/2023,32130000,Adjustment
415,1148,13/09/2016,16000000,Initial
416,1148,2018-05-27,17060000,Market Correction
417,1148,07-02-2020,19060000,Market Correction
418,1148,2021-10-20,21310000,Annual Raise
419,1149,2016-04-30,10200000,Initial
420,1149,23/01/2018,11260000,Market Correction
421,1149,19-10-2019,11960000,Market Correction
422,1149,2021-07-13,12660000,Adjustment
423,1149,08-04-2023,13740000,Annual Raise
424,1150,13/09/2023,29030000,Initial
425,1151,24-08-2024,18280000,Initial
426,1152,02/11/2021,24140000,Initial
427,1152,2023-06-03,26380000,Market Correction
428,1153,06-01-2022,51220000,Initial
429,1154,10/03/2021,34530000,Initial
430,1155,07/04/2018,20280000,Initial
431,1155,2020-02-16,22570000,
432,1156,19-10-2015,12900000,
433,1156,01-05-2017,14070000,Promotion
434,1156,12/11/2018,15240000,Adjustment
435,1156,26-05-2020,16240000,
436,1156,07-12-2021,17270000,Annual Raise
437,1156,20/06/2023,18890000,Adjustment
438,1157,08-10-2019,19880000,Initial
439,1157,06/07/2021,22260000,Annual Raise
440,1157,2023-04-04,24520000,Annual Raise
441,1158,08/04/2024,27350000,Initial
442,1159,2019-12-04,15360000,Initial
443,1159,2021-08-13,15980000,Market Correction
444,1159,2023-04-23,17530000,Adjustment
445,1160,20-01-2018,12610000,Initial
446,1160,16/10/2019,13420000,Promotion
447,1160,2021-07-12,14380000,Market Correction
448,1160,2023-04-07,16000000,Annual Raise
449,1161,2019-11-05,9630000,Initial
450,1161,25/07/2021,10670000,Annual Raise
451,1161,14-04-2023,11100000,Market Correction
452,1162,26/07/2017,38650000,Initial
453,1162,05-06-2019,41040000,Annual Raise
454,1162,2021-04-14,44490000,Promotion
455,1162,22/02/2023,46560000,Promotion
456,1163,30/07/2023,12290000,Initial
457,1164,11-04-2020,36960000,Initial
458,1164,07-11-2021,38860000,Adjustment
459,1164,2023-06-05,43060000,Annual Raise
460,1165,25/07/2021,27460000,Initial
461,1165,14/04/2023,28770000,
462,1166,26-11-2018,18530000,Initial
463,1166,05-06-2020,20440000,Promotion
464,1166,2021-12-14,21700000,Adjustment
465,1166,2023-06-24,23590000,Promotion
466,1167,12-09-2018,32840000,Initial
467,1167,09/04/2020,36650000,Annual Raise
468,1167,2021-11-06,40200000,Promotion
469,1167,2023-06-05,41890000,Promotion
470,1168,15-02-2024,26000000,Initial
471,1169,30-10-2017,40020000,Initial
472,1169,2019-08-16,43370000,Adjustment
473,1169,2021-06-01,45170000,Adjustment
474,1169,2023-03-18,47800000,Annual Raise
475,1170,2022-05-17,48900000,Initial
476,1171,24-10-2020,5340000,Initial
477,1171,2022-11-28,5760000,Promotion
478,1172,2017-04-13,15750000,
479,1172,29/10/2018,17130000,Annual Raise
480,1172,2020-05-15,18500000,Annual Raise
481,1172,2021-11-30,19540000,Adjustment
482,1172,17/06/2023,21610000,Annual Raise
483,1173,16-11-2024,17070000,Initial
484,1174,17-12-2022,34670000,Initial
485,1175,17/01/2016,17860000,Initial
486,1175,01-11-2017,19820000,Market Correction
487,1175,2019-08-17,20640000,Annual Raise
488,1175,02/06/2021,22450000,Annual Raise
489,1175,18-03-2023,24300000,Adjustment
490,1176,07-04-2022,36870000,Initial
491,1177,15/09/2020,28550000,Initial
492,1177,2022-11-08,31130000,Promotion
493,1178,2017-09-25,23320000,Initial
494,1178,20-07-2019,26120000,Annual Raise
495,1178,2021-05-14,27630000,Promotion
496,1178,09/03/2023,30780000,Annual Raise
497,1179,2024-09-09,43430000,Initial
498,1180,14-03-2024,24820000,Initial
499,1181,2024-09-14,28950000,Initial
500,1182,10-03-2021,9960000,Initial
501,1182,2023-02-04,11130000,
502,1183,2024-10-01,38750000,Initial
503,1184,2017-08-14,25000000,Initial
504,1184,19-06-2019,26520000,Annual Raise
505,1184,23-04-2021,29650000,Market Correction
506,1184,26-02-2023,32670000,
507,1185,28/11/2022,27630000,Initial
508,1186,21/07/2020,29340000,Initial
509,1186,2022-10-11,30520000,Adjustment
510,1187,02/10/2024,18730000,Initial
511,1188,2015-03-04,18540000,Initial
512,1188,22/10/2016,19720000,Market Correction
513,1188,2018-06-13,20760000,
514,1188,01-02-2020,23140000,Market Correction
515,1188,22-09-2021,24250000,Promotion
516,1188,2023-05-13,25390000,Promotion
517,1189,03/11/2015,3840000,
518,1189,2017-05-13,4040000,Adjustment
519,1189,2018-11-22,4370000,Promotion
520,1189,02-06-2020,4750000,Adjustment
521,1189,12/12/2021,5160000,Annual Raise
522,1189,2023-06-23,5650000,Annual Raise
523,1190,2022-04-15,13300000,Initial
524,1191,21/07/2018,10960000,Initial
525,1191,01-03-2020,11560000,Annual Raise
526,1191,2021-10-11,12850000,Adjustment
527,1191,23/05/2023,13770000,Annual Raise
528,1192,04-12-2021,21600000,Initial
529,1193,17/05/2023,16450000,Initial
530,1194,23/12/2019,16840000,Initial
531,1195,2018-04-16,18430000,Initial
532,1195,20/12/2019,19810000,Annual Raise
533,1195,2021-08-24,20810000,Adjustment
534,1195,2023-04-29,22100000,Market Correction
535,1196,07/05/2021,21610000,Initial
536,1196,2023-03-05,23320000,Market Correction
537,1197,01-11-2021,9260000,Initial
538,1197,02-06-2023,9960000,Adjustment
539,1198,2021-07-16,45690000,Initial
540,1198,2023-01-29,49100000,Promotion
541,1199,2022-06-24,29410000,Initial
542,1200,2015-10-30,9080000,Initial
543,1200,2017-05-10,9600000,Market Correction
544,1200,20-11-2018,10190000,Market Correction
545,1200,31-05-2020,10890000,Annual Raise
546,1200,11/12/2021,11830000,Adjustment
547,1200,22-06-2023,12440000,Market Correction
548,1201,02/03/2022,22320000,Initial
549,1202,2017-03-26,28560000,Initial
550,1202,14/10/2018,29880000,Promotion
551,1202,04/05/2020,33300000,Adjustment
552,1202,2021-11-22,35600000,Adjustment
553,1202,2023-06-13,39780000,Annual Raise
554,1203,31-05-2021,25200000,Initial
555,1203,17-03-2023,27120000,Promotion
556,1204,2015-03-31,31490000,Initial
557,1204,14/11/2016,33670000,Annual Raise
558,1204,01-07-2018,35240000,Market Correction
559,1204,2020-02-15,39170000,Market Correction
560,1204,01-10-2021,42820000,Adjustment
561,1204,18-05-2023,44780000,Annual Raise
562,1205,07-05-2021,36340000,Initial
563,1205,05-03-2023,37970000,Promotion
564,1206,04-05-2024,20940000,Initial
565,1207,22-10-2021,39450000,Initial
566,1207,2023-05-28,42180000,Promotion
567,1208,08/08/2022,12460000,Initial
568,1209,17-01-2022,23850000,Initial
569,1210,17/05/2015,14890000,Initial
570,1210,23/12/2016,16530000,Adjustment
571,1210,01/08/2018,17890000,Market Correction
572,1210,09/03/2020,19600000,
573,1210,16-10-2021,21420000,Adjustment
574,1210,25/05/2023,22410000,Adjustment
575,1211,31/08/2018,17360000,
576,1211,31-03-2020,18850000,Adjustment
577,1211,31-10-2021,20720000,Promotion
578,1211,02-06-2023,22310000,Market Correction
579,1212,14/12/2020,12840000,Initial
580,1212,23-12-2022,13680000,Annual Raise
581,1213,2024-03-31,18510000,Initial
582,1214,08/01/2024,18160000,Initial
583,1215,24-08-2024,31080000,Initial
584,1216,05-01-2016,18130000,Initial
585,1216,22-10-2017,19050000,Market Correction
586,1216,10-08-2019,20220000,Promotion
587,1216,28-05-2021,21450000,Promotion
588,1216,2023-03-16,22890000,Market Correction
589,1217,2020-02-06,11010000,
590,1217,25/09/2021,11570000,Annual Raise
591,1217,15-05-2023,12480000,Promotion
592,1218,22-03-2024,13900000,Initial
593,1219,15-04-2020,57340000,Initial
594,1219,2022-02-08,63850000,Adjustment
595,1220,06/04/2022,33680000,Initial
596,1221,22-04-2016,34060000,
597,1222,03-02-2016,36910000,Initial
598,1222,15/11/2017,39830000,Adjustment
599,1222,28/08/2019,42280000,Market Correction
600,1222,09/06/2021,46970000,Adjustment
601,1222,22/03/2023,48950000,Adjustment
602,1223,28-02-2019,31050000,Initial
603,1223,08-02-2021,32410000,Market Correction
604,1223,2023-01-20,35340000,Market Correction
605,1224,2021-08-02,20860000,
606,1224,18/04/2023,23110000,Market Correction
607,1225,07/05/2024,21690000,Initial
608,1226,2015-05-15,22530000,Initial
609,1226,21-12-2016,24230000,
610,1226,31-07-2018,25970000,Annual Raise
611,1226,08-03-2020,28790000,Adjustment
612,1226,2021-10-16,30080000,Annual Raise
613,1226,25-05-2023,33450000,Market Correction
614,1227,04-08-2024,13090000,Initial
615,1228,2015-09-06,16630000,Initial
616,1228,26-03-2017,18000000,Annual Raise
617,1228,15/10/2018,18730000,Annual Raise
618,1228,04-05-2020,20160000,Market Correction
619,1228,23-11-2021,21920000,Promotion
620,1228,13/06/2023,24410000,Annual Raise
621,1229,11/01/2016,10280000,Initial
622,1229,27-10-2017,11030000,Market Correction
623,1229,14-08-2019,12190000,Annual Raise
624,1229,2021-05-30,13540000,Adjustment
625,1229,17/03/2023,14840000,Market Correction
626,1230,27/07/2015,9780000,Initial
627,1230,20-02-2017,10190000,Adjustment
628,1230,17-09-2018,11090000,Market Correction
629,1230,14/04/2020,12120000,Promotion
630,1230,09-11-2021,13370000,
631,1230,06/06/2023,14220000,Annual Raise
632,1231,2015-10-09,14540000,Initial
633,1231,23/04/2017,16210000,Promotion
634,1231,06/11/2018,18040000,Annual Raise
635,1231,2020-05-21,20030000,Market Correction
636,1231,04/12/2021,21060000,Adjustment
637,1231,2023-06-19,23200000,Adjustment
638,1232,13/02/2024,25430000,Initial
639,1233,09/02/2018,13440000,Initial
640,1233,31/10/2019,14800000,Promotion
641,1233,22/07/2021,16360000,Annual Raise
642,1233,12-04-2023,18300000,
643,1234,15-12-2023,25880000,Initial
644,1235,10/11/2023,4970000,Initial
645,1236,22/12/2017,26080000,Initial
646,1236,2019-09-24,28460000,Market Correction
647,1236,27/06/2021,30780000,Adjustment
648,1236,2023-03-31,33140000,Annual Raise
649,1237,13/05/2023,38390000,Initial
650,1238,26/01/2020,18110000,Initial
651,1238,2021-09-17,20070000,Adjustment
652,1238,11/05/2023,21670000,Adjustment
653,1239,20-02-2020,70950000,Initial
654,1239,2021-10-04,78450000,Market Correction
655,1239,2023-05-19,82400000,Promotion
656,1240,2024-07-02,28950000,Initial
657,1241,29/10/2015,34630000,Initial
658,1241,2017-05-09,36520000,Market Correction
659,1241,2018-11-19,38500000,Annual Raise
660,1241,31-05-2020,40840000,
661,1241,10-12-2021,43350000,Promotion
662,1241,22/06/2023,47420000,Adjustment
663,1242,31/05/2016,24090000,Initial
664,1242,2018-02-17,25460000,Adjustment
665,1242,06-11-2019,28390000,Market Correction
666,1242,2021-07-26,30000000,Market Correction
667,1242,14-04-2023,31760000,Promotion
668,1243,2019-04-10,21920000,Initial
669,1243,2021-03-07,22890000,Market Correction
670,1243,2023-02-03,25500000,Promotion
671,1244,11/02/2016,13190000,Initial
672,1244,2017-11-21,14340000,Adjustment
673,1244,01/09/2019,15330000,Annual Raise
674,1244,12/06/2021,17000000,Market Correction
675,1244,23/03/2023,18970000,Market Correction
676,1245,28/10/2019,27110000,Initial
677,1245,2021-07-19,28710000,
678,1245,2023-04-11,31890000,Adjustment
679,1246,22/06/2019,11010000,Initial
680,1246,25/04/2021,12320000,Promotion
681,1246,2023-02-27,12980000,Annual Raise
682,1247,2022-06-17,38790000,Initial
683,1248,09/01/2016,16810000,Initial
684,1248,2017-10-26,18110000,Market Correction
685,1248,2019-08-13,20090000,Market Correction
686,1248,2021-05-30,21680000,Promotion
687,1248,17-03-2023,22800000,Promotion
688,1249,08/02/2024,12800000,Initial
689,1250,07-07-2022,20100000,Initial
690,1251,25-09-2024,29650000,Initial
691,1252,11-12-2018,25310000,Initial
692,1252,2020-08-11,27400000,Market Correction
693,1253,2017-07-07,20790000,Initial
694,1253,21-05-2019,22510000,Annual Raise
695,1253,04-04-2021,24980000,Promotion
696,1253,17/02/2023,26730000,Adjustment
697,1254,15-04-2016,17320000,Initial
698,1254,2018-01-11,18110000,Promotion
699,1254,10-10-2019,19710000,Market Correction
700,1254,07/07/2021,21000000,Market Correction
701,1254,05-04-2023,22320000,Market Correction
702,1255,2024-06-23,24090000,Initial
703,1256,30/10/2021,13270000,Initial
704,1256,01-06-2023,14490000,Promotion
705,1257,24/01/2018,21590000,Initial
706,1257,2019-10-19,22550000,Adjustment
707,1257,14-07-2021,25230000,
708,1257,08-04-2023,26700000,Promotion
709,1258,2015-01-26,14270000,Initial
710,1258,21/09/2016,15840000,Market Correction
711,1258,19-05-2018,17550000,Market Correction
712,1258,14/01/2020,19260000,Annual Raise
713,1258,09/09/2021,20330000,Market Correction
714,1258,2023-05-07,22370000,Annual Raise
715,1259,13/10/2015,14200000,Initial
716,1259,26-04-2017,15530000,Adjustment
717,1259,08-11-2018,17190000,Market Correction
718,1259,23/05/2020,18570000,Promotion
719,1259,2021-12-05,19550000,
720,1259,19-06-2023,20960000,Annual Raise
721,1260,15/05/2023,24120000,Initial
722,1261,06-10-2016,33490000,Initial
723,1261,2018-05-30,35220000,Adjustment
724,1261,22-01-2020,36900000,Adjustment
725,1261,15/09/2021,40440000,Promotion
726,1261,10-05-2023,44850000,Adjustment
727,1262,2024-11-27,16010000,Initial
728,1263,2022-07-23,15820000,Initial
729,1264,24-08-2019,26650000,Initial
730,1264,06-06-2021,28980000,
731,1264,2023-03-20,31610000,Adjustment
732,1265,2016-03-30,36070000,Initial
733,1265,2017-12-29,38280000,Annual Raise
734,1265,2019-09-30,40080000,Promotion
735,1265,2021-07-01,41830000,Market Correction
736,1265,02-04-2023,43910000,Promotion
737,1266,2015-07-06,19090000,Initial
738,1266,02-02-2017,20440000,Market Correction
739,1266,03/09/2018,22880000,Annual Raise
740,1266,03-04-2020,24570000,Adjustment
741,1266,02-11-2021,26490000,Market Correction
742,1266,03/06/2023,27700000,Market Correction
743,1267,19-05-2018,23180000,Initial
744,1267,13/01/2020,24550000,Adjustment
745,1267,09/09/2021,25590000,
746,1267,07-05-2023,28540000,Adjustment
747,1268,05/09/2018,17330000,Initial
748,1268,12/03/2020,18630000,Promotion
749,1268,17-09-2021,19970000,Adjustment
750,1268,2023-03-25,21430000,Market Correction
751,1269,2019-04-07,39300000,Initial
752,1269,05-03-2021,42260000,Market Correction
753,1269,2023-02-02,46490000,Annual Raise
754,1270,23/10/2015,7790000,Initial
755,1270,04/05/2017,8460000,Market Correction
756,1270,15-11-2018,8830000,Market Correction
757,1270,28-05-2020,9590000,Market Correction
758,1270,2021-12-08,10700000,Adjustment
759,1270,2023-06-21,11660000,Adjustment
760,1271,2020-02-27,31530000,Initial
761,1271,09-10-2021,33360000,Adjustment
762,1271,2023-05-22,36610000,Promotion
763,1272,2022-12-16,27300000,Initial
764,1273,23/08/2018,11810000,Initial
765,1273,25-03-2020,12890000,Market Correction
766,1273,2021-10-27,14090000,Annual Raise
767,1273,31-05-2023,15620000,Annual Raise
768,1274,2015-12-27,11640000,Initial
769,1274,2017-06-27,12740000,Promotion
770,1274,2018-12-28,13340000,Adjustment
771,1274,29/06/2020,14710000,Promotion
772,1274,30/12/2021,15890000,Promotion
773,1274,02-07-2023,16920000,Market Correction
774,1275,2020-11-16,40100000,Initial
775,1276,27/09/2023,29140000,Initial
776,1277,15/09/2023,13700000,Initial
777,1278,25-08-2017,26950000,Initial
778,1278,2019-06-27,28640000,Promotion
779,1278,2021-04-29,31600000,Market Correction
780,1278,01-03-2023,32920000,Promotion
781,1279,2023-07-11,38810000,Initial
782,1280,15/03/2020,28470000,Initial
783,1280,20-10-2021,29880000,Market Correction
784,1280,2023-05-27,31900000,Promotion
785,1281,09-09-2024,19380000,Initial
786,1282,04-04-2020,21850000,Initial
787,1282,2021-11-02,24160000,Promotion
788,1282,03/06/2023,26080000,Annual Raise
789,1283,12-12-2018,20890000,Initial
790,1283,2020-06-17,21750000,Promotion
791,1283,22/12/2021,22640000,Promotion
792,1283,2023-06-28,24140000,Promotion
793,1284,2015-08-22,18500000,
794,1284,2017-03-14,19250000,Market Correction
795,1284,05/10/2018,20280000,Annual Raise
796,1284,27/04/2020,21570000,Annual Raise
797,1284,18-11-2021,23410000,Annual Raise
798,1284,2023-06-11,25070000,Market Correction
799,1285,24/11/2021,19680000,Initial
800,1285,14-06-2023,22000000,Adjustment
801,1286,2020-01-17,15980000,Initial
802,1286,2021-09-11,17870000,Market Correction
803,1286,2023-05-08,19870000,Market Correction
804,1287,2021-10-14,46210000,Initial
805,1287,24-05-2023,49130000,Annual Raise
806,1288,28-02-2016,30080000,Initial
807,1288,05/12/2017,33610000,Market Correction
808,1288,12-09-2019,37520000,Annual Raise
809,1288,2021-06-19,41720000,Market Correction
810,1288,2023-03-27,43470000,Promotion
811,1289,28-08-2020,13360000,Initial
812,1289,30/10/2022,14140000,Annual Raise
813,1290,05-12-2019,48530000,Initial
814,1290,2021-08-14,51380000,Adjustment
815,1290,24-04-2023,55170000,Promotion
816,1291,04/03/2018,10220000,Initial
817,1291,2019-11-17,11270000,Adjustment
818,1291,02-08-2021,12540000,Annual Raise
819,1291,18-04-2023,13720000,Adjustment
820,1292,2023-11-07,5980000,Initial
821,1293,04-04-2021,9740000,Initial
822,1293,2023-02-17,10630000,Adjustment
823,1294,2018-09-27,32430000,Initial
824,1295,12/06/2016,17990000,Initial
825,1295,2018-02-27,19890000,Market Correction
826,1295,14-11-2019,21250000,Promotion
827,1295,31/07/2021,23790000,Annual Raise
828,1295,2023-04-17,24990000,Adjustment
829,1296,20-03-2022,20170000,Initial
830,1297,31-03-2022,52030000,Initial
831,1298,2018-06-19,32930000,Initial
832,1298,06-02-2020,35630000,Promotion
833,1298,25/09/2021,39410000,Annual Raise
834,1298,2023-05-15,43170000,Market Correction
835,1299,25/02/2017,13450000,Initial
836,1299,21/09/2018,14070000,Annual Raise
837,1299,2020-04-16,14960000,Promotion
838,1299,11-11-2021,16550000,Promotion
839,1299,2023-06-07,17570000,Promotion
840,1300,2024-06-20,31150000,Initial
841,1301,2022-06-04,18740000,Initial
842,1302,23/09/2016,16130000,Initial
843,1302,20/05/2018,17420000,Annual Raise
844,1302,14/01/2020,18430000,Promotion
845,1302,2021-09-10,20410000,Market Correction
846,1302,2023-05-07,22780000,Annual Raise
847,1303,01/02/2023,14400000,Initial
848,1304,2019-12-25,26180000,Initial
849,1304,2021-08-27,27270000,Annual Raise
850,1304,2023-04-30,30360000,Adjustment
851,1305,27/12/2020,14480000,Initial
852,1305,30-12-2022,15900000,Promotion
853,1306,15/02/2019,13080000,Initial
854,1306,30-01-2021,14500000,Market Correction
855,1306,16-01-2023,15210000,Adjustment
856,1307,18/08/2023,39930000,Initial
857,1308,25-10-2016,27530000,Initial
858,1308,15/06/2018,30250000,Market Correction
859,1308,03/02/2020,31710000,Annual Raise
860,1308,23-09-2021,33650000,Annual Raise
861,1308,14-05-2023,36750000,Market Correction
862,1309,2015-08-02,9210000,Initial
863,1309,25-02-2017,10270000,Annual Raise
864,1309,21/09/2018,11240000,Annual Raise
865,1309,17-04-2020,12240000,Market Correction
866,1309,2021-11-11,12950000,Market Correction
867,1309,07-06-2023,14140000,Annual Raise
868,1310,23-12-2022,38090000,Initial
869,1311,22/01/2018,18790000,Initial
870,1311,18/10/2019,20820000,
871,1311,13/07/2021,22250000,Annual Raise
872,1311,08/04/2023,24680000,Market Correction
873,1312,2016-01-11,14830000,Initial
874,1312,27/10/2017,15830000,Promotion
875,1312,2019-08-14,16860000,Market Correction
876,1312,30-05-2021,18140000,Annual Raise
877,1312,17-03-2023,20000000,Adjustment
878,1313,20/04/2015,23580000,Initial
879,1313,2016-11-30,25420000,Annual Raise
880,1313,14/07/2018,26640000,Annual Raise
881,1313,2020-02-25,29370000,Adjustment
882,1313,2021-10-07,31760000,Promotion
883,1313,21/05/2023,35250000,
884,1314,01/05/2019,11550000,Initial
885,1314,2021-03-21,12510000,Promotion
886,1314,10-02-2023,13320000,Market Correction
887,1315,2016-02-10,14750000,Initial
888,1315,20-11-2017,15650000,Market Correction
889,1315,2019-09-01,16700000,Promotion
890,1315,11/06/2021,17910000,Adjustment
891,1315,2023-03-23,19680000,Adjustment
892,1316,17-07-2016,20160000,Initial
893,1316,2018-03-27,21730000,Market Correction
894,1316,2019-12-05,24100000,Promotion
895,1316,14-08-2021,26830000,Annual Raise
896,1316,24/04/2023,29790000,Market Correction
897,1317,06/07/2023,37770000,Initial
898,1318,19-03-2015,19380000,Initial
899,1318,04-11-2016,20760000,Promotion
900,1318,23/06/2018,21750000,Adjustment
901,1318,09/02/2020,23130000,Market Correction
902,1318,2021-09-27,24880000,Market Correction
903,1318,16-05-2023,26200000,Promotion
904,1319,2016-03-31,9750000,Initial
905,1319,30-12-2017,10630000,Annual Raise
906,1319,01-10-2019,11840000,Promotion
907,1319,01/07/2021,12590000,Annual Raise
908,1319,2023-04-02,13600000,Market Correction
909,1320,03-09-2017,9750000,Initial
910,1320,04-07-2019,10510000,Adjustment
911,1320,03-05-2021,11320000,Adjustment
912,1320,2023-03-03,12650000,Annual Raise
913,1321,20/05/2024,17230000,Initial
914,1322,22/01/2023,6070000,Initial
915,1323,26-05-2021,7130000,Initial
916,1323,2023-03-15,7680000,
917,1324,05/10/2015,17250000,Initial
918,1324,19/04/2017,18090000,Adjustment
919,1324,2018-11-03,19690000,Adjustment
920,1324,19/05/2020,20670000,Annual Raise
921,1324,2021-12-02,21920000,Promotion
922,1324,2023-06-18,23020000,Promotion
923,1325,19/05/2019,34710000,Initial
924,1325,02-04-2021,38860000,Promotion
925,1325,2023-02-16,43210000,Market Correction
926,1326,2017-11-04,15030000,Initial
927,1326,19/08/2019,16810000,Promotion
928,1326,03/06/2021,17540000,Market Correction
929,1326,19/03/2023,18270000,Promotion
930,1327,2017-09-14,29830000,Initial
931,1327,2019-07-12,32830000,Annual Raise
932,1327,09-05-2021,35340000,Promotion
933,1327,06-03-2023,38180000,Annual Raise
934,1328,30-06-2016,28910000,Initial
935,1328,24/02/2018,32270000,Market Correction
936,1328,21-10-2019,35980000,Promotion
937,1328,16-06-2021,40240000,Adjustment
938,1329,24-04-2024,19950000,Initial
939,1330,31-01-2022,56980000,Initial
940,1331,01/06/2015,11110000,Initial
941,1331,04-01-2017,12110000,Annual Raise
942,1331,2018-08-11,13250000,Adjustment
943,1331,17-03-2020,14280000,Market Correction
944,1331,21/10/2021,15780000,Annual Raise
945,1331,28-05-2023,16680000,Promotion
946,1332,2018-07-16,48010000,Initial
947,1332,26/02/2020,51730000,Market Correction
948,1332,08/10/2021,54390000,Market Correction
949,1332,2023-05-21,57990000,Market Correction
950,1333,2017-11-03,59520000,Initial
951,1334,16-09-2024,19130000,Initial
952,1335,2019-11-25,58400000,Initial
953,1335,2021-08-07,64720000,Market Correction
954,1335,20-04-2023,67990000,Adjustment
955,1336,2018-10-20,10020000,Initial
956,1336,2020-05-08,10550000,Promotion
957,1336,25/11/2021,11510000,Market Correction
958,1336,14/06/2023,12470000,Promotion
959,1337,10-12-2023,24450000,Initial
960,1338,30-10-2019,21440000,Initial
961,1338,2021-07-21,22660000,Adjustment
962,1338,12/04/2023,24440000,Adjustment
963,1339,25/02/2016,16400000,Initial
964,1339,2017-12-02,17340000,Promotion
965,1339,10/09/2019,18640000,Market Correction
966,1339,2021-06-17,19900000,Adjustment
967,1339,26-03-2023,20870000,Adjustment
968,1340,04/10/2021,29600000,Initial
969,1340,19/05/2023,32950000,Annual Raise
970,1341,2020-01-06,32580000,Initial
971,1342,04-03-2022,13530000,Initial
972,1343,2019-01-28,12140000,Initial
973,1343,2021-01-18,13090000,Market Correction
974,1343,2023-01-10,14540000,Annual Raise
975,1344,07-08-2016,15520000,Initial
976,1344,12/04/2018,17110000,
977,1344,2019-12-17,19150000,Adjustment
978,1344,2021-08-22,21150000,Annual Raise
979,1344,2023-04-28,22560000,Market Correction
980,1345,2016-06-01,27130000,Initial
981,1345,18/02/2018,30150000,Market Correction
982,1345,07/11/2019,33370000,Adjustment
983,1345,26-07-2021,35170000,Market Correction
984,1345,14/04/2023,36610000,Annual Raise
985,1346,2021-05-12,17880000,Initial
986,1347,2019-03-04,23830000,
987,1347,2021-02-11,24960000,Promotion
988,1347,22-01-2023,27420000,Annual Raise
989,1348,19-06-2019,25570000,Initial
990,1348,2021-04-23,28630000,Annual Raise
991,1348,2023-02-26,30430000,Annual Raise
992,1349,17/04/2015,29420000,Initial
993,1349,28-11-2016,31670000,Promotion
994,1349,12-07-2018,33710000,Annual Raise
995,1349,23-02-2020,35640000,Promotion
996,1349,06-10-2021,39060000,Promotion
997,1349,2023-05-20,42070000,Annual Raise
998,1350,2017-12-08,20670000,Initial
999,1350,14/09/2019,22860000,Adjustment
1000,1350,20-06-2021,25170000,Adjustment
1001,1350,2023-03-27,26580000,Promotion
1002,1351,13-10-2022,50750000,Initial
1003,1352,25-07-2024,10390000,Initial
1004,1353,26/12/2015,13660000,Initial
1005,1353,2017-06-27,15070000,Annual Raise
1006,1353,28-12-2018,16270000,Adjustment
1007,1353,29/06/2020,17440000,Adjustment
1008,1353,30-12-2021,19420000,Annual Raise
1009,1353,02/07/2023,20390000,Promotion
1010,1354,2021-03-02,21520000,Initial
1011,1354,2023-01-31,22780000,Promotion
1012,1355,25-11-2023,38680000,Initial
1013,1356,2023-11-19,9810000,Initial
1014,1357,2020-03-29,16740000,Initial
1015,1357,29-10-2021,17630000,Promotion
1016,1357,01-06-2023,18560000,Adjustment
1017,1358,27-09-2015,19510000,Initial
1018,1358,2017-04-13,20590000,Promotion
1019,1358,29-10-2018,21980000,Promotion
1020,1358,15-05-2020,23950000,Promotion
1021,1358,30-11-2021,25100000,Promotion
1022,1358,17/06/2023,27020000,Annual Raise
1023,1359,2023-08-17,27550000,Initial
1024,1360,16-03-2022,21550000,Initial
1025,1361,05-11-2024,22820000,Initial
1026,1362,11-08-2023,26950000,Initial
1027,1363,28/04/2024,43450000,Initial
1028,1364,2018-08-14,24710000,Initial
1029,1364,2020-03-19,27510000,Promotion
1030,1364,2021-10-23,28900000,Promotion
1031,1364,2023-05-29,31000000,Adjustment
1032,1365,26-06-2024,18970000,Initial
1033,1366,27-05-2016,25600000,Initial
1034,1366,14-02-2018,27820000,Annual Raise
1035,1366,04-11-2019,29440000,Annual Raise
1036,1366,2021-07-24,31090000,
1037,1366,2023-04-13,32710000,Adjustment
1038,1367,21-08-2021,19000000,Initial
1039,1367,2023-04-27,20290000,Adjustment
1040,1368,2024-06-13,17480000,Initial
1041,1369,2015-11-29,23830000,Initial
1042,1369,2017-06-12,25620000,Adjustment
1043,1369,25/12/2018,27230000,Annual Raise
1044,1369,2020-07-09,28640000,Annual Raise
1045,1369,21-01-2022,31040000,Promotion
1046,1370,08/08/2023,41690000,Initial
1047,1371,2022-01-12,35530000,Initial
1048,1372,2017-09-30,19430000,Initial
1049,1372,2019-07-24,21470000,Adjustment
1050,1372,17/05/2021,22610000,Adjustment
1051,1372,10/03/2023,24200000,Adjustment
1052,1373,26-10-2015,9610000,Initial
1053,1373,07/05/2017,10090000,Annual Raise
1054,1373,2018-11-17,11220000,Promotion
1055,1373,2020-05-29,11780000,Market Correction
1056,1373,09/12/2021,13000000,Adjustment
1057,1373,21-06-2023,14460000,Promotion
1058,1374,2020-03-17,10670000,Initial
1059,1374,26/02/2022,11720000,Promotion
1060,1375,2023-03-27,28220000,Initial
1061,1376,13-07-2023,26660000,
1062,1377,25-03-2020,15630000,Initial
1063,1377,2021-09-26,17260000,Promotion
1064,1378,03/04/2018,12990000,Initial
1065,1378,10-12-2019,13700000,Promotion
1066,1378,2021-08-17,14400000,Promotion
1067,1378,25-04-2023,15460000,
1068,1379,15/02/2024,34120000,Initial
1069,1380,23/07/2023,28270000,Initial
1070,1381,30/07/2020,16510000,Initial
1071,1382,31-05-2017,22100000,Initial
1072,1382,06/12/2018,23020000,Promotion
1073,1382,12-06-2020,25770000,
1074,1382,2021-12-19,26870000,Promotion
1075,1382,26-06-2023,30040000,Market Correction
1076,1383,13-09-2021,18120000,Initial
1077,1383,2023-05-09,20190000,Promotion
1078,1384,2021-01-07,8890000,Initial
1079,1385,2023-02-27,18500000,Initial
1080,1386,2015-07-29,27740000,Initial
1081,1386,2017-02-22,29660000,Annual Raise
1082,1386,19-09-2018,31310000,Annual Raise
1083,1386,2020-04-15,34110000,Adjustment
1084,1386,10/11/2021,35610000,Promotion
1085,1386,07-06-2023,38520000,Annual Raise
1086,1387,29-10-2015,10500000,Initial
1087,1387,09-05-2017,11670000,
1088,1387,19-11-2018,12180000,
1089,1387,31-05-2020,12750000,Adjustment
1090,1387,10-12-2021,13770000,Annual Raise
1091,1387,22-06-2023,15140000,Promotion
1092,1388,2024-04-03,42130000,Initial
1093,1389,01/02/2016,10390000,Initial
1094,1389,13/11/2017,11150000,Annual Raise
1095,1389,26/08/2019,11980000,Market Correction
1096,1389,2021-06-08,13360000,Adjustment
1097,1389,2023-03-21,13960000,Market Correction
1098,1390,20/06/2023,28390000,Initial
1099,1391,05-07-2015,21020000,Initial
1100,1391,2017-03-16,22230000,Adjustment
1101,1391,26-11-2018,23990000,
1102,1391,08/08/2020,26340000,Annual Raise
1103,1391,20-04-2022,27640000,Annual Raise
1104,1392,2016-09-02,10720000,Initial
1105,1392,2018-05-03,11390000,Promotion
1106,1392,02/01/2020,11960000,Promotion
1107,1392,01-09-2021,13270000,Market Correction
1108,1392,03-05-2023,13830000,Market Correction
1109,1393,27-10-2016,22190000,Initial
1110,1393,16-06-2018,23870000,Promotion
1111,1393,2020-02-04,26640000,Annual Raise
1112,1393,2021-09-23,28230000,Market Correction
1113,1393,2023-05-14,30680000,Market Correction
1114,1394,28/08/2021,22380000,
1115,1394,2023-05-01,23970000,Adjustment
1116,1395,29-04-2020,32580000,Initial
1117,1395,2021-11-19,34440000,Adjustment
1118,1395,11/06/2023,35980000,Adjustment
1119,1396,03-09-2019,15850000,Initial
1120,1396,13-06-2021,16770000,Promotion
1121,1396,24/03/2023,18130000,Annual Raise
1122,1397,10-09-2021,19850000,Initial
1123,1397,2023-05-07,20990000,Annual Raise
1124,1398,02/02/2023,19710000,Initial
1125,1399,28/08/2016,36160000,Initial
1126,1399,2018-04-29,38380000,Market Correction
1127,1399,2019-12-30,41970000,Promotion
1128,1399,30/08/2021,44120000,Adjustment
1129,1399,02/05/2023,47610000,Annual Raise
1130,1400,2017-02-20,17760000,Initial
1131,1400,2019-02-22,19600000,Promotion
1132,1401,2019-08-08,13490000,Initial
1133,1401,2021-05-26,14170000,Market Correction
1134,1401,2023-03-15,15740000,Adjustment
1135,1402,30-11-2022,64510000,Initial
1136,1403,22/11/2020,10070000,Initial
1137,1403,12/12/2022,11220000,Annual Raise
1138,1404,2021-02-15,18640000,Initial
1139,1404,24/01/2023,19830000,Promotion
1140,1405,2021-11-03,30790000,Initial
1141,1405,2023-06-03,33430000,Promotion
1142,1406,10-07-2017,40860000,Initial
1143,1406,2019-05-24,43850000,Market Correction
1144,1406,2021-04-06,45870000,Market Correction
1145,1406,18/02/2023,50070000,Annual Raise
1146,1407,28/09/2022,8350000,Initial
1147,1408,2018-03-24,9080000,Initial
1148,1408,15/11/2019,9980000,
1149,1408,2021-07-08,10930000,Annual Raise
1150,1408,01/03/2023,12210000,Market Correction
1151,1409,06-03-2024,17330000,Initial
1152,1410,04/01/2023,35440000,Initial
1153,1411,26-05-2017,32470000,Initial
1154,1411,2019-01-12,34520000,Adjustment
1155,1411,31-08-2020,36100000,Promotion
1156,1411,2022-04-19,38560000,Market Correction
1157,1412,16/07/2016,26120000,Initial
1158,1412,22/04/2018,28320000,Promotion
1159,1412,28-01-2020,30990000,Market Correction
1160,1412,2021-11-04,34180000,
1161,1413,26/02/2022,23870000,Initial
1162,1414,16/02/2016,18340000,Initial
1163,1414,25/11/2017,19730000,Market Correction
1164,1414,04-09-2019,21860000,Adjustment
1165,1414,14/06/2021,23280000,Promotion
1166,1414,24-03-2023,25660000,
1167,1415,2019-07-25,15180000,Initial
1168,1415,2021-05-17,16430000,Adjustment
1169,1415,10-03-2023,18030000,Market Correction
1170,1416,24-06-2023,19730000,Initial
1171,1417,2023-08-15,36820000,Initial
1172,1418,18/12/2016,24240000,Initial
1173,1418,28/07/2018,27050000,Annual Raise
1174,1418,2020-03-06,28730000,Promotion
1175,1418,14/10/2021,30630000,Annual Raise
1176,1418,24-05-2023,32820000,Market Correction
1177,1419,2024-05-18,25020000,Initial
1178,1420,31/10/2024,20070000,Initial
1179,1421,04-10-2018,12100000,Initial
1180,1421,26/04/2020,12720000,Annual Raise
1181,1421,17-11-2021,13480000,Market Correction
1182,1421,10/06/2023,14850000,Promotion
1183,1422,2016-07-03,16870000,Initial
1184,1422,15-03-2018,18570000,Annual Raise
1185,1422,26-11-2019,20310000,Annual Raise
1186,1422,08/08/2021,22450000,Promotion
1187,1422,21/04/2023,24190000,Adjustment
1188,1423,16/09/2018,16610000,Initial
1189,1423,02-08-2020,18250000,
1190,1423,19-06-2022,20140000,Promotion
1191,1424,27/02/2015,14100000,Initial
1192,1424,18/10/2016,15070000,Adjustment
1193,1424,09-06-2018,15700000,Annual Raise
1194,1424,30/01/2020,17210000,Promotion
1195,1424,2021-09-20,18580000,Promotion
1196,1424,12-05-2023,20360000,Annual Raise
1197,1425,19-12-2016,11800000,Initial
1198,1425,29-07-2018,12420000,Annual Raise
1199,1425,2020-03-07,12920000,Adjustment
1200,1425,15-10-2021,14260000,Promotion
1201,1425,2023-05-25,15950000,Adjustment
1202,1426,2020-10-11,33480000,Initial
1203,1426,21/11/2022,37130000,Adjustment
1204,1427,2016-07-29,8610000,Initial
1205,1427,2018-04-05,9450000,Annual Raise
1206,1427,12/12/2019,10190000,Adjustment
1207,1427,18-08-2021,11400000,Annual Raise
1208,1427,2023-04-26,12590000,Adjustment
1209,1428,22/08/2017,17290000,Initial
1210,1428,2019-06-25,18480000,Promotion
1211,1428,27/04/2021,19260000,Promotion
1212,1428,2023-02-28,20650000,Annual Raise
1213,1429,13-07-2021,50390000,Initial
1214,1429,2023-04-08,54040000,Annual Raise
1215,1430,2022-10-08,19850000,Initial
1216,1431,16/10/2016,16730000,Initial
1217,1431,2018-06-07,18390000,Adjustment
1218,1431,28/01/2020,20370000,Promotion
1219,1431,2021-09-19,21510000,Annual Raise
1220,1431,12/05/2023,23990000,Market Correction
1221,1432,28-09-2022,16080000,Initial
1222,1433,01-07-2016,9390000,Initial
1223,1433,2018-03-14,10510000,Market Correction
1224,1433,2019-11-25,10960000,Market Correction
1225,1433,2021-08-07,11580000,Promotion
1226,1433,2023-04-20,12910000,Adjustment
1227,1434,31/08/2019,36370000,Initial
1228,1434,2021-06-11,38510000,Market Correction
1229,1434,2023-03-23,41130000,Promotion
1230,1435,18/07/2023,19710000,Initial
1231,1436,22/11/2020,28610000,Initial
1232,1436,12/12/2022,31060000,Adjustment
1233,1437,10/09/2015,18510000,Initial
1234,1437,2017-03-29,19250000,Adjustment
1235,1437,2018-10-17,21420000,Promotion
1236,1437,2020-05-06,22680000,Promotion
1237,1437,24/11/2021,23760000,Annual Raise
1238,1437,14/06/2023,26020000,Promotion
1239,1438,2016-11-04,18120000,Initial
1240,1438,23/06/2018,19190000,Adjustment
1241,1438,09/02/2020,20020000,Adjustment
1242,1438,27/09/2021,21230000,Annual Raise
1243,1438,16-05-2023,23490000,Promotion
1244,1439,2023-01-15,20750000,Initial
1245,1440,2024-01-26,21970000,Initial
1246,1441,07/04/2021,23270000,Initial
1247,1441,2023-02-18,25480000,Annual Raise
1248,1442,08-11-2017,25340000,Initial
1249,1442,2019-08-22,28130000,Adjustment
1250,1442,2021-06-05,29520000,Market Correction
1251,1442,20/03/2023,30810000,Market Correction
1252,1443,05-07-2015,12030000,Initial
1253,1443,02/02/2017,13150000,
1254,1443,03/09/2018,14230000,Market Correction
1255,1443,03-04-2020,14930000,Market Correction
1256,1443,02-11-2021,16430000,Market Correction
1257,1443,03-06-2023,17470000,Promotion
1258,1444,10-10-2015,14730000,Initial
1259,1444,2017-04-23,16300000,Promotion
1260,1444,06-11-2018,17890000,Promotion
1261,1444,21-05-2020,19470000,Promotion
1262,1444,2021-12-04,21800000,Market Correction
1263,1444,19/06/2023,23770000,Adjustment
1264,1445,07/01/2017,17590000,Initial
1265,1445,2018-08-13,19250000,Annual Raise
1266,1445,18/03/2020,21370000,Adjustment
1267,1445,2021-10-22,22900000,Annual Raise
1268,1445,28-05-2023,25640000,Promotion
1269,1446,14-03-2019,26840000,Initial
1270,1446,2021-02-17,28110000,Adjustment
1271,1446,2023-01-25,30550000,Market Correction
1272,1447,19/03/2019,20570000,Initial
1273,1447,2021-02-21,22360000,Adjustment
1274,1447,2023-01-27,24730000,Market Correction
1275,1448,2022-04-30,12160000,Initial
1276,1449,06-12-2020,21430000,Initial
1277,1449,19/12/2022,23500000,Adjustment
1278,1450,07/05/2018,20230000,Initial
1279,1450,2020-01-04,21670000,Annual Raise
1280,1450,2021-09-03,23140000,Adjustment
1281,1450,04-05-2023,24690000,Adjustment
1282,1451,26/03/2024,4720000,Initial
1283,1452,2024-10-24,19770000,Initial
1284,1453,23-11-2021,9560000,Initial
1285,1453,13/06/2023,10150000,Promotion
1286,1454,18-02-2016,21220000,Initial
1287,1454,27-11-2017,22070000,Promotion
1288,1454,06/09/2019,24340000,Adjustment
1289,1454,15/06/2021,27000000,Market Correction
1290,1454,25/03/2023,29070000,Market Correction
1291,1455,29/09/2017,26530000,Initial
1292,1455,2019-07-23,27890000,Promotion
1293,1455,16/05/2021,30550000,Market Correction
1294,1455,2023-03-10,32360000,Promotion
1295,1456,17-06-2023,15110000,Initial
1296,1457,2017-08-17,9850000,Initial
1297,1457,21-06-2019,10990000,Annual Raise
1298,1457,2021-04-25,12290000,Adjustment
1299,1457,2023-02-27,13500000,Market Correction
1300,1458,2017-08-28,20010000,Initial
1301,1458,2019-06-29,21120000,Market Correction
1302,1458,30/04/2021,22330000,Promotion
1303,1458,02/03/2023,24630000,
1304,1459,2019-08-21,33470000,Initial
1305,1459,2021-06-04,36900000,Adjustment
1306,1459,2023-03-19,41050000,Adjustment
1307,1460,08-01-2022,19070000,Initial
1308,1461,20/03/2022,20120000,Initial
1309,1462,31/07/2019,15010000,Initial
1310,1463,2017-09-14,12970000,Initial
1311,1463,12-07-2019,14100000,Promotion
1312,1463,09-05-2021,15670000,Adjustment
1313,1463,06/03/2023,17060000,Adjustment
1314,1464,2024-01-14,31310000,Initial
1315,1465,01-04-2021,20500000,Initial
1316,1465,15/02/2023,22300000,Annual Raise
1317,1466,14/09/2018,21450000,Initial
1318,1466,2020-04-11,23840000,Market Correction
1319,1466,07/11/2021,26460000,Promotion
1320,1466,05-06-2023,28570000,Promotion
1321,1467,2021-01-02,26180000,Initial
1322,1467,02-01-2023,28650000,Promotion
1323,1468,22-07-2022,15200000,Initial
1324,1469,09/01/2024,28630000,Initial
1325,1470,17/05/2020,17660000,Initial
1326,1470,2021-12-01,19570000,Promotion
1327,1470,17-06-2023,20820000,Adjustment
1328,1471,2017-05-17,45960000,Initial
1329,1471,25/11/2018,51230000,Annual Raise
1330,1471,2020-06-04,57240000,Annual Raise
1331,1471,13-12-2021,61700000,Promotion
1332,1471,23/06/2023,65050000,Adjustment
1333,1472,20-09-2017,19230000,Initial
1334,1472,2019-07-17,20840000,Market Correction
1335,1472,12/05/2021,21740000,Promotion
1336,1472,08-03-2023,22980000,Adjustment
1337,1473,11/03/2021,38890000,Initial
1338,1473,2023-02-05,42820000,Market Correction
1339,1474,17/06/2018,19240000,Initial
1340,1474,04/02/2020,20720000,Promotion
1341,1474,24/09/2021,23090000,Market Correction
1342,1474,14/05/2023,24760000,Promotion
1343,1475,08-02-2016,17530000,Initial
1344,1475,19/11/2017,19620000,Adjustment
1345,1475,31-08-2019,21860000,Promotion
1346,1475,11-06-2021,22990000,Annual Raise
1347,1475,23-03-2023,25130000,Annual Raise
1348,1476,2017-04-12,22710000,Initial
1349,1476,2018-10-28,24000000,Promotion
1350,1476,14/05/2020,26640000,
1351,1476,29-11-2021,28560000,Promotion
1352,1476,16-06-2023,30940000,Adjustment
1353,1477,25/04/2023,18890000,Initial
1354,1478,24-04-2018,33990000,Initial
1355,1478,26-12-2019,37260000,Annual Raise
1356,1478,2021-08-28,39080000,Adjustment
1357,1478,2023-05-01,41540000,Promotion
1358,1479,07/08/2020,5720000,Initial
1359,1479,20/10/2022,6300000,Annual Raise
1360,1480,11/02/2023,19150000,
1361,1481,2016-11-24,25890000,Initial
1362,1481,21/07/2018,28460000,Annual Raise
1363,1481,17-03-2020,31860000,Market Correction
1364,1481,11/11/2021,33540000,Market Correction
1365,1482,16/11/2020,20060000,Initial
1366,1483,17-08-2019,18350000,Initial
1367,1483,21-08-2021,19970000,Promotion
1368,1484,2015-02-07,12750000,Initial
1369,1484,01-10-2016,13580000,Market Correction
1370,1484,27/05/2018,15180000,Annual Raise
1371,1484,2020-01-20,15830000,Promotion
1372,1484,13/09/2021,17630000,Market Correction
1373,1484,2023-05-09,18510000,Market Correction
1374,1485,2022-05-24,29070000,Initial
1375,1486,2015-02-18,15060000,Initial
1376,1486,06/11/2016,16090000,Annual Raise
1377,1486,27/07/2018,17780000,Adjustment
1378,1486,2020-04-14,19280000,Adjustment
1379,1486,02-01-2022,21510000,Annual Raise
1380,1487,2015-03-12,15830000,Initial
1381,1487,29/10/2016,17440000,Adjustment
1382,1487,18/06/2018,19390000,Market Correction
1383,1487,05-02-2020,21370000,Promotion
1384,1487,2021-09-24,22810000,Promotion
1385,1487,14-05-2023,23950000,Annual Raise
1386,1488,14/03/2016,13920000,Initial
1387,1488,17/12/2017,15540000,Market Correction
1388,1488,21/09/2019,17360000,
1389,1488,2021-06-25,18670000,Annual Raise
1390,1488,2023-03-30,19420000,Annual Raise
1391,1489,2021-12-13,27100000,Initial
1392,1489,2023-06-23,28500000,Promotion
1393,1490,20-11-2015,15950000,Initial
1394,1490,28-05-2017,17460000,Annual Raise
1395,1490,2018-12-04,19220000,Annual Raise
1396,1490,11/06/2020,20290000,Annual Raise
1397,1490,2021-12-18,21670000,Promotion
1398,1490,26/06/2023,23090000,Promotion
1399,1491,26-10-2022,23800000,Initial
1400,1492,01/05/2022,27750000,Initial
1401,1493,19/07/2019,19550000,Initial
1402,1493,2021-05-13,20670000,Adjustment
1403,1493,08/03/2023,21510000,
1404,1494,18-11-2022,36520000,Initial
1405,1495,06/05/2021,10020000,Initial
1406,1495,05/03/2023,10530000,Promotion
1407,1496,2017-07-30,25880000,Initial
1408,1496,08-06-2019,28310000,Promotion
1409,1496,2021-04-16,30210000,Promotion
1410,1496,23/02/2023,31850000,Adjustment
1411,1497,15-01-2018,21270000,Initial
1412,1498,04/01/2017,24390000,Initial
1413,1498,10-08-2018,26020000,Market Correction
1414,1498,2020-03-16,28260000,Annual Raise
1415,1498,21/10/2021,30680000,Annual Raise
1416,1498,28-05-2023,33580000,Promotion
1417,1499,01/08/2021,20030000,
1418,1500,10/05/2021,43780000,Initial
1419,1500,07-03-2023,45810000,Market Correction
1420,1501,22/04/2019,13270000,Initial
1421,1501,15-03-2021,14860000,Annual Raise
1422,1501,07/02/2023,15990000,Annual Raise
1423,1502,2020-08-13,14890000,Initial
1424,1502,23-10-2022,16530000,Market Correction
1425,1503,2017-08-08,31200000,Initial
1426,1503,14/06/2019,33930000,Annual Raise
1427,1503,20/04/2021,36090000,Promotion
1428,1503,25-02-2023,39710000,Market Correction
1429,1504,04-09-2023,22890000,Initial
1430,1505,15/03/2021,15000000,Initial
1431,1505,07/02/2023,15760000,Market Correction
1432,1506,2015-12-18,15160000,Initial
1433,1506,20/06/2017,16810000,Annual Raise
1434,1506,22/12/2018,18530000,Adjustment
1435,1506,25-06-2020,19820000,Market Correction
1436,1506,27/12/2021,21210000,Adjustment
1437,1506,2023-06-30,23480000,Market Correction
1438,1507,03-12-2015,16100000,Initial
1439,1507,07/06/2017,17620000,Annual Raise
1440,1507,2018-12-12,19680000,Market Correction
1441,1507,17-06-2020,21200000,Annual Raise
1442,1507,2021-12-22,22970000,Market Correction
1443,1507,2023-06-28,25660000,Market Correction
1444,1508,18/04/2023,6280000,Initial
1445,1509,2018-06-16,25730000,Initial
1446,1509,03-02-2020,28710000,Promotion
1447,1509,23-09-2021,30330000,Market Correction
1448,1509,2023-05-14,31980000,Adjustment
1449,1510,2017-02-06,24720000,Initial
1450,1510,06-09-2018,27170000,Promotion
1451,1510,05/04/2020,28320000,Adjustment
1452,1510,03-11-2021,30240000,Annual Raise
1453,1510,03-06-2023,33810000,Annual Raise
1454,1511,28/02/2016,45580000,Initial
1455,1511,2018-05-22,48620000,Adjustment
1456,1512,2024-09-07,22680000,Initial
1457,1513,2023-02-16,36190000,Initial
1458,1514,08-09-2022,30740000,
1459,1515,12/07/2020,12050000,Initial
1460,1516,2020-06-06,13690000,Initial
1461,1516,14/12/2021,14460000,Promotion
1462,1516,24-06-2023,15950000,Market Correction
1463,1517,2023-01-31,13580000,Initial
1464,1518,2016-03-14,21150000,Initial
1465,1518,2017-12-17,22770000,Promotion
1466,1518,2019-09-21,24550000,Promotion
1467,1518,25-06-2021,27420000,Adjustment
1468,1518,2023-03-30,30580000,Market Correction
1469,1519,09-06-2024,35500000,Initial
1470,1520,23-02-2024,29330000,Initial
1471,1521,15/05/2018,12810000,Initial
1472,1521,10-01-2020,13970000,Annual Raise
1473,1521,07/09/2021,15520000,Market Correction
1474,1521,06-05-2023,16920000,Market Correction
1475,1522,28-12-2016,24420000,Initial
1476,1522,05-08-2018,27040000,Promotion
1477,1522,12/03/2020,29830000,Promotion
1478,1522,2021-10-18,31180000,Annual Raise
1479,1522,2023-05-26,32600000,Promotion
1480,1523,16/06/2021,12560000,Initial
1481,1523,25-03-2023,13460000,Promotion
1482,1524,04-02-2019,18850000,
1483,1524,02-12-2020,20570000,Market Correction
1484,1525,24-08-2022,38990000,Initial
1485,1526,11/12/2022,19400000,
1486,1527,2024-03-08,27040000,Initial
1487,1528,07-02-2022,33880000,Initial
1488,1529,07-11-2023,26900000,Initial
1489,1530,28-12-2020,31240000,Initial
1490,1530,2022-12-30,32990000,Annual Raise
1491,1531,13-11-2023,48310000,Initial
1492,1532,23/03/2016,13670000,Initial
1493,1532,24/12/2017,14720000,Annual Raise
1494,1532,26/09/2019,15400000,Adjustment
1495,1532,28-06-2021,17030000,Adjustment
1496,1532,31/03/2023,18620000,Annual Raise
1497,1533,04-04-2022,29700000,Initial
1498,1534,10-06-2023,15660000,Initial
1499,1535,25-11-2017,14420000,Initial
1500,1535,2019-09-04,15810000,Market Correction
1501,1535,14/06/2021,17500000,Adjustment
1502,1535,24/03/2023,18360000,Promotion
1503,1536,2019-12-31,10750000,Initial
1504,1536,2021-08-31,11740000,Promotion
1505,1536,02-05-2023,12750000,Annual Raise
1506,1537,13-11-2018,12310000,Initial
1507,1537,2020-05-26,13700000,Market Correction
1508,1537,2021-12-07,14970000,Adjustment
1509,1537,20-06-2023,16120000,Adjustment
1510,1538,18/12/2015,29640000,Initial
1511,1538,20-06-2017,32990000,Adjustment
1512,1538,2018-12-22,36360000,Annual Raise
1513,1538,25-06-2020,40540000,Promotion
1514,1538,27/12/2021,45010000,Market Correction
1515,1538,30/06/2023,48810000,Promotion
1516,1539,2018-11-06,21620000,Initial
1517,1539,21/05/2020,22930000,Market Correction
1518,1539,04/12/2021,25420000,
1519,1539,19-06-2023,26610000,Market Correction
1520,1540,2020-05-04,20450000,Initial
1521,1540,07-11-2021,22340000,Adjustment
1522,1540,2023-05-14,24060000,Market Correction
1523,1541,14/05/2018,29670000,Initial
1524,1542,2022-08-05,13990000,Initial
1525,1543,10/03/2021,37730000,Initial
1526,1543,04/02/2023,41810000,Market Correction
1527,1544,07-08-2017,20010000,Initial
1528,1544,14-06-2019,22020000,Annual Raise
1529,1544,20/04/2021,22980000,Market Correction
1530,1544,25-02-2023,24540000,Promotion
1531,1545,09-06-2019,15300000,Initial
1532,1545,27/05/2021,16300000,Adjustment
1533,1546,2019-05-12,67100000,Initial
1534,1547,22/06/2021,13830000,Initial
1535,1547,2023-03-23,15400000,Adjustment
1536,1548,18-02-2020,28490000,Initial
1537,1548,04/04/2022,30040000,Promotion
1538,1549,2021-09-11,23830000,Initial
1539,1549,2023-05-08,25140000,Annual Raise
1540,1550,12/12/2018,20570000,Initial
1541,1550,17-06-2020,22740000,Adjustment
1542,1550,2021-12-22,23870000,Market Correction
1543,1550,28/06/2023,24850000,Annual Raise
1544,1551,21/11/2021,16960000,Initial
1545,1551,12-06-2023,18150000,Market Correction
1546,1552,2017-09-04,11400000,Initial
1547,1552,05/07/2019,12470000,Adjustment
1548,1552,2021-05-04,13460000,Adjustment
1549,1552,04/03/2023,14980000,Annual Raise
1550,1553,23/09/2020,19600000,Initial
1551,1553,12-11-2022,20980000,Market Correction
1552,1554,2019-09-29,14900000,Initial
1553,1554,30/06/2021,16560000,Annual Raise
1554,1554,01-04-2023,18470000,Annual Raise
1555,1555,22-03-2021,19120000,Initial
1556,1555,10/02/2023,20370000,Market Correction
1557,1556,10-06-2024,46360000,Initial
1558,1557,07/06/2020,33520000,Initial
1559,1558,03/08/2019,32610000,
1560,1558,23/05/2021,36410000,Promotion
1561,1558,13/03/2023,37950000,Promotion
1562,1559,2020-06-24,30400000,Initial
1563,1559,2021-12-26,33430000,Adjustment
1564,1559,30/06/2023,35600000,Promotion
1565,1560,11/04/2018,15100000,Initial
1566,1560,2019-10-13,16510000,Annual Raise
1567,1561,05/05/2021,14950000,Initial
1568,1561,04-03-2023,15750000,Promotion
1569,1562,03-06-2021,69810000,Initial
1570,1562,11/03/2023,77840000,Adjustment
1571,1563,10/07/2023,11530000,Initial
1572,1564,24-02-2016,15540000,Initial
1573,1564,01/12/2017,16640000,Promotion
1574,1564,09/09/2019,17770000,Market Correction
1575,1564,17/06/2021,19680000,Adjustment
1576,1564,26/03/2023,21970000,Adjustment
1577,1565,23/10/2024,45270000,Initial
1578,1566,2019-12-04,21670000,Initial
1579,1566,13-08-2021,24020000,Adjustment
1580,1566,23-04-2023,25080000,Annual Raise
1581,1567,09-05-2017,5610000,Initial
1582,1567,18-11-2018,6060000,Market Correction
1583,1567,30/05/2020,6500000,Promotion
1584,1567,10-12-2021,6820000,Promotion
1585,1567,22-06-2023,7490000,Adjustment
1586,1568,2016-11-10,11960000,Initial
1587,1568,2018-06-27,12530000,Adjustment
1588,1568,12-02-2020,13980000,Market Correction
1589,1568,29/09/2021,15070000,Adjustment
1590,1568,2023-05-17,16690000,Promotion
1591,1569,2021-05-24,18510000,Initial
1592,1569,14/03/2023,20030000,Market Correction
1593,1570,18/08/2018,21620000,Initial
1594,1570,22/03/2020,22570000,Adjustment
1595,1570,25/10/2021,24610000,Market Correction
1596,1570,2023-05-30,26690000,Annual Raise
1597,1571,15-08-2024,27030000,Initial
1598,1572,31-05-2023,18530000,Initial
1599,1573,13/11/2022,42070000,Initial
1600,1574,16-04-2024,23850000,Initial
1601,1575,2021-06-23,46610000,Initial
1602,1575,2023-03-29,49150000,Promotion
1603,1576,06-11-2015,11390000,Initial
1604,1576,16/05/2017,12470000,Adjustment
1605,1576,24-11-2018,13540000,Adjustment
1606,1576,2020-06-04,14470000,Adjustment
1607,1576,2021-12-13,15520000,Promotion
1608,1576,23/06/2023,17080000,Market Correction
1609,1577,16/10/2022,15330000,Initial
1610,1578,2018-09-02,21900000,Initial
1611,1578,2020-04-02,23440000,Promotion
1612,1578,2021-11-01,25830000,Market Correction
1613,1578,02/06/2023,28080000,
1614,1579,2022-02-13,29080000,Initial
1615,1580,2017-06-11,9110000,Initial
1616,1580,15/12/2018,9660000,Adjustment
1617,1580,19/06/2020,10570000,Market Correction
1618,1580,23-12-2021,11690000,Promotion
1619,1580,2023-06-28,12430000,Promotion
1620,1581,15-04-2024,12480000,Initial
1621,1582,03-11-2023,35940000,Initial
1622,1583,2015-03-08,14500000,Initial
1623,1583,25-10-2016,15350000,Market Correction
1624,1583,15-06-2018,16750000,Adjustment
1625,1583,2020-02-03,18310000,Annual Raise
1626,1583,23-09-2021,19060000,Annual Raise
1627,1583,14/05/2023,21010000,Annual Raise
1628,1584,19-10-2019,21490000,Initial
1629,1584,2021-07-13,23560000,Adjustment
1630,1584,08/04/2023,25630000,Promotion
1631,1585,13/10/2016,15630000,Initial
1632,1585,05-06-2018,16260000,Adjustment
1633,1585,2020-01-26,17090000,Adjustment
1634,1585,18/09/2021,18510000,Market Correction
1635,1585,11/05/2023,20680000,Adjustment
1636,1586,22-10-2017,11240000,Initial
1637,1587,21-02-2023,12810000,Initial
1638,1588,2022-11-22,54790000,Initial
1639,1589,28-10-2020,5290000,Initial
1640,1589,30-11-2022,5700000,Promotion
1641,1590,2024-02-29,20840000,Initial
1642,1591,2017-07-26,46990000,Initial
1643,1591,05-06-2019,51100000,Annual Raise
1644,1591,2021-04-14,55020000,
1645,1591,2023-02-22,60720000,Adjustment
1646,1592,07/07/2018,24710000,Initial
1647,1592,19-02-2020,26480000,Promotion
1648,1592,2021-10-04,29110000,Adjustment
1649,1592,19-05-2023,31450000,Annual Raise
1650,1593,2022-03-12,44450000,Initial
1651,1594,04/11/2021,21140000,Initial
1652,1594,04/06/2023,23590000,Annual Raise
1653,1595,16-01-2022,16980000,Initial
1654,1596,2024-08-23,14130000,Initial
1655,1597,11/08/2021,19220000,Initial
1656,1597,22/04/2023,21460000,Promotion
1657,1598,2023-11-15,27530000,Initial
1658,1599,26-09-2023,35710000,Initial
1659,1600,2017-04-21,12310000,Initial
1660,1600,2018-11-04,13320000,Market Correction
1661,1600,19-05-2020,14840000,Annual Raise
1662,1600,03-12-2021,16010000,Adjustment
1663,1600,18-06-2023,16830000,Market Correction
1664,1601,25/04/2018,16200000,
1665,1601,2019-12-26,16860000,Annual Raise
1666,1601,28/08/2021,17570000,Adjustment
1667,1601,01-05-2023,18690000,Market Correction
1668,1602,14-09-2017,25550000,Initial
1669,1602,2019-07-12,28060000,Market Correction
1670,1602,09/05/2021,30760000,Annual Raise
1671,1602,06/03/2023,32470000,Adjustment
1672,1603,2019-01-19,26470000,Initial
1673,1603,2021-01-12,28490000,Promotion
1674,1603,07/01/2023,30380000,Market Correction
1675,1604,05/02/2019,27300000,Initial
1676,1604,2021-01-24,30340000,Adjustment
1677,1604,2023-01-13,32130000,Adjustment
1678,1605,10/03/2015,14850000,Initial
1679,1605,2016-10-27,16420000,Promotion
1680,1605,17-06-2018,17560000,Market Correction
1681,1605,2020-02-04,19400000,Annual Raise
1682,1605,2021-09-24,20200000,Market Correction
1683,1605,14-05-2023,21120000,Market Correction
1684,1606,05-09-2015,13420000,
1685,1606,25-03-2017,14090000,Annual Raise
1686,1606,14-10-2018,15750000,Market Correction
1687,1606,04/05/2020,16390000,Adjustment
1688,1606,22/11/2021,17690000,Market Correction
1689,1606,2023-06-13,19710000,Adjustment
1690,1607,01/10/2019,26880000,Initial
1691,1607,01/07/2021,28130000,Market Correction
1692,1607,02/04/2023,30860000,Market Correction
1693,1608,10-02-2018,19090000,Initial
1694,1609,06/01/2021,31560000,Initial
1695,1609,04/01/2023,34420000,Promotion
1696,1610,24-06-2018,14340000,Initial
1697,1610,2020-02-09,15670000,Market Correction
1698,1610,27/09/2021,17500000,Promotion
1699,1610,16/05/2023,19400000,
1700,1611,2015-08-26,16530000,Initial
1701,1611,17/03/2017,17560000,Annual Raise
1702,1611,07-10-2018,19170000,Adjustment
1703,1611,29-04-2020,21140000,Adjustment
1704,1611,19/11/2021,22060000,Annual Raise
1705,1611,11-06-2023,24220000,Adjustment
1706,1612,20-06-2018,16390000,Initial
1707,1612,06/02/2020,18300000,Annual Raise
1708,1612,25-09-2021,19320000,Annual Raise
1709,1612,15/05/2023,20890000,Promotion
1710,1613,2015-02-21,29850000,Initial
1711,1613,13/10/2016,31480000,Market Correction
1712,1613,05/06/2018,35100000,Market Correction
1713,1613,2020-01-27,36860000,Promotion
1714,1613,2021-09-18,40840000,Annual Raise
1715,1613,11/05/2023,43710000,Annual Raise
1716,1614,2018-11-21,27000000,Initial
1717,1614,01-06-2020,28550000,Adjustment
1718,1614,2021-12-11,31770000,Adjustment
1719,1614,22/06/2023,34750000,Annual Raise
1720,1615,03-06-2016,13780000,Initial
1721,1615,19/02/2018,14840000,Market Correction
1722,1615,08-11-2019,16050000,Market Correction
1723,1615,27-07-2021,17160000,Annual Raise
1724,1615,15-04-2023,18840000,Adjustment
1725,1616,26/08/2023,61850000,Initial
1726,1617,15-11-2020,19930000,Initial
1727,1617,26-09-2022,20970000,Promotion
1728,1618,2020-09-23,25030000,Initial
1729,1618,12-11-2022,27790000,Adjustment
1730,1619,15/02/2019,14750000,Initial
1731,1619,2021-01-30,15750000,Market Correction
1732,1619,16/01/2023,17120000,Market Correction
1733,1620,24-07-2017,11450000,Initial
1734,1620,03-06-2019,12210000,Annual Raise
1735,1620,13/04/2021,13640000,Adjustment
1736,1620,21-02-2023,14330000,Annual Raise
1737,1621,28/09/2017,6400000,Initial
1738,1621,07-04-2019,6930000,Promotion
1739,1621,2020-10-15,7700000,Promotion
1740,1622,13/08/2024,11830000,Initial
1741,1623,08-07-2017,12690000,Initial
1742,1623,2019-05-22,14210000,Market Correction
1743,1623,05/04/2021,14860000,Adjustment
1744,1623,17/02/2023,15550000,Market Correction
1745,1624,16-01-2018,25670000,Initial
1746,1624,13-10-2019,27070000,Promotion
1747,1624,10-07-2021,29660000,Promotion
1748,1624,06/04/2023,32960000,Annual Raise
1749,1625,04-01-2017,35430000,Initial
1750,1625,10-08-2018,37680000,Market Correction
1751,1625,2020-03-16,40010000,
1752,1625,21/10/2021,42470000,Market Correction
1753,1625,28-05-2023,46110000,Promotion
1754,1626,10-10-2015,12110000,Initial
1755,1626,23/04/2017,12630000,Annual Raise
1756,1626,06-11-2018,13500000,Market Correction
1757,1626,2020-05-21,14760000,Market Correction
1758,1626,2021-12-04,15530000,Annual Raise
1759,1626,19-06-2023,16410000,Promotion
1760,1627,02/09/2018,16480000,Initial
1761,1627,2020-07-16,17750000,Promotion
1762,1627,2022-05-30,19680000,Promotion
1763,1628,2021-04-28,11320000,Initial
1764,1628,2023-03-01,12220000,Market Correction
1765,1629,17-02-2019,31930000,Initial
1766,1629,01-02-2021,35150000,Market Correction
1767,1629,17-01-2023,37230000,Market Correction
1768,1630,20-03-2023,11340000,Initial
1769,1631,08/04/2015,18470000,Initial
1770,1631,20-11-2016,19930000,Adjustment
1771,1631,2018-07-06,22280000,Annual Raise
1772,1631,19/02/2020,24190000,Annual Raise
1773,1631,03-10-2021,25280000,Market Correction
1774,1631,19-05-2023,26360000,Market Correction
1775,1632,2018-10-04,18130000,Initial
1776,1632,29/04/2020,19800000,Adjustment
1777,1632,24-11-2021,21100000,Promotion
1778,1633,20/04/2017,21620000,Initial
1779,1633,03/11/2018,23540000,Adjustment
1780,1633,2020-05-19,25880000,Annual Raise
1781,1633,2021-12-02,27440000,Market Correction
1782,1633,18/06/2023,30720000,Market Correction
1783,1634,2016-08-06,12870000,Initial
1784,1634,12-04-2018,14410000,Promotion
1785,1634,2019-12-17,15260000,Market Correction
1786,1634,22/08/2021,16240000,Promotion
1787,1634,28-04-2023,17170000,Adjustment
1788,1635,25/06/2024,20910000,Initial
1789,1636,22/05/2023,29620000,Initial
1790,1637,03-11-2015,12490000,Initial
1791,1637,13/05/2017,13070000,Promotion
1792,1637,22-11-2018,14370000,Market Correction
1793,1637,02-06-2020,15000000,Market Correction
1794,1637,12-12-2021,16690000,Annual Raise
1795,1637,23-06-2023,18310000,Adjustment
1796,1638,2017-08-27,9700000,
1797,1638,29-06-2019,10650000,Adjustment
1798,1638,30-04-2021,11370000,Annual Raise
1799,1638,2023-03-02,12180000,Adjustment
1800,1639,10/11/2022,10830000,Initial
1801,1640,14-08-2017,53100000,Initial
1802,1641,2016-09-28,22370000,Initial
1803,1641,2018-08-02,25040000,Promotion
1804,1641,06-06-2020,27880000,Promotion
1805,1642,04/01/2021,35770000,Initial
1806,1642,03/01/2023,37360000,Annual Raise
1807,1643,21-12-2017,21500000,Initial
1808,1643,2019-09-24,24030000,Market Correction
1809,1643,27-06-2021,25120000,Annual Raise
1810,1643,2023-03-31,27710000,Adjustment
1811,1644,2024-04-07,16280000,Initial
1812,1645,30-08-2016,10080000,Initial
1813,1645,20/04/2018,10790000,Market Correction
1814,1646,05/08/2022,20080000,Initial
1815,1647,01-08-2024,20640000,Initial
1816,1648,07/03/2020,29710000,Initial
1817,1649,2016-06-19,20250000,Initial
1818,1649,04/03/2018,21350000,Annual Raise
1819,1649,18/11/2019,22790000,Market Correction
1820,1649,2021-08-02,24980000,Market Correction
1821,1649,18/04/2023,26670000,Annual Raise
1822,1650,13-07-2021,30900000,Initial
1823,1650,08-04-2023,33090000,Market Correction
1824,1651,20/03/2017,16950000,Initial
1825,1651,09/10/2018,17870000,Market Correction
1826,1651,30/04/2020,19200000,Promotion
1827,1651,20/11/2021,21470000,Promotion
1828,1651,2023-06-12,22610000,Annual Raise
1829,1652,2024-07-02,34610000,Initial
1830,1653,2015-07-27,15220000,Initial
1831,1653,19-04-2017,16170000,Annual Raise
1832,1653,12/01/2019,17930000,Market Correction
1833,1653,05/10/2020,19080000,Promotion
1834,1654,25/07/2020,50920000,Initial
1835,1654,22-09-2022,53260000,Annual Raise
1836,1655,2017-02-05,18150000,Initial
1837,1655,05/12/2018,18980000,Market Correction
1838,1655,2020-10-04,20180000,Promotion
1839,1656,05/04/2022,16290000,Initial
1840,1657,2015-09-07,16310000,Initial
1841,1657,2017-04-11,17060000,Promotion
1842,1657,15-11-2018,18060000,Annual Raise
1843,1658,27-01-2022,33770000,Initial
1844,1659,08/10/2023,31920000,Initial
1845,1660,2018-11-10,16790000,Initial
1846,1660,24/05/2020,18490000,Promotion
1847,1660,06/12/2021,20510000,Market Correction
1848,1660,20-06-2023,22860000,Annual Raise
1849,1661,06-01-2017,28840000,Initial
1850,1661,2018-10-24,31040000,Promotion
1851,1661,10/08/2020,33730000,Market Correction
1852,1661,28/05/2022,37070000,Adjustment
1853,1662,28/08/2015,17770000,Initial
1854,1662,19-03-2017,19290000,Promotion
1855,1662,09/10/2018,20550000,Promotion
1856,1662,2020-04-30,21800000,Market Correction
1857,1662,2021-11-20,22820000,Annual Raise
1858,1662,12-06-2023,25060000,Market Correction
1859,1663,15-10-2016,27920000,Initial
1860,1663,2018-06-07,30300000,Annual Raise
1861,1663,28/01/2020,33140000,Market Correction
1862,1663,2021-09-19,36340000,Adjustment
1863,1663,12-05-2023,38490000,Adjustment
1864,1664,2023-07-27,32010000,Initial
1865,1665,24-12-2018,15830000,Initial
1866,1665,26-06-2020,17280000,Promotion
1867,1665,28/12/2021,19080000,Market Correction
1868,1665,01-07-2023,20230000,Adjustment
1869,1666,2024-01-16,13520000,Initial
1870,1667,21/11/2022,7630000,Initial
1871,1668,20-05-2024,73850000,Initial
1872,1669,01/07/2020,13370000,Initial
1873,1670,2020-11-26,20780000,Initial
1874,1670,14/12/2022,22070000,Promotion
1875,1671,17/01/2024,19760000,Initial
1876,1672,30/07/2021,14700000,Initial
1877,1672,2023-04-16,16220000,Annual Raise
1878,1673,25-10-2015,18440000,Initial
1879,1673,06-05-2017,19710000,Promotion
1880,1673,16/11/2018,21060000,Promotion
1881,1673,2020-05-29,22890000,Annual Raise
1882,1673,09/12/2021,24110000,Promotion
1883,1673,21/06/2023,26350000,Adjustment
1884,1674,10-10-2018,20650000,Initial
1885,1674,2020-04-30,22930000,Adjustment
1886,1674,20-11-2021,24530000,Annual Raise
1887,1674,12/06/2023,25820000,Annual Raise
1888,1675,18-11-2023,25740000,Initial
1889,1676,2022-12-06,19280000,Initial
1890,1677,03/07/2017,16770000,Initial
1891,1677,18-05-2019,18540000,Adjustment
1892,1677,2021-04-02,19430000,Adjustment
1893,1677,2023-02-16,20300000,Market Correction
1894,1678,2016-06-05,50020000,Initial
1895,1678,21/02/2018,55810000,
1896,1678,09-11-2019,60750000,Annual Raise
1897,1678,28/07/2021,63990000,Market Correction
1898,1678,15-04-2023,68020000,Promotion
1899,1679,16-07-2024,15290000,Initial
1900,1680,26/01/2024,27550000,Initial
1901,1681,25-07-2020,36430000,Initial
1902,1681,13/10/2022,38500000,Annual Raise
1903,1682,2018-08-01,32200000,Initial
1904,1682,2020-03-09,35260000,Adjustment
1905,1682,16-10-2021,38770000,Market Correction
1906,1682,2023-05-25,40820000,Promotion
1907,1683,04/01/2020,20120000,Initial
1908,1684,2017-11-17,8100000,Initial
1909,1684,2019-08-29,8800000,Annual Raise
1910,1684,2021-06-10,9480000,Adjustment
1911,1684,22-03-2023,10330000,Adjustment
1912,1685,30-11-2019,43500000,Initial
1913,1685,10/08/2021,47180000,Promotion
1914,1685,22-04-2023,50390000,Adjustment
1915,1686,2024-11-20,28400000,Initial
1916,1687,05/11/2023,13860000,Initial
1917,1688,28/10/2016,15650000,Initial
1918,1688,17-06-2018,17180000,Promotion
1919,1688,04/02/2020,18930000,Adjustment
1920,1688,24-09-2021,20100000,Promotion
1921,1688,2023-05-14,22130000,Annual Raise
1922,1689,05/12/2017,8420000,Initial
1923,1689,12/09/2019,8870000,Promotion
1924,1689,19/06/2021,9360000,Annual Raise
1925,1689,27/03/2023,9770000,Market Correction
1926,1690,21/10/2016,14350000,Initial
1927,1690,11-06-2018,15300000,Annual Raise
1928,1690,31-01-2020,16650000,Market Correction
1929,1690,2021-09-21,17500000,Market Correction
1930,1690,2023-05-13,18550000,Annual Raise
1931,1691,2018-10-16,11970000,Initial
1932,1691,2020-05-05,13290000,Market Correction
1933,1691,23/11/2021,14290000,Market Correction
1934,1691,2023-06-13,15090000,Adjustment
1935,1692,02/11/2019,18730000,Initial
1936,1692,23-07-2021,20820000,Promotion
1937,1692,13-04-2023,22490000,Annual Raise
1938,1693,05/10/2016,10320000,Initial
1939,1693,2018-11-12,10790000,Adjustment
1940,1694,26/10/2022,21440000,Initial
1941,1695,03/05/2018,14120000,Initial
1942,1695,2020-01-01,15320000,Annual Raise
1943,1695,01-09-2021,16440000,Annual Raise
1944,1695,03-05-2023,17770000,Market Correction
1945,1696,21/09/2016,23230000,Initial
1946,1697,28-03-2017,8970000,Initial
1947,1697,16-10-2018,9380000,Adjustment
1948,1697,05-05-2020,10170000,Promotion
1949,1697,2021-11-23,11250000,Annual Raise
1950,1697,2023-06-13,11730000,Adjustment
1951,1698,2015-12-02,29850000,Initial
1952,1698,07/06/2017,32850000,Annual Raise
1953,1698,2018-12-12,35520000,Promotion
1954,1698,17-06-2020,37340000,Market Correction
1955,1698,22-12-2021,40350000,Annual Raise
1956,1698,28-06-2023,42400000,Annual Raise
1957,1699,12/04/2020,8200000,Initial
1958,1699,08-11-2021,9080000,Market Correction
1959,1699,06/06/2023,9960000,Annual Raise
1960,1700,2017-01-27,14580000,Initial
1961,1700,29-08-2018,15950000,Promotion
1962,1700,30/03/2020,17070000,Market Correction
1963,1700,30-10-2021,18410000,Adjustment
1964,1700,2023-06-01,20280000,Annual Raise
1965,1701,02-07-2015,30620000,Initial
1966,1701,30-01-2017,34030000,Market Correction
1967,1701,01/09/2018,36240000,Annual Raise
1968,1701,01/04/2020,40560000,Promotion
1969,1701,01-11-2021,45210000,Annual Raise
1970,1701,02-06-2023,50280000,Annual Raise
1971,1702,30-04-2021,9790000,Initial
1972,1703,2023-06-26,13230000,Initial
1973,1704,06-03-2024,28270000,Initial
1974,1705,03-06-2021,28400000,
1975,1705,2023-03-19,29850000,Annual Raise
1976,1706,29/07/2024,37330000,Initial
1977,1707,07/05/2016,27180000,
1978,1707,29-01-2018,29540000,Market Correction
1979,1707,23-10-2019,30920000,Promotion
1980,1707,16-07-2021,33640000,Market Correction
1981,1707,09-04-2023,35350000,Promotion
1982,1708,2017-05-17,19290000,
1983,1708,25-11-2018,20790000,Promotion
1984,1708,04-06-2020,21960000,Market Correction
1985,1708,13/12/2021,22990000,Promotion
1986,1708,2023-06-23,24060000,Adjustment
1987,1709,30-08-2022,11800000,Initial
1988,1710,2018-08-02,12950000,Initial
1989,1710,10/03/2020,13770000,Adjustment
1990,1710,17/10/2021,15280000,Adjustment
1991,1710,26/05/2023,16630000,Annual Raise
1992,1711,2021-03-11,8850000,Initial
1993,1711,05/02/2023,9760000,Annual Raise
1994,1712,27/10/2023,21690000,Initial
1995,1713,2016-04-05,20830000,Initial
1996,1713,2018-01-03,23300000,Market Correction
1997,1713,2019-10-04,24270000,Promotion
1998,1713,2021-07-03,26110000,Adjustment
1999,1713,03/04/2023,28090000,
2000,1714,08/03/2016,12160000,Initial
2001,1714,12-12-2017,13240000,Market Correction
2002,1714,17-09-2019,14490000,Adjustment
2003,1714,22-06-2021,15810000,Annual Raise
2004,1714,28/03/2023,16640000,Annual Raise
2005,1715,2024-11-04,12970000,Initial
2006,1716,03-06-2015,46310000,Initial
2007,1716,06-01-2017,50610000,
2008,1716,12-08-2018,52810000,Annual Raise
2009,1716,18/03/2020,56010000,Market Correction
2010,1716,2021-10-22,60150000,Annual Raise
2011,1716,2023-05-28,67150000,Market Correction
2012,1717,08-06-2015,27260000,Initial
2013,1717,10-01-2017,29100000,Annual Raise
2014,1717,16/08/2018,30320000,Promotion
2015,1717,2020-03-20,32550000,Market Correction
2016,1717,24-10-2021,34340000,
2017,1717,29-05-2023,38220000,Market Correction
2018,1718,13/05/2023,48750000,Initial
2019,1719,15/10/2018,18610000,Initial
2020,1719,04/05/2020,20010000,Promotion
2021,1719,23-11-2021,20820000,Annual Raise
2022,1719,13/06/2023,22910000,Annual Raise
2023,1720,16/08/2024,38840000,Initial
2024,1721,04-07-2016,31080000,Initial
2025,1721,2018-03-16,33320000,Promotion
2026,1721,27/11/2019,35130000,Annual Raise
2027,1721,08/08/2021,38550000,Promotion
2028,1721,21-04-2023,41070000,
2029,1722,08/01/2018,11620000,Initial
2030,1722,2019-10-07,12370000,Market Correction
2031,1722,06-07-2021,13610000,Annual Raise
2032,1722,04-04-2023,14550000,Promotion
2033,1723,15/12/2019,40300000,Initial
2034,1724,2024-03-16,29140000,Initial
2035,1725,2016-07-09,22950000,Initial
2036,1725,20-03-2018,25700000,Market Correction
2037,1725,30-11-2019,27960000,Promotion
2038,1725,10-08-2021,29700000,Adjustment
2039,1725,2023-04-22,33170000,Adjustment
2040,1726,12/12/2016,11240000,Initial
2041,1727,27-07-2015,18450000,Initial
2042,1727,20/02/2017,19730000,Adjustment
2043,1727,17/09/2018,20830000,Promotion
2044,1727,14-04-2020,22560000,Adjustment
2045,1727,2021-11-09,24020000,Market Correction
2046,1727,06/06/2023,26700000,
2047,1728,2024-03-27,19760000,Initial
2048,1729,2022-08-22,40140000,Initial
2049,1730,2024-10-05,18370000,Initial
2050,1731,24-05-2024,17660000,Initial
2051,1732,13-03-2018,20960000,Initial
2052,1733,2024-08-11,14840000,Initial
2053,1734,2022-04-22,13230000,
2054,1735,25-04-2020,11730000,Initial
2055,1735,16-11-2021,12230000,Adjustment
2056,1735,10-06-2023,13150000,Adjustment
2057,1736,05/07/2017,29920000,Initial
2058,1736,20-05-2019,31460000,Market Correction
2059,1736,03/04/2021,35090000,Annual Raise
2060,1736,2023-02-16,36960000,Annual Raise
2061,1737,02/10/2019,11150000,Initial
2062,1737,02-07-2021,12380000,Promotion
2063,1737,2023-04-02,12920000,Annual Raise
2064,1738,26-03-2020,13770000,Initial
2065,1738,27/10/2021,14410000,Adjustment
2066,1738,31/05/2023,15520000,Promotion
2067,1739,2021-07-22,20730000,Initial
2068,1739,27/03/2023,22680000,Adjustment
2069,1740,18-04-2021,41410000,Initial
2070,1740,24/02/2023,45200000,
2071,1741,2020-05-27,24530000,Initial
2072,1742,05/12/2017,21400000,Initial
2073,1742,12-09-2019,23160000,Adjustment
2074,1742,2021-06-19,25270000,Promotion
2075,1742,27/03/2023,27820000,Market Correction
2076,1743,2020-10-19,21690000,Initial
2077,1743,25/11/2022,23940000,Annual Raise
2078,1744,2022-05-29,21800000,Initial
2079,1745,2018-04-25,15490000,Initial
2080,1745,26-12-2019,17030000,Annual Raise
2081,1745,28-08-2021,18650000,Promotion
2082,1745,2023-05-01,19400000,Promotion
2083,1746,2021-07-16,34740000,Initial
2084,1746,2023-04-09,38200000,Market Correction
2085,1747,2023-02-23,93770000,Initial
2086,1748,2022-07-14,19680000,Initial
2087,1749,18/04/2018,35410000,
2088,1749,2019-12-21,38380000,Adjustment
2089,1749,2021-08-25,41260000,Promotion
2090,1749,29/04/2023,44430000,Annual Raise
2091,1750,16-08-2022,22460000,Initial
2092,1751,2017-07-03,14630000,Initial
2093,1751,2019-05-18,15720000,
2094,1751,2021-04-02,17300000,Adjustment
2095,1751,16-02-2023,18890000,Market Correction
2096,1752,03-03-2019,15170000,Initial
2097,1752,2021-02-10,15990000,
2098,1752,2023-01-21,17130000,Annual Raise
2099,1753,2020-04-11,28820000,Initial
2100,1753,2022-04-20,31870000,Promotion
2101,1754,18-04-2020,28310000,Initial
2102,1754,12/11/2021,30160000,Market Correction
2103,1754,08-06-2023,31890000,Market Correction
2104,1755,10/12/2020,14460000,Initial
2105,1755,2022-12-21,15400000,Annual Raise
2106,1756,16-07-2016,14020000,Initial
2107,1756,26-03-2018,15400000,Promotion
2108,1756,04-12-2019,17010000,Adjustment
2109,1756,13/08/2021,18570000,Promotion
2110,1756,23/04/2023,19490000,Market Correction
2111,1757,09-08-2016,56510000,Initial
2112,1757,14/04/2018,61640000,Adjustment
2113,1757,2019-12-18,67960000,Promotion
2114,1757,2021-08-23,71650000,Adjustment
2115,1757,2023-04-28,77420000,Annual Raise
2116,1758,20/06/2020,16210000,Initial
2117,1758,24/12/2021,16950000,Adjustment
2118,1758,29/06/2023,18750000,Adjustment
2119,1759,2015-01-20,10120000,Initial
2120,1759,16/09/2016,11320000,Promotion
2121,1759,15/05/2018,12290000,Market Correction
2122,1759,11/01/2020,13410000,Adjustment
2123,1759,2021-09-07,14050000,Annual Raise
2124,1759,06/05/2023,14900000,Market Correction
2125,1760,18-06-2021,37640000,Initial
2126,1760,26/03/2023,41720000,Adjustment
2127,1761,2016-06-14,58730000,Initial
2128,1761,28/02/2018,61400000,Adjustment
2129,1761,2019-11-15,67900000,Annual Raise
2130,1761,2021-07-31,73820000,Promotion
2131,1761,2023-04-17,80200000,Market Correction
2132,1762,09/05/2020,16730000,Initial
2133,1762,26-11-2021,17830000,Adjustment
2134,1762,15/06/2023,19180000,Promotion
2135,1763,27/02/2015,15370000,Initial
2136,1763,2016-10-18,17090000,Annual Raise
2137,1763,09-06-2018,18360000,
2138,1763,2020-01-30,19570000,Market Correction
2139,1763,20-09-2021,21720000,Market Correction
2140,1763,12/05/2023,24200000,Promotion
2141,1764,10-01-2022,37580000,Initial
2142,1765,02/07/2018,22120000,Initial
2143,1765,15-02-2020,24050000,Adjustment
2144,1765,01-10-2021,25820000,Adjustment
2145,1765,18/05/2023,27610000,Market Correction
2146,1766,2016-11-15,31510000,Initial
2147,1767,01-03-2023,22970000,Initial
2148,1768,04-11-2018,8560000,Initial
2149,1768,2020-05-19,9520000,Market Correction
2150,1768,2021-12-03,10300000,Promotion
2151,1768,18-06-2023,11400000,
2152,1769,06-11-2016,12420000,Initial
2153,1769,2018-06-24,13370000,Promotion
2154,1769,2020-02-10,14620000,Promotion
2155,1769,27-09-2021,15600000,Market Correction
2156,1769,16-05-2023,17310000,Annual Raise
2157,1770,26-02-2023,14360000,Initial
2158,1771,19/05/2016,33380000,Initial
2159,1771,2018-02-07,36090000,Market Correction
2160,1771,30/10/2019,38860000,Market Correction
2161,1771,21/07/2021,42320000,Market Correction
2162,1771,2023-04-12,47150000,Market Correction
2163,1772,2024-10-30,10990000,Initial
2164,1773,2022-06-04,27440000,Initial
2165,1774,25-12-2019,14480000,Initial
2166,1774,2021-08-27,16030000,Adjustment
2167,1774,30-04-2023,17220000,
2168,1775,21-04-2017,16490000,Initial
2169,1775,2018-11-04,17720000,Promotion
2170,1775,19-05-2020,19240000,Adjustment
2171,1775,03-12-2021,20650000,Adjustment
2172,1775,18/06/2023,21640000,Market Correction
2173,1776,2022-06-03,13570000,Initial
2174,1777,12-09-2019,11080000,Initial
2175,1777,19/06/2021,11660000,Promotion
2176,1777,27/03/2023,12280000,Promotion
2177,1778,03-03-2018,27510000,Initial
2178,1778,2019-11-17,28930000,Annual Raise
2179,1778,2021-08-02,30150000,Adjustment
2180,1778,18-04-2023,31620000,Promotion
2181,1779,22-09-2023,21610000,Initial
2182,1780,21/11/2022,16590000,Initial
2183,1781,2017-04-30,12280000,Initial
2184,1781,11-11-2018,13010000,
2185,1781,2020-05-25,14350000,Promotion
2186,1781,06/12/2021,15590000,Promotion
2187,1781,20-06-2023,16780000,Market Correction
2188,1782,22-02-2015,31810000,Initial
2189,1782,14/10/2016,34940000,Promotion
2190,1782,06-06-2018,36950000,Annual Raise
2191,1782,2020-01-27,40860000,Market Correction
2192,1782,18-09-2021,42920000,Market Correction
2193,1782,2023-05-11,45700000,Market Correction
2194,1783,2016-09-02,26070000,Initial
2195,1783,03/05/2018,27440000,
2196,1783,2020-01-02,28640000,Market Correction
2197,1783,2021-09-01,31860000,Market Correction
2198,1783,03-05-2023,35630000,Promotion
2199,1784,14-11-2017,21500000,Initial
2200,1784,2019-08-27,23470000,Promotion
2201,1784,08/06/2021,24810000,Adjustment
2202,1784,2023-03-21,26340000,Market Correction
2203,1785,17/12/2017,60660000,Initial
2204,1785,21-09-2019,67100000,Promotion
2205,1785,25-06-2021,70810000,Promotion
2206,1785,30-03-2023,76720000,Promotion
2207,1786,2024-07-22,32330000,Initial
2208,1787,2016-01-25,22570000,Initial
2209,1787,2017-11-07,24690000,Adjustment
2210,1787,22/08/2019,25990000,Market Correction
2211,1787,05-06-2021,28350000,Market Correction
2212,1787,20-03-2023,30710000,Market Correction
2213,1788,10-06-2022,35020000,Initial
2214,1789,21/12/2021,14910000,Initial
2215,1789,27/06/2023,15600000,Market Correction
2216,1790,19-01-2017,35960000,Initial
2217,1790,17-09-2018,39040000,Market Correction
2218,1790,15/05/2020,42970000,Promotion
2219,1791,26-09-2022,15710000,Initial
2220,1792,08-04-2016,32900000,Initial
2221,1792,30-12-2017,35090000,Adjustment
2222,1792,22/09/2019,36660000,Market Correction
2223,1792,2021-06-14,38450000,Annual Raise
2224,1792,2023-03-07,40430000,Adjustment
2225,1793,29/02/2016,50940000,
2226,1793,05/12/2017,53260000,Annual Raise
2227,1793,12-09-2019,59340000,Promotion
2228,1793,19/06/2021,62340000,Adjustment
2229,1793,2023-03-27,65930000,Promotion
2230,1794,12/01/2017,50410000,Initial
2231,1794,17-08-2018,54310000,Annual Raise
2232,1794,2020-03-21,58920000,Adjustment
2233,1794,2021-10-24,65530000,Promotion
2234,1794,29/05/2023,73050000,Annual Raise
2235,1795,2020-06-01,28130000,Initial
2236,1795,11/12/2021,29360000,Adjustment
2237,1795,22-06-2023,31590000,Promotion
2238,1796,08/07/2015,34940000,Initial
2239,1796,30-01-2017,36440000,Promotion
2240,1796,25/08/2018,40640000,Annual Raise
2241,1796,20/03/2020,44260000,Promotion
2242,1796,2021-10-13,48670000,Promotion
2243,1797,06-07-2022,19840000,Initial
2244,1798,2019-11-08,39620000,Initial
2245,1798,2021-07-27,42300000,Market Correction
2246,1798,15-04-2023,44760000,Annual Raise
2247,1799,2016-08-31,11010000,Initial
2248,1799,02-05-2018,11730000,Annual Raise
2249,1799,2020-01-01,12880000,Annual Raise
2250,1799,01-09-2021,14130000,
2251,1799,2023-05-03,15650000,Adjustment
2252,1800,17/02/2015,11450000,Initial
2253,1800,10/10/2016,12550000,Adjustment
2254,1800,03/06/2018,13810000,Annual Raise
2255,1800,25-01-2020,15180000,Market Correction
2256,1800,17-09-2021,16050000,Market Correction
2257,1800,11-05-2023,17330000,Promotion
2258,1801,21-07-2024,42750000,Initial
2259,1802,2018-08-06,12590000,Initial
2260,1802,13/03/2020,13460000,Annual Raise
2261,1802,19-10-2021,14680000,Adjustment
2262,1802,27-05-2023,16000000,Promotion
2263,1803,04-03-2021,34190000,Initial
2264,1803,01-02-2023,38140000,Annual Raise
2265,1804,2020-02-24,25510000,Initial
2266,1804,07/10/2021,27700000,Adjustment
2267,1804,2023-05-21,28930000,Annual Raise
2268,1805,06/01/2020,33400000,Initial
2269,1805,04/09/2021,36220000,Promotion
2270,1805,2023-05-04,38720000,Adjustment
2271,1806,2016-02-25,23370000,
2272,1806,02-12-2017,24830000,Annual Raise
2273,1806,10-09-2019,26470000,Annual Raise
2274,1806,2021-06-17,29090000,Promotion
2275,1806,26-03-2023,32240000,Market Correction
2276,1807,2024-04-05,17120000,Initial
2277,1808,2022-05-05,34530000,Initial
2278,1809,2024-02-27,25510000,Initial
2279,1810,14-01-2023,21950000,Initial
2280,1811,2023-07-08,26010000,Initial
2281,1812,2021-02-21,7340000,Initial
2282,1812,27-01-2023,8210000,Adjustment
2283,1813,2020-07-09,14080000,Initial
2284,1814,2017-02-07,29050000,Initial
2285,1814,2018-09-26,30660000,Promotion
2286,1814,14/05/2020,34030000,Market Correction
2287,1815,2023-01-14,28700000,Initial
2288,1816,2023-08-29,13550000,Initial
2289,1817,05/08/2020,5870000,Initial
2290,1818,13-09-2020,12240000,Initial
2291,1818,07-11-2022,12980000,Promotion
2292,1819,12/03/2023,16410000,Initial
2293,1820,2020-08-26,25250000,Initial
2294,1820,29/10/2022,27780000,Annual Raise
2295,1821,25-01-2018,25040000,Initial
2296,1821,20-10-2019,28030000,Market Correction
2297,1821,2021-07-14,30540000,Adjustment
2298,1821,08-04-2023,33050000,Market Correction
2299,1822,2024-01-10,14730000,Initial
2300,1823,2024-06-15,18040000,Initial
2301,1824,2017-04-02,22040000,Initial
2302,1824,20/10/2018,24070000,Adjustment
2303,1824,08/05/2020,25240000,Promotion
2304,1824,2021-11-25,26830000,Promotion
2305,1824,14/06/2023,28160000,Adjustment
2306,1825,17/07/2022,33930000,Initial
2307,1826,19-12-2022,24570000,Initial
2308,1827,2022-07-24,20540000,Initial
2309,1828,24-01-2024,26940000,Initial
2310,1829,08/07/2022,27770000,Initial
2311,1830,2016-08-22,56450000,Initial
2312,1830,24/04/2018,63010000,Annual Raise
2313,1830,26/12/2019,68300000,Adjustment
2314,1830,2021-08-28,72460000,Promotion
2315,1830,01-05-2023,81030000,Annual Raise
2316,1831,14/06/2023,40990000,Initial
2317,1832,28-11-2021,20580000,Initial
2318,1832,16/06/2023,22320000,Promotion
2319,1833,2023-04-29,21280000,Initial
2320,1834,2022-10-09,25900000,Initial
2321,1835,2021-03-11,52130000,Initial
2322,1836,2024-04-22,19860000,Initial
2323,1837,20/06/2023,16250000,Initial
2324,1838,2018-04-19,17420000,Initial
2325,1838,22/12/2019,18340000,Promotion
2326,1838,2021-08-25,19230000,Adjustment
2327,1838,29/04/2023,20920000,Promotion
2328,1839,30-03-2023,29000000,Initial
2329,1840,29-03-2021,18490000,Initial
2330,1840,14-02-2023,19710000,Annual Raise
2331,1841,24/01/2015,16760000,Initial
2332,1841,2016-09-20,17680000,Market Correction
2333,1841,2018-05-18,19700000,Market Correction
2334,1841,13/01/2020,21850000,Market Correction
2335,1841,09-09-2021,23880000,Annual Raise
2336,1841,07-05-2023,25140000,Adjustment
2337,1842,21/09/2016,25470000,Initial
2338,1842,18/05/2018,27340000,
2339,1842,13/01/2020,29540000,Promotion
2340,1842,09/09/2021,32560000,Annual Raise
2341,1842,07-05-2023,36110000,Adjustment
2342,1843,02-07-2020,17540000,Initial
2343,1843,01/01/2022,19030000,Market Correction
2344,1843,03-07-2023,20220000,Promotion
2345,1844,22/11/2020,23320000,Initial
2346,1844,12/12/2022,25030000,Annual Raise
2347,1845,31-08-2019,16360000,Initial
2348,1845,2021-06-11,18070000,Annual Raise
2349,1845,2023-03-23,18830000,Market Correction
2350,1846,27-11-2024,19300000,Initial
2351,1847,13/06/2017,13160000,Initial
2352,1847,2018-12-16,14500000,Adjustment
2353,1847,20-06-2020,15910000,Promotion
2354,1847,2021-12-24,16610000,Annual Raise
2355,1847,29-06-2023,17330000,Market Correction
2356,1848,2016-04-14,14460000,Initial
2357,1848,10-01-2018,15560000,Market Correction
2358,1848,09-10-2019,17190000,Market Correction
2359,1848,2021-07-07,18380000,Annual Raise
2360,1848,05-04-2023,20190000,Market Correction
2361,1849,13-06-2015,21390000,Initial
2362,1849,2017-01-14,23400000,Adjustment
2363,1849,2018-08-19,24410000,Market Correction
2364,1849,2020-03-23,26940000,Promotion
2365,1849,25-10-2021,28750000,Adjustment
2366,1849,2023-05-30,30940000,Annual Raise
2367,1850,30-04-2019,12010000,
2368,1850,21/03/2021,13310000,Adjustment
2369,1850,10-02-2023,14470000,Promotion
2370,1851,07/10/2020,35940000,Initial
2371,1851,19-11-2022,39820000,Adjustment
2372,1852,22-04-2022,28970000,Initial
2373,1853,2016-11-16,17100000,Initial
2374,1853,2018-07-02,19130000,Market Correction
2375,1853,2020-02-16,20220000,Adjustment
2376,1853,01/10/2021,22440000,Annual Raise
2377,1853,2023-05-18,24170000,Promotion
2378,1854,13/05/2017,24230000,Initial
2379,1854,22/11/2018,26960000,Adjustment
2380,1854,2020-06-02,30100000,Promotion
2381,1854,12/12/2021,31400000,Annual Raise
2382,1854,23/06/2023,33490000,Promotion
2383,1855,15-05-2024,15410000,Initial
2384,1856,02/04/2022,11580000,Initial
2385,1857,2015-04-08,17880000,Initial
2386,1857,20/11/2016,18650000,Market Correction
2387,1857,06-07-2018,20630000,Adjustment
2388,1857,19-02-2020,21710000,Market Correction
2389,1857,03/10/2021,23130000,Annual Raise
2390,1857,19/05/2023,24100000,Annual Raise
2391,1858,11-08-2015,31130000,Initial
2392,1858,07-04-2017,32500000,Annual Raise
2393,1859,25-11-2017,23330000,Initial
2394,1859,2019-09-04,25610000,Market Correction
2395,1859,2021-06-14,27100000,Market Correction
2396,1859,2023-03-24,28920000,Market Correction
2397,1860,19-07-2018,30810000,Initial
2398,1861,24-06-2023,15230000,Initial
2399,1862,05-01-2019,29630000,
2400,1862,03-01-2021,31480000,Promotion
2401,1862,02/01/2023,34170000,Promotion
2402,1863,2021-10-20,26170000,Initial
2403,1864,25/04/2020,30200000,Initial
2404,1865,10-02-2022,31040000,Initial
2405,1866,15-02-2015,17700000,Initial
2406,1866,2016-10-08,18550000,Annual Raise
2407,1866,01-06-2018,19390000,Market Correction
2408,1866,2020-01-24,21070000,Adjustment
2409,1866,16/09/2021,22550000,Annual Raise
2410,1866,10/05/2023,24690000,Promotion
2411,1867,2015-01-21,21330000,Initial
2412,1867,17/09/2016,22650000,Market Correction
2413,1867,16/05/2018,24320000,Annual Raise
2414,1867,2020-01-11,26340000,
2415,1867,2021-09-08,27620000,
2416,1867,06-05-2023,30180000,Promotion
2417,1868,02/06/2018,21200000,Initial
2418,1868,04-08-2020,22770000,Adjustment
2419,1869,21/10/2016,14550000,Initial
2420,1869,2018-06-11,15700000,Annual Raise
2421,1869,2020-01-31,17530000,Promotion
2422,1869,21/09/2021,18900000,Market Correction
2423,1869,13/05/2023,20960000,Promotion
2424,1870,2016-04-14,20700000,Initial
2425,1870,10-01-2018,22610000,Promotion
2426,1870,09/10/2019,24280000,Market Correction
2427,1870,07-07-2021,27130000,Annual Raise
2428,1870,05-04-2023,29300000,
2429,1871,25/03/2022,40980000,Initial
2430,1872,2016-02-07,21000000,
2431,1872,2017-11-18,22620000,Adjustment
2432,1872,2019-08-30,24400000,Promotion
2433,1872,10/06/2021,26620000,Adjustment
2434,1872,2023-03-22,29520000,Adjustment
2435,1873,02-01-2019,16480000,Initial
2436,1873,2021-02-01,17430000,Adjustment
2437,1874,03/03/2017,10040000,Initial
2438,1874,26/09/2018,11220000,Market Correction
2439,1874,2020-04-20,11940000,Adjustment
2440,1874,13-11-2021,12570000,Annual Raise
2441,1874,08-06-2023,14050000,Adjustment
2442,1875,11-10-2022,32620000,Initial
2443,1876,21-10-2019,20210000,Initial
2444,1876,15/07/2021,21350000,Market Correction
2445,1876,09/04/2023,23130000,Market Correction
2446,1877,27-12-2022,43360000,
2447,1878,2016-07-04,30030000,Initial
2448,1878,2018-03-16,31770000,
2449,1878,27-11-2019,35570000,
2450,1878,08/08/2021,39710000,Market Correction
2451,1878,2023-04-21,43530000,Promotion
2452,1879,30/12/2019,18830000,Initial
2453,1879,30-08-2021,19670000,Promotion
2454,1879,02/05/2023,22010000,Adjustment
2455,1880,20-12-2016,7650000,Initial
2456,1880,2018-07-29,8510000,Annual Raise
2457,1880,07-03-2020,9420000,Annual Raise
2458,1880,2021-10-15,10040000,Market Correction
2459,1880,2023-05-25,10990000,Market Correction
2460,1881,2021-01-15,41670000,Initial
2461,1882,2024-07-11,32570000,Initial
2462,1883,17/08/2023,32150000,Initial
2463,1884,02/05/2022,49360000,Initial
2464,1885,2016-07-02,23090000,Initial
2465,1885,15/03/2018,25210000,Adjustment
2466,1885,26-11-2019,27730000,Annual Raise
2467,1885,2021-08-08,28880000,Annual Raise
2468,1885,21-04-2023,31990000,Market Correction
2469,1886,2020-08-18,35610000,Initial
2470,1887,02-01-2020,19850000,Initial
2471,1887,01/09/2021,21460000,Annual Raise
2472,1887,03/05/2023,22330000,Adjustment
2473,1888,2023-04-03,18050000,Initial
2474,1889,07/08/2017,21990000,Initial
2475,1889,22/02/2019,23730000,Annual Raise
2476,1889,2020-09-08,25460000,Market Correction
2477,1890,22-10-2020,19060000,Initial
2478,1890,27-11-2022,19940000,
2479,1891,2024-11-19,15770000,Initial
2480,1892,12-05-2024,32840000,Initial
2481,1893,23-03-2019,33370000,Initial
2482,1893,2021-02-23,35300000,Promotion
2483,1893,28/01/2023,36900000,Adjustment
2484,1894,17-10-2020,12610000,Initial
2485,1894,24/11/2022,13350000,Annual Raise
2486,1895,01-03-2024,14870000,Initial
2487,1896,17-08-2020,13390000,Initial
2488,1896,25-10-2022,14820000,Adjustment
2489,1897,2020-10-08,13180000,Initial
2490,1897,2022-11-20,14370000,Adjustment
2491,1898,23-01-2019,39750000,Initial
2492,1898,15/01/2021,42110000,Market Correction
2493,1898,08/01/2023,46700000,Promotion
2494,1899,05/02/2024,33890000,Initial
2495,1900,16-05-2020,52250000,Initial
2496,1900,30-11-2021,55570000,Adjustment
2497,1900,17-06-2023,60560000,Annual Raise
2498,1901,02-04-2015,12450000,Initial
2499,1901,15/11/2016,13100000,Annual Raise
2500,1901,02-07-2018,13970000,Adjustment
2501,1901,16-02-2020,14750000,Annual Raise
2502,1901,2021-10-01,16470000,Adjustment
2503,1901,18-05-2023,17790000,Adjustment
2504,1902,05/07/2016,8290000,Initial
2505,1902,2018-03-17,8760000,Annual Raise
2506,1902,27/11/2019,9360000,Annual Raise
2507,1902,2021-08-09,10270000,Adjustment
2508,1902,2023-04-21,11160000,Market Correction
2509,1903,18-08-2015,17010000,Initial
2510,1903,10-03-2017,17950000,Adjustment
2511,1903,02/10/2018,18910000,Adjustment
2512,1903,25/04/2020,19670000,Market Correction
2513,1903,16/11/2021,20640000,Adjustment
2514,1903,2023-06-10,21540000,Promotion
2515,1904,20/09/2021,24040000,Initial
2516,1904,2023-05-12,25430000,Annual Raise
2517,1905,18-12-2015,43000000,Initial
2518,1905,14-10-2017,47880000,Market Correction
2519,1905,11-08-2019,53010000,Annual Raise
2520,1905,07/06/2021,58580000,Market Correction
2521,1906,17-06-2017,19630000,Initial
2522,1906,20/12/2018,21800000,Market Correction
2523,1906,2020-06-23,22780000,Annual Raise
2524,1906,26-12-2021,24690000,Annual Raise
2525,1906,30-06-2023,26480000,Adjustment
2526,1907,27/12/2021,23110000,Initial
2527,1907,30-06-2023,24250000,Annual Raise
2528,1908,01/02/2020,26880000,Initial
2529,1908,2021-09-21,28710000,Promotion
2530,1908,13-05-2023,31890000,Annual Raise
2531,1909,25/06/2016,28720000,Initial
2532,1910,08/04/2024,9050000,Initial
2533,1911,2024-11-04,18650000,Initial
2534,1912,29/05/2020,18820000,Initial
2535,1912,09/12/2021,20910000,Adjustment
2536,1912,2023-06-21,21900000,Adjustment
2537,1913,2023-09-09,17750000,
2538,1914,23-10-2024,35170000,Initial
2539,1915,09-11-2023,38070000,Initial
2540,1916,09/10/2019,24890000,Initial
2541,1916,2021-07-07,26910000,Adjustment
2542,1916,2023-04-05,29740000,Annual Raise
2543,1917,06/03/2018,10430000,Initial
2544,1917,19/11/2019,11230000,Adjustment
2545,1917,2021-08-03,12120000,Annual Raise
2546,1917,2023-04-18,13050000,Promotion
2547,1918,23-01-2015,36520000,Initial
2548,1918,2016-09-19,39420000,Promotion
2549,1918,2018-05-17,41900000,Promotion
2550,1918,12-01-2020,45280000,Annual Raise
2551,1918,08/09/2021,50250000,Annual Raise
2552,1918,06/05/2023,55620000,Promotion
2553,1919,29-10-2020,14720000,Initial
2554,1919,28-11-2022,15520000,Market Correction
2555,1920,02/08/2019,8290000,Initial
2556,1920,22-05-2021,8770000,Market Correction
2557,1920,13-03-2023,9700000,Promotion
2558,1921,06-12-2017,22150000,Initial
2559,1921,12-09-2019,24570000,Annual Raise
2560,1921,19/06/2021,25950000,Promotion
2561,1921,2023-03-27,27370000,Adjustment
2562,1922,2022-08-19,44150000,Initial
2563,1923,02-01-2017,14040000,Initial
2564,1923,2018-08-09,15050000,Market Correction
2565,1923,15/03/2020,16080000,Adjustment
2566,1923,2021-10-20,17610000,
2567,1923,2023-05-27,19120000,Market Correction
2568,1924,2021-06-24,42880000,Initial
2569,1924,29/03/2023,45290000,Annual Raise
2570,1925,2024-08-03,15710000,Initial
2571,1926,13/10/2023,16820000,Initial
2572,1927,25-10-2023,16960000,Initial
2573,1928,2016-10-20,17850000,Initial
2574,1928,11-06-2018,18830000,Promotion
2575,1928,31-01-2020,19980000,Market Correction
2576,1928,21-09-2021,21700000,Adjustment
2577,1928,13-05-2023,23200000,Promotion
2578,1929,26-03-2024,12290000,Initial
2579,1930,27-06-2017,20720000,Initial
2580,1930,2018-12-28,21900000,Adjustment
2581,1930,29/06/2020,23760000,Annual Raise
2582,1930,30/12/2021,25430000,Market Correction
2583,1930,2023-07-02,26640000,Adjustment
2584,1931,30-06-2019,29530000,Initial
2585,1931,30/04/2021,30940000,Market Correction
2586,1931,02/03/2023,32260000,Promotion
2587,1932,04/09/2023,13980000,Initial
2588,1933,06-04-2017,27340000,Initial
2589,1933,23/10/2018,29460000,Promotion
2590,1933,10/05/2020,32230000,
2591,1933,27-11-2021,36020000,Adjustment
2592,1933,15/06/2023,38410000,Market Correction
2593,1934,2023-10-17,33560000,Initial
2594,1935,2022-07-23,29520000,Initial
2595,1936,22/12/2015,10510000,Initial
2596,1936,23/06/2017,11280000,Promotion
2597,1936,25/12/2018,12130000,Promotion
2598,1936,2020-06-27,13520000,Annual Raise
2599,1936,28-12-2021,14750000,Promotion
2600,1936,01/07/2023,15730000,Market Correction
2601,1937,2019-07-19,28730000,Initial
2602,1937,13-05-2021,29990000,Adjustment
2603,1937,08-03-2023,32630000,Adjustment
2604,1938,05-01-2016,16850000,Initial
2605,1938,22/10/2017,18370000,Annual Raise
2606,1938,10/08/2019,20080000,Annual Raise
2607,1938,2021-05-28,21580000,Market Correction
2608,1938,16/03/2023,23790000,Market Correction
2609,1939,24/11/2018,34620000,Initial
2610,1939,03-06-2020,36170000,Annual Raise
2611,1939,13-12-2021,40430000,Market Correction
2612,1939,23-06-2023,44270000,Annual Raise
2613,1940,06-02-2020,18410000,
2614,1940,25/09/2021,19630000,Promotion
2615,1940,15/05/2023,21850000,Annual Raise
2616,1941,2019-07-26,29850000,Initial
2617,1941,18/05/2021,31100000,Annual Raise
2618,1941,11/03/2023,32850000,Annual Raise
2619,1942,24-10-2018,17760000,Initial
2620,1942,11/05/2020,18800000,Adjustment
2621,1942,27-11-2021,20510000,Promotion
2622,1942,2023-06-15,22720000,Annual Raise
2623,1943,2022-10-14,49670000,Initial
2624,1944,2023-06-30,27650000,Initial
2625,1945,2020-05-28,22380000,Initial
2626,1946,2022-08-04,20560000,Initial
2627,1947,2020-10-16,18220000,Initial
2628,1947,24/11/2022,19440000,Annual Raise
2629,1948,22-03-2018,6900000,Initial
2630,1948,20-05-2020,7700000,Promotion
2631,1949,05/05/2020,34330000,Initial
2632,1949,23/11/2021,38220000,Promotion
2633,1949,2023-06-13,40870000,Market Correction
2634,1950,18/01/2017,32220000,Initial
2635,1950,2018-08-22,34450000,
2636,1950,2020-03-25,35860000,Annual Raise
2637,1950,2021-10-27,39180000,Annual Raise
2638,1950,31/05/2023,42690000,Adjustment
2639,1951,05-08-2020,19220000,Initial
2640,1951,19-10-2022,20910000,Adjustment
2641,1952,26-04-2017,17560000,Initial
2642,1952,08/11/2018,18360000,Adjustment
2643,1952,2020-05-22,19610000,Annual Raise
2644,1952,05-12-2021,21310000,Adjustment
2645,1952,2023-06-19,22510000,Promotion
2646,1953,2016-09-30,14880000,Initial
2647,1953,26-05-2018,15910000,Market Correction
2648,1953,19/01/2020,17040000,Promotion
2649,1953,13/09/2021,18590000,Promotion
2650,1953,09-05-2023,20410000,Annual Raise
2651,1954,19/11/2021,7270000,Initial
2652,1955,2019-03-01,19510000,Initial
2653,1955,09/02/2021,20880000,Annual Raise
2654,1955,2023-01-21,22830000,Market Correction
2655,1956,03-07-2020,10430000,Initial
2656,1956,2022-10-02,11430000,Annual Raise
2657,1957,2023-05-31,23420000,Initial
2658,1958,2020-05-13,20280000,Initial
2659,1958,28/11/2021,21760000,Adjustment
2660,1958,16-06-2023,23890000,Market Correction
2661,1959,25/08/2024,26610000,Initial
2662,1960,2022-10-31,16220000,Initial
2663,1961,2022-07-24,31410000,Initial
2664,1962,2021-11-14,20710000,Initial
2665,1962,2023-06-09,22150000,Promotion
2666,1963,08-01-2018,22310000,Initial
2667,1963,07/10/2019,23940000,Promotion
2668,1963,2021-07-06,26090000,Annual Raise
2669,1963,04-04-2023,28320000,Adjustment
2670,1964,04/08/2020,30390000,Initial
2671,1964,2022-10-18,33740000,Promotion
2672,1965,2019-02-04,30520000,Initial
2673,1965,2021-01-23,33880000,Market Correction
2674,1965,2023-01-12,36500000,Annual Raise
2675,1966,16/06/2021,23310000,Initial
2676,1966,25-03-2023,24650000,Market Correction
2677,1967,2021-03-24,61640000,Initial
2678,1967,2023-02-11,64430000,Market Correction
2679,1968,21-04-2020,5840000,Initial
2680,1968,14/11/2021,6430000,Adjustment
2681,1968,09-06-2023,6860000,Adjustment
2682,1969,2024-07-11,28750000,Initial
2683,1970,13/05/2018,24340000,Initial
2684,1970,2020-01-09,25860000,Adjustment
2685,1970,06/09/2021,28880000,Adjustment
2686,1970,05/05/2023,30690000,
2687,1971,2022-09-29,21000000,Initial
2688,1972,29/05/2024,45950000,Initial
2689,1973,18/01/2019,20100000,Initial
2690,1973,2021-01-12,21890000,Annual Raise
2691,1973,2023-01-07,24210000,Promotion
2692,1974,10-11-2018,14050000,Initial
2693,1975,20-06-2021,24310000,
2694,1975,27/03/2023,25680000,Promotion
2695,1976,2018-12-25,14630000,Initial
2696,1976,2020-06-26,15300000,Annual Raise
2697,1976,2021-12-28,16540000,Market Correction
2698,1976,2023-07-01,18380000,Annual Raise
2699,1977,18-11-2015,23560000,Initial
2700,1977,2017-05-26,25850000,Adjustment
2701,1977,2018-12-02,27690000,Market Correction
2702,1977,10-06-2020,29200000,Annual Raise
2703,1977,17/12/2021,32040000,Adjustment
2704,1977,2023-06-25,35340000,Promotion
2705,1978,26/09/2024,32720000,Initial
2706,1979,09-07-2024,8960000,Initial
2707,1980,08/07/2018,11440000,Initial
2708,1980,20/02/2020,12440000,Adjustment
2709,1980,04-10-2021,13720000,Market Correction
2710,1980,19/05/2023,14330000,Market Correction
2711,1981,16-01-2018,20640000,
2712,1981,13/10/2019,22900000,Market Correction
2713,1981,10-07-2021,25050000,Market Correction
2714,1981,06-04-2023,27340000,Promotion
2715,1982,2019-08-23,29100000,Initial
2716,1982,05/06/2021,30560000,Market Correction
2717,1982,20-03-2023,32350000,Promotion
2718,1983,04-06-2022,31580000,Initial
2719,1984,2017-05-12,28010000,Initial
2720,1985,2021-02-24,42200000,Initial
2721,1986,2016-03-01,17050000,
2722,1986,06-12-2017,19060000,Promotion
2723,1986,2019-09-13,20970000,Adjustment
2724,1986,19/06/2021,22350000,Market Correction
2725,1986,27-03-2023,23970000,Annual Raise
2726,1987,21/06/2018,31830000,Initial
2727,1987,07-02-2020,34030000,Adjustment
2728,1987,26-09-2021,37830000,Promotion
2729,1987,15/05/2023,42300000,Annual Raise
2730,1988,21-06-2016,16690000,Initial
2731,1988,06-03-2018,18120000,Promotion
2732,1988,19/11/2019,18990000,Market Correction
2733,1988,03-08-2021,20140000,Annual Raise
2734,1988,18/04/2023,21810000,Adjustment
2735,1989,2024-08-25,16920000,Initial
2736,1990,24/02/2021,5790000,Initial
2737,1990,2023-01-28,6140000,Annual Raise
2738,1991,2022-01-28,29670000,
2739,1992,2018-11-23,23560000,Initial
2740,1992,2020-06-02,24870000,Promotion
2741,1992,12/12/2021,27430000,Adjustment
2742,1992,23/06/2023,28660000,Market Correction
2743,1993,15/06/2018,12690000,Initial
2744,1993,03/02/2020,13340000,Market Correction
2745,1993,23-09-2021,14380000,Annual Raise
2746,1993,14-05-2023,15170000,Promotion
2747,1994,01-01-2015,19380000,Initial
2748,1994,31-08-2016,20800000,Market Correction
2749,1994,2018-05-02,22990000,Market Correction
2750,1994,01/01/2020,25570000,Annual Raise
2751,1994,2021-09-01,28430000,Adjustment
2752,1994,03/05/2023,29730000,Annual Raise
2753,1995,31/12/2020,12630000,Initial
2754,1995,16/08/2022,13440000,
2755,1996,2023-12-13,47800000,Initial
2756,1997,14-08-2019,37980000,Initial
2757,1997,2021-05-30,41180000,Promotion
2758,1997,17-03-2023,44870000,Annual Raise
2759,1998,07/01/2023,21380000,Initial
2760,1999,13/12/2017,17200000,Initial
2761,1999,16-07-2019,18310000,Market Correction
2762,2000,12/03/2018,14250000,Initial
2763,2000,23/11/2019,15820000,Market Correction
2764,2000,2021-08-06,17360000,Promotion
2765,2000,20-04-2023,18460000,Market Correction
2766,2001,2017-02-09,16660000,Initial
2767,2001,08/09/2018,18620000,Annual Raise
2768,2001,07/04/2020,19990000,Adjustment
2769,2001,04-11-2021,21630000,Annual Raise
2770,2001,04-06-2023,22870000,Promotion
2771,2002,21-02-2022,93680000,Initial
2772,2003,08/02/2017,30110000,Initial
2773,2003,07/09/2018,33490000,Annual Raise
2774,2003,06/04/2020,35150000,Market Correction
2775,2003,04/11/2021,36710000,Adjustment
2776,2003,2023-06-04,39030000,Annual Raise
2777,2004,31/01/2017,21300000,Initial
2778,2004,01/09/2018,23280000,Annual Raise
2779,2004,2020-04-01,25450000,Annual Raise
2780,2004,01-11-2021,28330000,Promotion
2781,2004,02/06/2023,29760000,Annual Raise
2782,2005,26/02/2023,19160000,Initial
2783,2006,01-11-2018,20790000,Initial
2784,2006,17-05-2020,22550000,Annual Raise
2785,2006,01-12-2021,25190000,Promotion
2786,2006,17/06/2023,26710000,Annual Raise
2787,2007,25/10/2022,14850000,
2788,2008,18/08/2015,14510000,Initial
2789,2008,2017-03-10,16020000,Promotion
2790,2008,02/10/2018,17680000,
2791,2008,25-04-2020,19120000,Promotion
2792,2008,2021-11-16,21400000,Adjustment
2793,2008,2023-06-10,23300000,Promotion
2794,2009,2017-01-13,19370000,Initial
2795,2009,18-08-2018,21670000,Annual Raise
2796,2009,22-03-2020,23100000,Adjustment
2797,2009,25-10-2021,24300000,Adjustment
2798,2009,2023-05-30,26830000,Promotion
2799,2010,14/05/2016,20520000,Initial
2800,2010,2018-02-03,21930000,Promotion
2801,2010,27/10/2019,23300000,Market Correction
2802,2010,19-07-2021,24380000,Adjustment
2803,2010,2023-04-11,25410000,Market Correction
2804,2011,2017-10-09,18380000,Initial
2805,2011,31-07-2019,20130000,Adjustment
2806,2011,21-05-2021,22460000,Promotion
2807,2011,2023-03-12,24890000,Annual Raise
2808,2012,04/11/2020,43540000,Initial
2809,2012,03-12-2022,46880000,Promotion
2810,2013,2018-08-16,43010000,Initial
2811,2014,2017-11-03,11410000,Initial
2812,2014,19-08-2019,12370000,
2813,2014,03-06-2021,13080000,Annual Raise
2814,2014,2023-03-19,13960000,Annual Raise
2815,2015,07-09-2024,16320000,Initial
2816,2016,2018-08-22,18580000,Initial
2817,2016,07-06-2020,19460000,Market Correction
2818,2017,06/02/2015,25660000,Initial
2819,2017,2016-09-30,28320000,Annual Raise
2820,2017,2018-05-26,31140000,Promotion
2821,2017,19/01/2020,33590000,Market Correction
2822,2017,2021-09-13,35110000,Adjustment
2823,2017,2023-05-09,36560000,
2824,2018,20/09/2022,20060000,Initial
2825,2019,07-10-2016,17970000,Initial
2826,2019,2018-05-31,19510000,Adjustment
2827,2019,23/01/2020,21110000,Adjustment
2828,2019,15-09-2021,22920000,Adjustment
2829,2019,2023-05-10,24180000,Adjustment
2830,2020,02/09/2015,8390000,Initial
2831,2020,23/03/2017,8790000,Promotion
2832,2020,2018-10-12,9250000,Annual Raise
2833,2020,02/05/2020,10290000,Adjustment
2834,2020,2021-11-21,10960000,Adjustment
2835,2020,12/06/2023,12000000,Adjustment
2836,2021,2016-05-30,17680000,Initial
2837,2021,16/02/2018,18720000,Adjustment
2838,2021,06-11-2019,19810000,Adjustment
2839,2021,25-07-2021,21600000,Promotion
2840,2021,14-04-2023,23890000,Annual Raise
2841,2022,13-01-2024,23620000,Initial
2842,2023,07/01/2019,19210000,Initial
2843,2023,2021-01-04,20180000,Annual Raise
2844,2023,2023-01-03,21120000,Annual Raise
2845,2024,04/12/2022,20470000,Initial
2846,2025,2017-02-16,29810000,Initial
2847,2025,2018-09-14,31300000,Annual Raise
2848,2025,11-04-2020,34220000,Market Correction
2849,2025,07/11/2021,38270000,Adjustment
2850,2025,05-06-2023,40360000,Adjustment
2851,2026,2018-02-01,38800000,Initial
2852,2026,2019-10-25,42200000,Promotion
2853,2026,18-07-2021,46730000,Adjustment
2854,2026,2023-04-10,50380000,Adjustment
2855,2027,10-10-2015,16930000,Initial
2856,2027,23-04-2017,17830000,Adjustment
2857,2027,2018-11-06,19150000,Market Correction
2858,2027,2020-05-21,20270000,Market Correction
2859,2027,2021-12-04,22340000,Promotion
2860,2027,2023-06-19,24060000,Promotion
2861,2028,27-01-2021,21640000,Initial
2862,2028,14-01-2023,23110000,Adjustment
2863,2029,2023-03-25,15560000,Initial
2864,2030,14-09-2023,7460000,Initial
2865,2031,16/02/2017,22620000,Initial
2866,2031,14-09-2018,23920000,Promotion
2867,2031,11-04-2020,25880000,Annual Raise
2868,2031,07-11-2021,28570000,
2869,2031,05/06/2023,31530000,
2870,2032,2021-11-16,17750000,Initial
2871,2032,10/06/2023,19090000,Annual Raise
2872,2033,30-01-2016,46440000,Initial
2873,2033,11-11-2017,51440000,Adjustment
2874,2033,2019-08-25,57530000,Market Correction
2875,2033,07/06/2021,60140000,Market Correction
2876,2033,2023-03-21,66620000,Annual Raise
2877,2034,01/01/2017,19100000,Initial
2878,2034,08/08/2018,20550000,Promotion
2879,2034,14-03-2020,22900000,Market Correction
2880,2034,20-10-2021,24380000,Annual Raise
2881,2034,27-05-2023,26820000,Market Correction
2882,2035,09/02/2016,11330000,Initial
2883,2035,23/08/2017,12550000,Promotion
2884,2035,08-03-2019,13540000,Adjustment
2885,2035,19-09-2020,14570000,Market Correction
2886,2035,04-04-2022,15220000,Annual Raise
2887,2036,21-07-2015,7900000,Initial
2888,2036,15-02-2017,8780000,Market Correction
2889,2036,13-09-2018,9660000,Annual Raise
2890,2036,11-04-2020,10220000,Adjustment
2891,2036,07-11-2021,10920000,Market Correction
2892,2036,05-06-2023,12050000,Promotion
2893,2037,2017-05-04,34160000,Initial
2894,2037,14-11-2018,36370000,Market Correction
2895,2037,2020-05-27,40160000,Market Correction
2896,2037,08-12-2021,44500000,Annual Raise
2897,2037,21/06/2023,48220000,Promotion
2898,2038,18-01-2019,19450000,Initial
2899,2038,2021-01-12,21550000,Promotion
2900,2038,07/01/2023,22520000,Adjustment
2901,2039,27/03/2024,32660000,Initial
2902,2040,10/05/2024,26990000,Initial
2903,2041,2016-02-19,12370000,Initial
2904,2041,2017-11-27,13120000,Annual Raise
2905,2041,06-09-2019,14380000,Adjustment
2906,2041,2021-06-15,15180000,Adjustment
2907,2041,25/03/2023,16140000,Annual Raise
2908,2042,2020-11-25,16040000,Initial
2909,2042,2022-12-14,17580000,Annual Raise
2910,2043,06/04/2021,27900000,Initial
2911,2043,18-02-2023,30870000,Adjustment
2912,2044,2022-07-25,22060000,Initial
2913,2045,2016-11-14,11790000,Initial
2914,2045,01/07/2018,12790000,Promotion
2915,2045,15-02-2020,13490000,Annual Raise
2916,2045,01-10-2021,14810000,Annual Raise
2917,2045,18-05-2023,15780000,Market Correction
2918,2046,17-05-2022,19530000,Initial
2919,2047,14/07/2018,25760000,Initial
2920,2047,24/02/2020,27550000,Promotion
2921,2047,07-10-2021,29560000,Annual Raise
2922,2047,21/05/2023,32530000,Market Correction
2923,2048,2023-07-28,13170000,Initial
2924,2049,2021-04-25,11930000,Initial
2925,2049,27-02-2023,12930000,Market Correction
2926,2050,14-01-2019,20730000,Initial
2927,2050,2021-01-09,21950000,Annual Raise
2928,2050,05-01-2023,23540000,Adjustment
2929,2051,22/02/2023,14270000,Initial
2930,2052,2018-05-21,9240000,Initial
2931,2053,27/08/2023,30200000,Initial
2932,2054,22/01/2016,22510000,Initial
2933,2054,19-04-2018,24030000,Market Correction
2934,2055,12-07-2021,48410000,Initial
2935,2055,07-04-2023,50860000,
2936,2056,25/05/2021,11630000,Initial
2937,2056,14-03-2023,12830000,Adjustment
2938,2057,2023-11-22,7630000,Initial
2939,2058,04-09-2021,22630000,Initial
2940,2058,04-05-2023,25250000,
2941,2059,2015-11-18,11530000,Initial
2942,2059,26-05-2017,12570000,Annual Raise
2943,2059,02/12/2018,13770000,Adjustment
2944,2059,2020-06-10,15020000,Promotion
2945,2059,2021-12-17,16070000,Promotion
2946,2059,25-06-2023,17720000,Adjustment
2947,2060,03/09/2019,24060000,Initial
2948,2060,2021-06-13,26600000,Adjustment
2949,2060,2023-03-24,28160000,Annual Raise
2950,2061,21-05-2023,12620000,Initial
2951,2062,10/08/2015,30980000,Initial
2952,2062,2017-03-04,33560000,Promotion
2953,2062,27-09-2018,37300000,Promotion
2954,2062,2020-04-21,39800000,Adjustment
2955,2062,2021-11-14,41780000,Adjustment
2956,2062,09-06-2023,46440000,Market Correction
2957,2063,31-08-2018,9860000,
2958,2063,31/03/2020,10570000,Adjustment
2959,2063,31/10/2021,11520000,Annual Raise
2960,2063,2023-06-02,12870000,Market Correction
2961,2064,2019-12-31,16020000,Initial
2962,2064,31-08-2021,17020000,Adjustment
2963,2064,2023-05-02,18510000,Adjustment
2964,2065,05-11-2019,15300000,Initial
2965,2065,25-07-2021,16160000,Promotion
2966,2065,2023-04-14,17230000,Annual Raise
2967,2066,05-12-2015,28970000,Initial
2968,2066,09/06/2017,30700000,Adjustment
2969,2066,14/12/2018,33760000,Market Correction
2970,2066,18-06-2020,37250000,Annual Raise
2971,2066,23-12-2021,39580000,Adjustment
2972,2066,28/06/2023,42750000,Market Correction
2973,2067,11/12/2017,24870000,Initial
2974,2067,16-09-2019,26820000,Annual Raise
2975,2067,22/06/2021,28640000,Annual Raise
2976,2067,28/03/2023,30890000,Market Correction
2977,2068,19-07-2023,10870000,Initial
2978,2069,2021-04-17,14790000,Initial
2979,2069,23-02-2023,16210000,Market Correction
2980,2070,2015-10-21,16050000,Initial
2981,2070,2017-05-03,17470000,Adjustment
2982,2070,14-11-2018,18550000,Market Correction
2983,2070,2020-05-27,19720000,Promotion
2984,2070,2021-12-08,21250000,Market Correction
2985,2070,2023-06-21,22470000,Adjustment
2986,2071,05-04-2016,44450000,Initial
2987,2071,03/01/2018,49320000,Market Correction
2988,2071,04/10/2019,53770000,Annual Raise
2989,2071,2021-07-03,56700000,Promotion
2990,2071,2023-04-03,59110000,Promotion
2991,2072,2018-08-06,11450000,Initial
2992,2072,13-03-2020,12750000,Adjustment
2993,2072,19-10-2021,14060000,Market Correction
2994,2072,2023-05-27,15200000,Adjustment
2995,2073,2016-11-24,12880000,Initial
2996,2073,09-07-2018,14190000,Market Correction
2997,2073,2020-02-21,15170000,Market Correction
2998,2073,05/10/2021,16340000,Annual Raise
2999,2073,20-05-2023,17880000,Adjustment
3000,2074,27-12-2021,22000000,Initial
3001,2075,30-09-2016,25330000,Initial
3002,2075,2018-05-26,27520000,
3003,2075,19/01/2020,28970000,Annual Raise
3004,2075,13-09-2021,30750000,Promotion
3005,2075,09/05/2023,32360000,Promotion
3006,2076,22/09/2017,14030000,Initial
3007,2076,2019-07-18,14670000,Market Correction
3008,2076,13/05/2021,15680000,Market Correction
3009,2076,2023-03-08,17390000,Annual Raise
3010,2077,26/02/2015,4130000,Initial
3011,2077,2016-10-17,4380000,Adjustment
3012,2077,2018-06-09,4770000,Promotion
3013,2077,29-01-2020,5160000,Annual Raise
3014,2077,2021-09-20,5740000,Annual Raise
3015,2077,12/05/2023,6090000,Promotion
3016,2078,04/04/2015,22250000,Initial
3017,2078,17-11-2016,24780000,Promotion
3018,2078,03-07-2018,27570000,Annual Raise
3019,2078,17-02-2020,29660000,Adjustment
3020,2078,2021-10-02,32280000,Market Correction
3021,2078,18-05-2023,34730000,Market Correction
3022,2079,16/02/2021,27170000,Initial
3023,2079,24-01-2023,30290000,Promotion
3024,2080,2022-10-18,15620000,Initial
3025,2081,12-11-2017,19840000,Initial
3026,2081,25-08-2019,21170000,Promotion
3027,2081,2021-06-07,23070000,Promotion
3028,2081,2023-03-21,24290000,Promotion
3029,2082,06/08/2015,11360000,Initial
3030,2082,28-02-2017,12310000,Market Correction
3031,2082,24/09/2018,13310000,Promotion
3032,2082,2020-04-19,13880000,Promotion
3033,2082,12-11-2021,15300000,Promotion
3034,2082,2023-06-08,16620000,Market Correction
3035,2083,08/06/2022,14960000,Initial
3036,2084,20/03/2015,41460000,Initial
3037,2084,04-11-2016,45880000,Adjustment
3038,2084,23/06/2018,48580000,Adjustment
3039,2084,2020-02-09,50880000,
3040,2084,27/09/2021,53880000,Promotion
3041,2084,16-05-2023,57700000,Promotion
3042,2085,13-09-2020,24510000,Initial
3043,2085,2022-11-07,26310000,Adjustment
3044,2086,20/09/2024,20680000,Initial
3045,2087,15/04/2021,26540000,Initial
3046,2087,22/02/2023,29300000,Promotion
3047,2088,28-09-2018,11490000,Initial
3048,2088,21/04/2020,12640000,Promotion
3049,2088,2021-11-14,13860000,Market Correction
3050,2088,2023-06-09,15330000,Market Correction
3051,2089,2022-09-03,22290000,Initial
3052,2090,2024-02-08,20270000,Initial
3053,2091,23-03-2021,10930000,Initial
3054,2091,2023-02-11,11800000,Market Correction
3055,2092,14/05/2022,46540000,Initial
3056,2093,06-09-2019,22190000,Initial
3057,2093,2021-06-15,23170000,Promotion
3058,2093,2023-03-25,25320000,Adjustment
3059,2094,15-10-2021,18680000,Initial
3060,2094,2023-05-25,20150000,Promotion
3061,2095,2021-07-07,70540000,Initial
3062,2095,2023-04-05,76680000,Market Correction
3063,2096,2022-09-21,14600000,Initial
3064,2097,2023-08-21,20620000,Initial
3065,2098,24-01-2017,18630000,Initial
3066,2098,26/08/2018,20770000,Market Correction
3067,2098,28-03-2020,22410000,Promotion
3068,2098,29-10-2021,24590000,Promotion
3069,2098,01-06-2023,26450000,Promotion
3070,2099,14-11-2024,29270000,Initial
3071,2100,14-09-2016,12190000,Initial
3072,2100,13-05-2018,12680000,Adjustment
3073,2100,2020-01-09,13920000,Promotion
3074,2100,2021-09-06,14720000,Annual Raise
3075,2100,05/05/2023,16260000,Promotion
3076,2101,20/07/2023,54900000,Initial
3077,2102,2021-09-08,35550000,Initial
3078,2102,06/05/2023,37870000,Promotion
3079,2103,19-09-2022,25520000,Initial
3080,2104,26-12-2022,35900000,Initial
3081,2105,2020-04-24,17150000,Initial
3082,2106,10/01/2018,36970000,Initial
3083,2106,09-10-2019,41110000,Promotion
3084,2106,07-07-2021,44410000,Annual Raise
3085,2106,05/04/2023,46340000,Annual Raise
3086,2107,2023-07-01,10430000,Initial
3087,2108,21/09/2024,43960000,Initial
3088,2109,07-10-2017,18750000,Initial
3089,2109,29/07/2019,20600000,Adjustment
3090,2109,2021-05-20,22820000,Annual Raise
3091,2109,2023-03-12,25410000,Annual Raise
3092,2110,28/01/2023,27540000,Initial
3093,2111,02/11/2020,22620000,Initial
3094,2111,13/05/2022,23580000,Market Correction
3095,2112,25/10/2020,51670000,Initial
3096,2112,2022-11-28,55470000,Promotion
3097,2113,15-10-2020,8890000,Initial
3098,2113,2022-11-23,9910000,Promotion
3099,2114,19/06/2019,15660000,Initial
3100,2114,2021-04-23,16690000,Promotion
3101,2114,26-02-2023,17980000,Adjustment
3102,2115,20/04/2018,17900000,Initial
3103,2115,23/12/2019,19730000,Adjustment
3104,2115,26/08/2021,20870000,Promotion
3105,2115,30/04/2023,22360000,Promotion
3106,2116,13-03-2020,26180000,Initial
3107,2116,19/10/2021,27880000,Adjustment
3108,2116,2023-05-27,29210000,Market Correction
3109,2117,06-01-2017,11260000,Initial
3110,2117,2018-08-12,12470000,Annual Raise
3111,2117,2020-03-17,13920000,Promotion
3112,2117,2021-10-22,15490000,Annual Raise
3113,2117,28-05-2023,16280000,Market Correction
3114,2118,21/08/2019,27700000,Initial
3115,2118,04-06-2021,30780000,Adjustment
3116,2118,19-03-2023,32990000,Adjustment
3117,2119,23-11-2024,18950000,Initial
3118,2120,21-01-2023,36300000,Initial
3119,2121,2022-02-10,15650000,Initial
3120,2122,01/04/2019,27940000,Initial
3121,2122,01-03-2021,30840000,Annual Raise
3122,2122,2023-01-31,33750000,Adjustment
3123,2123,2021-05-05,17260000,Initial
3124,2123,2023-03-04,18450000,Adjustment
3125,2124,02/01/2017,26240000,Initial
3126,2124,2018-08-09,27540000,Adjustment
3127,2124,15/03/2020,29330000,Promotion
3128,2124,20-10-2021,31410000,Market Correction
3129,2124,2023-05-27,34400000,Annual Raise
3130,2125,10-03-2023,21110000,Initial
3131,2126,26/04/2016,23120000,Initial
3132,2126,20/01/2018,25360000,Market Correction
3133,2126,2019-10-16,28230000,Adjustment
3134,2126,2021-07-12,30220000,Market Correction
3135,2126,07-04-2023,32980000,Annual Raise
3136,2127,20-02-2015,11130000,Initial
3137,2127,12-10-2016,12320000,Promotion
3138,2127,05/06/2018,13500000,Promotion
3139,2127,2020-01-26,14180000,
3140,2127,2021-09-18,15440000,Annual Raise
3141,2127,11-05-2023,17270000,Annual Raise
3142,2128,2021-10-26,16360000,Initial
3143,2128,30/05/2023,17590000,Market Correction
3144,2129,02/02/2020,15550000,Initial
3145,2129,22/09/2021,16270000,Adjustment
3146,2129,13/05/2023,17250000,Promotion
3147,2130,29-09-2017,18890000,Initial
3148,2130,23-07-2019,20660000,Promotion
3149,2130,16-05-2021,22400000,Promotion
3150,2130,10/03/2023,23840000,Promotion
3151,2131,20/07/2015,18390000,Initial
3152,2131,2017-02-14,19550000,Market Correction
3153,2131,13/09/2018,20710000,Promotion
3154,2131,10/04/2020,22740000,Promotion
3155,2131,07/11/2021,25070000,Market Correction
3156,2131,05/06/2023,27220000,Market Correction
3157,2132,18/08/2016,25270000,Initial
3158,2132,21-04-2018,26930000,Market Correction
3159,2132,24/12/2019,28450000,Market Correction
3160,2132,26-08-2021,30420000,Promotion
3161,2132,2023-04-30,33820000,Promotion
3162,2133,2018-09-18,24550000,Initial
3163,2133,2020-04-14,26980000,Annual Raise
3164,2133,09-11-2021,29820000,Market Correction
3165,2133,06-06-2023,31460000,Annual Raise
3166,2134,22-10-2016,48190000,Initial
3167,2134,12-06-2018,53120000,Market Correction
3168,2134,01/02/2020,55600000,Market Correction
3169,2134,21/09/2021,62050000,Adjustment
3170,2134,2023-05-13,66570000,Market Correction
3171,2135,2020-02-09,28650000,Initial
3172,2135,27-09-2021,30270000,Annual Raise
3173,2135,16/05/2023,32730000,Market Correction
3174,2136,2023-08-14,7340000,Initial
3175,2137,16/06/2024,6270000,Initial
3176,2138,16/10/2022,38020000,Initial
3177,2139,21/10/2022,23430000,Initial
3178,2140,04-06-2020,36970000,Initial
3179,2140,13-12-2021,38670000,Annual Raise
3180,2140,2023-06-23,41000000,Promotion
3181,2141,16/10/2019,23590000,Initial
3182,2141,2021-07-11,25860000,Adjustment
3183,2141,2023-04-07,28350000,Annual Raise
3184,2142,2016-06-15,46060000,
3185,2142,01/03/2018,47910000,Promotion
3186,2142,15/11/2019,53060000,Market Correction
3187,2142,2021-08-01,56240000,Annual Raise
3188,2142,17/04/2023,61120000,Adjustment
3189,2143,10/07/2020,26480000,Initial
3190,2143,06/10/2022,27590000,Adjustment
3191,2144,03-03-2017,23710000,Initial
3192,2145,2023-04-09,16170000,Initial
3193,2146,06/07/2015,30740000,Initial
3194,2146,2017-02-02,33240000,Promotion
3195,2146,03/09/2018,34750000,Adjustment
3196,2146,03-04-2020,37910000,Promotion
3197,2146,02-11-2021,40700000,Adjustment
3198,2146,03-06-2023,45530000,
3199,2147,2015-02-16,38850000,Initial
3200,2147,09/10/2016,40980000,Annual Raise
3201,2147,2018-06-02,43860000,Market Correction
3202,2147,2020-01-24,46380000,Adjustment
3203,2147,16-09-2021,50490000,Annual Raise
3204,2147,10/05/2023,53970000,
3205,2148,2018-06-14,12110000,Initial
3206,2148,2020-02-02,12730000,Market Correction
3207,2148,2021-09-22,14000000,Adjustment
3208,2148,13/05/2023,15120000,Annual Raise
3209,2149,2016-04-11,18610000,Initial
3210,2149,2018-01-08,19470000,Market Correction
3211,2149,07/10/2019,20600000,Market Correction
3212,2149,2021-07-06,22110000,Adjustment
3213,2149,2023-04-04,24060000,Promotion
3214,2150,01-05-2024,15300000,Initial
3215,2151,27-04-2020,12250000,Initial
3216,2151,18-11-2021,13470000,Market Correction
3217,2151,11-06-2023,14740000,Market Correction
3218,2152,13-01-2022,31230000,Initial
3219,2153,2023-10-17,12150000,Initial
3220,2154,2021-05-03,14870000,
3221,2154,03-03-2023,16490000,Market Correction
3222,2155,03/05/2017,14770000,Initial
3223,2155,2018-11-14,15960000,Promotion
3224,2155,2020-05-27,17330000,Adjustment
3225,2155,08/12/2021,18940000,Annual Raise
3226,2155,2023-06-21,19800000,Market Correction
3227,2156,29-09-2015,17110000,Initial
3228,2156,2017-04-14,18060000,Promotion
3229,2156,2018-10-30,20210000,Annual Raise
3230,2156,16/05/2020,21760000,Annual Raise
3231,2156,30/11/2021,23100000,Promotion
3232,2156,17-06-2023,25210000,Market Correction
3233,2157,2019-03-17,14770000,Initial
3234,2157,19-02-2021,15530000,Promotion
3235,2157,26-01-2023,16250000,Adjustment
3236,2158,2017-02-06,20690000,Initial
3237,2158,06/09/2018,23140000,Market Correction
3238,2158,2020-04-05,24920000,Adjustment
3239,2158,2021-11-03,26700000,Market Correction
3240,2158,2023-06-03,29680000,
3241,2159,17-12-2022,38350000,
3242,2160,2019-03-03,14320000,Initial
3243,2160,2021-02-10,15600000,Adjustment
3244,2160,2023-01-21,17100000,Market Correction
3245,2161,17/12/2016,16020000,Initial
3246,2162,2020-09-03,29180000,Initial
3247,2162,10-04-2022,32100000,
3248,2163,2020-06-03,18830000,Initial
3249,2163,2021-12-12,20320000,Adjustment
3250,2163,23/06/2023,21920000,Market Correction
3251,2164,2016-08-09,47780000,Initial
3252,2164,2018-04-14,53040000,Promotion
3253,2164,2019-12-18,57650000,Annual Raise
3254,2164,23/08/2021,63040000,Promotion
3255,2164,28-04-2023,66030000,Market Correction
3256,2165,20-04-2017,20340000,Initial
3257,2165,03/11/2018,21860000,Adjustment
3258,2165,19/05/2020,22780000,Annual Raise
3259,2165,02/12/2021,24850000,Adjustment
3260,2165,18/06/2023,27800000,Market Correction
3261,2166,2015-01-17,28180000,Initial
3262,2166,14/09/2016,29640000,Annual Raise
3263,2166,2018-05-13,32860000,Adjustment
3264,2166,2020-01-09,35570000,Adjustment
3265,2166,06-09-2021,39290000,Annual Raise
3266,2166,05/05/2023,42000000,Adjustment
3267,2167,27/09/2018,24260000,Initial
3268,2167,21-04-2020,25440000,Promotion
3269,2167,14-11-2021,27380000,Promotion
3270,2167,09-06-2023,29690000,Market Correction
3271,2168,03/04/2015,22200000,Initial
3272,2168,2016-11-16,24300000,Market Correction
3273,2168,03/07/2018,26860000,Adjustment
3274,2168,16/02/2020,29920000,Promotion
3275,2168,02/10/2021,33500000,Promotion
3276,2168,18-05-2023,36430000,Promotion
3277,2169,2018-08-07,8580000,Initial
3278,2169,2020-03-13,9000000,Promotion
3279,2169,19/10/2021,10020000,Adjustment
3280,2169,27/05/2023,10910000,Market Correction
3281,2170,01-09-2023,15020000,Initial
3282,2171,2018-01-25,15070000,Initial
3283,2171,05/10/2019,16740000,Annual Raise
3284,2171,2021-06-14,18430000,Promotion
3285,2171,22-02-2023,20380000,Annual Raise
3286,2172,28-02-2021,30420000,Initial
3287,2172,30/01/2023,32320000,Promotion
3288,2173,09/06/2021,20330000,Initial
3289,2173,22-03-2023,21370000,Annual Raise
3290,2174,2021-01-23,30380000,Initial
3291,2174,2023-01-12,33880000,Annual Raise
3292,2175,09-03-2016,16680000,Initial
3293,2175,13-12-2017,18640000,Adjustment
3294,2175,18-09-2019,19500000,Adjustment
3295,2175,23-06-2021,20670000,Adjustment
3296,2175,29-03-2023,22940000,Promotion
3297,2176,2022-11-26,11890000,Initial
3298,2177,2021-11-29,19780000,Initial
3299,2177,2023-06-16,22010000,Adjustment
3300,2178,23-06-2023,27220000,Initial
3301,2179,2016-02-03,15780000,Initial
3302,2179,2017-11-15,16910000,Annual Raise
3303,2179,28/08/2019,18260000,Annual Raise
3304,2179,2021-06-09,19560000,Annual Raise
3305,2179,22-03-2023,21450000,Promotion
3306,2180,2020-04-11,8040000,Initial
3307,2181,28-01-2019,20920000,Initial
3308,2181,2021-01-18,22880000,Market Correction
3309,2181,2023-01-10,24450000,Market Correction
3310,2182,2023-11-05,15310000,Initial
3311,2183,2015-09-25,24580000,Initial
3312,2183,2017-04-11,26470000,Promotion
3313,2183,2018-10-27,28730000,Promotion
3314,2183,14-05-2020,30090000,Promotion
3315,2183,29/11/2021,31430000,Adjustment
3316,2183,16-06-2023,34210000,Market Correction
3317,2184,2018-03-02,20050000,Initial
3318,2184,16/11/2019,21740000,
3319,2184,2021-08-01,22860000,Promotion
3320,2184,17/04/2023,25000000,Promotion
3321,2185,20-07-2019,31740000,Initial
3322,2185,14/05/2021,34750000,Adjustment
3323,2185,09/03/2023,37380000,Market Correction
3324,2186,20/11/2023,17850000,Initial
3325,2187,2021-12-18,12850000,Initial
3326,2187,26-06-2023,14330000,Market Correction
3327,2188,28-09-2015,8710000,Initial
3328,2188,2017-04-13,9140000,Market Correction
3329,2188,29/10/2018,10030000,Annual Raise
3330,2188,15-05-2020,10920000,Promotion
3331,2188,30/11/2021,11370000,
3332,2188,2023-06-17,12510000,Promotion
3333,2189,12-05-2021,18270000,Initial
3334,2189,2023-03-08,19380000,Market Correction
3335,2190,2022-06-07,15010000,Initial
3336,2191,2016-04-13,12340000,
3337,2191,10-01-2018,12990000,Market Correction
3338,2191,09-10-2019,13720000,Annual Raise
3339,2191,07/07/2021,14850000,Adjustment
3340,2191,05/04/2023,15520000,Adjustment
3341,2192,21-03-2024,16920000,
3342,2193,2021-09-16,21600000,Initial
3343,2194,06/01/2016,20010000,Initial
3344,2194,2017-10-23,22380000,Annual Raise
3345,2194,2019-08-11,24820000,Market Correction
3346,2194,2021-05-28,27320000,Annual Raise
3347,2194,16/03/2023,30020000,Market Correction
3348,2195,28/06/2023,24860000,Initial
3349,2196,26-11-2021,14370000,Initial
3350,2196,2023-06-15,15770000,Annual Raise
3351,2197,2018-05-12,17860000,Initial
3352,2197,08-01-2020,18790000,Promotion
3353,2197,2021-09-06,19650000,Adjustment
3354,2197,05-05-2023,21940000,Adjustment
3355,2198,19-01-2023,21590000,Initial
3356,2199,2021-11-09,18230000,Initial
3357,2199,06-06-2023,19130000,Market Correction
3358,2200,13-09-2015,29450000,Initial
3359,2200,2017-04-01,32270000,Adjustment
3360,2200,19-10-2018,34570000,
3361,2200,08-05-2020,38000000,Adjustment
3362,2200,25/11/2021,40230000,Market Correction
3363,2200,14/06/2023,42810000,Annual Raise
3364,2201,2022-11-20,17600000,Initial
3365,2202,15/09/2024,13540000,Initial
3366,2203,04-01-2022,25920000,Initial
3367,2204,2021-02-10,17140000,Initial
3368,2204,2023-01-21,17870000,Adjustment
3369,2205,25/03/2021,34540000,Initial
3370,2205,12-02-2023,38080000,Market Correction
3371,2206,27/03/2018,17320000,Initial
3372,2206,05-12-2019,18400000,Market Correction
3373,2206,2021-08-14,19480000,Adjustment
3374,2206,24/04/2023,21680000,Market Correction
3375,2207,2015-10-21,15940000,Initial
3376,2207,2017-05-03,17010000,Promotion
3377,2207,14-11-2018,18370000,Promotion
3378,2207,27-05-2020,20000000,Annual Raise
3379,2207,08-12-2021,21610000,Market Correction
3380,2207,21/06/2023,22840000,Promotion
3381,2208,18/05/2022,19760000,Initial
3382,2209,24/08/2024,14090000,Initial
3383,2210,2021-12-27,17520000,Initial
3384,2211,25-04-2019,24290000,Initial
3385,2211,17/03/2021,26190000,Promotion
3386,2211,2023-02-08,28490000,Market Correction
3387,2212,2021-06-25,5350000,Initial
3388,2212,2023-03-30,5950000,Annual Raise
3389,2213,2019-08-10,14020000,Initial
3390,2213,28/05/2021,15610000,Annual Raise
3391,2213,2023-03-16,16920000,Annual Raise
3392,2214,16/05/2021,11260000,Initial
3393,2214,2023-03-10,12260000,Promotion
3394,2215,29/09/2022,16230000,Initial
3395,2216,13-11-2020,32280000,
3396,2216,08-12-2022,34190000,Market Correction
3397,2217,02-09-2022,13290000,Initial
3398,2218,08-11-2018,46090000,Initial
3399,2218,22-05-2020,47980000,Annual Raise
3400,2218,2021-12-05,53520000,
3401,2218,19/06/2023,59190000,
3402,2219,08/06/2021,18610000,Initial
3403,2219,21-03-2023,20070000,Promotion
3404,2220,2018-03-30,25990000,Initial
3405,2220,2019-12-07,29070000,Annual Raise
3406,2220,2021-08-15,30750000,Annual Raise
3407,2220,24-04-2023,32290000,Market Correction
3408,2221,2023-02-25,19690000,Initial
3409,2222,26/06/2021,15900000,Initial
3410,2222,30/03/2023,16760000,Adjustment
3411,2223,2024-01-27,9510000,Initial
3412,2224,03-06-2016,10420000,Initial
3413,2224,2018-02-19,11560000,Adjustment
3414,2224,2019-11-08,12370000,Adjustment
3415,2224,27/07/2021,13350000,Market Correction
3416,2224,2023-04-15,13880000,Market Correction
3417,2225,01/02/2018,11570000,Initial
3418,2225,2019-10-25,12510000,Adjustment
3419,2225,2021-07-18,13030000,Adjustment
3420,2225,10/04/2023,13660000,Market Correction
3421,2226,2021-08-20,33500000,Initial
3422,2226,2023-04-27,36580000,Market Correction
3423,2227,06-12-2017,27800000,Initial
3424,2227,12/09/2019,29460000,Adjustment
3425,2227,19/06/2021,31930000,Adjustment
3426,2227,2023-03-27,34180000,Adjustment
3427,2228,2018-11-05,18210000,Initial
3428,2228,2020-05-20,19580000,Market Correction
3429,2228,2021-12-03,21480000,Adjustment
3430,2228,18-06-2023,23770000,Annual Raise
3431,2229,23-05-2024,39790000,Initial
3432,2230,30-05-2022,22410000,Initial
3433,2231,11/08/2015,16280000,Initial
3434,2231,04/03/2017,18200000,Promotion
3435,2231,27-09-2018,19880000,Adjustment
3436,2231,21/04/2020,21130000,Market Correction
3437,2231,14/11/2021,23430000,Market Correction
3438,2231,2023-06-09,25300000,Adjustment
3439,2232,2019-06-22,10000000,Initial
3440,2232,2021-04-25,10530000,Annual Raise
3441,2232,27/02/2023,11710000,Annual Raise
3442,2233,2019-04-05,9370000,Initial
3443,2233,04-03-2021,9840000,Annual Raise
3444,2233,2023-02-01,10450000,Market Correction
3445,2234,2020-12-12,19020000,Initial
3446,2234,22-12-2022,20210000,Market Correction
3447,2235,2019-04-14,10130000,Initial
3448,2235,10-03-2021,10790000,Adjustment
3449,2235,04-02-2023,11830000,Market Correction
3450,2236,03/02/2016,14040000,Initial
3451,2236,15-11-2017,15460000,Promotion
3452,2236,28/08/2019,17080000,Adjustment
3453,2236,2021-06-09,17950000,Annual Raise
3454,2236,22/03/2023,18960000,Adjustment
3455,2237,2021-11-05,19920000,Initial
3456,2237,04/06/2023,20780000,Annual Raise
3457,2238,2023-12-31,16000000,Initial
3458,2239,27/03/2023,15090000,Initial
3459,2240,07-07-2018,16080000,Initial
3460,2240,2020-02-19,16810000,Market Correction
3461,2240,2021-10-04,18180000,Market Correction
3462,2240,19-05-2023,19220000,Adjustment
3463,2241,18-02-2015,20290000,Initial
3464,2241,2016-10-10,21560000,Adjustment
3465,2241,03-06-2018,23680000,
3466,2241,25/01/2020,25660000,Annual Raise
3467,2241,17-09-2021,27640000,Promotion
3468,2241,11/05/2023,29510000,Promotion
3469,2242,10-12-2018,30600000,Initial
3470,2243,12/12/2021,27770000,Initial
3471,2244,21/09/2021,39770000,Initial
3472,2244,13/05/2023,42290000,Adjustment
3473,2245,08/08/2024,21540000,Initial
3474,2246,2016-03-30,25520000,Initial
3475,2246,2017-12-29,28150000,Adjustment
3476,2246,2019-09-30,30770000,Adjustment
3477,2246,01-07-2021,32920000,Annual Raise
3478,2246,2023-04-02,35760000,
3479,2247,01-03-2022,22260000,Initial
3480,2248,20-11-2017,40090000,Initial
3481,2248,2019-08-31,41700000,Adjustment
3482,2248,2021-06-11,44780000,Annual Raise
3483,2248,23-03-2023,47900000,Promotion
3484,2249,17-04-2019,16660000,Initial
3485,2249,2021-03-12,18280000,Promotion
3486,2249,2023-02-05,19920000,Promotion
3487,2250,29/12/2016,31420000,Initial
3488,2250,06-08-2018,33570000,Market Correction
3489,2250,13/03/2020,36880000,Market Correction
3490,2250,2021-10-19,39100000,
3491,2250,27/05/2023,43710000,Promotion
3492,2251,04/11/2021,25160000,
3493,2251,2023-06-04,27610000,Adjustment
3494,2252,2021-01-23,27780000,Initial
3495,2252,12/01/2023,30020000,Market Correction
3496,2253,14-12-2019,16180000,Initial
3497,2253,20/08/2021,17180000,Annual Raise
3498,2253,27/04/2023,18820000,Annual Raise
3499,2254,2021-05-29,11440000,Initial
3500,2254,16-03-2023,12260000,Market Correction
3501,2255,01/09/2016,26610000,Initial
3502,2255,02-05-2018,29000000,Annual Raise
3503,2255,01-01-2020,30480000,Promotion
3504,2255,01-09-2021,34000000,Market Correction
3505,2255,2023-05-03,35830000,Promotion
3506,2256,27/12/2017,43820000,Initial
3507,2256,28-09-2019,48540000,Annual Raise
3508,2256,2021-06-30,53290000,Adjustment
3509,2256,01/04/2023,56300000,Adjustment
3510,2257,12-10-2020,15010000,Initial
3511,2257,22-11-2022,16230000,Promotion
3512,2258,2024-06-19,26940000,Initial
3513,2259,2019-04-24,30690000,Initial
3514,2259,17-03-2021,34180000,Promotion
3515,2259,2023-02-08,37790000,Market Correction
3516,2260,2018-09-27,13310000,
3517,2260,2020-04-21,14520000,Annual Raise
3518,2260,2021-11-14,16170000,Promotion
3519,2260,09/06/2023,17950000,Annual Raise
3520,2261,05/02/2019,26480000,Initial
3521,2261,24/01/2021,28120000,Adjustment
3522,2261,13/01/2023,30410000,Annual Raise
3523,2262,12-07-2023,38320000,
3524,2263,2019-04-23,10100000,Initial
3525,2263,16-03-2021,10810000,Promotion
3526,2263,07-02-2023,11660000,Annual Raise
3527,2264,2022-01-27,14410000,Initial
3528,2265,31/03/2023,45580000,Initial
3529,2266,2020-06-26,12960000,
3530,2266,2021-12-28,14100000,Adjustment
3531,2266,01/07/2023,15310000,Annual Raise
3532,2267,27/12/2020,53570000,Initial
3533,2267,30-12-2022,58020000,Promotion
3534,2268,01-06-2015,28370000,Initial
3535,2268,04/01/2017,30770000,Adjustment
3536,2268,11-08-2018,34180000,Annual Raise
3537,2268,17-03-2020,35780000,Market Correction
3538,2268,21-10-2021,37250000,Annual Raise
3539,2268,28-05-2023,39160000,Market Correction
3540,2269,2019-07-19,16740000,Initial
3541,2269,2021-03-20,17770000,Market Correction
3542,2269,21-11-2022,19380000,Market Correction
3543,2270,09/08/2022,17690000,Initial
3544,2271,23-10-2015,61420000,Initial
3545,2272,07-12-2021,4900000,Initial
3546,2273,04-02-2022,12530000,Initial
3547,2274,2024-05-14,16830000,Initial
3548,2275,16/09/2015,23430000,Initial
3549,2275,03/04/2017,24620000,Promotion
3550,2275,21/10/2018,26590000,Adjustment
3551,2275,09/05/2020,28110000,Adjustment
3552,2275,26-11-2021,30730000,Promotion
3553,2275,15-06-2023,33530000,Adjustment
3554,2276,21/08/2018,26690000,Initial
3555,2276,24-03-2020,27980000,Annual Raise
3556,2276,26/10/2021,30690000,Promotion
3557,2276,30-05-2023,32810000,Adjustment
3558,2277,10/08/2018,22850000,Initial
3559,2277,16-03-2020,25430000,Market Correction
3560,2277,21/10/2021,27820000,Adjustment
3561,2277,28-05-2023,29940000,Annual Raise
3562,2278,2018-10-06,26110000,Initial
3563,2278,17-07-2020,28950000,Adjustment
3564,2279,2022-10-23,37540000,Initial
3565,2280,30/06/2016,29440000,Initial
3566,2280,04/01/2018,31020000,Adjustment
3567,2280,12/07/2019,33980000,Annual Raise
3568,2280,16/01/2021,37890000,Market Correction
3569,2280,2022-07-24,39670000,Promotion
3570,2281,2015-03-06,20310000,Initial
3571,2281,24-10-2016,21990000,Adjustment
3572,2281,14/06/2018,24580000,Market Correction
3573,2281,02-02-2020,26490000,Market Correction
3574,2281,2021-09-22,28580000,Adjustment
3575,2281,2023-05-13,30930000,Annual Raise
3576,2282,01/01/2016,6130000,Initial
3577,2282,2017-07-02,6760000,Adjustment
3578,2282,01/01/2019,7410000,Market Correction
3579,2282,2020-07-02,7920000,Promotion
3580,2282,01-01-2022,8270000,Adjustment
3581,2282,2023-07-03,8700000,Annual Raise
3582,2283,11-10-2022,16480000,Initial
3583,2284,09-08-2016,21700000,Initial
3584,2284,14-04-2018,22750000,Adjustment
3585,2284,2019-12-18,24580000,Annual Raise
3586,2284,2021-08-23,26360000,Promotion
3587,2284,28-04-2023,28290000,Market Correction
3588,2285,15-12-2016,13560000,Initial
3589,2285,25/07/2018,14250000,Annual Raise
3590,2285,04-03-2020,15070000,Promotion
3591,2285,13-10-2021,16570000,Adjustment
3592,2285,24-05-2023,18540000,Adjustment
3593,2286,11/11/2021,19600000,
3594,2286,2023-06-07,21820000,Promotion
3595,2287,2018-11-25,8430000,Initial
3596,2287,2020-06-04,8810000,Annual Raise
3597,2287,2021-12-13,9690000,Promotion
3598,2287,23/06/2023,10310000,Annual Raise
3599,2288,11/12/2020,42730000,Initial
3600,2288,22-12-2022,45840000,Adjustment
3601,2289,16/03/2020,11470000,Initial
3602,2289,21/10/2021,12080000,Promotion
3603,2289,28-05-2023,12760000,Adjustment
3604,2290,04-03-2017,17100000,Initial
3605,2291,30/07/2020,7120000,Initial
3606,2291,14-09-2022,7620000,Adjustment
3607,2292,2018-03-13,35010000,Initial
3608,2292,2019-11-24,37310000,Annual Raise
3609,2292,07/08/2021,40290000,Market Correction
3610,2292,20/04/2023,44660000,Promotion
3611,2293,27-06-2015,18660000,Initial
3612,2294,09/06/2020,25190000,Initial
3613,2294,16-12-2021,26580000,Adjustment
3614,2294,2023-06-25,29180000,Promotion
3615,2295,2021-08-24,17120000,Initial
3616,2295,29-04-2023,18900000,Annual Raise
3617,2296,31/07/2017,18040000,Initial
3618,2296,2019-06-08,19390000,Promotion
3619,2296,16-04-2021,21030000,Annual Raise
3620,2296,2023-02-23,23460000,Market Correction
3621,2297,10-04-2023,12180000,Initial
3622,2298,2015-10-29,24190000,Initial
3623,2298,09/05/2017,26900000,Market Correction
3624,2298,19-11-2018,29110000,Market Correction
3625,2298,31-05-2020,31810000,Adjustment
3626,2298,10-12-2021,33160000,Market Correction
3627,2298,22/06/2023,34510000,Market Correction
3628,2299,16-08-2016,39380000,Initial
3629,2299,20/04/2018,41270000,Adjustment
3630,2299,23-12-2019,44060000,Adjustment
3631,2299,2021-08-26,46030000,Annual Raise
3632,2299,2023-04-30,49320000,
3633,2300,2019-03-10,32580000,Initial
3634,2300,15-02-2021,36400000,
3635,2300,2023-01-24,39230000,Market Correction
3636,2301,2018-01-09,18490000,Initial
3637,2301,08-10-2019,19330000,Adjustment
3638,2301,2021-07-06,21130000,Promotion
3639,2301,2023-04-04,23040000,Promotion
3640,2302,2018-02-23,10040000,Initial
3641,2302,2019-11-11,10760000,Annual Raise
3642,2302,29-07-2021,11530000,Promotion
3643,2302,2023-04-16,12310000,Adjustment
3644,2303,12/07/2023,14150000,Initial
3645,2304,25-06-2021,23150000,Initial
3646,2304,30/03/2023,25600000,Market Correction
3647,2305,01/09/2024,15750000,Initial
3648,2306,17-02-2018,35240000,Initial
3649,2306,2019-11-23,37840000,Adjustment
3650,2306,2021-08-28,39730000,Annual Raise
3651,2307,2018-09-02,15330000,Initial
3652,2307,2020-04-02,16730000,Market Correction
3653,2307,01-11-2021,18280000,Promotion
3654,2307,02/06/2023,19640000,Promotion
3655,2308,2021-06-07,37030000,Initial
3656,2308,21-03-2023,39570000,Promotion
3657,2309,11-04-2020,33130000,Initial
3658,2309,07/11/2021,36450000,Promotion
3659,2309,05-06-2023,39780000,Market Correction
3660,2310,17-05-2020,13040000,Initial
3661,2310,01-12-2021,13710000,Annual Raise
3662,2310,17-06-2023,14960000,Adjustment
3663,2311,2020-07-21,13080000,Initial
3664,2311,11/10/2022,14150000,Market Correction
3665,2312,11-06-2017,15000000,Initial
3666,2312,07/05/2019,15750000,Adjustment
3667,2313,2015-03-07,7260000,Initial
3668,2313,2016-10-25,7890000,Promotion
3669,2313,2018-06-15,8790000,Market Correction
3670,2313,03-02-2020,9770000,Market Correction
3671,2313,2021-09-23,10540000,Market Correction
3672,2313,2023-05-14,11290000,Adjustment
3673,2314,2024-08-15,17850000,Initial
3674,2315,2020-03-14,13290000,Initial
3675,2315,19-10-2021,14120000,Promotion
3676,2315,2023-05-27,15160000,Annual Raise
3677,2316,11-01-2022,46960000,Initial
3678,2317,26-04-2019,16660000,Initial
3679,2317,2021-03-18,18320000,Market Correction
3680,2317,08/02/2023,20120000,Promotion
3681,2318,11-10-2019,14320000,Initial
3682,2318,08-07-2021,15410000,Annual Raise
3683,2318,05-04-2023,16930000,Market Correction
3684,2319,01/11/2023,15600000,Initial
3685,2320,2020-10-09,10150000,Initial
3686,2320,2022-11-20,11010000,Market Correction
3687,2321,30/03/2016,23290000,Initial
3688,2321,2017-12-29,25650000,Promotion
3689,2321,30/09/2019,27940000,Promotion
3690,2321,01/07/2021,30280000,Annual Raise
3691,2321,2023-04-02,33300000,Adjustment
3692,2322,09-02-2019,24900000,Initial
3693,2322,2021-01-26,27860000,Annual Raise
3694,2322,14/01/2023,29660000,Annual Raise
3695,2323,2016-07-20,16160000,Initial
3696,2323,2018-03-29,17630000,Market Correction
3697,2323,2019-12-06,19270000,Promotion
3698,2323,2021-08-15,20350000,Adjustment
3699,2323,24-04-2023,22130000,Promotion
3700,2324,09-04-2023,39070000,Initial
3701,2325,12/06/2023,28290000,Initial
3702,2326,24-08-2020,33230000,Initial
3703,2326,2022-10-28,35810000,Market Correction
3704,2327,15-11-2018,27260000,Initial
3705,2327,2020-05-27,29500000,Adjustment
3706,2327,08-12-2021,31120000,Adjustment
3707,2327,2023-06-21,33990000,Adjustment
3708,2328,2020-04-09,17600000,Initial
3709,2328,2021-11-06,19470000,Market Correction
3710,2328,05-06-2023,20840000,Annual Raise
3711,2329,2020-01-26,12930000,
3712,2329,2021-09-17,13770000,Market Correction
3713,2329,11/05/2023,14750000,Promotion
3714,2330,2017-02-10,30750000,Initial
3715,2330,2018-09-09,34410000,Promotion
3716,2330,07-04-2020,35790000,Promotion
3717,2330,05-11-2021,37820000,Market Correction
3718,2330,04-06-2023,40720000,Promotion
3719,2331,02/01/2017,58050000,Initial
3720,2331,09-08-2018,62100000,Promotion
3721,2331,2020-03-15,68180000,Market Correction
3722,2331,20-10-2021,72610000,Annual Raise
3723,2331,27-05-2023,76300000,Market Correction
3724,2332,03-04-2016,15110000,Initial
3725,2332,2018-01-02,15970000,Annual Raise
3726,2332,03/10/2019,17120000,Promotion
3727,2332,2021-07-03,18320000,Promotion
3728,2332,2023-04-03,19060000,Promotion
3729,2333,02/11/2020,15730000,Initial
3730,2333,02/12/2022,16610000,Market Correction
3731,2334,25/04/2020,12210000,Initial
3732,2334,2021-11-16,13090000,Annual Raise
3733,2334,10-06-2023,14310000,Annual Raise
3734,2335,09-04-2018,27200000,Initial
3735,2335,14/12/2019,30350000,Market Correction
3736,2335,20-08-2021,33080000,Adjustment
3737,2335,27-04-2023,35300000,Adjustment
3738,2336,12/05/2024,39700000,Initial
3739,2337,09/05/2022,31480000,Initial
3740,2338,19-02-2020,23060000,Initial
3741,2338,03-10-2021,25200000,Market Correction
3742,2338,19/05/2023,28060000,Annual Raise
3743,2339,04/12/2016,26220000,Initial
3744,2339,17/07/2018,27850000,Adjustment
3745,2339,27/02/2020,30050000,Market Correction
3746,2339,09-10-2021,32990000,Market Correction
3747,2339,22-05-2023,34580000,Adjustment
3748,2340,19-08-2023,13890000,Initial
3749,2341,2016-11-12,10260000,Initial
3750,2341,2018-06-29,11470000,Adjustment
3751,2341,2020-02-13,12780000,Annual Raise
3752,2341,30/09/2021,13470000,Market Correction
3753,2341,17/05/2023,14160000,Market Correction
3754,2342,16/01/2017,29120000,Initial
3755,2342,20/08/2018,31370000,Market Correction
3756,2342,2020-03-23,34330000,Adjustment
3757,2342,2021-10-26,37550000,
3758,2342,30-05-2023,39930000,Promotion
3759,2343,22/10/2016,12490000,Initial
3760,2343,12/06/2018,13110000,Annual Raise
3761,2343,01/02/2020,14290000,Annual Raise
3762,2343,2021-09-21,15340000,Market Correction
3763,2343,13/05/2023,17170000,Promotion
3764,2344,11/12/2019,41740000,Initial
3765,2344,18-08-2021,45510000,Market Correction
3766,2344,26/04/2023,47460000,Annual Raise
3767,2345,19/06/2022,21720000,Initial
3768,2346,20/01/2021,56470000,Initial
3769,2346,11/01/2023,62710000,Adjustment
3770,2347,16-07-2019,17210000,Initial
3771,2347,2021-05-11,18640000,Annual Raise
3772,2347,2023-03-07,19880000,Adjustment
3773,2348,01/10/2016,21710000,Initial
3774,2348,2018-05-28,24160000,Market Correction
3775,2348,2020-01-22,26940000,Annual Raise
3776,2348,2021-09-17,28080000,Adjustment
3777,2349,25-04-2020,35090000,Initial
3778,2349,16-11-2021,38360000,Adjustment
3779,2349,10-06-2023,40120000,Market Correction
3780,2350,19/10/2018,41500000,Initial
3781,2350,2020-05-07,43890000,Promotion
3782,2350,25/11/2021,49100000,Market Correction
3783,2350,2023-06-14,51770000,Promotion
3784,2351,2016-07-25,12230000,Initial
3785,2351,2018-04-02,13350000,Adjustment
3786,2351,09-12-2019,14820000,Market Correction
3787,2351,17/08/2021,16570000,Market Correction
3788,2351,2023-04-25,17780000,Promotion
3789,2352,2021-12-04,42380000,Initial
3790,2352,2023-06-19,44220000,Annual Raise
3791,2353,2015-08-14,4300000,Initial
3792,2353,07/03/2017,4720000,
3793,2353,29-09-2018,4920000,Annual Raise
3794,2353,2020-04-23,5150000,Market Correction
3795,2353,15/11/2021,5540000,
3796,2353,2023-06-09,5910000,Annual Raise
3797,2354,06/10/2023,25870000,
3798,2355,14-01-2021,17490000,Initial
3799,2355,08/01/2023,18820000,Promotion
3800,2356,27/09/2020,11070000,Initial
3801,2356,2022-11-14,11860000,Promotion
3802,2357,24-06-2022,16920000,Initial
3803,2358,23/02/2019,21970000,Initial
3804,2358,2021-02-05,23610000,Market Correction
3805,2358,2023-01-19,25960000,Annual Raise
3806,2359,15/06/2018,19420000,Initial
3807,2359,2020-02-03,21430000,Promotion
3808,2359,23/09/2021,22950000,Annual Raise
3809,2359,2023-05-14,24510000,Annual Raise
3810,2360,26-04-2023,29160000,Initial
3811,2361,04/03/2023,11140000,Initial
3812,2362,11/08/2016,9860000,Initial
3813,2362,16-04-2018,10290000,Adjustment
3814,2362,2019-12-20,10820000,Annual Raise
3815,2362,24-08-2021,12090000,Annual Raise
3816,2362,29/04/2023,13000000,Promotion
3817,2363,28-09-2015,10890000,Initial
3818,2363,2017-04-13,11450000,Market Correction
3819,2363,29/10/2018,12260000,Annual Raise
3820,2363,15/05/2020,12980000,Promotion
3821,2363,30-11-2021,13920000,Annual Raise
3822,2363,17-06-2023,14970000,Market Correction
3823,2364,2015-01-28,4100000,Initial
3824,2364,23/09/2016,4440000,Annual Raise
3825,2364,20-05-2018,4870000,Market Correction
3826,2364,2020-01-15,5220000,Market Correction
3827,2364,10-09-2021,5730000,Annual Raise
3828,2364,07/05/2023,6160000,Annual Raise
3829,2365,19/12/2022,17630000,Initial
3830,2366,2018-03-31,17120000,Initial
3831,2366,2019-12-08,17940000,
3832,2366,16-08-2021,18870000,Market Correction
3833,2366,25-04-2023,20160000,Promotion
3834,2367,11-05-2024,31850000,Initial
3835,2368,08/07/2017,23800000,Initial
3836,2369,23/05/2016,12610000,
3837,2369,2018-02-11,13340000,Promotion
3838,2369,02/11/2019,14210000,Market Correction
3839,2369,23/07/2021,15530000,Promotion
3840,2369,13-04-2023,16830000,Promotion
3841,2370,2022-09-18,11780000,Initial
3842,2371,12-07-2020,15020000,Initial
3843,2371,07/10/2022,15920000,Market Correction
3844,2372,08/07/2021,38750000,Initial
3845,2372,05/04/2023,40660000,Promotion
3846,2373,14-10-2022,29920000,Initial
3847,2374,24/06/2024,22960000,Initial
3848,2375,2024-11-06,11830000,Initial
3849,2376,19/01/2019,46840000,Initial
3850,2376,2021-01-12,49300000,Promotion
3851,2376,2023-01-07,54580000,Adjustment
3852,2377,09-12-2020,21450000,Initial
3853,2377,21-12-2022,23450000,Market Correction
3854,2378,2023-07-30,21970000,Initial
3855,2379,09/04/2024,24230000,Initial
3856,2380,28/01/2016,13430000,Initial
3857,2380,10-11-2017,14390000,Adjustment
3858,2380,24-08-2019,15890000,Market Correction
3859,2380,06-06-2021,17070000,Annual Raise
3860,2380,20/03/2023,17870000,Promotion
3861,2381,14-07-2016,20450000,Initial
3862,2381,24/03/2018,22700000,Adjustment
3863,2381,2019-12-03,25300000,Annual Raise
3864,2381,2021-08-12,26920000,Market Correction
3865,2381,23-04-2023,29650000,Market Correction
3866,2382,25/10/2018,47510000,Initial
3867,2382,12/05/2020,52040000,Adjustment
3868,2382,28/11/2021,58230000,Market Correction
3869,2382,16-06-2023,65120000,Market Correction
3870,2383,23/08/2020,12240000,Initial
3871,2383,28/10/2022,13350000,
3872,2384,06/09/2019,28050000,Initial
3873,2384,2021-06-15,30950000,Promotion
3874,2384,2023-03-25,32630000,Adjustment
3875,2385,13/03/2015,8180000,Initial
3876,2385,2016-10-30,8850000,Adjustment
3877,2385,19-06-2018,9350000,Market Correction
3878,2385,06/02/2020,10450000,Annual Raise
3879,2385,25-09-2021,11410000,Market Correction
3880,2385,15/05/2023,11960000,Market Correction
3881,2386,2024-02-29,17320000,Initial
3882,2387,06/12/2016,14080000,Initial
3883,2387,18-07-2018,14840000,Promotion
3884,2387,28/02/2020,15900000,Annual Raise
3885,2387,09-10-2021,17210000,Promotion
3886,2387,22-05-2023,19140000,Promotion
3887,2388,29-06-2017,22110000,Initial
3888,2389,09-05-2017,35620000,Initial
3889,2390,15/11/2015,18400000,Initial
3890,2390,05/11/2017,20390000,Annual Raise
3891,2390,2019-10-27,21390000,
3892,2391,15/05/2015,17780000,Initial
3893,2391,21/12/2016,19780000,Adjustment
3894,2391,2018-07-31,20960000,Adjustment
3895,2391,2020-03-08,22280000,Annual Raise
3896,2391,2021-10-16,24350000,Adjustment
3897,2391,25-05-2023,26360000,Market Correction
3898,2392,02-05-2016,23230000,Initial
3899,2392,2018-01-25,25180000,Annual Raise
3900,2392,20/10/2019,27740000,Adjustment
3901,2392,2021-07-14,30040000,Promotion
3902,2392,08/04/2023,32180000,Annual Raise
3903,2393,18/06/2023,18260000,Initial
3904,2394,26/01/2017,18730000,Initial
3905,2394,2018-08-28,20560000,Market Correction
3906,2394,29/03/2020,22620000,Promotion
3907,2394,30/10/2021,25130000,Adjustment
3908,2394,01/06/2023,27240000,Adjustment
3909,2395,02-07-2021,25930000,Initial
3910,2395,02-04-2023,27550000,Adjustment
3911,2396,2020-08-30,25560000,Initial
3912,2396,2022-10-31,28470000,Annual Raise
3913,2397,06-12-2020,37550000,Initial
3914,2397,19-12-2022,42000000,Adjustment
3915,2398,16/06/2023,43180000,Initial
3916,2399,27/08/2020,29930000,Initial
3917,2399,2022-10-30,33150000,Adjustment
3918,2400,06-12-2019,22270000,Initial
3919,2400,14/08/2021,24760000,Promotion
3920,2400,24/04/2023,27100000,Annual Raise
3921,2401,04/04/2019,17980000,Initial
3922,2401,03/03/2021,19020000,Annual Raise
3923,2401,01/02/2023,20050000,Adjustment
3924,2402,2023-07-16,11590000,Initial
3925,2403,2020-07-23,29220000,Initial
3926,2403,12-10-2022,32370000,Annual Raise
3927,2404,03/12/2015,21880000,Initial
3928,2404,07/06/2017,23180000,Adjustment
3929,2404,12/12/2018,25490000,Market Correction
3930,2404,17-06-2020,28210000,Annual Raise
3931,2404,22/12/2021,30860000,Annual Raise
3932,2404,28-06-2023,33850000,Promotion
3933,2405,2021-09-25,17180000,Initial
3934,2405,15-05-2023,18850000,Promotion
3935,2406,14-07-2017,8520000,Initial
3936,2406,27-05-2019,9510000,
3937,2406,2021-04-08,10080000,Annual Raise
3938,2406,2023-02-19,11080000,Promotion
3939,2407,12/02/2017,14510000,Initial
3940,2407,11/09/2018,15680000,Market Correction
3941,2407,2020-04-09,16660000,Market Correction
3942,2407,06-11-2021,18080000,Annual Raise
3943,2407,05/06/2023,20160000,Adjustment
3944,2408,04-01-2017,26740000,Initial
3945,2408,06/07/2018,29820000,Market Correction
3946,2408,05/01/2020,31430000,Annual Raise
3947,2408,06/07/2021,33310000,Annual Raise
3948,2409,2020-11-10,17580000,Initial
3949,2409,06-12-2022,18580000,Market Correction
3950,2410,29-06-2019,14680000,Initial
3951,2410,30/04/2021,15550000,Market Correction
3952,2410,02/03/2023,16310000,Market Correction
3953,2411,23/09/2015,23400000,
3954,2411,2017-04-09,26060000,Annual Raise
3955,2411,2018-10-26,29120000,Promotion
3956,2411,2020-05-13,31460000,Promotion
3957,2411,28-11-2021,33660000,Adjustment
3958,2411,16/06/2023,36060000,Adjustment
3959,2412,17/05/2016,12940000,Initial
3960,2412,06/02/2018,14230000,Adjustment
3961,2412,29-10-2019,14900000,Market Correction
3962,2412,20/07/2021,16290000,Adjustment
3963,2412,2023-04-11,17450000,Adjustment
3964,2413,30-07-2023,24610000,Initial
3965,2414,29/12/2018,60840000,Initial
3966,2414,29/06/2020,65750000,Market Correction
3967,2414,30/12/2021,70050000,Market Correction
3968,2414,02-07-2023,73330000,Adjustment
3969,2415,2020-09-25,24720000,
3970,2415,13/11/2022,26460000,Annual Raise
3971,2416,27/06/2020,31090000,Initial
3972,2416,28/12/2021,33260000,Promotion
3973,2416,01-07-2023,36190000,Market Correction
3974,2417,2016-02-12,34300000,Initial
3975,2417,22-11-2017,36690000,Market Correction
3976,2417,02-09-2019,39470000,Adjustment
3977,2417,12-06-2021,43800000,Annual Raise
3978,2417,23/03/2023,46880000,Annual Raise
3979,2418,03-01-2017,20210000,Initial
3980,2418,10-08-2018,22060000,Market Correction
3981,2418,16/03/2020,23720000,Promotion
3982,2418,21-10-2021,25740000,Promotion
3983,2418,28-05-2023,27710000,Adjustment
3984,2419,2021-12-22,21230000,Initial
3985,2419,28-06-2023,23220000,Market Correction
3986,2420,22-11-2023,19290000,Initial
3987,2421,29-08-2020,10030000,Initial
3988,2421,31/10/2022,11200000,Promotion
3989,2422,27-07-2023,9640000,Initial
3990,2423,2024-07-25,18650000,Initial
3991,2424,30/03/2021,12870000,Initial
3992,2424,14-02-2023,14400000,Market Correction
3993,2425,06/07/2020,15520000,Initial
3994,2425,2022-10-04,17370000,Promotion
3995,2426,27-07-2023,19190000,Initial
3996,2427,03/05/2020,12060000,Initial
3997,2427,22/11/2021,13050000,Annual Raise
3998,2427,13-06-2023,14580000,Adjustment
3999,2428,14/12/2017,27930000,Initial
4000,2428,18-09-2019,29920000,Market Correction
4001,2428,23-06-2021,31670000,Adjustment
4002,2428,2023-03-29,34520000,Market Correction
4003,2429,06-08-2023,41920000,Initial
4004,2430,09-06-2016,11420000,Initial
4005,2430,24/02/2018,12550000,Promotion
4006,2430,12-11-2019,13480000,Promotion
4007,2430,2021-07-29,14730000,Market Correction
4008,2430,16/04/2023,16040000,Promotion
4009,2431,2023-08-01,21040000,Initial
4010,2432,14-11-2018,20390000,Initial
4011,2432,2020-05-27,22480000,Annual Raise
4012,2432,08/12/2021,23800000,
4013,2432,21-06-2023,25590000,Promotion
4014,2433,11-10-2017,62970000,Initial
4015,2433,2019-08-01,67210000,Annual Raise
4016,2433,22-05-2021,71790000,Promotion
4017,2433,13/03/2023,76360000,
4018,2434,2024-09-29,25920000,Initial
4019,2435,03-06-2015,11130000,Initial
4020,2435,06/01/2017,11760000,Adjustment
4021,2435,12/08/2018,12710000,Adjustment
4022,2435,18/03/2020,13280000,Adjustment
4023,2435,22/10/2021,14490000,Promotion
4024,2435,28-05-2023,15250000,Promotion
4025,2436,28-12-2017,24030000,Initial
4026,2436,2019-11-29,25910000,Promotion
4027,2436,30-10-2021,26960000,Promotion
4028,2437,2019-03-28,13700000,Initial
4029,2437,27-02-2021,15200000,Adjustment
4030,2437,30/01/2023,15940000,Annual Raise
4031,2438,14/02/2016,34610000,Initial
4032,2438,23/11/2017,38140000,Market Correction
4033,2438,03/09/2019,42480000,Adjustment
4034,2438,2021-06-13,46340000,Annual Raise
4035,2438,24/03/2023,50300000,
4036,2439,13/11/2016,10010000,Initial
4037,2439,2018-06-30,11200000,Adjustment
4038,2439,2020-02-14,11900000,Promotion
4039,2439,30-09-2021,12450000,Market Correction
4040,2439,17-05-2023,13390000,Market Correction
4041,2440,2020-07-28,15840000,Initial
4042,2440,2022-10-15,17710000,Annual Raise
4043,2441,2018-03-23,20810000,Initial
4044,2441,02-12-2019,22720000,
4045,2441,2021-08-12,23890000,Promotion
4046,2441,23-04-2023,26270000,Adjustment
4047,2442,2024-01-09,31680000,Initial
4048,2443,21-08-2021,24740000,Initial
4049,2443,2023-04-27,26080000,
4050,2444,2019-10-16,20460000,Initial
4051,2444,2021-07-11,22110000,Market Correction
4052,2444,2023-04-07,24650000,Market Correction
4053,2445,2020-08-29,18990000,Initial
4054,2445,31/10/2022,21230000,Adjustment
4055,2446,30/03/2017,12380000,Initial
4056,2446,2018-10-17,13070000,Market Correction
4057,2446,2020-05-06,14450000,Promotion
4058,2446,24/11/2021,16110000,Annual Raise
4059,2446,2023-06-14,16810000,Adjustment
4060,2447,13/07/2022,17760000,Initial
4061,2448,20/06/2021,26490000,Initial
4062,2448,27/03/2023,27640000,Adjustment
4063,2449,2018-01-02,26110000,Initial
4064,2449,2019-10-03,28230000,Adjustment
4065,2449,03-07-2021,30520000,Annual Raise
4066,2449,2023-04-03,33160000,Market Correction
4067,2450,2021-05-07,18950000,Initial
4068,2450,05/03/2023,19800000,Adjustment
4069,2451,2020-03-09,28640000,Initial
4070,2452,2024-06-19,21300000,Initial
4071,2453,09/02/2022,33260000,Initial
4072,2454,31/03/2022,32470000,Initial
4073,2455,2017-09-03,33430000,Initial
4074,2455,04/07/2019,36220000,Annual Raise
4075,2455,2021-05-03,40150000,Market Correction
4076,2455,03/03/2023,44790000,Annual Raise
4077,2456,2020-03-16,59680000,Initial
4078,2456,2021-10-21,62780000,Market Correction
4079,2456,28/05/2023,70250000,Annual Raise
4080,2457,07/04/2017,20970000,Initial
4081,2457,24-10-2018,22730000,Adjustment
4082,2457,11/05/2020,23960000,Annual Raise
4083,2457,27-11-2021,26160000,Promotion
4084,2457,15-06-2023,27870000,Promotion
4085,2458,2022-05-21,11360000,Initial
4086,2459,10/10/2023,15960000,Initial
4087,2460,26-07-2019,14270000,Initial
4088,2460,18-05-2021,15000000,Annual Raise
4089,2460,2023-03-11,15790000,Annual Raise
4090,2461,14-06-2019,20500000,Initial
4091,2461,2021-04-20,22440000,Market Correction
4092,2461,2023-02-25,24770000,Annual Raise
4093,2462,2016-04-03,16470000,Initial
4094,2462,2018-01-02,17620000,Adjustment
4095,2462,03/10/2019,18480000,Annual Raise
4096,2462,03/07/2021,19880000,Promotion
4097,2462,03-04-2023,22130000,Adjustment
4098,2463,26-07-2020,9940000,Initial
4099,2463,2022-10-14,11070000,Adjustment
4100,2464,10-09-2018,13960000,Initial
4101,2464,08-04-2020,15580000,Market Correction
4102,2464,05/11/2021,16870000,Market Correction
4103,2464,04/06/2023,18360000,Annual Raise
4104,2465,2019-09-29,32180000,Initial
4105,2465,30-06-2021,33730000,Adjustment
4106,2465,01/04/2023,35860000,Promotion
4107,2466,06/12/2019,21980000,Initial
4108,2466,14/08/2021,23470000,Market Correction
4109,2466,24/04/2023,25500000,Market Correction
4110,2467,05/11/2022,10850000,Initial
4111,2468,2022-08-28,39090000,Initial
4112,2469,2019-01-26,34550000,
4113,2469,17/01/2021,37910000,Adjustment
4114,2469,2023-01-09,39770000,Annual Raise
4115,2470,28-03-2022,7840000,Initial
4116,2471,30-09-2022,18610000,Initial
4117,2472,2018-06-20,11680000,Initial
4118,2472,06/02/2020,12410000,Promotion
4119,2472,25/09/2021,13360000,
4120,2472,15-05-2023,14040000,Market Correction
4121,2473,30/12/2020,19180000,Initial
4122,2473,31-12-2022,20250000,Adjustment
4123,2474,2017-11-12,26240000,Initial
4124,2474,2019-08-25,28080000,Promotion
4125,2474,07-06-2021,30600000,Promotion
4126,2474,2023-03-21,33580000,Annual Raise
4127,2475,03-12-2019,19880000,Initial
4128,2475,2021-08-12,21880000,Promotion
4129,2475,23-04-2023,22770000,Market Correction
4130,2476,2018-01-27,17580000,Initial
4131,2476,21/10/2019,18750000,Adjustment
4132,2476,15/07/2021,20970000,Annual Raise
4133,2476,09-04-2023,22750000,Market Correction
4134,2477,07-06-2024,43500000,Initial
4135,2478,30/03/2024,12500000,Initial
4136,2479,02-10-2021,14160000,Initial
4137,2479,18-05-2023,15810000,Promotion
4138,2480,2022-10-18,39160000,Initial
4139,2481,15/11/2023,21890000,Initial
4140,2482,2018-07-09,18000000,Initial
4141,2482,21/02/2020,19320000,Annual Raise
4142,2482,05-10-2021,21500000,Promotion
4143,2482,20/05/2023,22420000,Market Correction
4144,2483,01-07-2024,18890000,Initial
4145,2484,24-01-2020,14430000,Initial
4146,2484,16-09-2021,16080000,Market Correction
4147,2484,2023-05-10,16940000,Market Correction
4148,2485,16/09/2022,18170000,Initial
4149,2486,12-12-2015,15300000,Initial
4150,2486,15-06-2017,17030000,Market Correction
4151,2486,2018-12-18,18850000,Annual Raise
4152,2486,2020-06-22,20700000,Market Correction
4153,2486,25-12-2021,22660000,Market Correction
4154,2486,2023-06-29,24920000,Market Correction
4155,2487,11-05-2024,7610000,Initial
4156,2488,06-04-2021,7140000,Initial
4157,2488,18-02-2023,7760000,Market Correction
4158,2489,2020-03-09,11690000,Initial
4159,2489,26/05/2022,12690000,
4160,2490,2021-09-25,26130000,
4161,2490,15/05/2023,28530000,Annual Raise
4162,2491,12-05-2021,12170000,Initial
4163,2491,2023-01-30,13290000,Promotion
4164,2492,11-04-2024,29040000,Initial
4165,2493,2017-02-19,18550000,Initial
4166,2493,16/09/2018,19960000,Adjustment
4167,2493,2020-04-13,20870000,Market Correction
4168,2493,08/11/2021,22390000,Promotion
4169,2493,06-06-2023,23910000,Adjustment
4170,2494,14-04-2019,22800000,Initial
4171,2494,10/03/2021,24410000,Promotion
4172,2494,2023-02-04,25810000,Annual Raise
4173,2495,24/02/2023,65710000,Initial
4174,2496,28/04/2015,12870000,Initial
4175,2496,07/12/2016,14370000,Promotion
4176,2496,2018-07-19,15520000,Promotion
4177,2496,2020-02-29,16770000,Promotion
4178,2496,2021-10-10,18120000,Promotion
4179,2496,2023-05-22,20160000,Adjustment
4180,2497,14-10-2017,14340000,Initial
4181,2497,04/08/2019,15880000,Annual Raise
4182,2497,2021-05-24,17210000,Annual Raise
4183,2497,14/03/2023,18110000,Promotion
4184,2498,12/02/2015,14790000,Initial
4185,2498,2016-10-05,15870000,Market Correction
4186,2498,30-05-2018,17210000,Market Correction
4187,2498,22/01/2020,18450000,Promotion
4188,2498,15/09/2021,19350000,Market Correction
4189,2498,10-05-2023,20140000,Market Correction
4190,2499,2022-09-14,7410000,Initial
4191,2500,27-10-2015,16190000,Initial
4192,2501,12/04/2020,19110000,Initial
4193,2501,08/11/2021,20300000,Adjustment
4194,2501,06/06/2023,21600000,Annual Raise
4195,2502,22/01/2015,11830000,
4196,2502,2016-09-18,12480000,Annual Raise
4197,2502,16-05-2018,13950000,Market Correction
4198,2502,12-01-2020,14630000,Market Correction
4199,2502,2021-09-08,16310000,Annual Raise
4200,2502,2023-05-06,17830000,Adjustment
4201,2503,2022-07-12,42610000,Initial
4202,2504,2017-12-02,18780000,Initial
4203,2504,04-06-2019,20740000,Promotion
4204,2504,05/12/2020,21970000,Adjustment
4205,2504,07-06-2022,24080000,Adjustment
4206,2505,2016-01-03,24580000,Initial
4207,2505,21-10-2017,25940000,Market Correction
4208,2505,09-08-2019,28670000,Annual Raise
4209,2505,27/05/2021,31570000,Adjustment
4210,2505,15-03-2023,33430000,Adjustment
4211,2506,23-04-2016,9030000,Initial
4212,2506,2018-01-18,9850000,Annual Raise
4213,2506,15-10-2019,10460000,
4214,2506,11-07-2021,11000000,Promotion
4215,2506,07-04-2023,12290000,Promotion
4216,2507,22/05/2023,11600000,Initial
4217,2508,2021-11-15,20030000,Initial
4218,2508,09/06/2023,21870000,Adjustment
4219,2509,06-11-2016,9570000,Initial
4220,2509,24-06-2018,10000000,Annual Raise
4221,2509,10/02/2020,10680000,Market Correction
4222,2509,27/09/2021,11370000,Adjustment
4223,2509,2023-05-16,12240000,Market Correction
4224,2510,2021-03-26,13410000,Initial
4225,2510,12/02/2023,14340000,Adjustment
4226,2511,2015-08-06,33450000,Initial
4227,2511,28-02-2017,36720000,
4228,2511,2018-09-24,40190000,Adjustment
4229,2511,19-04-2020,43730000,Promotion
4230,2511,12/11/2021,47610000,Market Correction
4231,2511,08/06/2023,53110000,Annual Raise
4232,2512,10/04/2020,14950000,Initial
4233,2512,06-11-2021,15650000,Annual Raise
4234,2512,2023-06-05,16560000,Market Correction
4235,2513,20-07-2020,29810000,Initial
4236,2514,12/07/2020,35140000,Initial
4237,2515,2024-09-26,21120000,Initial
4238,2516,26-04-2021,15380000,Initial
4239,2516,2023-02-28,16700000,Promotion
4240,2517,24/11/2020,20670000,Initial
4241,2517,13/12/2022,21810000,Market Correction
4242,2518,05-10-2017,23330000,Initial
4243,2518,28/07/2019,25880000,Promotion
4244,2518,19-05-2021,28890000,Market Correction
4245,2518,11-03-2023,30910000,Promotion
4246,2519,17-04-2015,27720000,Initial
4247,2519,28/11/2016,30180000,Annual Raise
4248,2519,12-07-2018,31920000,Adjustment
4249,2519,2020-02-23,33980000,Market Correction
4250,2519,2021-10-06,35690000,Adjustment
4251,2519,2023-05-20,39860000,Adjustment
4252,2520,2021-08-15,24140000,Initial
4253,2520,24/04/2023,26040000,Promotion
4254,2521,29-04-2015,23370000,Initial
4255,2521,2016-12-08,26140000,Promotion
4256,2521,20-07-2018,27390000,Market Correction
4257,2521,29-02-2020,30430000,Market Correction
4258,2521,10-10-2021,33300000,Market Correction
4259,2521,22-05-2023,34930000,Adjustment
4260,2522,17-01-2022,10820000,Initial
4261,2523,29/06/2015,13880000,Initial
4262,2523,28-01-2017,15100000,Annual Raise
4263,2523,2018-08-30,16900000,Adjustment
4264,2523,31-03-2020,17610000,Annual Raise
4265,2523,31/10/2021,18670000,Annual Raise
4266,2523,2023-06-02,20890000,Promotion
4267,2524,15/05/2017,29480000,Initial
4268,2524,23/11/2018,31420000,Adjustment
4269,2524,03-06-2020,33600000,Annual Raise
4270,2524,12-12-2021,36120000,Promotion
4271,2524,23-06-2023,40190000,
4272,2525,05/05/2023,15080000,Initial
4273,2526,30/12/2016,28820000,Initial
4274,2526,2018-08-06,30600000,Adjustment
4275,2526,13/03/2020,33340000,Annual Raise
4276,2526,2021-10-19,34870000,
4277,2526,2023-05-27,38630000,Adjustment
4278,2527,29-10-2016,40890000,Initial
4279,2527,18/06/2018,42840000,Adjustment
4280,2527,2020-02-05,46730000,
4281,2527,24/09/2021,51190000,Market Correction
4282,2527,14/05/2023,56060000,Market Correction
4283,2528,08/05/2016,14170000,Initial
4284,2528,2018-01-30,15390000,Promotion
4285,2528,2019-10-24,16310000,Promotion
4286,2528,2021-07-17,17700000,Promotion
4287,2528,10/04/2023,19320000,Annual Raise
4288,2529,06/09/2022,39400000,Initial
4289,2530,2020-09-30,17970000,Initial
4290,2530,16-11-2022,19360000,Adjustment
4291,2531,2018-01-04,27130000,Initial
4292,2531,04-10-2019,30170000,Market Correction
4293,2531,04/07/2021,32020000,Promotion
4294,2531,2023-04-03,34410000,Promotion
4295,2532,04/02/2024,28250000,Initial
4296,2533,16/01/2016,14170000,Initial
4297,2533,15-03-2018,15580000,Annual Raise
4298,2534,21-07-2020,14280000,Initial
4299,2534,2022-10-11,15980000,Adjustment
4300,2535,2020-04-01,25800000,Initial
4301,2535,31-10-2021,28200000,Adjustment
4302,2535,02-06-2023,30540000,Adjustment
4303,2536,03-09-2022,31020000,Initial
4304,2537,17/05/2021,21000000,Initial
4305,2538,19/08/2019,15040000,Initial
4306,2538,23-09-2021,16150000,Market Correction
4307,2539,26-12-2018,35900000,Initial
4308,2539,27-06-2020,39420000,Annual Raise
4309,2539,29/12/2021,42260000,Adjustment
4310,2539,2023-07-01,45950000,Market Correction
4311,2540,11/04/2016,36860000,Initial
4312,2540,08-01-2018,39990000,Adjustment
4313,2540,07/10/2019,44360000,Promotion
4314,2540,2021-07-06,47940000,Promotion
4315,2540,04-04-2023,50680000,Adjustment
4316,2541,2024-06-14,11400000,Initial
4317,2542,2018-07-09,12590000,Initial
4318,2542,21/02/2020,13270000,Annual Raise
4319,2542,2021-10-05,14280000,Annual Raise
4320,2542,20/05/2023,15510000,Adjustment
4321,2543,30/12/2021,27430000,
4322,2543,02-07-2023,28770000,
4323,2544,14-05-2017,14750000,Initial
4324,2544,22-11-2018,15850000,Market Correction
4325,2544,2020-06-02,17020000,Adjustment
4326,2544,12/12/2021,18740000,Promotion
4327,2544,23-06-2023,20410000,Annual Raise
4328,2545,2024-10-10,22320000,Initial
4329,2546,06-06-2019,60220000,Initial
4330,2547,28-09-2024,28750000,Initial
4331,2548,25-05-2018,16960000,Initial
4332,2548,18/01/2020,18940000,Promotion
4333,2548,12-09-2021,20000000,Annual Raise
4334,2548,2023-05-08,21690000,Adjustment
4335,2549,09/01/2024,14390000,
4336,2550,03/04/2016,25120000,Initial
4337,2550,2018-01-02,26310000,Annual Raise
4338,2550,03/10/2019,28600000,Adjustment
4339,2550,2021-07-03,30270000,Adjustment
4340,2550,03/04/2023,32540000,Promotion
4341,2551,07-05-2017,19960000,Initial
4342,2551,2018-11-17,20950000,Market Correction
4343,2551,29-05-2020,22040000,Market Correction
4344,2551,09-12-2021,23490000,Market Correction
4345,2551,21/06/2023,25860000,Market Correction
4346,2552,2024-06-11,20000000,Initial
4347,2553,19-08-2023,23180000,Initial
4348,2554,2016-11-11,26840000,Initial
4349,2554,28/06/2018,29320000,Annual Raise
4350,2554,2020-02-13,30730000,Promotion
4351,2554,29-09-2021,32280000,Annual Raise
4352,2554,17-05-2023,35190000,
4353,2555,15/04/2020,14930000,Initial
4354,2555,17/10/2021,16000000,Annual Raise
4355,2556,2021-05-21,28910000,Initial
4356,2556,2023-03-12,31030000,Annual Raise
4357,2557,2016-02-25,41570000,Initial
4358,2557,02-12-2017,44510000,Annual Raise
4359,2557,10/09/2019,47590000,Market Correction
4360,2557,17/06/2021,51460000,Promotion
4361,2557,26/03/2023,57520000,Annual Raise
4362,2558,07/07/2024,42430000,Initial
4363,2559,2015-06-01,15870000,
4364,2559,04/01/2017,16890000,Adjustment
4365,2559,11-08-2018,18140000,Promotion
4366,2559,2020-03-17,19960000,Annual Raise
4367,2559,21/10/2021,21680000,Adjustment
4368,2559,28-05-2023,24100000,Annual Raise
4369,2560,2017-08-07,12640000,Initial
4370,2560,14-06-2019,13740000,Annual Raise
4371,2560,2021-04-20,15250000,Adjustment
4372,2560,2023-02-25,16740000,Promotion
4373,2561,16/03/2021,13050000,
4374,2562,11/01/2020,14880000,Initial
4375,2562,2021-09-07,15500000,Market Correction
4376,2562,06/05/2023,16510000,Market Correction
4377,2563,06/04/2020,12540000,Initial
4378,2563,04/11/2021,13770000,Market Correction
4379,2563,2023-06-04,15290000,Promotion
4380,2564,2021-10-02,15560000,
4381,2564,18/05/2023,16790000,Annual Raise
4382,2565,26-11-2024,43270000,Initial
4383,2566,05-05-2024,38760000,Initial
4384,2567,20-12-2023,31790000,Initial
4385,2568,30/09/2022,32440000,Initial
4386,2569,28/03/2017,25450000,Initial
4387,2569,16-10-2018,26640000,Annual Raise
4388,2569,2020-05-05,28820000,Market Correction
4389,2569,23/11/2021,30350000,Annual Raise
4390,2569,2023-06-13,31670000,Market Correction
4391,2570,2020-07-15,36360000,Initial
4392,2570,2022-10-08,39120000,Annual Raise
4393,2571,09-01-2019,17910000,Initial
4394,2571,06-01-2021,19470000,Annual Raise
4395,2571,04/01/2023,21370000,Market Correction
4396,2572,14-04-2024,35650000,Initial
4397,2573,15-10-2018,12120000,Initial
4398,2573,04/05/2020,13370000,Adjustment
4399,2573,23/11/2021,14870000,Market Correction
4400,2573,13/06/2023,16390000,Adjustment
4401,2574,15-06-2020,38500000,Initial
4402,2574,20/12/2021,42050000,Promotion
4403,2574,27-06-2023,44390000,Adjustment
4404,2575,2023-08-21,32570000,Initial
4405,2576,03-12-2022,29290000,Initial
4406,2577,09-03-2016,12780000,Initial
4407,2577,13-12-2017,13440000,Market Correction
4408,2577,18-09-2019,14910000,Annual Raise
4409,2577,23/06/2021,16390000,Market Correction
4410,2577,29-03-2023,17420000,Annual Raise
4411,2578,2024-03-27,10850000,Initial
4412,2579,2024-10-07,30100000,Initial
4413,2580,10-12-2022,22270000,Initial
4414,2581,2016-09-23,7270000,Initial
4415,2581,20/05/2018,8010000,Promotion
4416,2581,14-01-2020,8790000,Market Correction
4417,2581,10/09/2021,9720000,Promotion
4418,2581,07/05/2023,10750000,Promotion
4419,2582,07-07-2024,19490000,Initial
4420,2583,2017-10-01,53630000,Initial
4421,2583,2019-07-25,55820000,Annual Raise
4422,2583,2021-05-17,61410000,Adjustment
4423,2583,10/03/2023,64710000,
4424,2584,2015-12-16,11470000,Initial
4425,2584,18-06-2017,12040000,Promotion
4426,2584,21-12-2018,12750000,Promotion
4427,2584,24-06-2020,13880000,Annual Raise
4428,2584,26-12-2021,14820000,Market Correction
4429,2584,2023-06-30,16390000,Annual Raise
4430,2585,22/01/2022,15560000,Initial
4431,2586,30-10-2023,26720000,Initial
4432,2587,23-02-2020,32880000,
4433,2587,06/10/2021,36460000,Annual Raise
4434,2587,20-05-2023,38570000,Promotion
4435,2588,02/05/2015,9930000,Initial
4436,2588,2016-12-10,10780000,Promotion
4437,2588,2018-07-22,11440000,Annual Raise
4438,2588,02/03/2020,12170000,Promotion
4439,2588,11-10-2021,13090000,Market Correction
4440,2588,2023-05-23,13980000,Adjustment
4441,2589,14/12/2015,12100000,Initial
4442,2589,17-06-2017,12670000,Adjustment
4443,2589,20-12-2018,13530000,Annual Raise
4444,2589,23/06/2020,14560000,Adjustment
4445,2589,2021-12-26,16260000,Promotion
4446,2589,2023-06-30,17020000,Promotion
4447,2590,13-11-2019,27130000,Initial
4448,2590,2021-06-13,28470000,Adjustment
4449,2590,12/01/2023,30850000,Annual Raise
4450,2591,11/06/2021,14330000,Initial
4451,2591,23-02-2023,15510000,Annual Raise
4452,2592,03/02/2023,10390000,Initial
4453,2593,01/12/2020,44070000,Initial
4454,2593,17-12-2022,46310000,Adjustment
4455,2594,2022-03-22,23730000,Initial
4456,2595,27-10-2022,26920000,Initial
4457,2596,17-11-2024,35440000,Initial
4458,2597,2023-02-18,22310000,Initial
4459,2598,2017-05-25,14670000,Initial
4460,2598,2019-01-25,16400000,Promotion
4461,2598,26-09-2020,17930000,Annual Raise
4462,2598,2022-05-29,19660000,Market Correction
4463,2599,2015-04-06,17230000,Initial
4464,2599,2016-10-30,18240000,
4465,2599,27/05/2018,18970000,Market Correction
4466,2599,22-12-2019,20430000,Annual Raise
4467,2599,17-07-2021,22640000,Annual Raise
4468,2599,2023-02-11,24230000,Adjustment
4469,2600,01-05-2024,17900000,Initial
4470,2601,2023-03-18,14200000,Initial
4471,2602,22-05-2016,57540000,Initial
4472,2602,2018-02-10,61370000,Annual Raise
4473,2602,01-11-2019,67730000,Adjustment
4474,2602,22/07/2021,71720000,Adjustment
4475,2602,12/04/2023,77600000,Promotion
4476,2603,05-05-2018,38650000,Initial
4477,2603,03/01/2020,42660000,Annual Raise
4478,2603,02/09/2021,46460000,Annual Raise
4479,2603,2023-05-03,49830000,Market Correction
4480,2604,12-01-2024,16400000,Initial
4481,2605,05-12-2018,16420000,Initial
4482,2605,11-06-2020,17080000,Market Correction
4483,2605,18-12-2021,18340000,Promotion
4484,2605,2023-06-26,19500000,
4485,2606,04-01-2023,14810000,Initial
4486,2607,16-10-2020,18610000,Initial
4487,2607,24-11-2022,19460000,Promotion
4488,2608,2022-12-24,17800000,Initial
4489,2609,07-10-2019,14240000,Initial
4490,2609,05-07-2021,15740000,Promotion
4491,2609,04-04-2023,17090000,
4492,2610,21-02-2019,39470000,Initial
4493,2610,03/02/2021,41640000,Promotion
4494,2610,2023-01-18,44650000,Adjustment
4495,2611,11-10-2024,31620000,Initial
4496,2612,23-09-2022,33670000,Initial
4497,2613,28-03-2024,24540000,Initial
4498,2614,13/06/2016,13520000,Initial
4499,2614,27-02-2018,14550000,Annual Raise
4500,2614,2019-11-14,15230000,Annual Raise
4501,2614,31/07/2021,16160000,Adjustment
4502,2614,17-04-2023,16950000,Promotion
4503,2615,2022-10-15,12510000,Initial
4504,2616,2016-05-01,28840000,Initial
4505,2616,2018-01-24,30670000,Promotion
4506,2616,2019-10-19,32390000,Promotion
4507,2616,14/07/2021,35930000,Promotion
4508,2616,08/04/2023,37960000,Annual Raise
4509,2617,2021-05-30,29410000,Initial
4510,2617,17-03-2023,31280000,Adjustment
4511,2618,2018-06-02,40070000,Initial
4512,2618,2020-01-24,43750000,Market Correction
4513,2618,16-09-2021,47710000,Promotion
4514,2618,10-05-2023,52570000,Annual Raise
4515,2619,15-11-2023,19390000,Initial
4516,2620,07-03-2018,25060000,Initial
4517,2620,20-11-2019,28000000,Annual Raise
4518,2620,04/08/2021,30620000,Annual Raise
4519,2620,19-04-2023,32520000,Annual Raise
4520,2621,20/02/2021,29840000,Initial
4521,2621,2023-01-26,33100000,Annual Raise
4522,2622,06/05/2021,12900000,Initial
4523,2622,05/03/2023,13790000,Promotion
4524,2623,10/05/2024,14170000,Initial
4525,2624,29-08-2020,13670000,Initial
4526,2624,2022-10-31,15300000,Adjustment
4527,2625,18/09/2024,30900000,Initial
4528,2626,06-05-2019,21200000,Initial
4529,2626,25-03-2021,22350000,Adjustment
4530,2626,2023-02-12,24510000,Promotion
4531,2627,09/07/2022,28730000,Initial
4532,2628,16-09-2024,22670000,Initial
4533,2629,17-04-2021,12420000,Initial
4534,2629,23/02/2023,13750000,Promotion
4535,2630,09/12/2021,27940000,Initial
4536,2630,21/06/2023,29570000,Annual Raise
4537,2631,2023-06-02,18080000,Initial
4538,2632,19-03-2015,15940000,Initial
4539,2632,04/11/2016,17340000,Promotion
4540,2632,2018-06-23,18120000,Promotion
4541,2632,2020-02-09,19580000,Promotion
4542,2632,27-09-2021,21460000,Adjustment
4543,2632,2023-05-16,22420000,Promotion
4544,2633,2015-12-13,12280000,Initial
4545,2633,2017-06-16,13660000,Market Correction
4546,2633,19-12-2018,14930000,Annual Raise
4547,2633,22/06/2020,15710000,Promotion
4548,2633,25-12-2021,17370000,
4549,2633,29/06/2023,19060000,Promotion
4550,2634,06-07-2020,19010000,Initial
4551,2634,04/10/2022,21230000,Adjustment
4552,2635,2019-08-27,20840000,Initial
4553,2635,18-05-2021,21680000,Adjustment
4554,2636,14-04-2016,16130000,Initial
4555,2636,2018-01-10,17040000,Market Correction
4556,2636,09/10/2019,19000000,Adjustment
4557,2636,2021-07-07,20130000,
4558,2636,2023-04-05,22270000,Promotion
4559,2637,18-01-2017,44440000,Initial
4560,2637,22/08/2018,48460000,Promotion
4561,2637,2020-03-25,53230000,Adjustment
4562,2637,2021-10-27,56910000,Promotion
4563,2637,31/05/2023,59990000,Market Correction
4564,2638,11-08-2022,32080000,Initial
4565,2639,22-04-2015,30360000,Initial
4566,2639,02/12/2016,33330000,Adjustment
4567,2639,15/07/2018,36760000,Adjustment
4568,2639,2020-02-26,39440000,
4569,2639,08/10/2021,41880000,Market Correction
4570,2639,2023-05-21,43750000,
4571,2640,06/08/2016,18520000,Initial
4572,2640,12/04/2018,19550000,Promotion
4573,2640,2019-12-17,20450000,Adjustment
4574,2640,22/08/2021,22080000,Market Correction
4575,2640,2023-04-28,24370000,Market Correction
4576,2641,2015-08-01,15240000,Initial
4577,2641,24/02/2017,16250000,Promotion
4578,2641,2018-09-21,17520000,Adjustment
4579,2641,16-04-2020,19080000,Promotion
4580,2641,2021-11-11,21170000,Annual Raise
4581,2641,07-06-2023,23210000,Adjustment
4582,2642,14/09/2020,55220000,Initial
4583,2642,2022-11-08,58480000,Promotion
4584,2643,2015-09-06,13040000,Initial
4585,2643,26/03/2017,14410000,Market Correction
4586,2643,2018-10-15,15240000,
4587,2643,2020-05-04,16110000,Market Correction
4588,2643,2021-11-23,17660000,Promotion
4589,2643,13/06/2023,19710000,Adjustment
4590,2644,29-04-2015,12160000,Initial
4591,2644,08-12-2016,13420000,Adjustment
4592,2644,2018-07-20,14740000,Promotion
4593,2644,29/02/2020,16440000,Market Correction
4594,2644,2021-10-10,17710000,Promotion
4595,2644,22-05-2023,18650000,Adjustment
4596,2645,2018-01-07,12180000,Initial
4597,2645,06/10/2019,13510000,Market Correction
4598,2645,05/07/2021,14320000,Annual Raise
4599,2645,2023-04-04,15530000,Adjustment
4600,2646,2023-07-23,13810000,Initial
4601,2647,01-01-2020,25890000,Initial
4602,2647,11/01/2022,27100000,Promotion
4603,2648,2019-03-10,13460000,Initial
4604,2648,2021-02-15,14600000,Market Correction
4605,2648,24-01-2023,16040000,Market Correction
4606,2649,23/03/2021,18400000,Initial
4607,2649,2023-02-11,20340000,Adjustment
4608,2650,28-04-2022,14210000,Initial
4609,2651,24/01/2018,28210000,Initial
4610,2651,19/10/2019,30340000,Adjustment
4611,2651,14-07-2021,33880000,Annual Raise
4612,2651,08-04-2023,35910000,Adjustment
4613,2652,12/06/2024,22580000,Initial
4614,2653,06-07-2015,24800000,Initial
4615,2653,02/02/2017,27160000,Market Correction
4616,2653,03/09/2018,28410000,Market Correction
4617,2653,2020-04-03,30440000,Promotion
4618,2653,02-11-2021,32350000,Adjustment
4619,2653,03-06-2023,35360000,Promotion
4620,2654,2016-01-03,46590000,Initial
4621,2654,2017-10-21,50370000,Annual Raise
4622,2654,2019-08-09,53520000,Market Correction
4623,2654,27/05/2021,57600000,Market Correction
4624,2654,2023-03-15,59990000,Adjustment
4625,2655,06-11-2024,29880000,Initial
4626,2656,2024-11-29,14060000,Initial
4627,2657,23/01/2018,16570000,Initial
4628,2657,18-10-2019,17590000,Annual Raise
4629,2657,13/07/2021,19020000,Adjustment
4630,2657,08/04/2023,20860000,Market Correction
4631,2658,2021-09-21,19720000,Initial
4632,2658,13-05-2023,21550000,Adjustment
4633,2659,2021-10-29,9910000,Initial
4634,2659,2023-06-01,10730000,Promotion
4635,2660,2021-03-26,24580000,Initial
4636,2660,12-02-2023,27470000,Promotion
4637,2661,13/01/2021,31060000,Initial
4638,2661,07-01-2023,33220000,Market Correction
4639,2662,2024-05-01,29520000,Initial
4640,2663,12/02/2024,32730000,Initial
4641,2664,2024-05-30,40180000,Initial
4642,2665,10-03-2020,46930000,Initial
4643,2665,2021-10-17,51960000,Adjustment
4644,2665,26-05-2023,55190000,
4645,2666,02/05/2023,17740000,Initial
4646,2667,2017-02-23,35350000,Initial
4647,2667,2018-12-28,39310000,
4648,2667,2020-10-31,43270000,Market Correction
4649,2667,04/09/2022,47350000,Adjustment
4650,2668,2017-08-17,10920000,Initial
4651,2668,21/06/2019,11950000,Market Correction
4652,2668,25/04/2021,13220000,Market Correction
4653,2668,27/02/2023,14070000,Adjustment
4654,2669,23/11/2022,9750000,Initial
4655,2670,2016-03-30,24110000,
4656,2670,2017-12-29,25110000,Promotion
4657,2670,2019-09-30,26720000,Adjustment
4658,2670,01-07-2021,29340000,Promotion
4659,2670,02-04-2023,31880000,Market Correction
4660,2671,2021-03-10,31390000,Initial
4661,2671,08/01/2023,32890000,Promotion
4662,2672,2015-09-25,10980000,Initial
4663,2672,11/04/2017,11560000,Adjustment
4664,2672,2018-10-27,12600000,Promotion
4665,2672,2020-05-14,13730000,Promotion
4666,2672,2021-11-29,15000000,Adjustment
4667,2672,16/06/2023,16190000,Promotion
4668,2673,2021-05-23,18300000,Initial
4669,2673,2023-03-13,19610000,Market Correction
4670,2674,24/02/2017,14410000,Initial
4671,2674,20/09/2018,15290000,Market Correction
4672,2674,2020-04-16,16640000,Promotion
4673,2674,2021-11-10,17650000,Adjustment
4674,2674,07/06/2023,18600000,Annual Raise
4675,2675,20/08/2022,28810000,Initial
4676,2676,10-03-2022,16550000,Initial
4677,2677,07/11/2019,15250000,Initial
4678,2677,26/07/2021,16980000,Adjustment
4679,2677,14-04-2023,17990000,Market Correction
4680,2678,22-07-2020,11710000,Initial
4681,2678,12-10-2022,12270000,Annual Raise
4682,2679,12/07/2015,10810000,
4683,2679,07-02-2017,11980000,Promotion
4684,2679,2018-09-07,12900000,
4685,2679,06/04/2020,13440000,Market Correction
4686,2679,2021-11-04,14520000,Promotion
4687,2679,04/06/2023,15270000,Promotion
4688,2680,22/01/2015,15940000,Initial
4689,2680,2016-09-18,17320000,Adjustment
4690,2680,16/05/2018,19160000,Adjustment
4691,2680,2020-01-12,20540000,Promotion
4692,2680,08/09/2021,21650000,Adjustment
4693,2680,06/05/2023,23510000,Market Correction
4694,2681,2023-04-09,11280000,
4695,2682,17/03/2017,20820000,Initial
4696,2682,07-10-2018,22860000,
4697,2682,28-04-2020,24710000,Market Correction
4698,2682,19-11-2021,27290000,Promotion
4699,2682,11/06/2023,28920000,Annual Raise
4700,2683,25-04-2015,14990000,Initial
4701,2683,04-12-2016,15940000,Market Correction
4702,2683,17-07-2018,16650000,Annual Raise
4703,2683,27/02/2020,18050000,Market Correction
4704,2683,09-10-2021,20080000,Promotion
4705,2683,22/05/2023,21800000,Adjustment
4706,2684,2024-06-04,35970000,Initial
4707,2685,2024-05-02,11830000,Initial
4708,2686,13/09/2023,31870000,Initial
4709,2687,29-06-2021,39030000,Initial
4710,2687,01/04/2023,43050000,Market Correction
4711,2688,2018-07-07,17850000,Initial
4712,2688,19/02/2020,19610000,Promotion
4713,2688,04/10/2021,21100000,Annual Raise
4714,2688,2023-05-19,22560000,Market Correction
4715,2689,11-09-2015,29990000,Initial
4716,2689,2017-03-30,32490000,Annual Raise
4717,2689,2018-10-18,35470000,Adjustment
4718,2689,07/05/2020,37640000,Promotion
4719,2689,2021-11-24,39210000,Annual Raise
4720,2689,14-06-2023,43480000,Annual Raise
4721,2690,2015-09-27,23650000,
4722,2691,04/07/2019,20920000,Initial
4723,2691,2021-01-27,23220000,Market Correction
4724,2691,2022-08-23,25310000,Promotion
4725,2692,2020-02-01,38140000,Initial
4726,2692,21-09-2021,41660000,Market Correction
4727,2692,2023-05-13,43770000,
4728,2693,23-10-2018,24300000,
4729,2693,10-05-2020,25720000,Annual Raise
4730,2693,27-11-2021,27720000,Promotion
4731,2693,15/06/2023,29230000,Annual Raise
4732,2694,2020-10-19,11700000,Initial
4733,2694,25-11-2022,12650000,Market Correction
4734,2695,03-09-2021,21840000,Initial
4735,2695,04/05/2023,23250000,Promotion
4736,2696,05-06-2021,31040000,Initial
4737,2696,20/03/2023,34440000,Market Correction
4738,2697,25-05-2020,13740000,Initial
4739,2697,2021-12-06,14560000,Promotion
4740,2697,2023-06-20,16030000,Market Correction
4741,2698,09-12-2023,21090000,Initial
4742,2699,28/06/2018,25020000,Initial
4743,2699,12/02/2020,27970000,Annual Raise
4744,2699,29-09-2021,29330000,Market Correction
4745,2699,17-05-2023,31390000,Promotion
4746,2700,07-04-2020,21000000,Initial
4747,2700,2021-11-04,21940000,Annual Raise
4748,2700,04-06-2023,23300000,Annual Raise
4749,2701,21-10-2020,13950000,Initial
4750,2701,2022-11-26,15120000,Adjustment
4751,2702,2020-09-08,50850000,Initial
4752,2702,2022-11-05,53810000,Market Correction
4753,2703,2018-11-09,10500000,Initial
4754,2703,2020-05-23,11260000,Market Correction
4755,2703,05-12-2021,12040000,Annual Raise
4756,2703,19-06-2023,13320000,Promotion
4757,2704,22/10/2023,18760000,Initial
4758,2705,22-09-2021,25380000,Initial
4759,2705,13-05-2023,27590000,
4760,2706,28-11-2021,13100000,Initial
4761,2706,2023-06-16,14440000,Adjustment
4762,2707,2024-10-28,46100000,
4763,2708,2022-03-01,29030000,Initial
4764,2709,2017-09-06,16500000,Initial
4765,2709,06/07/2019,17550000,Promotion
4766,2709,05-05-2021,19090000,Annual Raise
4767,2709,04/03/2023,21350000,Promotion
4768,2710,20-04-2017,11300000,Initial
4769,2710,03/11/2018,12510000,Annual Raise
4770,2710,2020-05-19,13300000,Adjustment
4771,2710,2021-12-02,14390000,Market Correction
4772,2710,18/06/2023,15800000,Promotion
4773,2711,2019-01-05,20420000,Initial
4774,2712,29/01/2022,18980000,Initial
4775,2713,26/03/2017,22570000,Initial
4776,2713,14-10-2018,24700000,Adjustment
4777,2713,04/05/2020,26790000,Market Correction
4778,2713,22-11-2021,28680000,Market Correction
4779,2713,13/06/2023,31660000,Promotion
4780,2714,23/01/2023,22830000,Initial
4781,2715,14-06-2024,23570000,Initial
4782,2716,02/04/2019,20270000,Initial
4783,2716,02-03-2021,21890000,Adjustment
4784,2716,31/01/2023,23890000,Adjustment
4785,2717,03/06/2018,18410000,Initial
4786,2717,2020-01-25,20070000,Promotion
4787,2717,17-09-2021,21860000,Promotion
4788,2717,11-05-2023,23380000,Market Correction
4789,2718,28/11/2020,33320000,Initial
4790,2718,15/12/2022,36360000,Adjustment
4791,2719,2016-04-30,30570000,Initial
4792,2720,15/10/2022,41970000,Initial
4793,2721,2015-07-09,11240000,
4794,2721,05-02-2017,11770000,Adjustment
4795,2721,05-09-2018,13170000,Market Correction
4796,2721,05-04-2020,14210000,Promotion
4797,2721,03/11/2021,15020000,Promotion
4798,2721,2023-06-03,16160000,Annual Raise
4799,2722,09-11-2023,8000000,Initial
4800,2723,15/10/2024,15990000,Initial
4801,2724,2017-05-07,18020000,Initial
4802,2724,17-11-2018,19410000,Market Correction
4803,2724,29/05/2020,21120000,Promotion
4804,2724,2021-12-09,23580000,Adjustment
4805,2724,21/06/2023,25300000,Annual Raise
4806,2725,2016-11-16,21200000,Initial
4807,2725,02/07/2018,22700000,Promotion
4808,2725,2020-02-16,24110000,Market Correction
4809,2725,01-10-2021,25520000,Adjustment
4810,2725,18/05/2023,27060000,Annual Raise
4811,2726,04/08/2020,23740000,Initial
4812,2726,18/10/2022,25650000,Annual Raise
4813,2727,2020-11-22,13450000,Initial
4814,2727,12-12-2022,14020000,Promotion
4815,2728,2018-01-04,23000000,
4816,2728,2019-10-04,24080000,Market Correction
4817,2728,2021-07-04,26300000,Market Correction
4818,2728,2023-04-03,28510000,Adjustment
4819,2729,28-04-2017,16390000,Initial
4820,2729,2018-11-10,17330000,Market Correction
4821,2729,24/05/2020,18460000,Annual Raise
4822,2729,2021-12-06,19560000,Market Correction
4823,2729,20/06/2023,21730000,Market Correction
4824,2730,2019-06-10,24180000,
4825,2731,08/11/2017,12670000,Initial
4826,2731,22-08-2019,13860000,Annual Raise
4827,2731,05/06/2021,15360000,Market Correction
4828,2731,20/03/2023,16500000,Promotion
4829,2732,26/12/2019,32210000,Initial
4830,2732,28-08-2021,34660000,
4831,2732,01-05-2023,37540000,Adjustment
4832,2733,29/09/2020,22100000,Initial
4833,2733,15/11/2022,24340000,Promotion
4834,2734,2019-08-03,18030000,Initial
4835,2734,23-05-2021,19910000,Annual Raise
4836,2734,2023-03-13,21440000,Annual Raise
4837,2735,12/04/2015,16230000,Initial
4838,2735,2016-11-24,17930000,Annual Raise
4839,2735,09-07-2018,18880000,Market Correction
4840,2735,21/02/2020,19970000,Annual Raise
4841,2735,05-10-2021,22240000,Promotion
4842,2735,20/05/2023,24030000,Adjustment
4843,2736,2019-01-10,28310000,Initial
4844,2736,06-01-2021,29570000,Annual Raise
4845,2736,2023-01-04,32360000,Annual Raise
4846,2737,2023-10-24,29040000,Initial
4847,2738,2019-01-15,74140000,Initial
4848,2739,21/10/2017,12170000,Initial
4849,2739,2019-08-09,12960000,Market Correction
4850,2739,27/05/2021,14380000,Promotion
4851,2739,2023-03-15,15670000,Adjustment
4852,2740,30/11/2022,20590000,Initial
4853,2741,04/02/2015,20440000,Initial
4854,2741,2016-09-29,22830000,
4855,2741,25-05-2018,25390000,Annual Raise
4856,2741,2020-01-18,26760000,Promotion
4857,2741,12-09-2021,29720000,Promotion
4858,2741,08/05/2023,32410000,Promotion
4859,2742,2019-07-20,18650000,Initial
4860,2742,14-05-2021,19720000,Adjustment
4861,2742,09/03/2023,21870000,Adjustment
4862,2743,2024-09-14,14090000,Initial
4863,2744,2020-04-27,24520000,Initial
4864,2744,18/11/2021,25580000,Promotion
4865,2744,2023-06-11,26830000,Market Correction
4866,2745,07/02/2023,8820000,Initial
4867,2746,26/06/2024,10820000,Initial
4868,2747,15/03/2019,39100000,
4869,2747,18-02-2021,42490000,Market Correction
4870,2747,25-01-2023,45090000,Market Correction
4871,2748,2020-08-09,24730000,Initial
4872,2748,21/10/2022,27160000,Promotion
4873,2749,2019-10-10,13380000,Initial
4874,2749,07/07/2021,14370000,Adjustment
4875,2749,05/04/2023,15880000,Annual Raise
4876,2750,2018-08-28,25650000,Initial
4877,2750,29/03/2020,28330000,Adjustment
4878,2750,30/10/2021,30840000,Annual Raise
4879,2750,2023-06-01,34490000,Adjustment
4880,2751,2016-09-21,27750000,Initial
4881,2751,18-05-2018,28890000,Annual Raise
4882,2751,13-01-2020,31590000,Annual Raise
4883,2751,2021-09-09,33080000,Annual Raise
4884,2751,07/05/2023,35370000,Market Correction
4885,2752,2019-04-11,16080000,Initial
4886,2752,2021-03-08,17600000,Market Correction
4887,2752,03/02/2023,19290000,Promotion
4888,2753,10-02-2017,20000000,Initial
4889,2753,2018-09-09,21270000,Annual Raise
4890,2753,07-04-2020,22390000,Annual Raise
4891,2753,05-11-2021,24870000,Adjustment
4892,2753,04-06-2023,26960000,Annual Raise
4893,2754,02-03-2022,16500000,Initial
4894,2755,12/05/2015,27560000,Initial
4895,2755,19-12-2016,29970000,Annual Raise
4896,2755,29/07/2018,32260000,Market Correction
4897,2755,07/03/2020,34950000,Annual Raise
4898,2755,2021-10-15,36370000,Adjustment
4899,2755,25/05/2023,38860000,Annual Raise
4900,2756,26-03-2017,23360000,Initial
4901,2756,02/11/2018,25240000,Annual Raise
4902,2756,11/06/2020,27500000,Annual Raise
4903,2757,25-05-2022,43410000,Initial
4904,2758,04-12-2016,8730000,Initial
4905,2758,17-07-2018,9290000,Adjustment
4906,2758,2020-02-27,10290000,Promotion
4907,2758,09/10/2021,11500000,Annual Raise
4908,2758,22-05-2023,12780000,
4909,2759,12-06-2016,12450000,
4910,2759,2018-02-27,13560000,Market Correction
4911,2759,14/11/2019,14990000,Market Correction
4912,2759,2021-07-31,15630000,Annual Raise
4913,2759,17/04/2023,16970000,Market Correction
4914,2760,15/09/2024,26770000,Initial
4915,2761,2016-10-12,8560000,Initial
4916,2761,04/06/2018,9260000,Annual Raise
4917,2761,2020-01-26,9740000,Annual Raise
4918,2761,17/09/2021,10870000,Annual Raise
4919,2761,2023-05-11,11560000,Promotion
4920,2762,2018-02-02,29670000,Initial
4921,2763,2021-10-13,22120000,Initial
4922,2763,24/05/2023,23600000,Adjustment
4923,2764,2020-02-28,23450000,Initial
4924,2764,09/10/2021,26230000,Promotion
4925,2764,22/05/2023,28380000,Annual Raise
4926,2765,2022-04-01,42900000,Initial
4927,2766,2019-05-21,10630000,Initial
4928,2766,04-04-2021,11310000,Promotion
4929,2766,17/02/2023,12010000,Adjustment
4930,2767,05/12/2021,27510000,Initial
4931,2767,2023-06-19,29570000,Adjustment
4932,2768,01-11-2022,23670000,Initial
4933,2769,2017-09-08,13960000,Initial
4934,2769,08/07/2019,15170000,Adjustment
4935,2769,06-05-2021,16900000,Adjustment
4936,2769,2023-03-05,17750000,Promotion
4937,2770,23/06/2022,35250000,Initial
4938,2771,14-07-2020,12430000,Initial
4939,2771,08-10-2022,13360000,Annual Raise
4940,2772,10/11/2015,15100000,Initial
4941,2772,19-05-2017,16120000,Promotion
4942,2772,2018-11-27,17020000,Adjustment
4943,2772,2020-06-06,18200000,Promotion
4944,2772,2021-12-14,19830000,Annual Raise
4945,2772,2023-06-24,21960000,Market Correction
4946,2773,2019-08-07,27050000,Initial
4947,2773,2021-05-26,28330000,Annual Raise
4948,2773,15-03-2023,31450000,Market Correction
4949,2774,08-03-2020,9110000,Initial
4950,2774,22-03-2022,9710000,Annual Raise
4951,2775,11/04/2019,11020000,Initial
4952,2775,08/03/2021,11580000,Market Correction
4953,2775,03/02/2023,12940000,Annual Raise
4954,2776,04-06-2015,13240000,Initial
4955,2777,08/07/2022,29150000,Initial
4956,2778,24-02-2021,15160000,Initial
4957,2778,2023-01-28,16930000,Promotion
4958,2779,12/04/2020,26050000,Initial
4959,2779,2021-11-08,27830000,Market Correction
4960,2779,06-06-2023,30930000,Annual Raise
4961,2780,22/10/2021,71350000,Initial
4962,2781,2016-11-20,30320000,Initial
4963,2782,2019-01-06,16440000,Initial
4964,2782,06-04-2021,18000000,Annual Raise
4965,2783,2019-12-16,17070000,Initial
4966,2783,21/08/2021,17950000,Adjustment
4967,2783,27/04/2023,19520000,Market Correction
4968,2784,19-05-2019,10740000,Initial
4969,2784,2021-04-02,11580000,Annual Raise
4970,2784,2023-02-16,12610000,Annual Raise
4971,2785,19-07-2015,20610000,Initial
4972,2785,2017-02-13,22190000,Market Correction
4973,2785,12/09/2018,23910000,Annual Raise
4974,2785,2020-04-10,26710000,Promotion
4975,2785,2021-11-06,29810000,Promotion
4976,2785,05-06-2023,32780000,Annual Raise
4977,2786,2017-09-04,22920000,Initial
4978,2786,2019-07-05,25350000,Adjustment
4979,2786,04-05-2021,27960000,Annual Raise
4980,2786,2023-03-04,29290000,Promotion
4981,2787,12/10/2018,18680000,Initial
4982,2787,02-05-2020,19960000,Adjustment
4983,2787,21/11/2021,21330000,Market Correction
4984,2787,12-06-2023,23010000,Annual Raise
4985,2788,22-11-2024,18980000,Initial
4986,2789,2015-06-30,14780000,Initial
4987,2789,2017-01-28,15540000,Promotion
4988,2789,30-08-2018,16980000,Annual Raise
4989,2789,2020-03-31,18790000,Adjustment
4990,2789,2021-10-31,19730000,Annual Raise
4991,2789,2023-06-02,21190000,Annual Raise
4992,2790,21-04-2021,17710000,Initial
4993,2790,25/02/2023,19550000,Promotion
4994,2791,19/10/2019,32560000,Initial
4995,2792,2015-03-03,37580000,Initial
4996,2792,21/10/2016,39090000,Market Correction
4997,2792,12-06-2018,42490000,Adjustment
4998,2792,2020-02-01,46020000,Adjustment
4999,2792,21-09-2021,51500000,Promotion
5000,2792,13/05/2023,54740000,Market Correction
5001,2793,23-02-2020,10450000,Initial
5002,2793,27/03/2022,11660000,Annual Raise
5003,2794,29/06/2015,24910000,Initial
5004,2795,22-02-2016,26990000,Initial
5005,2795,30-11-2017,29090000,Promotion
5006,2795,08-09-2019,30520000,Market Correction
5007,2795,16/06/2021,32030000,Market Correction
5008,2795,2023-03-25,34300000,Adjustment
5009,2796,23/09/2021,16670000,Initial
5010,2796,14-05-2023,18230000,Market Correction
5011,2797,22-09-2018,55150000,
5012,2797,17-04-2020,58590000,Market Correction
5013,2797,11-11-2021,63390000,Adjustment
5014,2797,07-06-2023,70380000,Market Correction
5015,2798,2015-10-04,24990000,Initial
5016,2798,18/04/2017,26620000,Promotion
5017,2798,02-11-2018,29710000,Annual Raise
5018,2798,18-05-2020,31100000,Promotion
5019,2798,2021-12-02,33130000,Annual Raise
5020,2798,18-06-2023,35780000,Annual Raise
5021,2799,16-04-2019,17820000,Initial
5022,2799,11-03-2021,19680000,Market Correction
5023,2799,05-02-2023,21160000,Adjustment
5024,2800,10-08-2017,51030000,Initial
5025,2801,2023-06-29,16330000,Initial
5026,2802,2018-04-29,32880000,Initial
5027,2802,2019-12-29,35180000,Annual Raise
5028,2802,2021-08-30,39150000,Market Correction
5029,2802,2023-05-02,43700000,Annual Raise
5030,2803,02-09-2017,30160000,Initial
5031,2803,03-07-2019,33420000,Adjustment
5032,2803,2021-05-03,35030000,Promotion
5033,2803,03-03-2023,38390000,Promotion
5034,2804,16-04-2023,22200000,Initial
5035,2805,2020-11-03,92720000,Initial
5036,2805,03-12-2022,100490000,Promotion
5037,2806,02/06/2023,19420000,Initial
5038,2807,2021-01-18,31590000,Initial
5039,2808,26-10-2021,28650000,Initial
5040,2808,30/05/2023,31480000,Annual Raise
5041,2809,2022-01-23,19640000,
5042,2810,02-08-2015,23880000,Initial
5043,2810,25/02/2017,25720000,Adjustment
5044,2810,21/09/2018,27750000,Adjustment
5045,2810,17/04/2020,29000000,Annual Raise
5046,2810,11/11/2021,31130000,Annual Raise
5047,2810,07-06-2023,32780000,Promotion
5048,2811,11/01/2016,18000000,Initial
5049,2811,27/10/2017,18790000,Annual Raise
5050,2811,14-08-2019,20190000,Adjustment
5051,2811,30/05/2021,21760000,Promotion
5052,2811,17/03/2023,23830000,Adjustment
5053,2812,25/08/2017,22720000,Initial
5054,2812,2019-06-27,24600000,Annual Raise
5055,2812,2021-04-29,27390000,Market Correction
5056,2812,01-03-2023,30660000,
5057,2813,03/11/2016,15610000,Initial
5058,2813,22-06-2018,16590000,Promotion
5059,2813,2020-02-08,17430000,Market Correction
5060,2813,2021-09-26,18270000,Annual Raise
5061,2813,15/05/2023,19740000,Market Correction
5062,2814,26-05-2018,34290000,Initial
5063,2814,19/01/2020,38080000,Adjustment
5064,2814,2021-09-13,41830000,Adjustment
5065,2814,09-05-2023,45970000,
5066,2815,18/01/2018,12110000,Initial
5067,2815,15/10/2019,13550000,Promotion
5068,2815,11/07/2021,14450000,Adjustment
5069,2815,07/04/2023,15400000,Promotion
5070,2816,20-06-2019,31910000,Initial
5071,2816,24/04/2021,33780000,Market Correction
5072,2816,27/02/2023,36110000,Adjustment
5073,2817,2023-07-12,17670000,Initial
5074,2818,2024-07-30,27490000,Initial
5075,2819,14-03-2021,17030000,Initial
5076,2819,06/02/2023,18740000,Annual Raise
5077,2820,2020-02-01,15770000,Initial
5078,2820,21-09-2021,17540000,Annual Raise
5079,2820,13-05-2023,19560000,
5080,2821,26-09-2018,19230000,Initial
5081,2821,20-04-2020,20110000,Adjustment
5082,2821,13-11-2021,22180000,Adjustment
5083,2821,08-06-2023,23370000,Market Correction
5084,2822,18-01-2015,17000000,Initial
5085,2822,28/07/2016,17810000,Annual Raise
5086,2822,06-02-2018,18660000,Market Correction
5087,2822,17/08/2019,20590000,Adjustment
5088,2823,16-07-2019,27900000,Initial
5089,2823,11-05-2021,29600000,Adjustment
5090,2823,2023-03-07,31710000,Market Correction
5091,2824,23/04/2019,28810000,Initial
5092,2824,16/03/2021,32070000,Market Correction
5093,2824,07-02-2023,33550000,Adjustment
5094,2825,02/08/2019,41910000,Initial
5095,2825,22-05-2021,45270000,Promotion
5096,2825,2023-03-13,47940000,Annual Raise
5097,2826,06/03/2017,10720000,Initial
5098,2826,28/09/2018,11960000,Annual Raise
5099,2826,2020-04-22,13020000,Adjustment
5100,2826,14/11/2021,13550000,Annual Raise
5101,2826,09-06-2023,14960000,Adjustment
5102,2827,18/09/2020,17490000,Initial
5103,2827,2022-11-10,19200000,
5104,2828,20/04/2022,71920000,Initial
5105,2829,2020-05-10,28760000,Initial
5106,2830,27/10/2022,21160000,
5107,2831,21/08/2022,29140000,Initial
5108,2832,2015-02-20,22160000,Initial
5109,2833,17-06-2019,17520000,Initial
5110,2833,22-04-2021,19140000,Market Correction
5111,2833,26/02/2023,20520000,Adjustment
5112,2834,28-10-2024,21110000,Initial
5113,2835,12-08-2020,21240000,Initial
5114,2835,22-10-2022,22540000,Market Correction
5115,2836,26-03-2023,22130000,Initial
5116,2837,18/02/2022,18840000,Initial
5117,2838,2023-05-25,25670000,Initial
5118,2839,2015-01-27,31990000,Initial
5119,2839,2016-09-22,35050000,
5120,2839,20-05-2018,37860000,Adjustment
5121,2839,2020-01-14,40410000,Adjustment
5122,2839,10-09-2021,43990000,Adjustment
5123,2839,07-05-2023,48710000,Promotion
5124,2840,2023-09-05,18750000,Initial
5125,2841,22/03/2023,20550000,Initial
5126,2842,22/03/2017,11620000,Initial
5127,2842,11-10-2018,13010000,Promotion
5128,2842,01-05-2020,13950000,Market Correction
5129,2842,21-11-2021,14990000,Annual Raise
5130,2842,2023-06-12,16730000,Market Correction
5131,2843,2021-05-11,9930000,Initial
5132,2843,07-03-2023,10990000,Promotion
5133,2844,2024-01-28,40900000,Initial
5134,2845,11/12/2019,15360000,Initial
5135,2845,18-08-2021,16400000,Market Correction
5136,2845,26/04/2023,17610000,Market Correction
5137,2846,2015-11-23,24120000,Initial
5138,2846,2017-05-30,25260000,Promotion
5139,2846,2018-12-06,27710000,Adjustment
5140,2846,12-06-2020,29540000,Market Correction
5141,2846,19/12/2021,32620000,Adjustment
5142,2846,2023-06-26,36160000,Annual Raise
5143,2847,02-11-2018,31740000,Initial
5144,2847,2020-05-25,34170000,Adjustment
5145,2848,2015-02-08,12440000,Initial
5146,2848,20-11-2016,13650000,Market Correction
5147,2848,2018-09-03,15050000,Annual Raise
5148,2848,16/06/2020,16420000,Market Correction
5149,2848,30/03/2022,17780000,Annual Raise
5150,2849,01-02-2016,30520000,Initial
5151,2849,13/11/2017,32780000,Annual Raise
5152,2849,26/08/2019,36560000,Annual Raise
5153,2849,08-06-2021,40750000,Adjustment
5154,2849,21/03/2023,42690000,Adjustment
5155,2850,2020-06-13,26050000,Initial
5156,2850,19/12/2021,27880000,Annual Raise
5157,2850,26-06-2023,29560000,Promotion
5158,2851,27-02-2019,6290000,Initial
5159,2851,2021-02-07,6730000,Annual Raise
5160,2851,2023-01-20,7010000,Market Correction
5161,2852,2019-01-19,18710000,Initial
5162,2852,12-01-2021,19900000,Market Correction
5163,2852,07/01/2023,22130000,Promotion
5164,2853,16-10-2024,38980000,Initial
5165,2854,18/02/2023,42110000,Initial
5166,2855,29-09-2024,39940000,Initial
5167,2856,18-02-2019,46370000,Initial
5168,2856,2021-02-01,48670000,Adjustment
5169,2856,2023-01-17,53560000,Annual Raise
5170,2857,10-10-2020,32670000,Initial
5171,2857,21-11-2022,35060000,Market Correction
5172,2858,10/03/2015,24840000,Initial
5173,2858,27/10/2016,27170000,Annual Raise
5174,2858,2018-06-17,28620000,
5175,2858,04-02-2020,30800000,Annual Raise
5176,2858,24-09-2021,32470000,Market Correction
5177,2858,14/05/2023,35880000,Market Correction
5178,2859,08-08-2022,54570000,Initial
5179,2860,27/11/2018,13430000,Initial
5180,2860,05-06-2020,14640000,Annual Raise
5181,2860,2021-12-14,15360000,Adjustment
5182,2860,24-06-2023,16550000,Annual Raise
5183,2861,2023-03-27,13560000,Initial
5184,2862,02/10/2024,18860000,Initial
5185,2863,07/06/2016,26100000,Initial
5186,2863,23/02/2018,28930000,Market Correction
5187,2863,11/11/2019,31540000,Promotion
5188,2863,29/07/2021,34860000,Promotion
5189,2863,16/04/2023,37100000,Annual Raise
5190,2864,19/11/2016,24670000,Initial
5191,2864,05-07-2018,26240000,Market Correction
5192,2864,2020-02-18,28020000,Market Correction
5193,2864,2021-10-03,31050000,Promotion
5194,2864,19/05/2023,33920000,Promotion
5195,2865,2017-09-23,29690000,Initial
5196,2866,18/10/2016,49620000,
5197,2866,09/06/2018,54870000,Annual Raise
5198,2866,29-01-2020,58680000,Annual Raise
5199,2866,20-09-2021,64150000,Adjustment
5200,2866,12-05-2023,71770000,Promotion
5201,2867,21/06/2017,23210000,Initial
5202,2867,23/12/2018,24240000,Promotion
5203,2867,2020-06-25,26250000,Promotion
5204,2867,27/12/2021,27790000,Promotion
5205,2867,30-06-2023,29100000,Promotion
5206,2868,2022-06-18,8480000,Initial
5207,2869,2023-12-03,29320000,Initial
5208,2870,22-03-2022,10050000,Initial
5209,2871,02-05-2022,17320000,
5210,2872,25-01-2024,36140000,Initial
5211,2873,01/04/2016,25670000,Initial
5212,2873,12-01-2018,27780000,Promotion
5213,2873,2019-10-25,30610000,Promotion
5214,2873,2021-08-06,33000000,Promotion
5215,2874,04-06-2021,14230000,Initial
5216,2874,19-03-2023,14900000,Adjustment
5217,2875,27-06-2018,12560000,Initial
5218,2875,10/02/2020,13360000,Annual Raise
5219,2875,25-09-2021,14080000,Adjustment
5220,2875,11/05/2023,15120000,Market Correction
5221,2876,02-08-2018,21570000,Initial
5222,2876,10-03-2020,23860000,Adjustment
5223,2876,2021-10-17,26560000,
5224,2876,26/05/2023,29200000,Promotion
5225,2877,29/10/2020,11920000,Initial
5226,2877,30/11/2022,13030000,Adjustment
5227,2878,07/02/2015,12740000,Initial
5228,2878,01/10/2016,13520000,Adjustment
5229,2878,2018-05-27,14250000,Annual Raise
5230,2878,20/01/2020,15770000,Annual Raise
5231,2878,13-09-2021,17540000,Adjustment
5232,2878,09-05-2023,19330000,Annual Raise
5233,2879,22/05/2024,19080000,Initial
5234,2880,2016-08-20,12820000,Initial
5235,2880,2018-04-23,14260000,Annual Raise
5236,2880,2019-12-25,15340000,Adjustment
5237,2880,27/08/2021,16040000,Market Correction
5238,2880,30/04/2023,17350000,Annual Raise
5239,2881,19-06-2018,15070000,Initial
5240,2881,06/02/2020,16460000,
5241,2881,25-09-2021,17870000,Adjustment
5242,2881,15/05/2023,18720000,
5243,2882,2022-01-28,54190000,Initial
5244,2883,2015-08-29,30620000,
5245,2883,19/03/2017,32880000,Annual Raise
5246,2883,2018-10-09,35870000,Promotion
5247,2883,30-04-2020,38910000,Adjustment
5248,2883,2021-11-20,40680000,Annual Raise
5249,2883,2023-06-12,42620000,Adjustment
5250,2884,05-07-2024,25780000,Initial
5251,2885,14/09/2024,15880000,Initial
5252,2886,2024-02-21,16430000,Initial
5253,2887,14/10/2018,18920000,Initial
5254,2887,03/05/2020,20270000,Promotion
5255,2887,22-11-2021,22290000,
5256,2887,13/06/2023,24520000,Market Correction
5257,2888,21/05/2019,10440000,Initial
5258,2888,2021-04-04,11170000,Promotion
5259,2888,17/02/2023,12000000,Promotion
5260,2889,2022-11-11,54180000,Initial
5261,2890,09-06-2023,26640000,Initial
5262,2891,2020-02-18,25420000,Initial
5263,2891,03/10/2021,26800000,Promotion
5264,2891,19-05-2023,29920000,Annual Raise
5265,2892,07/04/2018,32550000,Initial
5266,2892,13/12/2019,36120000,
5267,2892,2021-08-19,39450000,Adjustment
5268,2892,26-04-2023,44040000,Annual Raise
5269,2893,2023-03-31,30600000,Initial
5270,2894,10-08-2022,21070000,Initial
5271,2895,15-08-2022,44900000,Initial
5272,2896,05/01/2017,61110000,Initial
5273,2896,11/08/2018,63820000,Adjustment
5274,2896,2020-03-17,69050000,Market Correction
5275,2896,21/10/2021,73490000,Annual Raise
5276,2896,2023-05-28,78730000,Market Correction
5277,2897,27/08/2021,22720000,Initial
5278,2897,2023-04-30,24520000,Promotion
5279,2898,30-09-2017,31380000,Initial
5280,2898,2019-05-06,32740000,Annual Raise
5281,2899,27/04/2022,63540000,Initial
5282,2900,2023-09-21,15630000,Initial
5283,2901,2019-02-13,14310000,Initial
5284,2902,05-04-2015,29440000,Initial
5285,2902,18/11/2016,31840000,Promotion
5286,2902,04-07-2018,33640000,Annual Raise
5287,2902,2020-02-17,35570000,Annual Raise
5288,2902,02-10-2021,39600000,Annual Raise
5289,2902,18-05-2023,41890000,Adjustment
5290,2903,28-11-2023,12900000,Initial
5291,2904,07/05/2018,8680000,Initial
5292,2904,04/01/2020,9140000,Annual Raise
5293,2904,03/09/2021,10090000,Adjustment
5294,2904,04/05/2023,11070000,Adjustment
5295,2905,19-07-2019,14000000,Initial
5296,2905,13/05/2021,15410000,Promotion
5297,2905,2023-03-08,16080000,Adjustment
5298,2906,19/09/2015,7130000,Initial
5299,2906,06-04-2017,7790000,Annual Raise
5300,2906,23/10/2018,8510000,Adjustment
5301,2906,11/05/2020,9480000,Promotion
5302,2906,27/11/2021,10200000,Annual Raise
5303,2906,2023-06-15,10960000,Adjustment
5304,2907,14/06/2023,11440000,Initial
5305,2908,2024-08-31,18120000,Initial
5306,2909,23-12-2023,52780000,Initial
5307,2910,27-04-2022,22350000,Initial
5308,2911,13/12/2015,10710000,Initial
5309,2911,2017-06-16,11650000,Adjustment
5310,2911,19/12/2018,12600000,Market Correction
5311,2911,22/06/2020,13430000,Market Correction
5312,2911,25/12/2021,14220000,Market Correction
5313,2911,29/06/2023,15570000,Adjustment
5314,2912,2019-09-29,11590000,Initial
5315,2912,2021-06-30,12800000,Promotion
5316,2912,01/04/2023,13770000,Annual Raise
5317,2913,09/07/2015,23640000,Initial
5318,2913,05/02/2017,26210000,Promotion
5319,2913,2018-09-05,28480000,Annual Raise
5320,2913,05/04/2020,30140000,Promotion
5321,2913,2021-11-03,31730000,Annual Raise
5322,2913,03/06/2023,34700000,Market Correction
5323,2914,23-05-2022,20140000,Initial
5324,2915,10-11-2020,43620000,Initial
5325,2915,06-12-2022,48000000,Promotion
5326,2916,18/09/2022,16840000,Initial
5327,2917,12/05/2018,25470000,Initial
5328,2917,08/01/2020,28400000,Adjustment
5329,2917,2021-09-06,30830000,
5330,2917,05-05-2023,33150000,Annual Raise
5331,2918,20-08-2021,14300000,Initial
5332,2918,27-04-2023,14990000,Promotion
5333,2919,2015-11-01,17130000,Initial
5334,2919,2017-05-12,18260000,Market Correction
5335,2919,2018-11-21,19310000,Annual Raise
5336,2919,01/06/2020,20830000,Promotion
5337,2919,11-12-2021,22780000,Annual Raise
5338,2919,22/06/2023,24400000,Promotion
5339,2920,27-06-2019,6260000,Initial
5340,2920,28/04/2021,6590000,
5341,2920,01/03/2023,6950000,Adjustment
5342,2921,04/01/2021,48070000,Initial
5343,2922,05-01-2023,26110000,Initial
5344,2923,16/09/2019,17640000,Initial
5345,2923,21-06-2021,19040000,Promotion
5346,2923,2023-03-28,20400000,Market Correction
5347,2924,02/04/2019,14330000,Initial
5348,2924,10/03/2021,15330000,Annual Raise
5349,2925,16-12-2020,57770000,Initial
5350,2925,24-12-2022,61510000,
5351,2926,2022-03-07,32690000,Initial
5352,2927,2018-01-25,39710000,Initial
5353,2927,22-08-2019,44270000,Adjustment
5354,2927,19-03-2021,49330000,Adjustment
5355,2928,12/10/2023,36220000,Initial
5356,2929,08-08-2021,24190000,Initial
5357,2929,21/04/2023,26940000,Adjustment
5358,2930,09-11-2022,15840000,Initial
5359,2931,2015-07-16,18170000,Initial
5360,2931,11/02/2017,19660000,Market Correction
5361,2931,10/09/2018,20790000,Adjustment
5362,2931,08-04-2020,22840000,Adjustment
5363,2931,05/11/2021,24230000,Annual Raise
5364,2931,04/06/2023,26330000,Adjustment
5365,2932,07-05-2020,16870000,Initial
5366,2932,24/11/2021,17700000,Promotion
5367,2932,14/06/2023,19390000,Annual Raise
5368,2933,17-05-2022,27970000,Initial
5369,2934,2023-02-19,18000000,Initial
5370,2935,2022-08-09,46270000,Initial
5371,2936,2018-12-20,15500000,Initial
5372,2936,2020-06-23,17020000,Market Correction
5373,2936,26/12/2021,18110000,Market Correction
5374,2936,2023-06-30,19960000,Annual Raise
5375,2937,2020-11-02,20900000,Initial
5376,2937,2022-12-02,22390000,Adjustment
5377,2938,05/06/2018,20090000,Initial
5378,2938,2020-01-26,21630000,Adjustment
5379,2938,18/09/2021,23300000,Promotion
5380,2938,11/05/2023,25480000,Market Correction
5381,2939,2015-11-11,8210000,Initial
5382,2939,2017-05-20,8580000,Annual Raise
5383,2939,28/11/2018,9320000,Market Correction
5384,2939,06/06/2020,9700000,Annual Raise
5385,2939,15-12-2021,10170000,Annual Raise
5386,2939,24/06/2023,10720000,Market Correction
5387,2940,13/12/2015,18670000,Initial
5388,2940,16-06-2017,20050000,Adjustment
5389,2940,19-12-2018,21820000,Market Correction
5390,2940,2020-06-22,23280000,Market Correction
5391,2940,25/12/2021,26040000,Promotion
5392,2940,2023-06-29,27410000,Promotion
5393,2941,2019-10-03,18840000,Initial
5394,2941,03/07/2021,19740000,Market Correction
5395,2941,03-04-2023,20830000,Adjustment
5396,2942,2020-10-10,25730000,Initial
5397,2942,2022-11-21,28670000,Adjustment
5398,2943,19-07-2019,21100000,Initial
5399,2944,2022-11-17,22200000,Initial
5400,2945,2021-10-23,17260000,Initial
5401,2945,29-05-2023,18150000,Market Correction
5402,2946,17-12-2016,33580000,Initial
5403,2947,2019-09-28,23310000,Initial
5404,2947,29/06/2021,25870000,Annual Raise
5405,2947,01/04/2023,28250000,Annual Raise
5406,2948,2018-10-16,34750000,Initial
5407,2948,05/05/2020,36990000,Market Correction
5408,2948,23-11-2021,41310000,Adjustment
5409,2948,13/06/2023,43790000,Promotion
5410,2949,03/04/2018,27750000,Initial
5411,2949,23-02-2020,29830000,Market Correction
5412,2950,09-06-2017,17000000,Initial
5413,2950,13/12/2018,18600000,Market Correction
5414,2950,18/06/2020,20070000,Annual Raise
5415,2950,22/12/2021,21910000,Promotion
5416,2950,28-06-2023,23630000,Market Correction
5417,2951,11/03/2020,35770000,Initial
5418,2951,17/10/2021,37370000,Annual Raise
5419,2951,26-05-2023,41040000,Adjustment
5420,2952,2021-11-26,20400000,Initial
5421,2952,15-06-2023,22090000,Annual Raise
5422,2953,2018-12-03,20250000,Initial
5423,2953,10/06/2020,22510000,Promotion
5424,2953,2021-12-17,24150000,Adjustment
5425,2953,2023-06-25,25270000,Promotion
5426,2954,2016-02-20,41420000,Initial
5427,2954,28-11-2017,44870000,Annual Raise
5428,2954,2019-09-07,49810000,Adjustment
5429,2954,15/06/2021,51840000,Promotion
5430,2954,2023-03-25,57540000,Market Correction
5431,2955,10/08/2019,13200000,
5432,2955,28-05-2021,14510000,Market Correction
5433,2955,16-03-2023,15250000,Promotion
5434,2956,15-07-2017,13240000,Initial
5435,2956,2019-05-27,14350000,Market Correction
5436,2956,2021-04-08,15180000,Adjustment
5437,2956,19-02-2023,16470000,Adjustment
5438,2957,16-01-2017,27550000,
5439,2957,2018-08-20,29250000,Adjustment
5440,2957,23-03-2020,32100000,Market Correction
5441,2957,26/10/2021,34290000,
5442,2957,30-05-2023,37840000,Promotion
5443,2958,12/05/2022,27760000,Initial
5444,2959,24-01-2015,33900000,Initial
5445,2959,20-09-2016,35890000,Adjustment
5446,2959,18/05/2018,38480000,Annual Raise
5447,2959,2020-01-13,41960000,Adjustment
5448,2959,2021-09-09,44140000,Promotion
5449,2959,07-05-2023,48760000,Promotion
5450,2960,12/03/2018,18130000,Initial
5451,2960,31/10/2019,20230000,Promotion
5452,2960,21-06-2021,21390000,Adjustment
5453,2961,18/10/2016,36810000,Initial
5454,2961,09/06/2018,41210000,Promotion
5455,2961,29-01-2020,44790000,Promotion
5456,2961,2021-09-20,47190000,Adjustment
5457,2961,12-05-2023,50370000,Annual Raise
5458,2962,01-05-2016,13260000,Initial
5459,2962,24-01-2018,14690000,Annual Raise
5460,2962,2019-10-19,15830000,Adjustment
5461,2962,2021-07-14,17110000,Annual Raise
5462,2962,08-04-2023,18030000,Market Correction
5463,2963,2018-08-23,8540000,Initial
5464,2963,25-03-2020,9450000,Promotion
5465,2963,2021-10-27,10230000,Adjustment
5466,2963,31/05/2023,11120000,Annual Raise
5467,2964,22-06-2016,22910000,
5468,2965,2020-08-10,20240000,Initial
5469,2965,09-10-2022,21450000,Adjustment
5470,2966,26/10/2019,17310000,Initial
5471,2966,18-07-2021,18310000,Adjustment
5472,2966,10-04-2023,20100000,Promotion
5473,2967,31/03/2018,6970000,Initial
5474,2968,07-03-2023,22800000,Initial
5475,2969,2024-09-09,26460000,Initial
5476,2970,23/03/2017,17520000,Initial
5477,2970,12-10-2018,18570000,Market Correction
5478,2970,02/05/2020,20260000,Annual Raise
5479,2970,21-11-2021,21500000,Adjustment
5480,2970,2023-06-12,24060000,Adjustment
5481,2971,11-02-2017,24830000,
5482,2971,2018-09-10,27300000,Adjustment
5483,2971,2020-04-08,30580000,Market Correction
5484,2971,05-11-2021,33490000,Adjustment
5485,2971,2023-06-04,35830000,Annual Raise
5486,2972,28/07/2017,22570000,Initial
5487,2972,06/06/2019,23950000,Market Correction
5488,2972,2021-04-15,25980000,Promotion
5489,2972,2023-02-22,27480000,Market Correction
5490,2973,21-08-2016,9320000,Initial
5491,2973,24/04/2018,10140000,Market Correction
5492,2973,26-12-2019,10790000,Annual Raise
5493,2973,28-08-2021,11960000,Promotion
5494,2973,01-05-2023,12740000,Adjustment
5495,2974,2019-04-07,18480000,Initial
5496,2974,05-03-2021,20060000,Promotion
5497,2974,02/02/2023,21010000,Adjustment
5498,2975,27-06-2017,5310000,
5499,2975,28/12/2018,5760000,Market Correction
5500,2975,2020-06-29,6070000,Annual Raise
5501,2975,30/12/2021,6530000,Promotion
5502,2975,2023-07-02,7010000,Promotion
5503,2976,2022-03-22,22480000,Initial
5504,2977,24/12/2022,36410000,Initial
5505,2978,2015-06-17,20540000,Initial
5506,2978,2017-01-14,22590000,Promotion
5507,2978,14-08-2018,24140000,Promotion
5508,2978,13-03-2020,26440000,Adjustment
5509,2978,2021-10-11,29430000,Adjustment
5510,2979,2020-04-17,30410000,Initial
5511,2979,2021-11-11,32480000,
5512,2979,07-06-2023,35510000,Promotion
5513,2980,30/10/2017,10690000,Initial
5514,2980,2019-08-16,11910000,
5515,2980,01/06/2021,13150000,Annual Raise
5516,2980,18/03/2023,14660000,Adjustment
5517,2981,2016-02-01,18880000,Initial
5518,2981,13/11/2017,20080000,Promotion
5519,2981,26-08-2019,21670000,Market Correction
5520,2981,08/06/2021,22640000,Promotion
5521,2981,21/03/2023,24430000,Annual Raise
5522,2982,18-09-2018,16670000,Initial
5523,2982,2020-04-14,18580000,Adjustment
5524,2982,2021-11-09,20040000,Annual Raise
5525,2982,06/06/2023,20960000,Promotion
5526,2983,02-09-2017,13210000,Initial
5527,2983,03-07-2019,14200000,Market Correction
5528,2983,2021-05-03,15880000,Market Correction
5529,2983,2023-03-03,17300000,Promotion
5530,2984,11/03/2016,16460000,Initial
5531,2984,14-12-2017,17900000,
5532,2984,19-09-2019,19900000,Market Correction
5533,2984,2021-06-23,21280000,Promotion
5534,2984,29-03-2023,23340000,Annual Raise
5535,2985,30-07-2021,16650000,Initial
5536,2985,16-04-2023,18000000,Market Correction
5537,2986,26-11-2022,28970000,Initial
5538,2987,2018-05-19,10850000,Initial
5539,2987,13/01/2020,12150000,Adjustment
5540,2987,09-09-2021,13160000,Promotion
5541,2987,07-05-2023,14020000,Promotion
5542,2988,29-06-2015,28490000,
5543,2988,28/01/2017,30280000,Promotion
5544,2988,30-08-2018,32960000,Annual Raise
5545,2988,31/03/2020,35050000,Adjustment
5546,2988,31-10-2021,37790000,Annual Raise
5547,2988,02-06-2023,39710000,Market Correction
5548,2989,01-11-2024,38120000,Initial
5549,2990,11-01-2020,8660000,Initial
5550,2990,07/09/2021,9660000,Market Correction
5551,2990,2023-05-06,10400000,Promotion
5552,2991,31/05/2020,18410000,Initial
5553,2991,10/12/2021,19500000,Annual Raise
5554,2991,22/06/2023,20740000,Adjustment
5555,2992,20-09-2021,13990000,Initial
5556,2992,12/05/2023,15040000,Promotion
5557,2993,28-11-2023,14320000,Initial
5558,2994,20-07-2020,28170000,
5559,2994,11-10-2022,31180000,
5560,2995,29-11-2019,47520000,Initial
5561,2995,2021-08-10,52760000,Market Correction
5562,2995,22-04-2023,56140000,Market Correction
5563,2996,30/06/2019,22850000,Initial
5564,2996,30-04-2021,25250000,Promotion
5565,2996,02/03/2023,26910000,Market Correction
5566,2997,31/05/2021,11230000,Initial
5567,2997,17/03/2023,12450000,Annual Raise
5568,2998,2020-08-25,22790000,
5569,2998,29/10/2022,24160000,Market Correction
5570,2999,28-04-2018,28830000,Initial
5571,2999,29-12-2019,30420000,
5572,2999,30-08-2021,32750000,Promotion
5573,2999,02-05-2023,34920000,Adjustment
5574,3000,06/07/2015,14380000,
5575,3000,02/02/2017,16070000,Annual Raise
5576,3000,2018-09-03,16970000,Promotion
5577,3000,2020-04-03,17680000,Annual Raise
5578,3000,2021-11-02,18410000,Promotion
5579,3000,03/06/2023,20100000,Promotion
5580,3001,28/11/2024,24810000,Initial
5581,3002,16-03-2022,17540000,Initial
5582,3003,2022-04-10,14620000,
5583,3004,07-12-2015,24590000,Initial
5584,3004,11/06/2017,26100000,Annual Raise
5585,3004,15-12-2018,28760000,Adjustment
5586,3004,19-06-2020,31070000,Adjustment
5587,3004,2021-12-23,34070000,Annual Raise
5588,3004,28/06/2023,37170000,
5589,3005,31/07/2019,16270000,Initial
5590,3005,2021-05-21,18090000,Promotion
5591,3005,2023-03-12,20200000,Annual Raise
5592,3006,07-01-2022,33980000,Initial
5593,3007,24-12-2016,36130000,Initial
5594,3007,2018-08-02,38280000,Market Correction
5595,3007,2020-03-10,41100000,Annual Raise
5596,3007,2021-10-17,43480000,Annual Raise
5597,3007,26/05/2023,46100000,Annual Raise
5598,3008,07-02-2023,30110000,Initial
5599,3009,03/10/2024,42290000,Initial
5600,3010,22/06/2017,10120000,Initial
5601,3010,2018-12-24,10650000,Promotion
5602,3010,2020-06-26,11150000,Promotion
5603,3010,28-12-2021,12120000,Promotion
5604,3010,01-07-2023,13050000,Adjustment
5605,3011,29-09-2016,12110000,Initial
5606,3011,25/05/2018,12620000,Promotion
5607,3011,18/01/2020,13360000,Market Correction
5608,3011,12/09/2021,14220000,Market Correction
5609,3011,08/05/2023,15850000,Annual Raise
5610,3012,2016-08-30,24640000,Initial
5611,3012,01/05/2018,26420000,Annual Raise
5612,3012,31-12-2019,27650000,Annual Raise
5613,3012,31-08-2021,30200000,Annual Raise
5614,3012,2023-05-02,32550000,Annual Raise
5615,3013,27-01-2017,8790000,Initial
5616,3013,29-08-2018,9620000,Promotion
5617,3013,30/03/2020,10200000,Adjustment
5618,3013,30-10-2021,11250000,Market Correction
5619,3013,01/06/2023,12180000,Annual Raise
5620,3014,07-03-2023,33230000,Initial
5621,3015,02/03/2024,26880000,Initial
5622,3016,23-10-2015,10590000,Initial
5623,3016,04/05/2017,11850000,Market Correction
5624,3016,2018-11-15,12640000,Promotion
5625,3016,28-05-2020,14120000,Promotion
5626,3016,2021-12-08,15500000,Adjustment
5627,3016,21/06/2023,16900000,Market Correction
5628,3017,15/02/2016,20660000,Initial
5629,3017,24-11-2017,22830000,Adjustment
5630,3017,04-09-2019,23950000,Market Correction
5631,3017,13/06/2021,25560000,Annual Raise
5632,3017,2023-03-24,28160000,Adjustment
5633,3018,07-10-2021,17350000,Initial
5634,3019,25/07/2023,30900000,Initial
5635,3020,01-01-2018,20640000,Initial
5636,3021,30/01/2021,17360000,Initial
5637,3021,16/01/2023,18390000,Adjustment
5638,3022,2017-04-08,6770000,Initial
5639,3022,2018-12-20,7420000,Adjustment
5640,3022,2020-09-01,7790000,Annual Raise
5641,3022,2022-05-15,8200000,Market Correction
5642,3023,20/09/2018,36370000,Initial
5643,3023,15-04-2020,39930000,Promotion
5644,3023,10-11-2021,43370000,Promotion
5645,3023,07/06/2023,47650000,Annual Raise
5646,3024,2022-01-14,15240000,Initial
5647,3025,2021-02-08,19860000,Initial
5648,3025,20/01/2023,21180000,Adjustment
5649,3026,2016-08-03,29800000,Initial
5650,3026,03-02-2018,32190000,Adjustment
5651,3027,2016-08-26,25210000,Initial
5652,3027,28/04/2018,26350000,Promotion
5653,3027,29-12-2019,28230000,Promotion
5654,3027,2021-08-30,30930000,Promotion
5655,3027,02/05/2023,33820000,Annual Raise
5656,3028,2022-09-13,20280000,Initial
5657,3029,08/07/2017,22070000,Initial
5658,3029,06-05-2019,23690000,Market Correction
5659,3030,2016-04-29,39000000,Initial
5660,3030,22-01-2018,40680000,Market Correction
5661,3030,2019-10-18,43510000,Market Correction
5662,3030,13-07-2021,46970000,Annual Raise
5663,3030,2023-04-08,50670000,
5664,3031,30-12-2016,34180000,Initial
5665,3031,06/08/2018,36240000,Adjustment
5666,3031,13-03-2020,40570000,Market Correction
5667,3031,2021-10-19,42420000,Adjustment
5668,3031,27-05-2023,46880000,Market Correction
5669,3032,07/09/2016,19930000,Initial
5670,3032,2018-05-07,21680000,Adjustment
5671,3032,05-01-2020,24190000,Promotion
5672,3032,03-09-2021,26140000,
5673,3032,04/05/2023,27710000,Annual Raise
5674,3033,27/11/2018,20050000,Initial
5675,3033,2020-06-05,21070000,Annual Raise
5676,3033,14-12-2021,22240000,Adjustment
5677,3033,2023-06-24,24310000,Adjustment
5678,3034,23-12-2017,45880000,Initial
5679,3034,25/09/2019,50040000,Promotion
5680,3034,28-06-2021,52070000,Annual Raise
5681,3034,31-03-2023,58020000,
5682,3035,30-08-2024,25130000,Initial
5683,3036,2018-08-04,16750000,Initial
5684,3036,2020-03-11,17630000,Market Correction
5685,3036,2021-10-18,18360000,Market Correction
5686,3036,26-05-2023,20220000,Market Correction
5687,3037,19-02-2024,63500000,
5688,3038,16-08-2018,17520000,Initial
5689,3038,2020-03-20,18260000,Market Correction
5690,3038,24-10-2021,19840000,Market Correction
5691,3038,29/05/2023,20660000,Adjustment
5692,3039,31-07-2018,15360000,Initial
5693,3039,2020-03-08,16310000,
5694,3039,2021-10-16,18190000,Adjustment
5695,3039,25-05-2023,19860000,
5696,3040,30/09/2021,11890000,Initial
5697,3040,17-05-2023,12790000,Market Correction
5698,3041,19-04-2019,33890000,Initial
5699,3041,13-03-2021,36900000,Market Correction
5700,3041,06/02/2023,38880000,
5701,3042,2020-12-21,18320000,Initial
5702,3042,27/12/2022,20310000,Promotion
5703,3043,28-11-2020,17060000,Initial
5704,3043,15-12-2022,18080000,Annual Raise
5705,3044,2022-11-19,15200000,Initial
5706,3045,24/01/2019,41060000,Initial
5707,3045,2021-01-16,43390000,Promotion
5708,3045,2023-01-09,45670000,Annual Raise
5709,3046,01-12-2018,24100000,Initial
5710,3046,08-06-2020,26540000,Adjustment
5711,3046,16/12/2021,28690000,Market Correction
5712,3046,25/06/2023,30050000,Annual Raise
5713,3047,14/05/2024,19940000,Initial
5714,3048,2015-08-17,16280000,Initial
5715,3048,09/03/2017,17420000,Market Correction
5716,3048,01/10/2018,18770000,Annual Raise
5717,3048,2020-04-24,19610000,Annual Raise
5718,3048,2021-11-16,21500000,Promotion
5719,3048,2023-06-10,23300000,
5720,3049,27-03-2019,36120000,Initial
5721,3049,26-02-2021,39420000,Promotion
5722,3049,29-01-2023,43280000,Annual Raise
5723,3050,10-08-2015,15950000,Initial
5724,3050,2017-03-04,17720000,Annual Raise
5725,3050,2018-09-27,18540000,Market Correction
5726,3050,21-04-2020,20550000,Market Correction
5727,3050,14-11-2021,22210000,Market Correction
5728,3050,09-06-2023,23190000,Annual Raise
5729,3051,23-05-2024,32270000,Initial
5730,3052,01/08/2016,24440000,Initial
5731,3053,05-09-2016,14030000,Initial
5732,3053,06/05/2018,15100000,Market Correction
5733,3053,04-01-2020,16300000,Market Correction
5734,3053,03-09-2021,17530000,Market Correction
5735,3053,04/05/2023,18550000,Promotion
5736,3054,09-04-2020,12380000,Initial
5737,3054,06-11-2021,13820000,Adjustment
5738,3054,05-06-2023,14810000,Promotion
5739,3055,20/03/2018,12010000,Initial
5740,3056,2020-08-23,48180000,Initial
5741,3056,28/10/2022,51010000,
5742,3057,2021-03-19,10770000,Initial
5743,3057,09/02/2023,11610000,Promotion
5744,3058,2022-12-15,31510000,Initial
5745,3059,06/11/2020,10310000,Initial
5746,3059,04-12-2022,11280000,Promotion
5747,3060,10-12-2021,18100000,Initial
5748,3061,27-02-2024,23910000,Initial
5749,3062,2024-04-11,17560000,Initial
5750,3063,08/03/2017,28440000,Initial
5751,3064,25-04-2015,23930000,Initial
5752,3064,04/12/2016,25560000,Market Correction
5753,3064,17/07/2018,27080000,Annual Raise
5754,3064,2020-02-27,28940000,Adjustment
5755,3064,2021-10-09,30970000,Promotion
5756,3064,22-05-2023,32560000,
5757,3065,17-05-2017,11790000,Initial
5758,3065,25/11/2018,12530000,Promotion
5759,3065,04/06/2020,13860000,Market Correction
5760,3065,2021-12-13,14480000,Adjustment
5761,3065,23/06/2023,15730000,Adjustment
5762,3066,2022-02-27,16670000,Initial
5763,3067,2021-04-28,57990000,Initial
5764,3067,01-03-2023,61610000,Market Correction
5765,3068,17-01-2016,17130000,Initial
5766,3068,01-11-2017,17930000,Promotion
5767,3068,17-08-2019,19500000,Market Correction
5768,3068,02-06-2021,20700000,Annual Raise
5769,3068,18-03-2023,22420000,Annual Raise
5770,3069,19/06/2019,58930000,Initial
5771,3069,2021-04-23,65370000,Adjustment
5772,3069,2023-02-26,70000000,Promotion
5773,3070,14/06/2016,17460000,Initial
5774,3070,28-02-2018,18830000,Adjustment
5775,3070,15/11/2019,20770000,Promotion
5776,3070,2021-07-31,22890000,Annual Raise
5777,3070,2023-04-17,25070000,Annual Raise
5778,3071,18-08-2020,13890000,Initial
5779,3071,25-10-2022,14880000,Annual Raise
5780,3072,2020-05-07,12480000,Initial
5781,3072,24-11-2021,13560000,Promotion
5782,3072,14/06/2023,14860000,Market Correction
5783,3073,2022-08-27,100920000,Initial
5784,3074,01/12/2024,19510000,Initial
5785,3075,16/08/2020,14880000,Initial
5786,3075,2022-10-24,16000000,Adjustment
5787,3076,07-01-2020,11730000,Initial
5788,3076,05/09/2021,12310000,Promotion
5789,3076,2023-05-05,13020000,Promotion
5790,3077,13/06/2015,29010000,Initial
5791,3077,2017-01-14,31990000,Promotion
5792,3077,2018-08-19,34920000,Annual Raise
5793,3077,23-03-2020,37030000,Promotion
5794,3077,25/10/2021,39300000,Promotion
5795,3077,30/05/2023,41490000,Adjustment
5796,3078,2021-11-05,26600000,
5797,3078,2023-06-04,27730000,Market Correction
5798,3079,03-02-2016,12010000,Initial
5799,3079,15/11/2017,13030000,Adjustment
5800,3079,2019-08-28,13880000,Market Correction
5801,3079,09/06/2021,15360000,Market Correction
5802,3079,22-03-2023,16600000,Promotion
5803,3080,2021-02-19,10320000,Initial
5804,3080,26/01/2023,11050000,Promotion
5805,3081,08/07/2018,36300000,Initial
5806,3081,20-02-2020,38120000,Market Correction
5807,3081,04/10/2021,42000000,Adjustment
5808,3081,19-05-2023,44280000,Annual Raise
5809,3082,19/06/2021,17770000,Initial
5810,3082,27-03-2023,19730000,Market Correction
5811,3083,2017-11-22,26270000,Initial
5812,3083,02-09-2019,28290000,Promotion
5813,3083,12-06-2021,30320000,Market Correction
5814,3083,23-03-2023,33590000,Market Correction
5815,3084,17/04/2022,43900000,Initial
5816,3085,12/06/2015,21380000,Initial
5817,3085,2017-01-13,22780000,Adjustment
5818,3085,2018-08-18,23810000,Annual Raise
5819,3085,22/03/2020,24770000,Adjustment
5820,3085,2021-10-25,27510000,Promotion
5821,3085,2023-05-30,29970000,Promotion
5822,3086,11-12-2019,18250000,Initial
5823,3086,2021-08-18,20310000,
5824,3086,2023-04-26,21200000,Annual Raise
5825,3087,08-12-2015,23540000,Initial
5826,3087,12/06/2017,25700000,Annual Raise
5827,3087,16/12/2018,27690000,Adjustment
5828,3087,20-06-2020,29350000,Annual Raise
5829,3087,24-12-2021,31310000,Market Correction
5830,3087,2023-06-29,33460000,Adjustment
5831,3088,17-12-2021,17740000,Initial
5832,3088,25-06-2023,19020000,Promotion
5833,3089,06/11/2022,53550000,Initial
5834,3090,05-04-2018,15560000,Initial
5835,3090,2019-12-11,17160000,Market Correction
5836,3090,18/08/2021,19140000,Market Correction
5837,3090,2023-04-26,19940000,Adjustment
5838,3091,2017-07-02,28600000,Initial
5839,3091,2019-01-01,31260000,Promotion
5840,3091,02/07/2020,34180000,Market Correction
5841,3091,01/01/2022,36100000,Market Correction
5842,3091,2023-07-03,39560000,
5843,3092,2020-03-23,15230000,Initial
5844,3092,2021-10-25,15890000,Adjustment
5845,3092,2023-05-30,16990000,Annual Raise
5846,3093,2016-03-22,47350000,Initial
5847,3093,17-12-2017,49300000,Promotion
5848,3093,2019-09-13,53580000,Market Correction
5849,3093,10-06-2021,59640000,Promotion
5850,3093,2023-03-07,65100000,Adjustment
5851,3094,2023-08-13,19620000,Initial
5852,3095,2018-11-03,16810000,Initial
5853,3095,2020-05-18,18120000,Adjustment
5854,3095,2021-12-02,19240000,Adjustment
5855,3095,18-06-2023,21380000,Promotion
5856,3096,13/04/2016,20070000,Initial
5857,3096,10-01-2018,22100000,Promotion
5858,3096,09/10/2019,24080000,Market Correction
5859,3096,07-07-2021,26410000,Adjustment
5860,3096,05/04/2023,28220000,Market Correction
5861,3097,19/08/2016,12960000,
5862,3097,22/04/2018,13740000,Adjustment
5863,3097,2019-12-24,14520000,Market Correction
5864,3097,27/08/2021,15340000,Market Correction
5865,3097,30-04-2023,16290000,Market Correction
5866,3098,13/09/2015,15960000,Initial
5867,3098,01-04-2017,17040000,Adjustment
5868,3098,19-10-2018,18590000,Market Correction
5869,3098,08/05/2020,20350000,Adjustment
5870,3098,25/11/2021,22110000,Market Correction
5871,3098,14-06-2023,24510000,Promotion
5872,3099,2017-05-24,11410000,Initial
5873,3100,16-02-2022,42280000,Initial
5874,3101,01/12/2015,26760000,Initial
5875,3101,2017-06-06,29030000,Promotion
5876,3101,11-12-2018,31910000,Adjustment
5877,3101,2020-06-16,34570000,Adjustment
5878,3101,2021-12-21,37390000,Adjustment
5879,3101,27/06/2023,41750000,Annual Raise
5880,3102,19/11/2020,19520000,Initial
5881,3103,22/10/2019,41270000,Initial
5882,3103,2021-07-15,43780000,Annual Raise
5883,3103,09/04/2023,46190000,Adjustment
5884,3104,13-09-2019,27040000,Initial
5885,3104,19-06-2021,29940000,Market Correction
5886,3104,27-03-2023,32280000,
5887,3105,2022-10-24,23330000,Initial
5888,3106,2021-04-16,22090000,Initial
5889,3106,2023-02-23,24480000,Adjustment
5890,3107,2018-08-19,25750000,Initial
5891,3107,22/03/2020,28730000,Annual Raise
5892,3107,25/10/2021,30660000,Market Correction
5893,3107,30/05/2023,32880000,Promotion
5894,3108,2015-02-28,15820000,Initial
5895,3108,2016-10-19,17420000,Market Correction
5896,3108,10-06-2018,18850000,Adjustment
5897,3108,2020-01-30,19720000,Market Correction
5898,3108,20-09-2021,20910000,Adjustment
5899,3108,12/05/2023,23390000,Annual Raise
5900,3109,10-09-2024,17810000,Initial
5901,3110,20/01/2020,12400000,Initial
5902,3110,13-09-2021,13440000,Promotion
5903,3110,09-05-2023,14190000,Annual Raise
5904,3111,30/05/2015,28500000,Initial
5905,3111,2017-01-03,30260000,Market Correction
5906,3111,2018-08-10,32990000,Promotion
5907,3111,16-03-2020,35640000,Market Correction
5908,3111,2021-10-21,38240000,Market Correction
5909,3111,28-05-2023,42530000,Market Correction
5910,3112,27/09/2021,23840000,Initial
5911,3112,16-05-2023,26060000,Promotion
5912,3113,15-08-2022,28560000,Initial
5913,3114,08/03/2015,10850000,
5914,3114,25-10-2016,12060000,Promotion
5915,3114,15/06/2018,12790000,
5916,3114,03-02-2020,13540000,Annual Raise
5917,3114,23/09/2021,14180000,Market Correction
5918,3114,14-05-2023,15580000,Promotion
5919,3115,04-11-2022,28090000,Initial
5920,3116,2018-12-13,24340000,Initial
5921,3116,17/06/2020,26350000,Adjustment
5922,3116,2021-12-22,28890000,Adjustment
5923,3116,28-06-2023,32360000,Promotion
5924,3117,09-04-2016,19240000,Initial
5925,3117,06/01/2018,20820000,Annual Raise
5926,3117,06/10/2019,21960000,Promotion
5927,3117,05-07-2021,23090000,Annual Raise
5928,3117,04-04-2023,24800000,Adjustment
5929,3118,14-03-2021,36010000,Initial
5930,3118,2023-02-06,38340000,Market Correction
5931,3119,23/06/2024,17600000,Initial
5932,3120,15/11/2022,19270000,Initial
5933,3121,2016-01-03,19500000,Initial
5934,3121,21/10/2017,21410000,
5935,3121,09-08-2019,22680000,Annual Raise
5936,3121,27-05-2021,25190000,Promotion
5937,3121,15/03/2023,27490000,
5938,3122,26-07-2020,10470000,Initial
5939,3122,2022-10-14,11620000,Promotion
5940,3123,2022-02-07,19450000,
5941,3124,20-07-2024,22440000,Initial
5942,3125,13-04-2016,31850000,Initial
5943,3125,2018-01-10,33810000,Adjustment
5944,3125,09-10-2019,35870000,Market Correction
5945,3125,07-07-2021,37800000,Market Correction
5946,3125,05/04/2023,41920000,Annual Raise
5947,3126,26-11-2023,25540000,Initial
5948,3127,01-02-2015,14440000,Initial
5949,3127,2016-09-26,15920000,Adjustment
5950,3127,23-05-2018,16900000,Adjustment
5951,3127,2020-01-17,18480000,Market Correction
5952,3127,11/09/2021,19330000,Market Correction
5953,3127,08-05-2023,20240000,Promotion
5954,3128,11/11/2024,36900000,Initial
5955,3129,20-07-2022,32000000,Initial
5956,3130,2016-09-20,38310000,Initial
5957,3130,18-05-2018,42050000,Adjustment
5958,3130,13/01/2020,46650000,Annual Raise
5959,3130,09/09/2021,51640000,Adjustment
5960,3130,2023-05-07,54140000,Annual Raise
5961,3131,2018-10-04,30870000,Initial
5962,3131,12/07/2020,33530000,Market Correction
5963,3131,20-04-2022,35630000,Annual Raise
5964,3132,28/02/2017,9640000,Initial
5965,3132,23/09/2018,10460000,Promotion
5966,3132,2020-04-18,11100000,Promotion
5967,3132,2021-11-12,12340000,Promotion
5968,3132,08-06-2023,13580000,Annual Raise
5969,3133,11/06/2016,13670000,Initial
5970,3133,2018-02-26,14640000,Adjustment
5971,3133,13/11/2019,15580000,
5972,3133,30-07-2021,16710000,Promotion
5973,3133,16-04-2023,17670000,Promotion
5974,3134,10-07-2019,23050000,Initial
5975,3134,07-05-2021,25530000,Promotion
5976,3134,05-03-2023,27100000,Market Correction
5977,3135,12/02/2016,9330000,Initial
5978,3135,22-11-2017,10020000,Promotion
5979,3135,02-09-2019,10770000,
5980,3135,2021-06-12,11510000,Adjustment
5981,3135,2023-03-23,12330000,Adjustment
5982,3136,2024-06-15,27580000,Initial
5983,3137,13-08-2018,18680000,Initial
5984,3137,18/03/2020,20150000,Annual Raise
5985,3137,2021-10-22,22370000,Market Correction
5986,3137,2023-05-28,24330000,Market Correction
5987,3138,2022-01-19,25930000,Initial
5988,3139,31-05-2021,21060000,Initial
5989,3139,2023-03-17,23120000,Market Correction
5990,3140,11/02/2022,21260000,Initial
5991,3141,2018-05-01,25070000,Initial
5992,3141,31-12-2019,27000000,Market Correction
5993,3141,31/08/2021,28080000,Annual Raise
5994,3141,02-05-2023,30620000,Market Correction
5995,3142,22-08-2023,10860000,
5996,3143,2022-01-13,36760000,Initial
5997,3144,14-03-2016,32770000,
5998,3144,17-12-2017,36560000,Promotion
5999,3144,21/09/2019,40150000,Market Correction
6000,3144,2021-06-25,42220000,Promotion
6001,3144,2023-03-30,46030000,Promotion
6002,3145,2015-11-13,7420000,Initial
6003,3145,2017-05-22,7850000,Market Correction
6004,3145,2018-11-29,8770000,Promotion
6005,3145,07-06-2020,9240000,Annual Raise
6006,3145,2021-12-15,10260000,Annual Raise
6007,3145,24-06-2023,11190000,Annual Raise
6008,3146,20/05/2019,48120000,Initial
6009,3146,12/01/2021,51960000,Promotion
6010,3146,07-09-2022,57440000,Promotion
6011,3147,06-01-2022,12310000,Initial
6012,3148,2022-02-08,39510000,Initial
6013,3149,01-01-2017,19560000,Initial
6014,3149,08/08/2018,20940000,Annual Raise
6015,3149,2020-03-14,22090000,Annual Raise
6016,3149,20-10-2021,24620000,Adjustment
6017,3149,27/05/2023,25790000,Adjustment
6018,3150,25-04-2016,19480000,Initial
6019,3150,19-01-2018,21560000,Promotion
6020,3150,2019-10-16,23130000,
6021,3150,11/07/2021,25810000,Adjustment
6022,3150,07/04/2023,28070000,Promotion
6023,3151,10-10-2016,32160000,Initial
6024,3151,03/06/2018,35310000,Promotion
6025,3151,25/01/2020,38160000,Promotion
6026,3151,17-09-2021,39920000,Market Correction
6027,3151,11-05-2023,43550000,Market Correction
6028,3152,18-10-2021,30140000,Initial
6029,3153,04/06/2017,24750000,
6030,3153,09/12/2018,25770000,Market Correction
6031,3153,2020-06-15,28040000,Annual Raise
6032,3153,2021-12-20,30130000,Promotion
6033,3153,27-06-2023,32680000,Market Correction
6034,3154,03-09-2018,53710000,Initial
6035,3155,01/01/2018,21800000,Initial
6036,3155,2019-10-02,23890000,Market Correction
6037,3155,02/07/2021,25030000,Annual Raise
6038,3155,02-04-2023,27510000,
6039,3156,10/12/2022,27500000,Initial
6040,3157,2019-11-22,22800000,Initial
6041,3157,05-08-2021,25400000,Market Correction
6042,3157,19-04-2023,27840000,Annual Raise
6043,3158,09-12-2016,22330000,Initial
6044,3158,21-07-2018,24390000,Adjustment
6045,3158,01-03-2020,26320000,Adjustment
6046,3158,11/10/2021,28630000,Adjustment
6047,3158,23/05/2023,31690000,Market Correction
6048,3159,26-02-2016,11770000,Initial
6049,3159,03/12/2017,12710000,Promotion
6050,3159,10-09-2019,13840000,Annual Raise
6051,3159,18/06/2021,14440000,Adjustment
6052,3159,2023-03-26,16080000,Market Correction
6053,3160,05/02/2023,37220000,Initial
6054,3161,24/02/2024,6700000,Initial
6055,3162,2017-03-29,10880000,Initial
6056,3162,17/10/2018,11650000,Adjustment
6057,3162,06-05-2020,12230000,Annual Raise
6058,3162,2021-11-24,12760000,Annual Raise
6059,3162,14-06-2023,14110000,Promotion
6060,3163,15/01/2020,34570000,Initial
6061,3163,10/09/2021,37480000,Promotion
6062,3163,07-05-2023,41960000,Adjustment
6063,3164,2021-07-31,28870000,Initial
6064,3164,2023-04-17,31830000,Adjustment
6065,3165,20-06-2019,32120000,Initial
6066,3166,2019-01-05,11670000,Initial
6067,3166,2021-01-03,12850000,Annual Raise
6068,3166,2023-01-02,13590000,Promotion
6069,3167,17-08-2016,11900000,Initial
6070,3167,2018-04-20,12490000,
6071,3167,23-12-2019,13770000,Annual Raise
6072,3167,2021-08-26,14420000,Annual Raise
6073,3167,2023-04-30,15280000,Annual Raise
6074,3168,2023-01-15,29100000,Initial
6075,3169,10-08-2017,25090000,Initial
6076,3169,16-06-2019,27800000,Annual Raise
6077,3169,21-04-2021,29540000,Adjustment
6078,3169,2023-02-25,31280000,Adjustment
6079,3170,2020-11-29,16500000,
6080,3170,16/12/2022,17620000,Market Correction
6081,3171,08-06-2021,13630000,Initial
6082,3171,21/03/2023,15140000,Annual Raise
6083,3172,25-07-2018,28240000,Initial
6084,3172,2020-03-04,31070000,Market Correction
6085,3172,13/10/2021,33260000,Adjustment
6086,3172,24/05/2023,37100000,Annual Raise
6087,3173,04-08-2020,14330000,Initial
6088,3174,2016-12-01,14080000,Initial
6089,3174,2018-07-14,15060000,Annual Raise
6090,3174,2020-02-25,16240000,Promotion
6091,3174,07/10/2021,17250000,Annual Raise
6092,3174,2023-05-21,18320000,Adjustment
6093,3175,2018-03-13,49090000,Initial
6094,3176,01-06-2015,38160000,Initial
6095,3176,04-01-2017,40420000,Adjustment
6096,3176,2018-08-11,42270000,Annual Raise
6097,3176,2020-03-17,44670000,Annual Raise
6098,3176,21-10-2021,50010000,Adjustment
6099,3176,28-05-2023,52700000,Annual Raise
6100,3177,2015-10-12,12750000,Initial
6101,3177,2017-04-25,13730000,Adjustment
6102,3177,2018-11-08,15170000,Promotion
6103,3177,22-05-2020,16110000,Annual Raise
6104,3177,05/12/2021,16930000,Adjustment
6105,3177,2023-06-19,17690000,Market Correction
6106,3178,23-07-2018,27820000,Initial
6107,3178,02/03/2020,28940000,Market Correction
6108,3178,12/10/2021,31000000,Adjustment
6109,3178,2023-05-23,32240000,Annual Raise
6110,3179,15-07-2020,33990000,Initial
6111,3179,2022-10-08,35600000,Promotion
6112,3180,2020-07-13,24650000,Initial
6113,3180,07-10-2022,27390000,Adjustment
6114,3181,30-04-2015,12800000,Initial
6115,3181,2016-12-09,14210000,Promotion
6116,3181,2018-07-21,14960000,
6117,3181,01/03/2020,15680000,Adjustment
6118,3181,2021-10-11,16580000,Promotion
6119,3181,23-05-2023,18050000,Market Correction
6120,3182,29-08-2024,16420000,Initial
6121,3183,2017-02-21,22880000,Initial
6122,3183,2018-09-18,24220000,Adjustment
6123,3183,14-04-2020,26830000,Market Correction
6124,3183,09-11-2021,27940000,Adjustment
6125,3183,2023-06-06,30760000,Adjustment
6126,3184,20-09-2022,19470000,Initial
6127,3185,29-03-2016,8860000,Initial
6128,3185,12/03/2018,9760000,Annual Raise
6129,3186,10/01/2018,24580000,
6130,3186,09-10-2019,25580000,Promotion
6131,3186,07-07-2021,28410000,Annual Raise
6132,3186,05-04-2023,31250000,Annual Raise
6133,3187,01/06/2016,19130000,Initial
6134,3187,18-02-2018,20690000,Annual Raise
6135,3187,07/11/2019,21770000,Market Correction
6136,3187,26/07/2021,22760000,Adjustment
6137,3187,14-04-2023,23950000,Market Correction
6138,3188,21/02/2022,9860000,Initial
6139,3189,25-06-2021,47440000,Initial
6140,3189,2023-03-30,50810000,Adjustment
6141,3190,31-08-2023,42470000,Initial
6142,3191,2022-12-23,22990000,Initial
6143,3192,2022-10-17,24500000,Initial
6144,3193,2020-04-01,15070000,Initial
6145,3193,31/10/2021,15680000,Market Correction
6146,3193,02-06-2023,16380000,Annual Raise
6147,3194,04-05-2017,11600000,Initial
6148,3194,14-11-2018,12320000,Market Correction
6149,3194,27-05-2020,13280000,Market Correction
6150,3194,08/12/2021,14730000,Adjustment
6151,3194,2023-06-21,16490000,Annual Raise
6152,3195,2023-07-12,15330000,Initial
6153,3196,2024-07-04,19270000,Initial
6154,3197,2019-04-29,14780000,Initial
6155,3197,2021-03-20,15840000,
6156,3197,09/02/2023,17250000,Annual Raise
6157,3198,08-02-2017,27260000,Initial
6158,3198,07/11/2018,28360000,Promotion
6159,3198,05-08-2020,31670000,Market Correction
6160,3199,2016-08-26,16210000,
6161,3199,28/04/2018,17280000,Annual Raise
6162,3199,2019-12-29,18230000,Market Correction
6163,3199,30-08-2021,19400000,Promotion
6164,3199,02/05/2023,21610000,Market Correction
6165,3200,2015-03-09,49780000,Initial
6166,3200,26-10-2016,53630000,Annual Raise
6167,3200,16/06/2018,56310000,Market Correction
6168,3200,2020-02-04,59310000,Annual Raise
6169,3200,23/09/2021,64550000,Annual Raise
6170,3200,14/05/2023,70420000,Adjustment
6171,3201,04/06/2022,52540000,Initial
6172,3202,2018-12-22,23040000,Initial
6173,3202,24-06-2020,24070000,Market Correction
6174,3202,27-12-2021,25810000,Market Correction
6175,3202,30-06-2023,28530000,
6176,3203,2020-09-11,12650000,Initial
6177,3203,06-11-2022,14150000,Annual Raise
6178,3204,2015-07-21,12170000,Initial
6179,3204,15/02/2017,12840000,Annual Raise
6180,3204,13/09/2018,13520000,
6181,3204,2020-04-11,15000000,Market Correction
6182,3204,07-11-2021,15970000,Market Correction
6183,3204,2023-06-05,16640000,Adjustment
6184,3205,19-04-2018,13000000,Initial
6185,3205,2019-12-22,14030000,Promotion
6186,3205,25/08/2021,15220000,Promotion
6187,3205,29/04/2023,16510000,Promotion
6188,3206,2020-10-25,13830000,Initial
6189,3206,28-11-2022,14870000,Market Correction
6190,3207,2016-03-30,18450000,Initial
6191,3207,29-12-2017,20380000,Annual Raise
6192,3207,30-09-2019,21840000,Market Correction
6193,3207,01-07-2021,22740000,Annual Raise
6194,3207,2023-04-02,24620000,Adjustment
6195,3208,04/09/2017,31320000,Initial
6196,3209,25-05-2019,26330000,Initial
6197,3209,06/04/2021,28320000,Annual Raise
6198,3209,2023-02-18,29730000,Adjustment
6199,3210,21/07/2020,16700000,Initial
6200,3211,2023-03-25,14110000,Initial
6201,3212,16/04/2023,13340000,Initial
6202,3213,2022-08-23,16860000,Initial
6203,3214,2015-02-22,8830000,Initial
6204,3214,14-10-2016,9600000,Promotion
6205,3214,2018-06-06,10170000,Adjustment
6206,3214,27-01-2020,10620000,Promotion
6207,3214,18/09/2021,11220000,Adjustment
6208,3214,11/05/2023,12420000,
6209,3215,2017-12-16,25290000,Initial
6210,3215,20-09-2019,27440000,Annual Raise
6211,3215,2021-06-24,29660000,Adjustment
6212,3215,2023-03-29,31840000,Market Correction
6213,3216,30-08-2021,33950000,Initial
6214,3216,02/05/2023,35750000,Adjustment
6215,3217,16-10-2024,15630000,Initial
6216,3218,12/05/2021,37420000,Initial
6217,3218,08/03/2023,41490000,Market Correction
6218,3219,20/06/2023,66150000,Initial
6219,3220,2020-01-28,14330000,Initial
6220,3220,19/09/2021,16010000,Promotion
6221,3220,12-05-2023,17100000,Adjustment
6222,3221,10-06-2022,67060000,Initial
6223,3222,18-05-2018,23160000,Initial
6224,3222,13/01/2020,24330000,Promotion
6225,3222,09/09/2021,27020000,Adjustment
6226,3222,07/05/2023,29470000,Promotion
6227,3223,06/04/2016,22050000,Initial
6228,3223,04/01/2018,23590000,Promotion
6229,3223,2019-10-04,25280000,Promotion
6230,3223,04-07-2021,26480000,Adjustment
6231,3223,2023-04-03,29210000,Promotion
6232,3224,2016-08-28,36620000,Initial
6233,3224,29/04/2018,39160000,
6234,3224,30/12/2019,42250000,Market Correction
6235,3224,30-08-2021,44820000,Promotion
6236,3224,2023-05-02,48350000,Annual Raise
6237,3225,2019-01-03,33430000,Initial
6238,3225,2021-01-02,34910000,Market Correction
6239,3225,02-01-2023,37710000,Market Correction
6240,3226,12-01-2019,28560000,Initial
6241,3226,2021-01-08,30080000,Adjustment
6242,3226,05-01-2023,32900000,Annual Raise
6243,3227,2022-03-01,19310000,Initial
6244,3228,28/10/2024,17540000,Initial
6245,3229,18-09-2018,31010000,Initial
6246,3229,14-04-2020,33450000,Annual Raise
6247,3229,2021-11-09,35350000,Adjustment
6248,3229,06/06/2023,38720000,
6249,3230,20/06/2018,36600000,Initial
6250,3230,2020-01-18,40660000,Market Correction
6251,3230,18-08-2021,42590000,Market Correction
6252,3230,2023-03-18,44440000,Market Correction
6253,3231,11-11-2019,21660000,Initial
6254,3231,29-07-2021,23150000,Promotion
6255,3231,2023-04-16,25420000,Annual Raise
6256,3232,27/03/2018,22470000,Initial
6257,3232,2019-12-05,24190000,Promotion
6258,3232,14/08/2021,26980000,Annual Raise
6259,3232,24-04-2023,29940000,Promotion
6260,3233,25/03/2020,27850000,
6261,3233,2021-10-27,30680000,Adjustment
6262,3233,31-05-2023,33830000,Promotion
6263,3234,28/05/2018,12440000,
6264,3234,20/01/2020,13380000,Promotion
6265,3234,2021-09-14,14500000,Market Correction
6266,3234,2023-05-09,15670000,Promotion
6267,3235,03-02-2020,16850000,Initial
6268,3236,2018-06-06,6940000,
6269,3236,2020-08-25,7300000,Market Correction
6270,3237,2017-10-26,27500000,Initial
6271,3237,2019-08-13,30460000,Market Correction
6272,3237,30/05/2021,32550000,Market Correction
6273,3237,17-03-2023,35740000,Promotion
6274,3238,2015-12-19,3840000,Initial
6275,3238,21-06-2017,4100000,Adjustment
6276,3238,2018-12-23,4330000,Adjustment
6277,3238,25/06/2020,4820000,Annual Raise
6278,3238,27-12-2021,5240000,Adjustment
6279,3238,30-06-2023,5780000,Annual Raise
6280,3239,2019-11-05,13510000,Initial
6281,3239,2021-07-25,14540000,Promotion
6282,3239,2023-04-14,15640000,Adjustment
6283,3240,22-04-2020,19900000,Initial
6284,3240,14-11-2021,21280000,Promotion
6285,3240,2023-06-09,23620000,Adjustment
6286,3241,27-09-2019,10920000,Initial
6287,3241,29-06-2021,11920000,Adjustment
6288,3241,01/04/2023,12430000,Market Correction
6289,3242,11-09-2021,24630000,Initial
6290,3242,08-05-2023,25850000,Annual Raise
6291,3243,08/01/2024,15200000,Initial
6292,3244,09/07/2016,30100000,Initial
6293,3244,20/03/2018,33460000,Promotion
6294,3244,30/11/2019,36260000,Annual Raise
6295,3244,10/08/2021,38330000,Market Correction
6296,3244,2023-04-22,41130000,Promotion
6297,3245,02-05-2018,24060000,Initial
6298,3245,2020-01-01,26110000,Annual Raise
6299,3245,01/09/2021,29240000,Market Correction
6300,3245,2023-05-03,32700000,Promotion
6301,3246,20/03/2019,35100000,Initial
6302,3246,2021-02-21,37950000,Annual Raise
6303,3246,27-01-2023,42250000,Market Correction
6304,3247,14/10/2022,22760000,Initial
6305,3248,2018-12-21,24580000,Initial
6306,3248,23-06-2020,27470000,
6307,3248,26-12-2021,29280000,Promotion
6308,3248,30-06-2023,30950000,Market Correction
6309,3249,24-04-2015,21870000,Initial
6310,3249,2016-12-04,23020000,Market Correction
6311,3249,2018-07-17,24550000,Market Correction
6312,3249,27/02/2020,27160000,Market Correction
6313,3249,09-10-2021,28540000,Annual Raise
6314,3249,22-05-2023,30770000,Annual Raise
6315,3250,29-12-2015,16660000,Initial
6316,3250,2017-06-29,17670000,Adjustment
6317,3250,2018-12-30,19000000,Promotion
6318,3250,30/06/2020,19800000,Adjustment
6319,3250,31-12-2021,21660000,Promotion
6320,3250,02-07-2023,22740000,Market Correction
6321,3251,2021-07-05,41270000,Initial
6322,3251,04/04/2023,44810000,Market Correction
6323,3252,08-08-2015,15720000,Initial
6324,3252,2017-03-02,16650000,Promotion
6325,3252,2018-09-25,17910000,Annual Raise
6326,3252,20/04/2020,18890000,Annual Raise
6327,3252,13-11-2021,20710000,Annual Raise
6328,3252,08-06-2023,23190000,Market Correction
6329,3253,10-03-2020,12570000,Initial
6330,3253,17/10/2021,13840000,Annual Raise
6331,3253,2023-05-26,15350000,Promotion
6332,3254,13-12-2015,13000000,Initial
6333,3254,16/06/2017,14260000,Annual Raise
6334,3254,19-12-2018,15590000,Annual Raise
6335,3254,2020-06-22,16400000,Promotion
6336,3254,2021-12-25,17170000,Adjustment
6337,3254,29/06/2023,17930000,Promotion
6338,3255,20/03/2024,13400000,Initial
6339,3256,12/05/2016,7150000,Initial
6340,3256,2018-02-02,7460000,Promotion
6341,3256,26-10-2019,7920000,Adjustment
6342,3256,2021-07-18,8390000,Adjustment
6343,3256,2023-04-10,9290000,Market Correction
6344,3257,2022-11-13,39240000,Initial
6345,3258,2016-07-12,15060000,Initial
6346,3258,2018-03-23,16440000,Promotion
6347,3258,02-12-2019,17790000,Annual Raise
6348,3258,12/08/2021,19610000,Adjustment
6349,3258,23/04/2023,21560000,
6350,3259,2018-05-17,12030000,Initial
6351,3259,2020-01-12,13040000,Market Correction
6352,3259,2021-09-08,14120000,Market Correction
6353,3259,06/05/2023,15670000,Annual Raise
6354,3260,2024-01-13,19880000,Initial
6355,3261,01-01-2015,15520000,Initial
6356,3261,2016-08-31,17220000,Market Correction
6357,3261,02-05-2018,18060000,Annual Raise
6358,3261,01/01/2020,19120000,Market Correction
6359,3261,2021-09-01,20020000,Annual Raise
6360,3261,03-05-2023,21750000,Market Correction
6361,3262,2017-04-16,20160000,Initial
6362,3263,13-05-2016,17430000,Initial
6363,3263,03-02-2018,18530000,Adjustment
6364,3263,27-10-2019,20140000,
6365,3263,2021-07-19,21300000,Adjustment
6366,3263,11-04-2023,23240000,
6367,3264,09-06-2024,39740000,Initial
6368,3265,2024-08-20,30790000,Initial
6369,3266,26-01-2017,11440000,Initial
6370,3266,28-08-2018,12730000,Market Correction
6371,3266,29-03-2020,13720000,Market Correction
6372,3266,2021-10-30,15150000,Market Correction
6373,3266,01/06/2023,16860000,Adjustment
6374,3267,26-09-2020,51330000,Initial
6375,3267,14/11/2022,53500000,
6376,3268,2018-04-02,61500000,Initial
6377,3268,2019-12-09,64020000,Market Correction
6378,3268,17/08/2021,67800000,Promotion
6379,3268,25-04-2023,75650000,Promotion
6380,3269,13/02/2019,11410000,Initial
6381,3269,29/01/2021,12050000,Adjustment
6382,3269,15/01/2023,13480000,
6383,3270,15/03/2020,20800000,Initial
6384,3270,2021-10-20,22850000,Annual Raise
6385,3270,2023-05-27,24300000,
6386,3271,2020-02-16,15770000,Initial
6387,3272,27-03-2022,31990000,Initial
6388,3273,23-12-2018,26840000,Initial
6389,3273,2020-06-25,28160000,Adjustment
6390,3273,2021-12-27,30520000,Promotion
6391,3273,30/06/2023,32790000,Promotion
6392,3274,08/02/2018,57750000,Initial
6393,3275,29/11/2018,17590000,Initial
6394,3275,2020-06-07,18380000,Adjustment
6395,3275,2021-12-15,19450000,Promotion
6396,3275,2023-06-24,20980000,Market Correction
6397,3276,2016-12-15,17100000,Initial
6398,3276,2018-07-25,18020000,Adjustment
6399,3276,2020-03-04,19660000,Promotion
6400,3276,13/10/2021,20890000,Market Correction
6401,3276,24/05/2023,22660000,Promotion
6402,3277,2020-02-26,25000000,Initial
6403,3277,2021-10-08,26670000,
6404,3277,21-05-2023,28170000,Promotion
6405,3278,02/06/2019,10550000,Initial
6406,3278,23/02/2021,11090000,Annual Raise
6407,3278,2022-11-18,12050000,Annual Raise
6408,3279,17-10-2021,43530000,Initial
6409,3279,26/05/2023,48450000,Adjustment
6410,3280,14-06-2016,10580000,Initial
6411,3280,28-02-2018,11500000,Promotion
6412,3280,15/11/2019,12050000,Annual Raise
6413,3280,31-07-2021,12650000,Market Correction
6414,3280,2023-04-17,13630000,Annual Raise
6415,3281,2021-07-22,15810000,Initial
6416,3281,12-04-2023,17460000,Adjustment
6417,3282,21-07-2024,19890000,Initial
6418,3283,07/08/2020,30320000,Initial
6419,3283,20/10/2022,31550000,Adjustment
6420,3284,28-08-2023,38710000,Initial
6421,3285,16/11/2024,26710000,Initial
6422,3286,21/09/2015,24770000,Initial
6423,3286,2017-04-08,27410000,Market Correction
6424,3286,2018-10-25,29660000,Promotion
6425,3286,12/05/2020,33020000,Market Correction
6426,3286,28/11/2021,36380000,Annual Raise
6427,3286,2023-06-16,39670000,Annual Raise
6428,3287,2019-12-14,10050000,Initial
6429,3287,20/08/2021,10900000,Adjustment
6430,3287,27-04-2023,11860000,Market Correction
6431,3288,13/12/2016,19420000,Initial
6432,3288,24-07-2018,21050000,Annual Raise
6433,3288,03-03-2020,22740000,Annual Raise
6434,3288,2021-10-12,23660000,Adjustment
6435,3288,2023-05-23,25990000,Annual Raise
6436,3289,23-02-2022,33560000,
6437,3290,2019-11-28,13260000,Initial
6438,3290,2021-08-09,14640000,Annual Raise
6439,3290,2023-04-21,16050000,Annual Raise
6440,3291,2019-11-13,16180000,Initial
6441,3291,30/07/2021,17660000,Annual Raise
6442,3291,16/04/2023,18840000,Market Correction
6443,3292,20/01/2022,40230000,Initial
6444,3293,2015-01-22,9640000,Initial
6445,3293,18/09/2016,10380000,Promotion
6446,3293,16-05-2018,11610000,Market Correction
6447,3293,12/01/2020,12760000,Annual Raise
6448,3293,08-09-2021,13830000,Annual Raise
6449,3293,06-05-2023,15210000,Annual Raise
6450,3294,2018-10-27,26710000,
6451,3294,2020-05-13,29350000,Promotion
6452,3294,29/11/2021,31700000,Market Correction
6453,3294,16-06-2023,35390000,Adjustment
6454,3295,17/02/2017,33810000,Initial
6455,3295,15/09/2018,36010000,Promotion
6456,3295,12-04-2020,38430000,Adjustment
6457,3295,2021-11-08,42260000,Market Correction
6458,3295,06/06/2023,44820000,Adjustment
6459,3296,31-12-2018,7870000,Initial
6460,3296,01-07-2020,8630000,Market Correction
6461,3296,31/12/2021,9110000,Promotion
6462,3296,02-07-2023,10160000,Promotion
6463,3297,03/12/2019,47630000,Initial
6464,3297,12/08/2021,53030000,Adjustment
6465,3297,23-04-2023,57600000,Adjustment
6466,3298,04/06/2016,15600000,Initial
6467,3298,20-02-2018,16830000,Promotion
6468,3298,09/11/2019,18280000,Adjustment
6469,3298,27-07-2021,20120000,Market Correction
6470,3298,15-04-2023,22510000,Annual Raise
6471,3299,2017-08-02,10320000,Initial
6472,3299,10/06/2019,11010000,Promotion
6473,3299,17/04/2021,12180000,Annual Raise
6474,3299,23-02-2023,12880000,Adjustment
6475,3300,18-03-2024,25600000,Initial
6476,3301,06/10/2015,20940000,Initial
6477,3301,20/04/2017,22550000,Market Correction
6478,3301,2018-11-04,24960000,Market Correction
6479,3301,19-05-2020,27590000,Annual Raise
6480,3301,03/12/2021,30620000,Adjustment
6481,3301,18-06-2023,32310000,Market Correction
6482,3302,28-12-2020,20630000,Initial
6483,3302,30-12-2022,21750000,Promotion
6484,3303,24/06/2019,44910000,Initial
6485,3303,2021-04-26,48650000,Market Correction
6486,3303,28/02/2023,50900000,Market Correction
6487,3304,15/07/2021,10960000,Initial
6488,3304,09/04/2023,11990000,Adjustment
6489,3305,16/10/2018,12870000,Initial
6490,3305,2020-05-05,13480000,Promotion
6491,3305,23-11-2021,14800000,Promotion
6492,3305,13/06/2023,16260000,Annual Raise
6493,3306,24-07-2016,27600000,Initial
6494,3306,2018-08-28,30530000,Promotion
6495,3307,2017-08-23,21590000,Initial
6496,3307,2019-06-26,24140000,Annual Raise
6497,3307,28-04-2021,25450000,Market Correction
6498,3307,01-03-2023,27820000,Promotion
6499,3308,17/11/2018,12090000,Initial
6500,3308,2020-05-29,12670000,Market Correction
6501,3308,2021-12-09,13290000,Market Correction
6502,3308,21-06-2023,14350000,Adjustment
6503,3309,2021-03-08,12280000,Initial
6504,3309,03/02/2023,12800000,Promotion
6505,3310,02-03-2016,13270000,Initial
6506,3310,17/09/2017,14850000,Promotion
6507,3310,05-04-2019,15860000,Adjustment
6508,3310,2020-10-21,16530000,Market Correction
6509,3311,10-05-2020,15320000,Initial
6510,3311,26/11/2021,16680000,Adjustment
6511,3311,15-06-2023,18510000,Adjustment
6512,3312,18/04/2015,17060000,Initial
6513,3312,29/11/2016,18350000,Promotion
6514,3312,13-07-2018,20110000,Market Correction
6515,3312,24/02/2020,22110000,Promotion
6516,3312,2021-10-07,24740000,Adjustment
6517,3312,2023-05-21,27620000,Annual Raise
6518,3313,25/08/2022,23650000,Initial
6519,3314,05/05/2019,18590000,Initial
6520,3314,24-03-2021,20790000,Annual Raise
6521,3314,2023-02-11,22310000,Annual Raise
6522,3315,2021-02-28,25010000,Initial
6523,3315,30-01-2023,27700000,Promotion
6524,3316,11-12-2018,19170000,Initial
6525,3316,2020-06-16,20430000,Annual Raise
6526,3316,2021-12-21,21890000,Market Correction
6527,3316,27/06/2023,23230000,Annual Raise
6528,3317,08/08/2017,24010000,Initial
6529,3317,14/06/2019,26200000,Annual Raise
6530,3317,20/04/2021,27800000,Adjustment
6531,3317,25-02-2023,31060000,
6532,3318,2023-12-29,40450000,Initial
6533,3319,21/08/2015,15340000,Initial
6534,3319,13-03-2017,16740000,Annual Raise
6535,3319,04/10/2018,17820000,Adjustment
6536,3319,26/04/2020,18570000,
6537,3319,2021-11-17,19600000,Annual Raise
6538,3319,2023-06-10,21120000,Adjustment
6539,3320,03-12-2018,14760000,
6540,3320,10-06-2020,16500000,Adjustment
6541,3320,17/12/2021,17940000,Promotion
6542,3320,2023-06-25,19730000,Promotion
6543,3321,18/10/2021,10790000,
6544,3321,26-05-2023,11670000,
6545,3322,09/11/2015,16090000,Initial
6546,3322,18/05/2017,17800000,Annual Raise
6547,3322,26/11/2018,19890000,Market Correction
6548,3322,05/06/2020,21740000,Promotion
6549,3322,2021-12-14,23330000,Annual Raise
6550,3322,24-06-2023,25720000,Promotion
6551,3323,2024-08-18,20320000,Initial
6552,3324,2023-10-01,17600000,Initial
6553,3325,30/07/2018,33670000,Initial
6554,3325,07/03/2020,36730000,Promotion
6555,3325,15/10/2021,40970000,
6556,3325,25-05-2023,45380000,Market Correction
6557,3326,2019-08-10,19210000,Initial
6558,3326,28-05-2021,21400000,Promotion
6559,3326,2023-03-16,23340000,Market Correction
6560,3327,13/04/2017,25400000,
6561,3327,2018-10-29,27250000,Promotion
6562,3327,15/05/2020,29680000,Annual Raise
6563,3327,30/11/2021,32820000,Annual Raise
6564,3327,17-06-2023,34510000,Annual Raise
6565,3328,17-05-2016,8290000,Initial
6566,3328,06/02/2018,9130000,Annual Raise
6567,3328,2019-10-29,10010000,Annual Raise
6568,3328,20-07-2021,10600000,Annual Raise
6569,3328,11/04/2023,11770000,Promotion
6570,3329,31-10-2022,35510000,Initial
6571,3330,2020-08-05,28780000,Initial
6572,3330,19/10/2022,31470000,Annual Raise
6573,3331,15-05-2018,12750000,Initial
6574,3331,10-01-2020,13660000,Market Correction
6575,3331,07/09/2021,14230000,Annual Raise
6576,3331,06/05/2023,15420000,Annual Raise
6577,3332,21-07-2020,17680000,Initial
6578,3333,22/04/2017,11180000,Initial
6579,3333,05/11/2018,12300000,Adjustment
6580,3333,20-05-2020,13680000,Annual Raise
6581,3333,03-12-2021,14440000,Promotion
6582,3333,18-06-2023,15630000,Promotion
6583,3334,29/05/2022,19150000,Initial
6584,3335,29-10-2021,32940000,
6585,3335,2023-06-01,36100000,Adjustment
6586,3336,01-02-2024,22610000,Initial
6587,3337,20/02/2023,26740000,Initial
6588,3338,2024-01-21,22340000,Initial
6589,3339,17/08/2024,48010000,Initial
6590,3340,27-10-2016,15540000,Initial
6591,3340,2018-06-16,16420000,Adjustment
6592,3340,04-02-2020,17920000,Annual Raise
6593,3340,2021-09-23,18700000,Adjustment
6594,3340,14-05-2023,20910000,Promotion
6595,3341,2016-06-24,10490000,Initial
6596,3341,2018-03-08,11590000,Annual Raise
6597,3341,2019-11-21,12690000,Promotion
6598,3341,04-08-2021,13540000,Annual Raise
6599,3341,2023-04-19,15060000,Adjustment
6600,3342,17/12/2015,24280000,Initial
6601,3342,19-06-2017,27080000,Promotion
6602,3342,22/12/2018,29860000,Market Correction
6603,3342,2020-06-24,31230000,Market Correction
6604,3342,27/12/2021,33240000,Market Correction
6605,3342,2023-06-30,36950000,Annual Raise
6606,3343,08-06-2015,9520000,Initial
6607,3343,10/01/2017,9910000,Promotion
6608,3343,16-08-2018,11080000,Market Correction
6609,3343,20-03-2020,12220000,Market Correction
6610,3343,24/10/2021,13450000,Promotion
6611,3343,2023-05-29,15030000,Annual Raise
6612,3344,10/10/2023,11560000,Initial
6613,3345,17-05-2021,40270000,Initial
6614,3345,10/03/2023,44900000,Annual Raise
6615,3346,2020-03-10,21030000,Initial
6616,3347,20/05/2020,11410000,Initial
6617,3347,03-12-2021,12550000,Promotion
6618,3347,2023-06-18,13130000,Promotion
6619,3348,01-07-2021,55210000,Initial
6620,3348,02-04-2023,61640000,Market Correction
6621,3349,20-09-2015,38430000,Initial
6622,3349,2017-04-07,40430000,Annual Raise
6623,3349,24/10/2018,43480000,Adjustment
6624,3349,11/05/2020,47630000,Adjustment
6625,3349,27-11-2021,50160000,Market Correction
6626,3349,15-06-2023,55690000,Adjustment
6627,3350,2017-11-29,23240000,Initial
6628,3350,07-09-2019,25820000,Market Correction
6629,3350,2021-06-16,26980000,Annual Raise
6630,3350,2023-03-25,30130000,Adjustment
6631,3351,24-08-2016,35760000,Initial
6632,3351,26/04/2018,38600000,Promotion
6633,3351,27-12-2019,43010000,Annual Raise
6634,3351,2021-08-29,47600000,Annual Raise
6635,3351,2023-05-01,52510000,Annual Raise
6636,3352,05-05-2022,24020000,Initial
6637,3353,21-06-2015,29930000,Initial
6638,3353,21-01-2017,32540000,Adjustment
6639,3353,24-08-2018,36420000,Promotion
6640,3353,2020-03-27,37890000,Promotion
6641,3353,28/10/2021,42160000,
6642,3353,31-05-2023,45530000,Market Correction
6643,3354,2017-11-20,31370000,Initial
6644,3354,11-02-2020,34630000,Market Correction
6645,3355,2018-12-03,11240000,Initial
6646,3355,10-06-2020,11720000,Promotion
6647,3355,17-12-2021,12740000,Market Correction
6648,3355,2023-06-25,14260000,Adjustment
6649,3356,28-08-2017,35110000,Initial
6650,3356,29-06-2019,38990000,Promotion
6651,3356,30-04-2021,42500000,Annual Raise
6652,3356,02-03-2023,46700000,Annual Raise
6653,3357,20-10-2015,45860000,Initial
6654,3357,02-05-2017,48090000,Adjustment
6655,3357,2018-11-13,53830000,Promotion
6656,3357,26-05-2020,59160000,Market Correction
6657,3357,07-12-2021,61830000,Promotion
6658,3357,20/06/2023,66710000,Market Correction
6659,3358,22/10/2021,13570000,Initial
6660,3358,2023-05-28,14890000,Market Correction
6661,3359,2020-04-11,10120000,Initial
6662,3359,07/11/2021,11100000,Adjustment
6663,3359,05/06/2023,12040000,Annual Raise
6664,3360,17-02-2019,27660000,
6665,3360,12/01/2021,30720000,Annual Raise
6666,3360,08/12/2022,32800000,Market Correction
6667,3361,2016-03-11,41390000,Initial
6668,3361,14/12/2017,45340000,Market Correction
6669,3361,19/09/2019,50410000,Market Correction
6670,3361,23-06-2021,54830000,
6671,3361,2023-03-29,59910000,Annual Raise
6672,3362,2017-05-30,15290000,Initial
6673,3362,05/12/2018,16790000,Market Correction
6674,3362,2020-06-12,18110000,Market Correction
6675,3362,18-12-2021,19650000,Market Correction
6676,3362,2023-06-26,21480000,Promotion
6677,3363,10-04-2019,35300000,Initial
6678,3363,07-03-2021,38020000,Promotion
6679,3363,03-02-2023,39620000,Market Correction
6680,3364,08/07/2017,29840000,Initial
6681,3364,2019-05-22,31430000,Promotion
6682,3364,05/04/2021,33830000,Market Correction
6683,3364,17-02-2023,36200000,Adjustment
6684,3365,16/01/2021,10610000,Initial
6685,3365,09/01/2023,11810000,Annual Raise
6686,3366,24/05/2022,74250000,Initial
6687,3367,17-05-2024,14730000,
6688,3368,03/08/2017,23590000,Initial
6689,3368,11-06-2019,25900000,Annual Raise
6690,3368,18-04-2021,27180000,Market Correction
6691,3368,2023-02-24,30410000,Promotion
6692,3369,28/12/2019,27600000,Initial
6693,3369,2021-08-29,29440000,Market Correction
6694,3369,01/05/2023,31470000,Market Correction
6695,3370,14-04-2021,27520000,Initial
6696,3370,22-02-2023,29790000,
6697,3371,13/01/2020,12440000,Initial
6698,3371,09/09/2021,13730000,Promotion
6699,3371,07/05/2023,15360000,Promotion
6700,3372,11/01/2021,34250000,Initial
6701,3372,06/01/2023,36840000,Market Correction
6702,3373,16/10/2021,11440000,Initial
6703,3373,2023-05-25,12290000,Market Correction
6704,3374,2015-11-30,18000000,Initial
6705,3374,2017-06-05,19050000,Market Correction
6706,3374,10-12-2018,20830000,Market Correction
6707,3374,16-06-2020,23150000,Annual Raise
6708,3374,21/12/2021,24410000,Promotion
6709,3374,27-06-2023,26620000,Market Correction
6710,3375,04-02-2022,21170000,Initial
6711,3376,05/03/2015,23280000,Initial
6712,3376,23/10/2016,25490000,Market Correction
6713,3376,13/06/2018,27070000,Annual Raise
6714,3376,02/02/2020,29800000,Market Correction
6715,3376,22/09/2021,33000000,Adjustment
6716,3376,13/05/2023,34360000,Promotion
6717,3377,01/05/2023,17700000,Initial
6718,3378,2015-10-27,50950000,Initial
6719,3378,2017-05-08,56080000,Promotion
6720,3378,2018-11-18,62230000,Annual Raise
6721,3378,2020-05-30,67990000,
6722,3378,10/12/2021,71530000,Adjustment
6723,3378,22-06-2023,76910000,Promotion
6724,3379,2018-12-22,29310000,Initial
6725,3379,24/06/2020,32800000,Adjustment
6726,3379,27-12-2021,36510000,Annual Raise
6727,3379,30-06-2023,40550000,Promotion
6728,3380,2016-05-02,14410000,Initial
6729,3380,2018-01-25,15250000,
6730,3380,20-10-2019,16840000,Adjustment
6731,3380,14-07-2021,18730000,Market Correction
6732,3380,08/04/2023,20920000,Market Correction
6733,3381,06/02/2023,30130000,Initial
6734,3382,2023-04-22,18700000,Initial
6735,3383,24-03-2023,29170000,Initial
6736,3384,15/09/2016,27780000,Initial
6737,3384,14-05-2018,29900000,Market Correction
6738,3384,10/01/2020,31560000,Promotion
6739,3384,2021-09-07,34250000,Market Correction
6740,3384,06/05/2023,37570000,Adjustment
6741,3385,2019-04-03,47500000,Initial
6742,3385,03/03/2021,52430000,Market Correction
6743,3385,2023-02-01,56060000,Market Correction
6744,3386,2023-09-02,32800000,Initial
6745,3387,14-03-2018,18420000,Initial
6746,3387,25/11/2019,19540000,Adjustment
6747,3387,2021-08-07,21040000,Annual Raise
6748,3387,20/04/2023,23470000,Promotion
6749,3388,2015-06-21,16580000,Initial
6750,3388,2017-01-21,18470000,Adjustment
6751,3388,2018-08-24,19340000,Annual Raise
6752,3388,27-03-2020,21250000,Adjustment
6753,3388,28/10/2021,22330000,Annual Raise
6754,3388,31/05/2023,23590000,Annual Raise
6755,3389,30/10/2019,14160000,Initial
6756,3389,21-07-2021,15540000,Adjustment
6757,3389,12/04/2023,16260000,Annual Raise
6758,3390,12/02/2016,23110000,Initial
6759,3390,22-11-2017,24120000,Market Correction
6760,3390,02-09-2019,25560000,Annual Raise
6761,3390,12/06/2021,28580000,Market Correction
6762,3390,2023-03-23,31000000,Adjustment
6763,3391,16/06/2020,19240000,Initial
6764,3391,2021-12-21,20160000,Market Correction
6765,3391,27/06/2023,21840000,Promotion
6766,3392,2021-10-18,20500000,Initial
6767,3392,26/05/2023,22050000,Annual Raise
6768,3393,29/01/2016,14200000,Initial
6769,3393,11-11-2017,15870000,Promotion
6770,3393,2019-08-25,17060000,Adjustment
6771,3393,07-06-2021,18670000,Market Correction
6772,3393,21/03/2023,20550000,Adjustment
6773,3394,2021-09-17,20660000,Initial
6774,3394,11-05-2023,22120000,Annual Raise
6775,3395,28/01/2015,19310000,
6776,3395,23/09/2016,20140000,Market Correction
6777,3395,20/05/2018,21050000,Annual Raise
6778,3395,2020-01-15,22860000,
6779,3395,2021-09-10,25370000,Adjustment
6780,3395,2023-05-07,27420000,Market Correction
6781,3396,28-05-2021,37790000,Initial
6782,3396,16-03-2023,40680000,Annual Raise
6783,3397,23/04/2018,14860000,Initial
6784,3397,2019-12-25,16040000,Annual Raise
6785,3397,27-08-2021,16880000,Adjustment
6786,3397,2023-04-30,18360000,Annual Raise
6787,3398,26-12-2019,9820000,Initial
6788,3398,28/08/2021,10670000,Annual Raise
6789,3398,01-05-2023,11440000,Promotion
6790,3399,14/02/2018,16430000,Initial
6791,3399,04/11/2019,17400000,Adjustment
6792,3399,24/07/2021,18810000,Adjustment
6793,3399,13/04/2023,19720000,Promotion
6794,3400,07/05/2023,28580000,Initial
6795,3401,2020-09-07,27310000,Initial
6796,3401,04/11/2022,29120000,Market Correction
6797,3402,05-12-2022,17990000,Initial
6798,3403,2017-02-18,38110000,Initial
6799,3403,15/09/2018,40190000,Market Correction
6800,3403,2020-04-12,43340000,Adjustment
6801,3403,2021-11-08,46380000,Market Correction
6802,3403,06/06/2023,48480000,Annual Raise
6803,3404,2022-02-11,65530000,Initial
6804,3405,12-10-2024,14650000,Initial
6805,3406,2016-09-12,19290000,Initial
6806,3406,11-05-2018,20240000,Promotion
6807,3406,2020-01-08,22400000,Annual Raise
6808,3406,2021-09-05,23780000,Promotion
6809,3406,05-05-2023,26040000,Promotion
6810,3407,23-06-2016,12490000,Initial
6811,3407,2018-03-07,13020000,Annual Raise
6812,3407,20/11/2019,14220000,Annual Raise
6813,3407,04/08/2021,15280000,Annual Raise
6814,3407,19/04/2023,16570000,Promotion
6815,3408,14-01-2015,22250000,Initial
6816,3408,11/09/2016,23400000,Adjustment
6817,3408,11/05/2018,24400000,Annual Raise
6818,3408,08/01/2020,26330000,Annual Raise
6819,3408,05-09-2021,28620000,Market Correction
6820,3408,2023-05-05,30660000,Annual Raise
6821,3409,18/12/2022,20270000,Initial
6822,3410,28-01-2022,15660000,Initial
6823,3411,04/11/2024,13320000,Initial
6824,3412,30-06-2020,19210000,Initial
6825,3412,30-12-2021,20740000,Market Correction
6826,3412,2023-07-02,22400000,Adjustment
6827,3413,25-04-2018,22840000,Initial
6828,3414,25/08/2018,14390000,Initial
6829,3414,26/05/2020,15050000,Promotion
6830,3414,25-02-2022,16450000,Annual Raise
6831,3415,2022-05-29,12860000,Initial
6832,3416,03-06-2024,16890000,Initial
6833,3417,29/04/2015,12700000,Initial
6834,3417,08-12-2016,13240000,Market Correction
6835,3417,20/07/2018,14550000,Adjustment
6836,3417,2020-02-29,15450000,Promotion
6837,3417,10/10/2021,16770000,Promotion
6838,3417,2023-05-22,18070000,Promotion
6839,3418,07-09-2015,17260000,Initial
6840,3418,27/03/2017,18080000,Promotion
6841,3418,15-10-2018,19510000,
6842,3418,05-05-2020,21080000,Market Correction
6843,3418,2021-11-23,22030000,Promotion
6844,3418,13-06-2023,23260000,Annual Raise
6845,3419,2019-08-12,33900000,Initial
6846,3419,29/05/2021,37720000,Annual Raise
6847,3419,16-03-2023,40430000,Market Correction
6848,3420,2015-08-12,15360000,Initial
6849,3420,05-03-2017,16860000,Promotion
6850,3420,28/09/2018,18300000,Annual Raise
6851,3420,22-04-2020,19910000,Annual Raise
6852,3420,14-11-2021,21480000,
6853,3420,09-06-2023,23040000,Promotion
6854,3421,17-06-2018,17180000,Initial
6855,3421,04-02-2020,18840000,Annual Raise
6856,3421,24/09/2021,20450000,Promotion
6857,3421,14/05/2023,21920000,Adjustment
6858,3422,04/01/2021,45850000,
6859,3422,03-01-2023,50570000,Promotion
6860,3423,13/06/2016,22920000,Initial
6861,3423,27-02-2018,24970000,Market Correction
6862,3423,2019-11-14,27280000,Market Correction
6863,3423,31/07/2021,29800000,Promotion
6864,3423,2023-04-17,32310000,Adjustment
6865,3424,31-12-2023,18140000,Initial
6866,3425,07/08/2023,50900000,Initial
6867,3426,2019-01-23,15450000,
6868,3426,15/01/2021,16890000,Market Correction
6869,3426,08-01-2023,18880000,Adjustment
6870,3427,22-08-2024,12270000,Initial
6871,3428,19/09/2018,14360000,Initial
6872,3428,2020-04-15,15250000,Promotion
6873,3428,10/11/2021,16050000,Market Correction
6874,3428,07-06-2023,17120000,Adjustment
6875,3429,28-05-2015,8730000,
6876,3429,2017-01-01,9580000,Annual Raise
6877,3429,2018-08-08,10080000,Adjustment
6878,3429,2020-03-15,11030000,Market Correction
6879,3429,20/10/2021,12110000,Annual Raise
6880,3429,27-05-2023,13430000,Adjustment
6881,3430,2023-11-16,18600000,Initial
6882,3431,2017-07-31,24640000,Initial
6883,3431,08/06/2019,26450000,Adjustment
6884,3431,16/04/2021,28130000,Market Correction
6885,3431,23-02-2023,29960000,Adjustment
6886,3432,30-05-2023,19230000,Initial
6887,3433,2024-03-05,23440000,Initial
6888,3434,30/10/2015,20340000,Initial
6889,3434,2017-05-10,21760000,Market Correction
6890,3434,20/11/2018,24050000,
6891,3434,2020-05-31,26080000,Adjustment
6892,3434,2021-12-11,27770000,Annual Raise
6893,3434,22/06/2023,29100000,Market Correction
6894,3435,24-03-2015,54250000,Initial
6895,3435,12-11-2016,60310000,Market Correction
6896,3435,05-07-2018,65280000,Promotion
6897,3435,24/02/2020,69880000,Adjustment
6898,3436,2023-04-03,18800000,Initial
6899,3437,20/10/2023,18830000,Initial
6900,3438,27/01/2018,14490000,Initial
6901,3438,21-10-2019,15380000,Adjustment
6902,3438,15-07-2021,16060000,Adjustment
6903,3438,09-04-2023,16980000,Adjustment
6904,3439,2019-03-23,15750000,Initial
6905,3439,23/02/2021,16650000,Promotion
6906,3439,2023-01-28,17400000,Adjustment
6907,3440,16-04-2021,40240000,Initial
6908,3440,23-02-2023,43940000,Adjustment
6909,3441,16-04-2019,37780000,Initial
6910,3441,2020-12-04,39890000,Annual Raise
6911,3442,22-07-2023,34040000,Initial
6912,3443,16/06/2019,7290000,Initial
6913,3443,21-04-2021,7890000,Adjustment
6914,3443,2023-02-25,8680000,Market Correction
6915,3444,2022-03-17,15320000,Initial
6916,3445,2016-01-26,36970000,Initial
6917,3445,08-11-2017,38870000,Market Correction
6918,3445,23/08/2019,40930000,Market Correction
6919,3445,05-06-2021,45550000,Adjustment
6920,3445,20/03/2023,49650000,Promotion
6921,3446,27/08/2021,32820000,Initial
6922,3446,2023-04-30,34600000,Adjustment
6923,3447,2020-11-13,29790000,Initial
6924,3447,08/12/2022,33080000,Promotion
6925,3448,10-08-2023,13430000,Initial
6926,3449,10-05-2024,15200000,Initial
6927,3450,09-10-2024,14100000,Initial
6928,3451,12-02-2021,35210000,Initial
6929,3451,22-01-2023,36990000,Adjustment
6930,3452,2022-12-13,20340000,Initial
6931,3453,2016-03-06,34530000,Initial
6932,3453,10-12-2017,36840000,Promotion
6933,3453,2019-09-16,38720000,Adjustment
6934,3453,21/06/2021,43190000,Market Correction
6935,3453,28-03-2023,44990000,Promotion
6936,3454,25/10/2016,17580000,
6937,3454,15-06-2018,18380000,Market Correction
6938,3454,03-02-2020,20370000,Market Correction
6939,3454,23-09-2021,22480000,Promotion
6940,3454,2023-05-14,23530000,Market Correction
6941,3455,02-10-2024,20350000,Initial
6942,3456,30-11-2016,18840000,Initial
6943,3456,13-07-2018,20010000,Market Correction
6944,3456,2020-02-24,21860000,Adjustment
6945,3456,2021-10-07,23990000,
6946,3456,21/05/2023,25360000,Promotion
6947,3457,24/06/2019,23320000,Initial
6948,3458,10/11/2020,21230000,Initial
6949,3458,06-12-2022,23580000,Promotion
6950,3459,02/08/2016,12940000,Initial
6951,3459,08/04/2018,14210000,Annual Raise
6952,3459,14-12-2019,15300000,Market Correction
6953,3459,20-08-2021,16830000,
6954,3459,27-04-2023,18570000,Adjustment
6955,3460,28/10/2020,19940000,Initial
6956,3460,30/11/2022,20770000,Market Correction
6957,3461,2023-05-17,35980000,Initial
6958,3462,10-02-2015,14080000,Initial
6959,3462,2016-10-04,15040000,Annual Raise
6960,3462,29-05-2018,16760000,Adjustment
6961,3462,2020-01-21,18120000,Promotion
6962,3462,2021-09-14,20240000,Promotion
6963,3462,2023-05-09,22330000,Market Correction
6964,3463,2015-01-23,9370000,Initial
6965,3463,19-09-2016,10070000,Promotion
6966,3463,17/05/2018,10530000,
6967,3463,2020-01-12,11250000,Adjustment
6968,3463,08-09-2021,12460000,Promotion
6969,3463,06/05/2023,13530000,Market Correction
6970,3464,2021-01-11,8480000,Initial
6971,3464,06-01-2023,9090000,Adjustment
6972,3465,2021-08-31,14000000,Initial
6973,3465,2023-05-02,15010000,Annual Raise
6974,3466,2018-11-13,22660000,Initial
6975,3466,2020-05-26,23810000,Adjustment
6976,3466,2021-12-07,25580000,Annual Raise
6977,3466,20-06-2023,27840000,Adjustment
6978,3467,2021-07-21,26190000,Initial
6979,3467,12/04/2023,28960000,Adjustment
6980,3468,2017-11-09,33300000,
6981,3468,23-08-2019,37050000,Annual Raise
6982,3468,2021-06-06,39670000,Adjustment
6983,3468,2023-03-20,42680000,Annual Raise
6984,3469,24-08-2021,23290000,Initial
6985,3469,29-04-2023,24370000,Promotion
6986,3470,2017-12-12,12490000,Initial
6987,3470,17-09-2019,13260000,Adjustment
6988,3470,22/06/2021,13880000,Market Correction
6989,3470,28/03/2023,15510000,Market Correction
6990,3471,14/09/2018,11490000,Initial
6991,3471,11-04-2020,12520000,Promotion
6992,3471,07/11/2021,13080000,Annual Raise
6993,3471,05/06/2023,13990000,Annual Raise
6994,3472,2017-05-07,11490000,Initial
6995,3472,17/11/2018,12650000,Market Correction
6996,3472,29/05/2020,13600000,Promotion
6997,3472,2021-12-09,15040000,Adjustment
6998,3472,21/06/2023,16170000,Promotion
6999,3473,04/01/2024,18780000,Initial
7000,3474,2018-08-17,23480000,Initial
7001,3475,09-10-2019,13130000,Initial
7002,3475,2021-07-07,14460000,Promotion
7003,3475,05-04-2023,16160000,
7004,3476,2017-09-13,22810000,Initial
7005,3476,11/07/2019,24830000,Market Correction
7006,3476,08/05/2021,27750000,Market Correction
7007,3476,2023-03-06,30840000,Promotion
7008,3477,25/12/2018,35080000,Initial
7009,3477,2020-06-26,37060000,Market Correction
7010,3477,2021-12-28,39410000,Promotion
7011,3477,01/07/2023,42360000,Adjustment
7012,3478,26/11/2024,17350000,Initial
7013,3479,2022-12-23,28430000,Initial
7014,3480,08-09-2022,18000000,Initial
7015,3481,17-09-2024,17140000,Initial
7016,3482,03-03-2023,41860000,Initial
7017,3483,16/04/2019,26170000,Initial
7018,3483,11-03-2021,27590000,Adjustment
7019,3483,05/02/2023,30250000,Adjustment
7020,3484,16/12/2019,18600000,Initial
7021,3484,2021-08-21,19370000,Annual Raise
7022,3484,27/04/2023,21270000,Promotion
7023,3485,07/09/2018,16270000,Initial
7024,3485,23/03/2020,17910000,Annual Raise
7025,3485,2021-10-07,19430000,Annual Raise
7026,3486,21/10/2021,19370000,Initial
7027,3486,28/05/2023,21600000,Market Correction
7028,3487,20-06-2019,25720000,Initial
7029,3487,2021-08-30,28060000,
7030,3488,2021-06-01,15690000,
7031,3488,18/03/2023,16790000,Adjustment
7032,3489,01/07/2020,21260000,Initial
7033,3489,31/12/2021,22880000,Adjustment
7034,3489,02-07-2023,24860000,Annual Raise
7035,3490,06-06-2015,40610000,Initial
7036,3490,08/01/2017,43370000,Adjustment
7037,3490,14-08-2018,45880000,Annual Raise
7038,3490,2020-03-19,50970000,Promotion
7039,3490,23-10-2021,54620000,Annual Raise
7040,3490,2023-05-29,60120000,Adjustment
7041,3491,2022-11-30,11380000,Initial
7042,3492,2015-08-18,16950000,Initial
7043,3492,10-03-2017,18430000,Adjustment
7044,3492,02-10-2018,20130000,Annual Raise
7045,3492,25-04-2020,21630000,Promotion
7046,3492,16-11-2021,23830000,Annual Raise
7047,3492,10-06-2023,25770000,Adjustment
7048,3493,14-08-2024,9130000,Initial
7049,3494,24-09-2018,12670000,Initial
7050,3494,2020-04-18,13970000,Promotion
7051,3494,12-11-2021,15320000,Adjustment
7052,3494,08-06-2023,16490000,Promotion
7053,3495,31-07-2021,33480000,
7054,3495,17/04/2023,35430000,Annual Raise
7055,3496,02-09-2019,6910000,Initial
7056,3496,2021-06-12,7610000,Promotion
7057,3496,23-03-2023,8120000,Market Correction
7058,3497,02/04/2024,21990000,Initial
7059,3498,2016-12-07,20020000,Initial
7060,3498,19/07/2018,22330000,Adjustment
7061,3498,2020-02-28,23760000,Promotion
7062,3498,10-10-2021,25020000,Promotion
7063,3498,22/05/2023,27920000,Market Correction
7064,3499,09/12/2016,19990000,Initial
7065,3499,21/07/2018,21350000,Adjustment
7066,3499,2020-03-01,23580000,Promotion
7067,3499,2021-10-11,25070000,Annual Raise
7068,3499,2023-05-23,26640000,Annual Raise
7069,3500,27-04-2016,12350000,Initial
7070,3500,21/01/2018,12890000,Annual Raise
7071,3500,17/10/2019,14350000,Promotion
7072,3500,2021-07-12,14950000,Promotion
7073,3500,07/04/2023,16130000,Adjustment
7074,3501,08/05/2021,13570000,Initial
7075,3501,06/03/2023,14980000,Annual Raise
7076,3502,17-01-2017,10900000,Initial
7077,3502,21/08/2018,11900000,Adjustment
7078,3502,2020-03-24,12530000,Promotion
7079,3502,26/10/2021,13320000,Market Correction
7080,3502,2023-05-30,14880000,Adjustment
7081,3503,07-08-2023,19250000,Initial
7082,3504,2015-11-29,20870000,Initial
7083,3504,04/06/2017,22170000,Promotion
7084,3504,2018-12-10,24100000,Market Correction
7085,3504,15-06-2020,26860000,Adjustment
7086,3504,2021-12-21,29290000,
7087,3504,27-06-2023,31630000,Market Correction
7088,3505,20-05-2023,37400000,Initial
7089,3506,2022-12-01,51540000,Initial
7090,3507,23/08/2019,42740000,Initial
7091,3507,2021-06-05,45340000,Market Correction
7092,3507,20-03-2023,49950000,Promotion
7093,3508,2016-12-26,22540000,Initial
7094,3508,03/08/2018,23660000,Adjustment
7095,3508,11-03-2020,25560000,Annual Raise
7096,3508,17/10/2021,28130000,Annual Raise
7097,3508,26-05-2023,30810000,Adjustment
7098,3509,14-01-2016,14160000,Initial
7099,3509,2017-10-30,15060000,Market Correction
7100,3509,16-08-2019,16850000,Promotion
7101,3509,2021-06-01,17980000,Promotion
7102,3509,18/03/2023,20010000,Adjustment
7103,3510,2024-04-20,29960000,Initial
7104,3511,29-09-2016,12510000,Initial
7105,3511,2018-05-25,13680000,Adjustment
7106,3511,18/01/2020,15260000,Adjustment
7107,3511,12/09/2021,16980000,Adjustment
7108,3511,08/05/2023,17840000,
7109,3512,21-11-2018,16720000,Initial
7110,3512,01/06/2020,18470000,Adjustment
7111,3512,11-12-2021,19440000,Market Correction
7112,3512,22-06-2023,21730000,Annual Raise
7113,3513,02/11/2018,17840000,Initial
7114,3513,18/05/2020,19920000,
7115,3513,02/12/2021,21380000,Promotion
7116,3513,2023-06-18,22300000,Adjustment
7117,3514,2016-01-07,20120000,Initial
7118,3514,24/10/2017,21850000,
7119,3514,11-08-2019,23450000,Annual Raise
7120,3514,29-05-2021,24530000,Market Correction
7121,3514,16-03-2023,26100000,Adjustment
7122,3515,04-12-2017,44710000,
7123,3516,2020-04-30,41710000,Initial
7124,3516,2022-03-21,45400000,Adjustment
7125,3517,20/05/2022,19780000,Initial
7126,3518,22-01-2022,15410000,Initial
7127,3519,02/10/2018,28530000,Initial
7128,3519,24/04/2020,31480000,Adjustment
7129,3519,2021-11-16,33580000,Adjustment
7130,3519,2023-06-10,35610000,Promotion
7131,3520,08/06/2018,20740000,Initial
7132,3521,2021-08-28,14220000,Initial
7133,3521,01/05/2023,15440000,Market Correction
7134,3522,09-05-2024,23270000,Initial
7135,3523,11/08/2022,44020000,Initial
7136,3524,23-07-2023,10980000,Initial
7137,3525,06-09-2023,5850000,Initial
7138,3526,28/09/2020,29260000,Initial
7139,3526,15/11/2022,31060000,Annual Raise
7140,3527,2021-05-15,11390000,Initial
7141,3527,2023-03-09,11990000,Market Correction
7142,3528,06/01/2016,17580000,Initial
7143,3528,23-10-2017,18960000,Promotion
7144,3528,11-08-2019,19810000,Market Correction
7145,3528,28-05-2021,20860000,Promotion
7146,3528,2023-03-16,22450000,Annual Raise
7147,3529,10-06-2019,21040000,Initial
7148,3529,17-04-2021,22250000,Market Correction
7149,3529,23-02-2023,23750000,Market Correction
7150,3530,2024-11-25,31840000,Initial
7151,3531,2024-08-14,40660000,Initial
7152,3532,05/09/2022,11430000,Initial
7153,3533,12/11/2018,12040000,Initial
7154,3533,25/05/2020,13150000,Promotion
7155,3533,2021-12-07,13870000,Promotion
7156,3533,2023-06-20,15440000,Market Correction
7157,3534,18-04-2020,13510000,Initial
7158,3534,12-11-2021,14740000,Adjustment
7159,3534,08-06-2023,15570000,Market Correction
7160,3535,07-05-2019,25960000,Initial
7161,3535,07-12-2020,27390000,Annual Raise
7162,3535,11-07-2022,28960000,
7163,3536,2018-03-05,21810000,Initial
7164,3536,18-11-2019,23750000,Annual Raise
7165,3536,03/08/2021,25900000,Adjustment
7166,3536,2023-04-18,27730000,Market Correction
7167,3537,27-12-2020,19250000,Initial
7168,3537,2022-08-09,21490000,Adjustment
7169,3538,2017-06-27,19300000,Initial
7170,3538,2018-12-28,20630000,Market Correction
7171,3538,29-06-2020,22780000,Promotion
7172,3538,2021-12-30,25240000,Market Correction
7173,3538,02-07-2023,28220000,Adjustment
7174,3539,23-01-2019,28580000,Initial
7175,3539,15/01/2021,30330000,Annual Raise
7176,3539,08/01/2023,33830000,Promotion
7177,3540,2015-11-13,16850000,Initial
7178,3540,22/05/2017,17770000,Market Correction
7179,3540,29/11/2018,18790000,Annual Raise
7180,3540,07-06-2020,21010000,Adjustment
7181,3540,2021-12-15,23150000,Annual Raise
7182,3540,24/06/2023,24500000,Market Correction
7183,3541,15/05/2017,54920000,Initial
7184,3541,23-11-2018,58760000,Market Correction
7185,3541,03-06-2020,61980000,Promotion
7186,3541,2021-12-12,68380000,Annual Raise
7187,3541,23-06-2023,75520000,Annual Raise
7188,3542,10-10-2019,20910000,Initial
7189,3543,23-05-2015,45070000,Initial
7190,3543,28-12-2016,48160000,Market Correction
7191,3543,05/08/2018,51330000,Promotion
7192,3543,12-03-2020,54470000,Annual Raise
7193,3543,18-10-2021,60330000,Market Correction
7194,3543,26-05-2023,62940000,Promotion
7195,3544,26-08-2022,21830000,Initial
7196,3545,19/11/2018,24950000,
7197,3545,30-05-2020,26940000,Annual Raise
7198,3545,10-12-2021,28090000,Promotion
7199,3545,22-06-2023,29330000,Adjustment
7200,3546,05-01-2024,24210000,Initial
7201,3547,12-09-2022,16950000,Initial
7202,3548,2019-09-27,6060000,Initial
7203,3548,29-06-2021,6640000,Annual Raise
7204,3548,2023-04-01,7180000,Market Correction
7205,3549,08-10-2021,26150000,Initial
7206,3549,21-05-2023,27810000,Market Correction
7207,3550,26-12-2022,12750000,Initial
7208,3551,23/10/2023,29820000,Initial
7209,3552,07/09/2016,15800000,Initial
7210,3552,18/06/2018,17100000,Annual Raise
7211,3552,2020-03-28,18080000,Adjustment
7212,3552,06/01/2022,19820000,Adjustment
7213,3553,2019-11-17,21450000,Initial
7214,3554,29-02-2020,15610000,Initial
7215,3554,10/10/2021,16440000,Annual Raise
7216,3554,2023-05-22,17720000,Adjustment
7217,3555,10-10-2019,29110000,Initial
7218,3555,07-07-2021,31650000,
7219,3555,05-04-2023,33430000,Promotion
7220,3556,2021-02-01,18060000,Initial
7221,3556,17/01/2023,20070000,Market Correction
7222,3557,04/01/2020,32110000,Initial
7223,3557,2021-09-03,34990000,Market Correction
7224,3557,04/05/2023,37440000,Promotion
7225,3558,03-01-2019,30980000,Initial
7226,3558,2021-01-02,32290000,Annual Raise
7227,3558,02-01-2023,34280000,Promotion
7228,3559,2016-12-18,54110000,Initial
7229,3560,01/11/2019,12000000,Initial
7230,3560,22-07-2021,13250000,Promotion
7231,3560,12/04/2023,13910000,Adjustment
7232,3561,04-04-2024,12770000,Initial
7233,3562,2015-06-16,26980000,
7234,3562,04/01/2017,28230000,
7235,3562,2018-07-27,31360000,Annual Raise
7236,3563,2019-04-14,20040000,Initial
7237,3563,10-03-2021,21400000,Adjustment
7238,3563,04-02-2023,22420000,Adjustment
7239,3564,2019-09-27,16990000,Initial
7240,3564,29-06-2021,18220000,Annual Raise
7241,3564,01-04-2023,20130000,Adjustment
7242,3565,03-02-2023,7430000,Initial
7243,3566,2016-04-21,14730000,Initial
7244,3566,16-01-2018,15590000,Promotion
7245,3566,13-10-2019,16660000,Annual Raise
7246,3566,2021-07-10,18360000,Promotion
7247,3566,2023-04-06,19840000,Adjustment
7248,3567,26-11-2021,23640000,Initial
7249,3567,15/06/2023,25900000,Promotion
7250,3568,2019-03-13,18350000,Initial
7251,3568,17/02/2021,19380000,Market Correction
7252,3568,25-01-2023,21040000,Adjustment
7253,3569,2018-01-30,28590000,Initial
7254,3569,24-10-2019,31460000,Adjustment
7255,3569,2021-07-17,34560000,Annual Raise
7256,3569,10-04-2023,37380000,Promotion
7257,3570,2021-10-12,34810000,Initial
7258,3570,2023-05-23,38920000,Promotion
7259,3571,21-01-2015,29420000,Initial
7260,3571,17-09-2016,32410000,Promotion
7261,3571,2018-05-16,35640000,Annual Raise
7262,3571,11-01-2020,38110000,Promotion
7263,3571,08-09-2021,41340000,Adjustment
7264,3571,06-05-2023,46040000,Promotion
7265,3572,2018-01-30,31500000,Initial
7266,3572,24-10-2019,34320000,Market Correction
7267,3572,17-07-2021,36100000,Adjustment
7268,3572,10-04-2023,37890000,Adjustment
7269,3573,02/02/2016,25660000,Initial
7270,3573,14/11/2017,28030000,Market Correction
7271,3573,2019-08-27,31000000,Market Correction
7272,3573,2021-06-08,34450000,Market Correction
7273,3573,2023-03-21,36700000,Promotion
7274,3574,19/09/2015,19820000,Initial
7275,3574,06-04-2017,22140000,Annual Raise
7276,3574,23/10/2018,23630000,Annual Raise
7277,3574,11/05/2020,24780000,Adjustment
7278,3574,27-11-2021,27550000,Adjustment
7279,3574,15/06/2023,29640000,Annual Raise
7280,3575,05-08-2021,20730000,Initial
7281,3575,19/04/2023,22150000,Adjustment
7282,3576,02/05/2020,19150000,Initial
7283,3576,21/11/2021,21420000,Adjustment
7284,3576,2023-06-12,23020000,Promotion
7285,3577,19-11-2018,15760000,Initial
7286,3577,30/05/2020,16540000,Annual Raise
7287,3577,10-12-2021,17460000,Promotion
7288,3577,2023-06-22,18760000,Adjustment
7289,3578,2017-05-12,9590000,Initial
7290,3578,21-11-2018,10090000,Promotion
7291,3578,01-06-2020,11100000,Market Correction
7292,3578,2021-12-11,11640000,Adjustment
7293,3578,22/06/2023,12410000,Promotion
7294,3579,09-07-2019,13850000,Initial
7295,3579,2021-04-10,15320000,Annual Raise
7296,3579,2023-01-12,16440000,Annual Raise
7297,3580,18/04/2021,38370000,Initial
7298,3580,24/02/2023,41670000,Promotion
7299,3581,30/05/2018,15170000,Initial
7300,3581,2020-01-22,15820000,Market Correction
7301,3581,15-09-2021,17160000,Market Correction
7302,3581,2023-05-10,18590000,Annual Raise
7303,3582,2015-05-02,21300000,Initial
7304,3582,10/12/2016,23790000,
7305,3582,22-07-2018,25610000,Adjustment
7306,3582,2020-03-02,28220000,Annual Raise
7307,3582,11/10/2021,29820000,Market Correction
7308,3582,2023-05-23,32890000,Promotion
7309,3583,2021-05-02,27490000,
7310,3583,2023-03-03,29770000,Annual Raise
7311,3584,2021-03-29,11800000,Initial
7312,3584,14/02/2023,13160000,Market Correction
7313,3585,31-03-2019,10390000,Initial
7314,3585,01/03/2021,10960000,Promotion
7315,3585,31-01-2023,12200000,Market Correction
7316,3586,15-05-2017,13560000,Initial
7317,3586,23-11-2018,14830000,Adjustment
7318,3586,03/06/2020,16040000,Annual Raise
7319,3586,12/12/2021,17300000,Market Correction
7320,3586,2023-06-23,18250000,Promotion
7321,3587,08/08/2023,19880000,Initial
7322,3588,12/12/2018,10470000,Initial
7323,3588,17-06-2020,11330000,Promotion
7324,3588,22-12-2021,11830000,Annual Raise
7325,3588,28/06/2023,12970000,Market Correction
7326,3589,2018-08-01,12850000,Initial
7327,3589,09-03-2020,13910000,
7328,3589,2021-10-16,15450000,Annual Raise
7329,3589,2023-05-25,17140000,Annual Raise
7330,3590,19/08/2020,14140000,Initial
7331,3590,26-10-2022,15100000,Market Correction
7332,3591,19-07-2020,13480000,Initial
7333,3591,10-10-2022,14290000,Promotion
7334,3592,04-10-2016,18080000,Initial
7335,3592,29-05-2018,18810000,Promotion
7336,3592,21/01/2020,20370000,Promotion
7337,3592,14/09/2021,22240000,Annual Raise
7338,3592,09-05-2023,23260000,Promotion
7339,3593,21-12-2020,20790000,Initial
7340,3593,27/12/2022,22190000,Market Correction
7341,3594,2019-04-20,51740000,Initial
7342,3594,2021-03-14,53990000,Annual Raise
7343,3594,2023-02-06,58170000,Adjustment
7344,3595,12/02/2017,22740000,Initial
7345,3595,11-09-2018,25460000,
7346,3595,09-04-2020,26760000,Promotion
7347,3595,06/11/2021,27830000,Market Correction
7348,3595,05-06-2023,30960000,Market Correction
7349,3596,2021-09-21,20930000,Initial
7350,3596,13/05/2023,22690000,Market Correction
7351,3597,02/11/2021,16890000,Initial
7352,3597,03/06/2023,18080000,Annual Raise
7353,3598,2019-02-25,39270000,Initial
7354,3598,2021-01-30,43430000,Annual Raise
7355,3599,2024-07-14,31840000,Initial
7356,3600,18-12-2016,15730000,Initial
7357,3600,28-07-2018,17310000,Adjustment
7358,3600,06-03-2020,18710000,Promotion
7359,3600,2021-10-14,20030000,
7360,3600,24-05-2023,22340000,Market Correction
7361,3601,27/06/2016,6550000,Initial
7362,3602,2017-09-30,34190000,Initial
7363,3602,2019-07-24,38130000,Annual Raise
7364,3602,17-05-2021,40780000,Market Correction
7365,3602,10/03/2023,44740000,Adjustment
7366,3603,2020-03-04,83580000,Initial
7367,3603,13-10-2021,88110000,Adjustment
7368,3603,2023-05-24,96950000,Annual Raise
7369,3604,12-10-2024,14210000,Initial
7370,3605,29/01/2015,11480000,
7371,3605,2016-09-24,12370000,Adjustment
7372,3605,2018-05-21,13050000,Promotion
7373,3605,15-01-2020,14430000,Annual Raise
7374,3605,2021-09-10,15350000,Adjustment
7375,3605,07/05/2023,16470000,Adjustment
7376,3606,01-09-2024,22550000,Initial
7377,3607,2023-01-10,53210000,Initial
7378,3608,02-12-2019,6760000,Initial
7379,3608,2021-08-12,7430000,Adjustment
7380,3608,23/04/2023,7730000,Annual Raise
7381,3609,15/04/2024,30120000,Initial
7382,3610,22-10-2019,15510000,Initial
7383,3610,15-07-2021,17020000,Annual Raise
7384,3610,2023-04-09,17790000,Promotion
7385,3611,02/07/2023,19510000,Initial
7386,3612,19/08/2019,19260000,Initial
7387,3612,2021-06-03,20520000,
7388,3612,19/03/2023,22440000,
7389,3613,10-05-2017,13740000,Initial
7390,3613,19/11/2018,15340000,Market Correction
7391,3613,31/05/2020,16840000,Promotion
7392,3613,10-12-2021,18850000,Market Correction
7393,3613,22-06-2023,20840000,Annual Raise
7394,3614,20/02/2020,17120000,Initial
7395,3614,04/10/2021,18280000,Promotion
7396,3614,2023-05-19,20380000,Adjustment
7397,3615,03/11/2018,21870000,Initial
7398,3615,18-05-2020,23030000,Adjustment
7399,3615,2021-12-02,25760000,Annual Raise
7400,3615,2023-06-18,28250000,Promotion
7401,3616,05-11-2022,23380000,Initial
7402,3617,29/08/2016,11980000,
7403,3617,2018-04-30,13200000,Adjustment
7404,3617,30/12/2019,14150000,Market Correction
7405,3617,31/08/2021,15600000,Market Correction
7406,3617,02-05-2023,17380000,Market Correction
7407,3618,2021-04-27,18950000,Initial
7408,3618,2023-02-28,20410000,Annual Raise
7409,3619,2021-05-14,22770000,
7410,3619,2023-03-09,24640000,Promotion
7411,3620,24/09/2016,23640000,Initial
7412,3620,21-05-2018,24890000,Annual Raise
7413,3620,15-01-2020,26630000,Adjustment
7414,3620,2021-09-10,28720000,Annual Raise
7415,3620,2023-05-07,31670000,Promotion
7416,3621,20/08/2024,58760000,Initial
7417,3622,16/07/2021,30110000,Initial
7418,3622,09/04/2023,33580000,Adjustment
7419,3623,2023-02-01,23690000,Initial
7420,3624,10-11-2018,11390000,Initial
7421,3624,24/05/2020,12140000,Market Correction
7422,3624,06/12/2021,13370000,
7423,3624,20-06-2023,14170000,Adjustment
7424,3625,2020-11-13,46750000,Initial
7425,3625,2022-12-08,51780000,
7426,3626,19-12-2016,15350000,Initial
7427,3626,2018-07-29,17150000,Annual Raise
7428,3626,07-03-2020,18050000,Promotion
7429,3626,15/10/2021,19930000,Promotion
7430,3626,25-05-2023,21850000,Market Correction
7431,3627,03/11/2018,19930000,Initial
7432,3627,18/05/2020,20750000,Annual Raise
7433,3627,02/12/2021,23090000,Annual Raise
7434,3627,18/06/2023,24410000,Annual Raise
7435,3628,28/10/2021,7840000,Initial
7436,3628,31/05/2023,8300000,Promotion
7437,3629,2020-08-05,18480000,Initial
7438,3629,2022-10-19,19740000,Promotion
7439,3630,2023-04-25,54750000,Initial
7440,3631,2018-09-11,12240000,
7441,3631,2020-04-09,13640000,Market Correction
7442,3631,2021-11-06,15050000,Promotion
7443,3631,2023-06-05,15970000,Annual Raise
7444,3632,13/12/2023,10870000,Initial
7445,3633,10/12/2023,28720000,Initial
7446,3634,24-07-2017,12980000,Initial
7447,3634,2019-06-03,14160000,
7448,3634,13/04/2021,15140000,
7449,3634,2023-02-21,15900000,Annual Raise
7450,3635,10-03-2021,28920000,Initial
7451,3636,26-06-2016,13520000,Initial
7452,3636,10/03/2018,15010000,Promotion
7453,3636,2019-11-22,16660000,Promotion
7454,3636,2021-08-05,18210000,Adjustment
7455,3636,19-04-2023,19570000,Market Correction
7456,3637,2021-07-26,12080000,Initial
7457,3637,14/04/2023,13490000,Annual Raise
7458,3638,2018-07-30,6220000,Initial
7459,3638,2020-03-07,6530000,Annual Raise
7460,3638,15/10/2021,6830000,Adjustment
7461,3638,25/05/2023,7430000,Promotion
7462,3639,16/12/2019,21710000,Initial
7463,3639,2021-08-21,22890000,Promotion
7464,3639,27-04-2023,24610000,Annual Raise
7465,3640,2021-09-16,12860000,Initial
7466,3640,2023-05-10,13440000,Annual Raise
7467,3641,2024-08-28,13170000,Initial
7468,3642,09/08/2021,31850000,Initial
7469,3642,21/04/2023,33900000,Promotion
7470,3643,28-10-2017,11370000,
7471,3643,14/08/2019,12170000,Promotion
7472,3643,2021-05-31,13500000,Adjustment
7473,3643,17-03-2023,14180000,Promotion
7474,3644,2018-09-08,18020000,Initial
7475,3644,06-04-2020,19830000,Promotion
7476,3644,04-11-2021,22020000,Annual Raise
7477,3644,04-06-2023,24340000,Promotion
7478,3645,2017-12-18,22220000,Initial
7479,3645,2019-09-21,23320000,Annual Raise
7480,3645,25-06-2021,25200000,Market Correction
7481,3645,30-03-2023,27060000,Annual Raise
7482,3646,2022-01-07,16310000,Initial
7483,3647,18/09/2020,43870000,Initial
7484,3647,2022-11-10,47250000,Market Correction
7485,3648,19/07/2022,57900000,Initial
7486,3649,03/03/2017,14420000,Initial
7487,3649,26-09-2018,15850000,Promotion
7488,3649,20/04/2020,17450000,Market Correction
7489,3649,13/11/2021,18940000,Annual Raise
7490,3649,08/06/2023,21100000,Promotion
7491,3650,2018-08-03,66560000,Initial
7492,3650,10-03-2020,71190000,Annual Raise
7493,3650,2021-10-17,74690000,Market Correction
7494,3650,26-05-2023,81090000,Promotion
7495,3651,01-11-2021,17290000,Initial
7496,3651,2023-06-02,18730000,Market Correction
7497,3652,25/02/2017,33460000,Initial
7498,3652,21/09/2018,37240000,Annual Raise
7499,3652,16/04/2020,39730000,Market Correction
7500,3652,2021-11-11,42360000,Adjustment
7501,3652,2023-06-07,45740000,Market Correction
7502,3653,26-08-2018,19870000,Initial
7503,3653,2020-03-28,21160000,Market Correction
7504,3653,2021-10-29,22720000,Market Correction
7505,3653,2023-06-01,24900000,Promotion
7506,3654,29-09-2023,13580000,Initial
7507,3655,2024-08-08,24820000,Initial
7508,3656,2023-02-24,9360000,Initial
7509,3657,09-10-2019,12280000,Initial
7510,3657,07/07/2021,13690000,Annual Raise
7511,3657,05-04-2023,14790000,Annual Raise
7512,3658,15/08/2015,22610000,Initial
7513,3658,2017-03-08,24780000,Annual Raise
7514,3658,30-09-2018,26570000,Adjustment
7515,3658,2020-04-23,27760000,Promotion
7516,3658,2021-11-15,30470000,
7517,3658,09/06/2023,32890000,Adjustment
7518,3659,2020-02-15,29820000,Initial
7519,3659,01-10-2021,32710000,Annual Raise
7520,3659,18-05-2023,35850000,Annual Raise
7521,3660,04-05-2017,19620000,Initial
7522,3660,14/11/2018,21230000,Market Correction
7523,3660,27-05-2020,22220000,Annual Raise
7524,3660,2021-12-08,24660000,Market Correction
7525,3660,2023-06-21,27490000,Annual Raise
7526,3661,07/04/2015,11930000,Initial
7527,3661,19/11/2016,12420000,Market Correction
7528,3661,05-07-2018,13270000,Promotion
7529,3661,18/02/2020,14830000,Adjustment
7530,3661,2021-10-03,15720000,Adjustment
7531,3661,2023-05-19,16740000,Annual Raise
7532,3662,2023-12-11,47250000,Initial
7533,3663,01/11/2015,17660000,Initial
7534,3663,12-05-2017,19160000,
7535,3663,2018-11-21,20160000,Annual Raise
7536,3663,01-06-2020,22330000,Promotion
7537,3663,11-12-2021,24160000,Promotion
7538,3663,2023-06-22,26600000,Market Correction
7539,3664,2015-07-08,31860000,Initial
7540,3664,04/02/2017,34050000,Annual Raise
7541,3664,2018-09-05,36920000,Adjustment
7542,3664,04/04/2020,40550000,Annual Raise
7543,3664,03/11/2021,43800000,Annual Raise
7544,3664,03-06-2023,47240000,Annual Raise
7545,3665,20/10/2017,11740000,Initial
7546,3665,2019-08-08,12540000,Adjustment
7547,3665,2021-05-27,13360000,Adjustment
7548,3665,15/03/2023,14040000,Adjustment
7549,3666,2016-02-20,26260000,Initial
7550,3666,21/04/2018,27990000,Adjustment
7551,3667,10-03-2018,28820000,Initial
7552,3668,2024-03-30,15180000,Initial
7553,3669,2021-04-20,30330000,Initial
7554,3670,30/03/2021,9780000,Initial
7555,3670,14-02-2023,10680000,
7556,3671,29-08-2023,17220000,Initial
7557,3672,27-07-2024,49020000,Initial
7558,3673,24/01/2017,14450000,Initial
7559,3673,26/08/2018,16060000,
7560,3673,28/03/2020,16870000,
7561,3673,29-10-2021,18150000,Promotion
7562,3673,2023-06-01,20280000,Market Correction
7563,3674,26-03-2017,21910000,Initial
7564,3674,2018-10-14,23050000,Adjustment
7565,3674,2020-05-04,24760000,Adjustment
7566,3674,2021-11-22,27390000,Market Correction
7567,3674,2023-06-13,29380000,Annual Raise
7568,3675,28/07/2016,29630000,
7569,3675,09-04-2018,30830000,Promotion
7570,3675,21/12/2019,34530000,Market Correction
7571,3676,14/12/2023,15240000,Initial
7572,3677,2015-03-08,8550000,Initial
7573,3677,25/10/2016,8960000,Market Correction
7574,3677,2018-06-15,10030000,Market Correction
7575,3677,03-02-2020,10780000,Annual Raise
7576,3677,23/09/2021,11730000,Promotion
7577,3677,14/05/2023,12850000,Market Correction
7578,3678,11/11/2023,57110000,Initial
7579,3679,2023-03-28,48410000,Initial
7580,3680,16-12-2023,29010000,Initial
7581,3681,03/11/2021,21170000,
7582,3681,2023-06-03,23490000,Market Correction
7583,3682,03-03-2024,17780000,Initial
7584,3683,18-04-2022,45550000,Initial
7585,3684,2020-02-03,34450000,Initial
7586,3684,23/09/2021,37800000,Annual Raise
7587,3684,14-05-2023,40210000,Market Correction
7588,3685,29-03-2015,26320000,Initial
7589,3685,2016-11-12,27700000,Promotion
7590,3685,2018-06-29,28910000,Market Correction
7591,3685,14/02/2020,32160000,Promotion
7592,3685,2021-09-30,35900000,Adjustment
7593,3685,2023-05-17,37460000,Market Correction
7594,3686,19/03/2015,31860000,Initial
7595,3686,07-04-2017,33370000,Annual Raise
7596,3687,21-07-2021,18200000,Initial
7597,3687,2023-04-12,19550000,Promotion
7598,3688,20-08-2023,33620000,Initial
7599,3689,12-02-2017,27670000,Initial
7600,3689,11-09-2018,30900000,Market Correction
7601,3689,09/04/2020,34330000,Market Correction
7602,3689,06-11-2021,37150000,Market Correction
7603,3689,2023-06-05,41220000,
7604,3690,18/04/2015,22830000,Initial
7605,3690,29-11-2016,25440000,Annual Raise
7606,3690,13-07-2018,26560000,Adjustment
7607,3690,24/02/2020,28190000,Adjustment
7608,3690,2021-10-07,30770000,Market Correction
7609,3690,21-05-2023,33520000,Promotion
7610,3691,11-10-2015,30960000,Initial
7611,3691,2017-04-24,32310000,Market Correction
7612,3691,2018-11-07,35990000,Annual Raise
7613,3691,2020-05-22,38260000,Promotion
7614,3691,2021-12-04,39930000,Market Correction
7615,3691,19/06/2023,44280000,Adjustment
7616,3692,06-04-2017,9180000,Initial
7617,3692,23/10/2018,10240000,Annual Raise
7618,3692,2020-05-10,11320000,Promotion
7619,3692,27/11/2021,12050000,Promotion
7620,3692,15/06/2023,13270000,Promotion
7621,3693,08-06-2017,15200000,Initial
7622,3693,12/12/2018,16780000,Adjustment
7623,3693,17-06-2020,18600000,Market Correction
7624,3693,2021-12-22,20290000,Annual Raise
7625,3693,28/06/2023,21340000,Adjustment
7626,3694,19-05-2016,22860000,Initial
7627,3694,2018-02-07,23890000,Adjustment
7628,3694,30-10-2019,25960000,Market Correction
7629,3694,21/07/2021,27940000,Market Correction
7630,3694,12/04/2023,29470000,Promotion
7631,3695,08-04-2019,28580000,Initial
7632,3696,14/08/2021,19600000,Initial
7633,3696,2023-04-24,21340000,
7634,3697,2016-10-29,29860000,Initial
7635,3697,18-06-2018,31910000,Market Correction
7636,3697,2020-02-05,34930000,Promotion
7637,3697,24/09/2021,38690000,
7638,3697,14-05-2023,40560000,Annual Raise
7639,3698,2023-05-29,21530000,Initial
7640,3699,20-12-2023,30380000,Initial
7641,3700,2020-02-15,11690000,Initial
7642,3701,23-12-2018,21760000,Initial
7643,3701,2020-06-25,23790000,Adjustment
7644,3701,27/12/2021,24930000,Annual Raise
7645,3701,30-06-2023,27690000,Annual Raise
7646,3702,04/07/2024,16350000,Initial
7647,3703,2022-04-18,19650000,Initial
7648,3704,2018-01-30,24240000,Initial
7649,3704,2019-10-24,26680000,Market Correction
7650,3704,17-07-2021,28210000,Market Correction
7651,3704,2023-04-10,30850000,Annual Raise
7652,3705,27-12-2016,23920000,Initial
7653,3705,2018-08-04,25730000,Adjustment
7654,3705,2020-03-11,27620000,
7655,3705,18/10/2021,30660000,Annual Raise
7656,3705,26/05/2023,32490000,Adjustment
7657,3706,2022-10-18,31410000,Initial
7658,3707,18/09/2024,37410000,Initial
7659,3708,26-03-2024,18510000,Initial
7660,3709,28-04-2023,31350000,Initial
7661,3710,2023-10-27,12410000,Initial
7662,3711,2024-06-08,18250000,Initial
7663,3712,2018-09-20,11630000,Initial
7664,3712,22/08/2020,12330000,Promotion
7665,3712,25/07/2022,13770000,Adjustment
7666,3713,28/07/2019,13790000,Initial
7667,3713,19-05-2021,14920000,Promotion
7668,3713,11-03-2023,16170000,Annual Raise
7669,3714,2016-10-09,26900000,Initial
7670,3714,2018-06-02,29640000,Market Correction
7671,3714,24-01-2020,31020000,Market Correction
7672,3714,2021-09-16,33410000,Promotion
7673,3714,10/05/2023,34760000,Market Correction
7674,3715,16/09/2019,32110000,Initial
7675,3715,21/06/2021,33660000,Adjustment
7676,3715,2023-03-28,37240000,Market Correction
7677,3716,28/08/2019,24850000,Initial
7678,3716,09/06/2021,26550000,Annual Raise
7679,3716,22-03-2023,28340000,Adjustment
7680,3717,29/06/2018,14380000,Initial
7681,3717,2020-02-13,15520000,Market Correction
7682,3717,30/09/2021,16620000,Adjustment
7683,3717,17-05-2023,18250000,Market Correction
7684,3718,18/11/2021,16170000,Initial
7685,3718,2023-06-11,17890000,
7686,3719,30/05/2016,11630000,Initial
7687,3719,2018-02-16,12510000,Market Correction
7688,3719,06/11/2019,13070000,
7689,3719,2021-07-25,14300000,Promotion
7690,3719,14/04/2023,15120000,Market Correction
7691,3720,12/07/2017,12080000,Initial
7692,3720,25/05/2019,12680000,Promotion
7693,3720,2021-04-07,14100000,Annual Raise
7694,3720,2023-02-18,15240000,Annual Raise
7695,3721,02/03/2018,28010000,Initial
7696,3721,16/11/2019,30440000,
7697,3721,2021-08-01,32680000,Promotion
7698,3721,17/04/2023,34890000,Market Correction
7699,3722,2017-01-26,20040000,Initial
7700,3722,28-08-2018,21550000,Promotion
7701,3722,29/03/2020,22830000,Market Correction
7702,3722,30-10-2021,25150000,Promotion
7703,3722,01/06/2023,26650000,Annual Raise
7704,3723,30/06/2022,49980000,
7705,3724,10/07/2023,16280000,
7706,3725,01-07-2021,16260000,Initial
7707,3725,02/04/2023,17880000,Adjustment
7708,3726,2022-02-01,28950000,Initial
7709,3727,14/05/2024,27000000,Initial
7710,3728,01/06/2021,16610000,Initial
7711,3728,18-03-2023,18190000,Promotion
7712,3729,26-01-2020,25470000,Initial
7713,3729,2021-09-17,27290000,Promotion
7714,3729,11/05/2023,30330000,Annual Raise
7715,3730,2016-04-27,16010000,Initial
7716,3730,2018-01-21,17780000,Promotion
7717,3730,2019-10-17,19530000,Market Correction
7718,3730,12-07-2021,21440000,Annual Raise
7719,3730,07-04-2023,22550000,Market Correction
7720,3731,2018-10-13,13440000,Initial
7721,3731,03/05/2020,14280000,Adjustment
7722,3731,22-11-2021,15290000,Promotion
7723,3731,2023-06-13,17120000,Adjustment
7724,3732,29-08-2023,28010000,Initial
7725,3733,24/07/2023,5180000,Initial
7726,3734,15-03-2022,40890000,Initial
7727,3735,22-04-2024,47770000,Initial
7728,3736,11-06-2018,13380000,Initial
7729,3736,2020-01-31,14140000,Annual Raise
7730,3736,21/09/2021,15610000,Annual Raise
7731,3736,2023-05-13,16970000,Adjustment
7732,3737,21-09-2024,13330000,Initial
7733,3738,03-08-2016,15650000,Initial
7734,3738,09/04/2018,17090000,Annual Raise
7735,3738,15/12/2019,19140000,Market Correction
7736,3738,20/08/2021,20720000,Promotion
7737,3738,27/04/2023,23190000,Annual Raise
7738,3739,2023-03-24,14380000,
7739,3740,24-04-2021,47910000,
7740,3740,27/02/2023,49870000,
7741,3741,18/01/2021,36080000,Initial
7742,3741,10-01-2023,37930000,Market Correction
7743,3742,15/02/2016,14360000,Initial
7744,3742,24-11-2017,15220000,Promotion
7745,3742,04-09-2019,16610000,Promotion
7746,3742,13-06-2021,18240000,Promotion
7747,3742,2023-03-24,19660000,Adjustment
7748,3743,15-06-2024,12300000,Initial
7749,3744,2024-08-16,5410000,Initial
7750,3745,2018-04-29,27810000,Initial
7751,3745,29-12-2019,29300000,Market Correction
7752,3745,2021-08-30,31040000,Annual Raise
7753,3745,02/05/2023,32760000,Promotion
7754,3746,31-03-2020,5450000,Initial
7755,3746,2021-10-31,5710000,Annual Raise
7756,3746,02-06-2023,6140000,Annual Raise
7757,3747,2015-11-03,18100000,Initial
7758,3747,13/05/2017,19790000,Annual Raise
7759,3747,2018-11-22,21120000,Market Correction
7760,3747,2020-06-02,22110000,Market Correction
7761,3747,2021-12-12,23380000,Annual Raise
7762,3747,23/06/2023,25960000,Market Correction
7763,3748,24-03-2023,32600000,Initial
7764,3749,28-07-2016,15960000,Initial
7765,3749,04/04/2018,17810000,Adjustment
7766,3749,2019-12-11,19390000,Market Correction
7767,3749,18/08/2021,21480000,Adjustment
7768,3749,2023-04-26,23140000,Market Correction
7769,3750,22/05/2019,22940000,Initial
7770,3750,2021-04-04,24580000,Adjustment
7771,3750,17-02-2023,27160000,Market Correction
7772,3751,15-10-2017,5070000,Initial
7773,3751,2019-08-04,5410000,Annual Raise
7774,3751,24/05/2021,5730000,Adjustment
7775,3751,14/03/2023,6000000,Promotion
7776,3752,29-07-2016,9250000,Initial
7777,3752,2018-04-05,10040000,Promotion
7778,3752,12/12/2019,10760000,Annual Raise
7779,3752,2021-08-18,11910000,Market Correction
7780,3752,26-04-2023,13110000,Annual Raise
7781,3753,23/04/2017,12770000,Initial
7782,3753,06-11-2018,14240000,Annual Raise
7783,3753,21/05/2020,15690000,Adjustment
7784,3753,04/12/2021,16740000,Market Correction
7785,3753,2023-06-19,17700000,Adjustment
7786,3754,14-02-2015,15560000,Initial
7787,3754,2016-10-07,16630000,Market Correction
7788,3754,01-06-2018,17510000,Adjustment
7789,3754,2020-01-23,19210000,Annual Raise
7790,3754,16/09/2021,20590000,Annual Raise
7791,3754,2023-05-10,22190000,Annual Raise
7792,3755,2023-08-27,11800000,Initial
7793,3756,08-05-2018,25000000,Initial
7794,3756,05-01-2020,26040000,Market Correction
7795,3756,04/09/2021,27700000,Annual Raise
7796,3756,2023-05-04,29870000,Market Correction
7797,3757,2016-09-21,20250000,Initial
7798,3757,19-11-2018,22480000,Promotion
7799,3758,2019-04-12,10250000,Initial
7800,3758,09/03/2021,11370000,Adjustment
7801,3758,2023-02-04,12530000,Market Correction
7802,3759,11-10-2019,19230000,Initial
7803,3759,2021-07-08,21280000,Promotion
7804,3759,2023-04-05,22140000,Annual Raise
7805,3760,04/07/2023,5180000,Initial
7806,3761,15-09-2017,41810000,Initial
7807,3761,13/07/2019,46760000,Market Correction
7808,3761,2021-05-09,49900000,Promotion
7809,3761,06/03/2023,54410000,Annual Raise
7810,3762,24-09-2019,19720000,
7811,3763,27-10-2017,14690000,Initial
7812,3763,13/08/2019,15950000,
7813,3763,30-05-2021,17320000,Market Correction
7814,3763,17-03-2023,19010000,Adjustment
7815,3764,31/12/2018,42140000,Initial
7816,3765,27/07/2021,23850000,Initial
7817,3765,15/04/2023,25240000,Adjustment
7818,3766,01/03/2016,23850000,Initial
7819,3766,06/12/2017,25220000,
7820,3766,13-09-2019,26990000,Promotion
7821,3766,19-06-2021,29390000,Market Correction
7822,3766,27/03/2023,32780000,
7823,3767,20-10-2021,17910000,Initial
7824,3767,2023-05-27,19180000,Market Correction
7825,3768,15/08/2021,11200000,Initial
7826,3768,2023-04-24,11950000,Adjustment
7827,3769,2016-04-26,10870000,Initial
7828,3769,2018-01-20,11440000,Market Correction
7829,3769,16/10/2019,12270000,Promotion
7830,3769,12-07-2021,13580000,Market Correction
7831,3769,2023-04-07,14990000,Annual Raise
7832,3770,2024-02-22,61490000,Initial
7833,3771,2024-07-22,28280000,Initial
7834,3772,13-02-2024,33510000,
7835,3773,03/06/2017,21640000,Initial
7836,3773,08/12/2018,22670000,Annual Raise
7837,3773,14/06/2020,24320000,Promotion
7838,3773,20/12/2021,27050000,Annual Raise
7839,3773,27-06-2023,28400000,Market Correction
7840,3774,09-02-2016,30250000,Initial
7841,3774,2017-11-19,32240000,Promotion
7842,3774,31/08/2019,34420000,Annual Raise
7843,3774,11-06-2021,37960000,Annual Raise
7844,3774,23-03-2023,40370000,Promotion
7845,3775,11-07-2024,17360000,Initial
7846,3776,14-12-2018,45460000,Initial
7847,3776,2020-06-18,50020000,Annual Raise
7848,3776,23-12-2021,52110000,Market Correction
7849,3776,2023-06-28,56160000,Annual Raise
7850,3777,2018-08-22,17010000,Initial
7851,3777,25/03/2020,18070000,
7852,3777,27/10/2021,19570000,Market Correction
7853,3777,31/05/2023,21860000,Adjustment
7854,3778,2017-05-07,13640000,
7855,3778,2018-11-17,14700000,Promotion
7856,3778,29/05/2020,15340000,Promotion
7857,3778,2021-12-09,16470000,Annual Raise
7858,3778,21-06-2023,17470000,Market Correction
7859,3779,13/06/2023,17530000,Initial
7860,3780,2018-09-29,12850000,Initial
7861,3780,22/04/2020,14390000,Promotion
7862,3780,15-11-2021,15670000,Promotion
7863,3780,09-06-2023,16880000,
7864,3781,20/07/2018,24780000,Initial
7865,3781,29/02/2020,26770000,Annual Raise
7866,3781,10/10/2021,28330000,Promotion
7867,3781,22-05-2023,31310000,Annual Raise
7868,3782,04/03/2022,52460000,Initial
7869,3783,2023-06-26,26960000,Initial
7870,3784,07/12/2018,23750000,Initial
7871,3784,13/06/2020,25890000,
7872,3784,19-12-2021,28720000,Adjustment
7873,3784,26/06/2023,31200000,Adjustment
7874,3785,21-11-2016,4290000,Initial
7875,3785,06-07-2018,4750000,Annual Raise
7876,3785,19/02/2020,5030000,Annual Raise
7877,3785,2021-10-03,5470000,Adjustment
7878,3785,19/05/2023,6090000,Annual Raise
7879,3786,2020-09-04,24540000,Initial
7880,3786,2022-11-03,26320000,Promotion
7881,3787,2019-06-19,16890000,Initial
7882,3787,23/04/2021,18250000,Market Correction
7883,3787,2023-02-26,19950000,Promotion
7884,3788,24-12-2022,20920000,Initial
7885,3789,2016-08-20,35500000,Initial
7886,3789,2018-04-23,37780000,Adjustment
7887,3789,25/12/2019,40510000,Adjustment
7888,3789,2021-08-27,42590000,Adjustment
7889,3789,2023-04-30,46070000,Adjustment
7890,3790,2019-04-27,32220000,
7891,3790,09-11-2020,35600000,Promotion
7892,3790,25-05-2022,38190000,Adjustment
7893,3791,2018-08-19,18940000,Initial
7894,3791,22-03-2020,20670000,Market Correction
7895,3791,2021-10-25,21840000,Promotion
7896,3791,30-05-2023,23150000,Annual Raise
7897,3792,22-02-2021,21750000,Initial
7898,3793,01/10/2017,23860000,Initial
7899,3793,2019-07-25,25560000,Promotion
7900,3793,17/05/2021,28190000,Market Correction
7901,3793,2023-03-10,30280000,Adjustment
7902,3794,18-08-2016,48410000,Initial
7903,3794,30-03-2018,50500000,Promotion
7904,3795,2024-05-25,19930000,Initial
7905,3796,16-08-2019,30110000,Initial
7906,3796,28/04/2021,32990000,Promotion
7907,3797,17/05/2023,22400000,Initial
7908,3798,2019-11-02,54090000,Initial
7909,3798,2021-07-23,58980000,Promotion
7910,3798,13/04/2023,65520000,Adjustment
7911,3799,12-11-2015,18910000,Initial
7912,3799,21-05-2017,20170000,Adjustment
7913,3799,2018-11-28,22170000,Annual Raise
7914,3799,2020-06-07,23430000,Market Correction
7915,3799,2021-12-15,25790000,Adjustment
7916,3799,24/06/2023,28120000,Annual Raise
7917,3800,03/12/2023,25800000,Initial
7918,3801,2021-01-01,12970000,
7919,3801,01-01-2023,14320000,Promotion
7920,3802,18-01-2023,23350000,Initial
7921,3803,20/03/2020,29880000,Initial
7922,3803,2021-10-23,31600000,Adjustment
7923,3803,29/05/2023,34010000,Annual Raise
7924,3804,29-07-2020,13100000,Initial
7925,3804,15-10-2022,14430000,Adjustment
7926,3805,01/04/2015,19960000,Initial
7927,3805,14-11-2016,20770000,Market Correction
7928,3805,2018-07-01,22120000,Market Correction
7929,3805,15-02-2020,23290000,Promotion
7930,3805,01/10/2021,24620000,Annual Raise
7931,3805,18-05-2023,26070000,Promotion
7932,3806,06/05/2020,10440000,Initial
7933,3806,24-11-2021,11370000,Promotion
7934,3806,2023-06-14,12180000,Market Correction
7935,3807,2015-09-25,17430000,Initial
7936,3807,2017-04-11,19360000,Annual Raise
7937,3807,27/10/2018,20670000,Annual Raise
7938,3807,14-05-2020,22970000,Market Correction
7939,3807,29/11/2021,24260000,
7940,3807,16/06/2023,27120000,Adjustment
7941,3808,2023-01-01,13270000,Initial
7942,3809,12-06-2019,52280000,Initial
7943,3809,18-04-2021,55740000,
7944,3809,24-02-2023,61560000,Adjustment
7945,3810,2018-09-15,22580000,Initial
7946,3810,2020-04-12,25070000,Annual Raise
7947,3810,2021-11-08,26170000,Promotion
7948,3810,2023-06-06,29000000,
7949,3811,05-08-2023,33290000,Initial
7950,3812,01/11/2021,13410000,Initial
7951,3813,19/11/2021,31910000,Initial
7952,3814,2017-10-16,20330000,Initial
7953,3814,2019-08-05,21310000,Adjustment
7954,3814,25-05-2021,23170000,Promotion
7955,3814,2023-03-14,24630000,Annual Raise
7956,3815,2022-04-13,29100000,Initial
7957,3816,2016-01-21,17000000,Initial
7958,3816,04/11/2017,18060000,Adjustment
7959,3816,20/08/2019,19780000,
7960,3816,2021-06-03,21550000,Promotion
7961,3816,2023-03-19,23380000,Annual Raise
7962,3817,2024-01-10,33000000,Initial
7963,3818,19/01/2017,42870000,Initial
7964,3818,22-08-2018,46270000,Promotion
7965,3818,25-03-2020,48800000,Annual Raise
7966,3818,2021-10-27,52570000,Market Correction
7967,3818,2023-05-31,58150000,Market Correction
7968,3819,09-11-2024,12890000,Initial
7969,3820,2017-04-01,17530000,Initial
7970,3820,19-10-2018,18370000,Adjustment
7971,3820,2020-05-07,19150000,Annual Raise
7972,3820,2021-11-25,20030000,Market Correction
7973,3820,2023-06-14,22020000,Adjustment
7974,3821,2020-01-25,10910000,Initial
7975,3821,17-09-2021,12160000,Adjustment
7976,3821,2023-05-11,13540000,Market Correction
7977,3822,31/03/2021,23140000,Initial
7978,3822,2023-02-15,24230000,Promotion
7979,3823,2020-12-07,15860000,Initial
7980,3824,20/08/2024,27960000,Initial
7981,3825,2017-01-14,25460000,Initial
7982,3825,18-08-2018,26680000,Adjustment
7983,3825,2020-03-22,28220000,Annual Raise
7984,3825,2021-10-25,31130000,Promotion
7985,3825,30-05-2023,32570000,Annual Raise
7986,3826,22-09-2021,12010000,Initial
7987,3826,2023-05-13,12700000,Market Correction
7988,3827,09/09/2020,28750000,Initial
7989,3827,05/11/2022,31670000,Market Correction
7990,3828,10/01/2021,37940000,Initial
7991,3828,06-01-2023,40660000,
7992,3829,08-04-2018,12570000,Initial
7993,3829,14/12/2019,13520000,Adjustment
7994,3829,20-08-2021,14830000,Annual Raise
7995,3829,27/04/2023,16120000,Market Correction
7996,3830,13-02-2016,11080000,Initial
7997,3830,23/11/2017,12220000,Market Correction
7998,3830,03-09-2019,13520000,Annual Raise
7999,3830,2021-06-13,14540000,
8000,3830,24-03-2023,16180000,Promotion
8001,3831,06/02/2020,19380000,Initial
8002,3831,25-09-2021,21630000,Promotion
8003,3831,15-05-2023,24000000,Market Correction
8004,3832,21/04/2016,16060000,Initial
8005,3832,16/01/2018,17530000,Promotion
8006,3832,13/10/2019,18450000,Market Correction
8007,3832,10/07/2021,19980000,Market Correction
8008,3832,06/04/2023,20910000,Annual Raise
8009,3833,2016-08-02,14020000,Initial
8010,3833,2018-04-08,14690000,Market Correction
8011,3833,14-12-2019,15890000,Promotion
8012,3833,20-08-2021,17180000,Annual Raise
8013,3833,2023-04-27,18700000,
8014,3834,20-06-2015,9070000,Initial
8015,3834,20-01-2017,9490000,Promotion
8016,3834,24/08/2018,9980000,Adjustment
8017,3834,26-03-2020,10410000,Annual Raise
8018,3834,28/10/2021,11340000,Promotion
8019,3834,31/05/2023,12200000,Adjustment
8020,3835,04/07/2024,35370000,Initial
8021,3836,28-06-2023,28240000,Initial
8022,3837,09/01/2020,15100000,Initial
8023,3837,2021-09-06,16280000,Promotion
8024,3837,05/05/2023,17680000,Promotion
8025,3838,14-07-2019,21180000,
8026,3838,10/05/2021,22790000,Promotion
8027,3838,2023-03-07,23840000,Adjustment
8028,3839,03-03-2016,9800000,Initial
8029,3839,2017-12-08,10290000,Annual Raise
8030,3839,2019-09-14,11340000,Promotion
8031,3839,20-06-2021,12250000,Annual Raise
8032,3839,27/03/2023,13500000,Market Correction
8033,3840,2020-07-31,14450000,Initial
8034,3840,16/10/2022,15550000,Promotion
8035,3841,30-11-2020,18960000,Initial
8036,3841,2022-12-16,20290000,Promotion
8037,3842,03-08-2021,11730000,Initial
8038,3842,18-04-2023,12300000,Promotion
8039,3843,2023-04-16,21780000,Initial
8040,3844,2017-02-10,12490000,Initial
8041,3844,09-09-2018,13640000,Market Correction
8042,3844,07-04-2020,14710000,Adjustment
8043,3844,05-11-2021,15490000,Adjustment
8044,3844,04/06/2023,16460000,Annual Raise
8045,3845,14/04/2023,32360000,Initial
8046,3846,2017-05-28,11160000,Initial
8047,3846,04-12-2018,12040000,Annual Raise
8048,3846,11/06/2020,12990000,Annual Raise
8049,3846,18/12/2021,14090000,Adjustment
8050,3846,2023-06-26,14880000,Adjustment
8051,3847,26-10-2015,22630000,Initial
8052,3847,07-05-2017,23790000,Adjustment
8053,3847,17-11-2018,25520000,Promotion
8054,3847,29-05-2020,26750000,Adjustment
8055,3847,09-12-2021,28640000,Adjustment
8056,3847,21-06-2023,31910000,Promotion
8057,3848,2015-07-05,24950000,
8058,3848,2017-02-02,26640000,Annual Raise
8059,3848,03/09/2018,27960000,Promotion
8060,3848,2020-04-03,29360000,Adjustment
8061,3848,02/11/2021,32470000,Promotion
8062,3848,03/06/2023,35630000,Adjustment
8063,3849,2018-04-04,15060000,Initial
8064,3849,07/11/2019,15910000,Annual Raise
8065,3850,2016-12-26,20290000,Initial
8066,3850,03-08-2018,22250000,Adjustment
8067,3850,11-03-2020,24910000,Market Correction
8068,3850,17/10/2021,27300000,Market Correction
8069,3850,2023-05-26,29860000,Adjustment
8070,3851,03/07/2015,36100000,Initial
8071,3851,2017-01-31,38640000,Annual Raise
8072,3851,01/09/2018,42900000,Annual Raise
8073,3851,02-04-2020,45860000,Market Correction
8074,3851,2021-11-01,50540000,Annual Raise
8075,3851,02/06/2023,53780000,Adjustment
8076,3852,21-11-2024,17280000,Initial
8077,3853,2017-04-19,15310000,Initial
8078,3853,02/11/2018,16960000,Market Correction
8079,3853,18-05-2020,17680000,Adjustment
8080,3853,02/12/2021,19170000,Annual Raise
8081,3853,2023-06-18,20600000,Adjustment
8082,3854,04-08-2019,51520000,Initial
8083,3854,24-05-2021,56110000,Annual Raise
8084,3854,14/03/2023,59540000,
8085,3855,13-02-2018,33980000,Initial
8086,3855,2019-11-03,36710000,Market Correction
8087,3855,2021-07-24,39580000,Adjustment
8088,3855,13-04-2023,42130000,Promotion
8089,3856,04/11/2017,17610000,Initial
8090,3856,19-08-2019,18820000,Annual Raise
8091,3856,2021-06-03,20040000,Promotion
8092,3856,19/03/2023,21260000,Market Correction
8093,3857,21-10-2022,15740000,Initial
8094,3858,16-10-2015,10950000,Initial
8095,3858,2017-04-28,11540000,Annual Raise
8096,3858,10/11/2018,12240000,Adjustment
8097,3858,24/05/2020,13080000,Adjustment
8098,3858,2021-12-06,13640000,Promotion
8099,3858,20/06/2023,14790000,Adjustment
8100,3859,2015-09-30,24500000,Initial
8101,3859,15/04/2017,26860000,Adjustment
8102,3859,31/10/2018,29620000,Annual Raise
8103,3859,16/05/2020,32610000,Annual Raise
8104,3859,2021-12-01,36420000,Promotion
8105,3859,2023-06-17,38650000,Market Correction
8106,3860,20/08/2022,39000000,Initial
8107,3861,2018-03-12,18390000,Initial
8108,3861,23-11-2019,19530000,Annual Raise
8109,3861,06/08/2021,21340000,Annual Raise
8110,3861,20/04/2023,22910000,Annual Raise
8111,3862,06-06-2019,20910000,Initial
8112,3862,14-04-2021,22560000,Promotion
8113,3862,22/02/2023,25020000,Adjustment
8114,3863,2017-04-02,22350000,Initial
8115,3863,20-10-2018,24940000,Market Correction
8116,3863,08-05-2020,27060000,Adjustment
8117,3863,2021-11-25,28430000,Adjustment
8118,3863,14-06-2023,29700000,Promotion
8119,3864,2016-04-01,9840000,Initial
8120,3864,31/12/2017,10250000,Promotion
8121,3864,2019-10-01,11090000,Annual Raise
8122,3864,02-07-2021,11760000,Promotion
8123,3864,02/04/2023,12840000,Promotion
8124,3865,2017-09-17,20360000,
8125,3865,14-07-2019,21980000,Market Correction
8126,3865,10/05/2021,23200000,Market Correction
8127,3865,07-03-2023,25680000,Market Correction
8128,3866,16/12/2019,27360000,Initial
8129,3866,21-08-2021,29710000,Market Correction
8130,3866,27/04/2023,32390000,Market Correction
8131,3867,14/08/2023,16360000,Initial
8132,3868,2018-10-30,8910000,Initial
8133,3868,15/05/2020,9830000,Promotion
8134,3868,2021-11-30,10770000,Promotion
8135,3868,17/06/2023,11940000,Adjustment
8136,3869,07-03-2020,19430000,Initial
8137,3869,26/03/2022,20890000,Promotion
8138,3870,10/04/2018,15000000,Initial
8139,3870,2019-12-15,15990000,Promotion
8140,3870,2021-08-21,17720000,Market Correction
8141,3870,27-04-2023,19350000,
8142,3871,07/10/2018,9910000,Initial
8143,3871,28-04-2020,11060000,Adjustment
8144,3871,2021-11-19,11520000,Annual Raise
8145,3871,11/06/2023,12860000,Annual Raise
8146,3872,12-10-2015,32210000,Initial
8147,3872,25-04-2017,34830000,Promotion
8148,3872,2018-11-08,36400000,Annual Raise
8149,3872,22-05-2020,39470000,Promotion
8150,3872,2021-12-05,42540000,Adjustment
8151,3872,19/06/2023,46600000,Promotion
8152,3873,10/08/2016,17570000,Initial
8153,3873,15/04/2018,19100000,Adjustment
8154,3873,2019-12-19,21010000,Promotion
8155,3873,23-08-2021,23100000,Adjustment
8156,3873,28/04/2023,25210000,Annual Raise
8157,3874,2019-08-07,25000000,Initial
8158,3874,26/05/2021,27170000,Market Correction
8159,3874,2023-03-15,28910000,Market Correction
8160,3875,2023-02-13,14620000,Initial
8161,3876,2022-09-03,10560000,Initial
8162,3877,15-08-2023,11050000,Initial
8163,3878,2021-04-27,9100000,Initial
8164,3878,28-02-2023,9590000,Promotion
8165,3879,29-05-2021,35160000,Initial
8166,3879,16-03-2023,37250000,Promotion
8167,3880,16-01-2020,63730000,Initial
8168,3880,11/09/2021,68260000,Adjustment
8169,3880,08-05-2023,73940000,Market Correction
8170,3881,14-11-2018,27700000,Initial
8171,3881,27-05-2020,29020000,
8172,3881,08-12-2021,30870000,Promotion
8173,3881,21/06/2023,33600000,Adjustment
8174,3882,2020-02-04,22370000,Initial
8175,3882,23-09-2021,24960000,Promotion
8176,3882,2023-05-14,27920000,
8177,3883,22/02/2022,28770000,Initial
8178,3884,2019-02-16,20940000,Initial
8179,3884,31/01/2021,23030000,Adjustment
8180,3884,16-01-2023,25390000,Promotion
8181,3885,24-06-2015,15480000,Initial
8182,3885,23/01/2017,16830000,Market Correction
8183,3885,2018-08-26,18790000,Adjustment
8184,3885,28-03-2020,19700000,Annual Raise
8185,3885,29-10-2021,20500000,Market Correction
8186,3885,2023-06-01,21360000,Market Correction
8187,3886,06/07/2019,30070000,Initial
8188,3886,06-07-2021,32610000,Adjustment
8189,3887,21/09/2019,22730000,Initial
8190,3887,25-06-2021,25340000,Annual Raise
8191,3887,30-03-2023,27610000,Market Correction
8192,3888,11-05-2019,19350000,Initial
8193,3888,28-03-2021,20370000,Adjustment
8194,3888,2023-02-13,21900000,Adjustment
8195,3889,2016-06-29,13530000,Initial
8196,3889,12/03/2018,14820000,Promotion
8197,3889,24-11-2019,16100000,Adjustment
8198,3889,06-08-2021,17510000,Promotion
8199,3889,2023-04-20,19160000,Promotion
8200,3890,17/05/2021,34420000,Initial
8201,3890,10/03/2023,35900000,Market Correction
8202,3891,2020-03-12,48120000,Initial
8203,3891,18/10/2021,51630000,Promotion
8204,3891,26/05/2023,54770000,Adjustment
8205,3892,24-05-2017,8650000,Initial
8206,3892,2018-11-30,9430000,Adjustment
8207,3892,08/06/2020,10520000,Annual Raise
8208,3892,16/12/2021,11610000,Market Correction
8209,3892,25/06/2023,12210000,Adjustment
8210,3893,2018-05-15,10790000,Initial
8211,3893,10/01/2020,11460000,Promotion
8212,3893,07-09-2021,12280000,Adjustment
8213,3893,06-05-2023,12870000,Annual Raise
8214,3894,08/06/2017,20190000,Initial
8215,3894,12/12/2018,21490000,Adjustment
8216,3894,2020-06-17,24040000,Promotion
8217,3894,22-12-2021,26020000,Adjustment
8218,3894,28-06-2023,27530000,Adjustment
8219,3895,08/01/2017,15760000,Initial
8220,3895,2018-08-14,16700000,Market Correction
8221,3895,19-03-2020,18610000,Annual Raise
8222,3895,23-10-2021,19730000,Promotion
8223,3895,2023-05-29,20590000,Market Correction
8224,3896,13-05-2021,21760000,Initial
8225,3896,08-03-2023,23130000,Market Correction
8226,3897,2022-03-11,13580000,Initial
8227,3898,03-04-2020,23530000,Initial
8228,3898,2021-11-02,26290000,Adjustment
8229,3898,2023-06-03,28330000,Adjustment
8230,3899,19-07-2018,45790000,Initial
8231,3899,2020-02-28,50370000,Promotion
8232,3899,2021-10-10,52830000,Adjustment
8233,3899,2023-05-22,54960000,Annual Raise
8234,3900,2022-08-01,43230000,Initial
8235,3901,19-09-2018,13380000,Initial
8236,3901,2020-04-15,14200000,Market Correction
8237,3901,2021-11-10,15160000,Market Correction
8238,3901,2023-06-07,16460000,Adjustment
8239,3902,11-04-2017,16350000,Initial
8240,3902,27-10-2018,18050000,Annual Raise
8241,3902,13-05-2020,18820000,Adjustment
8242,3902,29-11-2021,19740000,Market Correction
8243,3902,2023-06-16,21690000,Annual Raise
8244,3903,26/01/2019,13240000,Initial
8245,3903,17-01-2021,14330000,Promotion
8246,3903,2023-01-09,15890000,Annual Raise
8247,3904,2020-04-29,13780000,Initial
8248,3904,19/11/2021,14650000,Annual Raise
8249,3904,2023-06-11,15650000,Adjustment
8250,3905,31/12/2023,14690000,Initial
8251,3906,20/12/2020,11190000,Initial
8252,3906,2022-12-26,11860000,Adjustment
8253,3907,06-11-2022,11050000,Initial
8254,3908,09/04/2016,17310000,Initial
8255,3908,2018-01-06,18680000,
8256,3908,06/10/2019,19790000,Market Correction
8257,3908,05/07/2021,20920000,Promotion
8258,3908,2023-04-04,23230000,Adjustment
8259,3909,23/06/2023,27150000,Initial
8260,3910,09-08-2023,18590000,Initial
8261,3911,07-01-2020,18320000,Initial
8262,3911,05-09-2021,19830000,Adjustment
8263,3911,2023-05-05,21800000,Market Correction
8264,3912,2018-10-23,12220000,Initial
8265,3912,2020-05-10,13290000,Market Correction
8266,3912,27/11/2021,13830000,Market Correction
8267,3912,15/06/2023,14430000,Market Correction
8268,3913,2021-12-31,28700000,Initial
8269,3913,2023-07-02,31390000,Market Correction
8270,3914,14/11/2023,12080000,Initial
8271,3915,12/04/2018,25220000,Initial
8272,3915,17/12/2019,27980000,Adjustment
8273,3915,22/08/2021,30700000,Market Correction
8274,3915,2023-04-28,33550000,Annual Raise
8275,3916,07-03-2015,24320000,Initial
8276,3916,25-10-2016,27200000,Market Correction
8277,3916,2018-06-15,29020000,Annual Raise
8278,3916,03/02/2020,32130000,Market Correction
8279,3916,23/09/2021,35440000,Annual Raise
8280,3916,14-05-2023,37410000,Market Correction
8281,3917,04/02/2019,57320000,Initial
8282,3917,2021-01-23,62400000,Annual Raise
8283,3917,12-01-2023,65690000,Annual Raise
8284,3918,2020-06-28,18140000,Initial
8285,3918,2021-12-29,20130000,Adjustment
8286,3918,01/07/2023,21060000,Market Correction
8287,3919,2022-11-09,30300000,Initial
8288,3920,2015-06-15,14360000,Initial
8289,3920,14-12-2016,15570000,Annual Raise
8290,3920,2018-06-16,16390000,Annual Raise
8291,3920,16-12-2019,17770000,Annual Raise
8292,3920,17/06/2021,18480000,Promotion
8293,3920,17/12/2022,20660000,
8294,3921,2018-09-25,18100000,Initial
8295,3921,19-04-2020,19490000,Market Correction
8296,3921,13-11-2021,20910000,Annual Raise
8297,3921,08-06-2023,22120000,Adjustment
8298,3922,29-03-2023,31150000,Initial
8299,3923,06-04-2019,31350000,Initial
8300,3923,2021-03-05,33920000,Market Correction
8301,3923,02-02-2023,36370000,Market Correction
8302,3924,06-10-2018,18690000,Initial
8303,3924,27-04-2020,20410000,Adjustment
8304,3924,18-11-2021,22190000,Market Correction
8305,3924,11/06/2023,23670000,Market Correction
8306,3925,2019-07-26,38450000,Initial
8307,3925,18/05/2021,41950000,Adjustment
8308,3925,11-03-2023,43760000,Annual Raise
8309,3926,12/03/2021,20500000,Initial
8310,3926,05-02-2023,22810000,Adjustment
8311,3927,14/07/2022,33030000,Initial
8312,3928,05-04-2015,9150000,Initial
8313,3928,2016-11-18,10070000,Annual Raise
8314,3928,04-07-2018,10960000,Market Correction
8315,3928,17-02-2020,11980000,Annual Raise
8316,3928,02/10/2021,12770000,Annual Raise
8317,3928,18-05-2023,13930000,Market Correction
8318,3929,10/03/2019,28760000,Initial
8319,3929,2021-01-13,30010000,Market Correction
8320,3930,09/02/2015,12620000,Initial
8321,3930,2016-10-03,13320000,Adjustment
8322,3930,28-05-2018,14820000,Adjustment
8323,3930,21/01/2020,16140000,Promotion
8324,3930,14-09-2021,17200000,
8325,3930,09/05/2023,18420000,Adjustment
8326,3931,01-10-2016,23760000,Initial
8327,3931,2018-05-26,25920000,Promotion
8328,3931,19-01-2020,27320000,Adjustment
8329,3931,13/09/2021,30150000,Market Correction
8330,3931,09-05-2023,33700000,Adjustment
8331,3932,25/10/2023,27970000,Initial
8332,3933,28-03-2017,13150000,Initial
8333,3933,16/10/2018,14720000,Annual Raise
8334,3933,05/05/2020,16330000,Adjustment
8335,3933,23/11/2021,17150000,Adjustment
8336,3933,13-06-2023,18130000,Annual Raise
8337,3934,2015-01-16,23380000,Initial
8338,3934,2016-09-13,24590000,Adjustment
8339,3934,12-05-2018,27500000,Market Correction
8340,3934,09/01/2020,30410000,Market Correction
8341,3934,06-09-2021,32070000,Promotion
8342,3934,05/05/2023,35670000,Market Correction
8343,3935,15/01/2023,20900000,
8344,3936,2024-03-02,41600000,Initial
8345,3937,25-03-2018,20580000,Initial
8346,3937,03/12/2019,21910000,Adjustment
8347,3937,13-08-2021,24480000,Adjustment
8348,3937,23/04/2023,26100000,Annual Raise
8349,3938,18-12-2019,20550000,Initial
8350,3939,14/12/2017,30610000,Initial
8351,3939,06-08-2019,33920000,Promotion
8352,3939,28/03/2021,37890000,Adjustment
8353,3939,18-11-2022,41110000,Promotion
8354,3940,18-11-2022,10460000,Initial
8355,3941,2023-06-25,9930000,Initial
8356,3942,29/09/2021,30410000,Initial
8357,3942,17-05-2023,34040000,Market Correction
8358,3943,2017-10-24,16360000,Initial
8359,3943,11/08/2019,17560000,Annual Raise
8360,3943,2021-05-29,19340000,Market Correction
8361,3943,2023-03-16,21510000,Promotion
8362,3944,2022-05-06,39840000,Initial
8363,3945,22-09-2015,12260000,Initial
8364,3945,25/03/2017,12810000,Adjustment
8365,3945,27/09/2018,13740000,Market Correction
8366,3945,31-03-2020,14970000,Annual Raise
8367,3946,2021-12-13,22380000,Initial
8368,3946,2023-06-23,24120000,Adjustment
8369,3947,19-02-2015,8550000,Initial
8370,3947,2016-10-11,8980000,Annual Raise
8371,3947,2018-06-04,9950000,Promotion
8372,3947,26-01-2020,10830000,Adjustment
8373,3947,17/09/2021,11860000,Annual Raise
8374,3947,11/05/2023,13150000,Promotion
8375,3948,2022-10-30,33610000,Initial
8376,3949,26-02-2023,46250000,
8377,3950,2019-02-26,37370000,Initial
8378,3950,07/02/2021,40100000,Adjustment
8379,3950,20/01/2023,43090000,Market Correction
8380,3951,2017-07-23,9990000,Initial
8381,3951,2019-06-02,10570000,Market Correction
8382,3951,2021-04-12,11800000,Promotion
8383,3951,21-02-2023,12420000,Market Correction
8384,3952,2020-03-19,35610000,Initial
8385,3952,2021-10-23,39450000,Adjustment
8386,3952,29/05/2023,41920000,Annual Raise
8387,3953,14-03-2020,20980000,Initial
8388,3953,2021-10-19,21820000,Market Correction
8389,3953,27-05-2023,23600000,Promotion
8390,3954,11/04/2023,31420000,Initial
8391,3955,03/11/2023,6300000,Initial
8392,3956,27/02/2015,18660000,
8393,3956,18/10/2016,20550000,Adjustment
8394,3956,09/06/2018,22560000,Promotion
8395,3956,30/01/2020,24470000,Market Correction
8396,3956,20/09/2021,27030000,Annual Raise
8397,3956,12/05/2023,29440000,Market Correction
8398,3957,25/08/2021,47090000,Initial
8399,3957,29/04/2023,52140000,Promotion
8400,3958,2020-04-18,30680000,Initial
8401,3958,2021-11-12,32530000,Adjustment
8402,3958,08-06-2023,34050000,Adjustment
8403,3959,26-05-2019,27750000,Initial
8404,3959,07/04/2021,29020000,Promotion
8405,3959,18/02/2023,30870000,Annual Raise
8406,3960,15/06/2020,18370000,Initial
8407,3960,20/12/2021,19220000,Annual Raise
8408,3960,27/06/2023,20350000,Annual Raise
8409,3961,2020-06-19,16950000,Initial
8410,3961,23/12/2021,18120000,Annual Raise
8411,3961,2023-06-28,18910000,Promotion
8412,3962,02/10/2015,14790000,Initial
8413,3962,2017-04-17,15740000,Market Correction
8414,3962,2018-11-01,17060000,Market Correction
8415,3962,17-05-2020,17980000,Adjustment
8416,3962,2021-12-01,19940000,Annual Raise
8417,3962,17/06/2023,21800000,Promotion
8418,3963,02/08/2016,15350000,Initial
8419,3963,08-04-2018,16560000,Annual Raise
8420,3963,2019-12-14,18430000,Adjustment
8421,3963,2021-08-20,19340000,Adjustment
8422,3963,2023-04-27,20910000,Promotion
8423,3964,2020-07-02,15540000,Initial
8424,3965,02-09-2022,30850000,Initial
8425,3966,2020-12-09,12200000,Initial
8426,3966,21-12-2022,13330000,Market Correction
8427,3967,22-02-2019,14130000,Initial
8428,3967,2021-02-04,15510000,Market Correction
8429,3967,18-01-2023,16860000,Adjustment
8430,3968,2019-02-24,13580000,Initial
8431,3968,05/02/2021,14320000,Market Correction
8432,3968,19/01/2023,15310000,Market Correction
8433,3969,11/10/2024,23340000,
8434,3970,28/10/2023,12820000,
8435,3971,2016-06-04,35700000,Initial
8436,3971,20/02/2018,38910000,Annual Raise
8437,3971,09-11-2019,41540000,Promotion
8438,3971,2021-07-27,45260000,Market Correction
8439,3971,15-04-2023,50040000,Adjustment
8440,3972,2022-12-10,47650000,Initial
8441,3973,24/06/2020,17990000,Initial
8442,3973,2021-12-26,19090000,Market Correction
8443,3973,30-06-2023,20740000,Promotion
8444,3974,23/04/2019,16910000,Initial
8445,3974,16-03-2021,18900000,Annual Raise
8446,3974,2023-02-07,21050000,
8447,3975,10/03/2020,16670000,Initial
8448,3975,2021-10-17,18440000,
8449,3975,26/05/2023,19870000,Promotion
8450,3976,15-05-2019,29120000,
8451,3976,31/03/2021,31800000,Adjustment
8452,3976,15-02-2023,33600000,Adjustment
8453,3977,04-07-2024,26590000,Initial
8454,3978,02-09-2018,28230000,Initial
8455,3978,02-04-2020,31210000,Adjustment
8456,3978,2021-11-01,34120000,Promotion
8457,3978,02-06-2023,36360000,Adjustment
8458,3979,15-10-2023,19750000,Initial
8459,3980,13-10-2021,26030000,Initial
8460,3980,2023-05-24,28710000,Market Correction
8461,3981,13-09-2021,44330000,Initial
8462,3981,2023-05-09,47430000,Market Correction
8463,3982,14/11/2020,14350000,Initial
8464,3982,2022-12-08,15260000,Promotion
8465,3983,29/09/2019,18750000,Initial
8466,3983,30/06/2021,20160000,Promotion
8467,3983,2023-04-01,21830000,Annual Raise
8468,3984,13-08-2016,11670000,Initial
8469,3984,17/04/2018,12890000,Annual Raise
8470,3984,21/12/2019,13440000,Promotion
8471,3984,2021-08-24,14890000,Promotion
8472,3984,2023-04-29,16610000,
8473,3985,2015-11-19,12250000,Initial
8474,3985,27-05-2017,13220000,Adjustment
8475,3985,03/12/2018,14220000,Market Correction
8476,3985,10/06/2020,15870000,Market Correction
8477,3985,2021-12-17,17280000,Annual Raise
8478,3985,2023-06-25,18310000,
8479,3986,24/03/2021,43430000,Initial
8480,3986,2023-02-11,46250000,Annual Raise
8481,3987,25-01-2018,15530000,Initial
8482,3987,20-10-2019,16660000,Market Correction
8483,3987,2021-07-14,18630000,Promotion
8484,3987,08-04-2023,19980000,Annual Raise
8485,3988,12/03/2018,11430000,Initial
8486,3989,03-08-2015,25330000,Initial
8487,3989,26-02-2017,27060000,Market Correction
8488,3989,22/09/2018,29000000,Adjustment
8489,3989,17/04/2020,32120000,Adjustment
8490,3989,11-11-2021,33530000,Adjustment
8491,3989,2023-06-07,37010000,Market Correction
8492,3990,2018-07-15,15280000,Initial
8493,3990,25-02-2020,16530000,Market Correction
8494,3990,08-10-2021,18230000,Market Correction
8495,3990,2023-05-21,19970000,Promotion
8496,3991,01-04-2022,24730000,Initial
8497,3992,2022-03-21,23230000,Initial
8498,3993,2024-11-26,30840000,Initial
8499,3994,27-07-2020,10140000,Initial
8500,3995,02-01-2023,21580000,Initial
8501,3996,29/11/2015,18260000,Initial
8502,3996,04-06-2017,19220000,Market Correction
8503,3996,10/12/2018,20420000,Promotion
8504,3996,15-06-2020,22390000,Market Correction
8505,3996,21-12-2021,24640000,Promotion
8506,3996,2023-06-27,27020000,Market Correction
8507,3997,19-11-2020,25220000,Initial
8508,3997,11/12/2022,27120000,Market Correction
8509,3998,2024-02-18,13030000,Initial
8510,3999,20/07/2017,19950000,Initial
8511,3999,31-05-2019,22220000,Adjustment
8512,3999,11/04/2021,24390000,Annual Raise
8513,3999,20-02-2023,27130000,Market Correction
8514,4000,2015-08-03,13840000,
8515,4000,26/02/2017,14590000,
8516,4000,22/09/2018,15830000,Adjustment
8517,4000,17/04/2020,16970000,Market Correction
8518,4000,11-11-2021,17830000,Adjustment
8519,4000,2023-06-07,19540000,Adjustment
8520,4001,22/06/2015,16700000,Initial
8521,4001,2017-01-22,18290000,Adjustment
8522,4001,25-08-2018,20020000,Promotion
8523,4001,27/03/2020,21570000,Adjustment
8524,4001,28/10/2021,23320000,Adjustment
8525,4001,2023-05-31,24330000,Promotion
8526,4002,12/08/2020,27730000,Initial
8527,4002,22-10-2022,29390000,Adjustment
8528,4003,20-03-2015,11290000,Initial
8529,4003,04-11-2016,12110000,Promotion
8530,4003,2018-06-23,13240000,Market Correction
8531,4003,2020-02-09,14480000,
8532,4003,27-09-2021,15630000,Adjustment
8533,4003,16/05/2023,17490000,Annual Raise
8534,4004,2021-03-02,25330000,Initial
8535,4004,2023-01-31,27620000,Promotion
8536,4005,29-07-2017,34580000,Initial
8537,4005,07/06/2019,36500000,Market Correction
8538,4005,2021-04-15,38540000,Market Correction
8539,4005,2023-02-22,42030000,Market Correction
8540,4006,10/07/2021,35580000,
8541,4006,06/04/2023,38300000,Market Correction
8542,4007,15/06/2019,22480000,Initial
8543,4007,2021-04-20,24440000,Market Correction
8544,4007,25/02/2023,27260000,Adjustment
8545,4008,2017-12-24,10760000,
8546,4008,26/09/2019,11870000,
8547,4008,28/06/2021,13020000,Adjustment
8548,4008,31-03-2023,14180000,Promotion
8549,4009,2023-06-17,19910000,Initial
8550,4010,2019-05-28,40220000,Initial
8551,4010,08/04/2021,42290000,Annual Raise
8552,4010,2023-02-19,47070000,Market Correction
8553,4011,07-10-2021,19790000,Initial
8554,4011,21/05/2023,20650000,Market Correction
8555,4012,18-04-2017,51630000,Initial
8556,4012,02/11/2018,54150000,
8557,4012,18-05-2020,58670000,Adjustment
8558,4012,02/12/2021,65570000,
8559,4012,18-06-2023,72190000,Adjustment
8560,4013,01/05/2023,34180000,Initial
8561,4014,2024-05-04,32770000,Initial
8562,4015,2019-01-18,37130000,
8563,4015,2021-01-12,38850000,
8564,4015,2023-01-07,40660000,Adjustment
8565,4016,07/06/2017,6740000,Initial
8566,4016,12/12/2018,7170000,Promotion
8567,4016,17-06-2020,7980000,Adjustment
8568,4016,2021-12-22,8570000,Annual Raise
8569,4016,28-06-2023,9540000,Annual Raise
8570,4017,25-08-2024,29080000,Initial
8571,4018,2023-01-27,24860000,Initial
8572,4019,06-07-2020,29610000,Initial
8573,4019,04-10-2022,32880000,Adjustment
8574,4020,2015-11-15,30570000,Initial
8575,4020,23-05-2017,32580000,
8576,4020,30/11/2018,35040000,Promotion
8577,4020,08/06/2020,38180000,Promotion
8578,4020,2021-12-16,40840000,Annual Raise
8579,4020,25-06-2023,44420000,Annual Raise
8580,4021,2024-08-11,32030000,Initial
8581,4022,28-12-2019,15620000,Initial
8582,4022,29/08/2021,17150000,Annual Raise
8583,4022,01-05-2023,19140000,Annual Raise
8584,4023,08/08/2015,13600000,Initial
8585,4023,2017-03-02,14340000,Adjustment
8586,4023,25/09/2018,15860000,Annual Raise
8587,4023,2020-04-20,16740000,Market Correction
8588,4023,13/11/2021,17460000,Adjustment
8589,4023,2023-06-08,18900000,Market Correction
8590,4024,27/04/2023,13950000,Initial
8591,4025,2018-05-03,12890000,Initial
8592,4025,01-01-2020,13870000,Adjustment
8593,4025,01-09-2021,14480000,Promotion
8594,4025,03/05/2023,15830000,Promotion
8595,4026,15-02-2020,36100000,Initial
8596,4026,2021-10-01,37760000,Adjustment
8597,4026,18-05-2023,40580000,Adjustment
8598,4027,14/11/2024,14810000,Initial
8599,4028,19/12/2015,18950000,Initial
8600,4028,21-06-2017,20080000,Adjustment
8601,4028,23/12/2018,22490000,Promotion
8602,4028,25-06-2020,23530000,Adjustment
8603,4028,2021-12-27,24700000,Market Correction
8604,4028,2023-06-30,26330000,Adjustment
8605,4029,11-01-2018,21080000,Initial
8606,4029,2019-09-24,22150000,Promotion
8607,4029,07-06-2021,23610000,
8608,4029,18/02/2023,25760000,Promotion
8609,4030,2017-06-01,24020000,Initial
8610,4030,28-12-2018,25710000,Promotion
8611,4030,25/07/2020,27590000,Promotion
8612,4031,24/04/2024,15690000,Initial
8613,4032,13-05-2022,35950000,Initial
8614,4033,10/04/2017,11650000,Initial
8615,4033,2018-10-26,12410000,Market Correction
8616,4033,2020-05-13,13540000,Market Correction
8617,4033,28-11-2021,14770000,Annual Raise
8618,4033,2023-06-16,16010000,Annual Raise
8619,4034,2017-08-19,6430000,Initial
8620,4034,2019-06-23,6870000,Annual Raise
8621,4034,26-04-2021,7590000,
8622,4034,28/02/2023,8050000,Market Correction
8623,4035,2024-10-17,19970000,Initial
8624,4036,18/11/2023,21170000,Initial
8625,4037,29/12/2015,7970000,Initial
8626,4037,29/06/2017,8820000,Annual Raise
8627,4037,30/12/2018,9470000,Annual Raise
8628,4037,2020-06-30,10140000,Annual Raise
8629,4037,31-12-2021,10690000,Annual Raise
8630,4037,02-07-2023,11310000,Promotion
8631,4038,2019-03-09,23170000,Initial
8632,4038,14/02/2021,25540000,Adjustment
8633,4038,23-01-2023,28200000,Adjustment
8634,4039,2018-08-06,15270000,
8635,4039,13/03/2020,16370000,Market Correction
8636,4039,19-10-2021,17750000,Annual Raise
8637,4039,2023-05-27,19600000,Annual Raise
8638,4040,05/03/2019,19930000,Initial
8639,4040,2021-02-11,21610000,Market Correction
8640,4040,2023-01-22,23640000,Adjustment
8641,4041,18/02/2024,22280000,Initial
8642,4042,2019-01-15,17650000,
8643,4042,10/01/2021,19060000,Annual Raise
8644,4042,2023-01-06,20470000,Annual Raise
8645,4043,25-09-2018,23490000,Initial
8646,4043,19/04/2020,25340000,Annual Raise
8647,4043,13-11-2021,28010000,Adjustment
8648,4043,2023-06-08,29320000,Promotion
8649,4044,2015-06-25,17730000,Initial
8650,4044,2017-01-24,19420000,Market Correction
8651,4044,27/08/2018,20640000,Adjustment
8652,4044,29-03-2020,22550000,Market Correction
8653,4044,2021-10-29,24750000,Market Correction
8654,4044,01/06/2023,26790000,Annual Raise
8655,4045,21-01-2021,6880000,Initial
8656,4045,11-01-2023,7670000,Adjustment
8657,4046,26/02/2024,13800000,Initial
8658,4047,16-11-2024,25780000,Initial
8659,4048,2021-06-15,21500000,Initial
8660,4049,26-06-2020,25840000,Initial
8661,4050,16/06/2017,15270000,Initial
8662,4050,2018-12-19,17020000,Adjustment
8663,4050,22/06/2020,18010000,Market Correction
8664,4050,2021-12-25,20070000,Market Correction
8665,4050,29-06-2023,21930000,Market Correction
8666,4051,13-07-2017,27810000,Initial
8667,4051,26-05-2019,29400000,Annual Raise
8668,4051,2021-04-07,32270000,Market Correction
8669,4051,18/02/2023,33610000,Market Correction
8670,4052,12-01-2023,13570000,Initial
8671,4053,17/10/2022,32200000,Initial
8672,4054,03/04/2024,25520000,Initial
8673,4055,2015-04-07,19340000,Initial
8674,4055,2017-03-02,20790000,
8675,4056,02/10/2015,22540000,Initial
8676,4056,17/04/2017,23490000,Adjustment
8677,4056,01-11-2018,25290000,Market Correction
8678,4056,17/05/2020,27080000,Market Correction
8679,4056,2021-12-01,29090000,Market Correction
8680,4056,17-06-2023,30260000,Market Correction
8681,4057,02/06/2022,24030000,Initial
8682,4058,08/05/2019,21310000,Initial
8683,4058,26/03/2021,23190000,Promotion
8684,4058,12-02-2023,25280000,Annual Raise
8685,4059,14-02-2022,36120000,Initial
8686,4060,09-08-2020,14080000,Initial
8687,4060,21/10/2022,15640000,Adjustment
8688,4061,28-08-2024,17150000,Initial
8689,4062,21/09/2022,28760000,Initial
8690,4063,22/04/2015,23370000,Initial
8691,4063,02/12/2016,25570000,Promotion
8692,4063,2018-07-15,27140000,Adjustment
8693,4063,2020-02-26,28280000,Market Correction
8694,4063,2021-10-08,30600000,Adjustment
8695,4063,21-05-2023,33770000,Adjustment
8696,4064,2020-04-29,20230000,
8697,4065,06/02/2020,16240000,Initial
8698,4065,25/09/2021,17580000,Annual Raise
8699,4065,15/05/2023,19420000,Annual Raise
8700,4066,21-05-2015,13320000,Initial
8701,4066,26/12/2016,14210000,Adjustment
8702,4066,04/08/2018,15320000,Promotion
8703,4066,2020-03-11,16590000,Promotion
8704,4066,18-10-2021,18120000,Promotion
8705,4066,2023-05-26,19910000,Annual Raise
8706,4067,2017-06-06,21930000,Initial
8707,4067,11/12/2018,23960000,Promotion
8708,4067,16-06-2020,26620000,Promotion
8709,4067,2021-12-21,29690000,Market Correction
8710,4067,27-06-2023,31220000,Market Correction
8711,4068,27/08/2021,21890000,Initial
8712,4068,30/04/2023,24190000,Adjustment
8713,4069,2015-10-11,38040000,Initial
8714,4069,2017-04-24,40160000,Annual Raise
8715,4069,07/11/2018,43980000,Adjustment
8716,4069,2020-05-22,47520000,
8717,4069,04/12/2021,49430000,Market Correction
8718,4069,19-06-2023,52480000,Promotion
8719,4070,2023-12-27,14890000,Initial
8720,4071,26-07-2021,13320000,Initial
8721,4071,06-04-2023,14730000,Market Correction
8722,4072,16-04-2018,15480000,Initial
8723,4072,2019-12-20,16210000,Promotion
8724,4072,24-08-2021,18050000,Promotion
8725,4072,2023-04-29,18880000,Annual Raise
8726,4073,2019-10-14,16470000,Initial
8727,4074,17/10/2017,30730000,Initial
8728,4075,2017-07-04,26990000,Initial
8729,4075,07/04/2019,28670000,Adjustment
8730,4075,09-01-2021,30690000,Annual Raise
8731,4075,13/10/2022,32120000,Adjustment
8732,4076,2024-01-25,18970000,Initial
8733,4077,24/06/2016,8010000,Initial
8734,4077,2018-03-08,8930000,Annual Raise
8735,4077,21-11-2019,9830000,Promotion
8736,4077,04-08-2021,10340000,Annual Raise
8737,4077,2023-04-19,10870000,Market Correction
8738,4078,25/07/2020,18830000,Initial
8739,4078,2022-10-13,20950000,Market Correction
8740,4079,2022-02-13,23620000,Initial
8741,4080,2019-11-23,22390000,Initial
8742,4080,06/08/2021,25070000,Annual Raise
8743,4080,20/04/2023,26250000,Adjustment
8744,4081,12-12-2017,36560000,Initial
8745,4081,17-09-2019,39260000,Market Correction
8746,4081,22-06-2021,42110000,Adjustment
8747,4081,2023-03-28,47100000,Market Correction
8748,4082,2020-09-08,16420000,Initial
8749,4082,05-11-2022,18240000,Promotion
8750,4083,20-12-2015,11990000,Initial
8751,4083,2017-06-22,12960000,Promotion
8752,4083,24/12/2018,14240000,Annual Raise
8753,4083,26-06-2020,15120000,Adjustment
8754,4083,2021-12-28,16790000,Market Correction
8755,4083,01/07/2023,18410000,Adjustment
8756,4084,01/04/2021,32970000,Initial
8757,4084,15-02-2023,35500000,Promotion
8758,4085,12/07/2021,12910000,Initial
8759,4085,07/04/2023,14240000,Adjustment
8760,4086,26/08/2016,12200000,Initial
8761,4086,28/04/2018,12990000,Market Correction
8762,4086,2019-12-29,14190000,Adjustment
8763,4086,30/08/2021,15120000,Adjustment
8764,4086,02-05-2023,15760000,Promotion
8765,4087,04-03-2019,13930000,Initial
8766,4087,2021-02-11,15210000,Annual Raise
8767,4087,22-01-2023,16830000,Promotion
8768,4088,26/07/2021,25770000,Initial
8769,4088,14/04/2023,28740000,Adjustment
8770,4089,01-08-2018,18960000,Initial
8771,4089,09-03-2020,20230000,Adjustment
8772,4089,16/10/2021,21910000,Adjustment
8773,4089,25-05-2023,24030000,Annual Raise
8774,4090,12-06-2022,39420000,Initial
8775,4091,08-05-2019,21390000,Initial
8776,4091,26-03-2021,23890000,Annual Raise
8777,4091,12-02-2023,25940000,Promotion
8778,4092,21-08-2016,13920000,Initial
8779,4092,24/04/2018,14550000,
8780,4092,26-12-2019,15990000,
8781,4092,2021-08-28,17630000,Promotion
8782,4092,01-05-2023,18750000,Adjustment
8783,4093,2020-05-10,31540000,Initial
8784,4093,2021-11-26,35180000,Annual Raise
8785,4093,15-06-2023,39240000,Market Correction
8786,4094,11/01/2022,20350000,Initial
8787,4095,14/04/2024,12560000,
8788,4096,06/10/2024,5090000,
8789,4097,20/05/2019,24700000,Initial
8790,4097,03/04/2021,27620000,Market Correction
8791,4097,16-02-2023,29860000,Adjustment
8792,4098,2020-05-17,34200000,Initial
8793,4098,01-12-2021,36990000,Market Correction
8794,4098,2023-06-17,41290000,Market Correction
8795,4099,15/09/2017,18380000,Initial
8796,4099,13-07-2019,19650000,Adjustment
8797,4099,2021-05-09,20500000,Annual Raise
8798,4099,2023-03-06,21860000,Promotion
8799,4100,08/11/2019,10310000,Initial
8800,4100,27/07/2021,11500000,Annual Raise
8801,4100,15-04-2023,12320000,Promotion
8802,4101,2022-11-25,15040000,Initial
8803,4102,2019-02-22,14930000,Initial
8804,4102,04/02/2021,16520000,Adjustment
8805,4102,18-01-2023,17320000,Annual Raise
8806,4103,28-05-2018,11390000,Initial
8807,4103,20/01/2020,12640000,Promotion
8808,4103,14-09-2021,14100000,Annual Raise
8809,4103,2023-05-09,15480000,Promotion
8810,4104,04/08/2024,14720000,Initial
8811,4105,06/04/2020,25300000,Initial
8812,4105,04/11/2021,27920000,
8813,4105,2023-06-04,31210000,Adjustment
8814,4106,2020-12-22,27230000,Initial
8815,4106,27/12/2022,29140000,Promotion
8816,4107,16/01/2018,25040000,Initial
8817,4107,13-10-2019,26680000,Adjustment
8818,4107,10-07-2021,28490000,Market Correction
8819,4107,2023-04-06,30090000,Adjustment
8820,4108,20-08-2018,13560000,Initial
8821,4108,23-03-2020,15090000,Annual Raise
8822,4108,2021-10-26,16530000,Adjustment
8823,4108,2023-05-30,17250000,Promotion
8824,4109,24-02-2017,17160000,Initial
8825,4109,2018-09-20,18320000,Adjustment
8826,4109,2020-04-16,19210000,Promotion
8827,4109,10-11-2021,20330000,Annual Raise
8828,4109,2023-06-07,21730000,Market Correction
8829,4110,16-12-2017,11940000,
8830,4110,20/09/2019,12730000,Adjustment
8831,4110,24-06-2021,14050000,Adjustment
8832,4110,29-03-2023,15420000,Annual Raise
8833,4111,2023-12-30,19540000,Initial
8834,4112,2022-12-28,59380000,Initial
8835,4113,2021-07-10,37120000,Initial
8836,4113,06-04-2023,41470000,Adjustment
8837,4114,2022-02-28,15830000,Initial
8838,4115,19/01/2017,33360000,Initial
8839,4115,22-08-2018,37130000,Annual Raise
8840,4115,25-03-2020,39510000,Promotion
8841,4115,27/10/2021,41780000,Market Correction
8842,4115,31-05-2023,44390000,Adjustment
8843,4116,2020-06-06,25070000,
8844,4116,14/12/2021,26160000,Adjustment
8845,4116,24/06/2023,27680000,Annual Raise
8846,4117,22-08-2016,22820000,Initial
8847,4117,24/04/2018,24990000,Market Correction
8848,4117,26-12-2019,26390000,Market Correction
8849,4117,2021-08-28,28770000,Adjustment
8850,4117,2023-05-01,32190000,Promotion
8851,4118,2024-02-13,11120000,Initial
8852,4119,2024-02-08,22030000,Initial
8853,4120,24-09-2020,20300000,Initial
8854,4120,13/11/2022,21830000,Promotion
8855,4121,16-01-2022,56710000,Initial
8856,4122,2019-05-04,49450000,Initial
8857,4122,23-03-2021,55060000,Promotion
8858,4122,2023-02-11,58770000,Annual Raise
8859,4123,11-07-2023,27900000,Initial
8860,4124,2018-02-10,15590000,Initial
8861,4124,2019-09-26,17260000,Promotion
8862,4124,11/05/2021,18620000,Adjustment
8863,4124,25/12/2022,20410000,Annual Raise
8864,4125,02-05-2023,18840000,Initial
8865,4126,10/02/2015,23470000,Initial
8866,4126,2016-10-04,25590000,Annual Raise
8867,4126,29/05/2018,27370000,Annual Raise
8868,4126,2020-01-21,30010000,Promotion
8869,4126,14-09-2021,33550000,
8870,4126,09-05-2023,35770000,Adjustment
8871,4127,27/10/2019,43730000,Initial
8872,4127,2021-07-19,47430000,Market Correction
8873,4127,11-04-2023,52700000,Promotion
8874,4128,13-03-2021,39490000,Initial
8875,4128,06/02/2023,43490000,Adjustment
8876,4129,2023-07-20,40600000,
8877,4130,2016-10-18,12030000,Initial
8878,4130,2018-06-09,12880000,Promotion
8879,4130,2020-01-29,13700000,Promotion
8880,4130,2021-09-20,14980000,Adjustment
8881,4130,12/05/2023,16210000,Promotion
8882,4131,2024-01-29,38880000,Initial
8883,4132,24-06-2017,4660000,
8884,4132,25/12/2018,5170000,Annual Raise
8885,4132,2020-06-27,5690000,Adjustment
8886,4132,28/12/2021,6270000,Market Correction
8887,4132,01/07/2023,6840000,Promotion
8888,4133,21/06/2017,3790000,Initial
8889,4133,23-12-2018,4220000,Annual Raise
8890,4133,25-06-2020,4560000,Annual Raise
8891,4133,2021-12-27,5070000,Promotion
8892,4133,30/06/2023,5630000,Annual Raise
8893,4134,18/11/2019,21590000,Initial
8894,4134,02-08-2021,22910000,Adjustment
8895,4134,18-04-2023,24000000,Promotion
8896,4135,24-05-2017,33850000,Initial
8897,4135,30/11/2018,36140000,Market Correction
8898,4135,2020-06-08,38980000,Promotion
8899,4135,2021-12-16,43610000,Adjustment
8900,4135,25/06/2023,46330000,Annual Raise
8901,4136,18/12/2019,25630000,Initial
8902,4136,2021-08-22,26870000,Annual Raise
8903,4136,28-04-2023,28380000,Adjustment
8904,4137,05-04-2015,10100000,Initial
8905,4137,18/11/2016,11120000,Market Correction
8906,4137,04-07-2018,12300000,Annual Raise
8907,4137,17/02/2020,13590000,Promotion
8908,4137,2021-10-02,14920000,Promotion
8909,4137,18/05/2023,16000000,Annual Raise
8910,4138,24-11-2019,27800000,Initial
8911,4138,2021-08-06,31070000,Adjustment
8912,4138,2023-04-20,33620000,Adjustment
8913,4139,06/08/2020,17260000,Initial
8914,4139,19-10-2022,19070000,Adjustment
8915,4140,08/03/2019,34430000,Initial
8916,4140,13/02/2021,38390000,Promotion
8917,4140,23/01/2023,40290000,Annual Raise
8918,4141,20-11-2016,12670000,Initial
8919,4141,2018-07-05,13920000,Annual Raise
8920,4141,2020-02-18,14820000,Adjustment
8921,4141,03/10/2021,16090000,Promotion
8922,4141,19-05-2023,17270000,Annual Raise
8923,4142,18-07-2019,13090000,Initial
8924,4142,16/01/2021,14060000,Promotion
8925,4142,18-07-2022,15190000,Annual Raise
8926,4143,2021-09-25,44260000,Initial
8927,4143,15-05-2023,46190000,Adjustment
8928,4144,2022-03-28,19280000,Initial
8929,4145,12-05-2019,11740000,Initial
8930,4145,29/03/2021,13000000,Adjustment
8931,4145,14/02/2023,14490000,Annual Raise
8932,4146,23/11/2019,34890000,Initial
8933,4146,2021-08-06,37830000,Market Correction
8934,4146,2023-04-20,41900000,Market Correction
8935,4147,2018-11-27,11550000,Initial
8936,4147,2020-06-05,12910000,Annual Raise
8937,4147,14/12/2021,14310000,Annual Raise
8938,4147,24/06/2023,15570000,Annual Raise
8939,4148,14-05-2020,29580000,Initial
8940,4148,2021-11-29,31280000,Market Correction
8941,4148,2023-06-16,34080000,Adjustment
8942,4149,26-06-2024,12740000,Initial
8943,4150,04-01-2016,59590000,Initial
8944,4150,22/10/2017,62560000,Adjustment
8945,4150,2019-08-10,66700000,Adjustment
8946,4150,28/05/2021,70550000,Adjustment
8947,4150,16/03/2023,77360000,Market Correction
8948,4151,22/10/2017,15080000,Initial
8949,4151,2019-06-26,16640000,Market Correction
8950,4152,2024-08-17,12810000,Initial
8951,4153,2016-11-13,10330000,Initial
8952,4153,30/06/2018,10920000,Market Correction
8953,4153,14/02/2020,11510000,Promotion
8954,4153,30/09/2021,12240000,Adjustment
8955,4153,2023-05-17,13020000,Adjustment
8956,4154,03-06-2021,29200000,Initial
8957,4154,19-03-2023,32320000,Adjustment
8958,4155,30/09/2019,35540000,Initial
8959,4155,01/07/2021,39590000,Annual Raise
8960,4155,02/04/2023,41610000,
8961,4156,04/10/2021,39350000,Initial
8962,4156,19-05-2023,43620000,Annual Raise
8963,4157,01/03/2024,26590000,Initial
8964,4158,16/03/2021,51500000,Initial
8965,4158,07/02/2023,56830000,Promotion
8966,4159,03-10-2017,26740000,Initial
8967,4159,26-07-2019,28010000,Market Correction
8968,4159,2021-05-18,30230000,Adjustment
8969,4159,11/03/2023,32340000,Adjustment
8970,4160,03/10/2020,20610000,Initial
8971,4160,2022-11-17,21880000,Promotion
8972,4161,02/06/2019,35240000,Initial
8973,4161,12-04-2021,38110000,Annual Raise
8974,4161,21/02/2023,41600000,Market Correction
8975,4162,2017-09-17,12530000,Initial
8976,4162,14-07-2019,13500000,Adjustment
8977,4162,10/05/2021,14460000,Annual Raise
8978,4162,07-03-2023,15390000,Annual Raise
8979,4163,09/03/2020,19620000,Initial
8980,4163,2021-10-16,21290000,Annual Raise
8981,4163,25/05/2023,22470000,Market Correction
8982,4164,25-10-2016,49890000,Initial
8983,4164,15-06-2018,53820000,Annual Raise
8984,4164,03/02/2020,57440000,Market Correction
8985,4164,23/09/2021,61930000,Market Correction
8986,4164,2023-05-14,67580000,Annual Raise
8987,4165,2016-07-10,15290000,Initial
8988,4165,2018-05-30,16670000,Annual Raise
8989,4165,18-04-2020,18120000,Annual Raise
8990,4166,04/03/2021,35990000,Initial
8991,4166,01-02-2023,37940000,Promotion
8992,4167,05/04/2022,34540000,Initial
8993,4168,06/06/2023,15400000,Initial
8994,4169,01/06/2016,22440000,Initial
8995,4169,18/02/2018,23620000,Promotion
8996,4169,07-11-2019,25500000,Adjustment
8997,4169,26-07-2021,27070000,Promotion
8998,4169,14-04-2023,30100000,Annual Raise
8999,4170,2024-06-10,14320000,Initial
9000,4171,2019-03-20,15130000,Initial
9001,4171,21/02/2021,16420000,Market Correction
9002,4171,27/01/2023,17320000,Promotion
9003,4172,01/06/2023,16700000,Initial
9004,4173,13-09-2024,45150000,Initial
9005,4174,12/06/2019,40800000,Initial
9006,4174,2021-04-18,45650000,Market Correction
9007,4174,2023-02-24,48200000,Promotion
9008,4175,01/11/2017,13760000,Initial
9009,4175,17/08/2019,14600000,Promotion
9010,4175,02/06/2021,16060000,Annual Raise
9011,4175,2023-03-18,16770000,
9012,4176,23/11/2024,19130000,Initial
9013,4177,02-10-2017,26110000,Initial
9014,4177,26/07/2019,28190000,Adjustment
9015,4177,2021-05-18,30390000,Market Correction
9016,4177,11/03/2023,32770000,Promotion
9017,4178,2019-03-13,14560000,Initial
9018,4178,2020-09-29,15980000,Market Correction
9019,4179,16-11-2015,8170000,Initial
9020,4179,2017-05-24,8940000,Market Correction
9021,4179,01/12/2018,9340000,Promotion
9022,4179,2020-06-09,10300000,Annual Raise
9023,4179,16-12-2021,10810000,Promotion
9024,4179,25/06/2023,11360000,Adjustment
9025,4180,2015-06-15,12970000,Initial
9026,4180,16-01-2017,14420000,Market Correction
9027,4180,20-08-2018,16110000,Annual Raise
9028,4180,2020-03-24,17330000,Annual Raise
9029,4180,26/10/2021,19280000,Annual Raise
9030,4180,2023-05-30,20850000,Adjustment
9031,4181,2017-03-03,33370000,Initial
9032,4181,26/09/2018,35340000,Promotion
9033,4181,2020-04-20,36950000,Promotion
9034,4181,2021-11-13,40430000,Adjustment
9035,4181,08-06-2023,44350000,Market Correction
9036,4182,2016-08-20,17860000,Initial
9037,4182,23-04-2018,18630000,Promotion
9038,4182,2019-12-25,20250000,Promotion
9039,4182,2021-08-27,22480000,Market Correction
9040,4182,30/04/2023,23960000,Annual Raise
9041,4183,17-09-2020,29570000,Initial
9042,4183,2022-11-09,31360000,Promotion
9043,4184,11-07-2019,19950000,Initial
9044,4184,2021-05-08,20950000,Promotion
9045,4184,06/03/2023,22020000,Promotion
9046,4185,13-03-2018,21870000,Initial
9047,4185,2019-11-24,22890000,Annual Raise
9048,4185,2021-08-07,25050000,Annual Raise
9049,4185,20/04/2023,26060000,
9050,4186,04-07-2023,21800000,Initial
9051,4187,20-09-2016,15230000,Initial
9052,4187,18-05-2018,16840000,Adjustment
9053,4187,13/01/2020,18220000,Adjustment
9054,4187,2021-09-09,19240000,Market Correction
9055,4187,07-05-2023,21300000,Promotion
9056,4188,2023-03-16,27160000,Initial
9057,4189,17/01/2016,24150000,
9058,4189,2017-11-01,26900000,Adjustment
9059,4189,17-08-2019,28540000,Promotion
9060,4189,02-06-2021,31310000,Market Correction
9061,4189,18-03-2023,33580000,Annual Raise
9062,4190,30/06/2015,17140000,Initial
9063,4190,28-01-2017,18330000,Promotion
9064,4190,2018-08-30,19860000,Adjustment
9065,4190,31/03/2020,20810000,Annual Raise
9066,4190,31-10-2021,21840000,Adjustment
9067,4190,2023-06-02,23500000,Adjustment
9068,4191,07-09-2019,14290000,Initial
9069,4191,2021-06-15,15300000,Promotion
9070,4191,2023-03-25,16040000,Annual Raise
9071,4192,12/05/2017,17380000,Initial
9072,4193,2023-02-26,25390000,Initial
9073,4194,2022-07-18,12570000,Initial
9074,4195,01/12/2021,16650000,Initial
9075,4195,2023-06-17,18530000,Adjustment
9076,4196,21/06/2021,25190000,Initial
9077,4196,2023-03-28,27510000,Annual Raise
9078,4197,27-11-2020,15890000,Initial
9079,4197,15/12/2022,17190000,
9080,4198,16-01-2024,21050000,Initial
9081,4199,2019-11-13,24280000,Initial
9082,4199,2021-07-30,26650000,Market Correction
9083,4199,2023-04-16,28410000,Annual Raise
9084,4200,05-08-2020,21200000,Initial
9085,4200,2022-10-19,22430000,Market Correction
9086,4201,28-12-2023,13200000,Initial
9087,4202,21-06-2024,7360000,Initial
9088,4203,2016-02-08,16730000,
9089,4203,19-11-2017,18270000,Annual Raise
9090,4203,31-08-2019,19160000,Adjustment
9091,4203,2021-06-11,20730000,Annual Raise
9092,4203,2023-03-23,21880000,Promotion
9093,4204,14/09/2019,35200000,Initial
9094,4204,20-06-2021,39170000,Promotion
9095,4204,27/03/2023,42830000,Adjustment
9096,4205,27-12-2021,16160000,Initial
9097,4205,30-06-2023,17900000,Annual Raise
9098,4206,2015-08-22,25760000,Initial
9099,4206,14/03/2017,27990000,Market Correction
9100,4206,05-10-2018,30080000,Adjustment
9101,4206,2020-04-27,32550000,Adjustment
9102,4206,18/11/2021,34800000,Market Correction
9103,4206,11/06/2023,36560000,Adjustment
9104,4207,2015-05-06,14120000,Initial
9105,4207,2016-12-14,14940000,Market Correction
9106,4207,25-07-2018,16690000,Market Correction
9107,4207,04/03/2020,17380000,Adjustment
9108,4207,13/10/2021,18160000,Annual Raise
9109,4207,24/05/2023,20340000,Annual Raise
9110,4208,15-06-2020,27790000,Initial
9111,4208,20-12-2021,30220000,Adjustment
9112,4208,27/06/2023,31780000,Annual Raise
9113,4209,2021-08-07,27860000,Initial
9114,4209,2023-04-20,31130000,Adjustment
9115,4210,2017-09-23,23570000,Initial
9116,4210,2019-07-19,25730000,Market Correction
9117,4210,2021-05-13,27390000,Market Correction
9118,4210,2023-03-08,30540000,Adjustment
9119,4211,27-08-2021,22320000,Initial
9120,4211,2023-04-30,23240000,Promotion
9121,4212,2023-12-06,21720000,Initial
9122,4213,14-01-2016,14670000,Initial
9123,4213,2017-10-30,15410000,Annual Raise
9124,4213,16/08/2019,16040000,
9125,4213,2021-06-01,17700000,Market Correction
9126,4213,18/03/2023,19660000,Adjustment
9127,4214,09-01-2015,10080000,Initial
9128,4214,2016-09-07,11160000,Adjustment
9129,4214,08/05/2018,11880000,
9130,4214,2020-01-05,12510000,Promotion
9131,4214,04/09/2021,13650000,Promotion
9132,4214,04-05-2023,14440000,Market Correction
9133,4215,12/08/2022,44080000,Initial
9134,4216,2015-06-15,44740000,Initial
9135,4216,2017-06-08,47040000,Market Correction
9136,4217,11/06/2015,16520000,Initial
9137,4217,13/01/2017,18420000,Market Correction
9138,4217,18-08-2018,19780000,Adjustment
9139,4217,2020-03-22,21000000,Market Correction
9140,4217,25/10/2021,21970000,Promotion
9141,4217,30-05-2023,23740000,Annual Raise
9142,4218,29/03/2024,18830000,Initial
9143,4219,25/11/2021,49680000,Initial
9144,4219,14/06/2023,52220000,Promotion
9145,4220,21-07-2016,18260000,Initial
9146,4220,2018-03-30,19360000,Market Correction
9147,4220,07/12/2019,21080000,Annual Raise
9148,4220,15-08-2021,21980000,Market Correction
9149,4220,24/04/2023,22990000,Promotion
9150,4221,20-03-2022,27080000,Initial
9151,4222,23/09/2022,23080000,Initial
9152,4223,17-10-2022,67490000,Initial
9153,4224,17/04/2018,26550000,Initial
9154,4224,20-12-2019,28300000,Promotion
9155,4224,24-08-2021,31690000,Annual Raise
9156,4224,29-04-2023,34590000,Annual Raise
9157,4225,28-11-2023,76160000,Initial
9158,4226,12-09-2017,34810000,Initial
9159,4226,11/07/2019,38460000,Annual Raise
9160,4226,2021-05-08,42480000,Promotion
9161,4226,2023-03-06,45460000,Market Correction
9162,4227,2015-08-29,34000000,Initial
9163,4227,19-03-2017,36580000,Annual Raise
9164,4227,09/10/2018,39270000,Adjustment
9165,4227,30/04/2020,41560000,
9166,4227,20/11/2021,46220000,Adjustment
9167,4227,2023-06-12,49830000,Market Correction
9168,4228,31-05-2016,12500000,Initial
9169,4228,17/02/2018,13590000,Annual Raise
9170,4228,06-11-2019,15070000,Annual Raise
9171,4228,26/07/2021,15730000,Promotion
9172,4228,14-04-2023,17530000,
9173,4229,2022-09-17,22630000,Initial
9174,4230,2019-08-06,42800000,Initial
9175,4230,24/08/2021,46370000,Promotion
9176,4231,14/12/2022,14000000,
9177,4232,2016-10-03,56310000,
9178,4232,28-05-2018,62330000,Adjustment
9179,4232,20/01/2020,67000000,Annual Raise
9180,4232,14/09/2021,73760000,Adjustment
9181,4232,2023-05-09,81820000,Adjustment
9182,4233,07-06-2024,42980000,Initial
9183,4234,13-03-2020,14400000,Initial
9184,4234,19-10-2021,15110000,Promotion
9185,4234,27-05-2023,15830000,Promotion
9186,4235,16/01/2020,10540000,Initial
9187,4235,11/09/2021,11460000,Adjustment
9188,4235,08/05/2023,12580000,Adjustment
9189,4236,20/05/2022,19060000,Initial
9190,4237,2015-01-31,12680000,Initial
9191,4237,25/09/2016,13250000,Annual Raise
9192,4237,2018-05-22,14610000,Annual Raise
9193,4237,2020-01-16,15380000,Adjustment
9194,4237,2021-09-11,16410000,Market Correction
9195,4237,2023-05-08,18190000,Annual Raise
9196,4238,17/01/2016,10930000,Initial
9197,4238,2017-11-01,11430000,Adjustment
9198,4238,17-08-2019,12610000,Promotion
9199,4238,02/06/2021,13970000,Adjustment
9200,4238,18-03-2023,15320000,Market Correction
9201,4239,10-09-2017,22500000,Initial
9202,4239,2019-07-09,24550000,Promotion
9203,4239,2021-05-07,25700000,Promotion
9204,4239,05/03/2023,28390000,Adjustment
9205,4240,31-01-2023,39510000,Initial
9206,4241,22-12-2023,64860000,Initial
9207,4242,2023-08-27,65760000,Initial
9208,4243,2018-09-23,14560000,Initial
9209,4243,18/04/2020,15910000,
9210,4243,12/11/2021,16900000,Market Correction
9211,4243,08/06/2023,18880000,Market Correction
9212,4244,14/12/2020,10150000,Initial
9213,4244,23/12/2022,11230000,Promotion
9214,4245,17-11-2019,24170000,Initial
9215,4245,2021-08-02,26790000,Annual Raise
9216,4245,18-04-2023,29860000,Adjustment
9217,4246,24/01/2023,13120000,Initial
9218,4247,02-07-2015,15260000,Initial
9219,4247,30/01/2017,16420000,Promotion
9220,4247,2018-09-01,17450000,Promotion
9221,4247,2020-04-01,18460000,
9222,4247,2021-11-01,19940000,Market Correction
9223,4247,02/06/2023,21430000,Annual Raise
9224,4248,27/04/2020,11900000,Initial
9225,4248,18/11/2021,12960000,Adjustment
9226,4248,11/06/2023,14030000,Market Correction
9227,4249,14/07/2018,13640000,Initial
9228,4249,2020-02-24,15080000,Market Correction
9229,4249,2021-10-07,15700000,Adjustment
9230,4249,21-05-2023,16630000,Market Correction
9231,4250,24/04/2022,25930000,Initial
9232,4251,06-06-2019,14750000,Initial
9233,4251,14-04-2021,16130000,Promotion
9234,4251,22-02-2023,18060000,Promotion
9235,4252,2024-03-18,21410000,Initial
9236,4253,2015-11-08,13710000,Initial
9237,4253,18/05/2017,15090000,Adjustment
9238,4253,26-11-2018,15900000,Promotion
9239,4253,05/06/2020,17530000,Promotion
9240,4253,14-12-2021,18240000,Promotion
9241,4253,24-06-2023,20120000,Annual Raise
9242,4254,2015-03-08,25770000,Initial
9243,4254,2016-10-25,26910000,Annual Raise
9244,4254,15-06-2018,29970000,Promotion
9245,4254,03/02/2020,31210000,Promotion
9246,4254,23/09/2021,34110000,Promotion
9247,4254,14-05-2023,36650000,Adjustment
9248,4255,16-08-2023,45580000,Initial
9249,4256,27/12/2020,18940000,Initial
9250,4256,30/12/2022,20920000,Promotion
9251,4257,13/05/2019,12650000,Initial
9252,4257,2021-03-29,13940000,Annual Raise
9253,4257,2023-02-14,15250000,Market Correction
9254,4258,28/02/2015,30890000,Initial
9255,4258,2016-10-19,34170000,Adjustment
9256,4258,10/06/2018,37790000,Market Correction
9257,4258,30/01/2020,39740000,Adjustment
9258,4258,20-09-2021,43770000,Market Correction
9259,4258,2023-05-12,47320000,Market Correction
9260,4259,19/05/2020,40480000,Initial
9261,4260,16/05/2022,16170000,Initial
9262,4261,15/04/2017,19460000,Initial
9263,4261,2018-10-30,20500000,Market Correction
9264,4261,16-05-2020,22600000,
9265,4261,30/11/2021,23900000,Annual Raise
9266,4261,17-06-2023,26500000,Market Correction
9267,4262,21/06/2018,18800000,Initial
9268,4262,07-02-2020,19650000,Adjustment
9269,4262,26-09-2021,21100000,Adjustment
9270,4262,15-05-2023,22230000,Promotion
9271,4263,09/11/2015,30960000,Initial
9272,4263,18-05-2017,33000000,Market Correction
9273,4263,26-11-2018,36700000,Adjustment
9274,4263,05-06-2020,40990000,Adjustment
9275,4263,2021-12-14,42820000,Adjustment
9276,4263,24-06-2023,45710000,
9277,4264,08/09/2017,19530000,Initial
9278,4264,2019-06-13,21480000,Adjustment
9279,4265,14-10-2018,27930000,Initial
9280,4265,2020-09-08,30080000,Promotion
9281,4265,04-08-2022,31960000,Annual Raise
9282,4266,2023-10-23,18050000,Initial
9283,4267,11/02/2021,19850000,Initial
9284,4267,2023-01-22,22210000,Promotion
9285,4268,17-09-2015,19250000,Initial
9286,4268,04-04-2017,20330000,Adjustment
9287,4268,2018-10-22,22530000,Promotion
9288,4268,2020-05-10,24170000,Annual Raise
9289,4268,26/11/2021,26000000,Market Correction
9290,4268,15/06/2023,27400000,Adjustment
9291,4269,2020-05-14,25730000,Initial
9292,4269,2021-11-29,28060000,Adjustment
9293,4269,16/06/2023,31250000,Adjustment
9294,4270,27-07-2024,38780000,Initial
9295,4271,19/05/2017,27190000,Initial
9296,4271,30-03-2019,28780000,Promotion
9297,4271,2021-02-08,30520000,Market Correction
9298,4271,21/12/2022,32270000,Adjustment
9299,4272,2023-05-09,20950000,Initial
9300,4273,06/05/2019,15500000,Initial
9301,4273,25-03-2021,16590000,Market Correction
9302,4273,2023-02-12,18350000,Adjustment
9303,4274,2015-05-30,24800000,
9304,4274,2017-01-03,25970000,Annual Raise
9305,4274,10/08/2018,27110000,Annual Raise
9306,4274,2020-03-16,30260000,Adjustment
9307,4274,21-10-2021,32580000,Market Correction
9308,4274,28/05/2023,34400000,Promotion
9309,4275,15/06/2022,21510000,Initial
9310,4276,14-07-2018,8900000,Initial
9311,4276,24/02/2020,9850000,Market Correction
9312,4276,2021-10-07,10820000,Market Correction
9313,4276,21/05/2023,11470000,Adjustment
9314,4277,01/09/2021,30190000,Initial
9315,4277,2023-05-03,33250000,Annual Raise
9316,4278,17/07/2020,16960000,Initial
9317,4278,09/10/2022,18470000,Annual Raise
9318,4279,05/05/2016,11580000,Initial
9319,4279,2018-01-27,12840000,Market Correction
9320,4279,22/10/2019,14040000,
9321,4279,15-07-2021,15030000,Adjustment
9322,4279,09-04-2023,16220000,Adjustment
9323,4280,04-10-2017,19160000,Initial
9324,4280,07/07/2019,21180000,Promotion
9325,4280,08/04/2021,22570000,Adjustment
9326,4281,2015-08-13,16340000,
9327,4281,06-03-2017,17910000,Market Correction
9328,4281,2018-09-29,18810000,Adjustment
9329,4281,2020-04-22,20690000,Adjustment
9330,4281,2021-11-15,22430000,Annual Raise
9331,4281,2023-06-09,24040000,Adjustment
9332,4282,2022-10-21,16980000,Initial
9333,4283,2015-11-01,25470000,Initial
9334,4283,12/05/2017,26970000,Market Correction
9335,4283,21/11/2018,28660000,Adjustment
9336,4283,01-06-2020,30360000,Annual Raise
9337,4283,11-12-2021,31780000,Market Correction
9338,4283,22/06/2023,34750000,Market Correction
9339,4284,14-04-2023,17850000,Initial
9340,4285,2018-09-04,13950000,Initial
9341,4285,03/04/2020,15080000,Market Correction
9342,4285,02/11/2021,16000000,Promotion
9343,4285,03/06/2023,16960000,Annual Raise
9344,4286,24/01/2019,41800000,Initial
9345,4287,18/01/2017,28490000,Initial
9346,4287,22-08-2018,30250000,Annual Raise
9347,4287,25/03/2020,31670000,Promotion
9348,4287,27-10-2021,33550000,Adjustment
9349,4287,2023-05-31,36610000,Promotion
9350,4288,2015-07-21,19050000,Initial
9351,4288,2017-02-15,20870000,Annual Raise
9352,4288,13-09-2018,23360000,Annual Raise
9353,4288,11-04-2020,24600000,
9354,4288,07-11-2021,26250000,Promotion
9355,4288,2023-06-05,29310000,Annual Raise
9356,4289,2024-02-07,31600000,Initial
9357,4290,12-03-2021,8730000,Initial
9358,4290,05/02/2023,9400000,Annual Raise
9359,4291,01-07-2018,16690000,Initial
9360,4291,15/02/2020,17860000,Adjustment
9361,4291,01/10/2021,19440000,Market Correction
9362,4291,2023-05-18,21770000,Promotion
9363,4292,07-01-2018,22680000,Initial
9364,4292,06/10/2019,25250000,Promotion
9365,4292,05/07/2021,27520000,Adjustment
9366,4292,04-04-2023,30230000,Promotion
9367,4293,13-03-2016,14340000,Initial
9368,4293,16-12-2017,15090000,Promotion
9369,4293,20-09-2019,16100000,Adjustment
9370,4293,2021-06-24,16820000,Promotion
9371,4293,29-03-2023,17540000,Adjustment
9372,4294,21-07-2019,20480000,Initial
9373,4294,14-05-2021,22290000,Promotion
9374,4294,09-03-2023,24830000,Market Correction
9375,4295,02-12-2015,27630000,Initial
9376,4295,07-06-2017,30040000,Market Correction
9377,4295,12/12/2018,31650000,Market Correction
9378,4295,2020-06-17,35430000,Annual Raise
9379,4295,22-12-2021,37540000,Adjustment
9380,4295,2023-06-28,41140000,Market Correction
9381,4296,2022-01-27,21410000,Initial
9382,4297,24-11-2016,16860000,Initial
9383,4297,09/07/2018,17670000,Annual Raise
9384,4297,21/02/2020,19450000,Annual Raise
9385,4297,05/10/2021,21510000,Annual Raise
9386,4297,2023-05-20,22620000,Adjustment
9387,4298,22/01/2015,13980000,Initial
9388,4298,2016-09-18,15160000,Annual Raise
9389,4298,16/05/2018,16560000,Promotion
9390,4298,12/01/2020,17240000,Promotion
9391,4298,08-09-2021,18090000,Adjustment
9392,4298,06-05-2023,19630000,Annual Raise
9393,4299,2020-07-10,18440000,Initial
9394,4299,06/10/2022,19610000,Annual Raise
9395,4300,27-02-2017,7160000,Initial
9396,4300,2018-09-23,7480000,Adjustment
9397,4300,18/04/2020,8230000,Promotion
9398,4300,12/11/2021,9070000,Market Correction
9399,4300,08-06-2023,9480000,Promotion
9400,4301,16-08-2021,13110000,Initial
9401,4301,2023-04-25,14250000,Adjustment
9402,4302,29-11-2021,12080000,Initial
9403,4302,2023-06-16,12660000,Market Correction
9404,4303,09/04/2022,19640000,Initial
9405,4304,16-08-2021,25150000,Initial
9406,4304,25-04-2023,27630000,Market Correction
9407,4305,18/02/2024,28200000,Initial
9408,4306,26-06-2016,28680000,Initial
9409,4306,10/03/2018,31830000,Market Correction
9410,4306,22/11/2019,35040000,Annual Raise
9411,4306,05-08-2021,37080000,Adjustment
9412,4306,2023-04-19,39180000,Adjustment
9413,4307,15-03-2023,20570000,Initial
9414,4308,06-04-2016,14240000,Initial
9415,4308,04/01/2018,14940000,Adjustment
9416,4308,2019-10-04,15560000,Adjustment
9417,4308,04/07/2021,16470000,Market Correction
9418,4308,2023-04-03,17560000,Annual Raise
9419,4309,22/04/2024,25390000,Initial
9420,4310,2020-01-06,6910000,Initial
9421,4310,2021-07-13,7370000,Adjustment
9422,4310,2023-01-18,8120000,Promotion
9423,4311,24-08-2018,31380000,Initial
9424,4311,2020-03-26,34250000,Promotion
9425,4311,28/10/2021,37520000,Market Correction
9426,4311,2023-05-31,40160000,Annual Raise
9427,4312,22/12/2019,41170000,Initial
9428,4312,25-08-2021,43020000,Market Correction
9429,4312,2023-04-29,45470000,Market Correction
9430,4313,17-12-2018,16570000,
9431,4313,20-06-2020,17270000,Adjustment
9432,4313,24/12/2021,18650000,Market Correction
9433,4313,2023-06-29,20430000,Promotion
9434,4314,29/06/2020,22600000,Initial
9435,4314,30-12-2021,24220000,Market Correction
9436,4314,2023-07-02,27090000,Promotion
9437,4315,2015-01-13,19830000,
9438,4315,2016-09-10,21870000,Annual Raise
9439,4315,10-05-2018,23760000,Adjustment
9440,4315,07/01/2020,25440000,Promotion
9441,4315,2021-09-05,27490000,Market Correction
9442,4315,2023-05-05,30490000,Adjustment
9443,4316,24-05-2023,44390000,Initial
9444,4317,2024-11-18,40880000,Initial
9445,4318,2023-08-17,58790000,Initial
9446,4319,26-05-2018,39460000,Initial
9447,4319,19-01-2020,41280000,Annual Raise
9448,4319,13-09-2021,45240000,Annual Raise
9449,4319,09-05-2023,47770000,Promotion
9450,4320,31/05/2024,19810000,Initial
9451,4321,2017-06-22,15870000,Initial
9452,4321,2018-12-24,17710000,Adjustment
9453,4321,26-06-2020,19480000,Market Correction
9454,4321,2021-12-28,21740000,Market Correction
9455,4321,01/07/2023,23000000,Promotion
9456,4322,27/03/2022,36460000,Initial
9457,4323,25/03/2016,16540000,Initial
9458,4323,25-12-2017,18400000,Adjustment
9459,4323,2019-09-27,20030000,Annual Raise
9460,4323,29/06/2021,20930000,Promotion
9461,4323,2023-04-01,22540000,Annual Raise
9462,4324,18/01/2018,26760000,Initial
9463,4324,2019-10-15,28540000,Adjustment
9464,4324,2021-07-11,31070000,Adjustment
9465,4324,2023-04-07,34710000,Promotion
9466,4325,2015-03-25,19650000,Initial
9467,4326,30-01-2024,42800000,Initial
9468,4327,2022-01-14,13680000,Initial
9469,4328,2018-09-02,11420000,Initial
9470,4328,02/04/2020,12550000,Promotion
9471,4328,2021-11-01,14040000,Annual Raise
9472,4328,02-06-2023,15690000,
9473,4329,06-01-2015,7830000,Initial
9474,4329,05/09/2016,8450000,Market Correction
9475,4329,06-05-2018,8930000,Adjustment
9476,4329,04-01-2020,9400000,Adjustment
9477,4329,03/09/2021,9980000,Promotion
9478,4329,2023-05-04,11090000,Annual Raise
9479,4330,2023-01-31,23850000,Initial
9480,4331,2021-07-29,34810000,Initial
9481,4331,16-04-2023,38980000,Promotion
9482,4332,2016-01-29,4570000,Initial
9483,4332,11/11/2017,5110000,Market Correction
9484,4332,25-08-2019,5570000,Promotion
9485,4332,07/06/2021,5850000,Market Correction
9486,4332,2023-03-21,6350000,Adjustment
9487,4333,23-08-2018,19480000,Initial
9488,4333,09-10-2020,21270000,Promotion
9489,4334,2020-12-21,16880000,Initial
9490,4334,2022-12-27,18680000,Adjustment
9491,4335,26/09/2022,8840000,Initial
9492,4336,19-04-2017,15170000,Initial
9493,4336,2018-11-02,16380000,
9494,4336,2020-05-18,17500000,Market Correction
9495,4336,2021-12-02,19120000,Adjustment
9496,4336,18/06/2023,20570000,
9497,4337,25/02/2016,32260000,Initial
9498,4337,2017-12-02,34170000,Market Correction
9499,4337,10/09/2019,37080000,Annual Raise
9500,4337,17-06-2021,39040000,Market Correction
9501,4337,26/03/2023,41420000,Annual Raise
9502,4338,23-06-2017,24770000,
9503,4338,2018-12-24,27460000,Market Correction
9504,4338,26/06/2020,29590000,Adjustment
9505,4338,2021-12-28,32320000,Annual Raise
9506,4338,01/07/2023,34060000,Annual Raise
9507,4339,16-11-2017,19260000,Initial
9508,4339,2019-08-24,20630000,Annual Raise
9509,4339,01-06-2021,22440000,Market Correction
9510,4339,09/03/2023,24800000,Market Correction
9511,4340,18/03/2022,22870000,Initial
9512,4341,27-10-2018,13580000,Initial
9513,4341,13-05-2020,15080000,Adjustment
9514,4341,29/11/2021,16830000,Adjustment
9515,4341,16-06-2023,18090000,Annual Raise
9516,4342,15-11-2023,7970000,Initial
9517,4343,30/06/2015,20650000,Initial
9518,4343,28-01-2017,23040000,Promotion
9519,4343,2018-08-30,24020000,Adjustment
9520,4343,2020-03-31,26010000,Adjustment
9521,4343,31-10-2021,27590000,Annual Raise
9522,4343,02/06/2023,29840000,Adjustment
9523,4344,11-06-2024,19910000,Initial
9524,4345,14-02-2016,23230000,Initial
9525,4345,2017-11-16,25520000,Promotion
9526,4345,2019-08-20,27850000,Adjustment
9527,4345,2021-05-23,30370000,Promotion
9528,4346,2015-01-01,10750000,Initial
9529,4346,31-08-2016,11230000,Annual Raise
9530,4346,02/05/2018,12240000,Market Correction
9531,4346,01-01-2020,13220000,Adjustment
9532,4346,01/09/2021,14260000,Promotion
9533,4346,2023-05-03,15310000,
9534,4347,28-03-2021,10410000,Initial
9535,4347,13-02-2023,11480000,Adjustment
9536,4348,2022-06-26,45750000,Initial
9537,4349,09-04-2023,13890000,Initial
9538,4350,27-06-2016,25680000,Initial
9539,4350,11-03-2018,26930000,Market Correction
9540,4350,2019-11-23,30100000,Adjustment
9541,4350,06-08-2021,31570000,Market Correction
9542,4350,20/04/2023,34280000,Market Correction
9543,4351,08-12-2021,25430000,
9544,4352,10-02-2019,18570000,Initial
9545,4352,27/01/2021,20280000,Market Correction
9546,4352,14/01/2023,22350000,Adjustment
9547,4353,2016-09-22,8650000,Initial
9548,4353,19-05-2018,9600000,Market Correction
9549,4353,14/01/2020,10320000,Adjustment
9550,4353,09-09-2021,11180000,Annual Raise
9551,4353,2023-05-07,11900000,Market Correction
9552,4354,2016-12-02,16860000,Initial
9553,4354,15-07-2018,18480000,Annual Raise
9554,4354,25-02-2020,20350000,Adjustment
9555,4354,2021-10-08,22660000,Adjustment
9556,4354,21/05/2023,23950000,Adjustment
9557,4355,2016-03-20,23050000,Initial
9558,4356,20/03/2016,16300000,Initial
9559,4356,2017-12-21,17980000,Adjustment
9560,4356,24-09-2019,19910000,Promotion
9561,4356,2021-06-27,21080000,Adjustment
9562,4356,31/03/2023,22950000,Promotion
9563,4357,02/01/2023,13900000,Initial
9564,4358,30/01/2020,57050000,Initial
9565,4358,2021-09-20,60250000,Market Correction
9566,4358,12-05-2023,65620000,Market Correction
9567,4359,14-01-2020,12050000,Initial
9568,4359,2021-09-09,13380000,Market Correction
9569,4359,07/05/2023,14580000,Annual Raise
9570,4360,17/02/2018,25470000,Initial
9571,4361,14/03/2017,22010000,
9572,4361,2018-10-05,23760000,Adjustment
9573,4361,2020-04-27,26300000,Market Correction
9574,4361,18-11-2021,28220000,Promotion
9575,4361,11/06/2023,30000000,Promotion
9576,4362,2016-01-08,24400000,Initial
9577,4362,2017-10-25,26440000,Annual Raise
9578,4362,12-08-2019,27690000,Adjustment
9579,4362,2021-05-29,30940000,Annual Raise
9580,4362,2023-03-16,32750000,Market Correction
9581,4363,09-08-2015,11380000,Initial
9582,4363,2017-03-03,12290000,Market Correction
9583,4363,26/09/2018,13620000,Promotion
9584,4363,2020-04-20,15010000,Adjustment
9585,4363,13-11-2021,16020000,Annual Raise
9586,4363,08-06-2023,16910000,Adjustment
9587,4364,13-04-2021,25250000,Initial
9588,4364,2023-02-21,26810000,Promotion
9589,4365,05-08-2015,16590000,Initial
9590,4365,2017-02-27,17930000,Adjustment
9591,4365,23-09-2018,19820000,Market Correction
9592,4365,2020-04-18,21470000,Market Correction
9593,4365,12/11/2021,22380000,Annual Raise
9594,4365,2023-06-08,23340000,Annual Raise
9595,4366,2017-09-12,22160000,Initial
9596,4366,11-07-2019,24300000,Annual Raise
9597,4366,08/05/2021,26190000,Annual Raise
9598,4366,2023-03-06,27470000,Annual Raise
9599,4367,16/09/2017,26620000,Initial
9600,4367,2019-07-14,29200000,Adjustment
9601,4367,2021-05-10,31740000,Adjustment
9602,4367,2023-03-07,34840000,Market Correction
9603,4368,29/11/2017,35710000,Initial
9604,4368,07/09/2019,38100000,Market Correction
9605,4368,16/06/2021,41580000,Promotion
9606,4368,25/03/2023,44670000,Adjustment
9607,4369,2015-06-30,13180000,Initial
9608,4369,2017-01-28,14620000,Adjustment
9609,4369,2018-08-30,15730000,Promotion
9610,4369,31-03-2020,17140000,Annual Raise
9611,4369,31-10-2021,17900000,Adjustment
9612,4369,2023-06-02,20000000,Market Correction
9613,4370,02/11/2022,30470000,Initial
9614,4371,20/10/2015,21200000,Initial
9615,4371,02/05/2017,22800000,
9616,4371,2018-11-13,25480000,Promotion
9617,4371,26-05-2020,27780000,Adjustment
9618,4371,07-12-2021,30310000,Adjustment
9619,4371,2023-06-20,32130000,Market Correction
9620,4372,02/03/2020,38340000,Initial
9621,4372,11-10-2021,41390000,Adjustment
9622,4372,23-05-2023,44830000,Market Correction
9623,4373,03/05/2015,41320000,Initial
9624,4374,2024-09-04,38450000,Initial
9625,4375,2023-06-30,18320000,Initial
9626,4376,18-09-2022,19090000,Initial
9627,4377,23-08-2015,16650000,Initial
9628,4377,14/03/2017,17900000,Adjustment
9629,4377,05/10/2018,19270000,Annual Raise
9630,4377,27/04/2020,20170000,Promotion
9631,4377,18/11/2021,22090000,Adjustment
9632,4377,2023-06-11,23720000,Adjustment
9633,4378,2023-01-24,18510000,Initial
9634,4379,30-11-2023,15620000,Initial
9635,4380,04-12-2017,16270000,Initial
9636,4380,11/09/2019,18020000,Market Correction
9637,4380,18/06/2021,19260000,Adjustment
9638,4380,2023-03-26,21030000,Annual Raise
9639,4381,22-03-2018,34330000,Initial
9640,4381,01-12-2019,37960000,Market Correction
9641,4381,2021-08-11,40010000,Adjustment
9642,4381,22-04-2023,43320000,Adjustment
9643,4382,15/08/2020,26470000,Initial
9644,4382,2022-10-24,29400000,Market Correction
9645,4383,2015-06-15,11870000,
9646,4383,16-01-2017,12970000,Promotion
9647,4383,2018-08-20,14440000,Adjustment
9648,4383,2020-03-24,15330000,Promotion
9649,4383,26/10/2021,17070000,Promotion
9650,4383,2023-05-30,18560000,Promotion
9651,4384,12-01-2015,16770000,Initial
9652,4384,10/09/2016,18360000,Adjustment
9653,4384,10/05/2018,19600000,Adjustment
9654,4384,07/01/2020,20950000,Adjustment
9655,4384,2021-09-05,22770000,Annual Raise
9656,4384,05-05-2023,24020000,Adjustment
9657,4385,30/12/2015,10720000,Initial
9658,4385,30/06/2017,11720000,Market Correction
9659,4385,2018-12-30,13020000,Adjustment
9660,4385,01-07-2020,14350000,Market Correction
9661,4385,2021-12-31,15770000,Adjustment
9662,4385,02/07/2023,16900000,Annual Raise
9663,4386,2019-07-18,34080000,Initial
9664,4386,2021-05-12,36820000,Market Correction
9665,4386,08-03-2023,40740000,Market Correction
9666,4387,12-12-2023,20990000,Initial
9667,4388,08/02/2019,15640000,Initial
9668,4388,2021-01-26,16450000,Annual Raise
9669,4388,2023-01-14,18320000,Promotion
9670,4389,08/03/2023,30580000,Initial
9671,4390,24-07-2019,13340000,Initial
9672,4390,16-05-2021,14130000,Adjustment
9673,4390,10/03/2023,14800000,Annual Raise
9674,4391,2021-12-06,27970000,Initial
9675,4391,20/06/2023,30980000,Promotion
9676,4392,30/05/2016,11330000,Initial
9677,4392,27-02-2018,12610000,Market Correction
9678,4393,01/11/2017,17170000,Initial
9679,4393,2019-08-17,18300000,Promotion
9680,4393,02/06/2021,19950000,Promotion
9681,4393,2023-03-18,22220000,Promotion
9682,4394,07/12/2017,12240000,Initial
9683,4394,13-09-2019,13380000,Adjustment
9684,4394,20-06-2021,14580000,Market Correction
9685,4394,27-03-2023,16190000,Annual Raise
9686,4395,2021-02-20,25720000,Initial
9687,4395,26/01/2023,28300000,Adjustment
9688,4396,2020-10-13,26720000,Initial
9689,4396,22-11-2022,28560000,Annual Raise
9690,4397,26-06-2019,16010000,Initial
9691,4397,2021-04-28,17540000,Market Correction
9692,4397,01/03/2023,18380000,Annual Raise
9693,4398,24-10-2022,23470000,Initial
9694,4399,06/11/2020,11080000,Initial
9695,4399,04/12/2022,12000000,Adjustment
9696,4400,28-07-2019,25080000,Initial
9697,4400,2021-05-19,26560000,Market Correction
9698,4400,11/03/2023,28100000,Market Correction
9699,4401,26/06/2023,15940000,Initial
9700,4402,26/05/2017,17070000,Initial
9701,4402,21/01/2019,18920000,Annual Raise
9702,4403,2024-03-21,18360000,Initial
9703,4404,01-06-2023,14630000,Initial
9704,4405,03/02/2017,21010000,Initial
9705,4405,03/09/2018,23290000,Adjustment
9706,4405,03/04/2020,26010000,Market Correction
9707,4405,02/11/2021,27110000,Market Correction
9708,4405,03-06-2023,28980000,Promotion
9709,4406,24-10-2018,27130000,Initial
9710,4406,11-05-2020,28280000,Adjustment
9711,4406,27-11-2021,31240000,Annual Raise
9712,4406,15-06-2023,34190000,Adjustment
9713,4407,2022-07-01,33790000,Initial
9714,4408,05-09-2024,17220000,Initial
9715,4409,29-08-2023,5160000,Initial
9716,4410,24/04/2024,31770000,Initial
9717,4411,22/03/2020,15890000,Initial
9718,4411,25/10/2021,17160000,Adjustment
9719,4411,30-05-2023,19160000,Adjustment
9720,4412,03/06/2015,19540000,Initial
9721,4412,06-01-2017,20380000,Annual Raise
9722,4412,2018-08-12,21450000,Promotion
9723,4412,18/03/2020,23570000,Market Correction
9724,4412,22/10/2021,25990000,Adjustment
9725,4412,28/05/2023,28530000,Adjustment
9726,4413,2017-09-05,27490000,Initial
9727,4413,05/07/2019,28710000,Market Correction
9728,4413,04-05-2021,30990000,Annual Raise
9729,4413,2023-03-04,32610000,Annual Raise
9730,4414,2017-03-06,12860000,Initial
9731,4414,28/09/2018,13460000,Market Correction
9732,4414,2020-04-22,14200000,Annual Raise
9733,4414,14-11-2021,15310000,Promotion
9734,4414,09/06/2023,16020000,Market Correction
9735,4415,05-06-2019,27490000,Initial
9736,4415,14-04-2021,29210000,
9737,4415,22/02/2023,31050000,
9738,4416,23/01/2016,28590000,Initial
9739,4416,2017-11-06,30060000,Annual Raise
9740,4416,2019-08-21,33230000,Market Correction
9741,4416,2021-06-04,36930000,Adjustment
9742,4416,19-03-2023,39380000,Annual Raise
9743,4417,07/02/2021,30260000,Initial
9744,4418,10-07-2020,24800000,Initial
9745,4418,06/10/2022,25960000,Annual Raise
9746,4419,10-06-2015,5210000,Initial
9747,4419,2017-01-12,5760000,Annual Raise
9748,4419,17/08/2018,6180000,
9749,4419,2020-03-21,6620000,Annual Raise
9750,4419,24/10/2021,7150000,Market Correction
9751,4419,29-05-2023,7860000,Market Correction
9752,4420,2023-05-31,19070000,Initial
9753,4421,14-05-2019,38900000,Initial
9754,4421,05/01/2021,42780000,Adjustment
9755,4422,13-02-2015,11590000,Initial
9756,4422,2016-10-06,12830000,Annual Raise
9757,4422,2018-05-31,14320000,Market Correction
9758,4422,2020-01-23,15860000,Market Correction
9759,4422,15-09-2021,16820000,Promotion
9760,4422,10-05-2023,17610000,Adjustment
9761,4423,28/07/2021,57350000,Initial
9762,4424,2017-09-28,16780000,Initial
9763,4424,23-07-2019,17600000,Adjustment
9764,4424,16/05/2021,18930000,Annual Raise
9765,4424,10-03-2023,21090000,
9766,4425,2017-12-16,39570000,
9767,4425,2019-09-20,43470000,Promotion
9768,4425,2021-06-24,48110000,
9769,4425,29-03-2023,53140000,Adjustment
9770,4426,2015-01-13,14900000,Initial
9771,4426,2016-09-10,15590000,Promotion
9772,4426,10-05-2018,16320000,Market Correction
9773,4426,07-01-2020,17030000,Market Correction
9774,4426,05-09-2021,18290000,Market Correction
9775,4426,05/05/2023,19190000,Promotion
9776,4427,02/11/2021,29170000,Initial
9777,4427,03/06/2023,31690000,Adjustment
9778,4428,2018-06-28,49170000,Initial
9779,4428,2020-02-12,51430000,Promotion
9780,4428,29-09-2021,54020000,Market Correction
9781,4428,17-05-2023,59570000,Market Correction
9782,4429,21-03-2016,45480000,Initial
9783,4429,22-12-2017,48100000,Promotion
9784,4429,2019-09-25,51450000,Adjustment
9785,4429,27/06/2021,55830000,Adjustment
9786,4429,31-03-2023,62140000,
9787,4430,05/11/2018,31730000,Initial
9788,4430,20/05/2020,34820000,Annual Raise
9789,4430,03-12-2021,38790000,Market Correction
9790,4430,18/06/2023,40740000,Annual Raise
9791,4431,2017-03-08,13040000,
9792,4431,30-09-2018,14530000,Market Correction
9793,4431,2020-04-23,15620000,Promotion
9794,4431,15/11/2021,16780000,Promotion
9795,4431,09-06-2023,18160000,Promotion
9796,4432,2021-10-20,27110000,Initial
9797,4432,27/05/2023,28860000,Adjustment
9798,4433,2018-01-31,13890000,
9799,4433,24-10-2019,14580000,Annual Raise
9800,4433,2021-07-17,15340000,Promotion
9801,4433,10-04-2023,16800000,Promotion
9802,4434,30-05-2015,12140000,Initial
9803,4434,03-01-2017,13290000,Adjustment
9804,4434,10-08-2018,14140000,Annual Raise
9805,4434,2020-03-16,15600000,Promotion
9806,4434,21-10-2021,16900000,Annual Raise
9807,4434,28-05-2023,18890000,Annual Raise
9808,4435,19/05/2023,14550000,Initial
9809,4436,31-08-2017,14740000,Initial
9810,4436,02/07/2019,16280000,Adjustment
9811,4436,02/05/2021,17100000,
9812,4436,03/03/2023,18150000,Annual Raise
9813,4437,2020-10-28,29940000,Initial
9814,4437,30/11/2022,31290000,Market Correction
9815,4438,02/10/2023,53730000,Initial
9816,4439,31/10/2020,6260000,Initial
9817,4439,01/12/2022,6560000,Adjustment
9818,4440,05-03-2024,21010000,Initial
9819,4441,25-10-2015,30990000,Initial
9820,4441,2017-05-06,33410000,Promotion
9821,4441,16-11-2018,35860000,Market Correction
9822,4441,2020-05-29,38900000,Adjustment
9823,4441,09/12/2021,42300000,Promotion
9824,4441,21/06/2023,44790000,Market Correction
9825,4442,2023-08-11,20730000,Initial
9826,4443,2020-09-16,41320000,Initial
9827,4443,09/11/2022,44540000,Market Correction
9828,4444,09-01-2022,5360000,Initial
9829,4445,19-12-2021,17230000,Initial
9830,4445,2023-06-26,18340000,Promotion
9831,4446,2023-05-29,16700000,Initial
9832,4447,26-11-2023,11840000,Initial
9833,4448,2018-05-07,41020000,Initial
9834,4448,04-01-2020,43480000,Adjustment
9835,4448,03/09/2021,47630000,
9836,4448,04-05-2023,51830000,Market Correction
9837,4449,2019-07-27,32220000,Initial
9838,4450,07-08-2015,17710000,Initial
9839,4450,22-02-2017,19500000,Market Correction
9840,4450,2018-09-11,20330000,Annual Raise
9841,4451,16-10-2021,13400000,Initial
9842,4451,25-05-2023,14810000,Adjustment
9843,4452,04-01-2024,13540000,Initial
9844,4453,11-11-2017,25920000,Initial
9845,4453,25-08-2019,28410000,Annual Raise
9846,4453,07-06-2021,29990000,Promotion
9847,4453,21-03-2023,32970000,Annual Raise
9848,4454,07/08/2023,16070000,Initial
9849,4455,2024-04-23,26520000,Initial
9850,4456,03/01/2016,23670000,Initial
9851,4456,21/10/2017,25890000,Annual Raise
9852,4456,09/08/2019,28500000,
9853,4456,27/05/2021,31720000,Promotion
9854,4456,15-03-2023,33160000,Adjustment
9855,4457,30/06/2021,28190000,Initial
9856,4457,01-04-2023,30850000,Market Correction
9857,4458,2021-05-04,16050000,
9858,4459,2016-12-18,29290000,Initial
9859,4459,28/07/2018,32220000,Adjustment
9860,4459,06-03-2020,34870000,Promotion
9861,4459,14/10/2021,36270000,Market Correction
9862,4459,2023-05-24,39690000,Annual Raise
9863,4460,2018-04-20,31550000,Initial
9864,4460,23-12-2019,33980000,Promotion
9865,4460,26/08/2021,36040000,Adjustment
9866,4460,30-04-2023,37760000,Promotion
9867,4461,29-07-2019,18690000,Initial
9868,4461,2021-05-20,20140000,
9869,4461,12/03/2023,22210000,Promotion
9870,4462,26-09-2016,8250000,Initial
9871,4462,22/05/2018,8980000,Market Correction
9872,4462,16-01-2020,9580000,Adjustment
9873,4462,11-09-2021,10710000,
9874,4462,08/05/2023,11920000,Promotion
9875,4463,2015-05-06,14440000,Initial
9876,4463,2016-12-14,15900000,Market Correction
9877,4463,25/07/2018,16610000,Market Correction
9878,4463,04/03/2020,17470000,Annual Raise
9879,4463,2021-10-13,19490000,Annual Raise
9880,4463,24/05/2023,21000000,Promotion
9881,4464,2021-04-19,26630000,Initial
9882,4464,24-02-2023,28890000,Promotion
9883,4465,27-08-2018,15500000,Initial
9884,4465,28/03/2020,16640000,Promotion
9885,4465,29-10-2021,17450000,Promotion
9886,4465,01-06-2023,18210000,Annual Raise
9887,4466,31-10-2020,19120000,Initial
9888,4466,2022-12-01,19950000,Adjustment
9889,4467,14-04-2024,40190000,Initial
9890,4468,06/08/2016,16210000,Initial
9891,4468,12/04/2018,16920000,Promotion
9892,4468,2019-12-17,17900000,Adjustment
9893,4468,22/08/2021,19070000,Promotion
9894,4468,28/04/2023,20490000,Market Correction
9895,4469,03-05-2015,36290000,Initial
9896,4469,11-12-2016,39580000,Annual Raise
9897,4469,23/07/2018,41990000,Annual Raise
9898,4469,2020-03-02,46530000,Market Correction
9899,4469,12-10-2021,50130000,
9900,4469,23-05-2023,55610000,Adjustment
9901,4470,08/02/2021,11030000,Initial
9902,4470,20-01-2023,11760000,
9903,4471,15-10-2023,25100000,Initial
9904,4472,2022-01-25,12530000,Initial
9905,4473,26-01-2024,19440000,Initial
9906,4474,06-08-2023,29440000,Initial
9907,4475,2017-10-28,10250000,Initial
9908,4475,14-08-2019,11280000,Market Correction
9909,4475,2021-05-31,12520000,Adjustment
9910,4475,17/03/2023,13750000,Market Correction
9911,4476,12-09-2017,33050000,
9912,4476,11-07-2019,36600000,Adjustment
9913,4476,08-05-2021,38980000,Adjustment
9914,4476,06-03-2023,41900000,Market Correction
9915,4477,08-01-2022,30850000,Initial
9916,4478,2020-05-13,16620000,Initial
9917,4478,28/11/2021,17300000,Adjustment
9918,4478,2023-06-16,18880000,Promotion
9919,4479,2021-09-25,18960000,Initial
9920,4479,15/05/2023,20920000,Promotion
9921,4480,23/04/2016,24640000,Initial
9922,4480,2018-01-18,26750000,Adjustment
9923,4480,15-10-2019,29160000,Adjustment
9924,4480,11/07/2021,31800000,Adjustment
9925,4480,07-04-2023,33450000,Adjustment
9926,4481,2015-11-29,17030000,Initial
9927,4481,04/06/2017,18070000,Annual Raise
9928,4481,10-12-2018,18850000,Annual Raise
9929,4481,15/06/2020,19920000,Annual Raise
9930,4481,2021-12-21,22150000,Adjustment
9931,4481,2023-06-27,24120000,Annual Raise
9932,4482,16-07-2015,9050000,Initial
9933,4482,11-02-2017,9890000,Promotion
9934,4482,10-09-2018,11020000,Market Correction
9935,4482,08/04/2020,12330000,Market Correction
9936,4482,05-11-2021,13750000,Promotion
9937,4482,04/06/2023,15300000,Annual Raise
9938,4483,25/11/2015,16340000,Initial
9939,4483,01-06-2017,17960000,Adjustment
9940,4483,2018-12-07,19630000,Promotion
9941,4483,2020-06-13,20450000,Annual Raise
9942,4483,19-12-2021,21510000,Promotion
9943,4483,26-06-2023,23760000,Annual Raise
9944,4484,11-08-2015,41360000,Initial
9945,4484,2017-03-04,44460000,Promotion
9946,4484,2018-09-27,46280000,Market Correction
9947,4484,2020-04-21,48600000,Market Correction
9948,4484,14/11/2021,54020000,Adjustment
9949,4484,09/06/2023,58360000,Annual Raise
9950,4485,11/10/2024,15580000,Initial
9951,4486,26/07/2015,14140000,Initial
9952,4486,2017-02-19,15180000,Adjustment
9953,4486,2018-09-17,16150000,Market Correction
9954,4486,2020-04-13,17570000,Annual Raise
9955,4486,2021-11-09,19410000,Adjustment
9956,4486,2023-06-06,20790000,Market Correction
9957,4487,10/03/2015,23360000,Initial
9958,4487,27-10-2016,25610000,Promotion
9959,4487,17-06-2018,26980000,Promotion
9960,4487,04/02/2020,28220000,Annual Raise
9961,4487,2021-09-24,30570000,Annual Raise
9962,4487,2023-05-14,32450000,Adjustment
9963,4488,20-05-2019,20580000,Initial
9964,4488,18-08-2021,22530000,Promotion
9965,4489,2023-07-23,13780000,Initial
9966,4490,12-11-2018,64480000,Initial
9967,4491,2019-04-24,12770000,Initial
9968,4491,2021-03-17,13350000,Promotion
9969,4491,08-02-2023,14390000,Promotion
9970,4492,2023-08-17,28460000,Initial
9971,4493,03/10/2015,18910000,Initial
9972,4493,18/04/2017,20850000,Adjustment
9973,4493,2018-11-02,22210000,
9974,4493,18/05/2020,24210000,Annual Raise
9975,4493,2021-12-02,25680000,Annual Raise
9976,4493,18-06-2023,28120000,Annual Raise
9977,4494,01/01/2016,13270000,Initial
9978,4494,2017-07-02,14810000,Promotion
9979,4494,2019-01-01,15520000,Market Correction
9980,4494,02-07-2020,16840000,Promotion
9981,4494,01/01/2022,18150000,Promotion
9982,4494,2023-07-03,18930000,Market Correction
9983,4495,09-04-2017,12920000,Initial
9984,4495,25-10-2018,13440000,
9985,4495,2020-05-12,14780000,Promotion
9986,4495,28-11-2021,16020000,Annual Raise
9987,4495,16-06-2023,17750000,Market Correction
9988,4496,16/03/2020,86470000,Initial
9989,4497,2015-01-02,79060000,Initial
9990,4497,01/09/2016,84160000,Market Correction
9991,4497,03/05/2018,91500000,
9992,4497,02/01/2020,98960000,Market Correction
9993,4497,2021-09-01,106340000,Market Correction
9994,4497,2023-05-03,110980000,
9995,4498,02-04-2024,46710000,Initial
9996,4499,23/07/2020,31680000,Initial
9997,4499,12/10/2022,34820000,Annual Raise
9998,4500,2017-06-12,29470000,Initial
9999,4500,16/12/2018,31930000,Market Correction
10000,4500,20/06/2020,35310000,
10001,4500,24-12-2021,36980000,
10002,4500,29-06-2023,39820000,Annual Raise
10003,4501,19-12-2017,12160000,Initial
10004,4501,22-09-2019,13150000,Promotion
10005,4501,26/06/2021,13920000,Market Correction
10006,4501,2023-03-30,15340000,Market Correction
10007,4502,15-07-2015,16930000,Initial
10008,4502,10/02/2017,17680000,Promotion
10009,4502,2018-09-09,18400000,Adjustment
10010,4502,08/04/2020,19980000,Annual Raise
10011,4502,05/11/2021,22160000,Market Correction
10012,4502,2023-06-04,23540000,Market Correction
10013,4503,02-03-2024,9780000,Initial
10014,4504,25-01-2020,24710000,Initial
10015,4504,2021-09-17,27110000,Market Correction
10016,4504,11-05-2023,28450000,Annual Raise
10017,4505,10/04/2020,33940000,Initial
10018,4505,2021-11-06,35600000,Market Correction
10019,4505,2023-06-05,39390000,Promotion
10020,4506,2022-06-26,28770000,Initial
10021,4507,2022-03-02,29150000,Initial
10022,4508,2016-02-24,29990000,Initial
10023,4508,01-12-2017,32690000,Annual Raise
10024,4508,09/09/2019,35130000,Market Correction
10025,4508,2021-06-17,37250000,Promotion
10026,4508,2023-03-26,39690000,
10027,4509,2016-12-03,15680000,Initial
10028,4509,16-07-2018,16370000,Adjustment
10029,4509,26/02/2020,17160000,
10030,4509,08/10/2021,17940000,Annual Raise
10031,4509,21-05-2023,18820000,Adjustment
10032,4510,18-10-2023,33530000,Initial
10033,4511,19/09/2024,15490000,Initial
10034,4512,05-07-2024,26130000,Initial
10035,4513,31-07-2019,30390000,
10036,4514,11-07-2020,18650000,Initial
10037,4514,06/10/2022,19670000,Annual Raise
10038,4515,2019-07-08,39960000,Initial
10039,4515,06-05-2021,44420000,Market Correction
10040,4515,05/03/2023,46410000,Promotion
10041,4516,08/07/2019,9160000,Initial
10042,4516,06/05/2021,10220000,Annual Raise
10043,4516,05/03/2023,11070000,Promotion
10044,4517,23/10/2020,38440000,Initial
10045,4517,2022-11-27,42110000,Promotion
10046,4518,04-02-2019,41210000,Initial
10047,4518,2021-01-23,43910000,Market Correction
10048,4518,12-01-2023,46390000,Adjustment
10049,4519,22/05/2022,29450000,Initial
10050,4520,2018-09-05,32730000,Initial
10051,4520,04/04/2020,35790000,Adjustment
10052,4520,2021-11-03,39370000,
10053,4520,03/06/2023,43770000,Adjustment
10054,4521,02/03/2015,18230000,Initial
10055,4521,20-10-2016,19710000,Market Correction
10056,4521,11-06-2018,21920000,Market Correction
10057,4521,2020-01-31,24510000,Adjustment
10058,4521,2021-09-21,27410000,Annual Raise
10059,4521,2023-05-13,30120000,Annual Raise
10060,4522,13-09-2022,15960000,Initial
10061,4523,2020-11-11,21390000,
10062,4523,2022-12-07,22890000,Market Correction
10063,4524,2018-09-02,11930000,
10064,4524,02-04-2020,12830000,Annual Raise
10065,4524,2021-11-01,14010000,Adjustment
10066,4524,2023-06-02,15010000,Promotion
10067,4525,2021-04-02,47040000,Initial
10068,4525,16/02/2023,50520000,Annual Raise
10069,4526,2021-12-28,26350000,Initial
10070,4526,01-07-2023,27840000,Market Correction
10071,4527,2016-10-10,12510000,Initial
10072,4528,05/06/2022,31280000,Initial
10073,4529,09-09-2020,50710000,Initial
10074,4529,05-11-2022,54400000,
10075,4530,27-06-2024,38230000,Initial
10076,4531,05/04/2022,5490000,Initial
10077,4532,01-02-2024,15800000,Initial
10078,4533,2016-01-11,11110000,Initial
10079,4533,27-10-2017,12260000,Annual Raise
10080,4533,2019-08-14,13140000,Market Correction
10081,4533,30/05/2021,14130000,Annual Raise
10082,4533,2023-03-17,15460000,Promotion
10083,4534,08/01/2020,36400000,
10084,4534,2021-09-05,39290000,Adjustment
10085,4534,05/05/2023,42470000,Promotion
10086,4535,18/04/2015,13860000,Initial
10087,4535,29/11/2016,15170000,Adjustment
10088,4535,13/07/2018,15940000,Annual Raise
10089,4535,24-02-2020,17480000,Market Correction
10090,4535,07-10-2021,19340000,Annual Raise
10091,4535,21/05/2023,21630000,Annual Raise
10092,4536,2021-11-20,19490000,Initial
10093,4537,05/11/2021,17520000,Initial
10094,4537,04/06/2023,19430000,Annual Raise
10095,4538,02-09-2020,27540000,
10096,4538,02/11/2022,29680000,Adjustment
10097,4539,04/08/2018,15570000,Initial
10098,4539,11/03/2020,17160000,Annual Raise
10099,4539,2021-10-18,18840000,Promotion
10100,4539,26/05/2023,20120000,Market Correction
10101,4540,13/11/2023,6120000,Initial
10102,4541,21-06-2019,13290000,Initial
10103,4541,24/04/2021,14220000,
10104,4541,27-02-2023,15610000,Market Correction
10105,4542,19-02-2019,16000000,Initial
10106,4543,22-06-2023,19390000,Initial
10107,4544,09/09/2022,25700000,Initial
10108,4545,18/11/2016,10470000,Initial
10109,4545,04/07/2018,11680000,Market Correction
10110,4545,17/02/2020,12370000,Annual Raise
10111,4545,2021-10-02,13490000,Market Correction
10112,4545,18/05/2023,14820000,Adjustment
10113,4546,2024-07-23,13990000,Initial
10114,4547,01/03/2020,16320000,Initial
10115,4547,11/10/2021,17780000,Promotion
10116,4547,23/05/2023,19590000,
10117,4548,30/01/2017,23050000,Initial
10118,4548,31-08-2018,24420000,Adjustment
10119,4548,01-04-2020,25640000,
10120,4548,31/10/2021,27800000,Annual Raise
10121,4548,2023-06-02,30410000,Promotion
10122,4549,2023-11-08,19550000,Initial
10123,4550,2021-02-15,17920000,Initial
10124,4550,2023-01-24,19150000,Market Correction
10125,4551,17-07-2019,27430000,Initial
10126,4551,12/05/2021,30410000,Promotion
10127,4551,08/03/2023,32740000,Adjustment
10128,4552,03/02/2017,34190000,Initial
10129,4552,03/09/2018,35680000,Promotion
10130,4552,2020-04-03,39200000,Market Correction
10131,4552,2021-11-02,42190000,Annual Raise
10132,4552,03-06-2023,46010000,Promotion
10133,4553,29-12-2016,16960000,Initial
10134,4553,06/08/2018,17960000,Promotion
10135,4553,13/03/2020,19080000,Annual Raise
10136,4553,2021-10-19,21050000,Market Correction
10137,4553,27/05/2023,23240000,Annual Raise
10138,4554,2019-07-12,33950000,Initial
10139,4554,08/05/2021,36610000,Market Correction
10140,4554,06/03/2023,40670000,Adjustment
10141,4555,07-11-2018,17010000,Initial
10142,4555,21/05/2020,18070000,Adjustment
10143,4555,2021-12-04,19330000,Annual Raise
10144,4555,2023-06-19,20220000,Promotion
10145,4556,2024-08-25,18210000,Initial
10146,4557,21/02/2019,15910000,Initial
10147,4557,2021-02-03,17530000,
10148,4557,18-01-2023,18950000,Promotion
10149,4558,02/05/2019,28570000,Initial
10150,4558,22-03-2021,31310000,Adjustment
10151,4558,2023-02-10,34790000,Promotion
10152,4559,24/06/2023,24450000,Initial
10153,4560,2017-07-07,32000000,Initial
10154,4560,24-06-2019,35480000,Adjustment
10155,4561,02-05-2024,39650000,Initial
10156,4562,2017-03-26,8130000,Initial
10157,4562,14-10-2018,8980000,Promotion
10158,4562,2020-05-04,9740000,Annual Raise
10159,4562,22-11-2021,10500000,Annual Raise
10160,4562,13-06-2023,11290000,Market Correction
10161,4563,07/01/2018,14180000,Initial
10162,4563,06-10-2019,14780000,Adjustment
10163,4563,05-07-2021,15980000,Market Correction
10164,4563,04-04-2023,17580000,Promotion
10165,4564,2019-06-04,25560000,Initial
10166,4564,2021-04-13,28320000,Adjustment
10167,4564,21/02/2023,30030000,Annual Raise
10168,4565,31-08-2018,40920000,Initial
10169,4565,31/03/2020,43390000,Market Correction
10170,4565,2021-10-31,48210000,Adjustment
10171,4565,02/06/2023,53590000,
10172,4566,08/02/2019,26170000,Initial
10173,4566,26/01/2021,27860000,Adjustment
10174,4566,14/01/2023,30990000,Market Correction
10175,4567,01-03-2023,19040000,Initial
10176,4568,2020-01-07,28680000,Initial
10177,4568,05-09-2021,30470000,Promotion
10178,4568,05-05-2023,32720000,Adjustment
10179,4569,29/06/2024,27960000,Initial
10180,4570,19/08/2023,26310000,Initial
10181,4571,14-02-2020,14160000,Initial
10182,4571,2021-09-30,14980000,Annual Raise
10183,4571,17/05/2023,16220000,Annual Raise
10184,4572,2022-10-22,10790000,Initial
10185,4573,01/07/2023,24050000,Initial
10186,4574,21/06/2024,20390000,Initial
10187,4575,06/07/2019,44440000,Initial
10188,4575,2021-05-04,46280000,Promotion
10189,4575,2023-03-04,48620000,Annual Raise
10190,4576,01-09-2019,31230000,Initial
10191,4577,16-01-2021,10710000,Initial
10192,4577,09-01-2023,11800000,Adjustment
10193,4578,11-07-2020,19010000,Initial
10194,4578,06-10-2022,20750000,Annual Raise
10195,4579,2021-01-26,38120000,Initial
10196,4579,14-01-2023,41190000,Annual Raise
10197,4580,07/12/2023,8230000,
10198,4581,29-12-2016,36720000,Initial
10199,4581,06/08/2018,39340000,Promotion
10200,4581,13-03-2020,42220000,Promotion
10201,4581,2021-10-19,45950000,Promotion
10202,4581,2023-05-27,50180000,Annual Raise
10203,4582,06-12-2015,17210000,Initial
10204,4582,10/06/2017,18010000,Adjustment
10205,4582,14/12/2018,19540000,Adjustment
10206,4582,19-06-2020,20850000,Market Correction
10207,4582,2021-12-23,22650000,Annual Raise
10208,4582,28-06-2023,25080000,Promotion
10209,4583,11-07-2016,19860000,Initial
10210,4583,22/03/2018,21890000,Adjustment
10211,4583,01/12/2019,22920000,Market Correction
10212,4583,2021-08-11,24900000,Annual Raise
10213,4583,22/04/2023,26940000,Market Correction
10214,4584,30/09/2016,16830000,Initial
10215,4584,26/05/2018,18670000,Market Correction
10216,4584,19/01/2020,19550000,Annual Raise
10217,4584,13-09-2021,21860000,
10218,4584,09/05/2023,22850000,Annual Raise
10219,4585,25-10-2015,37210000,Initial
10220,4585,06-05-2017,38870000,
10221,4585,16/11/2018,42250000,Annual Raise
10222,4585,29-05-2020,46810000,Adjustment
10223,4585,09/12/2021,51890000,Market Correction
10224,4585,2023-06-21,56210000,
10225,4586,18-12-2023,32710000,Initial
10226,4587,24/10/2018,11470000,Initial
10227,4587,11/05/2020,12490000,Annual Raise
10228,4587,2021-11-27,13830000,Adjustment
10229,4587,2023-06-15,15400000,Annual Raise
10230,4588,25-03-2021,41490000,Initial
10231,4588,12-02-2023,43400000,Promotion
10232,4589,2018-03-10,3790000,Initial
10233,4589,22-11-2019,4100000,Adjustment
10234,4589,05-08-2021,4550000,Market Correction
10235,4589,19-04-2023,4740000,Annual Raise
10236,4590,30-07-2021,31930000,Initial
10237,4590,16/04/2023,35220000,Adjustment
10238,4591,15/07/2024,9930000,Initial
10239,4592,25-01-2023,28150000,Initial
10240,4593,15/06/2016,24970000,Initial
10241,4593,01-03-2018,26790000,Annual Raise
10242,4593,15-11-2019,28220000,
10243,4593,01/08/2021,31530000,Adjustment
10244,4593,2023-04-17,32940000,Promotion
10245,4594,2019-02-19,12440000,Initial
10246,4594,02-02-2021,13490000,Adjustment
10247,4594,17-01-2023,14320000,Promotion
10248,4595,08/12/2022,64820000,Initial
10249,4596,18-05-2024,19560000,Initial
10250,4597,11-01-2022,19310000,Initial
10251,4598,04-01-2016,24390000,Initial
10252,4598,22-10-2017,26290000,Promotion
10253,4598,2019-08-10,27640000,Market Correction
10254,4598,2021-05-28,30060000,Market Correction
10255,4598,16-03-2023,31840000,Adjustment
10256,4599,15-04-2017,8210000,Initial
10257,4599,30-10-2018,9090000,Annual Raise
10258,4599,16-05-2020,9890000,Market Correction
10259,4599,30/11/2021,10920000,Market Correction
10260,4599,2023-06-17,12030000,Market Correction
10261,4600,08-08-2023,19920000,Initial
10262,4601,2016-12-25,16740000,Initial
10263,4601,02/08/2018,17910000,Market Correction
10264,4601,10/03/2020,19470000,Market Correction
10265,4601,17/10/2021,21260000,Annual Raise
10266,4601,2023-05-26,22380000,Annual Raise
10267,4602,02-12-2017,25670000,Initial
10268,4602,09/09/2019,28300000,Market Correction
10269,4602,17-06-2021,30440000,Adjustment
10270,4602,26/03/2023,32960000,Promotion
10271,4603,2020-06-04,11760000,Initial
10272,4603,2021-12-13,13120000,Adjustment
10273,4603,23-06-2023,14630000,Adjustment
10274,4604,25/08/2018,20110000,Initial
10275,4605,16-04-2019,29730000,Initial
10276,4605,11-03-2021,31790000,Market Correction
10277,4605,05/02/2023,35010000,Promotion
10278,4606,2019-05-27,15360000,Initial
10279,4606,10/03/2021,16050000,Annual Raise
10280,4606,2022-12-23,17320000,Market Correction
10281,4607,2022-03-28,26770000,Initial
10282,4608,23-03-2017,11010000,Initial
10283,4608,12-10-2018,12000000,Promotion
10284,4608,2020-05-02,12960000,Annual Raise
10285,4608,21/11/2021,13730000,Promotion
10286,4608,2023-06-12,14440000,Promotion
10287,4609,24/05/2024,6160000,Initial
10288,4610,2021-06-19,31000000,Initial
10289,4610,2023-03-27,34050000,Promotion
10290,4611,19/11/2024,28560000,Initial
10291,4612,16-05-2022,18780000,Initial
10292,4613,2021-03-15,18090000,Initial
10293,4613,2023-02-07,19040000,Adjustment
10294,4614,29/04/2022,22160000,Initial
10295,4615,04/08/2018,12600000,Initial
10296,4615,11-03-2020,13530000,Market Correction
10297,4615,18-10-2021,14330000,Market Correction
10298,4615,26-05-2023,15490000,Adjustment
10299,4616,26/06/2020,59340000,Initial
10300,4616,2021-12-28,64550000,Market Correction
10301,4616,2023-07-01,70990000,Adjustment
10302,4617,15-06-2017,22010000,Initial
10303,4617,01-02-2019,22930000,Adjustment
10304,4617,20/09/2020,24020000,Annual Raise
10305,4618,27/05/2021,26130000,Initial
10306,4618,2023-03-15,28450000,Annual Raise
10307,4619,2021-11-08,37090000,Initial
10308,4619,06/06/2023,41030000,Adjustment
10309,4620,08-10-2021,21800000,Initial
10310,4620,21/05/2023,23780000,Adjustment
10311,4621,2021-05-27,24870000,Initial
10312,4622,23-06-2022,22370000,Initial
10313,4623,23-01-2023,47460000,Initial
10314,4624,20/07/2016,22450000,Initial
10315,4624,2018-03-29,24410000,Annual Raise
10316,4624,06-12-2019,26900000,Adjustment
10317,4624,2021-08-15,29130000,Market Correction
10318,4624,24-04-2023,31880000,Promotion
10319,4625,19-06-2016,15550000,Initial
10320,4625,29/01/2018,16490000,Annual Raise
10321,4625,10/09/2019,17810000,Annual Raise
10322,4625,21-04-2021,18860000,Adjustment
10323,4625,01/12/2022,20820000,Market Correction
10324,4626,15-06-2019,14490000,Initial
10325,4626,20/04/2021,15560000,Annual Raise
10326,4626,2023-02-25,17240000,Adjustment
10327,4627,10-12-2016,23220000,Initial
10328,4628,20/10/2021,23660000,Initial
10329,4628,27-05-2023,26490000,Adjustment
10330,4629,01-12-2018,9370000,Initial
10331,4629,08/06/2020,9990000,
10332,4629,16/12/2021,10990000,Market Correction
10333,4629,2023-06-25,11880000,Annual Raise
10334,4630,26/06/2022,19800000,Initial
10335,4631,07-09-2015,17510000,Initial
10336,4631,2017-03-27,19280000,Market Correction
10337,4631,15-10-2018,20710000,Adjustment
10338,4631,05-05-2020,21690000,Adjustment
10339,4631,23/11/2021,22840000,Market Correction
10340,4631,13-06-2023,24050000,Market Correction
10341,4632,2018-05-22,44790000,Initial
10342,4632,01/01/2020,48120000,Annual Raise
10343,4632,2021-08-12,50120000,
10344,4633,24-03-2016,16520000,Initial
10345,4633,25/12/2017,18130000,Annual Raise
10346,4633,27/09/2019,19430000,Annual Raise
10347,4633,29-06-2021,21530000,Market Correction
10348,4633,01/04/2023,22570000,Market Correction
10349,4634,2017-05-10,32710000,Initial
10350,4634,19/11/2018,35010000,Market Correction
10351,4634,31/05/2020,38380000,Adjustment
10352,4634,10/12/2021,41870000,Market Correction
10353,4634,22/06/2023,45740000,Adjustment
10354,4635,2015-04-04,40850000,Initial
10355,4635,17-11-2016,43700000,Adjustment
10356,4635,03/07/2018,48530000,Adjustment
10357,4635,2020-02-17,51330000,Market Correction
10358,4635,02-10-2021,54870000,Adjustment
10359,4635,18/05/2023,57720000,Market Correction
10360,4636,12/06/2022,17700000,Initial
10361,4637,21-08-2015,8320000,Initial
10362,4637,13-03-2017,9210000,Promotion
10363,4637,2018-10-04,9650000,Market Correction
10364,4637,26/04/2020,10060000,Promotion
10365,4637,17/11/2021,11150000,Promotion
10366,4637,10-06-2023,11920000,Market Correction
10367,4638,09-04-2020,19190000,Initial
10368,4638,11/06/2022,20720000,Promotion
10369,4639,2016-08-17,14080000,Initial
10370,4639,20-04-2018,15130000,Adjustment
10371,4639,23-12-2019,16740000,Adjustment
10372,4639,2021-08-26,17570000,Adjustment
10373,4639,2023-04-30,18570000,Annual Raise
10374,4640,18/04/2016,13950000,Initial
10375,4640,2018-01-14,15590000,Promotion
10376,4640,12-10-2019,16630000,Annual Raise
10377,4640,09-07-2021,18150000,Adjustment
10378,4640,06-04-2023,19990000,Market Correction
10379,4641,07-08-2019,30630000,Initial
10380,4641,2021-05-26,32530000,Adjustment
10381,4641,15-03-2023,36000000,Market Correction
10382,4642,2021-10-17,37210000,Initial
10383,4642,2023-05-26,38860000,Annual Raise
10384,4643,17-04-2019,55710000,Initial
10385,4643,2021-03-12,59860000,Market Correction
10386,4643,05-02-2023,65090000,Market Correction
10387,4644,2016-05-10,20210000,Initial
10388,4644,31-01-2018,21100000,Promotion
10389,4644,25/10/2019,22600000,Market Correction
10390,4644,2021-07-17,25040000,Annual Raise
10391,4644,10/04/2023,27400000,Promotion
10392,4645,03/06/2022,23220000,Initial
10393,4646,21-03-2017,13510000,Initial
10394,4646,2018-10-10,14940000,Promotion
10395,4646,2020-05-01,16380000,Market Correction
10396,4646,20/11/2021,18060000,Market Correction
10397,4646,12-06-2023,19870000,Annual Raise
10398,4647,17/04/2018,17780000,Initial
10399,4647,20-12-2019,19240000,Market Correction
10400,4647,24-08-2021,21330000,Market Correction
10401,4647,29/04/2023,23380000,Market Correction
10402,4648,2021-01-05,55430000,Initial
10403,4649,17-09-2023,70790000,Initial
10404,4650,2016-12-22,23070000,Initial
10405,4650,2018-10-25,24420000,Market Correction
10406,4651,2022-01-05,52880000,Initial
10407,4652,2016-07-05,18480000,Initial
10408,4652,17-03-2018,20090000,Adjustment
10409,4652,27/11/2019,21540000,Market Correction
10410,4652,09/08/2021,23410000,Annual Raise
10411,4652,21/04/2023,25490000,Promotion
10412,4653,02/06/2024,20090000,Initial
10413,4654,2018-12-04,23400000,Initial
10414,4654,11-06-2020,25710000,Market Correction
10415,4654,18/12/2021,27520000,Promotion
10416,4654,2023-06-26,29340000,Market Correction
10417,4655,12-01-2024,12690000,Initial
10418,4656,09/06/2016,15410000,Initial
10419,4656,24/02/2018,17190000,Promotion
10420,4656,12-11-2019,18480000,Market Correction
10421,4656,29-07-2021,20320000,Market Correction
10422,4656,16-04-2023,21300000,
10423,4657,15/09/2023,39900000,Initial
10424,4658,03/10/2019,50890000,Initial
10425,4658,03-07-2021,56660000,Market Correction
10426,4658,03/04/2023,59850000,Annual Raise
10427,4659,06-05-2019,21440000,Initial
10428,4659,2021-03-25,22330000,Annual Raise
10429,4659,12-02-2023,24930000,Annual Raise
10430,4660,2017-11-28,7520000,
10431,4660,06/09/2019,8190000,Market Correction
10432,4660,15/06/2021,8770000,Promotion
10433,4660,2023-03-25,9690000,Adjustment
10434,4661,2016-07-30,13910000,Initial
10435,4661,06-04-2018,14990000,Annual Raise
10436,4661,12-12-2019,15760000,Promotion
10437,4661,2021-08-19,17240000,Market Correction
10438,4661,26-04-2023,18860000,Promotion
10439,4662,20/11/2021,37020000,Initial
10440,4662,12-06-2023,40520000,Promotion
10441,4663,05/09/2015,12540000,
10442,4663,25/03/2017,13250000,Annual Raise
10443,4663,14-10-2018,14040000,Market Correction
10444,4663,2020-05-04,14740000,Promotion
10445,4663,2021-11-22,15550000,Adjustment
10446,4663,13-06-2023,16700000,Promotion
10447,4664,02-11-2019,19320000,Initial
10448,4664,23/07/2021,20490000,Promotion
10449,4664,13/04/2023,21560000,Promotion
10450,4665,2016-06-16,38830000,Initial
10451,4665,13-04-2018,41790000,Promotion
10452,4666,03/11/2018,8260000,Initial
10453,4666,18/05/2020,9040000,Promotion
10454,4666,02/12/2021,9950000,Annual Raise
10455,4666,2023-06-18,10690000,
10456,4667,27-06-2017,21460000,Initial
10457,4667,28/12/2018,23550000,Promotion
10458,4667,2020-06-29,25260000,Promotion
10459,4667,2021-12-30,27450000,Adjustment
10460,4667,02-07-2023,30660000,Adjustment
10461,4668,25/05/2016,20700000,Initial
10462,4668,2017-12-01,21660000,Market Correction
10463,4668,10-06-2019,24230000,Annual Raise
10464,4669,2019-02-18,14060000,Initial
10465,4669,01-02-2021,15470000,Market Correction
10466,4669,17/01/2023,16790000,Annual Raise
10467,4670,2019-12-19,16180000,Initial
10468,4670,23-08-2021,17560000,Market Correction
10469,4670,2023-04-28,19200000,Adjustment
10470,4671,16-06-2024,13630000,Initial
10471,4672,14-07-2016,29570000,Initial
10472,4672,2018-03-24,31390000,Promotion
10473,4672,2019-12-03,35020000,Annual Raise
10474,4672,12/08/2021,36760000,Market Correction
10475,4672,23/04/2023,40870000,Adjustment
10476,4673,28-03-2016,31660000,Initial
10477,4674,2015-06-08,9770000,Initial
10478,4674,10-01-2017,10680000,Promotion
10479,4674,16-08-2018,11680000,
10480,4674,2020-03-20,12810000,
10481,4674,24-10-2021,14190000,Market Correction
10482,4674,29/05/2023,15670000,Market Correction
10483,4675,2016-02-16,43830000,Initial
10484,4675,25/11/2017,49050000,Adjustment
10485,4675,04/09/2019,52060000,Promotion
10486,4675,14/06/2021,57100000,Adjustment
10487,4675,24/03/2023,60660000,Annual Raise
10488,4676,2020-06-25,17070000,
10489,4676,27-12-2021,17860000,Promotion
10490,4676,30-06-2023,19060000,Adjustment
10491,4677,18-10-2020,30070000,Initial
10492,4678,27/09/2024,20410000,Initial
10493,4679,12-12-2015,27980000,Initial
10494,4679,15-06-2017,31030000,Promotion
10495,4679,2018-12-18,34440000,Market Correction
10496,4679,22/06/2020,38520000,Annual Raise
10497,4679,25/12/2021,41740000,Annual Raise
10498,4679,2023-06-29,46010000,Market Correction
10499,4680,2017-10-06,32490000,Initial
10500,4680,18/04/2019,34170000,Adjustment
10501,4681,2024-02-13,10680000,Initial
10502,4682,2020-07-08,35340000,Initial
10503,4682,05/10/2022,36760000,Adjustment
10504,4683,12-04-2015,49500000,Initial
10505,4683,25/01/2017,53960000,Adjustment
10506,4683,10/11/2018,58220000,Adjustment
10507,4684,2020-01-05,26280000,Initial
10508,4684,03/09/2021,28350000,Market Correction
10509,4684,04-05-2023,29590000,Adjustment
10510,4685,2015-05-02,29250000,Initial
10511,4685,2016-12-10,30740000,Promotion
10512,4685,2018-07-22,34230000,Annual Raise
10513,4685,02-03-2020,35730000,Annual Raise
10514,4685,2021-10-11,38530000,Annual Raise
10515,4685,23-05-2023,40100000,Adjustment
10516,4686,2022-07-11,31040000,Initial
10517,4687,2024-03-23,34050000,Initial
10518,4688,2019-06-01,12760000,Initial
10519,4688,11/04/2021,13820000,Promotion
10520,4688,20/02/2023,15150000,Adjustment
10521,4689,18-11-2020,24550000,Initial
10522,4690,12/05/2015,45660000,Initial
10523,4690,19/12/2016,50730000,Adjustment
10524,4690,29/07/2018,55060000,Adjustment
10525,4690,07/03/2020,58610000,Promotion
10526,4690,15-10-2021,62950000,Annual Raise
10527,4690,2023-05-25,68360000,Adjustment
10528,4691,15/02/2016,11570000,Initial
10529,4691,24-11-2017,12680000,
10530,4691,04-09-2019,13810000,Market Correction
10531,4691,13-06-2021,14440000,Market Correction
10532,4691,24-03-2023,15480000,Adjustment
10533,4692,2023-06-20,31300000,Initial
10534,4693,2022-06-23,28610000,Initial
10535,4694,26-07-2021,5750000,Initial
10536,4694,14-04-2023,6010000,Promotion
10537,4695,09/06/2021,19930000,Initial
10538,4696,21-07-2018,16680000,Initial
10539,4696,01-03-2020,18320000,Adjustment
10540,4696,2021-10-11,19970000,Adjustment
10541,4696,23-05-2023,21650000,Annual Raise
10542,4697,22/01/2024,19840000,Initial
10543,4698,06-06-2019,20130000,Initial
10544,4698,14/04/2021,21910000,Market Correction
10545,4698,2023-02-22,24160000,Market Correction
10546,4699,08/04/2022,11760000,Initial
10547,4700,15-02-2024,13880000,Initial
10548,4701,23-02-2016,34020000,Initial
10549,4701,01/12/2017,38050000,Market Correction
10550,4701,09-09-2019,41020000,Market Correction
10551,4701,17-06-2021,44650000,Annual Raise
10552,4701,2023-03-26,49360000,Promotion
10553,4702,2017-06-04,12780000,Initial
10554,4702,2018-12-09,13840000,Annual Raise
10555,4702,2020-06-15,15340000,Promotion
10556,4702,20-12-2021,15990000,Promotion
10557,4702,2023-06-27,17870000,Promotion
10558,4703,2017-10-13,26490000,Initial
10559,4703,03/08/2019,29020000,Annual Raise
10560,4703,23-05-2021,31340000,Promotion
10561,4703,13/03/2023,32650000,Annual Raise
10562,4704,19/01/2017,26250000,Initial
10563,4704,2018-08-22,27380000,Market Correction
10564,4704,25-03-2020,29430000,
10565,4704,2021-10-27,31420000,Annual Raise
10566,4704,31-05-2023,32800000,Adjustment
10567,4705,15-07-2021,25670000,Initial
10568,4705,2023-04-09,27630000,Market Correction
10569,4706,2024-01-19,17310000,Initial
10570,4707,2015-04-18,20430000,Initial
10571,4707,29/11/2016,21740000,Market Correction
10572,4707,2018-07-13,23340000,Promotion
10573,4707,24/02/2020,25360000,Promotion
10574,4707,2021-10-07,26720000,Market Correction
10575,4707,21/05/2023,29910000,Market Correction
10576,4708,08/03/2016,33500000,Initial
10577,4708,2017-12-12,37210000,Promotion
10578,4708,17-09-2019,40260000,Market Correction
10579,4708,22-06-2021,42550000,Promotion
10580,4708,2023-03-28,46030000,Annual Raise
10581,4709,27/01/2022,16100000,Initial
10582,4710,2017-08-21,10920000,Initial
10583,4710,24/06/2019,12200000,Adjustment
10584,4710,27-04-2021,12840000,Promotion
10585,4710,28-02-2023,14310000,Adjustment
10586,4711,23/08/2016,28170000,Initial
10587,4711,25-04-2018,30580000,Adjustment
10588,4711,27-12-2019,34090000,Market Correction
10589,4711,2021-08-28,37070000,Promotion
10590,4711,01/05/2023,41490000,Annual Raise
10591,4712,13/03/2023,16360000,Initial
10592,4713,02-06-2022,15320000,Initial
10593,4714,2017-12-01,11250000,Initial
10594,4714,09/09/2019,12420000,Market Correction
10595,4714,2021-06-17,13510000,Market Correction
10596,4714,26/03/2023,14280000,Adjustment
10597,4715,23-01-2020,11960000,Initial
10598,4715,15/09/2021,13250000,Adjustment
10599,4715,10/05/2023,14370000,Annual Raise
10600,4716,28/05/2021,39090000,Initial
10601,4716,2023-03-16,41050000,Market Correction
10602,4717,17/01/2021,10520000,Initial
10603,4717,09/01/2023,11150000,Annual Raise
10604,4718,12-09-2019,16040000,Initial
10605,4718,19-06-2021,17420000,Promotion
10606,4718,2023-03-27,18990000,Promotion
10607,4719,11-06-2024,20600000,Initial
10608,4720,2016-01-10,21320000,Initial
10609,4720,26-10-2017,23560000,Promotion
10610,4720,13-08-2019,24520000,Annual Raise
10611,4720,2021-05-30,26240000,Market Correction
10612,4720,2023-03-17,29230000,Annual Raise
10613,4721,2020-09-23,21140000,Initial
10614,4721,12/11/2022,22210000,Annual Raise
10615,4722,16/11/2023,16930000,Initial
10616,4723,12-03-2020,13980000,Initial
10617,4723,2021-10-18,15300000,Adjustment
10618,4723,26-05-2023,16330000,Annual Raise
10619,4724,15/06/2022,9450000,Initial
10620,4725,28/07/2017,22240000,Initial
10621,4725,2019-06-06,23670000,Annual Raise
10622,4725,15-04-2021,24890000,Promotion
10623,4725,2023-02-22,27140000,Market Correction
10624,4726,11/11/2023,14590000,Initial
10625,4727,2020-07-17,26390000,Initial
10626,4727,09-10-2022,28210000,Adjustment
10627,4728,09/03/2018,12680000,Initial
10628,4728,2019-11-21,13550000,Adjustment
10629,4728,05/08/2021,14390000,Annual Raise
10630,4728,19/04/2023,15330000,Promotion
10631,4729,27/09/2018,14280000,Initial
10632,4729,21/04/2020,15510000,Annual Raise
10633,4729,14/11/2021,16730000,Promotion
10634,4729,09/06/2023,18310000,
10635,4730,07/07/2021,12060000,Initial
10636,4730,2023-04-05,12590000,Annual Raise
10637,4731,14-01-2017,32430000,Initial
10638,4731,2018-08-18,35100000,Annual Raise
10639,4731,2020-03-22,38010000,Market Correction
10640,4731,25/10/2021,40940000,Adjustment
10641,4731,30/05/2023,43320000,Adjustment
10642,4732,15-11-2022,52010000,Initial
10643,4733,29/01/2023,28390000,Initial
10644,4734,2020-01-30,11420000,Initial
10645,4734,20-09-2021,12770000,Adjustment
10646,4734,12/05/2023,14230000,Adjustment
10647,4735,18/09/2016,8640000,Initial
10648,4735,16/05/2018,9060000,Annual Raise
10649,4735,11-01-2020,9680000,Market Correction
10650,4735,08/09/2021,10290000,Adjustment
10651,4735,06-05-2023,11040000,Market Correction
10652,4736,27-12-2018,19620000,Initial
10653,4736,28/06/2020,21520000,Promotion
10654,4736,29/12/2021,23230000,Annual Raise
10655,4736,2023-07-01,24910000,Annual Raise
10656,4737,2018-02-01,23740000,Initial
10657,4737,25/10/2019,26510000,Adjustment
10658,4737,18/07/2021,28310000,Market Correction
10659,4737,10-04-2023,30780000,Market Correction
10660,4738,25/12/2017,7450000,Initial
10661,4738,2019-09-27,7850000,Promotion
10662,4738,29/06/2021,8300000,Market Correction
10663,4738,2023-04-01,9120000,Adjustment
10664,4739,20/11/2021,46160000,Initial
10665,4740,18/05/2020,19680000,Initial
10666,4740,06-02-2022,21410000,Annual Raise
10667,4741,07-10-2019,13780000,Initial
10668,4741,26/06/2021,14500000,Annual Raise
10669,4741,17/03/2023,15380000,Adjustment
10670,4742,2017-05-28,12360000,Initial
10671,4742,04-12-2018,13270000,Promotion
10672,4742,11/06/2020,14270000,Market Correction
10673,4742,18-12-2021,14920000,Market Correction
10674,4742,26-06-2023,16170000,Adjustment
10675,4743,2019-01-05,50480000,Initial
10676,4743,03-01-2021,54080000,Adjustment
10677,4743,02/01/2023,57510000,
10678,4744,15-03-2024,21940000,Initial
10679,4745,23-05-2017,12100000,Initial
10680,4745,30-11-2018,13150000,Annual Raise
10681,4745,08-06-2020,14280000,Promotion
10682,4745,16-12-2021,15570000,Market Correction
10683,4745,2023-06-25,17260000,Annual Raise
10684,4746,03-02-2017,13530000,Initial
10685,4746,2018-09-03,15100000,Market Correction
10686,4746,03-04-2020,16330000,Adjustment
10687,4746,2021-11-02,17800000,Adjustment
10688,4746,2023-06-03,19730000,Promotion
10689,4747,28-03-2021,14210000,Initial
10690,4747,13/02/2023,14790000,Promotion
10691,4748,2016-11-09,15260000,Initial
10692,4748,27/06/2018,16910000,Annual Raise
10693,4748,12-02-2020,17870000,Adjustment
10694,4748,29/09/2021,19550000,Market Correction
10695,4748,17-05-2023,21650000,Promotion
10696,4749,15-08-2016,12070000,Initial
10697,4749,2018-04-19,12970000,Promotion
10698,4749,2019-12-22,14070000,Promotion
10699,4749,25/08/2021,14970000,Market Correction
10700,4749,29/04/2023,16540000,Annual Raise
10701,4750,17/04/2022,20420000,Initial
10702,4751,01-11-2023,31780000,Initial
10703,4752,22-06-2023,17990000,Initial
10704,4753,07/11/2022,12610000,
10705,4754,17-02-2021,30790000,Initial
10706,4754,2023-01-25,32660000,Market Correction
10707,4755,2020-03-06,27670000,Initial
10708,4755,2021-10-14,29430000,Annual Raise
10709,4755,24/05/2023,32680000,Annual Raise
10710,4756,2019-12-19,20590000,Initial
10711,4756,23/08/2021,22970000,Adjustment
10712,4756,28/04/2023,24090000,Adjustment
10713,4757,2023-10-30,14640000,Initial
10714,4758,10/01/2022,32670000,Initial
10715,4759,02-11-2022,22220000,Initial
10716,4760,2018-06-30,32000000,Initial
10717,4760,14-02-2020,34460000,Market Correction
10718,4760,2021-09-30,37910000,Promotion
10719,4760,17-05-2023,41910000,Promotion
10720,4761,2018-09-02,35960000,Initial
10721,4761,02/04/2020,39650000,Promotion
10722,4761,2021-11-01,41760000,Market Correction
10723,4761,2023-06-02,43970000,Market Correction
10724,4762,29-03-2016,19010000,
10725,4763,28/08/2015,18330000,Initial
10726,4763,19/03/2017,20250000,Annual Raise
10727,4763,09/10/2018,21960000,Adjustment
10728,4763,2020-04-30,24100000,Adjustment
10729,4763,20/11/2021,26060000,
10730,4763,2023-06-12,28460000,
10731,4764,2022-10-25,21190000,Initial
10732,4765,16-10-2015,15750000,Initial
10733,4765,2017-04-28,16640000,Annual Raise
10734,4765,10/11/2018,17500000,Annual Raise
10735,4765,24/05/2020,19300000,Adjustment
10736,4765,06-12-2021,21270000,Annual Raise
10737,4765,20/06/2023,22410000,Annual Raise
10738,4766,2017-07-19,15040000,Initial
10739,4766,30/05/2019,15820000,Market Correction
10740,4766,2021-04-10,17150000,Market Correction
10741,4766,20-02-2023,18780000,Market Correction
10742,4767,28-04-2017,12250000,Initial
10743,4767,10/11/2018,13040000,Promotion
10744,4767,2020-05-24,14410000,Annual Raise
10745,4767,2021-12-06,15840000,Promotion
10746,4767,20/06/2023,16960000,Adjustment
10747,4768,14/02/2016,16800000,Initial
10748,4768,2017-11-23,18670000,Annual Raise
10749,4768,03/09/2019,20810000,Promotion
10750,4768,13/06/2021,22370000,Annual Raise
10751,4768,24-03-2023,23770000,Annual Raise
10752,4769,2019-04-02,13820000,Initial
10753,4769,02/03/2021,14930000,Promotion
10754,4769,31/01/2023,16150000,Adjustment
10755,4770,19-01-2024,41060000,Initial
10756,4771,16/04/2018,13510000,Initial
10757,4771,20/12/2019,14930000,Promotion
10758,4771,24/08/2021,15870000,Promotion
10759,4771,29/04/2023,17660000,Promotion
10760,4772,23/10/2023,31570000,Initial
10761,4773,2020-07-30,14890000,Initial
10762,4773,16/10/2022,16550000,Promotion
10763,4774,24-10-2016,32480000,Initial
10764,4774,20/10/2018,36140000,Market Correction
10765,4775,30/06/2020,25860000,Initial
10766,4775,30/12/2021,27800000,Annual Raise
10767,4775,02/07/2023,29930000,Adjustment
10768,4776,28-05-2021,13660000,Initial
10769,4776,2023-03-16,14500000,Promotion
10770,4777,26/02/2017,40120000,Initial
10771,4777,22/09/2018,44840000,
10772,4777,17/04/2020,47380000,Adjustment
10773,4777,2021-11-11,52170000,Promotion
10774,4777,07-06-2023,56660000,Annual Raise
10775,4778,20-09-2017,11410000,Initial
10776,4778,2019-07-17,12480000,Adjustment
10777,4778,12-05-2021,13900000,Adjustment
10778,4778,2023-03-08,15420000,Adjustment
10779,4779,27/10/2024,13100000,Initial
10780,4780,22-08-2023,30770000,Initial
10781,4781,13-06-2019,15380000,Initial
10782,4781,19/04/2021,16630000,Annual Raise
10783,4781,24/02/2023,17460000,Annual Raise
10784,4782,08-08-2015,13360000,Initial
10785,4782,2017-03-19,14200000,
10786,4782,29/10/2018,15700000,Promotion
10787,4782,09/06/2020,16940000,Market Correction
10788,4782,19-01-2022,18050000,Annual Raise
10789,4783,2016-04-30,15580000,Initial
10790,4783,23-01-2018,17250000,Adjustment
10791,4783,19-10-2019,18800000,Promotion
10792,4783,13-07-2021,20970000,Annual Raise
10793,4783,2023-04-08,22930000,Market Correction
10794,4784,20-10-2019,20280000,Initial
10795,4784,14-07-2021,21390000,Adjustment
10796,4784,2023-04-08,22550000,Market Correction
10797,4785,26/06/2018,10850000,Initial
10798,4785,11-02-2020,12140000,Adjustment
10799,4785,2021-09-28,13320000,Annual Raise
10800,4785,2023-05-16,14660000,Adjustment
10801,4786,24-04-2015,6840000,Initial
10802,4787,14/01/2016,4590000,Initial
10803,4787,30/10/2017,4810000,Promotion
10804,4787,2019-08-16,5120000,Adjustment
10805,4787,01-06-2021,5680000,Market Correction
10806,4787,18-03-2023,6290000,Promotion
10807,4788,24-12-2020,38350000,Initial
10808,4788,28/12/2022,40640000,
10809,4789,26/01/2015,10490000,Initial
10810,4789,21-09-2016,11540000,Promotion
10811,4789,19/05/2018,12440000,Market Correction
10812,4789,2020-01-14,13600000,Promotion
10813,4789,2021-09-09,15000000,Adjustment
10814,4789,07-05-2023,16440000,Annual Raise
10815,4790,2021-08-08,39430000,Initial
10816,4790,2023-04-21,42590000,Promotion
10817,4791,07/04/2021,18880000,Initial
10818,4792,24-12-2019,19240000,Initial
10819,4792,26-08-2021,20420000,Annual Raise
10820,4792,30/04/2023,22610000,Promotion
10821,4793,2020-01-02,23770000,Initial
10822,4793,05/07/2021,25530000,Adjustment
10823,4793,2023-01-06,26650000,Market Correction
10824,4794,28-02-2022,30420000,Initial
10825,4795,05/11/2016,19420000,Initial
10826,4795,14/06/2018,21210000,Market Correction
10827,4795,2020-01-21,22210000,Promotion
10828,4795,29/08/2021,24170000,Market Correction
10829,4796,02/11/2018,21470000,Initial
10830,4796,18-05-2020,23880000,Market Correction
10831,4796,02/12/2021,25270000,Market Correction
10832,4796,2023-06-18,27200000,Promotion
10833,4797,2024-09-18,13420000,Initial
10834,4798,08-03-2024,9160000,Initial
10835,4799,2018-06-22,17340000,Initial
10836,4799,08/02/2020,19350000,Adjustment
10837,4799,26-09-2021,20660000,Adjustment
10838,4799,15/05/2023,21490000,Promotion
10839,4800,2020-08-24,9710000,Initial
10840,4800,28-10-2022,10770000,Adjustment
10841,4801,13-07-2015,13530000,
10842,4801,19-04-2017,14520000,Promotion
10843,4801,25/01/2019,15440000,Adjustment
10844,4802,14-03-2018,12110000,Initial
10845,4802,2019-11-25,13050000,Adjustment
10846,4802,2021-08-07,14130000,Market Correction
10847,4802,20-04-2023,15620000,Market Correction
10848,4803,25-06-2024,15810000,Initial
10849,4804,23/09/2016,16730000,Initial
10850,4804,20/05/2018,17450000,Promotion
10851,4804,14/01/2020,18540000,Market Correction
10852,4804,2021-09-10,20590000,Adjustment
10853,4804,2023-05-07,22150000,Market Correction
10854,4805,26-08-2022,28800000,Initial
10855,4806,2020-01-21,24580000,
10856,4806,2021-09-14,27480000,
10857,4806,09/05/2023,28810000,Adjustment
10858,4807,14-06-2022,56620000,Initial
10859,4808,2020-06-27,10690000,Initial
10860,4808,28/12/2021,11630000,Market Correction
10861,4808,01-07-2023,12820000,Adjustment
10862,4809,07-09-2022,39810000,Initial
10863,4810,04/01/2023,19030000,Initial
10864,4811,2017-10-08,14920000,Initial
10865,4811,30/07/2019,15680000,Promotion
10866,4811,21-05-2021,16900000,
10867,4811,12-03-2023,17670000,Promotion
10868,4812,2015-05-16,33960000,Initial
10869,4812,2016-12-22,37330000,Annual Raise
10870,4812,31/07/2018,39970000,Promotion
10871,4812,09/03/2020,43750000,Adjustment
10872,4812,16/10/2021,47530000,Annual Raise
10873,4812,25/05/2023,50300000,Adjustment
10874,4813,28-12-2017,12250000,Initial
10875,4813,2019-09-29,12880000,Promotion
10876,4813,30/06/2021,13900000,Adjustment
10877,4813,01-04-2023,15220000,Market Correction
10878,4814,17-11-2024,14980000,Initial
10879,4815,09-10-2020,55390000,Initial
10880,4816,07/10/2020,13110000,Initial
10881,4816,19-11-2022,14390000,Market Correction
10882,4817,16/02/2018,16110000,Initial
10883,4817,05/11/2019,16780000,Annual Raise
10884,4817,2021-07-25,17860000,Annual Raise
10885,4817,2023-04-14,19870000,
10886,4818,08-12-2017,15030000,
10887,4818,14/09/2019,16630000,Adjustment
10888,4818,2021-06-20,17830000,Annual Raise
10889,4818,2023-03-27,19390000,
10890,4819,20/09/2022,15630000,Initial
10891,4820,05/03/2015,12300000,Initial
10892,4820,23/10/2016,12960000,Market Correction
10893,4820,13-06-2018,13990000,Adjustment
10894,4820,02/02/2020,15160000,Market Correction
10895,4820,2021-09-22,16620000,Promotion
10896,4820,2023-05-13,17400000,Market Correction
10897,4821,13/09/2017,10980000,
10898,4821,2019-07-11,12190000,Market Correction
10899,4821,2021-05-08,13250000,Promotion
10900,4821,06-03-2023,13810000,Adjustment
10901,4822,2020-08-19,30610000,Initial
10902,4822,2022-10-26,33040000,Promotion
10903,4823,06-01-2024,50580000,Initial
10904,4824,28-07-2023,23430000,Initial
10905,4825,25-05-2020,15070000,Initial
10906,4825,06/12/2021,16210000,Market Correction
10907,4825,20/06/2023,18100000,Market Correction
10908,4826,28-01-2018,20140000,Initial
10909,4826,22/10/2019,21220000,Promotion
10910,4826,16/07/2021,22260000,Promotion
10911,4826,09-04-2023,23270000,Adjustment
10912,4827,10/08/2017,21810000,Initial
10913,4827,2019-06-16,24320000,Adjustment
10914,4827,2021-04-21,25630000,Promotion
10915,4827,25-02-2023,28610000,Annual Raise
10916,4828,20-12-2022,47510000,Initial
10917,4829,2024-04-29,12010000,Initial
10918,4830,05-11-2020,26000000,Initial
10919,4830,2022-12-04,27240000,Promotion
10920,4831,06-04-2016,21540000,Initial
10921,4831,04/01/2018,22640000,Market Correction
10922,4831,2019-10-04,25030000,Promotion
10923,4831,04/07/2021,27020000,Annual Raise
10924,4831,2023-04-03,29100000,Annual Raise
10925,4832,2019-05-25,17690000,Initial
10926,4832,2021-04-06,19730000,Adjustment
10927,4832,18-02-2023,21560000,Annual Raise
10928,4833,07-12-2016,13840000,Initial
10929,4833,19/07/2018,15190000,Annual Raise
10930,4833,2020-02-28,16290000,Adjustment
10931,4833,10-10-2021,18190000,Promotion
10932,4833,22/05/2023,20140000,Market Correction
10933,4834,18-11-2016,6340000,Initial
10934,4835,20-12-2016,13320000,
10935,4835,29-07-2018,14730000,Promotion
10936,4835,07/03/2020,16040000,Annual Raise
10937,4835,2021-10-15,17360000,Annual Raise
10938,4835,25/05/2023,18930000,Market Correction
10939,4836,04/03/2020,22240000,Initial
10940,4836,2021-10-13,23210000,Promotion
10941,4836,24-05-2023,24920000,Promotion
10942,4837,11-09-2020,11590000,Initial
10943,4837,06-11-2022,12300000,Market Correction
10944,4838,07-01-2023,17600000,Initial
10945,4839,14-02-2017,31740000,Initial
10946,4839,12/09/2018,33230000,Adjustment
10947,4839,10/04/2020,37000000,Annual Raise
10948,4839,06/11/2021,40150000,Adjustment
10949,4839,2023-06-05,44710000,Market Correction
10950,4840,15/03/2021,27010000,
10951,4840,2023-02-07,30120000,Adjustment
10952,4841,12-08-2021,9070000,Initial
10953,4841,23/04/2023,10020000,Market Correction
10954,4842,2019-09-21,21730000,Initial
10955,4842,25/06/2021,23840000,Annual Raise
10956,4842,30-03-2023,26510000,Annual Raise
10957,4843,13-07-2018,9100000,Initial
10958,4843,24-02-2020,10190000,Annual Raise
10959,4843,07/10/2021,11070000,
10960,4843,2023-05-21,12240000,Promotion
10961,4844,2015-05-23,59030000,Initial
10962,4844,17/02/2017,65090000,Promotion
10963,4844,2018-11-16,68480000,Promotion
10964,4844,13-08-2020,75910000,Adjustment
10965,4844,12/05/2022,84490000,Adjustment
10966,4845,17-01-2017,21780000,Initial
10967,4845,09-11-2018,23300000,Market Correction
10968,4846,2019-11-28,49630000,Initial
10969,4846,09-08-2021,53590000,Adjustment
10970,4846,21/04/2023,58690000,Promotion
10971,4847,21-11-2019,13170000,Initial
10972,4847,2021-08-04,14050000,
10973,4847,19/04/2023,14940000,Promotion
10974,4848,2016-01-12,21770000,Initial
10975,4848,2017-07-31,23230000,Adjustment
10976,4848,17-02-2019,25440000,Market Correction
10977,4848,05-09-2020,27990000,Market Correction
10978,4848,25-03-2022,29860000,Market Correction
10979,4849,2024-09-23,14660000,Initial
10980,4850,01/03/2018,20530000,Initial
10981,4850,31/12/2019,22360000,Market Correction
10982,4850,2021-10-31,23700000,Annual Raise
10983,4851,20-11-2021,28400000,Initial
10984,4851,12/06/2023,31300000,Adjustment
10985,4852,21/06/2015,29790000,
10986,4852,21/01/2017,32810000,Promotion
10987,4852,24-08-2018,36180000,Annual Raise
10988,4852,27-03-2020,39830000,Promotion
10989,4852,28/10/2021,41860000,Promotion
10990,4852,31-05-2023,44360000,Market Correction
10991,4853,2019-10-27,26190000,Initial
10992,4853,19/07/2021,29070000,Promotion
10993,4853,11-04-2023,30390000,Adjustment
10994,4854,28-03-2019,17310000,Initial
10995,4854,2021-02-27,18280000,Market Correction
10996,4854,2023-01-30,19570000,Promotion
10997,4855,14-10-2016,9510000,Initial
10998,4855,06-06-2018,10390000,Market Correction
10999,4855,27/01/2020,11460000,Adjustment
11000,4855,18/09/2021,11920000,Annual Raise
11001,4855,11-05-2023,13020000,Annual Raise
11002,4856,20-01-2021,28790000,Initial
11003,4856,11-01-2023,30590000,Promotion
11004,4857,2020-04-19,24560000,Initial
11005,4857,12-11-2021,27050000,Promotion
11006,4857,08-06-2023,28610000,Annual Raise
11007,4858,07/10/2023,38180000,Initial
11008,4859,09-01-2017,21140000,Initial
11009,4859,14/08/2018,22460000,Annual Raise
11010,4859,2020-03-19,24420000,Annual Raise
11011,4859,23/10/2021,26020000,Market Correction
11012,4859,2023-05-29,28950000,Adjustment
11013,4860,06/04/2015,15380000,Initial
11014,4860,19/11/2016,16850000,Market Correction
11015,4860,2018-07-05,17630000,Market Correction
11016,4860,18/02/2020,18890000,Annual Raise
11017,4860,03-10-2021,20580000,Adjustment
11018,4860,19-05-2023,21500000,Adjustment
11019,4861,27-06-2016,18620000,Initial
11020,4861,11/03/2018,20750000,Promotion
11021,4861,23/11/2019,22080000,Market Correction
11022,4861,06/08/2021,23830000,Market Correction
11023,4861,20-04-2023,25390000,Promotion
11024,4862,2020-02-05,17350000,Initial
11025,4862,24-09-2021,19300000,Adjustment
11026,4862,14/05/2023,20900000,Adjustment
11027,4863,07/04/2019,61470000,Initial
11028,4864,2016-07-24,20270000,Initial
11029,4864,01/04/2018,22370000,Adjustment
11030,4864,2019-12-09,23550000,Annual Raise
11031,4864,2021-08-16,26370000,Adjustment
11032,4864,25/04/2023,29100000,Promotion
11033,4865,2016-04-27,9400000,Initial
11034,4865,2018-01-21,10310000,Promotion
11035,4865,17-10-2019,10960000,Annual Raise
11036,4865,12-07-2021,11430000,Market Correction
11037,4865,2023-04-07,12670000,Market Correction
11038,4866,11/07/2022,20320000,Initial
11039,4867,17-10-2023,24170000,Initial
11040,4868,2016-07-18,20080000,Initial
11041,4868,27-03-2018,21880000,Promotion
11042,4868,2019-12-05,23910000,Annual Raise
11043,4868,14-08-2021,25050000,Market Correction
11044,4868,24-04-2023,26280000,Market Correction
11045,4869,2018-10-01,46800000,Initial
11046,4869,24/04/2020,50530000,Adjustment
11047,4869,2021-11-16,55200000,Adjustment
11048,4869,10/06/2023,60140000,Promotion
11049,4870,01-02-2023,30280000,Initial
11050,4871,2024-03-26,40710000,Initial
11051,4872,06-05-2024,60240000,Initial
11052,4873,2015-01-12,32510000,Initial
11053,4873,10/09/2016,35060000,Promotion
11054,4873,10/05/2018,37970000,
11055,4873,07-01-2020,41070000,Promotion
11056,4873,05-09-2021,43000000,Market Correction
11057,4873,2023-05-05,47350000,Annual Raise
11058,4874,28-07-2020,17880000,Initial
11059,4874,15-10-2022,19750000,Adjustment
11060,4875,17/09/2015,8090000,Initial
11061,4875,04-04-2017,8550000,Adjustment
11062,4875,22/10/2018,9190000,Promotion
11063,4875,10/05/2020,9970000,Promotion
11064,4875,26/11/2021,10680000,Adjustment
11065,4875,2023-06-15,11750000,Promotion
11066,4876,2019-08-07,23980000,Initial
11067,4876,2021-05-26,25630000,Market Correction
11068,4876,2023-03-15,28330000,Promotion
11069,4877,2024-04-11,30250000,Initial
11070,4878,01-02-2023,14150000,Initial
11071,4879,2020-06-11,38410000,Initial
11072,4879,18-12-2021,40230000,
11073,4879,26/06/2023,42450000,Market Correction
11074,4880,16/01/2023,21000000,Initial
11075,4881,24-10-2015,22030000,Initial
11076,4881,2017-05-05,23200000,Promotion
11077,4881,2018-11-16,24430000,Promotion
11078,4881,28-05-2020,26920000,Annual Raise
11079,4881,09/12/2021,28070000,Promotion
11080,4881,21-06-2023,31250000,Promotion
11081,4882,2015-01-26,29170000,Initial
11082,4882,2016-09-21,30910000,Annual Raise
11083,4882,2018-05-19,32210000,Market Correction
11084,4882,14-01-2020,34330000,Promotion
11085,4882,2021-09-09,36520000,Adjustment
11086,4882,07-05-2023,38060000,Adjustment
11087,4883,10/01/2016,17780000,Initial
11088,4883,2017-10-26,18790000,Promotion
11089,4883,13-08-2019,20440000,Promotion
11090,4883,30-05-2021,21580000,Annual Raise
11091,4883,17-03-2023,22760000,Promotion
11092,4884,2024-06-18,39770000,Initial
11093,4885,14/07/2018,16490000,Initial
11094,4885,2020-02-24,18450000,Promotion
11095,4885,07/10/2021,19470000,Market Correction
11096,4885,21/05/2023,20290000,Adjustment
11097,4886,05-05-2023,12910000,Initial
11098,4887,28-03-2017,28900000,
11099,4887,17-02-2019,31910000,
11100,4887,08-01-2021,33560000,Promotion
11101,4888,19/08/2022,33130000,Initial
11102,4889,2024-11-02,50250000,Initial
11103,4890,03-11-2022,30660000,Initial
11104,4891,20/08/2019,10600000,Initial
11105,4891,03/06/2021,11540000,Promotion
11106,4891,2023-03-19,12870000,Adjustment
11107,4892,12-11-2018,13310000,Initial
11108,4892,25/05/2020,13850000,Market Correction
11109,4892,07/12/2021,15420000,
11110,4892,20/06/2023,16780000,Annual Raise
11111,4893,04/08/2023,21620000,Initial
11112,4894,2020-04-26,15680000,Initial
11113,4894,17/11/2021,17130000,Adjustment
11114,4894,10/06/2023,19120000,Promotion
11115,4895,23-05-2017,16090000,Initial
11116,4895,30-11-2018,17410000,
11117,4895,08/06/2020,18190000,Promotion
11118,4895,16/12/2021,20320000,Annual Raise
11119,4895,25/06/2023,22410000,Promotion
11120,4896,22-11-2017,30010000,Initial
11121,4896,02-09-2019,32360000,Promotion
11122,4896,12/06/2021,34970000,Adjustment
11123,4896,23-03-2023,38340000,Annual Raise
11124,4897,27-06-2017,6150000,Initial
11125,4897,2018-12-28,6660000,Adjustment
11126,4897,2020-06-29,7280000,Annual Raise
11127,4897,2021-12-30,7860000,Market Correction
11128,4897,02-07-2023,8530000,Annual Raise
11129,4898,2017-05-23,32830000,Initial
11130,4898,30-11-2018,36280000,Promotion
11131,4898,08-06-2020,40430000,Promotion
11132,4898,16/12/2021,42830000,Promotion
11133,4898,25-06-2023,45880000,Adjustment
11134,4899,2020-11-16,30160000,Initial
11135,4899,09-12-2022,33750000,Annual Raise
11136,4900,20/09/2019,16280000,Initial
11137,4900,2021-06-24,18220000,Annual Raise
11138,4900,2023-03-29,19490000,Market Correction
11139,4901,2015-06-09,9380000,Initial
11140,4901,2017-01-11,10220000,Annual Raise
11141,4901,16/08/2018,11190000,Adjustment
11142,4901,21-03-2020,12160000,Adjustment
11143,4901,24-10-2021,13440000,Adjustment
11144,4901,29-05-2023,14490000,Market Correction
11145,4902,18-01-2023,23200000,Initial
11146,4903,19-02-2021,22190000,
11147,4903,26/01/2023,23140000,Annual Raise
11148,4904,17-04-2019,26930000,Initial
11149,4904,2021-03-12,30110000,Adjustment
11150,4904,05-02-2023,32420000,Annual Raise
11151,4905,21/07/2019,13990000,Initial
11152,4905,14/05/2021,15220000,
11153,4905,2023-03-09,16320000,Promotion
11154,4906,06-08-2015,43330000,Initial
11155,4906,28-02-2017,47060000,Promotion
11156,4906,24-09-2018,49620000,Adjustment
11157,4906,2020-04-19,51600000,Adjustment
11158,4906,2021-11-12,55480000,Market Correction
11159,4906,2023-06-08,61890000,Adjustment
11160,4907,31-05-2019,9490000,Initial
11161,4907,10-04-2021,10010000,Annual Raise
11162,4907,20-02-2023,10460000,Annual Raise
11163,4908,31-01-2019,23760000,Initial
11164,4908,2021-01-20,25900000,Promotion
11165,4908,11/01/2023,27840000,Adjustment
11166,4909,06/03/2023,24250000,Initial
11167,4910,03-08-2023,12890000,Initial
11168,4911,12/03/2023,11070000,Initial
11169,4912,08/12/2015,9640000,Initial
11170,4912,2017-06-12,10210000,Adjustment
11171,4912,2018-12-16,11240000,Annual Raise
11172,4912,20/06/2020,11710000,Promotion
11173,4912,24/12/2021,12350000,Adjustment
11174,4912,2023-06-29,12870000,Promotion
11175,4913,24/01/2016,35750000,Initial
11176,4913,07-11-2017,39980000,Annual Raise
11177,4913,22/08/2019,43530000,Market Correction
11178,4913,2021-06-05,47960000,Annual Raise
11179,4913,20/03/2023,52930000,Annual Raise
11180,4914,13-01-2024,7290000,
11181,4915,19/11/2016,22110000,Initial
11182,4915,2018-07-05,24430000,Promotion
11183,4915,18/02/2020,26020000,Adjustment
11184,4915,03/10/2021,28170000,Annual Raise
11185,4915,19-05-2023,31130000,Adjustment
11186,4916,15-08-2017,13350000,Initial
11187,4916,20-06-2019,14580000,Promotion
11188,4916,24-04-2021,15210000,Adjustment
11189,4916,2023-02-27,16780000,
11190,4917,27/08/2022,44960000,Initial
11191,4918,16-01-2017,25820000,Initial
11192,4918,2018-08-20,27460000,Annual Raise
11193,4918,2020-03-23,30040000,Market Correction
11194,4918,26-10-2021,32090000,Annual Raise
11195,4918,30/05/2023,33430000,Adjustment
11196,4919,2024-10-11,21440000,Initial
11197,4920,09/07/2023,25030000,
11198,4921,2018-10-13,16970000,Initial
11199,4921,03-05-2020,18740000,Market Correction
11200,4921,2021-11-22,20920000,Adjustment
11201,4921,13/06/2023,22070000,Adjustment
11202,4922,13-12-2023,27250000,Initial
11203,4923,08-02-2022,20090000,Initial
11204,4924,2015-06-29,13120000,Initial
11205,4924,28-01-2017,14160000,Market Correction
11206,4924,2018-08-30,15590000,Annual Raise
11207,4924,31-03-2020,16750000,Market Correction
11208,4924,31-10-2021,18630000,Market Correction
11209,4924,2023-06-02,20280000,Promotion
11210,4925,24/11/2022,24860000,Initial
11211,4926,20/12/2018,15230000,Initial
11212,4926,23-06-2020,16380000,Promotion
11213,4926,26/12/2021,17540000,Promotion
11214,4926,30-06-2023,18800000,Adjustment
11215,4927,02-08-2017,21830000,Initial
11216,4927,10-06-2019,23440000,Market Correction
11217,4927,17-04-2021,24830000,Promotion
11218,4927,23/02/2023,26420000,Annual Raise
11219,4928,25/03/2018,26410000,
11220,4928,03/12/2019,28240000,Market Correction
11221,4928,13-08-2021,30100000,Annual Raise
11222,4928,23-04-2023,32510000,Market Correction
11223,4929,2023-09-01,38880000,Initial
11224,4930,2015-01-13,7380000,Initial
11225,4930,10/09/2016,7780000,Promotion
11226,4930,10-05-2018,8350000,Annual Raise
11227,4930,07/01/2020,9220000,Adjustment
11228,4930,2021-09-05,10240000,Market Correction
11229,4930,05/05/2023,11450000,Promotion
11230,4931,2019-10-21,27070000,Initial
11231,4931,06/10/2021,29980000,Adjustment
11232,4932,21/09/2015,22840000,Initial
11233,4932,08-04-2017,24250000,
11234,4932,2018-10-25,26740000,Annual Raise
11235,4932,12-05-2020,28140000,Annual Raise
11236,4932,2021-11-28,31120000,Market Correction
11237,4932,16/06/2023,33140000,Market Correction
11238,4933,25-06-2017,15370000,Initial
11239,4933,2018-12-26,16900000,Annual Raise
11240,4933,27-06-2020,18520000,Adjustment
11241,4933,2021-12-29,20240000,Annual Raise
11242,4933,01-07-2023,21880000,Adjustment
11243,4934,2021-02-12,20630000,Initial
11244,4934,2023-01-22,21950000,Promotion
11245,4935,23-08-2016,29050000,Initial
11246,4935,04-04-2018,31260000,Annual Raise
11247,4935,2019-11-14,32550000,Adjustment
11248,4936,17-06-2020,36780000,Initial
11249,4936,22-12-2021,39610000,Market Correction
11250,4936,28-06-2023,42060000,Adjustment
11251,4937,2019-06-18,35590000,Initial
11252,4937,2021-04-22,38670000,Market Correction
11253,4937,26/02/2023,41840000,Market Correction
11254,4938,16-01-2023,13310000,Initial
11255,4939,2020-05-15,19590000,
11256,4939,30/11/2021,21430000,Market Correction
11257,4939,2023-06-17,23000000,Annual Raise
11258,4940,2022-06-05,30490000,Initial
11259,4941,31/08/2024,18940000,Initial
11260,4942,25-03-2019,37540000,Initial
11261,4942,25/02/2021,39620000,Adjustment
11262,4942,29/01/2023,42520000,Promotion
11263,4943,11-06-2017,11840000,Initial
11264,4943,2019-08-22,12370000,Promotion
11265,4944,2019-04-04,11030000,Initial
11266,4944,03/03/2021,12080000,Market Correction
11267,4944,01/02/2023,13160000,Annual Raise
11268,4945,16-03-2018,48780000,Initial
11269,4945,26/11/2019,53750000,Annual Raise
11270,4945,08/08/2021,58660000,Annual Raise
11271,4945,21-04-2023,64030000,Annual Raise
11272,4946,15/01/2022,65950000,Initial
11273,4947,15-06-2017,37210000,Initial
11274,4947,2018-12-18,39000000,Annual Raise
11275,4947,21/06/2020,41180000,Annual Raise
11276,4947,25-12-2021,44790000,Adjustment
11277,4947,29/06/2023,48530000,Market Correction
11278,4948,13/10/2015,22090000,Initial
11279,4949,29/05/2024,24590000,Initial
11280,4950,21/09/2020,11640000,Initial
11281,4950,11-11-2022,12150000,Annual Raise
11282,4951,2015-12-29,7770000,Initial
11283,4951,29/06/2017,8580000,Annual Raise
11284,4951,30-12-2018,9370000,Promotion
11285,4951,2020-06-30,10180000,Promotion
11286,4951,31-12-2021,10610000,Market Correction
11287,4951,02/07/2023,11850000,Annual Raise
11288,4952,2021-11-29,21250000,Initial
11289,4952,2023-06-16,23790000,Promotion
11290,4953,13/02/2020,12560000,Initial
11291,4953,29/09/2021,13410000,Annual Raise
11292,4953,2023-05-17,14650000,Adjustment
11293,4954,17-08-2018,23020000,Initial
11294,4954,21/03/2020,24360000,
11295,4954,2021-10-24,26830000,Annual Raise
11296,4954,29/05/2023,29400000,Market Correction
11297,4955,30/06/2018,23880000,Initial
11298,4956,13/09/2019,23970000,Initial
11299,4956,19/06/2021,25830000,Promotion
11300,4956,2023-03-27,28620000,Annual Raise
11301,4957,2020-02-18,19080000,Initial
11302,4957,2021-10-03,21350000,Market Correction
11303,4957,2023-05-19,22690000,Market Correction
11304,4958,07-03-2020,21920000,Initial
11305,4958,15/10/2021,22850000,Adjustment
11306,4958,25-05-2023,25270000,Annual Raise
11307,4959,2015-01-05,23030000,Initial
11308,4959,04/09/2016,25450000,Adjustment
11309,4959,2018-05-05,27010000,Market Correction
11310,4959,03-01-2020,29860000,Annual Raise
11311,4959,2021-09-02,32020000,Adjustment
11312,4959,2023-05-03,35650000,
11313,4960,10-06-2024,23410000,Initial
11314,4961,03-11-2019,33090000,Initial
11315,4961,23/07/2021,36560000,Market Correction
11316,4961,13/04/2023,39260000,Adjustment
11317,4962,2015-10-04,10700000,Initial
11318,4962,18/04/2017,11580000,Market Correction
11319,4962,02-11-2018,12100000,Promotion
11320,4962,2020-05-18,12600000,Market Correction
11321,4962,02-12-2021,13670000,Market Correction
11322,4962,18/06/2023,14520000,Promotion
11323,4963,08-02-2023,54720000,
11324,4964,2023-09-01,15380000,Initial
11325,4965,03/03/2021,35200000,Initial
11326,4965,01-02-2023,37070000,Annual Raise
11327,4966,19-05-2021,21450000,Initial
11328,4966,11/03/2023,23020000,Annual Raise
11329,4967,23/11/2022,20600000,Initial
11330,4968,13-12-2022,25610000,Initial
11331,4969,03-10-2015,31570000,Initial
11332,4969,2017-04-18,33580000,Market Correction
11333,4969,02-11-2018,36830000,Promotion
11334,4969,18-05-2020,39960000,Market Correction
11335,4969,02-12-2021,44690000,Promotion
11336,4969,18/06/2023,48770000,Annual Raise
11337,4970,2020-09-13,22630000,Initial
11338,4970,2022-11-07,23540000,Annual Raise
11339,4971,20/09/2018,21390000,
11340,4971,15-04-2020,22950000,Adjustment
11341,4971,10/11/2021,24150000,Market Correction
11342,4971,07/06/2023,26810000,
11343,4972,05-10-2020,14730000,Initial
11344,4972,06-05-2022,16450000,Promotion
11345,4973,07-03-2021,20020000,Initial
11346,4973,03/02/2023,22270000,Market Correction
11347,4974,08/07/2016,22520000,Initial
11348,4974,19/03/2018,24250000,Promotion
11349,4974,29/11/2019,25270000,Adjustment
11350,4974,10/08/2021,26730000,Market Correction
11351,4974,2023-04-22,29680000,Adjustment
11352,4975,2018-02-10,48850000,Initial
11353,4975,01/11/2019,51740000,
11354,4975,22/07/2021,55260000,Market Correction
11355,4975,2023-04-12,58380000,Promotion
11356,4976,2023-05-28,44290000,Initial
11357,4977,2019-01-14,13710000,Initial
11358,4977,09/01/2021,15000000,Annual Raise
11359,4977,2023-01-05,16030000,Promotion
11360,4978,2022-07-20,21500000,Initial
11361,4979,2022-02-10,25270000,Initial
11362,4980,16/06/2017,30920000,Initial
11363,4980,19-12-2018,34570000,Annual Raise
11364,4980,22/06/2020,37030000,Market Correction
11365,4980,25-12-2021,38980000,Market Correction
11366,4980,29-06-2023,41420000,Adjustment
11367,4981,2019-01-11,20710000,Initial
11368,4981,2021-01-07,21600000,Annual Raise
11369,4981,04/01/2023,22840000,Adjustment
11370,4982,2017-09-25,41350000,Initial
11371,4982,2019-07-20,45930000,Adjustment
11372,4982,14/05/2021,50170000,Adjustment
11373,4982,09-03-2023,56150000,Promotion
11374,4983,23-08-2020,22450000,Initial
11375,4984,18/03/2017,10700000,Initial
11376,4985,15-04-2024,8860000,Initial
11377,4986,08/11/2021,49910000,Initial
11378,4986,06/06/2023,55480000,Market Correction
11379,4987,2022-04-23,13760000,Initial
11380,4988,07-04-2020,33110000,Initial
11381,4988,20/03/2022,36060000,Market Correction
11382,4989,12-07-2021,73010000,Initial
11383,4989,2023-04-07,78560000,Annual Raise
11384,4990,15/12/2017,18150000,Initial
11385,4990,19/09/2019,19250000,Adjustment
11386,4990,24-06-2021,20260000,Market Correction
11387,4990,29-03-2023,22590000,Market Correction
11388,4991,2015-10-01,7090000,Initial
11389,4991,16-04-2017,7600000,
11390,4991,31/10/2018,8240000,Annual Raise
11391,4991,17-05-2020,9150000,Market Correction
11392,4991,2021-12-01,9930000,Market Correction
11393,4991,17/06/2023,10640000,Market Correction
11394,4992,27/12/2023,50290000,Initial
11395,4993,14-08-2020,16200000,Initial
11396,4994,08/06/2024,45550000,Initial
11397,4995,2019-04-19,31490000,
11398,4996,22-01-2019,17460000,Initial
11399,4996,14-01-2021,18350000,Market Correction
11400,4996,08/01/2023,20420000,Adjustment
11401,4997,15/05/2018,13690000,Initial
11402,4997,10/01/2020,15130000,Annual Raise
11403,4997,07/09/2021,15880000,Adjustment
11404,4997,06/05/2023,17390000,Market Correction
11405,4998,2017-03-15,17630000,Initial
11406,4998,2018-10-05,19140000,Annual Raise
11407,4998,27-04-2020,19930000,Annual Raise
11408,4998,18-11-2021,21760000,Market Correction
11409,4998,2023-06-11,23600000,Adjustment
11410,4999,13-05-2021,36560000,Initial
11411,4999,2023-03-08,40480000,Adjustment
11412,5000,16/11/2016,17970000,Initial
11413,5000,02/07/2018,19410000,Market Correction
11414,5000,16-02-2020,21590000,Annual Raise
11415,5000,2021-10-01,23430000,Adjustment
11416,5000,18-05-2023,25960000,Adjustment
11417,5001,05-07-2016,11000000,Initial
11418,5001,17-03-2018,11560000,
11419,5001,2019-11-27,12210000,Promotion
11420,5001,09-08-2021,13590000,Adjustment
11421,5001,21-04-2023,15130000,Promotion
11422,5002,2017-11-13,12180000,Initial
11423,5002,26/08/2019,13160000,Annual Raise
11424,5002,2021-06-08,13730000,Annual Raise
11425,5002,21/03/2023,15210000,Market Correction
11426,5003,05/05/2022,31270000,Initial
11427,5004,20-02-2016,17430000,Initial
11428,5004,28/11/2017,18900000,Promotion
11429,5004,2019-09-07,19900000,Promotion
11430,5004,15/06/2021,21780000,Annual Raise
11431,5004,25-03-2023,24110000,
11432,5005,26-12-2020,14170000,Initial
11433,5005,2022-12-29,15640000,Promotion
11434,5006,19-04-2023,26760000,Initial
11435,5007,14/02/2023,28970000,Initial
11436,5008,2017-12-15,46580000,Initial
11437,5008,19/09/2019,50810000,Adjustment
11438,5008,24-06-2021,53380000,Adjustment
11439,5008,29/03/2023,58140000,Market Correction
11440,5009,2016-07-02,24720000,Initial
11441,5009,2018-03-15,26510000,Adjustment
11442,5009,26/11/2019,28770000,Promotion
11443,5009,08/08/2021,30270000,Promotion
11444,5009,2023-04-21,33480000,
11445,5010,06-02-2019,6050000,Initial
11446,5010,2021-01-24,6350000,Market Correction
11447,5010,13-01-2023,6830000,
11448,5011,2017-10-02,35110000,Initial
11449,5011,2019-07-26,37480000,Promotion
11450,5011,2021-05-18,40790000,Annual Raise
11451,5011,2023-03-11,43110000,Promotion
11452,5012,27-01-2024,15480000,Initial
11453,5013,06/07/2024,32920000,Initial
11454,5014,2023-01-23,15930000,Initial
11455,5015,2022-09-26,29980000,Initial
11456,5016,03/07/2019,35220000,Initial
11457,5016,02/05/2021,39030000,Annual Raise
11458,5016,2023-03-03,40900000,Market Correction
11459,5017,04/02/2023,46390000,
11460,5018,16/01/2019,19880000,Initial
11461,5018,10-01-2021,20860000,Market Correction
11462,5018,06-01-2023,23170000,Market Correction
11463,5019,12/08/2024,32350000,Initial
11464,5020,19/01/2024,53180000,Initial
11465,5021,2018-11-06,11410000,Initial
11466,5021,21-05-2020,12630000,Annual Raise
11467,5021,04-12-2021,13580000,Promotion
11468,5021,2023-06-19,14460000,Market Correction
11469,5022,2021-06-03,15430000,Initial
11470,5022,2023-03-19,16360000,Annual Raise
11471,5023,2020-09-11,21510000,Initial
11472,5023,06/11/2022,22910000,
11473,5024,06/09/2021,9210000,Initial
11474,5025,20/06/2024,19330000,Initial
11475,5026,2015-02-25,18790000,Initial
11476,5026,2016-10-16,19980000,Adjustment
11477,5026,08-06-2018,22360000,Market Correction
11478,5026,29-01-2020,23510000,Promotion
11479,5026,19-09-2021,26230000,Annual Raise
11480,5026,2023-05-12,28760000,Annual Raise
11481,5027,18-09-2023,14880000,Initial
11482,5028,16/05/2016,17090000,Initial
11483,5028,05-02-2018,18560000,Promotion
11484,5028,28/10/2019,19540000,Adjustment
11485,5028,20/07/2021,21670000,Annual Raise
11486,5028,11-04-2023,22770000,Promotion
11487,5029,19/04/2022,13890000,Initial
11488,5030,2019-08-29,19350000,Initial
11489,5030,09/06/2021,21110000,Adjustment
11490,5030,22/03/2023,22850000,Adjustment
11491,5031,2017-05-24,28870000,Initial
11492,5031,2018-11-30,32040000,Adjustment
11493,5031,08-06-2020,34820000,
11494,5031,16/12/2021,37980000,Annual Raise
11495,5031,25-06-2023,40430000,Annual Raise
11496,5032,20-06-2017,16140000,Initial
11497,5032,2018-12-22,17690000,Adjustment
11498,5032,24/06/2020,19750000,Adjustment
11499,5032,27-12-2021,21410000,Annual Raise
11500,5032,2023-06-30,23440000,Annual Raise
11501,5033,03-05-2015,14330000,Initial
11502,5033,11-12-2016,15960000,Promotion
11503,5033,2018-07-23,16610000,Market Correction
11504,5033,02-03-2020,17810000,Market Correction
11505,5033,2021-10-12,19570000,Market Correction
11506,5033,2023-05-23,21840000,Promotion
11507,5034,14/12/2020,29740000,Initial
11508,5034,23/12/2022,32790000,Market Correction
11509,5035,2015-11-22,20520000,Initial
11510,5035,29/05/2017,22100000,Promotion
11511,5035,05-12-2018,24440000,Adjustment
11512,5035,12-06-2020,25500000,Market Correction
11513,5035,18/12/2021,27500000,Annual Raise
11514,5035,26-06-2023,29430000,Market Correction
11515,5036,27-07-2018,15820000,Initial
11516,5036,02/02/2020,17000000,Promotion
11517,5036,2021-08-10,18530000,Annual Raise
11518,5037,2019-11-09,11360000,Initial
11519,5037,2021-07-27,12550000,Promotion
11520,5037,15/04/2023,13450000,Adjustment
11521,5038,29/12/2017,16730000,Initial
11522,5038,30-09-2019,17700000,Promotion
11523,5038,01-07-2021,18770000,Promotion
11524,5038,2023-04-02,19630000,Annual Raise
11525,5039,19-07-2015,6130000,Initial
11526,5039,13/02/2017,6440000,Annual Raise
11527,5039,2018-09-12,7030000,Annual Raise
11528,5039,10/04/2020,7530000,Annual Raise
11529,5039,06/11/2021,8090000,Adjustment
11530,5039,05-06-2023,8720000,Promotion
11531,5040,02/10/2024,35050000,Initial
11532,5041,2023-12-08,12370000,Initial
11533,5042,10/03/2020,5450000,Initial
11534,5042,2021-10-17,5710000,Adjustment
11535,5042,2023-05-26,6370000,Promotion
11536,5043,24-07-2019,19930000,Initial
11537,5043,16-05-2021,22190000,Adjustment
11538,5043,10-03-2023,24030000,Promotion
11539,5044,11/09/2015,23510000,Initial
11540,5044,30/03/2017,25750000,Annual Raise
11541,5044,2018-10-18,28120000,Market Correction
11542,5044,2020-05-07,30600000,Adjustment
11543,5044,24/11/2021,33000000,Annual Raise
11544,5044,14-06-2023,36100000,Market Correction
11545,5045,22/02/2024,19580000,Initial
11546,5046,26/08/2018,22760000,Initial
11547,5046,28-03-2020,24910000,Market Correction
11548,5046,29-10-2021,27330000,Adjustment
11549,5046,01-06-2023,29820000,Adjustment
11550,5047,2015-04-14,33690000,Initial
11551,5047,25-11-2016,35760000,Market Correction
11552,5047,2018-07-10,38460000,Market Correction
11553,5047,2020-02-22,41110000,Promotion
11554,5047,2021-10-05,44900000,Market Correction
11555,5047,2023-05-20,48710000,Promotion
11556,5048,07-03-2023,20670000,Initial
11557,5049,2016-05-06,9360000,Initial
11558,5049,28-01-2018,10080000,Adjustment
11559,5049,22/10/2019,11130000,Annual Raise
11560,5049,16/07/2021,12350000,Market Correction
11561,5049,2023-04-09,13790000,Promotion
11562,5050,17/08/2023,19960000,Initial
11563,5051,17-07-2020,18290000,Initial
11564,5051,09/10/2022,20340000,Promotion
11565,5052,2019-03-29,31880000,Initial
11566,5052,2021-02-27,34060000,Adjustment
11567,5052,2023-01-30,35910000,Promotion
11568,5053,21/12/2016,23380000,Initial
11569,5053,30-07-2018,25940000,Market Correction
11570,5053,2020-03-08,28430000,Adjustment
11571,5053,2021-10-15,29760000,Market Correction
11572,5053,25/05/2023,32230000,Annual Raise
11573,5054,15-06-2021,27560000,Initial
11574,5054,25/03/2023,30660000,Annual Raise
11575,5055,07/06/2016,15960000,Initial
11576,5055,2018-02-23,17530000,Promotion
11577,5055,2019-11-11,19550000,
11578,5055,29-07-2021,21660000,Promotion
11579,5055,2023-04-16,23000000,Annual Raise
11580,5056,19-08-2017,14150000,Initial
11581,5057,2017-07-18,37630000,Initial
11582,5057,2019-05-30,40140000,Promotion
11583,5057,2021-04-10,42730000,Promotion
11584,5057,2023-02-20,46310000,Adjustment
11585,5058,06/01/2015,39230000,Initial
11586,5058,2016-09-05,43350000,Annual Raise
11587,5058,06-05-2018,45740000,Adjustment
11588,5058,04/01/2020,50690000,Market Correction
11589,5058,2021-09-03,56160000,Market Correction
11590,5058,04-05-2023,60760000,
11591,5059,2023-10-08,16400000,Initial
11592,5060,2015-12-23,8950000,Initial
11593,5060,24/06/2017,9690000,Annual Raise
11594,5060,2018-12-26,10820000,Promotion
11595,5060,2020-06-27,11310000,Adjustment
11596,5060,2021-12-29,11980000,Annual Raise
11597,5060,01-07-2023,12670000,Adjustment
11598,5061,20/07/2015,23780000,Initial
11599,5061,14/02/2017,25240000,Annual Raise
11600,5061,13-09-2018,27250000,
11601,5061,2020-04-10,29250000,Annual Raise
11602,5061,2021-11-07,31020000,Promotion
11603,5061,05-06-2023,33750000,Annual Raise
11604,5062,2019-05-13,18330000,Initial
11605,5062,2021-03-29,19970000,Adjustment
11606,5062,14-02-2023,21490000,Annual Raise
11607,5063,2024-04-21,23280000,Initial
11608,5064,05-07-2020,31380000,Initial
11609,5064,03-10-2022,32680000,Market Correction
11610,5065,05-04-2021,14210000,Initial
11611,5065,17/02/2023,15160000,Market Correction
11612,5066,19-08-2024,28680000,Initial
11613,5067,2020-12-27,33640000,Initial
11614,5067,30/12/2022,35300000,Market Correction
11615,5068,2019-12-18,7140000,Initial
11616,5068,22-08-2021,7970000,Annual Raise
11617,5068,28/04/2023,8320000,Annual Raise
11618,5069,30/09/2022,30920000,Initial
11619,5070,2022-02-12,36670000,Initial
11620,5071,18/11/2018,13470000,Initial
11621,5071,30-05-2020,14190000,Promotion
11622,5071,10/12/2021,15530000,Promotion
11623,5071,2023-06-22,16730000,Promotion
11624,5072,17/01/2023,19360000,Initial
11625,5073,01-01-2017,14930000,Initial
11626,5073,08-08-2018,15730000,
11627,5073,14-03-2020,17330000,Adjustment
11628,5073,20-10-2021,19320000,Adjustment
11629,5073,27-05-2023,20390000,Market Correction
11630,5074,2017-01-19,14590000,Initial
11631,5074,22/08/2018,15840000,Annual Raise
11632,5074,25-03-2020,17360000,Market Correction
11633,5074,2021-10-27,19180000,Promotion
11634,5074,2023-05-31,20660000,Market Correction
11635,5075,2017-05-14,11190000,
11636,5075,22-11-2018,11930000,Annual Raise
11637,5075,2020-06-02,13030000,Adjustment
11638,5075,2021-12-12,13860000,Promotion
11639,5075,23-06-2023,15050000,Market Correction
11640,5076,05/05/2024,10720000,Initial
11641,5077,01-10-2015,23130000,Initial
11642,5077,2017-04-16,24650000,Market Correction
11643,5077,31-10-2018,26200000,Adjustment
11644,5077,17/05/2020,28590000,Adjustment
11645,5077,01/12/2021,31860000,Adjustment
11646,5077,17-06-2023,34690000,Adjustment
11647,5078,2019-06-14,39580000,Initial
11648,5078,2021-04-20,41810000,Promotion
11649,5078,2023-02-25,44840000,Annual Raise
11650,5079,26/01/2015,15050000,Initial
11651,5079,2016-09-21,16790000,Promotion
11652,5079,2018-05-19,17630000,Promotion
11653,5079,2020-01-14,18380000,Adjustment
11654,5079,09-09-2021,20550000,Promotion
11655,5079,07-05-2023,21890000,Adjustment
11656,5080,29-08-2023,21110000,Initial
11657,5081,19-06-2017,33690000,Initial
11658,5081,2018-12-21,36850000,Market Correction
11659,5081,24/06/2020,39040000,Promotion
11660,5081,26-12-2021,41230000,Annual Raise
11661,5081,30/06/2023,43690000,Promotion
11662,5082,2020-09-14,29960000,Initial
11663,5082,08/11/2022,33090000,Market Correction
11664,5083,14-05-2022,14340000,Initial
11665,5084,13/11/2023,28260000,Initial
11666,5085,2023-12-18,28070000,
11667,5086,20-10-2019,11510000,Initial
11668,5086,14/07/2021,12880000,Promotion
11669,5086,08/04/2023,13680000,Market Correction
11670,5087,13-09-2018,19620000,Initial
11671,5087,2020-04-10,20680000,Annual Raise
11672,5087,07-11-2021,23020000,Adjustment
11673,5087,05-06-2023,24810000,Adjustment
11674,5088,18-06-2021,14540000,Initial
11675,5088,2023-03-26,15740000,Annual Raise
11676,5089,21-01-2020,12840000,Initial
11677,5089,2021-09-14,13470000,Promotion
11678,5089,2023-05-09,14500000,Annual Raise
11679,5090,2020-05-08,27780000,
11680,5090,2021-11-25,29580000,Annual Raise
11681,5090,14-06-2023,30940000,Annual Raise
11682,5091,16/11/2019,11640000,Initial
11683,5091,2021-08-01,12960000,Promotion
11684,5091,17-04-2023,13500000,Market Correction
11685,5092,2016-01-29,13500000,Initial
11686,5092,11-11-2017,14940000,Market Correction
11687,5092,25-08-2019,15630000,Annual Raise
11688,5092,2021-06-07,16800000,Adjustment
11689,5092,21/03/2023,17520000,Annual Raise
11690,5093,28/10/2015,26970000,Initial
11691,5093,08/05/2017,28700000,Promotion
11692,5093,18/11/2018,30500000,Market Correction
11693,5093,30/05/2020,31930000,Annual Raise
11694,5093,10-12-2021,33270000,Market Correction
11695,5093,22-06-2023,36110000,Annual Raise
11696,5094,2021-12-15,16640000,Initial
11697,5094,24-06-2023,17930000,Annual Raise
11698,5095,21/07/2019,53620000,Initial
11699,5095,06/04/2021,60020000,Adjustment
11700,5096,2019-10-13,34910000,Initial
11701,5096,09/07/2021,38060000,Market Correction
11702,5096,06/04/2023,41470000,Annual Raise
11703,5097,24/06/2016,18400000,Initial
11704,5097,08/03/2018,20310000,Annual Raise
11705,5097,2019-11-21,21470000,Annual Raise
11706,5097,04-08-2021,23780000,Promotion
11707,5097,2023-04-19,26420000,Adjustment
11708,5098,29-02-2020,14130000,Initial
11709,5098,2021-10-10,15230000,Market Correction
11710,5098,22-05-2023,16680000,
11711,5099,2022-04-11,17200000,Initial
11712,5100,28/01/2022,18560000,Initial
11713,5101,2016-04-17,24750000,Initial
11714,5101,13-01-2018,26230000,Adjustment
11715,5101,11-10-2019,28120000,Market Correction
11716,5101,08/07/2021,29800000,Market Correction
11717,5101,05/04/2023,31150000,Promotion
11718,5102,18/06/2018,7560000,Initial
11719,5102,05-02-2020,8230000,Adjustment
11720,5102,24/09/2021,8830000,Annual Raise
11721,5102,2023-05-14,9480000,Annual Raise
11722,5103,2017-01-14,15220000,Initial
11723,5103,18/08/2018,16610000,Promotion
11724,5103,22-03-2020,17920000,Adjustment
11725,5103,25/10/2021,18740000,Annual Raise
11726,5103,2023-05-30,19590000,Adjustment
11727,5104,28/07/2021,23100000,Initial
11728,5105,20/01/2018,9640000,Initial
11729,5105,16/10/2019,10690000,Annual Raise
11730,5105,12/07/2021,11470000,Promotion
11731,5105,07-04-2023,12400000,Annual Raise
11732,5106,2020-05-19,20150000,Initial
11733,5107,09/06/2019,62220000,Initial
11734,5107,2021-04-16,66600000,Annual Raise
11735,5107,2023-02-23,71740000,Annual Raise
11736,5108,2020-07-26,19950000,Initial
11737,5108,2022-10-14,21340000,Annual Raise
11738,5109,21-06-2018,13200000,Initial
11739,5109,07/02/2020,14510000,Adjustment
11740,5109,26/09/2021,15450000,Annual Raise
11741,5109,15-05-2023,16370000,Adjustment
11742,5110,29-04-2019,14520000,Initial
11743,5110,20-03-2021,15710000,Annual Raise
11744,5110,2023-02-09,17360000,Promotion
11745,5111,18/11/2017,27960000,Initial
11746,5111,30/08/2019,29860000,Promotion
11747,5111,10/06/2021,31990000,Adjustment
11748,5111,22-03-2023,33730000,
11749,5112,16-12-2018,33080000,Initial
11750,5112,20/06/2020,35100000,Market Correction
11751,5112,2021-12-24,38450000,Annual Raise
11752,5112,29-06-2023,42550000,Adjustment
11753,5113,2021-08-08,35860000,Initial
11754,5113,21/04/2023,38640000,Adjustment
11755,5114,17-03-2020,8660000,Initial
11756,5114,21/10/2021,9020000,Market Correction
11757,5114,28-05-2023,9720000,Annual Raise
11758,5115,16/07/2016,30290000,Initial
11759,5115,26/03/2018,33630000,Adjustment
11760,5115,04/12/2019,35540000,Market Correction
11761,5115,13/08/2021,39440000,Annual Raise
11762,5115,23/04/2023,42440000,Adjustment
11763,5116,2015-07-22,18100000,Initial
11764,5116,16/02/2017,19830000,Annual Raise
11765,5116,14-09-2018,21860000,Market Correction
11766,5116,11/04/2020,23540000,
11767,5116,07-11-2021,25790000,Annual Raise
11768,5116,05-06-2023,27070000,Adjustment
11769,5117,2017-01-04,20170000,Initial
11770,5117,10/08/2018,22080000,Market Correction
11771,5117,16/03/2020,24060000,Promotion
11772,5117,2021-10-21,26500000,Annual Raise
11773,5117,28-05-2023,28690000,Annual Raise
11774,5118,2020-03-10,18140000,Initial
11775,5118,2021-10-17,19790000,Promotion
11776,5118,26-05-2023,20870000,Annual Raise
11777,5119,17/11/2015,26170000,Initial
11778,5119,25/05/2017,28320000,Adjustment
11779,5119,2018-12-02,29850000,Adjustment
11780,5119,09-06-2020,31080000,Market Correction
11781,5119,2021-12-17,33970000,Adjustment
11782,5119,2023-06-25,37000000,Adjustment
11783,5120,10-11-2021,20240000,Initial
11784,5120,07/06/2023,22030000,Market Correction
11785,5121,12-10-2017,24350000,Initial
11786,5121,02/08/2019,26150000,Promotion
11787,5121,23-05-2021,28600000,Promotion
11788,5121,13-03-2023,30830000,Market Correction
11789,5122,11-05-2023,5720000,Initial
11790,5123,2023-11-17,11090000,Initial
11791,5124,12/06/2023,36610000,Initial
11792,5125,03/02/2018,33200000,Initial
11793,5125,27/10/2019,35140000,Adjustment
11794,5125,19-07-2021,37050000,Market Correction
11795,5125,11-04-2023,40850000,Adjustment
11796,5126,01/11/2024,18180000,Initial
11797,5127,2016-08-21,26920000,Initial
11798,5127,2018-06-04,28110000,Annual Raise
11799,5127,18-03-2020,29850000,Market Correction
11800,5127,30-12-2021,32010000,Adjustment
11801,5128,15/10/2021,13540000,Initial
11802,5128,25-05-2023,14430000,Annual Raise
11803,5129,2016-02-13,14920000,Initial
11804,5129,23-11-2017,16080000,Promotion
11805,5129,03-09-2019,17050000,Promotion
11806,5129,13/06/2021,18660000,Market Correction
11807,5129,24-03-2023,20690000,Adjustment
11808,5130,12-06-2016,19710000,Initial
11809,5131,15-05-2020,4730000,Initial
11810,5131,30-11-2021,5000000,Adjustment
11811,5131,2023-06-17,5590000,Market Correction
11812,5132,2022-01-25,18960000,Initial
11813,5133,23/12/2023,13400000,Initial
11814,5134,2015-06-25,22070000,Initial
11815,5134,24-01-2017,24450000,Annual Raise
11816,5134,27/08/2018,25620000,Promotion
11817,5134,29-03-2020,28310000,Promotion
11818,5134,2021-10-29,31470000,Annual Raise
11819,5134,01-06-2023,34250000,Promotion
11820,5135,12/04/2019,39730000,Initial
11821,5135,09-03-2021,42730000,Market Correction
11822,5135,04/02/2023,46260000,Adjustment
11823,5136,2021-05-09,14050000,Initial
11824,5137,12/03/2016,6100000,Initial
11825,5138,27-09-2018,13590000,Initial
11826,5138,2020-04-21,14790000,Annual Raise
11827,5138,14/11/2021,15950000,Promotion
11828,5138,09/06/2023,17140000,Market Correction
11829,5139,18-02-2017,17350000,Initial
11830,5139,2018-09-15,18450000,Adjustment
11831,5139,12/04/2020,20410000,Annual Raise
11832,5139,08-11-2021,22270000,Annual Raise
11833,5139,06/06/2023,24520000,Market Correction
11834,5140,10-01-2015,9940000,Initial
11835,5140,08-09-2016,11090000,Annual Raise
11836,5140,08-05-2018,12290000,Promotion
11837,5140,2020-01-06,13120000,Promotion
11838,5140,2021-09-04,14550000,Market Correction
11839,5140,2023-05-04,16020000,Market Correction
11840,5141,07/06/2021,25680000,Initial
11841,5141,2023-03-21,27140000,Adjustment
11842,5142,13/03/2021,26390000,Initial
11843,5143,25/06/2017,9140000,Initial
11844,5144,18/04/2017,31100000,Initial
11845,5144,2018-11-02,32860000,Promotion
11846,5144,18-05-2020,34950000,Annual Raise
11847,5144,2021-12-02,37860000,Annual Raise
11848,5144,18-06-2023,42000000,Adjustment
11849,5145,2016-10-07,16740000,Initial
11850,5145,31/05/2018,18180000,Market Correction
11851,5145,23-01-2020,19840000,Market Correction
11852,5145,15-09-2021,21510000,Promotion
11853,5145,10-05-2023,22800000,
11854,5146,09/03/2017,16610000,Initial
11855,5146,01-10-2018,17720000,Annual Raise
11856,5146,2020-04-24,18770000,Annual Raise
11857,5146,2021-11-16,20550000,Annual Raise
11858,5146,10-06-2023,22130000,Market Correction
11859,5147,01-05-2017,14710000,Initial
11860,5147,2018-11-12,15740000,Adjustment
11861,5147,25-05-2020,17610000,Adjustment
11862,5147,2021-12-07,19460000,Market Correction
11863,5147,20/06/2023,21640000,Annual Raise
11864,5148,2023-01-04,14600000,Initial
11865,5149,06-10-2023,5510000,Initial
11866,5150,2022-12-21,11990000,Initial
11867,5151,2019-04-12,13110000,Initial
11868,5151,09-03-2021,14640000,Promotion
11869,5151,04/02/2023,16310000,Adjustment
11870,5152,02-04-2022,28660000,Initial
11871,5153,21-09-2015,16400000,Initial
11872,5153,08-04-2017,18310000,Promotion
11873,5153,2018-10-25,20260000,Market Correction
11874,5153,12-05-2020,21630000,Annual Raise
11875,5153,2021-11-28,23280000,Market Correction
11876,5153,16-06-2023,24300000,Adjustment
11877,5154,01/05/2017,51290000,Initial
11878,5154,2018-11-12,57010000,Annual Raise
11879,5154,25/05/2020,61460000,Annual Raise
11880,5154,07-12-2021,67100000,Adjustment
11881,5154,20/06/2023,69870000,Market Correction
11882,5155,2015-07-12,77630000,Initial
11883,5155,20-03-2017,82690000,Adjustment
11884,5155,28/11/2018,87200000,Market Correction
11885,5155,2020-08-06,92950000,Market Correction
11886,5156,20-05-2019,29560000,Initial
11887,5156,03-04-2021,32400000,Adjustment
11888,5156,2023-02-16,33900000,Market Correction
11889,5157,2017-03-25,33490000,Initial
11890,5157,13/10/2018,36250000,Adjustment
11891,5157,2020-05-03,40180000,Adjustment
11892,5157,2021-11-22,44170000,Annual Raise
11893,5157,13/06/2023,48780000,
11894,5158,2015-02-08,32120000,Initial
11895,5159,01-06-2017,13660000,Initial
11896,5159,07-12-2018,14610000,Annual Raise
11897,5159,2020-06-13,15600000,Promotion
11898,5159,19-12-2021,17320000,Market Correction
11899,5159,2023-06-26,19000000,Annual Raise
11900,5160,19-03-2017,19890000,Initial
11901,5160,09/10/2018,22160000,Annual Raise
11902,5160,2020-04-30,23390000,Annual Raise
11903,5160,2021-11-20,25410000,Market Correction
11904,5160,12-06-2023,27060000,Market Correction
11905,5161,08-07-2022,14530000,Initial
11906,5162,28/11/2019,20580000,Initial
11907,5162,09/08/2021,21790000,Annual Raise
11908,5162,21-04-2023,24400000,Annual Raise
11909,5163,03-06-2023,15780000,Initial
11910,5164,11/12/2016,16960000,Initial
11911,5164,22/07/2018,17990000,Market Correction
11912,5164,02/03/2020,18760000,Market Correction
11913,5164,11/10/2021,20930000,Promotion
11914,5164,23/05/2023,22790000,Market Correction
11915,5165,09-12-2016,21840000,Initial
11916,5165,21-07-2018,23420000,Adjustment
11917,5165,01/03/2020,25150000,Adjustment
11918,5165,11-10-2021,26830000,Promotion
11919,5165,2023-05-23,29000000,Promotion
11920,5166,2024-02-25,12900000,Initial
11921,5167,2023-01-14,32240000,Initial
11922,5168,21-02-2020,24410000,Initial
11923,5168,06-01-2022,26880000,Annual Raise
11924,5169,08/01/2016,8870000,Initial
11925,5169,2017-10-25,9880000,Market Correction
11926,5169,12/08/2019,10370000,Annual Raise
11927,5169,29-05-2021,11410000,Annual Raise
11928,5169,16/03/2023,11980000,Annual Raise
11929,5170,13-04-2018,26000000,Initial
11930,5170,2019-11-03,28700000,Market Correction
11931,5170,2021-05-26,31050000,Annual Raise
11932,5171,2024-04-28,48510000,Initial
11933,5172,29-04-2024,13690000,Initial
11934,5173,08/08/2018,9950000,Initial
11935,5173,14-03-2020,10860000,Market Correction
11936,5173,20-10-2021,12070000,Annual Raise
11937,5173,27-05-2023,12600000,Annual Raise
11938,5174,2017-12-16,12390000,Initial
11939,5174,20/06/2019,13160000,Adjustment
11940,5174,22-12-2020,14330000,Annual Raise
11941,5175,23/09/2016,36570000,Initial
11942,5175,20-05-2018,40280000,Promotion
11943,5175,14-01-2020,41900000,Annual Raise
11944,5175,10-09-2021,43590000,
11945,5175,07/05/2023,47190000,Adjustment
11946,5176,2020-09-02,13680000,Initial
11947,5176,02/11/2022,15270000,Adjustment
11948,5177,18/09/2021,49470000,Initial
11949,5177,20-04-2023,54150000,Annual Raise
11950,5178,2019-04-28,12370000,Initial
11951,5178,2021-03-19,13450000,Adjustment
11952,5178,09/02/2023,14350000,Adjustment
11953,5179,08-09-2020,26980000,Initial
11954,5179,2022-11-05,30020000,Market Correction
11955,5180,17-10-2017,26400000,Initial
11956,5180,06-08-2019,28190000,Market Correction
11957,5180,25-05-2021,29520000,Adjustment
11958,5180,2023-03-14,32180000,Promotion
11959,5181,2023-11-28,16650000,Initial
11960,5182,03-05-2016,38280000,
11961,5182,26/01/2018,42360000,Promotion
11962,5182,2019-10-21,45910000,Promotion
11963,5182,15-07-2021,48660000,Adjustment
11964,5182,2023-04-09,51870000,Market Correction
11965,5183,2022-09-20,15600000,Initial
11966,5184,05-02-2020,17300000,Initial
11967,5184,24-09-2021,19370000,Adjustment
11968,5184,14-05-2023,20650000,Adjustment
11969,5185,13-12-2023,26370000,Initial
11970,5186,29/02/2016,11410000,Initial
11971,5186,05-12-2017,12550000,
11972,5186,12-09-2019,13350000,Promotion
11973,5186,2021-06-19,14400000,Annual Raise
11974,5186,27-03-2023,15650000,Market Correction
11975,5187,30/12/2016,18890000,Initial
11976,5187,06/08/2018,20120000,Annual Raise
11977,5187,13/03/2020,21170000,Promotion
11978,5187,19-10-2021,22330000,Promotion
11979,5187,2023-05-27,24860000,Adjustment
11980,5188,16/07/2020,26020000,
11981,5189,2023-05-24,27890000,Initial
11982,5190,31/10/2016,11770000,Initial
11983,5190,13-09-2018,13070000,Promotion
11984,5191,22-12-2016,31220000,Initial
11985,5191,2018-07-31,34000000,Annual Raise
11986,5191,08-03-2020,36640000,
11987,5191,16-10-2021,39280000,Adjustment
11988,5191,25/05/2023,43010000,Promotion
11989,5192,2021-08-18,8680000,Initial
11990,5192,26-04-2023,9530000,Market Correction
11991,5193,2017-03-10,18090000,Initial
11992,5193,2018-10-01,19940000,Market Correction
11993,5193,2020-04-24,21580000,Adjustment
11994,5193,16/11/2021,23310000,Promotion
11995,5193,10-06-2023,24400000,Market Correction
11996,5194,08/04/2017,22920000,Initial
11997,5194,25/10/2018,24300000,Annual Raise
11998,5194,12-05-2020,26760000,Market Correction
11999,5194,28/11/2021,29420000,Market Correction
12000,5194,16-06-2023,32200000,Promotion
12001,5195,02/06/2018,12490000,Initial
12002,5195,24-01-2020,13830000,Annual Raise
12003,5195,16/09/2021,14910000,Market Correction
12004,5195,10/05/2023,15550000,Promotion
12005,5196,18-02-2015,20110000,Initial
12006,5196,2016-10-10,22000000,Adjustment
12007,5196,03/06/2018,23000000,Market Correction
12008,5196,25/01/2020,25350000,Promotion
12009,5196,2021-09-17,28040000,Adjustment
12010,5196,11-05-2023,29250000,
12011,5197,24/08/2024,12830000,Initial
12012,5198,2015-10-20,13010000,Initial
12013,5198,02/05/2017,14320000,Promotion
12014,5198,13/11/2018,15970000,Promotion
12015,5198,2020-05-26,16830000,Adjustment
12016,5198,07/12/2021,17780000,Market Correction
12017,5198,20-06-2023,18760000,Adjustment
12018,5199,28/07/2020,32780000,Initial
12019,5199,15/10/2022,34940000,Promotion
12020,5200,2019-10-16,24880000,Initial
12021,5200,11/07/2021,27720000,Promotion
12022,5200,07/04/2023,30550000,Market Correction
12023,5201,24-08-2019,25750000,Initial
12024,5201,2021-06-06,28650000,Market Correction
12025,5201,2023-03-20,30970000,Market Correction
12026,5202,2020-04-26,42980000,Initial
12027,5202,17-11-2021,46010000,Annual Raise
12028,5202,2023-06-10,48420000,Adjustment
12029,5203,2021-05-12,68580000,Initial
12030,5203,08/03/2023,73880000,Annual Raise
12031,5204,01-12-2018,17580000,Initial
12032,5204,2020-06-08,18590000,Promotion
12033,5204,2021-12-16,20250000,Adjustment
12034,5204,2023-06-25,21560000,Promotion
12035,5205,24/04/2015,19300000,Initial
12036,5205,04/12/2016,20750000,Annual Raise
12037,5205,2018-07-17,22210000,Market Correction
12038,5205,2020-02-27,24220000,Market Correction
12039,5205,09-10-2021,25900000,Market Correction
12040,5205,2023-05-22,27540000,Annual Raise
12041,5206,2016-09-10,19240000,Initial
12042,5206,10-05-2018,20870000,Market Correction
12043,5206,2020-01-07,21920000,
12044,5206,2021-09-05,23780000,Adjustment
12045,5206,05-05-2023,25870000,Adjustment
12046,5207,13-06-2017,18340000,Initial
12047,5207,25/03/2019,20280000,Annual Raise
12048,5207,04-01-2021,21440000,Market Correction
12049,5207,2022-10-16,23470000,Promotion
12050,5208,10/08/2017,12460000,Initial
12051,5208,2019-06-16,13590000,Adjustment
12052,5208,21-04-2021,15080000,Market Correction
12053,5208,25-02-2023,15950000,Promotion
12054,5209,30/03/2022,22270000,Initial
12055,5210,2015-06-25,15890000,Initial
12056,5210,2017-01-24,16730000,Annual Raise
12057,5210,27/08/2018,17700000,Annual Raise
12058,5210,2020-03-29,19620000,Market Correction
12059,5210,29/10/2021,20480000,Promotion
12060,5210,2023-06-01,22120000,Adjustment
12061,5211,28/12/2021,18330000,Initial
12062,5211,01-07-2023,19110000,
12063,5212,02/02/2016,19070000,Initial
12064,5212,14/11/2017,20160000,Market Correction
12065,5212,27-08-2019,21760000,
12066,5212,08/06/2021,23320000,Adjustment
12067,5212,21/03/2023,24670000,Adjustment
12068,5213,28-06-2015,14670000,
12069,5213,27/01/2017,15810000,Market Correction
12070,5213,29-08-2018,16690000,Adjustment
12071,5213,2020-03-30,18270000,Market Correction
12072,5213,30-10-2021,20050000,Promotion
12073,5213,01/06/2023,20890000,Market Correction
12074,5214,25/11/2022,31670000,Initial
12075,5215,25/12/2016,11200000,Initial
12076,5215,2018-08-02,11880000,Annual Raise
12077,5215,2020-03-10,12570000,Annual Raise
12078,5215,2021-10-17,13370000,Adjustment
12079,5215,2023-05-26,14560000,Adjustment
12080,5216,09/10/2023,17850000,Initial
12081,5217,23/12/2022,35010000,Initial
12082,5218,03/01/2021,18460000,Initial
12083,5218,02-01-2023,19640000,Adjustment
12084,5219,01-03-2016,40680000,Initial
12085,5219,06/12/2017,44940000,Market Correction
12086,5219,2019-09-13,48410000,Annual Raise
12087,5219,2021-06-19,51670000,
12088,5219,27/03/2023,55550000,Promotion
12089,5220,2021-03-28,12970000,Initial
12090,5220,13-02-2023,14320000,Adjustment
12091,5221,31/05/2023,26380000,Initial
12092,5222,2016-12-28,18630000,Initial
12093,5222,05-08-2018,20140000,Promotion
12094,5222,12/03/2020,21280000,Market Correction
12095,5222,18/10/2021,23600000,Annual Raise
12096,5222,26-05-2023,26070000,Market Correction
12097,5223,2019-12-17,12530000,Initial
12098,5223,2021-08-22,13750000,Market Correction
12099,5223,28-04-2023,14470000,Promotion
12100,5224,03-11-2020,20980000,Initial
12101,5224,03-12-2022,22000000,Adjustment
12102,5225,28-02-2018,25080000,Initial
12103,5225,14-11-2019,26360000,Adjustment
12104,5225,31-07-2021,28360000,Promotion
12105,5225,17-04-2023,30570000,Annual Raise
12106,5226,2021-09-06,14860000,Initial
12107,5226,05-05-2023,16480000,Adjustment
12108,5227,2016-04-02,16880000,Initial
12109,5227,01/01/2018,18420000,Annual Raise
12110,5227,02/10/2019,19830000,Promotion
12111,5227,2021-07-02,21010000,Market Correction
12112,5227,02/04/2023,22060000,
12113,5228,2017-01-03,17740000,Initial
12114,5229,06-07-2015,24310000,Initial
12115,5229,2017-02-02,26890000,Annual Raise
12116,5229,2018-09-03,29860000,Annual Raise
12117,5229,03/04/2020,32180000,Annual Raise
12118,5229,02-11-2021,35880000,Annual Raise
12119,5229,03-06-2023,37570000,Annual Raise
12120,5230,04-12-2023,12000000,Initial
12121,5231,04-01-2016,21280000,
12122,5231,22-10-2017,22970000,Annual Raise
12123,5231,10-08-2019,25020000,Adjustment
12124,5231,28-05-2021,26190000,Market Correction
12125,5231,16/03/2023,29230000,Annual Raise
12126,5232,2021-08-05,14380000,Initial
12127,5232,19/04/2023,15100000,Market Correction
12128,5233,23/04/2022,13180000,Initial
12129,5234,2015-08-22,10670000,Initial
12130,5234,14-03-2017,11650000,Annual Raise
12131,5234,2018-10-05,12480000,Market Correction
12132,5234,27/04/2020,13660000,Promotion
12133,5234,18-11-2021,14900000,Adjustment
12134,5234,2023-06-11,15960000,Adjustment
12135,5235,2023-04-09,36380000,Initial
12136,5236,23/01/2015,15340000,Initial
12137,5236,19-09-2016,16280000,Annual Raise
12138,5236,17-05-2018,17090000,Promotion
12139,5236,12-01-2020,18700000,Annual Raise
12140,5236,08-09-2021,19880000,Promotion
12141,5236,06-05-2023,22200000,Annual Raise
12142,5237,2017-03-03,12420000,
12143,5237,2018-09-26,13910000,Annual Raise
12144,5237,2020-04-20,15160000,Promotion
12145,5237,13-11-2021,16140000,Promotion
12146,5237,2023-06-08,17970000,Adjustment
12147,5238,10-08-2018,9840000,Initial
12148,5238,16-03-2020,10850000,Market Correction
12149,5238,21/10/2021,11680000,Annual Raise
12150,5238,28-05-2023,12510000,Market Correction
12151,5239,2017-09-27,18510000,Initial
12152,5239,22/07/2019,19300000,Market Correction
12153,5239,15/05/2021,20110000,Promotion
12154,5239,2023-03-09,22130000,Promotion
12155,5240,26/12/2018,12720000,Initial
12156,5240,27/06/2020,14130000,Promotion
12157,5240,29-12-2021,15200000,Annual Raise
12158,5240,2023-07-01,16370000,Annual Raise
12159,5241,27-05-2022,28530000,Initial
12160,5242,19-06-2019,38680000,Initial
12161,5242,2021-04-23,40930000,Adjustment
12162,5242,26/02/2023,43810000,
12163,5243,25-06-2023,33680000,Initial
12164,5244,18-06-2024,15850000,Initial
12165,5245,20/07/2022,23690000,Initial
12166,5246,28-07-2019,17980000,Initial
12167,5246,19/05/2021,19340000,Annual Raise
12168,5246,2023-03-11,21420000,Market Correction
12169,5247,2024-11-26,41300000,Initial
12170,5248,2016-12-26,33750000,Initial
12171,5248,03-08-2018,35840000,Market Correction
12172,5248,11/03/2020,38580000,Promotion
12173,5248,17-10-2021,41610000,Market Correction
12174,5248,2023-05-26,43690000,Adjustment
12175,5249,18-09-2023,30930000,Initial
12176,5250,2017-04-03,11370000,Initial
12177,5250,21-10-2018,12140000,Adjustment
12178,5250,2020-05-09,12970000,Market Correction
12179,5250,2021-11-26,13830000,Annual Raise
12180,5250,15-06-2023,14710000,Promotion
12181,5251,19/07/2022,28590000,Initial
12182,5252,2018-12-01,19770000,Initial
12183,5252,08-06-2020,21240000,Promotion
12184,5252,16-12-2021,22400000,Annual Raise
12185,5252,25/06/2023,23620000,Promotion
12186,5253,04/12/2020,24070000,Initial
12187,5253,18/12/2022,25300000,Promotion
12188,5254,2019-07-22,41360000,Initial
12189,5254,15/05/2021,45110000,Annual Raise
12190,5254,2023-03-09,47760000,Market Correction
12191,5255,19-04-2022,27230000,Initial
12192,5256,26-01-2015,36560000,Initial
12193,5256,21/09/2016,39630000,Promotion
12194,5256,19-05-2018,42810000,Annual Raise
12195,5256,14/01/2020,46570000,Market Correction
12196,5256,2021-09-09,49740000,Adjustment
12197,5256,07-05-2023,55670000,Annual Raise
12198,5257,10/10/2017,14070000,Initial
12199,5257,01-08-2019,15100000,Market Correction
12200,5257,22/05/2021,16270000,Market Correction
12201,5257,13/03/2023,17060000,Annual Raise
12202,5258,06/08/2019,14910000,Initial
12203,5258,02-04-2021,15640000,Promotion
12204,5259,2021-07-01,13950000,Initial
12205,5259,02-04-2023,15530000,Annual Raise
12206,5260,04/12/2018,28630000,Initial
12207,5260,11/06/2020,29780000,Promotion
12208,5260,18-12-2021,30980000,Promotion
12209,5260,26/06/2023,33870000,Market Correction
12210,5261,2023-01-12,28740000,Initial
12211,5262,2019-02-18,15930000,Initial
12212,5262,01/02/2021,17410000,Adjustment
12213,5262,17/01/2023,19020000,
12214,5263,10-11-2021,21360000,Initial
12215,5263,07-06-2023,22210000,Market Correction
12216,5264,18-08-2018,23880000,Initial
12217,5264,2020-03-22,25050000,
12218,5264,25-10-2021,26970000,Market Correction
12219,5264,30/05/2023,28780000,Promotion
12220,5265,2018-11-07,34000000,Initial
12221,5265,2020-05-21,37750000,Adjustment
12222,5265,2021-12-04,40900000,Annual Raise
12223,5265,19/06/2023,45080000,Market Correction
12224,5266,17/01/2022,27170000,Initial
12225,5267,30/06/2021,18170000,Initial
12226,5267,01/04/2023,19450000,Market Correction
12227,5268,07-08-2016,24520000,Initial
12228,5268,12/04/2018,26770000,Market Correction
12229,5268,17-12-2019,29420000,Adjustment
12230,5268,22/08/2021,32780000,Annual Raise
12231,5268,28-04-2023,35690000,Promotion
12232,5269,15-09-2015,20820000,Initial
12233,5269,03-04-2017,23290000,Promotion
12234,5269,21/10/2018,24510000,Promotion
12235,5269,09/05/2020,27110000,Annual Raise
12236,5269,26-11-2021,29250000,Promotion
12237,5269,15/06/2023,32020000,Promotion
12238,5270,2015-03-30,10330000,Initial
12239,5270,13/11/2016,11220000,Adjustment
12240,5270,2018-06-30,12260000,Promotion
12241,5270,2020-02-14,13530000,Promotion
12242,5270,2021-09-30,14620000,Market Correction
12243,5270,2023-05-17,15630000,Market Correction
12244,5271,11/06/2018,28560000,Initial
12245,5271,31/01/2020,30920000,Annual Raise
12246,5271,21/09/2021,34360000,Promotion
12247,5271,13-05-2023,36730000,Market Correction
12248,5272,09-09-2022,34570000,Initial
12249,5273,05-11-2015,17890000,Initial
12250,5273,2017-05-15,18780000,Promotion
12251,5273,2018-11-24,19650000,Market Correction
12252,5273,03-06-2020,21200000,Adjustment
12253,5273,2021-12-13,22180000,Adjustment
12254,5273,23-06-2023,24240000,Promotion
12255,5274,05/04/2016,12580000,Initial
12256,5274,2018-01-03,13640000,Promotion
12257,5274,04-10-2019,14870000,Adjustment
12258,5274,2021-07-03,15790000,Promotion
12259,5274,03/04/2023,16570000,Market Correction
12260,5275,2020-10-26,12620000,Initial
12261,5275,2022-11-29,13940000,Adjustment
12262,5276,09/04/2019,21480000,Initial
12263,5276,07-03-2021,23790000,Adjustment
12264,5276,2023-02-03,24780000,Adjustment
12265,5277,02-04-2018,38550000,Initial
12266,5277,09/12/2019,42990000,Adjustment
12267,5277,17-08-2021,47740000,Promotion
12268,5277,25-04-2023,51200000,Market Correction
12269,5278,27/10/2024,41690000,Initial
12270,5279,02-11-2016,23300000,Initial
12271,5279,21/06/2018,25210000,
12272,5279,07-02-2020,27370000,
12273,5279,2021-09-26,29790000,Annual Raise
12274,5279,15-05-2023,32700000,Annual Raise
12275,5280,02-04-2018,20180000,Initial
12276,5280,09-12-2019,21040000,Adjustment
12277,5280,17-08-2021,22500000,Promotion
12278,5280,25/04/2023,23880000,Promotion
12279,5281,13-01-2018,18430000,Initial
12280,5281,11/10/2019,20430000,Annual Raise
12281,5281,08/07/2021,22400000,Market Correction
12282,5281,05-04-2023,23570000,Adjustment
12283,5282,2023-08-21,14900000,Initial
12284,5283,23/10/2024,15870000,Initial
12285,5284,24-06-2022,38410000,Initial
12286,5285,2017-12-08,10350000,Initial
12287,5285,14/09/2019,11520000,Annual Raise
12288,5285,20-06-2021,12680000,Annual Raise
12289,5285,27/03/2023,13680000,Adjustment
12290,5286,31-08-2019,15930000,Initial
12291,5286,11-06-2021,16830000,Market Correction
12292,5286,2023-03-23,17780000,
12293,5287,2023-11-03,30670000,Initial
12294,5288,08/07/2015,31400000,Initial
12295,5288,04-02-2017,34130000,
12296,5288,05-09-2018,36220000,Adjustment
12297,5288,04-04-2020,39070000,Adjustment
12298,5288,03-11-2021,41990000,Adjustment
12299,5288,03-06-2023,44380000,
12300,5289,22/02/2016,37100000,Initial
12301,5289,2017-11-30,41320000,
12302,5289,2019-09-08,43750000,Promotion
12303,5289,2021-06-16,45980000,Market Correction
12304,5289,25-03-2023,48360000,Market Correction
12305,5290,2015-03-12,15540000,Initial
12306,5290,29-10-2016,16680000,Annual Raise
12307,5290,18/06/2018,17620000,Promotion
12308,5290,05-02-2020,19280000,Adjustment
12309,5290,2021-09-24,21370000,Annual Raise
12310,5290,14/05/2023,23410000,Promotion
12311,5291,04-04-2021,28530000,Initial
12312,5291,2023-02-17,29670000,Annual Raise
12313,5292,26/01/2021,43840000,Initial
12314,5292,14/01/2023,48140000,Adjustment
12315,5293,2020-08-20,20790000,Initial
12316,5293,26/10/2022,22480000,Market Correction
12317,5294,2020-12-14,44030000,Initial
12318,5294,23/12/2022,48820000,Promotion
12319,5295,08-05-2015,23120000,Initial
12320,5295,16/02/2017,25240000,Market Correction
12321,5295,28-11-2018,26800000,Promotion
12322,5295,09-09-2020,28830000,
12323,5295,2022-06-21,30510000,Market Correction
12324,5296,2015-07-14,11480000,Initial
12325,5296,09-02-2017,12540000,Promotion
12326,5296,2018-09-09,13620000,Market Correction
12327,5296,07-04-2020,14440000,Market Correction
12328,5296,05/11/2021,15380000,Annual Raise
12329,5296,04/06/2023,16900000,Promotion
12330,5297,22-06-2016,11660000,Initial
12331,5297,07/03/2018,12870000,Promotion
12332,5297,2019-11-20,13540000,Promotion
12333,5297,2021-08-04,15150000,Adjustment
12334,5297,19/04/2023,16100000,Adjustment
12335,5298,17/06/2022,20000000,Initial
12336,5299,2024-03-06,20560000,Initial
12337,5300,2019-03-28,15700000,Initial
12338,5300,08-11-2020,17470000,
12339,5300,22/06/2022,18840000,Annual Raise
12340,5301,08/11/2021,14630000,Initial
12341,5301,06-06-2023,15410000,Promotion
12342,5302,13-08-2023,34770000,Initial
12343,5303,2017-08-24,24560000,Initial
12344,5303,18/07/2019,27290000,Adjustment
12345,5304,05/08/2020,39120000,Initial
12346,5304,19/10/2022,42820000,Adjustment
12347,5305,05/09/2022,29660000,Initial
12348,5306,29/08/2018,8360000,Initial
12349,5306,30-03-2020,9310000,Market Correction
12350,5306,2021-10-30,10240000,Market Correction
12351,5306,2023-06-01,10650000,Promotion
12352,5307,26/01/2015,10810000,Initial
12353,5307,2016-09-21,11860000,Market Correction
12354,5307,2018-05-19,13150000,Promotion
12355,5307,2020-01-14,14690000,Adjustment
12356,5307,2021-09-09,15810000,Market Correction
12357,5307,07-05-2023,16640000,Adjustment
12358,5308,2018-09-26,19320000,Initial
12359,5308,20/04/2020,21010000,Adjustment
12360,5308,13-11-2021,22790000,Annual Raise
12361,5308,08-06-2023,24060000,Promotion
12362,5309,14/01/2015,33880000,Initial
12363,5309,11/09/2016,36840000,Adjustment
12364,5309,2018-05-11,40790000,Market Correction
12365,5309,08-01-2020,44910000,Adjustment
12366,5309,05-09-2021,48070000,Annual Raise
12367,5309,2023-05-05,51580000,Annual Raise
12368,5310,10-01-2016,15510000,Initial
12369,5310,26/10/2017,17280000,Annual Raise
12370,5310,13-08-2019,18070000,Market Correction
12371,5310,30-05-2021,20030000,Promotion
12372,5310,17/03/2023,21500000,
12373,5311,2017-08-28,35200000,Initial
12374,5311,2019-06-29,39370000,Market Correction
12375,5311,2021-04-30,41570000,Annual Raise
12376,5311,02/03/2023,44710000,Promotion
12377,5312,19/07/2020,7860000,Initial
12378,5313,04-12-2021,38140000,Initial
12379,5313,19/06/2023,40580000,Market Correction
12380,5314,19/03/2021,27420000,Initial
12381,5314,2023-02-09,29480000,Promotion
12382,5315,28-11-2016,20410000,Initial
12383,5315,12/07/2018,21610000,Adjustment
12384,5315,23-02-2020,22730000,Market Correction
12385,5315,06/10/2021,25010000,Market Correction
12386,5315,20-05-2023,26770000,Market Correction
12387,5316,2016-02-20,41540000,Initial
12388,5316,28/11/2017,45090000,Annual Raise
12389,5316,07-09-2019,50100000,Annual Raise
12390,5316,15-06-2021,55310000,Promotion
12391,5316,25/03/2023,57590000,Adjustment
12392,5317,23-11-2021,54420000,Initial
12393,5318,07/12/2020,33200000,Initial
12394,5318,2022-12-20,34800000,Adjustment
12395,5319,24-11-2017,17210000,Initial
12396,5319,03/09/2019,18760000,Promotion
12397,5319,2021-06-13,20780000,Promotion
12398,5319,24-03-2023,21690000,Promotion
12399,5320,2023-07-30,40890000,Initial
12400,5321,03/05/2018,37320000,Initial
12401,5321,01-01-2020,40580000,Annual Raise
12402,5321,01-09-2021,43960000,Annual Raise
12403,5321,2023-05-03,48590000,Annual Raise
12404,5322,2016-04-04,47770000,Initial
12405,5322,02/01/2018,50770000,Adjustment
12406,5322,03/10/2019,56450000,Market Correction
12407,5322,03/07/2021,59170000,Promotion
12408,5322,03/04/2023,65600000,Annual Raise
12409,5323,16-11-2022,28900000,Initial
12410,5324,31/03/2018,20340000,Initial
12411,5324,08/12/2019,22220000,Promotion
12412,5324,2021-08-16,24540000,Promotion
12413,5324,25/04/2023,26300000,Adjustment
12414,5325,05/08/2017,23900000,Initial
12415,5325,12-06-2019,24950000,Promotion
12416,5325,2021-04-19,26560000,Market Correction
12417,5325,2023-02-24,27650000,Promotion
12418,5326,26-05-2016,20660000,Initial
12419,5326,2018-02-13,22980000,Promotion
12420,5326,03/11/2019,24440000,Annual Raise
12421,5326,2021-07-24,25810000,Annual Raise
12422,5326,13-04-2023,28120000,Market Correction
12423,5327,20/09/2022,11740000,Initial
12424,5328,03/06/2015,18520000,Initial
12425,5328,06-01-2017,19500000,Promotion
12426,5328,12-08-2018,20870000,
12427,5328,18-03-2020,23340000,Promotion
12428,5328,22/10/2021,26030000,Market Correction
12429,5328,28/05/2023,28710000,Promotion
12430,5329,09/02/2024,26430000,Initial
12431,5330,19/05/2020,28030000,
12432,5330,2021-12-02,30430000,Market Correction
12433,5330,18-06-2023,31860000,Adjustment
12434,5331,23-01-2017,10930000,Initial
12435,5331,26/08/2018,11820000,Adjustment
12436,5331,2020-03-28,12450000,
12437,5331,2021-10-29,13540000,Promotion
12438,5331,2023-06-01,15140000,Promotion
12439,5332,2019-12-29,18210000,Initial
12440,5332,30/08/2021,19720000,Annual Raise
12441,5332,02-05-2023,20790000,Market Correction
12442,5333,03-09-2018,14120000,Initial
12443,5333,03-04-2020,15030000,Promotion
12444,5333,02/11/2021,15930000,Annual Raise
12445,5333,2023-06-03,17600000,Annual Raise
12446,5334,2016-02-20,15240000,Initial
12447,5334,28-11-2017,16860000,Market Correction
12448,5334,2019-09-07,17920000,Annual Raise
12449,5334,2021-06-15,18810000,Adjustment
12450,5334,25/03/2023,20660000,Promotion
12451,5335,09-02-2017,23610000,Initial
12452,5335,08/09/2018,26260000,Market Correction
12453,5335,2020-04-07,27790000,Adjustment
12454,5335,04-11-2021,30460000,Annual Raise
12455,5335,2023-06-04,32740000,Market Correction
12456,5336,2019-12-19,12000000,Initial
12457,5336,2021-08-23,12750000,Promotion
12458,5336,2023-04-28,13350000,Market Correction
12459,5337,2021-08-08,19660000,
12460,5337,21/04/2023,22000000,Market Correction
12461,5338,13-07-2016,25030000,Initial
12462,5338,23/03/2018,26570000,Promotion
12463,5338,02/12/2019,28120000,Market Correction
12464,5338,2021-08-12,30700000,Adjustment
12465,5338,2023-04-23,32340000,Annual Raise
12466,5339,20/01/2022,18130000,Initial
12467,5340,04/08/2015,17690000,Initial
12468,5340,27-02-2017,19050000,Promotion
12469,5340,23-09-2018,20620000,Adjustment
12470,5340,2020-04-18,22510000,Adjustment
12471,5340,12/11/2021,23680000,Adjustment
12472,5340,2023-06-08,25840000,Annual Raise
12473,5341,25/09/2022,33450000,Initial
12474,5342,18-05-2020,31090000,Initial
12475,5343,2016-11-01,12060000,Initial
12476,5344,23/03/2018,23790000,Initial
12477,5344,2019-12-02,25260000,Annual Raise
12478,5344,12-08-2021,27340000,Annual Raise
12479,5344,23-04-2023,28840000,Adjustment
12480,5345,11/12/2021,15320000,
12481,5345,2023-06-22,16790000,Annual Raise
12482,5346,2021-07-15,15030000,Initial
12483,5346,2023-04-09,16770000,Annual Raise
12484,5347,28/03/2024,17380000,Initial
12485,5348,17-06-2023,34720000,
12486,5349,03-01-2017,15610000,Initial
12487,5349,27-10-2018,16850000,Annual Raise
12488,5349,2020-08-19,17880000,Adjustment
12489,5350,12/03/2024,14490000,Initial
12490,5351,02/12/2015,17360000,Initial
12491,5351,07/06/2017,18640000,Adjustment
12492,5351,12-12-2018,19960000,Promotion
12493,5351,17-06-2020,21570000,Promotion
12494,5351,2021-12-22,23380000,Market Correction
12495,5351,2023-06-28,25400000,Promotion
12496,5352,11-12-2017,6280000,Initial
12497,5352,2019-09-16,6940000,Promotion
12498,5352,22/06/2021,7680000,Annual Raise
12499,5352,28/03/2023,8590000,Annual Raise
12500,5353,2019-10-09,22320000,Initial
12501,5353,07/07/2021,24340000,Promotion
12502,5353,05-04-2023,26800000,Market Correction
12503,5354,13-11-2020,26250000,Initial
12504,5354,08-12-2022,29060000,Annual Raise
12505,5355,09/05/2017,9340000,Initial
12506,5355,2018-11-18,10180000,Market Correction
12507,5355,30-05-2020,11090000,Promotion
12508,5355,10-12-2021,12020000,Promotion
12509,5355,2023-06-22,12690000,Promotion
12510,5356,11/09/2023,16480000,Initial
12511,5357,2024-05-10,13220000,Initial
12512,5358,19-06-2021,28880000,Initial
12513,5359,06-05-2024,14770000,Initial
12514,5360,28-08-2016,32310000,Initial
12515,5360,29-04-2018,34100000,Adjustment
12516,5360,30/12/2019,37030000,Annual Raise
12517,5360,2021-08-30,41090000,Promotion
12518,5360,02/05/2023,42750000,
12519,5361,24-06-2017,18520000,Initial
12520,5361,25-12-2018,20480000,Annual Raise
12521,5361,2020-06-27,22180000,Promotion
12522,5361,28/12/2021,23480000,Adjustment
12523,5361,01/07/2023,25180000,Promotion
12524,5362,2023-05-08,25180000,Initial
12525,5363,26-05-2023,14620000,Initial
12526,5364,23-03-2015,21550000,Initial
12527,5364,07-11-2016,22520000,Adjustment
12528,5364,25-06-2018,24830000,Promotion
12529,5364,11-02-2020,27680000,Market Correction
12530,5364,28-09-2021,30100000,Adjustment
12531,5364,2023-05-16,31590000,Promotion
12532,5365,30/10/2023,24030000,Initial
12533,5366,2024-07-25,24010000,Initial
12534,5367,2018-12-02,10980000,Initial
12535,5367,2020-06-09,12160000,Annual Raise
12536,5367,17/12/2021,12660000,Market Correction
12537,5367,25-06-2023,13200000,Promotion
12538,5368,2022-09-27,18290000,Initial
12539,5369,24/06/2015,21420000,Initial
12540,5369,2017-01-23,22510000,Annual Raise
12541,5369,26-08-2018,24150000,Annual Raise
12542,5369,28-03-2020,25260000,Market Correction
12543,5369,29-10-2021,27400000,Market Correction
12544,5369,01/06/2023,28640000,Promotion
12545,5370,19-05-2017,24530000,Initial
12546,5370,26-11-2018,26320000,Annual Raise
12547,5370,05-06-2020,28370000,Market Correction
12548,5370,14-12-2021,29970000,Market Correction
12549,5370,24-06-2023,32840000,Market Correction
12550,5371,26-10-2022,18830000,Initial
12551,5372,30/06/2023,14990000,Initial
12552,5373,18/09/2020,59100000,Initial
12553,5373,10/11/2022,66050000,Market Correction
12554,5374,17-12-2018,23060000,Initial
12555,5374,20/06/2020,25020000,Adjustment
12556,5374,2021-12-24,26450000,Annual Raise
12557,5374,29-06-2023,28670000,Promotion
12558,5375,10/01/2022,30890000,Initial
12559,5376,06/01/2016,26100000,Initial
12560,5376,23/10/2017,27720000,Promotion
12561,5376,2019-08-11,29260000,Annual Raise
12562,5376,28/05/2021,30500000,Adjustment
12563,5376,2023-03-16,32260000,Adjustment
12564,5377,2015-12-19,21960000,Initial
12565,5377,21/06/2017,24480000,Adjustment
12566,5377,23/12/2018,26540000,Adjustment
12567,5377,25-06-2020,29350000,Annual Raise
12568,5377,27/12/2021,30730000,Annual Raise
12569,5377,2023-06-30,32780000,Market Correction
12570,5378,23/07/2021,45440000,Initial
12571,5378,2023-04-13,48000000,Annual Raise
12572,5379,2016-02-19,14990000,Initial
12573,5379,27/11/2017,16460000,Market Correction
12574,5379,2019-09-06,18000000,Market Correction
12575,5379,2021-06-15,20140000,Adjustment
12576,5379,25/03/2023,22040000,Market Correction
12577,5380,27-05-2022,24540000,Initial
12578,5381,15-02-2020,11470000,Initial
12579,5382,06/08/2019,31150000,Initial
12580,5383,28/03/2019,14170000,Initial
12581,5383,27-02-2021,14760000,Annual Raise
12582,5383,30/01/2023,15660000,Annual Raise
12583,5384,10-11-2015,18930000,Initial
12584,5385,17/08/2018,28170000,Initial
12585,5385,2020-03-21,31340000,Adjustment
12586,5385,2021-10-24,34230000,Adjustment
12587,5385,2023-05-29,38160000,Adjustment
12588,5386,2019-08-05,19660000,Initial
12589,5386,24/05/2021,20530000,Annual Raise
12590,5386,14-03-2023,21650000,Annual Raise
12591,5387,03-06-2015,9650000,Initial
12592,5387,10-02-2017,10570000,Adjustment
12593,5387,2018-10-22,11470000,Annual Raise
12594,5387,01/07/2020,12170000,Market Correction
12595,5388,26/05/2017,51940000,Initial
12596,5389,04/07/2016,9670000,Initial
12597,5389,2018-03-16,10120000,Market Correction
12598,5389,27-11-2019,10820000,Adjustment
12599,5389,08/08/2021,11650000,Promotion
12600,5389,21-04-2023,12900000,Market Correction
12601,5390,2022-02-08,24150000,Initial
12602,5391,21-08-2021,39250000,Initial
12603,5391,27/04/2023,43770000,Promotion
12604,5392,2021-06-13,9770000,Initial
12605,5392,2023-03-24,10400000,Annual Raise
12606,5393,18-10-2022,56790000,Initial
12607,5394,22/05/2021,16220000,
12608,5394,2023-03-13,17840000,Promotion
12609,5395,18-11-2021,17900000,Initial
12610,5395,11-06-2023,19880000,Adjustment
12611,5396,2016-04-03,22460000,Initial
12612,5396,02/01/2018,24180000,Annual Raise
12613,5396,03/10/2019,26740000,Annual Raise
12614,5396,03/07/2021,29270000,Adjustment
12615,5396,2023-04-03,32440000,Annual Raise
12616,5397,2021-01-11,36070000,Initial
12617,5397,06/01/2023,39370000,Adjustment
12618,5398,2016-05-19,10280000,Initial
12619,5398,2018-02-07,11040000,Annual Raise
12620,5398,2019-10-30,12170000,Market Correction
12621,5398,2021-07-21,13500000,Market Correction
12622,5398,12/04/2023,14120000,Annual Raise
12623,5399,15-01-2024,22020000,Initial
12624,5400,30-06-2023,7550000,Initial
12625,5401,2017-04-11,17370000,Initial
12626,5401,27-10-2018,18590000,Promotion
12627,5401,13-05-2020,19370000,Annual Raise
12628,5401,29/11/2021,21360000,Adjustment
12629,5401,16/06/2023,22340000,Promotion
12630,5402,08/09/2020,50040000,Initial
12631,5402,05-11-2022,54360000,Adjustment
12632,5403,2020-09-28,31710000,Initial
12633,5403,15-11-2022,34010000,Adjustment
12634,5404,14/07/2023,50780000,Initial
12635,5405,2017-08-10,27270000,Initial
12636,5405,16-06-2019,28550000,Promotion
12637,5405,2021-04-21,31070000,Promotion
12638,5405,25/02/2023,33420000,
12639,5406,2018-11-30,13780000,Initial
12640,5406,08/06/2020,15170000,Promotion
12641,5406,16-12-2021,16950000,Annual Raise
12642,5406,25-06-2023,18580000,Adjustment
12643,5407,2017-02-02,9270000,Initial
12644,5407,03-09-2018,10020000,Promotion
12645,5407,03-04-2020,10960000,Market Correction
12646,5407,2021-11-02,11570000,Market Correction
12647,5407,03/06/2023,12680000,Adjustment
12648,5408,2023-10-31,21620000,Initial
12649,5409,02/09/2024,62810000,Initial
12650,5410,19-01-2020,19140000,Initial
12651,5410,13/09/2021,20820000,Promotion
12652,5410,09/05/2023,23000000,Adjustment
12653,5411,29/09/2015,9510000,Initial
12654,5411,05-06-2017,9950000,Adjustment
12655,5411,10/02/2019,10970000,Annual Raise
12656,5411,18/10/2020,12220000,Adjustment
12657,5411,25/06/2022,12780000,Market Correction
12658,5412,13-02-2016,15900000,Initial
12659,5412,23/11/2017,16670000,Market Correction
12660,5412,2019-09-03,18560000,Promotion
12661,5412,13/06/2021,19710000,Adjustment
12662,5412,2023-03-24,22060000,Promotion
12663,5413,2024-06-03,25100000,Initial
12664,5414,2023-01-05,15030000,Initial
12665,5415,2016-08-13,15610000,Initial
12666,5415,17-04-2018,16810000,Adjustment
12667,5415,21/12/2019,17740000,
12668,5415,2021-08-24,19540000,Annual Raise
12669,5415,2023-04-29,21300000,Annual Raise
12670,5416,2021-08-02,25180000,Initial
12671,5416,18-04-2023,27480000,Annual Raise
12672,5417,2017-11-13,18900000,Initial
12673,5417,26/08/2019,20410000,Adjustment
12674,5417,08/06/2021,21410000,Promotion
12675,5417,2023-03-21,23070000,Adjustment
12676,5418,27/12/2016,21790000,Initial
12677,5418,2018-08-04,22760000,Adjustment
12678,5418,2020-03-11,24540000,Market Correction
12679,5418,18-10-2021,26050000,Promotion
12680,5418,26/05/2023,27360000,Market Correction
12681,5419,29-01-2017,18040000,Initial
12682,5419,30/08/2018,18970000,Market Correction
12683,5419,2020-03-31,21050000,Promotion
12684,5419,2021-10-31,22340000,Market Correction
12685,5419,02/06/2023,24980000,Annual Raise
12686,5420,07/12/2016,8740000,Initial
12687,5420,2018-07-19,9530000,Promotion
12688,5420,2020-02-28,10270000,Annual Raise
12689,5420,2021-10-10,10760000,Market Correction
12690,5420,22/05/2023,11500000,Adjustment
12691,5421,26/05/2015,14910000,Initial
12692,5421,30-12-2016,15910000,Annual Raise
12693,5421,07/08/2018,16710000,Promotion
12694,5421,14-03-2020,17500000,Annual Raise
12695,5421,19-10-2021,18720000,Adjustment
12696,5421,27-05-2023,20780000,Adjustment
12697,5422,2022-09-17,12610000,Initial
12698,5423,2021-02-15,25000000,Initial
12699,5423,24-01-2023,26290000,Annual Raise
12700,5424,12/09/2016,18290000,Initial
12701,5424,11/05/2018,19980000,Market Correction
12702,5424,08-01-2020,21630000,Annual Raise
12703,5424,05/09/2021,23760000,Market Correction
12704,5424,2023-05-05,25110000,Annual Raise
12705,5425,2019-05-21,36300000,Initial
12706,5425,04-04-2021,38130000,Adjustment
12707,5425,2023-02-17,40320000,Promotion
12708,5426,2021-05-28,9170000,Initial
12709,5426,16-03-2023,9880000,Promotion
12710,5427,10/02/2015,12150000,Initial
12711,5427,04/10/2016,13350000,Promotion
12712,5427,2018-05-29,14750000,Adjustment
12713,5427,21-01-2020,16410000,Adjustment
12714,5427,14/09/2021,17850000,Adjustment
12715,5427,09/05/2023,18680000,Adjustment
12716,5428,03-09-2015,38210000,Initial
12717,5428,13-04-2017,40800000,Promotion
12718,5429,2015-04-17,7970000,Initial
12719,5429,28/11/2016,8590000,Annual Raise
12720,5429,2018-07-12,9290000,Adjustment
12721,5429,2020-02-23,9890000,Adjustment
12722,5429,06/10/2021,10600000,Market Correction
12723,5429,20/05/2023,11130000,Market Correction
12724,5430,2017-02-15,24300000,Initial
12725,5430,13-09-2018,26620000,Adjustment
12726,5430,10-04-2020,28480000,Market Correction
12727,5430,07/11/2021,31200000,Market Correction
12728,5430,05/06/2023,33900000,Annual Raise
12729,5431,18-10-2016,17700000,Initial
12730,5431,09-06-2018,18950000,Annual Raise
12731,5431,29/01/2020,19980000,Promotion
12732,5431,2021-09-20,21060000,Market Correction
12733,5431,12/05/2023,23010000,Promotion
12734,5432,08-05-2021,20280000,Initial
12735,5432,2023-01-09,22270000,Annual Raise
12736,5433,2020-07-23,24630000,Initial
12737,5434,19/07/2018,17540000,Initial
12738,5434,2020-02-28,18310000,Adjustment
12739,5434,10/10/2021,20430000,Adjustment
12740,5434,22-05-2023,22040000,Market Correction
12741,5435,20-11-2023,30710000,Initial
12742,5436,25/04/2020,24140000,Initial
12743,5436,16/11/2021,25300000,Market Correction
12744,5436,2023-06-10,27420000,Promotion
12745,5437,2019-07-26,13970000,Initial
12746,5438,2024-08-10,24530000,Initial
12747,5439,16-01-2016,13110000,Initial
12748,5439,2017-10-31,14140000,Market Correction
12749,5439,17-08-2019,15640000,Adjustment
12750,5439,01/06/2021,16980000,Adjustment
12751,5439,2023-03-18,18980000,Annual Raise
12752,5440,29-05-2017,28010000,Initial
12753,5440,04/12/2018,30120000,Annual Raise
12754,5440,11/06/2020,32600000,Market Correction
12755,5440,2021-12-18,35610000,Annual Raise
12756,5440,2023-06-26,39230000,Adjustment
12757,5441,2023-03-20,14960000,Initial
12758,5442,03/06/2018,18730000,Initial
12759,5442,25-01-2020,20700000,Market Correction
12760,5442,17-09-2021,23160000,Annual Raise
12761,5442,11-05-2023,24460000,Annual Raise
12762,5443,27-11-2024,17990000,Initial
12763,5444,20-09-2019,27210000,Initial
12764,5444,24-06-2021,30270000,Adjustment
12765,5444,29/03/2023,32760000,Promotion
12766,5445,18/06/2016,15350000,Initial
12767,5445,03/03/2018,16240000,
12768,5445,17/11/2019,17950000,Annual Raise
12769,5445,02-08-2021,20100000,Promotion
12770,5445,18-04-2023,21810000,Promotion
12771,5446,28/01/2023,28580000,Initial
12772,5447,2024-04-11,22690000,Initial
12773,5448,2019-04-15,28650000,Initial
12774,5449,02-08-2018,19640000,Initial
12775,5449,10-03-2020,21120000,Market Correction
12776,5449,17/10/2021,23440000,Market Correction
12777,5449,26/05/2023,24520000,Annual Raise
12778,5450,30-11-2016,6030000,Initial
12779,5450,13-07-2018,6360000,Annual Raise
12780,5450,24-02-2020,6720000,Promotion
12781,5450,07-10-2021,7390000,Adjustment
12782,5450,21-05-2023,8220000,Market Correction
12783,5451,2023-03-20,18650000,Initial
12784,5452,2020-05-15,21310000,Initial
12785,5452,2021-11-30,23000000,Market Correction
12786,5452,2023-06-17,24530000,Annual Raise
12787,5453,2017-05-26,18410000,Initial
12788,5453,02-12-2018,20620000,Promotion
12789,5453,2020-06-09,22560000,Promotion
12790,5453,17-12-2021,24890000,Annual Raise
12791,5453,25/06/2023,26830000,Market Correction
12792,5454,2018-07-01,15810000,Initial
12793,5454,15/02/2020,17260000,Adjustment
12794,5454,2021-10-01,19240000,Market Correction
12795,5454,18-05-2023,20690000,Annual Raise
12796,5455,01/12/2019,10590000,Initial
12797,5455,11-08-2021,11480000,
12798,5455,22-04-2023,12220000,Promotion
12799,5456,2021-05-31,22250000,Initial
12800,5457,18-12-2015,25470000,Initial
12801,5457,2017-06-20,28210000,Market Correction
12802,5457,22-12-2018,29520000,Promotion
12803,5457,2020-06-25,31980000,Market Correction
12804,5457,2021-12-27,33910000,Annual Raise
12805,5457,2023-06-30,36770000,Adjustment
12806,5458,29/05/2019,17110000,Initial
12807,5458,09-04-2021,19010000,Market Correction
12808,5458,2023-02-19,21230000,Annual Raise
12809,5459,23-10-2023,5560000,Initial
12810,5460,2020-09-19,21430000,Initial
12811,5460,10-11-2022,23550000,Promotion
12812,5461,27/08/2020,11410000,
12813,5462,28/07/2018,24150000,Initial
12814,5462,06-03-2020,26970000,Promotion
12815,5462,14-10-2021,28480000,Market Correction
12816,5462,2023-05-24,31850000,Adjustment
12817,5463,19-11-2016,11870000,Initial
12818,5464,12/09/2022,29520000,Initial
12819,5465,08/09/2018,17850000,Initial
12820,5466,16/03/2015,44480000,Initial
12821,5466,01/11/2016,46450000,Promotion
12822,5466,2018-06-21,51710000,Adjustment
12823,5466,07/02/2020,55890000,Market Correction
12824,5466,26/09/2021,60820000,Annual Raise
12825,5466,15-05-2023,63410000,Adjustment
12826,5467,05-05-2023,13990000,Initial
12827,5468,2021-11-12,21760000,Initial
12828,5469,11/05/2016,21960000,Initial
12829,5469,2018-02-01,24400000,Promotion
12830,5469,25-10-2019,25830000,Market Correction
12831,5469,18-07-2021,27090000,Market Correction
12832,5469,2023-04-10,30190000,Promotion
12833,5470,2021-07-02,20990000,Initial
12834,5470,2023-04-02,22640000,Annual Raise
12835,5471,14-03-2024,41460000,Initial
12836,5472,2023-04-28,24730000,Initial
12837,5473,2023-04-20,37880000,Initial
12838,5474,14/05/2018,33070000,Initial
12839,5474,2020-01-10,36670000,Annual Raise
12840,5474,2021-09-07,39600000,
12841,5474,06-05-2023,42000000,Market Correction
12842,5475,20/05/2020,28160000,Initial
12843,5475,03-12-2021,29930000,Promotion
12844,5475,2023-06-18,32080000,Market Correction
12845,5476,05/04/2015,15990000,Initial
12846,5476,2016-11-18,17690000,Adjustment
12847,5476,2018-07-04,19390000,Adjustment
12848,5476,2020-02-17,20320000,Adjustment
12849,5476,2021-10-02,22110000,Adjustment
12850,5476,18/05/2023,24270000,
12851,5477,17/10/2017,17440000,Initial
12852,5477,06-08-2019,18770000,Adjustment
12853,5477,2021-05-25,20490000,Adjustment
12854,5477,14-03-2023,22620000,Adjustment
12855,5478,2019-12-31,27500000,Initial
12856,5478,31/08/2021,30630000,Annual Raise
12857,5478,02-05-2023,32210000,Annual Raise
12858,5479,27-07-2018,17740000,Initial
12859,5479,2020-02-11,19620000,Market Correction
12860,5479,28-08-2021,21840000,Market Correction
12861,5480,07/07/2023,65270000,
12862,5481,13/02/2017,12720000,Initial
12863,5481,2018-09-11,13830000,Promotion
12864,5481,2020-04-09,15360000,Market Correction
12865,5481,06/11/2021,16870000,Promotion
12866,5481,05-06-2023,18530000,Market Correction
12867,5482,2017-04-13,18280000,Initial
12868,5482,29-10-2018,19030000,Adjustment
12869,5482,2020-05-15,20800000,Adjustment
12870,5482,30-11-2021,22300000,Promotion
12871,5482,17-06-2023,23820000,Adjustment
12872,5483,03-05-2015,10030000,Initial
12873,5483,2016-12-11,10740000,Market Correction
12874,5483,2018-07-23,11310000,Adjustment
12875,5483,02/03/2020,11780000,
12876,5483,12-10-2021,12900000,Market Correction
12877,5483,23/05/2023,14430000,Annual Raise
12878,5484,2018-03-06,23100000,Initial
12879,5484,2019-11-19,25830000,Adjustment
12880,5484,2021-08-03,28460000,Promotion
12881,5484,2023-04-18,31120000,Adjustment
12882,5485,05-11-2019,27620000,Initial
12883,5485,25-07-2021,28890000,
12884,5485,14-04-2023,32110000,Adjustment
12885,5486,2021-03-04,28040000,Initial
12886,5487,2022-09-21,20280000,Initial
12887,5488,09-09-2021,24970000,Initial
12888,5488,2023-05-07,27230000,Annual Raise
12889,5489,2019-05-21,19110000,Initial
12890,5489,12-02-2021,20630000,Market Correction
12891,5490,2020-07-28,11910000,Initial
12892,5490,2022-10-15,13150000,Market Correction
12893,5491,20/07/2017,57850000,Initial
12894,5491,31/05/2019,60250000,Adjustment
12895,5491,2021-04-11,63260000,Adjustment
12896,5491,2023-02-20,68050000,Market Correction
12897,5492,13/08/2019,44900000,Initial
12898,5492,30/05/2021,49270000,Promotion
12899,5492,2023-03-17,52340000,Market Correction
12900,5493,13/03/2015,16880000,Initial
12901,5494,2021-03-09,38770000,Initial
12902,5494,2023-02-04,40400000,Adjustment
12903,5495,12-10-2015,10670000,Initial
12904,5495,2017-04-25,11760000,Market Correction
12905,5495,08/11/2018,12410000,Annual Raise
12906,5495,22/05/2020,13900000,Market Correction
12907,5495,2021-12-05,15240000,Market Correction
12908,5495,19/06/2023,16710000,Adjustment
12909,5496,01-05-2021,11980000,Initial
12910,5497,2020-03-18,18150000,Initial
12911,5497,22/10/2021,19180000,Promotion
12912,5497,28-05-2023,20280000,Adjustment
12913,5498,31/07/2019,14640000,Initial
12914,5499,21/02/2020,46700000,Initial
12915,5500,2017-04-01,15390000,Initial
12916,5500,19-10-2018,17150000,Annual Raise
12917,5500,2020-05-07,19130000,Market Correction
12918,5500,2021-11-25,20590000,Promotion
12919,5500,2023-06-14,21940000,Annual Raise
